tag,twin,world,tier,protocol,config,fold,experiment,ckpt_id,family,seed,cohorts,source,cluster,reward,energy_penalty,qos_penalty,switch_penalty,cooldown_penalty,energy_wh,energy_wh_steady,qos_violation_rate,delay_violation_rate,loss_violation_rate,qscore_below_tau_rate,usr_share,switches,switches_per_cluster_day,n_budget_violations,severity_mean,severity_max,q_shortfall_mean,seconds
main,v040,LOLO-nes-f1,secondary,LOLO,nested,1,A,Shared-PPO|wcnc2027_ablation/shared_ppo_seed77/mappo_best.pt,Shared-PPO,77,R,wcnc2027_ablation 2026-09-14 (supplementary ablation),all,-6359.135247779347,4734.058361864403,1569.937346714943,5.7645392,49.375,2004.5884661159032,2003.147331315903,0.006739345887016849,0.0046580773042616454,0.0020812685827552033,0.006640237859266601,0.08751238850346878,304,2.892368681863231,68,5.573550763906437,257.4980616044213,0.8688427973022737,0.26
main,v040,LOLO-nes-f1,secondary,LOLO,nested,1,A,Shared-PPO|wcnc2027_ablation/shared_ppo_seed77/mappo_best.pt,Shared-PPO,77,R,wcnc2027_ablation 2026-09-14 (supplementary ablation),0,-975.4674984135356,935.8030620135354,27.0,1.2894364,11.375,188.08486874393913,187.76250964393913,0.0009910802775024777,0.0,0.0009910802775024777,0.0009910802775024777,0.22893954410307235,68,6.469772051536175,1,1.6678728435509498,1.6678728435509498,1.0,0.26
main,v040,LOLO-nes-f1,secondary,LOLO,nested,1,A,Shared-PPO|wcnc2027_ablation/shared_ppo_seed77/mappo_best.pt,Shared-PPO,77,R,wcnc2027_ablation 2026-09-14 (supplementary ablation),1,-626.7398328897538,542.8385284546375,76.47988783511619,0.7964166,6.625,197.43715352741944,197.23804937741943,0.002973240832507433,0.0,0.002973240832507433,0.002973240832507433,0.12388503468780972,42,3.9960356788899905,3,1.2384169620826768,1.6678728435509498,0.949776531501291,0.26
main,v040,LOLO-nes-f1,secondary,LOLO,nested,1,A,Shared-PPO|wcnc2027_ablation/shared_ppo_seed77/mappo_best.pt,Shared-PPO,77,R,wcnc2027_ablation 2026-09-14 (supplementary ablation),2,-361.1493268997608,281.8098160646446,76.8998878351162,0.189623,2.25,206.94860043788884,206.90119468788885,0.002973240832507433,0.0,0.002973240832507433,0.002973240832507433,0.006937561942517344,10,0.9514370664023787,3,1.336692437628842,1.6678728435509498,0.9544431981679576,0.26
main,v040,LOLO-nes-f1,secondary,LOLO,nested,1,A,Shared-PPO|wcnc2027_ablation/shared_ppo_seed77/mappo_best.pt,Shared-PPO,77,R,wcnc2027_ablation 2026-09-14 (supplementary ablation),3,-164.8433877217286,137.8433877217286,27.0,0.0,0.0,207.34821457438574,207.34821457438574,0.0009910802775024777,0.0009910802775024777,0.0,0.0009910802775024777,0.0,0,0.0,1,4.847787108941211,4.847787108941211,1.0,0.26
main,v040,LOLO-nes-f1,secondary,LOLO,nested,1,A,Shared-PPO|wcnc2027_ablation/shared_ppo_seed77/mappo_best.pt,Shared-PPO,77,R,wcnc2027_ablation 2026-09-14 (supplementary ablation),4,-747.289617977007,643.8971995067747,98.95977567023239,0.6826428,3.75,193.56375825131852,193.3930975513185,0.003964321110009911,0.0,0.003964321110009911,0.003964321110009911,0.1506442021803766,36,3.4251734390485633,4,1.2586012190274114,1.6678728435509498,0.9246647972519366,0.26
main,v040,LOLO-nes-f1,secondary,LOLO,nested,1,A,Shared-PPO|wcnc2027_ablation/shared_ppo_seed77/mappo_best.pt,Shared-PPO,77,R,wcnc2027_ablation 2026-09-14 (supplementary ablation),5,-421.16930342389503,389.67628362389496,27.0,0.4930198,4.0,203.3352555673659,203.21200061736585,0.0009910802775024777,0.0,0.0009910802775024777,0.0009910802775024777,0.061446977205153616,26,2.4737363726461843,1,1.6678728435509498,1.6678728435509498,1.0,0.26
main,v040,LOLO-nes-f1,secondary,LOLO,nested,1,A,Shared-PPO|wcnc2027_ablation/shared_ppo_seed77/mappo_best.pt,Shared-PPO,77,R,wcnc2027_ablation 2026-09-14 (supplementary ablation),6,-822.7197708326172,715.1915201272686,94.43966350534859,1.2135872,11.875,196.0481166484911,195.74471984849106,0.004955401387512388,0.0,0.004955401387512388,0.003964321110009911,0.14172447968285432,64,6.089197224975224,5,52.0192231427979,257.4980616044213,0.7196108219136269,0.26
main,v040,LOLO-nes-f1,secondary,LOLO,nested,1,A,Shared-PPO|wcnc2027_ablation/shared_ppo_seed77/mappo_best.pt,Shared-PPO,77,R,wcnc2027_ablation 2026-09-14 (supplementary ablation),7,-717.4011141596916,630.2184713596916,81.0,0.6826428,5.5,199.21946361999704,199.04880291999706,0.002973240832507433,0.0,0.002973240832507433,0.002973240832507433,0.1278493557978196,36,3.4251734390485633,3,1.6048735206445344,1.6678728435509498,1.0,0.26
main,v040,LOLO-nes-f1,secondary,LOLO,nested,1,A,Shared-PPO|wcnc2027_ablation/shared_ppo_seed77/mappo_best.pt,Shared-PPO,77,R,wcnc2027_ablation 2026-09-14 (supplementary ablation),8,-402.70985327964,375.81279484452386,22.479887835116195,0.4171706,4.0,205.14742035154404,205.04312770154405,0.0009910802775024777,0.0,0.0009910802775024777,0.0009910802775024777,0.03369672943508424,22,2.093161546085233,1,0.8493295945038731,0.8493295945038731,0.8493295945038731,0.26
main,v040,LOLO-nes-f1,secondary,LOLO,nested,1,A,Shared-PPO|wcnc2027_ablation/shared_ppo_seed77/mappo_best.pt,Shared-PPO,77,R,wcnc2027_ablation 2026-09-14 (supplementary ablation),9,-1119.6455421817172,80.9672981477038,1038.6782440340135,0.0,0.0,207.45561439355367,207.45561439355367,0.04558969276511397,0.04558969276511397,0.0,0.04558969276511397,0.0,0,0.0,46,2.0064808739983353,4.847787108941211,0.8526653942275458,0.26
main,v040,LOLO-nes-f1,secondary,LOLO,nested,1,A,MAPPO|wcnc2027_ablation/mappo_seed99/mappo_best.pt,MAPPO,99,R,wcnc2027_ablation 2026-09-14,all,-6220.201435286797,4729.771607806971,1439.4574588798268,5.3473686,45.625,2003.4997793480989,2002.162937198099,0.00624380574826561,0.0046580773042616454,0.0015857284440039642,0.006144697720515362,0.08186323092170465,282,2.683052527254708,63,5.896517952014762,257.4980616044213,0.8608250892389006,0.27
main,v040,LOLO-nes-f1,secondary,LOLO,nested,1,A,MAPPO|wcnc2027_ablation/mappo_seed99/mappo_best.pt,MAPPO,99,R,wcnc2027_ablation 2026-09-14,0,-946.1568848753261,936.0570714753261,0.0,1.0998134,9.0,188.07424657727918,187.79929322727918,0.0,0.0,0.0,0.0,0.2180376610505451,58,5.518334985133796,0,0.0,0.0,0.0,0.27
main,v040,LOLO-nes-f1,secondary,LOLO,nested,1,A,MAPPO|wcnc2027_ablation/mappo_seed99/mappo_best.pt,MAPPO,99,R,wcnc2027_ablation 2026-09-14,1,-604.2238884157061,542.6774718157061,54.0,0.7964166,6.75,197.27599965161141,197.07689550161143,0.0019821605550049554,0.0,0.0019821605550049554,0.0019821605550049554,0.11000991080277503,42,3.9960356788899905,2,1.4329606458720787,1.6678728435509498,1.0,0.27
main,v040,LOLO-nes-f1,secondary,LOLO,nested,1,A,MAPPO|wcnc2027_ablation/mappo_seed99/mappo_best.pt,MAPPO,99,R,wcnc2027_ablation 2026-09-14,2,-334.6433789370685,282.59179270195233,49.8998878351162,0.1516984,2.0,206.9419510664513,206.90402646645128,0.0019821605550049554,0.0,0.0019821605550049554,0.0019821605550049554,0.003964321110009911,8,0.761149653121903,2,1.1711022346677882,1.4788748748317033,0.9316647972519366,0.27
main,v040,LOLO-nes-f1,secondary,LOLO,nested,1,A,MAPPO|wcnc2027_ablation/mappo_seed99/mappo_best.pt,MAPPO,99,R,wcnc2027_ablation 2026-09-14,3,-164.8433877217286,137.8433877217286,27.0,0.0,0.0,207.34821457438574,207.34821457438574,0.0009910802775024777,0.0009910802775024777,0.0,0.0009910802775024777,0.0,0,0.0,1,4.847787108941211,4.847787108941211,1.0,0.27
main,v040,LOLO-nes-f1,secondary,LOLO,nested,1,A,MAPPO|wcnc2027_ablation/mappo_seed99/mappo_best.pt,MAPPO,99,R,wcnc2027_ablation 2026-09-14,4,-746.3840944543606,641.7037513841282,98.95977567023239,0.7205674,5.0,193.2176863940668,193.0375445440668,0.003964321110009911,0.0,0.003964321110009911,0.003964321110009911,0.14965312190287414,38,3.615460852329039,4,1.2586012190274114,1.6678728435509498,0.9246647972519366,0.27
main,v040,LOLO-nes-f1,secondary,LOLO,nested,1,A,MAPPO|wcnc2027_ablation/mappo_seed99/mappo_best.pt,MAPPO,99,R,wcnc2027_ablation 2026-09-14,5,-392.35709478018555,390.5536979801855,0.0,0.3033968,1.5,203.2741233745694,203.19827417456938,0.0,0.0,0.0,0.0,0.05054509415262636,16,1.522299306243806,0,0.0,0.0,0.0,0.27
main,v040,LOLO-nes-f1,secondary,LOLO,nested,1,A,MAPPO|wcnc2027_ablation/mappo_seed99/mappo_best.pt,MAPPO,99,R,wcnc2027_ablation 2026-09-14,6,-821.5067602097604,714.3914341044117,94.43966350534859,1.1756626000000001,11.5,195.9339454206575,195.6400297706575,0.004955401387512388,0.0,0.004955401387512388,0.003964321110009911,0.13577799801783944,62,5.898909811694748,5,52.0192231427979,257.4980616044213,0.7196108219136269,0.27
main,v040,LOLO-nes-f1,secondary,LOLO,nested,1,A,MAPPO|wcnc2027_ablation/mappo_seed99/mappo_best.pt,MAPPO,99,R,wcnc2027_ablation 2026-09-14,7,-688.1739605616903,628.2413177616902,54.0,0.6826428,5.25,198.849235908777,198.678575208777,0.0019821605550049554,0.0,0.0019821605550049554,0.0019821605550049554,0.12091179385530228,36,3.4251734390485633,2,1.5733738591913267,1.6678728435509498,1.0,0.27
main,v040,LOLO-nes-f1,secondary,LOLO,nested,1,A,MAPPO|wcnc2027_ablation/mappo_seed99/mappo_best.pt,MAPPO,99,R,wcnc2027_ablation 2026-09-14,8,-402.2664431492541,374.74438471413794,22.479887835116195,0.41717060000000006,4.625,205.12876198674712,205.02446933674713,0.0009910802775024777,0.0,0.0009910802775024777,0.0009910802775024777,0.02973240832507433,22,2.093161546085233,1,0.8493295945038731,0.8493295945038731,0.8493295945038731,0.27
main,v040,LOLO-nes-f1,secondary,LOLO,nested,1,A,MAPPO|wcnc2027_ablation/mappo_seed99/mappo_best.pt,MAPPO,99,R,wcnc2027_ablation 2026-09-14,9,-1119.6455421817172,80.9672981477038,1038.6782440340135,0.0,0.0,207.45561439355367,207.45561439355367,0.04558969276511397,0.04558969276511397,0.0,0.04558969276511397,0.0,0,0.0,46,2.0064808739983353,4.847787108941211,0.8526653942275458,0.27
main,v040,LOLO-nes-f1,secondary,LOLO,nested,1,A,Centralized PPO|wcnc2027_ablation/central_seed99/ppo_multi_site.zip,Centralized PPO,99,R,wcnc2027_ablation 2026-09-14,all,-16385.768139810843,6136.72919086083,10218.132715150015,3.9062338000000003,27.0,2230.638592502927,2229.662034052927,0.042120911793855305,0.008325074331020813,0.03746283448959366,0.040931615460852326,0.1174430128840436,205,1.9504459861248762,425,109.82993969361293,2438.3091422736807,0.9000122535317929,0.71
main,v040,LOLO-nes-f1,secondary,LOLO,nested,1,A,Centralized PPO|wcnc2027_ablation/central_seed99/ppo_multi_site.zip,Centralized PPO,99,R,wcnc2027_ablation 2026-09-14,0,-4702.178267631955,1164.7758062461248,3519.2183067858296,1.9341546,16.25,271.755877337556,271.27233868755593,0.14370664023785926,0.002973240832507433,0.14370664023785926,0.14073339940535184,0.7750247770069376,101,9.609514370664025,145,20.480849706428607,1761.8554311896871,0.9079825715243485,0.71
main,v040,LOLO-nes-f1,secondary,LOLO,nested,1,A,Centralized PPO|wcnc2027_ablation/central_seed99/ppo_multi_site.zip,Centralized PPO,99,R,wcnc2027_ablation 2026-09-14,1,-868.3855788203986,868.3855788203986,0.0,0.0,0.0,206.8943170606997,206.8943170606997,0.0,0.0,0.0,0.0,0.0,0,0.0,0,0.0,0.0,0.0,0.71
main,v040,LOLO-nes-f1,secondary,LOLO,nested,1,A,Centralized PPO|wcnc2027_ablation/central_seed99/ppo_multi_site.zip,Centralized PPO,99,R,wcnc2027_ablation 2026-09-14,2,-285.2059472554327,285.2059472554327,0.0,0.0,0.0,207.0872598572126,207.0872598572126,0.0,0.0,0.0,0.0,0.0,0,0.0,0,0.0,0.0,0.0,0.71
main,v040,LOLO-nes-f1,secondary,LOLO,nested,1,A,Centralized PPO|wcnc2027_ablation/central_seed99/ppo_multi_site.zip,Centralized PPO,99,R,wcnc2027_ablation 2026-09-14,3,-164.8433877217286,137.8433877217286,27.0,0.0,0.0,207.34821457438574,207.34821457438574,0.0009910802775024777,0.0009910802775024777,0.0,0.0009910802775024777,0.0,0,0.0,1,4.847787108941211,4.847787108941211,1.0,0.71
main,v040,LOLO-nes-f1,secondary,LOLO,nested,1,A,Centralized PPO|wcnc2027_ablation/central_seed99/ppo_multi_site.zip,Centralized PPO,99,R,wcnc2027_ablation 2026-09-14,4,-1717.9690004716804,968.7702747907508,747.2591026809296,0.18962299999999999,1.75,219.77474869520643,219.72734294520643,0.028741328047571853,0.010901883052527254,0.028741328047571853,0.028741328047571853,0.023785926660059464,10,0.9514370664023787,29,404.9527796225312,1761.8554311896871,0.9589185088286548,0.71
main,v040,LOLO-nes-f1,secondary,LOLO,nested,1,A,Centralized PPO|wcnc2027_ablation/central_seed99/ppo_multi_site.zip,Centralized PPO,99,R,wcnc2027_ablation 2026-09-14,5,-443.071995704485,443.071995704485,0.0,0.0,0.0,206.9825265635951,206.9825265635951,0.0,0.0,0.0,0.0,0.0,0,0.0,0,0.0,0.0,0.0,0.71
main,v040,LOLO-nes-f1,secondary,LOLO,nested,1,A,Centralized PPO|wcnc2027_ablation/central_seed99/ppo_multi_site.zip,Centralized PPO,99,R,wcnc2027_ablation 2026-09-14,6,-955.826601228809,955.826601228809,0.0,0.0,0.0,206.81079593536742,206.81079593536742,0.0,0.0,0.0,0.0,0.0,0,0.0,0,0.0,0.0,0.0,0.71
main,v040,LOLO-nes-f1,secondary,LOLO,nested,1,A,Centralized PPO|wcnc2027_ablation/central_seed99/ppo_multi_site.zip,Centralized PPO,99,R,wcnc2027_ablation 2026-09-14,7,-2808.3320632700334,769.3713764302692,2029.095401239764,1.3652856,8.5,237.47386761165774,237.13254621165777,0.08622398414271557,0.0019821605550049554,0.08622398414271557,0.08126858275520317,0.18830525272547077,72,6.850346878097127,87,43.092412769312126,1761.8554311896871,0.8745613793671422,0.71
main,v040,LOLO-nes-f1,secondary,LOLO,nested,1,A,Centralized PPO|wcnc2027_ablation/central_seed99/ppo_multi_site.zip,Centralized PPO,99,R,wcnc2027_ablation 2026-09-14,8,-3320.309755524606,462.5109245151274,2856.8816604094786,0.4171706,0.5,259.05537047369273,258.9510778236927,0.1159563924677899,0.02081268582755203,0.1159563924677899,0.11199207135777998,0.18731417244796827,22,2.093161546085233,117,240.32636525689682,2438.3091422736807,0.9122192306371112,0.71
main,v040,LOLO-nes-f1,secondary,LOLO,nested,1,A,Centralized PPO|wcnc2027_ablation/central_seed99/ppo_multi_site.zip,Centralized PPO,99,R,wcnc2027_ablation 2026-09-14,9,-1119.6455421817172,80.9672981477038,1038.6782440340135,0.0,0.0,207.45561439355367,207.45561439355367,0.04558969276511397,0.04558969276511397,0.0,0.04558969276511397,0.0,0,0.0,46,2.0064808739983353,4.847787108941211,0.8526653942275458,0.71
main,v040,LOLO-nes-f1,secondary,LOLO,nested,1,A,Shared-PPO|wcnc2027_ablation/shared_ppo_seed99/mappo_best.pt,Shared-PPO,99,R,wcnc2027_ablation 2026-09-14 (supplementary ablation),all,-6349.756031893805,4714.916367473513,1556.3770102202916,6.7126542,71.75,2002.3442683329556,2000.6661047829557,0.006739345887016849,0.0046580773042616454,0.0020812685827552033,0.006640237859266601,0.08830525272547077,354,3.36808721506442,68,5.537438561742595,257.4980616044213,0.8621955735303857,0.27
main,v040,LOLO-nes-f1,secondary,LOLO,nested,1,A,Shared-PPO|wcnc2027_ablation/shared_ppo_seed99/mappo_best.pt,Shared-PPO,99,R,wcnc2027_ablation 2026-09-14 (supplementary ablation),0,-949.1729084232898,930.1179998232897,0.0,1.5549086,17.5,187.49859820169894,187.10987105169895,0.0,0.0,0.0,0.0,0.2358771060455897,82,7.801783944499505,0,0.0,0.0,0.0,0.27
main,v040,LOLO-nes-f1,secondary,LOLO,nested,1,A,Shared-PPO|wcnc2027_ablation/shared_ppo_seed99/mappo_best.pt,Shared-PPO,99,R,wcnc2027_ablation 2026-09-14 (supplementary ablation),1,-628.7520447888917,540.8240419537756,76.47988783511619,0.948115,10.5,197.08434776602368,196.84731901602368,0.002973240832507433,0.0,0.002973240832507433,0.002973240832507433,0.1199207135777998,50,4.757185332011893,3,1.2384169620826768,1.6678728435509498,0.949776531501291,0.27
main,v040,LOLO-nes-f1,secondary,LOLO,nested,1,A,Shared-PPO|wcnc2027_ablation/shared_ppo_seed99/mappo_best.pt,Shared-PPO,99,R,wcnc2027_ablation 2026-09-14 (supplementary ablation),2,-334.18846668370793,281.31103124859175,49.8998878351162,0.22754760000000002,2.75,206.84408659575274,206.78719969575275,0.0019821605550049554,0.0,0.0019821605550049554,0.0019821605550049554,0.007928642220019821,12,1.1417244796828543,2,1.1711022346677882,1.4788748748317033,0.9316647972519366,0.27
main,v040,LOLO-nes-f1,secondary,LOLO,nested,1,A,Shared-PPO|wcnc2027_ablation/shared_ppo_seed99/mappo_best.pt,Shared-PPO,99,R,wcnc2027_ablation 2026-09-14 (supplementary ablation),3,-164.8433877217286,137.8433877217286,27.0,0.0,0.0,207.34821457438574,207.34821457438574,0.0009910802775024777,0.0009910802775024777,0.0,0.0009910802775024777,0.0,0,0.0,1,4.847787108941211,4.847787108941211,1.0,0.27
main,v040,LOLO-nes-f1,secondary,LOLO,nested,1,A,Shared-PPO|wcnc2027_ablation/shared_ppo_seed99/mappo_best.pt,Shared-PPO,99,R,wcnc2027_ablation 2026-09-14 (supplementary ablation),4,-748.042806251771,641.5366139815387,98.95977567023239,0.7964166,6.75,193.26770333787982,193.06859918787978,0.003964321110009911,0.0,0.003964321110009911,0.003964321110009911,0.14866204162537167,42,3.9960356788899905,4,1.2586012190274114,1.6678728435509498,0.9246647972519366,0.27
main,v040,LOLO-nes-f1,secondary,LOLO,nested,1,A,Shared-PPO|wcnc2027_ablation/shared_ppo_seed99/mappo_best.pt,Shared-PPO,99,R,wcnc2027_ablation 2026-09-14 (supplementary ablation),5,-444.51272396888055,388.9639671337643,49.479887835116195,0.5688690000000001,5.5,203.30187824982744,203.15966099982745,0.0019821605550049554,0.0,0.0019821605550049554,0.0019821605550049554,0.062438057482656094,30,2.8543111992071357,2,1.2586012190274114,1.6678728435509498,0.9246647972519366,0.27
main,v040,LOLO-nes-f1,secondary,LOLO,nested,1,A,Shared-PPO|wcnc2027_ablation/shared_ppo_seed99/mappo_best.pt,Shared-PPO,99,R,wcnc2027_ablation 2026-09-14 (supplementary ablation),6,-822.5317032416768,711.5146787363283,94.43966350534859,1.327361,15.25,195.5619389156305,195.23009866563046,0.004955401387512388,0.0,0.004955401387512388,0.003964321110009911,0.14172447968285432,70,6.6600594648166505,5,52.0192231427979,257.4980616044213,0.7196108219136269,0.27
main,v040,LOLO-nes-f1,secondary,LOLO,nested,1,A,Shared-PPO|wcnc2027_ablation/shared_ppo_seed99/mappo_best.pt,Shared-PPO,99,R,wcnc2027_ablation 2026-09-14 (supplementary ablation),7,-713.2372771862197,628.0859727511034,76.47988783511619,0.7964166,7.875,198.94170415254894,198.7426000025489,0.002973240832507433,0.0,0.002973240832507433,0.002973240832507433,0.13082259663032705,42,3.9960356788899905,3,1.3320257709621754,1.6678728435509498,0.949776531501291,0.27
main,v040,LOLO-nes-f1,secondary,LOLO,nested,1,A,Shared-PPO|wcnc2027_ablation/shared_ppo_seed99/mappo_best.pt,Shared-PPO,99,R,wcnc2027_ablation 2026-09-14 (supplementary ablation),8,-424.82917144592136,373.7513759756889,44.95977567023239,0.4930198,5.625,205.04018214565437,204.91692719565438,0.0019821605550049554,0.0,0.0019821605550049554,0.0019821605550049554,0.035678889990089196,26,2.4737363726461843,2,0.8493295945038731,0.8493295945038731,0.8493295945038731,0.27
main,v040,LOLO-nes-f1,secondary,LOLO,nested,1,A,Shared-PPO|wcnc2027_ablation/shared_ppo_seed99/mappo_best.pt,Shared-PPO,99,R,wcnc2027_ablation 2026-09-14 (supplementary ablation),9,-1119.6455421817172,80.9672981477038,1038.6782440340135,0.0,0.0,207.45561439355367,207.45561439355367,0.04558969276511397,0.04558969276511397,0.0,0.04558969276511397,0.0,0,0.0,46,2.0064808739983353,4.847787108941211,0.8526653942275458,0.27
main,v040,LOLO-nes-f1,secondary,LOLO,nested,1,A,MAPPO|mappo_seed1_20260517T110908/mappo_best.pt,MAPPO,1,P,"May 2026, pre-781c90c reward",all,-6146.535610386602,4754.192858306775,1331.4574588798266,5.3852932,55.5,2005.7683633267957,2004.422040026796,0.005847373637264618,0.0046580773042616454,0.0011892963330029733,0.005748265609514371,0.06858275520317146,284,2.7020812685827553,59,6.189612466782453,257.4980616044213,0.8513895020686565,0.26
main,v040,LOLO-nes-f1,secondary,LOLO,nested,1,A,MAPPO|mappo_seed1_20260517T110908/mappo_best.pt,MAPPO,1,P,"May 2026, pre-781c90c reward",0,-952.2408903344948,941.5540015344948,0.0,1.0618888000000002,9.625,188.61318221381873,188.3477100138187,0.0,0.0,0.0,0.0,0.1863230921704658,56,5.32804757185332,0,0.0,0.0,0.0,0.26
main,v040,LOLO-nes-f1,secondary,LOLO,nested,1,A,MAPPO|mappo_seed1_20260517T110908/mappo_best.pt,MAPPO,1,P,"May 2026, pre-781c90c reward",1,-609.5226701361337,547.6391781361338,54.0,0.758492,7.125,197.73553225635456,197.54590925635455,0.0019821605550049554,0.0,0.0019821605550049554,0.0019821605550049554,0.0931615460852329,40,3.8057482656095147,2,1.4329606458720787,1.6678728435509498,1.0,0.26
main,v040,LOLO-nes-f1,secondary,LOLO,nested,1,A,MAPPO|mappo_seed1_20260517T110908/mappo_best.pt,MAPPO,1,P,"May 2026, pre-781c90c reward",2,-306.624894506108,282.1112328709918,22.8998878351162,0.11377380000000001,1.5,206.88592967590293,206.85748622590293,0.0009910802775024777,0.0,0.0009910802775024777,0.0009910802775024777,0.002973240832507433,6,0.5708622398414271,1,0.8633295945038733,0.8633295945038733,0.8633295945038733,0.26
main,v040,LOLO-nes-f1,secondary,LOLO,nested,1,A,MAPPO|mappo_seed1_20260517T110908/mappo_best.pt,MAPPO,1,P,"May 2026, pre-781c90c reward",3,-164.8433877217286,137.8433877217286,27.0,0.0,0.0,207.34821457438574,207.34821457438574,0.0009910802775024777,0.0009910802775024777,0.0,0.0009910802775024777,0.0,0,0.0,1,4.847787108941211,4.847787108941211,1.0,0.26
main,v040,LOLO-nes-f1,secondary,LOLO,nested,1,A,MAPPO|mappo_seed1_20260517T110908/mappo_best.pt,MAPPO,1,P,"May 2026, pre-781c90c reward",4,-730.4826699520463,647.7756284818139,71.95977567023239,0.8722658000000001,9.875,193.84146574157688,193.62339929157685,0.002973240832507433,0.0,0.002973240832507433,0.002973240832507433,0.12586719524281467,46,4.376610505450942,3,1.122177344186232,1.6678728435509498,0.8995530630025822,0.26
main,v040,LOLO-nes-f1,secondary,LOLO,nested,1,A,MAPPO|mappo_seed1_20260517T110908/mappo_best.pt,MAPPO,1,P,"May 2026, pre-781c90c reward",5,-393.3966816549312,390.5553602549312,0.0,0.3413214,2.5,203.31066922731395,203.22533887731396,0.0,0.0,0.0,0.0,0.04658077304261645,18,1.7125867195242817,0,0.0,0.0,0.0,0.26
main,v040,LOLO-nes-f1,secondary,LOLO,nested,1,A,MAPPO|mappo_seed1_20260517T110908/mappo_best.pt,MAPPO,1,P,"May 2026, pre-781c90c reward",6,-802.4804582664618,715.5950199962294,71.95977567023239,1.1756626,13.75,196.09672924451905,195.80281359451908,0.003964321110009911,0.0,0.003964321110009911,0.002973240832507433,0.11298315163528246,62,5.898909811694748,4,64.8116965298714,257.4980616044213,0.6871811287660653,0.26
main,v040,LOLO-nes-f1,secondary,LOLO,nested,1,A,MAPPO|mappo_seed1_20260517T110908/mappo_best.pt,MAPPO,1,P,"May 2026, pre-781c90c reward",7,-660.0310240842193,631.7814180491032,22.479887835116195,0.6447182,5.125,199.0874031753679,198.9262236253679,0.0009910802775024777,0.0,0.0009910802775024777,0.0009910802775024777,0.09910802775024777,34,3.2348860257680876,1,0.8493295945038731,0.8493295945038731,0.8493295945038731,0.26
main,v040,LOLO-nes-f1,secondary,LOLO,nested,1,A,MAPPO|mappo_seed1_20260517T110908/mappo_best.pt,MAPPO,1,P,"May 2026, pre-781c90c reward",8,-407.2673915487599,378.3703331136437,22.479887835116195,0.41717060000000006,6.0,205.3936228240026,205.2893301740026,0.0009910802775024777,0.0,0.0009910802775024777,0.0009910802775024777,0.018830525272547076,22,2.093161546085233,1,0.8493295945038731,0.8493295945038731,0.8493295945038731,0.26
main,v040,LOLO-nes-f1,secondary,LOLO,nested,1,A,MAPPO|mappo_seed1_20260517T110908/mappo_best.pt,MAPPO,1,P,"May 2026, pre-781c90c reward",9,-1119.6455421817172,80.9672981477038,1038.6782440340135,0.0,0.0,207.45561439355367,207.45561439355367,0.04558969276511397,0.04558969276511397,0.0,0.04558969276511397,0.0,0,0.0,46,2.0064808739983353,4.847787108941211,0.8526653942275458,0.26
main,v040,LOLO-nes-f1,secondary,LOLO,nested,1,A,MAPPO|mappo_seed7_20260517T003433/mappo_best.pt,MAPPO,7,P,"May 2026, pre-781c90c reward",all,-6305.080371565669,4741.465031380494,1507.3171223851753,5.4232178,50.875,2004.6753767131465,2003.3195722631465,0.006541129831516353,0.0046580773042616454,0.0018830525272547076,0.006442021803766105,0.0817641228939544,286,2.721110009910803,66,5.670176026199407,257.4980616044213,0.8605146879630661,0.26
main,v040,LOLO-nes-f1,secondary,LOLO,nested,1,A,MAPPO|mappo_seed7_20260517T003433/mappo_best.pt,MAPPO,7,P,"May 2026, pre-781c90c reward",0,-948.1160782878633,937.7662648878631,0.0,1.0998134000000002,9.25,188.27366921238502,187.99871586238498,0.0,0.0,0.0,0.0,0.21704658077304262,58,5.518334985133796,0,0.0,0.0,0.0,0.26
main,v040,LOLO-nes-f1,secondary,LOLO,nested,1,A,MAPPO|mappo_seed7_20260517T003433/mappo_best.pt,MAPPO,7,P,"May 2026, pre-781c90c reward",1,-628.5758638565583,545.500408621442,76.47988783511619,0.7205674,5.875,197.72828072071854,197.54813887071856,0.002973240832507433,0.0,0.002973240832507433,0.002973240832507433,0.11793855302279485,38,3.615460852329039,3,1.2384169620826768,1.6678728435509498,0.949776531501291,0.26
main,v040,LOLO-nes-f1,secondary,LOLO,nested,1,A,MAPPO|mappo_seed7_20260517T003433/mappo_best.pt,MAPPO,7,P,"May 2026, pre-781c90c reward",2,-307.3230327439169,282.8093711088007,22.8998878351162,0.11377380000000001,1.5,206.9517242709918,206.9232808209918,0.0009910802775024777,0.0,0.0009910802775024777,0.0009910802775024777,0.002973240832507433,6,0.5708622398414271,1,0.8633295945038733,0.8633295945038733,0.8633295945038733,0.26
main,v040,LOLO-nes-f1,secondary,LOLO,nested,1,A,MAPPO|mappo_seed7_20260517T003433/mappo_best.pt,MAPPO,7,P,"May 2026, pre-781c90c reward",3,-164.8433877217286,137.8433877217286,27.0,0.0,0.0,207.34821457438574,207.34821457438574,0.0009910802775024777,0.0009910802775024777,0.0,0.0009910802775024777,0.0,0,0.0,1,4.847787108941211,4.847787108941211,1.0,0.26
main,v040,LOLO-nes-f1,secondary,LOLO,nested,1,A,MAPPO|mappo_seed7_20260517T003433/mappo_best.pt,MAPPO,7,P,"May 2026, pre-781c90c reward",4,-776.7377213450807,642.6444536748481,125.95977567023239,0.758492,7.375,193.23137903851085,193.04175603851084,0.004955401387512388,0.0,0.004955401387512388,0.004955401387512388,0.14866204162537167,40,3.8057482656095147,5,1.340455543932119,1.6678728435509498,0.9397318378015493,0.26
main,v040,LOLO-nes-f1,secondary,LOLO,nested,1,A,MAPPO|mappo_seed7_20260517T003433/mappo_best.pt,MAPPO,7,P,"May 2026, pre-781c90c reward",5,-415.9526957531565,390.0485619180403,22.8998878351162,0.379246,2.625,203.267664553693,203.172853053693,0.0009910802775024777,0.0,0.0009910802775024777,0.0009910802775024777,0.05550049554013875,20,1.9028741328047574,1,0.8633295945038733,0.8633295945038733,0.8633295945038733,0.26
main,v040,LOLO-nes-f1,secondary,LOLO,nested,1,A,MAPPO|mappo_seed7_20260517T003433/mappo_best.pt,MAPPO,7,P,"May 2026, pre-781c90c reward",6,-823.8301686939424,716.6277671885937,94.43966350534859,1.1377380000000001,11.625,196.14044456272734,195.85601006272734,0.004955401387512388,0.0,0.004955401387512388,0.003964321110009911,0.1288404360753221,60,5.708622398414271,5,52.0192231427979,257.4980616044213,0.7196108219136269,0.26
main,v040,LOLO-nes-f1,secondary,LOLO,nested,1,A,MAPPO|mappo_seed7_20260517T003433/mappo_best.pt,MAPPO,7,P,"May 2026, pre-781c90c reward",7,-693.7883934152122,632.4428260152123,54.0,0.7205674,6.625,199.12845208034577,198.94831023034575,0.0019821605550049554,0.0,0.0019821605550049554,0.0019821605550049554,0.1159563924677899,38,3.615460852329039,2,1.5733738591913267,1.6678728435509498,1.0,0.26
main,v040,LOLO-nes-f1,secondary,LOLO,nested,1,A,MAPPO|mappo_seed7_20260517T003433/mappo_best.pt,MAPPO,7,P,"May 2026, pre-781c90c reward",8,-426.2674875664941,374.81469209626175,44.95977567023239,0.4930198,6.0,205.14993330583508,205.02667835583506,0.0019821605550049554,0.0,0.0019821605550049554,0.0019821605550049554,0.030723488602576808,26,2.4737363726461843,2,0.8493295945038731,0.8493295945038731,0.8493295945038731,0.26
main,v040,LOLO-nes-f1,secondary,LOLO,nested,1,A,MAPPO|mappo_seed7_20260517T003433/mappo_best.pt,MAPPO,7,P,"May 2026, pre-781c90c reward",9,-1119.6455421817172,80.9672981477038,1038.6782440340135,0.0,0.0,207.45561439355367,207.45561439355367,0.04558969276511397,0.04558969276511397,0.0,0.04558969276511397,0.0,0,0.0,46,2.0064808739983353,4.847787108941211,0.8526653942275458,0.26
main,v040,LOLO-nes-f1,secondary,LOLO,nested,1,A,MAPPO|mappo_seed13_20260517T003433/mappo_best.pt,MAPPO,13,P,"May 2026, pre-781c90c reward",all,-6587.014218931497,4692.643080440974,1817.7567858905238,6.8643526,69.75,2000.577884642995,1998.861796492995,0.007730426164519326,0.0046580773042616454,0.003072348860257681,0.0076313181367690785,0.10178394449950447,362,3.444202180376611,78,8.277980133766263,257.4980616044213,0.8761789511419739,0.26
main,v040,LOLO-nes-f1,secondary,LOLO,nested,1,A,MAPPO|mappo_seed13_20260517T003433/mappo_best.pt,MAPPO,13,P,"May 2026, pre-781c90c reward",0,-990.9539281560765,924.0820563209603,49.479887835116195,1.516984,15.875,186.88605720445833,186.50681120445836,0.0019821605550049554,0.0,0.0019821605550049554,0.0019821605550049554,0.27353815659068387,80,7.6114965312190295,2,1.2586012190274114,1.6678728435509498,0.9246647972519366,0.26
main,v040,LOLO-nes-f1,secondary,LOLO,nested,1,A,MAPPO|mappo_seed13_20260517T003433/mappo_best.pt,MAPPO,13,P,"May 2026, pre-781c90c reward",1,-622.4722461482307,539.3588663131145,76.47988783511619,0.7584919999999999,5.875,196.99908026534825,196.80945726534821,0.002973240832507433,0.0,0.002973240832507433,0.002973240832507433,0.14073339940535184,40,3.8057482656095147,3,1.2384169620826768,1.6678728435509498,0.949776531501291,0.26
main,v040,LOLO-nes-f1,secondary,LOLO,nested,1,A,MAPPO|mappo_seed13_20260517T003433/mappo_best.pt,MAPPO,13,P,"May 2026, pre-781c90c reward",2,-389.0830391355916,281.79267910047537,103.8998878351162,0.26547220000000005,3.125,206.97597450354806,206.90960645354804,0.003964321110009911,0.0,0.003964321110009911,0.003964321110009911,0.009910802775024777,14,1.33201189296333,4,1.419487539109369,1.6678728435509498,0.9658323986259683,0.26
main,v040,LOLO-nes-f1,secondary,LOLO,nested,1,A,MAPPO|mappo_seed13_20260517T003433/mappo_best.pt,MAPPO,13,P,"May 2026, pre-781c90c reward",3,-164.8433877217286,137.8433877217286,27.0,0.0,0.0,207.34821457438574,207.34821457438574,0.0009910802775024777,0.0009910802775024777,0.0,0.0009910802775024777,0.0,0,0.0,1,4.847787108941211,4.847787108941211,1.0,0.26
main,v040,LOLO-nes-f1,secondary,LOLO,nested,1,A,MAPPO|mappo_seed13_20260517T003433/mappo_best.pt,MAPPO,13,P,"May 2026, pre-781c90c reward",4,-771.5926351278389,640.5752166576065,125.95977567023239,0.6826428,4.375,193.21626108827007,193.04560038827003,0.004955401387512388,0.0,0.004955401387512388,0.004955401387512388,0.1645193260654113,36,3.4251734390485633,5,1.340455543932119,1.6678728435509498,0.9397318378015493,0.26
main,v040,LOLO-nes-f1,secondary,LOLO,nested,1,A,MAPPO|mappo_seed13_20260517T003433/mappo_best.pt,MAPPO,13,P,"May 2026, pre-781c90c reward",5,-466.69033268250814,387.82876341227575,72.37977567023239,0.6067936,5.875,203.35094809929737,203.19924969929735,0.002973240832507433,0.0,0.002973240832507433,0.002973240832507433,0.07631318136769079,32,3.044598612487612,3,1.1268440108528988,1.6678728435509498,0.9042197296692488,0.26
main,v040,LOLO-nes-f1,secondary,LOLO,nested,1,A,MAPPO|mappo_seed13_20260517T003433/mappo_best.pt,MAPPO,13,P,"May 2026, pre-781c90c reward",6,-844.8930900087204,705.0993671033718,121.43966350534859,1.4790594,16.875,195.10625468819273,194.73648983819274,0.005946481665014866,0.0,0.005946481665014866,0.004955401387512388,0.1635282457879088,78,7.421209117938553,6,85.97416247589952,257.4980616044213,0.7663423515946891,0.26
main,v040,LOLO-nes-f1,secondary,LOLO,nested,1,A,MAPPO|mappo_seed13_20260517T003433/mappo_best.pt,MAPPO,13,P,"May 2026, pre-781c90c reward",7,-766.2577908848135,623.1668634496974,130.4798878351162,0.9860396,11.625,198.43942124122057,198.19291134122057,0.004955401387512388,0.0,0.004955401387512388,0.004955401387512388,0.14370664023785926,52,4.947472745292369,5,1.4663645999976853,1.6678728435509498,0.9698659189007746,0.26
main,v040,LOLO-nes-f1,secondary,LOLO,nested,1,A,MAPPO|mappo_seed13_20260517T003433/mappo_best.pt,MAPPO,13,P,"May 2026, pre-781c90c reward",8,-450.58222688427213,371.92858221403975,71.95977567023239,0.5688690000000001,6.125,204.80005858472046,204.65784133472044,0.002973240832507433,0.0,0.002973240832507433,0.002973240832507433,0.04558969276511397,30,2.8543111992071357,3,1.122177344186232,1.6678728435509498,0.8995530630025822,0.26
main,v040,LOLO-nes-f1,secondary,LOLO,nested,1,A,MAPPO|mappo_seed13_20260517T003433/mappo_best.pt,MAPPO,13,P,"May 2026, pre-781c90c reward",9,-1119.6455421817172,80.9672981477038,1038.6782440340135,0.0,0.0,207.45561439355367,207.45561439355367,0.04558969276511397,0.04558969276511397,0.0,0.04558969276511397,0.0,0,0.0,46,2.0064808739983353,4.847787108941211,0.8526653942275458,0.26
main,v040,LOLO-nes-f1,secondary,LOLO,nested,1,A,MAPPO|mappo_seed23_20260517T110908/mappo_best.pt,MAPPO,23,P,"May 2026, pre-781c90c reward",all,-6273.199988737586,4699.853778587527,1484.4172345500592,7.0539756,81.875,2000.2883149606314,1998.5248210606314,0.006442021803766105,0.0046580773042616454,0.00178394449950446,0.006342913776015857,0.08721506442021804,372,3.539345887016849,65,5.741219848706735,257.4980616044213,0.860471381708592,0.26
main,v040,LOLO-nes-f1,secondary,LOLO,nested,1,A,MAPPO|mappo_seed23_20260517T110908/mappo_best.pt,MAPPO,23,P,"May 2026, pre-781c90c reward",0,-948.009157731298,926.552550731298,0.0,1.706607,19.75,187.09589349901873,186.66924174901877,0.0,0.0,0.0,0.0,0.24380574826560952,90,8.562933597621408,0,0.0,0.0,0.0,0.26
main,v040,LOLO-nes-f1,secondary,LOLO,nested,1,A,MAPPO|mappo_seed23_20260517T110908/mappo_best.pt,MAPPO,23,P,"May 2026, pre-781c90c reward",1,-628.1706008185113,539.6175979833952,76.47988783511619,0.948115,11.125,196.9023160421645,196.66528729216452,0.002973240832507433,0.0,0.002973240832507433,0.002973240832507433,0.1159563924677899,50,4.757185332011893,3,1.2384169620826768,1.6678728435509498,0.949776531501291,0.26
main,v040,LOLO-nes-f1,secondary,LOLO,nested,1,A,MAPPO|mappo_seed23_20260517T110908/mappo_best.pt,MAPPO,23,P,"May 2026, pre-781c90c reward",2,-333.7132614582828,281.24875062316653,49.8998878351162,0.189623,2.375,206.82192588749749,206.77452013749746,0.0019821605550049554,0.0,0.0019821605550049554,0.0019821605550049554,0.005946481665014866,10,0.9514370664023787,2,1.1711022346677882,1.4788748748317033,0.9316647972519366,0.26
main,v040,LOLO-nes-f1,secondary,LOLO,nested,1,A,MAPPO|mappo_seed23_20260517T110908/mappo_best.pt,MAPPO,23,P,"May 2026, pre-781c90c reward",3,-164.8433877217286,137.8433877217286,27.0,0.0,0.0,207.34821457438574,207.34821457438574,0.0009910802775024777,0.0009910802775024777,0.0,0.0009910802775024777,0.0,0,0.0,1,4.847787108941211,4.847787108941211,1.0,0.26
main,v040,LOLO-nes-f1,secondary,LOLO,nested,1,A,MAPPO|mappo_seed23_20260517T110908/mappo_best.pt,MAPPO,23,P,"May 2026, pre-781c90c reward",4,-748.6540105335284,639.8219690632961,98.95977567023239,0.8722658,9.0,192.9955626882647,192.77749623826472,0.003964321110009911,0.0,0.003964321110009911,0.003964321110009911,0.15262636273538158,46,4.376610505450942,4,1.2586012190274114,1.6678728435509498,0.9246647972519366,0.26
main,v040,LOLO-nes-f1,secondary,LOLO,nested,1,A,MAPPO|mappo_seed23_20260517T110908/mappo_best.pt,MAPPO,23,P,"May 2026, pre-781c90c reward",5,-416.0866731382958,387.9887655031796,22.479887835116195,0.4930198,5.125,203.06828544802704,202.94503049802702,0.0009910802775024777,0.0,0.0009910802775024777,0.0009910802775024777,0.05649157581764123,26,2.4737363726461843,1,0.8493295945038731,0.8493295945038731,0.8493295945038731,0.26
main,v040,LOLO-nes-f1,secondary,LOLO,nested,1,A,MAPPO|mappo_seed23_20260517T110908/mappo_best.pt,MAPPO,23,P,"May 2026, pre-781c90c reward",6,-821.5054852095448,707.8746869041961,94.43966350534859,1.4411348,17.75,195.31585325317994,194.95556955317994,0.004955401387512388,0.0,0.004955401387512388,0.003964321110009911,0.14073339940535184,76,7.230921704658078,5,52.0192231427979,257.4980616044213,0.7196108219136269,0.26
main,v040,LOLO-nes-f1,secondary,LOLO,nested,1,A,MAPPO|mappo_seed23_20260517T110908/mappo_best.pt,MAPPO,23,P,"May 2026, pre-781c90c reward",7,-688.5219333196019,624.812592119602,54.0,0.8343412000000001,8.875,198.3777855007303,198.1692002007303,0.0019821605550049554,0.0,0.0019821605550049554,0.0019821605550049554,0.12388503468780972,44,4.186323092170466,2,1.5733738591913267,1.6678728435509498,1.0,0.26
main,v040,LOLO-nes-f1,secondary,LOLO,nested,1,A,MAPPO|mappo_seed23_20260517T110908/mappo_best.pt,MAPPO,23,P,"May 2026, pre-781c90c reward",8,-404.0499366250771,373.12617978996093,22.479887835116195,0.5688690000000001,7.875,204.90686367380948,204.7646464238095,0.0009910802775024777,0.0,0.0009910802775024777,0.0009910802775024777,0.03270564915758176,30,2.8543111992071357,1,0.8493295945038731,0.8493295945038731,0.8493295945038731,0.26
main,v040,LOLO-nes-f1,secondary,LOLO,nested,1,A,MAPPO|mappo_seed23_20260517T110908/mappo_best.pt,MAPPO,23,P,"May 2026, pre-781c90c reward",9,-1119.6455421817172,80.9672981477038,1038.6782440340135,0.0,0.0,207.45561439355367,207.45561439355367,0.04558969276511397,0.04558969276511397,0.0,0.04558969276511397,0.0,0,0.0,46,2.0064808739983353,4.847787108941211,0.8526653942275458,0.26
main,v040,LOLO-nes-f1,secondary,LOLO,nested,1,A,MAPPO|mappo_seed42_20260526T143637/mappo_best.pt,MAPPO,42,P+T,"May 2026, pre-781c90c reward",all,-6222.741677867603,4715.77431975266,1434.937346714943,6.030011400000001,66.0,2002.1186585908463,2000.6111557408465,0.00624380574826561,0.0046580773042616454,0.0015857284440039642,0.006144697720515362,0.07799801783944499,318,3.025569871159564,63,1.8227285550319452,4.847787108941211,0.8584334955008668,0.26
main,v040,LOLO-nes-f1,secondary,LOLO,nested,1,A,MAPPO|mappo_seed42_20260526T143637/mappo_best.pt,MAPPO,42,P+T,"May 2026, pre-781c90c reward",0,-947.9368341790478,935.5870207790476,0.0,1.0998134000000002,11.25,188.01593020681614,187.74097685681613,0.0,0.0,0.0,0.0,0.20416253716551042,58,5.518334985133796,0,0.0,0.0,0.0,0.26
main,v040,LOLO-nes-f1,secondary,LOLO,nested,1,A,MAPPO|mappo_seed42_20260526T143637/mappo_best.pt,MAPPO,42,P+T,"May 2026, pre-781c90c reward",1,-605.3176202294114,541.0703544294113,54.0,0.8722658000000001,9.375,197.04855504316828,196.8304885931683,0.0019821605550049554,0.0,0.0019821605550049554,0.0019821605550049554,0.11000991080277503,46,4.376610505450942,2,1.4329606458720787,1.6678728435509498,1.0,0.26
main,v040,LOLO-nes-f1,secondary,LOLO,nested,1,A,MAPPO|mappo_seed42_20260526T143637/mappo_best.pt,MAPPO,42,P+T,"May 2026, pre-781c90c reward",2,-333.7132614582828,281.24875062316653,49.8998878351162,0.189623,2.375,206.82192588749749,206.77452013749746,0.0019821605550049554,0.0,0.0019821605550049554,0.0019821605550049554,0.005946481665014866,10,0.9514370664023787,2,1.1711022346677882,1.4788748748317033,0.9316647972519366,0.26
main,v040,LOLO-nes-f1,secondary,LOLO,nested,1,A,MAPPO|mappo_seed42_20260526T143637/mappo_best.pt,MAPPO,42,P+T,"May 2026, pre-781c90c reward",3,-164.8433877217286,137.8433877217286,27.0,0.0,0.0,207.34821457438574,207.34821457438574,0.0009910802775024777,0.0009910802775024777,0.0,0.0009910802775024777,0.0,0,0.0,1,4.847787108941211,4.847787108941211,1.0,0.26
main,v040,LOLO-nes-f1,secondary,LOLO,nested,1,A,MAPPO|mappo_seed42_20260526T143637/mappo_best.pt,MAPPO,42,P+T,"May 2026, pre-781c90c reward",4,-750.6755917175041,641.5935502472717,98.95977567023239,0.8722658,9.25,193.19268723857385,192.97462078857382,0.003964321110009911,0.0,0.003964321110009911,0.003964321110009911,0.14370664023785926,46,4.376610505450942,4,1.2586012190274114,1.6678728435509498,0.9246647972519366,0.26
main,v040,LOLO-nes-f1,secondary,LOLO,nested,1,A,MAPPO|mappo_seed42_20260526T143637/mappo_best.pt,MAPPO,42,P+T,"May 2026, pre-781c90c reward",5,-392.0797659744568,388.0375953744568,0.0,0.4171706,3.625,203.1299242797421,203.02563162974212,0.0,0.0,0.0,0.0,0.05054509415262636,22,2.093161546085233,0,0.0,0.0,0.0,0.26
main,v040,LOLO-nes-f1,secondary,LOLO,nested,1,A,MAPPO|mappo_seed42_20260526T143637/mappo_best.pt,MAPPO,42,P+T,"May 2026, pre-781c90c reward",6,-822.9986017090685,709.0307280037199,94.43966350534859,1.4032102,18.125,195.50827355901623,195.1574710090162,0.004955401387512388,0.0,0.004955401387512388,0.003964321110009911,0.1288404360753221,74,7.040634291377602,5,0.8531853906238167,1.6678728435509498,0.7196108219136269,0.26
main,v040,LOLO-nes-f1,secondary,LOLO,nested,1,A,MAPPO|mappo_seed42_20260526T143637/mappo_best.pt,MAPPO,42,P+T,"May 2026, pre-781c90c reward",7,-684.2859320164537,627.1725521813376,49.479887835116195,0.7584920000000002,6.875,198.63729640986742,198.4476734098674,0.0019821605550049554,0.0,0.0019821605550049554,0.0019821605550049554,0.1110009910802775,40,3.8057482656095147,2,1.1641022346677883,1.4788748748317033,0.9246647972519366,0.26
main,v040,LOLO-nes-f1,secondary,LOLO,nested,1,A,MAPPO|mappo_seed42_20260526T143637/mappo_best.pt,MAPPO,42,P+T,"May 2026, pre-781c90c reward",8,-401.2451406799321,373.22308224481594,22.479887835116195,0.41717060000000006,5.125,204.96023699822567,204.85594434822568,0.0009910802775024777,0.0,0.0009910802775024777,0.0009910802775024777,0.02576808721506442,22,2.093161546085233,1,0.8493295945038731,0.8493295945038731,0.8493295945038731,0.26
main,v040,LOLO-nes-f1,secondary,LOLO,nested,1,A,MAPPO|mappo_seed42_20260526T143637/mappo_best.pt,MAPPO,42,P+T,"May 2026, pre-781c90c reward",9,-1119.6455421817172,80.9672981477038,1038.6782440340135,0.0,0.0,207.45561439355367,207.45561439355367,0.04558969276511397,0.04558969276511397,0.0,0.04558969276511397,0.0,0,0.0,46,2.0064808739983353,4.847787108941211,0.8526653942275458,0.26
main,v040,LOLO-nes-f1,secondary,LOLO,nested,1,A,MAPPO|mappo_seed64_20260517T110908/mappo_best.pt,MAPPO,64,P,"May 2026, pre-781c90c reward",all,-6103.975338262713,4747.393418418003,1308.9775710447107,4.8543488,42.75,2004.7003798920514,2003.4867926920515,0.005748265609514371,0.0046580773042616454,0.0010901883052527254,0.005649157581764123,0.07413280475718534,256,2.4356788899900894,58,1.8708209859446632,4.847787108941211,0.8514250177163253,0.25
main,v040,LOLO-nes-f1,secondary,LOLO,nested,1,A,MAPPO|mappo_seed64_20260517T110908/mappo_best.pt,MAPPO,64,P,"May 2026, pre-781c90c reward",0,-950.3489113723538,942.9387209723536,0.0,0.9101904000000001,6.5,188.72136392955835,188.49381632955837,0.0,0.0,0.0,0.0,0.1962338949454906,48,4.566897918731417,0,0.0,0.0,0.0,0.25
main,v040,LOLO-nes-f1,secondary,LOLO,nested,1,A,MAPPO|mappo_seed64_20260517T110908/mappo_best.pt,MAPPO,64,P,"May 2026, pre-781c90c reward",1,-607.7389769404501,545.8554849404501,54.0,0.7584919999999999,7.125,197.52907575979228,197.3394527597923,0.0019821605550049554,0.0,0.0019821605550049554,0.0019821605550049554,0.09910802775024777,40,3.8057482656095147,2,1.4329606458720787,1.6678728435509498,1.0,0.25
main,v040,LOLO-nes-f1,secondary,LOLO,nested,1,A,MAPPO|mappo_seed64_20260517T110908/mappo_best.pt,MAPPO,64,P,"May 2026, pre-781c90c reward",2,-306.7417191491549,282.7659821140387,22.8998878351162,0.0758492,1.0,206.9340850292308,206.9151227292308,0.0009910802775024777,0.0,0.0009910802775024777,0.0009910802775024777,0.0019821605550049554,4,0.3805748265609515,1,0.8633295945038733,0.8633295945038733,0.8633295945038733,0.25
main,v040,LOLO-nes-f1,secondary,LOLO,nested,1,A,MAPPO|mappo_seed64_20260517T110908/mappo_best.pt,MAPPO,64,P,"May 2026, pre-781c90c reward",3,-164.8433877217286,137.8433877217286,27.0,0.0,0.0,207.34821457438574,207.34821457438574,0.0009910802775024777,0.0009910802775024777,0.0,0.0009910802775024777,0.0,0,0.0,1,4.847787108941211,4.847787108941211,1.0,0.25
main,v040,LOLO-nes-f1,secondary,LOLO,nested,1,A,MAPPO|mappo_seed64_20260517T110908/mappo_best.pt,MAPPO,64,P,"May 2026, pre-781c90c reward",4,-721.2549587425383,642.161691072306,71.95977567023239,0.758492,6.375,193.22324435113043,193.03362135113045,0.002973240832507433,0.0,0.002973240832507433,0.002973240832507433,0.14271555996035679,40,3.8057482656095147,3,1.122177344186232,1.6678728435509498,0.8995530630025822,0.25
main,v040,LOLO-nes-f1,secondary,LOLO,nested,1,A,MAPPO|mappo_seed64_20260517T110908/mappo_best.pt,MAPPO,64,P,"May 2026, pre-781c90c reward",5,-393.0285187388305,391.1001219388305,0.0,0.3033968,1.625,203.3381416955185,203.26229249551847,0.0,0.0,0.0,0.0,0.048562933597621406,16,1.522299306243806,0,0.0,0.0,0.0,0.25
main,v040,LOLO-nes-f1,secondary,LOLO,nested,1,A,MAPPO|mappo_seed64_20260517T110908/mappo_best.pt,MAPPO,64,P,"May 2026, pre-781c90c reward",6,-772.1839492461869,715.5752093759545,44.95977567023239,1.0239642,10.625,195.9755977218265,195.7196066718265,0.002973240832507433,0.0,0.002973240832507433,0.0019821605550049554,0.12190287413280476,54,5.137760158572845,3,0.582908171688087,0.8493295945038731,0.5829081716880871,0.25
main,v040,LOLO-nes-f1,secondary,LOLO,nested,1,A,MAPPO|mappo_seed64_20260517T110908/mappo_best.pt,MAPPO,64,P,"May 2026, pre-781c90c reward",7,-661.0628667046261,628.5431485046262,27.0,0.6447182,4.875,198.7524015497529,198.59122199975292,0.0009910802775024777,0.0,0.0009910802775024777,0.0009910802775024777,0.1110009910802775,34,3.2348860257680876,1,1.6678728435509498,1.6678728435509498,1.0,0.25
main,v040,LOLO-nes-f1,secondary,LOLO,nested,1,A,MAPPO|mappo_seed64_20260517T110908/mappo_best.pt,MAPPO,64,P,"May 2026, pre-781c90c reward",8,-407.12650746512725,379.6423736300111,22.479887835116195,0.379246,4.625,205.42264088730252,205.32782938730253,0.0009910802775024777,0.0,0.0009910802775024777,0.0009910802775024777,0.019821605550049554,20,1.9028741328047574,1,0.8493295945038731,0.8493295945038731,0.8493295945038731,0.25
main,v040,LOLO-nes-f1,secondary,LOLO,nested,1,A,MAPPO|mappo_seed64_20260517T110908/mappo_best.pt,MAPPO,64,P,"May 2026, pre-781c90c reward",9,-1119.6455421817172,80.9672981477038,1038.6782440340135,0.0,0.0,207.45561439355367,207.45561439355367,0.04558969276511397,0.04558969276511397,0.0,0.04558969276511397,0.0,0,0.0,46,2.0064808739983353,4.847787108941211,0.8526653942275458,0.25
main,v040,LOLO-nes-f1,secondary,LOLO,nested,1,A,MAPPO|wcnc2027_ablation/mappo_seed1/mappo_best.pt,MAPPO,1,R,wcnc2027_ablation 2026-09-14,all,-6155.328225219893,4739.2354731400665,1358.4574588798268,5.3852932000000004,52.25,2004.0573222721196,2002.7109989721196,0.005946481665014866,0.0046580773042616454,0.001288404360753221,0.005847373637264618,0.07670961347869178,284,2.7020812685827553,60,6.1111001735832735,257.4980616044213,0.8538663437008456,0.27
main,v040,LOLO-nes-f1,secondary,LOLO,nested,1,A,MAPPO|wcnc2027_ablation/mappo_seed1/mappo_best.pt,MAPPO,1,R,wcnc2027_ablation 2026-09-14,0,-947.1296444742519,936.2798310742519,0.0,1.0998134,9.75,188.06059771817172,187.78564436817172,0.0,0.0,0.0,0.0,0.21209117938553024,58,5.518334985133796,0,0.0,0.0,0.0,0.27
main,v040,LOLO-nes-f1,secondary,LOLO,nested,1,A,MAPPO|wcnc2027_ablation/mappo_seed1/mappo_best.pt,MAPPO,1,R,wcnc2027_ablation 2026-09-14,1,-607.350089404189,544.9286728041891,54.0,0.7964166,7.625,197.45544100320757,197.25633685320759,0.0019821605550049554,0.0,0.0019821605550049554,0.0019821605550049554,0.10208126858275521,42,3.9960356788899905,2,1.4329606458720787,1.6678728435509498,1.0,0.27
main,v040,LOLO-nes-f1,secondary,LOLO,nested,1,A,MAPPO|wcnc2027_ablation/mappo_seed1/mappo_best.pt,MAPPO,1,R,wcnc2027_ablation 2026-09-14,2,-306.624894506108,282.1112328709918,22.8998878351162,0.11377380000000001,1.5,206.88592967590293,206.85748622590293,0.0009910802775024777,0.0,0.0009910802775024777,0.0009910802775024777,0.002973240832507433,6,0.5708622398414271,1,0.8633295945038733,0.8633295945038733,0.8633295945038733,0.27
main,v040,LOLO-nes-f1,secondary,LOLO,nested,1,A,MAPPO|wcnc2027_ablation/mappo_seed1/mappo_best.pt,MAPPO,1,R,wcnc2027_ablation 2026-09-14,3,-164.8433877217286,137.8433877217286,27.0,0.0,0.0,207.34821457438574,207.34821457438574,0.0009910802775024777,0.0009910802775024777,0.0,0.0009910802775024777,0.0,0,0.0,1,4.847787108941211,4.847787108941211,1.0,0.27
main,v040,LOLO-nes-f1,secondary,LOLO,nested,1,A,MAPPO|wcnc2027_ablation/mappo_seed1/mappo_best.pt,MAPPO,1,R,wcnc2027_ablation 2026-09-14,4,-722.1084109465803,643.4280678763479,71.95977567023239,0.7205674000000001,6.0,193.33325864224693,193.15311679224692,0.002973240832507433,0.0,0.002973240832507433,0.002973240832507433,0.14073339940535184,38,3.615460852329039,3,1.122177344186232,1.6678728435509498,0.8995530630025822,0.27
main,v040,LOLO-nes-f1,secondary,LOLO,nested,1,A,MAPPO|wcnc2027_ablation/mappo_seed1/mappo_best.pt,MAPPO,1,R,wcnc2027_ablation 2026-09-14,5,-392.3362429133973,389.8699215133973,0.0,0.3413214,2.125,203.21756957021393,203.13223922021393,0.0,0.0,0.0,0.0,0.05054509415262636,18,1.7125867195242817,0,0.0,0.0,0.0,0.27
main,v040,LOLO-nes-f1,secondary,LOLO,nested,1,A,MAPPO|wcnc2027_ablation/mappo_seed1/mappo_best.pt,MAPPO,1,R,wcnc2027_ablation 2026-09-14,6,-825.6370528364455,716.7717267310968,94.43966350534859,1.1756626,13.25,196.11563907522498,195.821723425225,0.004955401387512388,0.0,0.004955401387512388,0.003964321110009911,0.1199207135777998,62,5.898909811694748,5,52.0192231427979,257.4980616044213,0.7196108219136269,0.27
main,v040,LOLO-nes-f1,secondary,LOLO,nested,1,A,MAPPO|wcnc2027_ablation/mappo_seed1/mappo_best.pt,MAPPO,1,R,wcnc2027_ablation 2026-09-14,7,-665.5382202121709,631.9805774121708,27.0,0.6826428,5.875,199.08367881547878,198.9130181154788,0.0009910802775024777,0.0,0.0009910802775024777,0.0009910802775024777,0.11397423191278494,36,3.4251734390485633,1,1.4788748748317033,1.4788748748317033,1.0,0.27
main,v040,LOLO-nes-f1,secondary,LOLO,nested,1,A,MAPPO|wcnc2027_ablation/mappo_seed1/mappo_best.pt,MAPPO,1,R,wcnc2027_ablation 2026-09-14,8,-404.114740023305,375.05475698818884,22.479887835116195,0.45509520000000003,6.125,205.1013788037335,204.9876050037335,0.0009910802775024777,0.0,0.0009910802775024777,0.0009910802775024777,0.024777006937561942,24,2.2834489593657086,1,0.8493295945038731,0.8493295945038731,0.8493295945038731,0.27
main,v040,LOLO-nes-f1,secondary,LOLO,nested,1,A,MAPPO|wcnc2027_ablation/mappo_seed1/mappo_best.pt,MAPPO,1,R,wcnc2027_ablation 2026-09-14,9,-1119.6455421817172,80.9672981477038,1038.6782440340135,0.0,0.0,207.45561439355367,207.45561439355367,0.04558969276511397,0.04558969276511397,0.0,0.04558969276511397,0.0,0,0.0,46,2.0064808739983353,4.847787108941211,0.8526653942275458,0.27
main,v040,LOLO-nes-f1,secondary,LOLO,nested,1,A,Centralized PPO|wcnc2027_ablation/central_seed1/ppo_multi_site.zip,Centralized PPO,1,R,wcnc2027_ablation 2026-09-14,all,-21914.38490174886,6231.993330828912,15639.88428071995,2.8822902,39.625,2320.257267597471,2319.5366950474713,0.06551040634291377,0.008027750247770069,0.060852329038652134,0.06303270564915758,0.13211100099108028,150,1.4271555996035679,661,35.50656482339653,2438.3091422736807,0.8868095448947219,0.67
main,v040,LOLO-nes-f1,secondary,LOLO,nested,1,A,Centralized PPO|wcnc2027_ablation/central_seed1/ppo_multi_site.zip,Centralized PPO,1,R,wcnc2027_ablation 2026-09-14,0,-1943.2873011714548,1005.093983612529,905.5316153589258,2.1617021999999997,30.5,208.91802951934312,208.3776039693431,0.036669970267591674,0.0009910802775024777,0.036669970267591674,0.035678889990089196,0.3518334985133796,113,10.751238850346878,37,8.204497057035903,255.74885914140773,0.914444662288848,0.67
main,v040,LOLO-nes-f1,secondary,LOLO,nested,1,A,Centralized PPO|wcnc2027_ablation/central_seed1/ppo_multi_site.zip,Centralized PPO,1,R,wcnc2027_ablation 2026-09-14,1,-868.3855788203986,868.3855788203986,0.0,0.0,0.0,206.8943170606997,206.8943170606997,0.0,0.0,0.0,0.0,0.0,0,0.0,0,0.0,0.0,0.0,0.67
main,v040,LOLO-nes-f1,secondary,LOLO,nested,1,A,Centralized PPO|wcnc2027_ablation/central_seed1/ppo_multi_site.zip,Centralized PPO,1,R,wcnc2027_ablation 2026-09-14,2,-285.2059472554327,285.2059472554327,0.0,0.0,0.0,207.0872598572126,207.0872598572126,0.0,0.0,0.0,0.0,0.0,0,0.0,0,0.0,0.0,0.0,0.67
main,v040,LOLO-nes-f1,secondary,LOLO,nested,1,A,Centralized PPO|wcnc2027_ablation/central_seed1/ppo_multi_site.zip,Centralized PPO,1,R,wcnc2027_ablation 2026-09-14,3,-164.8433877217286,137.8433877217286,27.0,0.0,0.0,207.34821457438574,207.34821457438574,0.0009910802775024777,0.0009910802775024777,0.0,0.0009910802775024777,0.0,0,0.0,1,4.847787108941211,4.847787108941211,1.0,0.67
main,v040,LOLO-nes-f1,secondary,LOLO,nested,1,A,Centralized PPO|wcnc2027_ablation/central_seed1/ppo_multi_site.zip,Centralized PPO,1,R,wcnc2027_ablation 2026-09-14,4,-983.9728597764226,956.4349351764226,27.0,0.0379246,0.5,207.1904483093482,207.1809671593482,0.0009910802775024777,0.0,0.0009910802775024777,0.0009910802775024777,0.0009910802775024777,2,0.19028741328047574,1,1.6678728435509498,1.6678728435509498,1.0,0.67
main,v040,LOLO-nes-f1,secondary,LOLO,nested,1,A,Centralized PPO|wcnc2027_ablation/central_seed1/ppo_multi_site.zip,Centralized PPO,1,R,wcnc2027_ablation 2026-09-14,5,-443.071995704485,443.071995704485,0.0,0.0,0.0,206.9825265635951,206.9825265635951,0.0,0.0,0.0,0.0,0.0,0,0.0,0,0.0,0.0,0.0,0.67
main,v040,LOLO-nes-f1,secondary,LOLO,nested,1,A,Centralized PPO|wcnc2027_ablation/central_seed1/ppo_multi_site.zip,Centralized PPO,1,R,wcnc2027_ablation 2026-09-14,6,-954.8448922331831,953.7690430331832,0.0,0.0758492,1.0,206.82195790592007,206.80299560592007,0.0,0.0,0.0,0.0,0.0019821605550049554,3,0.28543111992071357,0,0.0,0.0,0.0,0.67
main,v040,LOLO-nes-f1,secondary,LOLO,nested,1,A,Centralized PPO|wcnc2027_ablation/central_seed1/ppo_multi_site.zip,Centralized PPO,1,R,wcnc2027_ablation 2026-09-14,7,-14749.358982734422,1099.4527472074112,13641.674421327012,0.6068142,7.625,454.57973312393534,454.4280295739353,0.5708622398414271,0.03270564915758176,0.5708622398414271,0.5470763131813677,0.9663032705649157,32,3.044598612487612,576,40.047672182288835,2438.3091422736807,0.8873681398198902,0.67
main,v040,LOLO-nes-f1,secondary,LOLO,nested,1,A,Centralized PPO|wcnc2027_ablation/central_seed1/ppo_multi_site.zip,Centralized PPO,1,R,wcnc2027_ablation 2026-09-14,8,-401.76841414961723,401.76841414961723,0.0,0.0,0.0,206.97916628947758,206.97916628947758,0.0,0.0,0.0,0.0,0.0,0,0.0,0,0.0,0.0,0.0,0.67
main,v040,LOLO-nes-f1,secondary,LOLO,nested,1,A,Centralized PPO|wcnc2027_ablation/central_seed1/ppo_multi_site.zip,Centralized PPO,1,R,wcnc2027_ablation 2026-09-14,9,-1119.6455421817172,80.9672981477038,1038.6782440340135,0.0,0.0,207.45561439355367,207.45561439355367,0.04558969276511397,0.04558969276511397,0.0,0.04558969276511397,0.0,0,0.0,46,2.0064808739983353,4.847787108941211,0.8526653942275458,0.67
main,v040,LOLO-nes-f1,secondary,LOLO,nested,1,A,Shared-PPO|wcnc2027_ablation/shared_ppo_seed1/mappo_best.pt,Shared-PPO,1,R,wcnc2027_ablation 2026-09-14 (supplementary ablation),all,-6594.690722496436,4756.314509570795,1786.23667372564,5.7645392,46.375,2008.6315328694832,2007.1903980694833,0.007730426164519326,0.0046580773042616454,0.003072348860257681,0.0075322101090188305,0.10118929633300297,304,2.892368681863231,78,8.249167918409569,257.4980616044213,0.862068629610697,0.27
main,v040,LOLO-nes-f1,secondary,LOLO,nested,1,A,Shared-PPO|wcnc2027_ablation/shared_ppo_seed1/mappo_best.pt,Shared-PPO,1,R,wcnc2027_ablation 2026-09-14 (supplementary ablation),0,-1006.4246462554397,942.7156990203234,49.479887835116195,1.4790594,12.75,189.31024664522172,188.94048179522173,0.0019821605550049554,0.0,0.0019821605550049554,0.0019821605550049554,0.2804757185332012,78,7.421209117938553,2,1.2586012190274114,1.6678728435509498,0.9246647972519366,0.27
main,v040,LOLO-nes-f1,secondary,LOLO,nested,1,A,Shared-PPO|wcnc2027_ablation/shared_ppo_seed1/mappo_best.pt,Shared-PPO,1,R,wcnc2027_ablation 2026-09-14 (supplementary ablation),1,-625.8934865435269,545.8447297084106,76.47988783511619,0.5688690000000001,3.0,198.07584246580686,197.93362521580684,0.002973240832507433,0.0,0.002973240832507433,0.002973240832507433,0.13974231912784935,30,2.8543111992071357,3,1.2384169620826768,1.6678728435509498,0.949776531501291,0.27
main,v040,LOLO-nes-f1,secondary,LOLO,nested,1,A,Shared-PPO|wcnc2027_ablation/shared_ppo_seed1/mappo_best.pt,Shared-PPO,1,R,wcnc2027_ablation 2026-09-14 (supplementary ablation),2,-309.5751655631775,283.44773012806127,22.8998878351162,0.22754760000000002,3.0,207.12147575357648,207.06458885357648,0.0009910802775024777,0.0,0.0009910802775024777,0.0009910802775024777,0.006937561942517344,12,1.1417244796828543,1,0.8633295945038733,0.8633295945038733,0.8633295945038733,0.27
main,v040,LOLO-nes-f1,secondary,LOLO,nested,1,A,Shared-PPO|wcnc2027_ablation/shared_ppo_seed1/mappo_best.pt,Shared-PPO,1,R,wcnc2027_ablation 2026-09-14 (supplementary ablation),3,-165.41663697759927,137.87871237759927,27.0,0.0379246,0.5,207.365584094422,207.356102944422,0.0009910802775024777,0.0009910802775024777,0.0,0.0009910802775024777,0.0009910802775024777,2,0.19028741328047574,1,4.847787108941211,4.847787108941211,1.0,0.27
main,v040,LOLO-nes-f1,secondary,LOLO,nested,1,A,Shared-PPO|wcnc2027_ablation/shared_ppo_seed1/mappo_best.pt,Shared-PPO,1,R,wcnc2027_ablation 2026-09-14 (supplementary ablation),4,-803.1141023532206,646.1346084829881,152.95977567023237,0.6447182,3.375,194.05198661848695,193.89080706848694,0.005946481665014866,0.0,0.005946481665014866,0.005946481665014866,0.1694747274529237,34,3.2348860257680876,6,1.3950250938685909,1.6678728435509498,0.949776531501291,0.27
main,v040,LOLO-nes-f1,secondary,LOLO,nested,1,A,Shared-PPO|wcnc2027_ablation/shared_ppo_seed1/mappo_best.pt,Shared-PPO,1,R,wcnc2027_ablation 2026-09-14 (supplementary ablation),5,-461.8945908957981,390.20483219044945,67.85966350534858,0.45509520000000003,3.375,203.31571630921678,203.2019425092168,0.002973240832507433,0.0,0.002973240832507433,0.002973240832507433,0.06937561942517344,24,2.2834489593657086,3,0.8539962611705398,0.8633295945038733,0.8539962611705398,0.27
main,v040,LOLO-nes-f1,secondary,LOLO,nested,1,A,Shared-PPO|wcnc2027_ablation/shared_ppo_seed1/mappo_best.pt,Shared-PPO,1,R,wcnc2027_ablation 2026-09-14 (supplementary ablation),6,-932.2302899831518,718.3649638778031,202.43966350534856,1.1756626000000001,10.25,196.85848705561722,196.5645714056172,0.008919722497522299,0.0,0.008919722497522299,0.007928642220019821,0.1595639246778989,62,5.898909811694748,9,57.87206593178334,257.4980616044213,0.8442282343964593,0.27
main,v040,LOLO-nes-f1,secondary,LOLO,nested,1,A,Shared-PPO|wcnc2027_ablation/shared_ppo_seed1/mappo_best.pt,Shared-PPO,1,R,wcnc2027_ablation 2026-09-14 (supplementary ablation),7,-742.3688470926729,633.0813164575567,103.47988783511619,0.6826428,5.125,199.58538709376978,199.4147263937698,0.003964321110009911,0.0,0.003964321110009911,0.003964321110009911,0.14568880079286423,36,3.4251734390485633,4,1.415987539109369,1.6678728435509498,0.9623323986259683,0.27
main,v040,LOLO-nes-f1,secondary,LOLO,nested,1,A,Shared-PPO|wcnc2027_ablation/shared_ppo_seed1/mappo_best.pt,Shared-PPO,1,R,wcnc2027_ablation 2026-09-14 (supplementary ablation),8,-428.1274146501317,377.6746191798993,44.95977567023239,0.4930198,5.0,205.49119243981195,205.36793748981196,0.002973240832507433,0.0,0.002973240832507433,0.0019821605550049554,0.03964321110009911,26,2.4737363726461843,3,0.582908171688087,0.8493295945038731,0.5829081716880871,0.27
main,v040,LOLO-nes-f1,secondary,LOLO,nested,1,A,Shared-PPO|wcnc2027_ablation/shared_ppo_seed1/mappo_best.pt,Shared-PPO,1,R,wcnc2027_ablation 2026-09-14 (supplementary ablation),9,-1119.6455421817172,80.9672981477038,1038.6782440340135,0.0,0.0,207.45561439355367,207.45561439355367,0.04558969276511397,0.04558969276511397,0.0,0.04558969276511397,0.0,0,0.0,46,2.0064808739983353,4.847787108941211,0.8526653942275458,0.27
main,v040,LOLO-nes-f1,secondary,LOLO,nested,1,A,MAPPO|wcnc2027_ablation/mappo_seed7/mappo_best.pt,MAPPO,7,R,wcnc2027_ablation 2026-09-14,all,-6228.006584906862,4736.619321991919,1434.9373467149428,5.5749162000000005,50.875,2004.091281678668,2002.6975526286683,0.00624380574826561,0.0046580773042616454,0.0015857284440039642,0.006144697720515362,0.08245787908820615,294,2.797224975222993,63,5.886525169787336,257.4980616044213,0.8584334955008668,0.27
main,v040,LOLO-nes-f1,secondary,LOLO,nested,1,A,MAPPO|wcnc2027_ablation/mappo_seed7/mappo_best.pt,MAPPO,7,R,wcnc2027_ablation 2026-09-14,0,-947.6498280343294,935.1483162343294,0.0,1.2515117999999998,11.25,187.97760179304754,187.6647238430475,0.0,0.0,0.0,0.0,0.22101090188305253,66,6.279484638255699,0,0.0,0.0,0.0,0.27
main,v040,LOLO-nes-f1,secondary,LOLO,nested,1,A,MAPPO|wcnc2027_ablation/mappo_seed7/mappo_best.pt,MAPPO,7,R,wcnc2027_ablation 2026-09-14,1,-630.3090974760819,545.5327930409655,76.47988783511619,0.7964166000000001,7.5,197.6842105589683,197.48510640896828,0.002973240832507433,0.0,0.002973240832507433,0.002973240832507433,0.10802775024777007,42,3.9960356788899905,3,1.2384169620826768,1.6678728435509498,0.949776531501291,0.27
main,v040,LOLO-nes-f1,secondary,LOLO,nested,1,A,MAPPO|wcnc2027_ablation/mappo_seed7/mappo_best.pt,MAPPO,7,R,wcnc2027_ablation 2026-09-14,2,-307.20620810086996,282.15462186575377,22.8998878351162,0.1516984,2.0,206.90356891766393,206.8656443176639,0.0009910802775024777,0.0,0.0009910802775024777,0.0009910802775024777,0.003964321110009911,8,0.761149653121903,1,0.8633295945038733,0.8633295945038733,0.8633295945038733,0.27
main,v040,LOLO-nes-f1,secondary,LOLO,nested,1,A,MAPPO|wcnc2027_ablation/mappo_seed7/mappo_best.pt,MAPPO,7,R,wcnc2027_ablation 2026-09-14,3,-164.8433877217286,137.8433877217286,27.0,0.0,0.0,207.34821457438574,207.34821457438574,0.0009910802775024777,0.0009910802775024777,0.0,0.0009910802775024777,0.0,0,0.0,1,4.847787108941211,4.847787108941211,1.0,0.27
main,v040,LOLO-nes-f1,secondary,LOLO,nested,1,A,MAPPO|wcnc2027_ablation/mappo_seed7/mappo_best.pt,MAPPO,7,R,wcnc2027_ablation 2026-09-14,4,-747.5519938132305,642.6216507429982,98.95977567023239,0.7205674,5.25,193.28337725780744,193.10323540780746,0.003964321110009911,0.0,0.003964321110009911,0.003964321110009911,0.14767096134786917,38,3.615460852329039,4,1.2586012190274114,1.6678728435509498,0.9246647972519366,0.27
main,v040,LOLO-nes-f1,secondary,LOLO,nested,1,A,MAPPO|wcnc2027_ablation/mappo_seed7/mappo_best.pt,MAPPO,7,R,wcnc2027_ablation 2026-09-14,5,-392.0572899698786,389.96596856987856,0.0,0.3413214,1.75,203.21559246711968,203.13026211711968,0.0,0.0,0.0,0.0,0.05550049554013875,18,1.7125867195242817,0,0.0,0.0,0.0,0.27
main,v040,LOLO-nes-f1,secondary,LOLO,nested,1,A,MAPPO|wcnc2027_ablation/mappo_seed7/mappo_best.pt,MAPPO,7,R,wcnc2027_ablation 2026-09-14,6,-799.1440363165244,715.046522646292,71.95977567023239,1.1377380000000001,11.0,195.90706736607063,195.6226328660706,0.003964321110009911,0.0,0.003964321110009911,0.002973240832507433,0.13577799801783944,60,5.708622398414271,4,64.8116965298714,257.4980616044213,0.6871811287660653,0.27
main,v040,LOLO-nes-f1,secondary,LOLO,nested,1,A,MAPPO|wcnc2027_ablation/mappo_seed7/mappo_best.pt,MAPPO,7,R,wcnc2027_ablation 2026-09-14,7,-693.042005281025,632.4843624810251,54.0,0.6826428,5.875,199.16732616162926,198.99666546162925,0.0019821605550049554,0.0,0.0019821605550049554,0.0019821605550049554,0.1199207135777998,36,3.4251734390485633,2,1.5733738591913267,1.6678728435509498,1.0,0.27
main,v040,LOLO-nes-f1,secondary,LOLO,nested,1,A,MAPPO|wcnc2027_ablation/mappo_seed7/mappo_best.pt,MAPPO,7,R,wcnc2027_ablation 2026-09-14,8,-426.55719601147626,374.85440054124393,44.95977567023239,0.4930198,6.25,205.14870818842212,205.02545323842213,0.0019821605550049554,0.0,0.0019821605550049554,0.0019821605550049554,0.03270564915758176,26,2.4737363726461843,2,0.8493295945038731,0.8493295945038731,0.8493295945038731,0.27
main,v040,LOLO-nes-f1,secondary,LOLO,nested,1,A,MAPPO|wcnc2027_ablation/mappo_seed7/mappo_best.pt,MAPPO,7,R,wcnc2027_ablation 2026-09-14,9,-1119.6455421817172,80.9672981477038,1038.6782440340135,0.0,0.0,207.45561439355367,207.45561439355367,0.04558969276511397,0.04558969276511397,0.0,0.04558969276511397,0.0,0,0.0,46,2.0064808739983353,4.847787108941211,0.8526653942275458,0.27
main,v040,LOLO-nes-f1,secondary,LOLO,nested,1,A,Centralized PPO|wcnc2027_ablation/central_seed7/ppo_multi_site.zip,Centralized PPO,7,R,wcnc2027_ablation 2026-09-14,all,-12657.915938553975,6173.305054495402,6475.704919058572,0.5309650000000001,8.375,2181.3788145179537,2181.2460732679538,0.02666005946481665,0.005153617443012884,0.022001982160555007,0.026362735381565906,0.09762140733399405,29,0.2759167492566898,269,19.261564830966808,1761.8554311896871,0.9018848572990902,0.67
main,v040,LOLO-nes-f1,secondary,LOLO,nested,1,A,Centralized PPO|wcnc2027_ablation/central_seed7/ppo_multi_site.zip,Centralized PPO,7,R,wcnc2027_ablation 2026-09-14,0,-6706.092737103336,1287.160097078777,5410.026675024557,0.530965,8.375,318.20406735139625,318.07132610139627,0.22001982160555006,0.004955401387512388,0.22001982160555006,0.21704658077304262,0.9762140733399405,29,2.759167492566898,222,22.90186951449192,1761.8554311896871,0.9116415246801268,0.67
main,v040,LOLO-nes-f1,secondary,LOLO,nested,1,A,Centralized PPO|wcnc2027_ablation/central_seed7/ppo_multi_site.zip,Centralized PPO,7,R,wcnc2027_ablation 2026-09-14,1,-868.3855788203986,868.3855788203986,0.0,0.0,0.0,206.8943170606997,206.8943170606997,0.0,0.0,0.0,0.0,0.0,0,0.0,0,0.0,0.0,0.0,0.67
main,v040,LOLO-nes-f1,secondary,LOLO,nested,1,A,Centralized PPO|wcnc2027_ablation/central_seed7/ppo_multi_site.zip,Centralized PPO,7,R,wcnc2027_ablation 2026-09-14,2,-285.2059472554327,285.2059472554327,0.0,0.0,0.0,207.0872598572126,207.0872598572126,0.0,0.0,0.0,0.0,0.0,0,0.0,0,0.0,0.0,0.0,0.67
main,v040,LOLO-nes-f1,secondary,LOLO,nested,1,A,Centralized PPO|wcnc2027_ablation/central_seed7/ppo_multi_site.zip,Centralized PPO,7,R,wcnc2027_ablation 2026-09-14,3,-164.8433877217286,137.8433877217286,27.0,0.0,0.0,207.34821457438574,207.34821457438574,0.0009910802775024777,0.0009910802775024777,0.0,0.0009910802775024777,0.0,0,0.0,1,4.847787108941211,4.847787108941211,1.0,0.67
main,v040,LOLO-nes-f1,secondary,LOLO,nested,1,A,Centralized PPO|wcnc2027_ablation/central_seed7/ppo_multi_site.zip,Centralized PPO,7,R,wcnc2027_ablation 2026-09-14,4,-955.6073437622715,955.6073437622715,0.0,0.0,0.0,206.8118086716055,206.8118086716055,0.0,0.0,0.0,0.0,0.0,0,0.0,0,0.0,0.0,0.0,0.67
main,v040,LOLO-nes-f1,secondary,LOLO,nested,1,A,Centralized PPO|wcnc2027_ablation/central_seed7/ppo_multi_site.zip,Centralized PPO,7,R,wcnc2027_ablation 2026-09-14,5,-443.071995704485,443.071995704485,0.0,0.0,0.0,206.9825265635951,206.9825265635951,0.0,0.0,0.0,0.0,0.0,0,0.0,0,0.0,0.0,0.0,0.67
main,v040,LOLO-nes-f1,secondary,LOLO,nested,1,A,Centralized PPO|wcnc2027_ablation/central_seed7/ppo_multi_site.zip,Centralized PPO,7,R,wcnc2027_ablation 2026-09-14,6,-955.826601228809,955.826601228809,0.0,0.0,0.0,206.81079593536742,206.81079593536742,0.0,0.0,0.0,0.0,0.0,0,0.0,0,0.0,0.0,0.0,0.67
main,v040,LOLO-nes-f1,secondary,LOLO,nested,1,A,Centralized PPO|wcnc2027_ablation/central_seed7/ppo_multi_site.zip,Centralized PPO,7,R,wcnc2027_ablation 2026-09-14,7,-757.4683906261789,757.4683906261789,0.0,0.0,0.0,206.8050438206604,206.8050438206604,0.0,0.0,0.0,0.0,0.0,0,0.0,0,0.0,0.0,0.0,0.67
main,v040,LOLO-nes-f1,secondary,LOLO,nested,1,A,Centralized PPO|wcnc2027_ablation/central_seed7/ppo_multi_site.zip,Centralized PPO,7,R,wcnc2027_ablation 2026-09-14,8,-401.76841414961723,401.76841414961723,0.0,0.0,0.0,206.97916628947758,206.97916628947758,0.0,0.0,0.0,0.0,0.0,0,0.0,0,0.0,0.0,0.0,0.67
main,v040,LOLO-nes-f1,secondary,LOLO,nested,1,A,Centralized PPO|wcnc2027_ablation/central_seed7/ppo_multi_site.zip,Centralized PPO,7,R,wcnc2027_ablation 2026-09-14,9,-1119.6455421817172,80.9672981477038,1038.6782440340135,0.0,0.0,207.45561439355367,207.45561439355367,0.04558969276511397,0.04558969276511397,0.0,0.04558969276511397,0.0,0,0.0,46,2.0064808739983353,4.847787108941211,0.8526653942275458,0.67
main,v040,LOLO-nes-f1,secondary,LOLO,nested,1,A,Shared-PPO|wcnc2027_ablation/shared_ppo_seed7/mappo_best.pt,Shared-PPO,7,R,wcnc2027_ablation 2026-09-14 (supplementary ablation),all,-6193.7916937869995,4745.8576203071725,1385.4574588798268,5.7266146,56.75,2004.4941075442434,2003.0624538942434,0.006045589692765114,0.0046580773042616454,0.0013875123885034688,0.005946481665014866,0.07433102081268583,302,2.8733399405351836,61,6.038260381287662,257.4980616044213,0.8562619774106678,0.27
main,v040,LOLO-nes-f1,secondary,LOLO,nested,1,A,Shared-PPO|wcnc2027_ablation/shared_ppo_seed7/mappo_best.pt,Shared-PPO,7,R,wcnc2027_ablation 2026-09-14 (supplementary ablation),0,-951.6810569089726,938.0545451089725,0.0,1.2515118,12.375,188.21124373736535,187.89836578736532,0.0,0.0,0.0,0.0,0.199207135777998,66,6.279484638255699,0,0.0,0.0,0.0,0.27
main,v040,LOLO-nes-f1,secondary,LOLO,nested,1,A,Shared-PPO|wcnc2027_ablation/shared_ppo_seed7/mappo_best.pt,Shared-PPO,7,R,wcnc2027_ablation 2026-09-14 (supplementary ablation),1,-611.4698938669825,548.1355526669824,54.0,0.8343412000000001,8.5,197.766285352211,197.55770005221103,0.0019821605550049554,0.0,0.0019821605550049554,0.0019821605550049554,0.09712586719524281,44,4.186323092170466,2,1.4329606458720787,1.6678728435509498,1.0,0.27
main,v040,LOLO-nes-f1,secondary,LOLO,nested,1,A,Shared-PPO|wcnc2027_ablation/shared_ppo_seed7/mappo_best.pt,Shared-PPO,7,R,wcnc2027_ablation 2026-09-14 (supplementary ablation),2,-306.2547945556113,281.3282083204951,22.8998878351162,0.1516984,1.875,206.8126288113535,206.7747042113535,0.0009910802775024777,0.0,0.0009910802775024777,0.0009910802775024777,0.004955401387512388,8,0.761149653121903,1,0.8633295945038733,0.8633295945038733,0.8633295945038733,0.27
main,v040,LOLO-nes-f1,secondary,LOLO,nested,1,A,Shared-PPO|wcnc2027_ablation/shared_ppo_seed7/mappo_best.pt,Shared-PPO,7,R,wcnc2027_ablation 2026-09-14 (supplementary ablation),3,-164.8433877217286,137.8433877217286,27.0,0.0,0.0,207.34821457438574,207.34821457438574,0.0009910802775024777,0.0009910802775024777,0.0,0.0009910802775024777,0.0,0,0.0,1,4.847787108941211,4.847787108941211,1.0,0.27
main,v040,LOLO-nes-f1,secondary,LOLO,nested,1,A,Shared-PPO|wcnc2027_ablation/shared_ppo_seed7/mappo_best.pt,Shared-PPO,7,R,wcnc2027_ablation 2026-09-14 (supplementary ablation),4,-752.1186490996384,644.574532229406,98.95977567023239,0.8343412,7.75,193.46412390014402,193.25553860014404,0.003964321110009911,0.0,0.003964321110009911,0.003964321110009911,0.13875123885034688,44,4.186323092170466,4,1.2586012190274114,1.6678728435509498,0.9246647972519366,0.27
main,v040,LOLO-nes-f1,secondary,LOLO,nested,1,A,Shared-PPO|wcnc2027_ablation/shared_ppo_seed7/mappo_best.pt,Shared-PPO,7,R,wcnc2027_ablation 2026-09-14 (supplementary ablation),5,-392.3379012533428,389.20865525334284,0.0,0.379246,2.75,203.15549399283356,203.06068249283354,0.0,0.0,0.0,0.0,0.05153617443012884,20,1.9028741328047574,0,0.0,0.0,0.0,0.27
main,v040,LOLO-nes-f1,secondary,LOLO,nested,1,A,Shared-PPO|wcnc2027_ablation/shared_ppo_seed7/mappo_best.pt,Shared-PPO,7,R,wcnc2027_ablation 2026-09-14 (supplementary ablation),6,-826.8041480006823,719.6017464953336,94.43966350534859,1.1377380000000001,11.625,196.25856727524985,195.97413277524984,0.004955401387512388,0.0,0.004955401387512388,0.003964321110009911,0.11694747274529237,60,5.708622398414271,5,52.0192231427979,257.4980616044213,0.7196108219136269,0.27
main,v040,LOLO-nes-f1,secondary,LOLO,nested,1,A,Shared-PPO|wcnc2027_ablation/shared_ppo_seed7/mappo_best.pt,Shared-PPO,7,R,wcnc2027_ablation 2026-09-14 (supplementary ablation),7,-662.912873089319,628.855230289319,27.0,0.6826428000000001,6.375,198.77479752041106,198.60413682041107,0.0009910802775024777,0.0,0.0009910802775024777,0.0009910802775024777,0.10901883052527254,36,3.4251734390485633,1,1.4788748748317033,1.4788748748317033,1.0,0.27
main,v040,LOLO-nes-f1,secondary,LOLO,nested,1,A,Shared-PPO|wcnc2027_ablation/shared_ppo_seed7/mappo_best.pt,Shared-PPO,7,R,wcnc2027_ablation 2026-09-14 (supplementary ablation),8,-405.7234471090044,377.2884640738882,22.479887835116195,0.45509520000000003,5.5,205.24713798673577,205.13336418673578,0.0009910802775024777,0.0,0.0009910802775024777,0.0009910802775024777,0.02576808721506442,24,2.2834489593657086,1,0.8493295945038731,0.8493295945038731,0.8493295945038731,0.27
main,v040,LOLO-nes-f1,secondary,LOLO,nested,1,A,Shared-PPO|wcnc2027_ablation/shared_ppo_seed7/mappo_best.pt,Shared-PPO,7,R,wcnc2027_ablation 2026-09-14 (supplementary ablation),9,-1119.6455421817172,80.9672981477038,1038.6782440340135,0.0,0.0,207.45561439355367,207.45561439355367,0.04558969276511397,0.04558969276511397,0.0,0.04558969276511397,0.0,0,0.0,46,2.0064808739983353,4.847787108941211,0.8526653942275458,0.27
main,v040,LOLO-nes-f1,secondary,LOLO,nested,1,A,MAPPO|wcnc2027_ablation/mappo_seed13/mappo_best.pt,MAPPO,13,R,wcnc2027_ablation 2026-09-14,all,-6218.446387595695,4745.076937115868,1412.4574588798266,5.5369916,55.375,2004.62617795692,2003.2419300569197,0.006144697720515362,0.0046580773042616454,0.0014866204162537165,0.006045589692765114,0.07492566897918732,292,2.7781962338949455,62,5.967770259711264,257.4980616044213,0.8585803326137216,0.27
main,v040,LOLO-nes-f1,secondary,LOLO,nested,1,A,MAPPO|wcnc2027_ablation/mappo_seed13/mappo_best.pt,MAPPO,13,R,wcnc2027_ablation 2026-09-14,0,-950.5464346609759,937.9957720609759,0.0,1.1756626,11.375,188.285671912689,187.99175626268897,0.0,0.0,0.0,0.0,0.20317145688800792,62,5.898909811694748,0,0.0,0.0,0.0,0.27
main,v040,LOLO-nes-f1,secondary,LOLO,nested,1,A,MAPPO|wcnc2027_ablation/mappo_seed13/mappo_best.pt,MAPPO,13,R,wcnc2027_ablation 2026-09-14,1,-631.9403064553277,545.0881528202115,76.47988783511619,0.8722658000000001,9.5,197.55067576891318,197.33260931891317,0.002973240832507433,0.0,0.002973240832507433,0.002973240832507433,0.10307234886025768,46,4.376610505450942,3,1.2384169620826768,1.6678728435509498,0.949776531501291,0.27
main,v040,LOLO-nes-f1,secondary,LOLO,nested,1,A,MAPPO|wcnc2027_ablation/mappo_seed13/mappo_best.pt,MAPPO,13,R,wcnc2027_ablation 2026-09-14,2,-306.624894506108,282.1112328709918,22.8998878351162,0.11377380000000001,1.5,206.88592967590293,206.85748622590293,0.0009910802775024777,0.0,0.0009910802775024777,0.0009910802775024777,0.002973240832507433,6,0.5708622398414271,1,0.8633295945038733,0.8633295945038733,0.8633295945038733,0.27
main,v040,LOLO-nes-f1,secondary,LOLO,nested,1,A,MAPPO|wcnc2027_ablation/mappo_seed13/mappo_best.pt,MAPPO,13,R,wcnc2027_ablation 2026-09-14,3,-164.8433877217286,137.8433877217286,27.0,0.0,0.0,207.34821457438574,207.34821457438574,0.0009910802775024777,0.0009910802775024777,0.0,0.0009910802775024777,0.0,0,0.0,1,4.847787108941211,4.847787108941211,1.0,0.27
main,v040,LOLO-nes-f1,secondary,LOLO,nested,1,A,MAPPO|wcnc2027_ablation/mappo_seed13/mappo_best.pt,MAPPO,13,R,wcnc2027_ablation 2026-09-14,4,-753.1722257118938,644.3401842416614,98.95977567023239,0.8722658,9.0,193.49787489095505,193.27980844095504,0.003964321110009911,0.0,0.003964321110009911,0.003964321110009911,0.13478691774033696,46,4.376610505450942,4,1.2586012190274114,1.6678728435509498,0.9246647972519366,0.27
main,v040,LOLO-nes-f1,secondary,LOLO,nested,1,A,MAPPO|wcnc2027_ablation/mappo_seed13/mappo_best.pt,MAPPO,13,R,wcnc2027_ablation 2026-09-14,5,-395.27370722082094,391.106536620821,0.0,0.4171706,3.75,203.3044039004617,203.2001112504617,0.0,0.0,0.0,0.0,0.049554013875123884,22,2.093161546085233,0,0.0,0.0,0.0,0.27
main,v040,LOLO-nes-f1,secondary,LOLO,nested,1,A,MAPPO|wcnc2027_ablation/mappo_seed13/mappo_best.pt,MAPPO,13,R,wcnc2027_ablation 2026-09-14,6,-801.3452490796899,717.8235846094576,71.95977567023239,1.0618888000000002,10.5,196.10811154674727,195.84263934674726,0.003964321110009911,0.0,0.003964321110009911,0.002973240832507433,0.12190287413280476,56,5.32804757185332,4,64.8116965298714,257.4980616044213,0.6871811287660653,0.27
main,v040,LOLO-nes-f1,secondary,LOLO,nested,1,A,MAPPO|wcnc2027_ablation/mappo_seed13/mappo_best.pt,MAPPO,13,R,wcnc2027_ablation 2026-09-14,7,-691.4064480396523,631.0117298396524,54.0,0.6447182,5.75,199.02377345131111,198.86259390131107,0.0019821605550049554,0.0,0.0019821605550049554,0.0019821605550049554,0.10703666997026759,34,3.2348860257680876,2,1.5733738591913267,1.6678728435509498,1.0,0.27
main,v040,LOLO-nes-f1,secondary,LOLO,nested,1,A,MAPPO|wcnc2027_ablation/mappo_seed13/mappo_best.pt,MAPPO,13,R,wcnc2027_ablation 2026-09-14,8,-403.64819201777976,376.78905818266355,22.479887835116195,0.37924599999999997,4.0,205.16590784200042,205.07109634200043,0.0009910802775024777,0.0,0.0009910802775024777,0.0009910802775024777,0.026759167492566897,20,1.9028741328047574,1,0.8493295945038731,0.8493295945038731,0.8493295945038731,0.27
main,v040,LOLO-nes-f1,secondary,LOLO,nested,1,A,MAPPO|wcnc2027_ablation/mappo_seed13/mappo_best.pt,MAPPO,13,R,wcnc2027_ablation 2026-09-14,9,-1119.6455421817172,80.9672981477038,1038.6782440340135,0.0,0.0,207.45561439355367,207.45561439355367,0.04558969276511397,0.04558969276511397,0.0,0.04558969276511397,0.0,0,0.0,46,2.0064808739983353,4.847787108941211,0.8526653942275458,0.27
main,v040,LOLO-nes-f1,secondary,LOLO,nested,1,A,Centralized PPO|wcnc2027_ablation/central_seed13/ppo_multi_site.zip,Centralized PPO,13,R,wcnc2027_ablation 2026-09-14,all,-12213.30362147594,6113.784574298297,6079.865816377643,1.4032308000000002,18.25,2166.382552695867,2166.0317449958675,0.025074331020812687,0.005153617443012884,0.02041625371655104,0.024777006937561942,0.09246778989098117,74,0.7040634291377602,253,20.400092174014357,1761.8554311896871,0.9004442286854715,0.67
main,v040,LOLO-nes-f1,secondary,LOLO,nested,1,A,Centralized PPO|wcnc2027_ablation/central_seed13/ppo_multi_site.zip,Centralized PPO,13,R,wcnc2027_ablation 2026-09-14,0,-6261.480420025301,1227.6396168816723,5014.187572343628,1.4032308,18.25,303.2078055293097,302.85699782930976,0.20416253716551042,0.004955401387512388,0.20416253716551042,0.20118929633300298,0.9246778989098117,74,7.040634291377602,206,24.58290006171247,1761.8554311896871,0.9106300083638699,0.67
main,v040,LOLO-nes-f1,secondary,LOLO,nested,1,A,Centralized PPO|wcnc2027_ablation/central_seed13/ppo_multi_site.zip,Centralized PPO,13,R,wcnc2027_ablation 2026-09-14,1,-868.3855788203986,868.3855788203986,0.0,0.0,0.0,206.8943170606997,206.8943170606997,0.0,0.0,0.0,0.0,0.0,0,0.0,0,0.0,0.0,0.0,0.67
main,v040,LOLO-nes-f1,secondary,LOLO,nested,1,A,Centralized PPO|wcnc2027_ablation/central_seed13/ppo_multi_site.zip,Centralized PPO,13,R,wcnc2027_ablation 2026-09-14,2,-285.2059472554327,285.2059472554327,0.0,0.0,0.0,207.0872598572126,207.0872598572126,0.0,0.0,0.0,0.0,0.0,0,0.0,0,0.0,0.0,0.0,0.67
main,v040,LOLO-nes-f1,secondary,LOLO,nested,1,A,Centralized PPO|wcnc2027_ablation/central_seed13/ppo_multi_site.zip,Centralized PPO,13,R,wcnc2027_ablation 2026-09-14,3,-164.8433877217286,137.8433877217286,27.0,0.0,0.0,207.34821457438574,207.34821457438574,0.0009910802775024777,0.0009910802775024777,0.0,0.0009910802775024777,0.0,0,0.0,1,4.847787108941211,4.847787108941211,1.0,0.67
main,v040,LOLO-nes-f1,secondary,LOLO,nested,1,A,Centralized PPO|wcnc2027_ablation/central_seed13/ppo_multi_site.zip,Centralized PPO,13,R,wcnc2027_ablation 2026-09-14,4,-955.6073437622715,955.6073437622715,0.0,0.0,0.0,206.8118086716055,206.8118086716055,0.0,0.0,0.0,0.0,0.0,0,0.0,0,0.0,0.0,0.0,0.67
main,v040,LOLO-nes-f1,secondary,LOLO,nested,1,A,Centralized PPO|wcnc2027_ablation/central_seed13/ppo_multi_site.zip,Centralized PPO,13,R,wcnc2027_ablation 2026-09-14,5,-443.071995704485,443.071995704485,0.0,0.0,0.0,206.9825265635951,206.9825265635951,0.0,0.0,0.0,0.0,0.0,0,0.0,0,0.0,0.0,0.0,0.67
main,v040,LOLO-nes-f1,secondary,LOLO,nested,1,A,Centralized PPO|wcnc2027_ablation/central_seed13/ppo_multi_site.zip,Centralized PPO,13,R,wcnc2027_ablation 2026-09-14,6,-955.826601228809,955.826601228809,0.0,0.0,0.0,206.81079593536742,206.81079593536742,0.0,0.0,0.0,0.0,0.0,0,0.0,0,0.0,0.0,0.0,0.67
main,v040,LOLO-nes-f1,secondary,LOLO,nested,1,A,Centralized PPO|wcnc2027_ablation/central_seed13/ppo_multi_site.zip,Centralized PPO,13,R,wcnc2027_ablation 2026-09-14,7,-757.4683906261789,757.4683906261789,0.0,0.0,0.0,206.8050438206604,206.8050438206604,0.0,0.0,0.0,0.0,0.0,0,0.0,0,0.0,0.0,0.0,0.67
main,v040,LOLO-nes-f1,secondary,LOLO,nested,1,A,Centralized PPO|wcnc2027_ablation/central_seed13/ppo_multi_site.zip,Centralized PPO,13,R,wcnc2027_ablation 2026-09-14,8,-401.76841414961723,401.76841414961723,0.0,0.0,0.0,206.97916628947758,206.97916628947758,0.0,0.0,0.0,0.0,0.0,0,0.0,0,0.0,0.0,0.0,0.67
main,v040,LOLO-nes-f1,secondary,LOLO,nested,1,A,Centralized PPO|wcnc2027_ablation/central_seed13/ppo_multi_site.zip,Centralized PPO,13,R,wcnc2027_ablation 2026-09-14,9,-1119.6455421817172,80.9672981477038,1038.6782440340135,0.0,0.0,207.45561439355367,207.45561439355367,0.04558969276511397,0.04558969276511397,0.0,0.04558969276511397,0.0,0,0.0,46,2.0064808739983353,4.847787108941211,0.8526653942275458,0.67
main,v040,LOLO-nes-f1,secondary,LOLO,nested,1,A,Shared-PPO|wcnc2027_ablation/shared_ppo_seed13/mappo_best.pt,Shared-PPO,13,R,wcnc2027_ablation 2026-09-14 (supplementary ablation),all,-6115.311069086695,4810.664132277101,1259.4976832095942,4.399253600000001,40.75,2010.514894726298,2009.4150813262982,0.005550049554013875,0.0046580773042616454,0.00089197224975223,0.005450941526263627,0.06164519326065411,232,2.2073339940535184,56,1.8926859776202796,4.847787108941211,0.8488093113043391,0.27
main,v040,LOLO-nes-f1,secondary,LOLO,nested,1,A,Shared-PPO|wcnc2027_ablation/shared_ppo_seed13/mappo_best.pt,Shared-PPO,13,R,wcnc2027_ablation 2026-09-14 (supplementary ablation),0,-957.718361080638,950.0090198806379,0.0,0.8343411999999999,6.875,189.41250411761462,189.20391881761464,0.0,0.0,0.0,0.0,0.17443012884043607,44,4.186323092170466,0,0.0,0.0,0.0,0.27
main,v040,LOLO-nes-f1,secondary,LOLO,nested,1,A,Shared-PPO|wcnc2027_ablation/shared_ppo_seed13/mappo_best.pt,Shared-PPO,13,R,wcnc2027_ablation 2026-09-14 (supplementary ablation),1,-617.0505823655742,554.4170903655743,54.0,0.7584919999999999,7.875,198.3957887549443,198.20616575494432,0.0019821605550049554,0.0,0.0019821605550049554,0.0019821605550049554,0.08225966303270565,40,3.8057482656095147,2,1.4329606458720787,1.6678728435509498,1.0,0.27
main,v040,LOLO-nes-f1,secondary,LOLO,nested,1,A,Shared-PPO|wcnc2027_ablation/shared_ppo_seed13/mappo_best.pt,Shared-PPO,13,R,wcnc2027_ablation 2026-09-14 (supplementary ablation),2,-306.7417191491549,282.7659821140387,22.8998878351162,0.0758492,1.0,206.9340850292308,206.9151227292308,0.0009910802775024777,0.0,0.0009910802775024777,0.0009910802775024777,0.0019821605550049554,4,0.3805748265609515,1,0.8633295945038733,0.8633295945038733,0.8633295945038733,0.27
main,v040,LOLO-nes-f1,secondary,LOLO,nested,1,A,Shared-PPO|wcnc2027_ablation/shared_ppo_seed13/mappo_best.pt,Shared-PPO,13,R,wcnc2027_ablation 2026-09-14 (supplementary ablation),3,-164.8433877217286,137.8433877217286,27.0,0.0,0.0,207.34821457438574,207.34821457438574,0.0009910802775024777,0.0009910802775024777,0.0,0.0009910802775024777,0.0,0,0.0,1,4.847787108941211,4.847787108941211,1.0,0.27
main,v040,LOLO-nes-f1,secondary,LOLO,nested,1,A,Shared-PPO|wcnc2027_ablation/shared_ppo_seed13/mappo_best.pt,Shared-PPO,13,R,wcnc2027_ablation 2026-09-14 (supplementary ablation),4,-732.4944731909288,653.8141301206965,71.95977567023239,0.7205674,6.0,194.2339431934996,194.05380134349963,0.002973240832507433,0.0,0.002973240832507433,0.002973240832507433,0.12190287413280476,38,3.615460852329039,3,1.122177344186232,1.6678728435509498,0.8995530630025822,0.27
main,v040,LOLO-nes-f1,secondary,LOLO,nested,1,A,Shared-PPO|wcnc2027_ablation/shared_ppo_seed13/mappo_best.pt,Shared-PPO,13,R,wcnc2027_ablation 2026-09-14 (supplementary ablation),5,-397.98379883244763,396.75625123244765,0.0,0.22754760000000002,1.0,203.87396077585657,203.81707387585658,0.0,0.0,0.0,0.0,0.03964321110009911,12,1.1417244796828543,0,0.0,0.0,0.0,0.27
main,v040,LOLO-nes-f1,secondary,LOLO,nested,1,A,Shared-PPO|wcnc2027_ablation/shared_ppo_seed13/mappo_best.pt,Shared-PPO,13,R,wcnc2027_ablation 2026-09-14 (supplementary ablation),6,-764.441163953016,729.7252365178997,22.479887835116195,0.9860396,11.25,197.21671460961542,196.97020470961542,0.0019821605550049554,0.0,0.0019821605550049554,0.0009910802775024777,0.0981169474727453,52,4.947472745292369,2,0.449697460280194,0.8493295945038731,0.449697460280194,0.27
main,v040,LOLO-nes-f1,secondary,LOLO,nested,1,A,Shared-PPO|wcnc2027_ablation/shared_ppo_seed13/mappo_best.pt,Shared-PPO,13,R,wcnc2027_ablation 2026-09-14 (supplementary ablation),7,-644.2579624162349,640.352018016235,0.0,0.5309444000000001,3.375,199.8406571339126,199.7079210339126,0.0,0.0,0.0,0.0,0.08424182358771061,28,2.66402378592666,0,0.0,0.0,0.0,0.27
main,v040,LOLO-nes-f1,secondary,LOLO,nested,1,A,Shared-PPO|wcnc2027_ablation/shared_ppo_seed13/mappo_best.pt,Shared-PPO,13,R,wcnc2027_ablation 2026-09-14 (supplementary ablation),8,-410.1340781952548,384.01371816013864,22.479887835116195,0.26547220000000005,3.375,205.80341214368494,205.73704409368494,0.0009910802775024777,0.0,0.0009910802775024777,0.0009910802775024777,0.013875123885034688,14,1.33201189296333,1,0.8493295945038731,0.8493295945038731,0.8493295945038731,0.27
main,v040,LOLO-nes-f1,secondary,LOLO,nested,1,A,Shared-PPO|wcnc2027_ablation/shared_ppo_seed13/mappo_best.pt,Shared-PPO,13,R,wcnc2027_ablation 2026-09-14 (supplementary ablation),9,-1119.6455421817172,80.9672981477038,1038.6782440340135,0.0,0.0,207.45561439355367,207.45561439355367,0.04558969276511397,0.04558969276511397,0.0,0.04558969276511397,0.0,0,0.0,46,2.0064808739983353,4.847787108941211,0.8526653942275458,0.27
main,v040,LOLO-nes-f1,secondary,LOLO,nested,1,A,MAPPO|wcnc2027_ablation/mappo_seed23/mappo_best.pt,MAPPO,23,R,wcnc2027_ablation 2026-09-14,all,-6208.92175700742,4732.481097292477,1407.937346714943,5.878313,62.625,2003.3852276535222,2001.9156494035221,0.006144697720515362,0.0046580773042616454,0.0014866204162537165,0.006045589692765114,0.07789890981169474,310,2.949454905847374,62,5.954567949242763,257.4980616044213,0.8561501647831388,0.27
main,v040,LOLO-nes-f1,secondary,LOLO,nested,1,A,MAPPO|wcnc2027_ablation/mappo_seed23/mappo_best.pt,MAPPO,23,R,wcnc2027_ablation 2026-09-14,0,-948.894884649723,935.9312974497232,0.0,1.2135872,11.75,188.0553114348156,187.7519146348156,0.0,0.0,0.0,0.0,0.2130822596630327,64,6.089197224975224,0,0.0,0.0,0.0,0.27
main,v040,LOLO-nes-f1,secondary,LOLO,nested,1,A,MAPPO|wcnc2027_ablation/mappo_seed23/mappo_best.pt,MAPPO,23,R,wcnc2027_ablation 2026-09-14,1,-631.0526494969286,543.5375712618122,76.47988783511619,0.9101904000000001,10.125,197.33995062662365,197.11240302662367,0.002973240832507433,0.0,0.002973240832507433,0.002973240832507433,0.10703666997026759,48,4.566897918731417,3,1.2384169620826768,1.6678728435509498,0.949776531501291,0.27
main,v040,LOLO-nes-f1,secondary,LOLO,nested,1,A,MAPPO|wcnc2027_ablation/mappo_seed23/mappo_best.pt,MAPPO,23,R,wcnc2027_ablation 2026-09-14,2,-307.06808739135016,282.01650115623397,22.8998878351162,0.1516984,2.0,206.88449863697946,206.84657403697946,0.0009910802775024777,0.0,0.0009910802775024777,0.0009910802775024777,0.003964321110009911,8,0.761149653121903,1,0.8633295945038733,0.8633295945038733,0.8633295945038733,0.27
main,v040,LOLO-nes-f1,secondary,LOLO,nested,1,A,MAPPO|wcnc2027_ablation/mappo_seed23/mappo_best.pt,MAPPO,23,R,wcnc2027_ablation 2026-09-14,3,-164.8433877217286,137.8433877217286,27.0,0.0,0.0,207.34821457438574,207.34821457438574,0.0009910802775024777,0.0009910802775024777,0.0,0.0009910802775024777,0.0,0,0.0,1,4.847787108941211,4.847787108941211,1.0,0.27
main,v040,LOLO-nes-f1,secondary,LOLO,nested,1,A,MAPPO|wcnc2027_ablation/mappo_seed23/mappo_best.pt,MAPPO,23,R,wcnc2027_ablation 2026-09-14,4,-752.2304017965914,642.6483603263591,98.95977567023239,0.8722658,9.75,193.300109772761,193.08204332276102,0.003964321110009911,0.0,0.003964321110009911,0.003964321110009911,0.14073339940535184,46,4.376610505450942,4,1.2586012190274114,1.6678728435509498,0.9246647972519366,0.27
main,v040,LOLO-nes-f1,secondary,LOLO,nested,1,A,MAPPO|wcnc2027_ablation/mappo_seed23/mappo_best.pt,MAPPO,23,R,wcnc2027_ablation 2026-09-14,5,-393.3316881682204,389.9524421682204,0.0,0.37924599999999997,3.0,203.2497923377193,203.1549808377193,0.0,0.0,0.0,0.0,0.05054509415262636,20,1.9028741328047574,0,0.0,0.0,0.0,0.27
main,v040,LOLO-nes-f1,secondary,LOLO,nested,1,A,MAPPO|wcnc2027_ablation/mappo_seed23/mappo_best.pt,MAPPO,23,R,wcnc2027_ablation 2026-09-14,6,-825.9904455047379,715.1742701993892,94.43966350534859,1.2515118,15.125,195.93073416166018,195.61785621166018,0.004955401387512388,0.0,0.004955401387512388,0.003964321110009911,0.12190287413280476,66,6.279484638255699,5,52.0192231427979,257.4980616044213,0.7196108219136269,0.27
main,v040,LOLO-nes-f1,secondary,LOLO,nested,1,A,MAPPO|wcnc2027_ablation/mappo_seed23/mappo_best.pt,MAPPO,23,R,wcnc2027_ablation 2026-09-14,7,-660.6799172392695,627.6601990392694,27.0,0.6447182,5.375,198.6375809002946,198.47640135029462,0.0009910802775024777,0.0,0.0009910802775024777,0.0009910802775024777,0.11496531219028741,34,3.2348860257680876,1,1.4788748748317033,1.4788748748317033,1.0,0.27
main,v040,LOLO-nes-f1,secondary,LOLO,nested,1,A,MAPPO|wcnc2027_ablation/mappo_seed23/mappo_best.pt,MAPPO,23,R,wcnc2027_ablation 2026-09-14,8,-405.1847528571529,376.74976982203674,22.479887835116195,0.45509520000000003,5.5,205.18342081472915,205.06964701472916,0.0009910802775024777,0.0,0.0009910802775024777,0.0009910802775024777,0.026759167492566897,24,2.2834489593657086,1,0.8493295945038731,0.8493295945038731,0.8493295945038731,0.27
main,v040,LOLO-nes-f1,secondary,LOLO,nested,1,A,MAPPO|wcnc2027_ablation/mappo_seed23/mappo_best.pt,MAPPO,23,R,wcnc2027_ablation 2026-09-14,9,-1119.6455421817172,80.9672981477038,1038.6782440340135,0.0,0.0,207.45561439355367,207.45561439355367,0.04558969276511397,0.04558969276511397,0.0,0.04558969276511397,0.0,0,0.0,46,2.0064808739983353,4.847787108941211,0.8526653942275458,0.27
main,v040,LOLO-nes-f1,secondary,LOLO,nested,1,A,Centralized PPO|wcnc2027_ablation/central_seed23/ppo_multi_site.zip,Centralized PPO,23,R,wcnc2027_ablation 2026-09-14,all,-20474.39611528026,5812.778986803945,14420.43057327631,13.3115552,227.875,2264.298582736831,2260.9706939368316,0.05916749256689792,0.008919722497522299,0.05450941526263627,0.05758176412289395,0.15143706640237858,700,6.6600594648166505,597,103.46761963524926,2438.3091422736807,0.9038225533100746,0.68
main,v040,LOLO-nes-f1,secondary,LOLO,nested,1,A,Centralized PPO|wcnc2027_ablation/central_seed23/ppo_multi_site.zip,Centralized PPO,23,R,wcnc2027_ablation 2026-09-14,0,-5973.951195073795,1192.2163634832255,4636.529136990569,7.205694599999999,138.0,271.33793436439265,269.53651071439265,0.18830525272547077,0.0,0.18830525272547077,0.18533201189296333,0.6878097125867195,380,36.15460852329039,190,8.009880017492394,255.74885914140773,0.91263772216415,0.68
main,v040,LOLO-nes-f1,secondary,LOLO,nested,1,A,Centralized PPO|wcnc2027_ablation/central_seed23/ppo_multi_site.zip,Centralized PPO,23,R,wcnc2027_ablation 2026-09-14,1,-2082.1961110489938,602.2952007936103,1475.2561920553835,0.6447182,4.0,224.1737812875382,224.0126017375382,0.06045589692765114,0.002973240832507433,0.06045589692765114,0.05946481665014866,0.2705649157581764,33,3.1397423191278495,61,17.933058468465333,255.74885914140773,0.9053323234082398,0.68
main,v040,LOLO-nes-f1,secondary,LOLO,nested,1,A,Centralized PPO|wcnc2027_ablation/central_seed23/ppo_multi_site.zip,Centralized PPO,23,R,wcnc2027_ablation 2026-09-14,2,-285.2059472554327,285.2059472554327,0.0,0.0,0.0,207.0872598572126,207.0872598572126,0.0,0.0,0.0,0.0,0.0,0,0.0,0,0.0,0.0,0.0,0.68
main,v040,LOLO-nes-f1,secondary,LOLO,nested,1,A,Centralized PPO|wcnc2027_ablation/central_seed23/ppo_multi_site.zip,Centralized PPO,23,R,wcnc2027_ablation 2026-09-14,3,-164.8433877217286,137.8433877217286,27.0,0.0,0.0,207.34821457438574,207.34821457438574,0.0009910802775024777,0.0009910802775024777,0.0,0.0009910802775024777,0.0,0,0.0,1,4.847787108941211,4.847787108941211,1.0,0.68
main,v040,LOLO-nes-f1,secondary,LOLO,nested,1,A,Centralized PPO|wcnc2027_ablation/central_seed23/ppo_multi_site.zip,Centralized PPO,23,R,wcnc2027_ablation 2026-09-14,4,-1190.4415254624805,958.8430881571318,229.85966350534858,0.11377380000000001,1.625,210.0139570103725,209.9855135603725,0.008919722497522299,0.0019821605550049554,0.008919722497522299,0.008919722497522299,0.005946481665014866,6,0.5708622398414271,9,392.40296642321505,1761.8554311896871,0.9513320870568466,0.68
main,v040,LOLO-nes-f1,secondary,LOLO,nested,1,A,Centralized PPO|wcnc2027_ablation/central_seed23/ppo_multi_site.zip,Centralized PPO,23,R,wcnc2027_ablation 2026-09-14,5,-579.8018103504892,444.6388857504892,135.0,0.0379246,0.125,209.7619638331326,209.7524826831326,0.004955401387512388,0.003964321110009911,0.004955401387512388,0.004955401387512388,0.003964321110009911,2,0.19028741328047574,5,1180.6804296450882,1761.8554311896871,1.0,0.68
main,v040,LOLO-nes-f1,secondary,LOLO,nested,1,A,Centralized PPO|wcnc2027_ablation/central_seed23/ppo_multi_site.zip,Centralized PPO,23,R,wcnc2027_ablation 2026-09-14,6,-7863.9388859330575,950.4350298420613,6824.107336690995,5.2715194,84.125,312.7591118463887,311.44123199638875,0.2804757185332012,0.03369672943508424,0.2804757185332012,0.26858275520317143,0.5411298315163529,277,26.35480673934589,283,175.3323450575203,2438.3091422736807,0.9016644115513947,0.68
main,v040,LOLO-nes-f1,secondary,LOLO,nested,1,A,Centralized PPO|wcnc2027_ablation/central_seed23/ppo_multi_site.zip,Centralized PPO,23,R,wcnc2027_ablation 2026-09-14,7,-757.4683906261789,757.4683906261789,0.0,0.0,0.0,206.8050438206604,206.8050438206604,0.0,0.0,0.0,0.0,0.0,0,0.0,0,0.0,0.0,0.0,0.68
main,v040,LOLO-nes-f1,secondary,LOLO,nested,1,A,Centralized PPO|wcnc2027_ablation/central_seed23/ppo_multi_site.zip,Centralized PPO,23,R,wcnc2027_ablation 2026-09-14,8,-456.90331962638334,402.86539502638334,54.0,0.0379246,0.0,207.55570174919447,207.54622059919447,0.0019821605550049554,0.0,0.0019821605550049554,0.0019821605550049554,0.004955401387512388,2,0.19028741328047574,2,1.5733738591913267,1.6678728435509498,1.0,0.68
main,v040,LOLO-nes-f1,secondary,LOLO,nested,1,A,Centralized PPO|wcnc2027_ablation/central_seed23/ppo_multi_site.zip,Centralized PPO,23,R,wcnc2027_ablation 2026-09-14,9,-1119.6455421817172,80.9672981477038,1038.6782440340135,0.0,0.0,207.45561439355367,207.45561439355367,0.04558969276511397,0.04558969276511397,0.0,0.04558969276511397,0.0,0,0.0,46,2.0064808739983353,4.847787108941211,0.8526653942275458,0.68
main,v040,LOLO-nes-f1,secondary,LOLO,nested,1,A,Shared-PPO|wcnc2027_ablation/shared_ppo_seed23/mappo_best.pt,Shared-PPO,23,R,wcnc2027_ablation 2026-09-14 (supplementary ablation),all,-6342.77536536287,4734.972701907462,1552.2768980554076,5.6507654,49.875,2004.2222035636369,2002.809512213637,0.006739345887016849,0.0046580773042616454,0.0020812685827552033,0.006640237859266601,0.0912784935579782,298,2.8352824578790883,68,5.528386425267186,257.4980616044213,0.8601857146260309,0.25
main,v040,LOLO-nes-f1,secondary,LOLO,nested,1,A,Shared-PPO|wcnc2027_ablation/shared_ppo_seed23/mappo_best.pt,Shared-PPO,23,R,wcnc2027_ablation 2026-09-14 (supplementary ablation),0,-948.9632160180165,935.7987796180165,0.0,1.2894364,11.875,188.11404093003642,187.79168183003642,0.0,0.0,0.0,0.0,0.24380574826560952,68,6.469772051536175,0,0.0,0.0,0.0,0.25
main,v040,LOLO-nes-f1,secondary,LOLO,nested,1,A,Shared-PPO|wcnc2027_ablation/shared_ppo_seed23/mappo_best.pt,Shared-PPO,23,R,wcnc2027_ablation 2026-09-14 (supplementary ablation),1,-627.5818448045434,545.0063895694273,76.47988783511619,0.7205674000000001,5.375,197.77893473806887,197.59879288806886,0.002973240832507433,0.0,0.002973240832507433,0.002973240832507433,0.13181367690782952,38,3.615460852329039,3,1.2384169620826768,1.6678728435509498,0.949776531501291,0.25
main,v040,LOLO-nes-f1,secondary,LOLO,nested,1,A,Shared-PPO|wcnc2027_ablation/shared_ppo_seed23/mappo_best.pt,Shared-PPO,23,R,wcnc2027_ablation 2026-09-14 (supplementary ablation),2,-307.40235016125234,281.3999147261362,22.8998878351162,0.22754760000000002,2.875,206.84475648200763,206.7878695820076,0.0009910802775024777,0.0,0.0009910802775024777,0.0009910802775024777,0.006937561942517344,12,1.1417244796828543,1,0.8633295945038733,0.8633295945038733,0.8633295945038733,0.25
main,v040,LOLO-nes-f1,secondary,LOLO,nested,1,A,Shared-PPO|wcnc2027_ablation/shared_ppo_seed23/mappo_best.pt,Shared-PPO,23,R,wcnc2027_ablation 2026-09-14 (supplementary ablation),3,-164.8433877217286,137.8433877217286,27.0,0.0,0.0,207.34821457438574,207.34821457438574,0.0009910802775024777,0.0009910802775024777,0.0,0.0009910802775024777,0.0,0,0.0,1,4.847787108941211,4.847787108941211,1.0,0.25
main,v040,LOLO-nes-f1,secondary,LOLO,nested,1,A,Shared-PPO|wcnc2027_ablation/shared_ppo_seed23/mappo_best.pt,Shared-PPO,23,R,wcnc2027_ablation 2026-09-14 (supplementary ablation),4,-777.1951233872068,645.4277049169743,125.95977567023239,0.6826428,5.125,193.50887048398374,193.33820978398373,0.004955401387512388,0.0,0.004955401387512388,0.004955401387512388,0.1565906838453915,36,3.4251734390485633,5,1.340455543932119,1.6678728435509498,0.9397318378015493,0.25
main,v040,LOLO-nes-f1,secondary,LOLO,nested,1,A,Shared-PPO|wcnc2027_ablation/shared_ppo_seed23/mappo_best.pt,Shared-PPO,23,R,wcnc2027_ablation 2026-09-14 (supplementary ablation),5,-438.3629314068527,388.7780605366203,45.37977567023239,0.45509520000000003,3.75,203.1612569419152,203.0474831419152,0.0019821605550049554,0.0,0.0019821605550049554,0.0019821605550049554,0.062438057482656094,24,2.2834489593657086,2,0.8563295945038731,0.8633295945038733,0.8563295945038731,0.25
main,v040,LOLO-nes-f1,secondary,LOLO,nested,1,A,Shared-PPO|wcnc2027_ablation/shared_ppo_seed23/mappo_best.pt,Shared-PPO,23,R,wcnc2027_ablation 2026-09-14 (supplementary ablation),6,-817.1091965616072,713.3955688562585,94.43966350534859,1.0239642,8.25,195.87508882743353,195.61909777743352,0.004955401387512388,0.0,0.004955401387512388,0.003964321110009911,0.1466798810703667,54,5.137760158572845,5,52.0192231427979,257.4980616044213,0.7196108219136269,0.25
main,v040,LOLO-nes-f1,secondary,LOLO,nested,1,A,Shared-PPO|wcnc2027_ablation/shared_ppo_seed23/mappo_best.pt,Shared-PPO,23,R,wcnc2027_ablation 2026-09-14 (supplementary ablation),7,-713.771500470138,629.9460452350219,76.47988783511619,0.7205674,6.625,198.9052201984185,198.7250783484185,0.002973240832507433,0.0,0.002973240832507433,0.002973240832507433,0.13082259663032705,38,3.615460852329039,3,1.3320257709621754,1.6678728435509498,0.949776531501291,0.25
main,v040,LOLO-nes-f1,secondary,LOLO,nested,1,A,Shared-PPO|wcnc2027_ablation/shared_ppo_seed23/mappo_best.pt,Shared-PPO,23,R,wcnc2027_ablation 2026-09-14 (supplementary ablation),8,-427.9002726498067,376.4095525795743,44.95977567023239,0.5309444000000001,6.0,205.23020599383378,205.0974698938338,0.0019821605550049554,0.0,0.0019821605550049554,0.0019821605550049554,0.03369672943508424,28,2.66402378592666,2,0.8493295945038731,0.8493295945038731,0.8493295945038731,0.25
main,v040,LOLO-nes-f1,secondary,LOLO,nested,1,A,Shared-PPO|wcnc2027_ablation/shared_ppo_seed23/mappo_best.pt,Shared-PPO,23,R,wcnc2027_ablation 2026-09-14 (supplementary ablation),9,-1119.6455421817172,80.9672981477038,1038.6782440340135,0.0,0.0,207.45561439355367,207.45561439355367,0.04558969276511397,0.04558969276511397,0.0,0.04558969276511397,0.0,0,0.0,46,2.0064808739983353,4.847787108941211,0.8526653942275458,0.25
main,v040,LOLO-nes-f1,secondary,LOLO,nested,1,A,MAPPO|wcnc2027_ablation/mappo_seed42/mappo_best.pt,MAPPO,42,R,wcnc2027_ablation 2026-09-14,all,-6201.126701531573,4759.018083286864,1389.9775710447107,5.0060472,47.125,2006.830699367083,2005.579187567083,0.006045589692765114,0.004757185332011893,0.0013875123885034688,0.005946481665014866,0.07076313181367691,264,2.5117938553022796,61,1744.893365118832,53164.25439009456,0.8587319840581453,0.26
main,v040,LOLO-nes-f1,secondary,LOLO,nested,1,A,MAPPO|wcnc2027_ablation/mappo_seed42/mappo_best.pt,MAPPO,42,R,wcnc2027_ablation 2026-09-14,0,-953.6269350999322,946.1296692999322,0.0,0.8722658,6.625,189.04139925470014,188.8233328047001,0.0,0.0,0.0,0.0,0.18037661050545095,46,4.376610505450942,0,0.0,0.0,0.0,0.26
main,v040,LOLO-nes-f1,secondary,LOLO,nested,1,A,MAPPO|wcnc2027_ablation/mappo_seed42/mappo_best.pt,MAPPO,42,R,wcnc2027_ablation 2026-09-14,1,-610.4691246722979,545.8468588722977,54.0,0.8722658000000001,9.75,197.55615395136434,197.33808750136433,0.0019821605550049554,0.0,0.0019821605550049554,0.0019821605550049554,0.10009910802775025,46,4.376610505450942,2,1.4329606458720787,1.6678728435509498,1.0,0.26
main,v040,LOLO-nes-f1,secondary,LOLO,nested,1,A,MAPPO|wcnc2027_ablation/mappo_seed42/mappo_best.pt,MAPPO,42,R,wcnc2027_ablation 2026-09-14,2,-334.20018605182634,282.68652441671014,49.8998878351162,0.11377380000000001,1.5,206.94338210537478,206.91493865537478,0.0019821605550049554,0.0,0.0019821605550049554,0.0019821605550049554,0.002973240832507433,6,0.5708622398414271,2,1.1711022346677882,1.4788748748317033,0.9316647972519366,0.26
main,v040,LOLO-nes-f1,secondary,LOLO,nested,1,A,MAPPO|wcnc2027_ablation/mappo_seed42/mappo_best.pt,MAPPO,42,R,wcnc2027_ablation 2026-09-14,3,-164.8433877217286,137.8433877217286,27.0,0.0,0.0,207.34821457438574,207.34821457438574,0.0009910802775024777,0.0009910802775024777,0.0,0.0009910802775024777,0.0,0,0.0,1,4.847787108941211,4.847787108941211,1.0,0.26
main,v040,LOLO-nes-f1,secondary,LOLO,nested,1,A,MAPPO|wcnc2027_ablation/mappo_seed42/mappo_best.pt,MAPPO,42,R,wcnc2027_ablation 2026-09-14,4,-751.8041213626356,645.7108536924031,98.95977567023239,0.7584919999999999,6.375,193.57322449134472,193.38360149134473,0.003964321110009911,0.0,0.003964321110009911,0.003964321110009911,0.13478691774033696,40,3.8057482656095147,4,1.2586012190274114,1.6678728435509498,0.9246647972519366,0.26
main,v040,LOLO-nes-f1,secondary,LOLO,nested,1,A,MAPPO|wcnc2027_ablation/mappo_seed42/mappo_best.pt,MAPPO,42,R,wcnc2027_ablation 2026-09-14,5,-394.6283288764532,392.44993207645325,0.0,0.3033968,1.875,203.4775680303319,203.4017188303319,0.0,0.0,0.0,0.0,0.04658077304261645,16,1.522299306243806,0,0.0,0.0,0.0,0.26
main,v040,LOLO-nes-f1,secondary,LOLO,nested,1,A,MAPPO|wcnc2027_ablation/mappo_seed42/mappo_best.pt,MAPPO,42,R,wcnc2027_ablation 2026-09-14,6,-777.4724487191563,720.488708848924,44.95977567023239,1.0239642,11.0,196.39972057914287,196.14372952914286,0.002973240832507433,0.0,0.002973240832507433,0.0019821605550049554,0.11298315163528246,54,5.137760158572845,3,0.582908171688087,0.8493295945038731,0.5829081716880871,0.26
main,v040,LOLO-nes-f1,secondary,LOLO,nested,1,A,MAPPO|wcnc2027_ablation/mappo_seed42/mappo_best.pt,MAPPO,42,R,wcnc2027_ablation 2026-09-14,7,-635.9953790123615,630.4756608123614,0.0,0.6447182,4.875,199.0131850598699,198.8520055098699,0.0,0.0,0.0,0.0,0.10604558969276512,34,3.2348860257680876,0,0.0,0.0,0.0,0.26
main,v040,LOLO-nes-f1,secondary,LOLO,nested,1,A,MAPPO|wcnc2027_ablation/mappo_seed42/mappo_best.pt,MAPPO,42,R,wcnc2027_ablation 2026-09-14,8,-403.8115401375811,376.32740630246496,22.479887835116195,0.37924599999999997,4.625,205.2931753090637,205.19836380906372,0.0009910802775024777,0.0,0.0009910802775024777,0.0009910802775024777,0.022794846382556987,20,1.9028741328047574,1,0.8493295945038731,0.8493295945038731,0.8493295945038731,0.26
main,v040,LOLO-nes-f1,secondary,LOLO,nested,1,A,MAPPO|wcnc2027_ablation/mappo_seed42/mappo_best.pt,MAPPO,42,R,wcnc2027_ablation 2026-09-14,9,-1174.2752498776008,81.05908124358767,1092.6782440340135,0.0379246,0.5,208.18467601150527,208.17519486150528,0.04757185332011893,0.04658077304261645,0.0019821605550049554,0.04757185332011893,0.0009910802775024777,2,0.19028741328047574,48,2217.1001437581886,53164.25439009456,0.8588043361347314,0.26
main,v040,LOLO-nes-f1,secondary,LOLO,nested,1,A,Centralized PPO|wcnc2027_ablation/central_seed42/ppo_multi_site.zip,Centralized PPO,42,R,wcnc2027_ablation 2026-09-14,all,-7571.5585323763535,6022.0868831512325,1540.9631572251224,0.758492,7.75,2071.1933940289946,2071.0037710289944,0.006640237859266601,0.0046580773042616454,0.0019821605550049554,0.006640237859266601,0.01427155599603568,39,0.37106045589692765,67,1.8230797173568583,4.847787108941211,0.8666483369279215,0.67
main,v040,LOLO-nes-f1,secondary,LOLO,nested,1,A,Centralized PPO|wcnc2027_ablation/central_seed42/ppo_multi_site.zip,Centralized PPO,42,R,wcnc2027_ablation 2026-09-14,0,-1321.0566969411743,1321.0566969411743,0.0,0.0,0.0,206.7488673193506,206.7488673193506,0.0,0.0,0.0,0.0,0.0,0,0.0,0,0.0,0.0,0.0,0.67
main,v040,LOLO-nes-f1,secondary,LOLO,nested,1,A,Centralized PPO|wcnc2027_ablation/central_seed42/ppo_multi_site.zip,Centralized PPO,42,R,wcnc2027_ablation 2026-09-14,1,-868.3855788203986,868.3855788203986,0.0,0.0,0.0,206.8943170606997,206.8943170606997,0.0,0.0,0.0,0.0,0.0,0,0.0,0,0.0,0.0,0.0,0.67
main,v040,LOLO-nes-f1,secondary,LOLO,nested,1,A,Centralized PPO|wcnc2027_ablation/central_seed42/ppo_multi_site.zip,Centralized PPO,42,R,wcnc2027_ablation 2026-09-14,2,-285.2059472554327,285.2059472554327,0.0,0.0,0.0,207.0872598572126,207.0872598572126,0.0,0.0,0.0,0.0,0.0,0,0.0,0,0.0,0.0,0.0,0.67
main,v040,LOLO-nes-f1,secondary,LOLO,nested,1,A,Centralized PPO|wcnc2027_ablation/central_seed42/ppo_multi_site.zip,Centralized PPO,42,R,wcnc2027_ablation 2026-09-14,3,-164.8433877217286,137.8433877217286,27.0,0.0,0.0,207.34821457438574,207.34821457438574,0.0009910802775024777,0.0009910802775024777,0.0,0.0009910802775024777,0.0,0,0.0,1,4.847787108941211,4.847787108941211,1.0,0.67
main,v040,LOLO-nes-f1,secondary,LOLO,nested,1,A,Centralized PPO|wcnc2027_ablation/central_seed42/ppo_multi_site.zip,Centralized PPO,42,R,wcnc2027_ablation 2026-09-14,4,-1254.2859777468134,770.4925725557044,475.2849131911089,0.7584919999999999,7.75,208.0815882146917,207.89196521469168,0.019821605550049554,0.0,0.019821605550049554,0.019821605550049554,0.14271555996035679,39,3.7106045589692767,20,1.2500216875022416,1.6678728435509498,0.8921415219851816,0.67
main,v040,LOLO-nes-f1,secondary,LOLO,nested,1,A,Centralized PPO|wcnc2027_ablation/central_seed42/ppo_multi_site.zip,Centralized PPO,42,R,wcnc2027_ablation 2026-09-14,5,-443.071995704485,443.071995704485,0.0,0.0,0.0,206.9825265635951,206.9825265635951,0.0,0.0,0.0,0.0,0.0,0,0.0,0,0.0,0.0,0.0,0.67
main,v040,LOLO-nes-f1,secondary,LOLO,nested,1,A,Centralized PPO|wcnc2027_ablation/central_seed42/ppo_multi_site.zip,Centralized PPO,42,R,wcnc2027_ablation 2026-09-14,6,-955.826601228809,955.826601228809,0.0,0.0,0.0,206.81079593536742,206.81079593536742,0.0,0.0,0.0,0.0,0.0,0,0.0,0,0.0,0.0,0.0,0.67
main,v040,LOLO-nes-f1,secondary,LOLO,nested,1,A,Centralized PPO|wcnc2027_ablation/central_seed42/ppo_multi_site.zip,Centralized PPO,42,R,wcnc2027_ablation 2026-09-14,7,-757.4683906261789,757.4683906261789,0.0,0.0,0.0,206.8050438206604,206.8050438206604,0.0,0.0,0.0,0.0,0.0,0,0.0,0,0.0,0.0,0.0,0.67
main,v040,LOLO-nes-f1,secondary,LOLO,nested,1,A,Centralized PPO|wcnc2027_ablation/central_seed42/ppo_multi_site.zip,Centralized PPO,42,R,wcnc2027_ablation 2026-09-14,8,-401.76841414961723,401.76841414961723,0.0,0.0,0.0,206.97916628947758,206.97916628947758,0.0,0.0,0.0,0.0,0.0,0,0.0,0,0.0,0.0,0.0,0.67
main,v040,LOLO-nes-f1,secondary,LOLO,nested,1,A,Centralized PPO|wcnc2027_ablation/central_seed42/ppo_multi_site.zip,Centralized PPO,42,R,wcnc2027_ablation 2026-09-14,9,-1119.6455421817172,80.9672981477038,1038.6782440340135,0.0,0.0,207.45561439355367,207.45561439355367,0.04558969276511397,0.04558969276511397,0.0,0.04558969276511397,0.0,0,0.0,46,2.0064808739983353,4.847787108941211,0.8526653942275458,0.67
main,v040,LOLO-nes-f1,secondary,LOLO,nested,1,A,Shared-PPO|wcnc2027_ablation/shared_ppo_seed42/mappo_best.pt,Shared-PPO,42,R,wcnc2027_ablation 2026-09-14 (supplementary ablation),all,-6359.254956982145,4716.073047526737,1579.2768980554076,6.0300114,57.875,2002.106447831285,2000.598944981285,0.006838453914767096,0.0046580773042616454,0.002180376610505451,0.006739345887016849,0.09048562933597622,318,3.025569871159564,69,5.472436953068399,257.4980616044213,0.862212008616958,0.25
main,v040,LOLO-nes-f1,secondary,LOLO,nested,1,A,Shared-PPO|wcnc2027_ablation/shared_ppo_seed42/mappo_best.pt,Shared-PPO,42,R,wcnc2027_ablation 2026-09-14 (supplementary ablation),0,-974.2193438874971,932.9790582874971,27.0,1.3652856,12.875,187.74426627193367,187.4029448719337,0.0009910802775024777,0.0,0.0009910802775024777,0.0009910802775024777,0.244796828543112,72,6.850346878097127,1,1.6678728435509498,1.6678728435509498,1.0,0.25
main,v040,LOLO-nes-f1,secondary,LOLO,nested,1,A,Shared-PPO|wcnc2027_ablation/shared_ppo_seed42/mappo_best.pt,Shared-PPO,42,R,wcnc2027_ablation 2026-09-14 (supplementary ablation),1,-627.2500979295708,542.0608688944545,76.47988783511619,0.8343412,7.875,197.29927815766436,197.09069285766438,0.002973240832507433,0.0,0.002973240832507433,0.002973240832507433,0.12586719524281467,44,4.186323092170466,3,1.2384169620826768,1.6678728435509498,0.949776531501291,0.25
main,v040,LOLO-nes-f1,secondary,LOLO,nested,1,A,Shared-PPO|wcnc2027_ablation/shared_ppo_seed42/mappo_best.pt,Shared-PPO,42,R,wcnc2027_ablation 2026-09-14 (supplementary ablation),2,-307.6343294022293,282.0448185671131,22.8998878351162,0.189623,2.5,206.89898706587257,206.85158131587258,0.0009910802775024777,0.0,0.0009910802775024777,0.0009910802775024777,0.004955401387512388,10,0.9514370664023787,1,0.8633295945038733,0.8633295945038733,0.8633295945038733,0.25
main,v040,LOLO-nes-f1,secondary,LOLO,nested,1,A,Shared-PPO|wcnc2027_ablation/shared_ppo_seed42/mappo_best.pt,Shared-PPO,42,R,wcnc2027_ablation 2026-09-14 (supplementary ablation),3,-164.8433877217286,137.8433877217286,27.0,0.0,0.0,207.34821457438574,207.34821457438574,0.0009910802775024777,0.0009910802775024777,0.0,0.0009910802775024777,0.0,0,0.0,1,4.847787108941211,4.847787108941211,1.0,0.25
main,v040,LOLO-nes-f1,secondary,LOLO,nested,1,A,Shared-PPO|wcnc2027_ablation/shared_ppo_seed42/mappo_best.pt,Shared-PPO,42,R,wcnc2027_ablation 2026-09-14 (supplementary ablation),4,-772.6271778823489,641.1097594121164,125.95977567023239,0.6826428,4.875,193.15120970484378,192.98054900484377,0.004955401387512388,0.0,0.004955401387512388,0.004955401387512388,0.1565906838453915,36,3.4251734390485633,5,1.340455543932119,1.6678728435509498,0.9397318378015493,0.25
main,v040,LOLO-nes-f1,secondary,LOLO,nested,1,A,Shared-PPO|wcnc2027_ablation/shared_ppo_seed42/mappo_best.pt,Shared-PPO,42,R,wcnc2027_ablation 2026-09-14 (supplementary ablation),5,-438.2219654512079,388.7620945809755,45.37977567023239,0.45509520000000003,3.625,203.1569824614681,203.0432086614681,0.0019821605550049554,0.0,0.0019821605550049554,0.0019821605550049554,0.061446977205153616,24,2.2834489593657086,2,0.8563295945038731,0.8633295945038733,0.8563295945038731,0.25
main,v040,LOLO-nes-f1,secondary,LOLO,nested,1,A,Shared-PPO|wcnc2027_ablation/shared_ppo_seed42/mappo_best.pt,Shared-PPO,42,R,wcnc2027_ablation 2026-09-14 (supplementary ablation),6,-819.8801340309853,712.5148079256368,94.43966350534859,1.1756626,11.75,195.72150774177254,195.42759209177257,0.004955401387512388,0.0,0.004955401387512388,0.003964321110009911,0.14271555996035679,62,5.898909811694748,5,52.0192231427979,257.4980616044213,0.7196108219136269,0.25
main,v040,LOLO-nes-f1,secondary,LOLO,nested,1,A,Shared-PPO|wcnc2027_ablation/shared_ppo_seed42/mappo_best.pt,Shared-PPO,42,R,wcnc2027_ablation 2026-09-14 (supplementary ablation),7,-709.4820960274574,625.2437161923413,76.47988783511619,0.758492,7.0,198.470947052687,198.281324052687,0.002973240832507433,0.0,0.002973240832507433,0.002973240832507433,0.13181367690782952,40,3.8057482656095147,3,1.3320257709621754,1.6678728435509498,0.949776531501291,0.25
main,v040,LOLO-nes-f1,secondary,LOLO,nested,1,A,Shared-PPO|wcnc2027_ablation/shared_ppo_seed42/mappo_best.pt,Shared-PPO,42,R,wcnc2027_ablation 2026-09-14 (supplementary ablation),8,-425.4508824674026,372.54723779717017,44.95977567023239,0.5688690000000001,7.375,204.85944040710382,204.71722315710383,0.0019821605550049554,0.0,0.0019821605550049554,0.0019821605550049554,0.036669970267591674,30,2.8543111992071357,2,0.8493295945038731,0.8493295945038731,0.8493295945038731,0.25
main,v040,LOLO-nes-f1,secondary,LOLO,nested,1,A,Shared-PPO|wcnc2027_ablation/shared_ppo_seed42/mappo_best.pt,Shared-PPO,42,R,wcnc2027_ablation 2026-09-14 (supplementary ablation),9,-1119.6455421817172,80.9672981477038,1038.6782440340135,0.0,0.0,207.45561439355367,207.45561439355367,0.04558969276511397,0.04558969276511397,0.0,0.04558969276511397,0.0,0,0.0,46,2.0064808739983353,4.847787108941211,0.8526653942275458,0.25
main,v040,LOLO-nes-f1,secondary,LOLO,nested,1,A,MAPPO|wcnc2027_ablation/mappo_seed64/mappo_best.pt,MAPPO,64,R,wcnc2027_ablation 2026-09-14,all,-6265.906932307684,4701.955440357624,1484.4172345500592,6.4092573999999995,73.125,2000.5259256225954,1998.9236112725953,0.006442021803766105,0.0046580773042616454,0.00178394449950446,0.006342913776015857,0.0867195242814668,338,3.2158572844400397,65,5.744127509763955,257.4980616044213,0.860471381708592,0.25
main,v040,LOLO-nes-f1,secondary,LOLO,nested,1,A,MAPPO|wcnc2027_ablation/mappo_seed64/mappo_best.pt,MAPPO,64,R,wcnc2027_ablation 2026-09-14,0,-944.3322293533678,928.1298683533678,0.0,1.327361,14.875,187.24844811455804,186.91660786455805,0.0,0.0,0.0,0.0,0.2309217046580773,70,6.6600594648166505,0,0.0,0.0,0.0,0.25
main,v040,LOLO-nes-f1,secondary,LOLO,nested,1,A,MAPPO|wcnc2027_ablation/mappo_seed64/mappo_best.pt,MAPPO,64,R,wcnc2027_ablation 2026-09-14,1,-627.4251812616372,540.0351030265211,76.47988783511619,0.9101904000000001,10.0,196.98764985830914,196.76010225830916,0.002973240832507433,0.0,0.002973240832507433,0.002973240832507433,0.12091179385530228,48,4.566897918731417,3,1.2384169620826768,1.6678728435509498,0.949776531501291,0.25
main,v040,LOLO-nes-f1,secondary,LOLO,nested,1,A,MAPPO|wcnc2027_ablation/mappo_seed64/mappo_best.pt,MAPPO,64,R,wcnc2027_ablation 2026-09-14,2,-306.2547945556113,281.3282083204951,22.8998878351162,0.1516984,1.875,206.8126288113535,206.7747042113535,0.0009910802775024777,0.0,0.0009910802775024777,0.0009910802775024777,0.004955401387512388,8,0.761149653121903,1,0.8633295945038733,0.8633295945038733,0.8633295945038733,0.25
main,v040,LOLO-nes-f1,secondary,LOLO,nested,1,A,MAPPO|wcnc2027_ablation/mappo_seed64/mappo_best.pt,MAPPO,64,R,wcnc2027_ablation 2026-09-14,3,-164.8433877217286,137.8433877217286,27.0,0.0,0.0,207.34821457438574,207.34821457438574,0.0009910802775024777,0.0009910802775024777,0.0,0.0009910802775024777,0.0,0,0.0,1,4.847787108941211,4.847787108941211,1.0,0.25
main,v040,LOLO-nes-f1,secondary,LOLO,nested,1,A,MAPPO|wcnc2027_ablation/mappo_seed64/mappo_best.pt,MAPPO,64,R,wcnc2027_ablation 2026-09-14,4,-774.7444792255939,640.3632869553614,125.95977567023239,0.7964166,7.625,193.0328573206263,192.83375317062632,0.004955401387512388,0.0,0.004955401387512388,0.004955401387512388,0.1565906838453915,42,3.9960356788899905,5,1.340455543932119,1.6678728435509498,0.9397318378015493,0.25
main,v040,LOLO-nes-f1,secondary,LOLO,nested,1,A,MAPPO|wcnc2027_ablation/mappo_seed64/mappo_best.pt,MAPPO,64,R,wcnc2027_ablation 2026-09-14,5,-393.66331668086235,388.0452968808624,0.0,0.4930198,5.125,203.068374303808,202.94511935380802,0.0,0.0,0.0,0.0,0.05450941526263627,26,2.4737363726461843,0,0.0,0.0,0.0,0.25
main,v040,LOLO-nes-f1,secondary,LOLO,nested,1,A,MAPPO|wcnc2027_ablation/mappo_seed64/mappo_best.pt,MAPPO,64,R,wcnc2027_ablation 2026-09-14,6,-819.6964673691431,708.1794428637945,94.43966350534859,1.327361,15.75,195.3664351615306,195.03459491153063,0.004955401387512388,0.0,0.004955401387512388,0.003964321110009911,0.14568880079286423,70,6.6600594648166505,5,52.0192231427979,257.4980616044213,0.7196108219136269,0.25
main,v040,LOLO-nes-f1,secondary,LOLO,nested,1,A,MAPPO|wcnc2027_ablation/mappo_seed64/mappo_best.pt,MAPPO,64,R,wcnc2027_ablation 2026-09-14,7,-711.9673112842712,624.2401576491551,76.47988783511619,0.8722658000000001,10.375,198.33301324736098,198.114946797361,0.002973240832507433,0.0,0.002973240832507433,0.002973240832507433,0.12388503468780972,46,4.376610505450942,3,1.3320257709621754,1.6678728435509498,0.949776531501291,0.25
main,v040,LOLO-nes-f1,secondary,LOLO,nested,1,A,MAPPO|wcnc2027_ablation/mappo_seed64/mappo_best.pt,MAPPO,64,R,wcnc2027_ablation 2026-09-14,8,-403.3342226737507,372.8233904386344,22.479887835116195,0.5309444,7.5,204.87268983710942,204.73995373710943,0.0009910802775024777,0.0,0.0009910802775024777,0.0009910802775024777,0.02973240832507433,28,2.66402378592666,1,0.8493295945038731,0.8493295945038731,0.8493295945038731,0.25
main,v040,LOLO-nes-f1,secondary,LOLO,nested,1,A,MAPPO|wcnc2027_ablation/mappo_seed64/mappo_best.pt,MAPPO,64,R,wcnc2027_ablation 2026-09-14,9,-1119.6455421817172,80.9672981477038,1038.6782440340135,0.0,0.0,207.45561439355367,207.45561439355367,0.04558969276511397,0.04558969276511397,0.0,0.04558969276511397,0.0,0,0.0,46,2.0064808739983353,4.847787108941211,0.8526653942275458,0.25
main,v040,LOLO-nes-f1,secondary,LOLO,nested,1,A,Centralized PPO|wcnc2027_ablation/central_seed64/ppo_multi_site.zip,Centralized PPO,64,R,wcnc2027_ablation 2026-09-14,all,-8748.395508863847,5700.100150145292,3032.4258271185554,1.7445316000000002,14.125,2082.1760913036023,2081.739958403602,0.012784935579781963,0.0046580773042616454,0.008126858275520317,0.012685827552031714,0.05153617443012884,89,0.846778989098117,129,1.5397501382751977,4.847787108941211,0.8831854746512274,0.67
main,v040,LOLO-nes-f1,secondary,LOLO,nested,1,A,Centralized PPO|wcnc2027_ablation/central_seed64/ppo_multi_site.zip,Centralized PPO,64,R,wcnc2027_ablation 2026-09-14,0,-1447.7794254422026,1105.4024791719703,341.9597756702324,0.41717060000000006,0.0,202.3597683743455,202.2554757243455,0.01288404360753221,0.0,0.01288404360753221,0.01288404360753221,0.1774033696729435,21,1.9980178394449952,13,1.5274048076422264,1.6678728435509498,0.9768199376159804,0.67
main,v040,LOLO-nes-f1,secondary,LOLO,nested,1,A,Centralized PPO|wcnc2027_ablation/central_seed64/ppo_multi_site.zip,Centralized PPO,64,R,wcnc2027_ablation 2026-09-14,1,-868.3855788203986,868.3855788203986,0.0,0.0,0.0,206.8943170606997,206.8943170606997,0.0,0.0,0.0,0.0,0.0,0,0.0,0,0.0,0.0,0.0,0.67
main,v040,LOLO-nes-f1,secondary,LOLO,nested,1,A,Centralized PPO|wcnc2027_ablation/central_seed64/ppo_multi_site.zip,Centralized PPO,64,R,wcnc2027_ablation 2026-09-14,2,-285.2059472554327,285.2059472554327,0.0,0.0,0.0,207.0872598572126,207.0872598572126,0.0,0.0,0.0,0.0,0.0,0,0.0,0,0.0,0.0,0.0,0.67
main,v040,LOLO-nes-f1,secondary,LOLO,nested,1,A,Centralized PPO|wcnc2027_ablation/central_seed64/ppo_multi_site.zip,Centralized PPO,64,R,wcnc2027_ablation 2026-09-14,3,-164.8433877217286,137.8433877217286,27.0,0.0,0.0,207.34821457438574,207.34821457438574,0.0009910802775024777,0.0009910802775024777,0.0,0.0009910802775024777,0.0,0,0.0,1,4.847787108941211,4.847787108941211,1.0,0.67
main,v040,LOLO-nes-f1,secondary,LOLO,nested,1,A,Centralized PPO|wcnc2027_ablation/central_seed64/ppo_multi_site.zip,Centralized PPO,64,R,wcnc2027_ablation 2026-09-14,4,-2329.372850998793,722.0877777844839,1597.787807414309,0.8722658000000001,8.625,224.54511855578312,224.32705210578308,0.06640237859266601,0.0,0.06640237859266601,0.06640237859266601,0.3141724479682854,45,4.281466798810704,67,1.1926516396370064,1.6678728435509498,0.8949193071712982,0.67
main,v040,LOLO-nes-f1,secondary,LOLO,nested,1,A,Centralized PPO|wcnc2027_ablation/central_seed64/ppo_multi_site.zip,Centralized PPO,64,R,wcnc2027_ablation 2026-09-14,5,-443.071995704485,443.071995704485,0.0,0.0,0.0,206.9825265635951,206.9825265635951,0.0,0.0,0.0,0.0,0.0,0,0.0,0,0.0,0.0,0.0,0.67
main,v040,LOLO-nes-f1,secondary,LOLO,nested,1,A,Centralized PPO|wcnc2027_ablation/central_seed64/ppo_multi_site.zip,Centralized PPO,64,R,wcnc2027_ablation 2026-09-14,6,-930.8539759632924,897.8988807632925,27.0,0.45509520000000003,5.5,205.71906181388903,205.60528801388904,0.0019821605550049554,0.0,0.0019821605550049554,0.0009910802775024777,0.023785926660059464,23,2.188305252725471,2,0.8589690848037322,1.6678728435509498,0.5250326630282574,0.67
main,v040,LOLO-nes-f1,secondary,LOLO,nested,1,A,Centralized PPO|wcnc2027_ablation/central_seed64/ppo_multi_site.zip,Centralized PPO,64,R,wcnc2027_ablation 2026-09-14,7,-757.4683906261789,757.4683906261789,0.0,0.0,0.0,206.8050438206604,206.8050438206604,0.0,0.0,0.0,0.0,0.0,0,0.0,0,0.0,0.0,0.0,0.67
main,v040,LOLO-nes-f1,secondary,LOLO,nested,1,A,Centralized PPO|wcnc2027_ablation/central_seed64/ppo_multi_site.zip,Centralized PPO,64,R,wcnc2027_ablation 2026-09-14,8,-401.76841414961723,401.76841414961723,0.0,0.0,0.0,206.97916628947758,206.97916628947758,0.0,0.0,0.0,0.0,0.0,0,0.0,0,0.0,0.0,0.0,0.67
main,v040,LOLO-nes-f1,secondary,LOLO,nested,1,A,Centralized PPO|wcnc2027_ablation/central_seed64/ppo_multi_site.zip,Centralized PPO,64,R,wcnc2027_ablation 2026-09-14,9,-1119.6455421817172,80.9672981477038,1038.6782440340135,0.0,0.0,207.45561439355367,207.45561439355367,0.04558969276511397,0.04558969276511397,0.0,0.04558969276511397,0.0,0,0.0,46,2.0064808739983353,4.847787108941211,0.8526653942275458,0.67
main,v040,LOLO-nes-f1,secondary,LOLO,nested,1,A,Shared-PPO|wcnc2027_ablation/shared_ppo_seed64/mappo_best.pt,Shared-PPO,64,R,wcnc2027_ablation 2026-09-14 (supplementary ablation),all,-6393.600200580258,4694.818477724851,1606.2768980554076,7.129824800000001,85.375,1999.901929670912,1998.119473470912,0.006937561942517344,0.0046580773042616454,0.0022794846382556988,0.006838453914767096,0.09147670961347869,376,3.5774033696729437,70,5.41808603721815,257.4980616044213,0.8641804084938586,0.25
main,v040,LOLO-nes-f1,secondary,LOLO,nested,1,A,Shared-PPO|wcnc2027_ablation/shared_ppo_seed64/mappo_best.pt,Shared-PPO,64,R,wcnc2027_ablation 2026-09-14 (supplementary ablation),0,-947.8310498774158,924.3365182774157,0.0,1.7445316000000002,21.75,186.87893652609358,186.4428036260936,0.0,0.0,0.0,0.0,0.2487611496531219,92,8.753221010901884,0,0.0,0.0,0.0,0.25
main,v040,LOLO-nes-f1,secondary,LOLO,nested,1,A,Shared-PPO|wcnc2027_ablation/shared_ppo_seed64/mappo_best.pt,Shared-PPO,64,R,wcnc2027_ablation 2026-09-14 (supplementary ablation),1,-627.6119047177613,538.2709772826452,76.47988783511619,0.9860396,11.875,196.76200662371014,196.5154967237101,0.002973240832507433,0.0,0.002973240832507433,0.002973240832507433,0.12289395441030723,52,4.947472745292369,3,1.2384169620826768,1.6678728435509498,0.949776531501291,0.25
main,v040,LOLO-nes-f1,secondary,LOLO,nested,1,A,Shared-PPO|wcnc2027_ablation/shared_ppo_seed64/mappo_best.pt,Shared-PPO,64,R,wcnc2027_ablation 2026-09-14 (supplementary ablation),2,-306.83610815037326,281.3715973152571,22.8998878351162,0.189623,2.375,206.8302680531145,206.78286230311448,0.0009910802775024777,0.0,0.0009910802775024777,0.0009910802775024777,0.005946481665014866,10,0.9514370664023787,1,0.8633295945038733,0.8633295945038733,0.8633295945038733,0.25
main,v040,LOLO-nes-f1,secondary,LOLO,nested,1,A,Shared-PPO|wcnc2027_ablation/shared_ppo_seed64/mappo_best.pt,Shared-PPO,64,R,wcnc2027_ablation 2026-09-14 (supplementary ablation),3,-164.8433877217286,137.8433877217286,27.0,0.0,0.0,207.34821457438574,207.34821457438574,0.0009910802775024777,0.0009910802775024777,0.0,0.0009910802775024777,0.0,0,0.0,1,4.847787108941211,4.847787108941211,1.0,0.25
main,v040,LOLO-nes-f1,secondary,LOLO,nested,1,A,Shared-PPO|wcnc2027_ablation/shared_ppo_seed64/mappo_best.pt,Shared-PPO,64,R,wcnc2027_ablation 2026-09-14 (supplementary ablation),4,-775.0588469016163,640.4276546313838,125.95977567023239,0.7964166,7.875,193.03940382127865,192.84029967127867,0.004955401387512388,0.0,0.004955401387512388,0.004955401387512388,0.15460852329038652,42,3.9960356788899905,5,1.340455543932119,1.6678728435509498,0.9397318378015493,0.25
main,v040,LOLO-nes-f1,secondary,LOLO,nested,1,A,Shared-PPO|wcnc2027_ablation/shared_ppo_seed64/mappo_best.pt,Shared-PPO,64,R,wcnc2027_ablation 2026-09-14 (supplementary ablation),5,-440.50708260769,387.8084379374576,45.37977567023239,0.5688690000000001,6.75,203.07045613364693,202.92823888364694,0.0019821605550049554,0.0,0.0019821605550049554,0.0019821605550049554,0.062438057482656094,30,2.8543111992071357,2,0.8563295945038731,0.8633295945038733,0.8563295945038731,0.25
main,v040,LOLO-nes-f1,secondary,LOLO,nested,1,A,Shared-PPO|wcnc2027_ablation/shared_ppo_seed64/mappo_best.pt,Shared-PPO,64,R,wcnc2027_ablation 2026-09-14 (supplementary ablation),6,-817.6902017554685,705.88525265012,94.43966350534859,1.3652856,16.0,195.07740511424268,194.73608371424268,0.004955401387512388,0.0,0.004955401387512388,0.003964321110009911,0.14965312190287414,72,6.850346878097127,5,52.0192231427979,257.4980616044213,0.7196108219136269,0.25
main,v040,LOLO-nes-f1,secondary,LOLO,nested,1,A,Shared-PPO|wcnc2027_ablation/shared_ppo_seed64/mappo_best.pt,Shared-PPO,64,R,wcnc2027_ablation 2026-09-14 (supplementary ablation),7,-766.991663695577,625.3895100604609,130.4798878351162,0.8722658000000001,10.25,198.5754407407134,198.35737429071338,0.004955401387512388,0.0,0.004955401387512388,0.004955401387512388,0.13478691774033696,46,4.376610505450942,5,1.4663645999976853,1.6678728435509498,0.9698659189007746,0.25
main,v040,LOLO-nes-f1,secondary,LOLO,nested,1,A,Shared-PPO|wcnc2027_ablation/shared_ppo_seed64/mappo_best.pt,Shared-PPO,64,R,wcnc2027_ablation 2026-09-14 (supplementary ablation),8,-426.58441297091053,372.5178437006781,44.95977567023239,0.6067936,8.5,204.86418369017292,204.71248529017294,0.0019821605550049554,0.0,0.0019821605550049554,0.0019821605550049554,0.035678889990089196,32,3.044598612487612,2,0.8493295945038731,0.8493295945038731,0.8493295945038731,0.25
main,v040,LOLO-nes-f1,secondary,LOLO,nested,1,A,Shared-PPO|wcnc2027_ablation/shared_ppo_seed64/mappo_best.pt,Shared-PPO,64,R,wcnc2027_ablation 2026-09-14 (supplementary ablation),9,-1119.6455421817172,80.9672981477038,1038.6782440340135,0.0,0.0,207.45561439355367,207.45561439355367,0.04558969276511397,0.04558969276511397,0.0,0.04558969276511397,0.0,0,0.0,46,2.0064808739983353,4.847787108941211,0.8526653942275458,0.25
main,v040,LOLO-nes-f1,secondary,LOLO,nested,1,A,MAPPO|wcnc2027_ablation/mappo_seed77/mappo_best.pt,MAPPO,77,R,wcnc2027_ablation 2026-09-14,all,-6219.805602952578,4733.264735872751,1412.4574588798268,6.333408200000001,67.75,2003.5093713923347,2001.9260193423347,0.006144697720515362,0.0046580773042616454,0.0014866204162537165,0.006045589692765114,0.07849355797819624,334,3.1777998017839444,62,5.967770259711263,257.4980616044213,0.8585803326137216,0.25
main,v040,LOLO-nes-f1,secondary,LOLO,nested,1,A,MAPPO|wcnc2027_ablation/mappo_seed77/mappo_best.pt,MAPPO,77,R,wcnc2027_ablation 2026-09-14,0,-953.3767787728382,934.8597947728381,0.0,1.5169839999999999,17.0,187.96113798425048,187.5818919842505,0.0,0.0,0.0,0.0,0.21110009910802774,80,7.6114965312190295,0,0.0,0.0,0.0,0.25
main,v040,LOLO-nes-f1,secondary,LOLO,nested,1,A,MAPPO|wcnc2027_ablation/mappo_seed77/mappo_best.pt,MAPPO,77,R,wcnc2027_ablation 2026-09-14,1,-632.5621295698256,543.7591267347095,76.47988783511619,0.948115,11.375,197.37026763212486,197.13323888212486,0.002973240832507433,0.0,0.002973240832507433,0.002973240832507433,0.10604558969276512,50,4.757185332011893,3,1.2384169620826768,1.6678728435509498,0.949776531501291,0.25
main,v040,LOLO-nes-f1,secondary,LOLO,nested,1,A,MAPPO|wcnc2027_ablation/mappo_seed77/mappo_best.pt,MAPPO,77,R,wcnc2027_ablation 2026-09-14,2,-306.2547945556113,281.3282083204951,22.8998878351162,0.1516984,1.875,206.8126288113535,206.7747042113535,0.0009910802775024777,0.0,0.0009910802775024777,0.0009910802775024777,0.004955401387512388,8,0.761149653121903,1,0.8633295945038733,0.8633295945038733,0.8633295945038733,0.25
main,v040,LOLO-nes-f1,secondary,LOLO,nested,1,A,MAPPO|wcnc2027_ablation/mappo_seed77/mappo_best.pt,MAPPO,77,R,wcnc2027_ablation 2026-09-14,3,-164.8433877217286,137.8433877217286,27.0,0.0,0.0,207.34821457438574,207.34821457438574,0.0009910802775024777,0.0009910802775024777,0.0,0.0009910802775024777,0.0,0,0.0,1,4.847787108941211,4.847787108941211,1.0,0.25
main,v040,LOLO-nes-f1,secondary,LOLO,nested,1,A,MAPPO|wcnc2027_ablation/mappo_seed77/mappo_best.pt,MAPPO,77,R,wcnc2027_ablation 2026-09-14,4,-749.9581661114704,642.2890492412381,98.95977567023239,0.8343412000000001,7.875,193.31428188256353,193.1056965825635,0.003964321110009911,0.0,0.003964321110009911,0.003964321110009911,0.14370664023785926,44,4.186323092170466,4,1.2586012190274114,1.6678728435509498,0.9246647972519366,0.25
main,v040,LOLO-nes-f1,secondary,LOLO,nested,1,A,MAPPO|wcnc2027_ablation/mappo_seed77/mappo_best.pt,MAPPO,77,R,wcnc2027_ablation 2026-09-14,5,-393.8775384052324,389.7103678052324,0.0,0.41717060000000006,3.75,203.20963611073915,203.10534346073916,0.0,0.0,0.0,0.0,0.05153617443012884,22,2.093161546085233,0,0.0,0.0,0.0,0.25
main,v040,LOLO-nes-f1,secondary,LOLO,nested,1,A,MAPPO|wcnc2027_ablation/mappo_seed77/mappo_best.pt,MAPPO,77,R,wcnc2027_ablation 2026-09-14,6,-803.2435656621712,717.0702027919388,71.95977567023239,1.2135872,13.0,196.03888113120234,195.73548433120234,0.003964321110009911,0.0,0.003964321110009911,0.002973240832507433,0.12586719524281467,64,6.089197224975224,4,64.8116965298714,257.4980616044213,0.6871811287660653,0.25
main,v040,LOLO-nes-f1,secondary,LOLO,nested,1,A,MAPPO|wcnc2027_ablation/mappo_seed77/mappo_best.pt,MAPPO,77,R,wcnc2027_ablation 2026-09-14,7,-691.241013045201,628.8195964452011,54.0,0.7964166,7.625,198.83314074470937,198.63403659470939,0.0019821605550049554,0.0,0.0019821605550049554,0.0019821605550049554,0.11397423191278494,42,3.9960356788899905,2,1.5733738591913267,1.6678728435509498,1.0,0.25
main,v040,LOLO-nes-f1,secondary,LOLO,nested,1,A,MAPPO|wcnc2027_ablation/mappo_seed77/mappo_best.pt,MAPPO,77,R,wcnc2027_ablation 2026-09-14,8,-404.8026869267821,376.6177038916659,22.479887835116195,0.45509520000000003,5.25,205.16556812745242,205.05179432745243,0.0009910802775024777,0.0,0.0009910802775024777,0.0009910802775024777,0.027750247770069375,24,2.2834489593657086,1,0.8493295945038731,0.8493295945038731,0.8493295945038731,0.25
main,v040,LOLO-nes-f1,secondary,LOLO,nested,1,A,MAPPO|wcnc2027_ablation/mappo_seed77/mappo_best.pt,MAPPO,77,R,wcnc2027_ablation 2026-09-14,9,-1119.6455421817172,80.9672981477038,1038.6782440340135,0.0,0.0,207.45561439355367,207.45561439355367,0.04558969276511397,0.04558969276511397,0.0,0.04558969276511397,0.0,0,0.0,46,2.0064808739983353,4.847787108941211,0.8526653942275458,0.25
main,v040,LOLO-nes-f1,secondary,LOLO,nested,1,A,Centralized PPO|wcnc2027_ablation/central_seed77/ppo_multi_site.zip,Centralized PPO,77,R,wcnc2027_ablation 2026-09-14,all,-30614.598595620864,6152.0077677948375,24452.656632026024,1.9341958,8.0,2493.9944599727082,2493.510911022708,0.10128840436075322,0.010802775024777007,0.09663032705649158,0.09831516352824579,0.23201189296333002,100,0.9514370664023787,1022,45.097145077570865,2438.3091422736807,0.8960768240533884,0.67
main,v040,LOLO-nes-f1,secondary,LOLO,nested,1,A,Centralized PPO|wcnc2027_ablation/central_seed77/ppo_multi_site.zip,Centralized PPO,77,R,wcnc2027_ablation 2026-09-14,0,-6671.062231955984,1261.0355363314263,5410.026675024557,2.06e-05,0.0,316.6078671222118,316.6078619722118,0.22001982160555006,0.004955401387512388,0.22001982160555006,0.21704658077304262,1.0,0,0.0,222,22.90186951449192,1761.8554311896871,0.9116415246801268,0.67
main,v040,LOLO-nes-f1,secondary,LOLO,nested,1,A,Centralized PPO|wcnc2027_ablation/central_seed77/ppo_multi_site.zip,Centralized PPO,77,R,wcnc2027_ablation 2026-09-14,1,-1952.469545683375,601.8430340982238,1349.2964163851511,0.4550952,0.875,221.38803888522273,221.27426508522274,0.05550049554013875,0.002973240832507433,0.05550049554013875,0.05450941526263627,0.24182358771060455,23,2.188305252725471,56,19.414540872441524,255.74885914140773,0.9022609381945514,0.67
main,v040,LOLO-nes-f1,secondary,LOLO,nested,1,A,Centralized PPO|wcnc2027_ablation/central_seed77/ppo_multi_site.zip,Centralized PPO,77,R,wcnc2027_ablation 2026-09-14,2,-285.2059472554327,285.2059472554327,0.0,0.0,0.0,207.0872598572126,207.0872598572126,0.0,0.0,0.0,0.0,0.0,0,0.0,0,0.0,0.0,0.0,0.67
main,v040,LOLO-nes-f1,secondary,LOLO,nested,1,A,Centralized PPO|wcnc2027_ablation/central_seed77/ppo_multi_site.zip,Centralized PPO,77,R,wcnc2027_ablation 2026-09-14,3,-164.8433877217286,137.8433877217286,27.0,0.0,0.0,207.34821457438574,207.34821457438574,0.0009910802775024777,0.0009910802775024777,0.0,0.0009910802775024777,0.0,0,0.0,1,4.847787108941211,4.847787108941211,1.0,0.67
main,v040,LOLO-nes-f1,secondary,LOLO,nested,1,A,Centralized PPO|wcnc2027_ablation/central_seed77/ppo_multi_site.zip,Centralized PPO,77,R,wcnc2027_ablation 2026-09-14,4,-1645.7428778214896,742.1176678636907,900.9692655577987,0.5309444000000001,2.125,214.69415019048915,214.56141409048917,0.03964321110009911,0.0,0.03964321110009911,0.03865213082259663,0.2130822596630327,27,2.5688800792864224,40,1.102533644216015,1.6678728435509498,0.8495593544495785,0.67
main,v040,LOLO-nes-f1,secondary,LOLO,nested,1,A,Centralized PPO|wcnc2027_ablation/central_seed77/ppo_multi_site.zip,Centralized PPO,77,R,wcnc2027_ablation 2026-09-14,5,-443.071995704485,443.071995704485,0.0,0.0,0.0,206.9825265635951,206.9825265635951,0.0,0.0,0.0,0.0,0.0,0,0.0,0,0.0,0.0,0.0,0.67
main,v040,LOLO-nes-f1,secondary,LOLO,nested,1,A,Centralized PPO|wcnc2027_ablation/central_seed77/ppo_multi_site.zip,Centralized PPO,77,R,wcnc2027_ablation 2026-09-14,6,-3306.518720723645,1008.6669904701594,2294.3966350534856,0.45509520000000003,3.0,245.30816801635615,245.1943942163561,0.09018830525272548,0.013875123885034688,0.09018830525272548,0.08919722497522299,0.08523290386521308,24,2.2834489593657086,91,183.532936628088,2438.3091422736807,0.939889595177722,0.67
main,v040,LOLO-nes-f1,secondary,LOLO,nested,1,A,Centralized PPO|wcnc2027_ablation/central_seed77/ppo_multi_site.zip,Centralized PPO,77,R,wcnc2027_ablation 2026-09-14,7,-14569.16127459818,1188.9167628271598,13378.289395971018,0.4551158,1.5,459.59486382000154,459.4810848700015,0.5589692765113974,0.03964321110009911,0.5589692765113974,0.535183349851338,0.7789890981169475,25,2.3785926660059467,564,40.90856655787756,2438.3091422736807,0.8885541625727962,0.67
main,v040,LOLO-nes-f1,secondary,LOLO,nested,1,A,Centralized PPO|wcnc2027_ablation/central_seed77/ppo_multi_site.zip,Centralized PPO,77,R,wcnc2027_ablation 2026-09-14,8,-456.87707197482683,402.3391473748268,54.0,0.0379246,0.5,207.52775654968002,207.51827539968002,0.0019821605550049554,0.0,0.0019821605550049554,0.0019821605550049554,0.0009910802775024777,1,0.09514370664023787,2,1.3384616615124556,1.4788748748317033,1.0,0.67
main,v040,LOLO-nes-f1,secondary,LOLO,nested,1,A,Centralized PPO|wcnc2027_ablation/central_seed77/ppo_multi_site.zip,Centralized PPO,77,R,wcnc2027_ablation 2026-09-14,9,-1119.6455421817172,80.9672981477038,1038.6782440340135,0.0,0.0,207.45561439355367,207.45561439355367,0.04558969276511397,0.04558969276511397,0.0,0.04558969276511397,0.0,0,0.0,46,2.0064808739983353,4.847787108941211,0.8526653942275458,0.67
main,v040,LOLO-nes-f1,secondary,LOLO,nested,1,A,MAPPO|mappo_seed77_20260517T110908/mappo_best.pt,MAPPO,77,P,"May 2026, pre-781c90c reward",all,-6162.210514062101,4762.43472521739,1335.9775710447107,5.4232178,58.375,2006.2339800289446,2004.8781755789444,0.005847373637264618,0.0046580773042616454,0.0011892963330029733,0.005748265609514371,0.0688800792864222,286,2.721110009910803,59,6.20028272577106,257.4980616044213,0.8539432377550316,0.25
main,v040,LOLO-nes-f1,secondary,LOLO,nested,1,A,MAPPO|mappo_seed77_20260517T110908/mappo_best.pt,MAPPO,77,P,"May 2026, pre-781c90c reward",0,-952.0163625955096,940.8294737955096,0.0,1.0618888000000002,10.125,188.5611243332526,188.2956521332526,0.0,0.0,0.0,0.0,0.18929633300297324,56,5.32804757185332,0,0.0,0.0,0.0,0.25
main,v040,LOLO-nes-f1,secondary,LOLO,nested,1,A,MAPPO|mappo_seed77_20260517T110908/mappo_best.pt,MAPPO,77,P,"May 2026, pre-781c90c reward",1,-612.35424761523,547.48198181523,54.0,0.8722658000000001,10.0,197.76217857863114,197.54411212863116,0.0019821605550049554,0.0,0.0019821605550049554,0.0019821605550049554,0.09217046580773043,46,4.376610505450942,2,1.4329606458720787,1.6678728435509498,1.0,0.25
main,v040,LOLO-nes-f1,secondary,LOLO,nested,1,A,MAPPO|mappo_seed77_20260517T110908/mappo_best.pt,MAPPO,77,P,"May 2026, pre-781c90c reward",2,-305.928426313416,282.07768927829983,22.8998878351162,0.0758492,0.875,206.86221520360485,206.84325290360485,0.0009910802775024777,0.0,0.0009910802775024777,0.0009910802775024777,0.002973240832507433,4,0.3805748265609515,1,0.8633295945038733,0.8633295945038733,0.8633295945038733,0.25
main,v040,LOLO-nes-f1,secondary,LOLO,nested,1,A,MAPPO|mappo_seed77_20260517T110908/mappo_best.pt,MAPPO,77,P,"May 2026, pre-781c90c reward",3,-164.8433877217286,137.8433877217286,27.0,0.0,0.0,207.34821457438574,207.34821457438574,0.0009910802775024777,0.0009910802775024777,0.0,0.0009910802775024777,0.0,0,0.0,1,4.847787108941211,4.847787108941211,1.0,0.25
main,v040,LOLO-nes-f1,secondary,LOLO,nested,1,A,MAPPO|mappo_seed77_20260517T110908/mappo_best.pt,MAPPO,77,P,"May 2026, pre-781c90c reward",4,-726.6116261434272,644.9425092731948,71.95977567023239,0.8343412,8.875,193.53954500042846,193.33095970042845,0.002973240832507433,0.0,0.002973240832507433,0.002973240832507433,0.13181367690782952,44,4.186323092170466,3,1.122177344186232,1.6678728435509498,0.8995530630025822,0.25
main,v040,LOLO-nes-f1,secondary,LOLO,nested,1,A,MAPPO|mappo_seed77_20260517T110908/mappo_best.pt,MAPPO,77,P,"May 2026, pre-781c90c reward",5,-396.7911203810887,393.69979898108875,0.0,0.3413214,2.75,203.54192659871893,203.45659624871894,0.0,0.0,0.0,0.0,0.04360753221010902,18,1.7125867195242817,0,0.0,0.0,0.0,0.25
main,v040,LOLO-nes-f1,secondary,LOLO,nested,1,A,MAPPO|mappo_seed77_20260517T110908/mappo_best.pt,MAPPO,77,P,"May 2026, pre-781c90c reward",6,-811.6364180629832,723.5880551927507,71.95977567023239,1.2135872,14.875,196.6156615376754,196.3122647376754,0.003964321110009911,0.0,0.003964321110009911,0.002973240832507433,0.1110009910802775,64,6.089197224975224,4,64.8116965298714,257.4980616044213,0.6871811287660653,0.25
main,v040,LOLO-nes-f1,secondary,LOLO,nested,1,A,MAPPO|mappo_seed77_20260517T110908/mappo_best.pt,MAPPO,77,P,"May 2026, pre-781c90c reward",7,-665.040067419046,631.770349219046,27.0,0.6447182,5.625,199.10700712682157,198.94582757682159,0.0009910802775024777,0.0,0.0009910802775024777,0.0009910802775024777,0.10009910802775025,34,3.2348860257680876,1,1.4788748748317033,1.4788748748317033,1.0,0.25
main,v040,LOLO-nes-f1,secondary,LOLO,nested,1,A,MAPPO|mappo_seed77_20260517T110908/mappo_best.pt,MAPPO,77,P,"May 2026, pre-781c90c reward",8,-407.34331562795387,379.23418179283766,22.479887835116195,0.379246,5.25,205.44049268187223,205.34568118187224,0.0009910802775024777,0.0,0.0009910802775024777,0.0009910802775024777,0.017839444995044598,20,1.9028741328047574,1,0.8493295945038731,0.8493295945038731,0.8493295945038731,0.25
main,v040,LOLO-nes-f1,secondary,LOLO,nested,1,A,MAPPO|mappo_seed77_20260517T110908/mappo_best.pt,MAPPO,77,P,"May 2026, pre-781c90c reward",9,-1119.6455421817172,80.9672981477038,1038.6782440340135,0.0,0.0,207.45561439355367,207.45561439355367,0.04558969276511397,0.04558969276511397,0.0,0.04558969276511397,0.0,0,0.0,46,2.0064808739983353,4.847787108941211,0.8526653942275458,0.25
main,v040,LOLO-nes-f1,secondary,LOLO,nested,1,A,MAPPO|mappo_seed99_20260517T003433/mappo_best.pt,MAPPO,99,P,"May 2026, pre-781c90c reward",all,-6144.692293524093,4749.648692244266,1331.4574588798268,5.4611424,58.125,2005.230886793701,2003.8656011937012,0.005847373637264618,0.0046580773042616454,0.0011892963330029733,0.005748265609514371,0.06957383548067393,288,2.7401387512388506,59,1.8503042171283914,4.847787108941211,0.8513895020686565,0.26
main,v040,LOLO-nes-f1,secondary,LOLO,nested,1,A,MAPPO|mappo_seed99_20260517T003433/mappo_best.pt,MAPPO,99,P,"May 2026, pre-781c90c reward",0,-951.4704792565019,941.4844396565018,0.0,0.9860396000000001,9.0,188.59414064024108,188.34763074024107,0.0,0.0,0.0,0.0,0.1863230921704658,52,4.947472745292369,0,0.0,0.0,0.0,0.26
main,v040,LOLO-nes-f1,secondary,LOLO,nested,1,A,MAPPO|mappo_seed99_20260517T003433/mappo_best.pt,MAPPO,99,P,"May 2026, pre-781c90c reward",1,-609.7705008521878,545.9361596521878,54.0,0.8343412000000001,9.0,197.59132600678987,197.3827407067899,0.0019821605550049554,0.0,0.0019821605550049554,0.0019821605550049554,0.09415262636273539,44,4.186323092170466,2,1.4329606458720787,1.6678728435509498,1.0,0.26
main,v040,LOLO-nes-f1,secondary,LOLO,nested,1,A,MAPPO|mappo_seed99_20260517T003433/mappo_best.pt,MAPPO,99,P,"May 2026, pre-781c90c reward",2,-334.6433789370685,282.59179270195233,49.8998878351162,0.1516984,2.0,206.9419510664513,206.90402646645128,0.0019821605550049554,0.0,0.0019821605550049554,0.0019821605550049554,0.003964321110009911,8,0.761149653121903,2,1.1711022346677882,1.4788748748317033,0.9316647972519366,0.26
main,v040,LOLO-nes-f1,secondary,LOLO,nested,1,A,MAPPO|mappo_seed99_20260517T003433/mappo_best.pt,MAPPO,99,P,"May 2026, pre-781c90c reward",3,-164.8433877217286,137.8433877217286,27.0,0.0,0.0,207.34821457438574,207.34821457438574,0.0009910802775024777,0.0009910802775024777,0.0,0.0009910802775024777,0.0,0,0.0,1,4.847787108941211,4.847787108941211,1.0,0.26
main,v040,LOLO-nes-f1,secondary,LOLO,nested,1,A,MAPPO|mappo_seed99_20260517T003433/mappo_best.pt,MAPPO,99,P,"May 2026, pre-781c90c reward",4,-727.4054695173879,644.9484280471556,71.95977567023239,0.8722658000000001,9.625,193.54660783025668,193.32854138025667,0.002973240832507433,0.0,0.002973240832507433,0.002973240832507433,0.13280475718533202,46,4.376610505450942,3,1.122177344186232,1.6678728435509498,0.8995530630025822,0.26
main,v040,LOLO-nes-f1,secondary,LOLO,nested,1,A,MAPPO|mappo_seed99_20260517T003433/mappo_best.pt,MAPPO,99,P,"May 2026, pre-781c90c reward",5,-395.123714671764,391.49446867176397,0.0,0.379246,3.25,203.3940377237557,203.29922622375568,0.0,0.0,0.0,0.0,0.04360753221010902,20,1.9028741328047574,0,0.0,0.0,0.0,0.26
main,v040,LOLO-nes-f1,secondary,LOLO,nested,1,A,MAPPO|mappo_seed99_20260517T003433/mappo_best.pt,MAPPO,99,P,"May 2026, pre-781c90c reward",6,-801.6045502496371,718.7392241442885,67.43966350534859,1.1756626,14.25,196.2886676752924,195.99475202529243,0.003964321110009911,0.0,0.003964321110009911,0.002973240832507433,0.11199207135777998,62,5.898909811694748,4,0.6495135273920335,0.8493295945038731,0.6495135273920336,0.26
main,v040,LOLO-nes-f1,secondary,LOLO,nested,1,A,MAPPO|mappo_seed99_20260517T003433/mappo_best.pt,MAPPO,99,P,"May 2026, pre-781c90c reward",7,-635.0104900352812,629.2407718352813,0.0,0.6447182,5.125,198.8173666300767,198.65618708007668,0.0,0.0,0.0,0.0,0.10208126858275521,34,3.2348860257680876,0,0.0,0.0,0.0,0.26
main,v040,LOLO-nes-f1,secondary,LOLO,nested,1,A,MAPPO|mappo_seed99_20260517T003433/mappo_best.pt,MAPPO,99,P,"May 2026, pre-781c90c reward",8,-405.1747801008183,376.4027216657021,22.479887835116195,0.41717060000000006,5.875,205.25296025289816,205.14866760289817,0.0009910802775024777,0.0,0.0009910802775024777,0.0009910802775024777,0.02081268582755203,22,2.093161546085233,1,0.8493295945038731,0.8493295945038731,0.8493295945038731,0.26
main,v040,LOLO-nes-f1,secondary,LOLO,nested,1,A,MAPPO|mappo_seed99_20260517T003433/mappo_best.pt,MAPPO,99,P,"May 2026, pre-781c90c reward",9,-1119.6455421817172,80.9672981477038,1038.6782440340135,0.0,0.0,207.45561439355367,207.45561439355367,0.04558969276511397,0.04558969276511397,0.0,0.04558969276511397,0.0,0,0.0,46,2.0064808739983353,4.847787108941211,0.8526653942275458,0.26
main,v040,LOLO-nes-f1,secondary,LOLO,nested,1,A,Centralized PPO|ppo_multi_site_seed7_20260517T004954/ppo_multi_site.zip,Centralized PPO,7,P,"May 2026, pre-781c90c reward",all,-13713.768108925413,6077.789501975307,7572.988031950106,4.740575,58.25,2149.1622118418936,2147.9770680918937,0.031020812685827553,0.005550049554013875,0.026362735381565906,0.030921704658077306,0.05153617443012884,249,2.3690782953419225,313,38.72456036099597,1761.8554311896871,0.9063354623782538,0.66
main,v040,LOLO-nes-f1,secondary,LOLO,nested,1,A,Centralized PPO|ppo_multi_site_seed7_20260517T004954/ppo_multi_site.zip,Centralized PPO,7,P,"May 2026, pre-781c90c reward",0,-2251.5150420066075,1346.7038046077346,885.5976501988729,1.2135872,18.0,217.617628744674,217.314231944674,0.035678889990089196,0.0009910802775024777,0.035678889990089196,0.035678889990089196,0.04757185332011893,64,6.089197224975224,36,8.425853754271351,255.74885914140773,0.9199978242582156,0.66
main,v040,LOLO-nes-f1,secondary,LOLO,nested,1,A,Centralized PPO|ppo_multi_site_seed7_20260517T004954/ppo_multi_site.zip,Centralized PPO,7,P,"May 2026, pre-781c90c reward",1,-868.3855788203986,868.3855788203986,0.0,0.0,0.0,206.8943170606997,206.8943170606997,0.0,0.0,0.0,0.0,0.0,0,0.0,0,0.0,0.0,0.0,0.66
main,v040,LOLO-nes-f1,secondary,LOLO,nested,1,A,Centralized PPO|ppo_multi_site_seed7_20260517T004954/ppo_multi_site.zip,Centralized PPO,7,P,"May 2026, pre-781c90c reward",2,-285.2059472554327,285.2059472554327,0.0,0.0,0.0,207.0872598572126,207.0872598572126,0.0,0.0,0.0,0.0,0.0,0,0.0,0,0.0,0.0,0.0,0.66
main,v040,LOLO-nes-f1,secondary,LOLO,nested,1,A,Centralized PPO|ppo_multi_site_seed7_20260517T004954/ppo_multi_site.zip,Centralized PPO,7,P,"May 2026, pre-781c90c reward",3,-164.8433877217286,137.8433877217286,27.0,0.0,0.0,207.34821457438574,207.34821457438574,0.0009910802775024777,0.0009910802775024777,0.0,0.0009910802775024777,0.0,0,0.0,1,4.847787108941211,4.847787108941211,1.0,0.66
main,v040,LOLO-nes-f1,secondary,LOLO,nested,1,A,Centralized PPO|ppo_multi_site_seed7_20260517T004954/ppo_multi_site.zip,Centralized PPO,7,P,"May 2026, pre-781c90c reward",4,-5205.089728783968,780.7566069066028,4400.9214196773655,2.1617022,21.25,262.0024026044652,261.46197705446525,0.17839444995044598,0.005946481665014866,0.17839444995044598,0.17839444995044598,0.4172447968285431,114,10.846382556987116,180,46.70887654691519,1761.8554311896871,0.914985448088401,0.66
main,v040,LOLO-nes-f1,secondary,LOLO,nested,1,A,Centralized PPO|ppo_multi_site_seed7_20260517T004954/ppo_multi_site.zip,Centralized PPO,7,P,"May 2026, pre-781c90c reward",5,-443.071995704485,443.071995704485,0.0,0.0,0.0,206.9825265635951,206.9825265635951,0.0,0.0,0.0,0.0,0.0,0,0.0,0,0.0,0.0,0.0,0.66
main,v040,LOLO-nes-f1,secondary,LOLO,nested,1,A,Centralized PPO|ppo_multi_site_seed7_20260517T004954/ppo_multi_site.zip,Centralized PPO,7,P,"May 2026, pre-781c90c reward",6,-955.826601228809,955.826601228809,0.0,0.0,0.0,206.81079593536742,206.81079593536742,0.0,0.0,0.0,0.0,0.0,0,0.0,0,0.0,0.0,0.0,0.66
main,v040,LOLO-nes-f1,secondary,LOLO,nested,1,A,Centralized PPO|ppo_multi_site_seed7_20260517T004954/ppo_multi_site.zip,Centralized PPO,7,P,"May 2026, pre-781c90c reward",7,-2018.4158710726497,777.2598674327944,1220.7907180398554,1.3652856,19.0,219.98428581846284,219.6429644184628,0.049554013875123884,0.0019821605550049554,0.049554013875123884,0.048562933597621406,0.05054509415262636,71,6.7552031714568885,50,66.25425944160743,1761.8554311896871,0.9128617852143672,0.66
main,v040,LOLO-nes-f1,secondary,LOLO,nested,1,A,Centralized PPO|ppo_multi_site_seed7_20260517T004954/ppo_multi_site.zip,Centralized PPO,7,P,"May 2026, pre-781c90c reward",8,-401.76841414961723,401.76841414961723,0.0,0.0,0.0,206.97916628947758,206.97916628947758,0.0,0.0,0.0,0.0,0.0,0,0.0,0,0.0,0.0,0.0,0.66
main,v040,LOLO-nes-f1,secondary,LOLO,nested,1,A,Centralized PPO|ppo_multi_site_seed7_20260517T004954/ppo_multi_site.zip,Centralized PPO,7,P,"May 2026, pre-781c90c reward",9,-1119.6455421817172,80.9672981477038,1038.6782440340135,0.0,0.0,207.45561439355367,207.45561439355367,0.04558969276511397,0.04558969276511397,0.0,0.04558969276511397,0.0,0,0.0,46,2.0064808739983353,4.847787108941211,0.8526653942275458,0.66
main,v040,LOLO-nes-f1,secondary,LOLO,nested,1,A,Centralized PPO|ppo_multi_site_seed13_20260517T004954/ppo_multi_site.zip,Centralized PPO,13,P,"May 2026, pre-781c90c reward",all,-13496.3630484739,6310.92671959299,7181.57528928091,0.9860396,2.875,2174.4010797278042,2174.1545698278046,0.030723488602576808,0.005252725470763132,0.026065411298315164,0.02943508424182359,0.057482656095143705,51,0.48523290386521306,310,19.241750741264113,1761.8554311896871,0.8701183619831128,0.66
main,v040,LOLO-nes-f1,secondary,LOLO,nested,1,A,Centralized PPO|ppo_multi_site_seed13_20260517T004954/ppo_multi_site.zip,Centralized PPO,13,P,"May 2026, pre-781c90c reward",0,-1321.0566969411743,1321.0566969411743,0.0,0.0,0.0,206.7488673193506,206.7488673193506,0.0,0.0,0.0,0.0,0.0,0,0.0,0,0.0,0.0,0.0,0.66
main,v040,LOLO-nes-f1,secondary,LOLO,nested,1,A,Centralized PPO|ppo_multi_site_seed13_20260517T004954/ppo_multi_site.zip,Centralized PPO,13,P,"May 2026, pre-781c90c reward",1,-868.3855788203986,868.3855788203986,0.0,0.0,0.0,206.8943170606997,206.8943170606997,0.0,0.0,0.0,0.0,0.0,0,0.0,0,0.0,0.0,0.0,0.66
main,v040,LOLO-nes-f1,secondary,LOLO,nested,1,A,Centralized PPO|ppo_multi_site_seed13_20260517T004954/ppo_multi_site.zip,Centralized PPO,13,P,"May 2026, pre-781c90c reward",2,-285.2059472554327,285.2059472554327,0.0,0.0,0.0,207.0872598572126,207.0872598572126,0.0,0.0,0.0,0.0,0.0,0,0.0,0,0.0,0.0,0.0,0.66
main,v040,LOLO-nes-f1,secondary,LOLO,nested,1,A,Centralized PPO|ppo_multi_site_seed13_20260517T004954/ppo_multi_site.zip,Centralized PPO,13,P,"May 2026, pre-781c90c reward",3,-164.8433877217286,137.8433877217286,27.0,0.0,0.0,207.34821457438574,207.34821457438574,0.0009910802775024777,0.0009910802775024777,0.0,0.0009910802775024777,0.0,0,0.0,1,4.847787108941211,4.847787108941211,1.0,0.66
main,v040,LOLO-nes-f1,secondary,LOLO,nested,1,A,Centralized PPO|ppo_multi_site_seed13_20260517T004954/ppo_multi_site.zip,Centralized PPO,13,P,"May 2026, pre-781c90c reward",4,-1266.7649895710042,962.6191517525431,303.03206401846114,0.11377380000000001,1.0,210.87625452949516,210.84781107949516,0.01288404360753221,0.0009910802775024777,0.01288404360753221,0.01288404360753221,0.010901883052527254,6,0.5708622398414271,13,156.06307536104953,1761.8554311896871,0.8770052923550284,0.66
main,v040,LOLO-nes-f1,secondary,LOLO,nested,1,A,Centralized PPO|ppo_multi_site_seed13_20260517T004954/ppo_multi_site.zip,Centralized PPO,13,P,"May 2026, pre-781c90c reward",5,-443.071995704485,443.071995704485,0.0,0.0,0.0,206.9825265635951,206.9825265635951,0.0,0.0,0.0,0.0,0.0,0,0.0,0,0.0,0.0,0.0,0.66
main,v040,LOLO-nes-f1,secondary,LOLO,nested,1,A,Centralized PPO|ppo_multi_site_seed13_20260517T004954/ppo_multi_site.zip,Centralized PPO,13,P,"May 2026, pre-781c90c reward",6,-955.826601228809,955.826601228809,0.0,0.0,0.0,206.81079593536742,206.81079593536742,0.0,0.0,0.0,0.0,0.0,0,0.0,0,0.0,0.0,0.0,0.66
main,v040,LOLO-nes-f1,secondary,LOLO,nested,1,A,Centralized PPO|ppo_multi_site_seed13_20260517T004954/ppo_multi_site.zip,Centralized PPO,13,P,"May 2026, pre-781c90c reward",7,-6669.793894899534,854.1816478710977,5812.864981228435,0.8722657999999999,1.875,307.21806320466715,306.9999967546671,0.24777006937561943,0.004955401387512388,0.24777006937561943,0.2348860257680872,0.5639246778989098,45,4.281466798810704,250,15.355907371141464,1761.8554311896871,0.8724520611187302,0.66
main,v040,LOLO-nes-f1,secondary,LOLO,nested,1,A,Centralized PPO|ppo_multi_site_seed13_20260517T004954/ppo_multi_site.zip,Centralized PPO,13,P,"May 2026, pre-781c90c reward",8,-401.76841414961723,401.76841414961723,0.0,0.0,0.0,206.97916628947758,206.97916628947758,0.0,0.0,0.0,0.0,0.0,0,0.0,0,0.0,0.0,0.0,0.66
main,v040,LOLO-nes-f1,secondary,LOLO,nested,1,A,Centralized PPO|ppo_multi_site_seed13_20260517T004954/ppo_multi_site.zip,Centralized PPO,13,P,"May 2026, pre-781c90c reward",9,-1119.6455421817172,80.9672981477038,1038.6782440340135,0.0,0.0,207.45561439355367,207.45561439355367,0.04558969276511397,0.04558969276511397,0.0,0.04558969276511397,0.0,0,0.0,46,2.0064808739983353,4.847787108941211,0.8526653942275458,0.66
main,v040,LOLO-nes-f1,secondary,LOLO,nested,1,A,Centralized PPO|ppo_multi_site_seed42_20260517T004954/ppo_multi_site.zip,Centralized PPO,42,P,"May 2026, pre-781c90c reward",all,-12261.36620372161,5800.166416610232,6411.5996637113785,4.475123399999999,45.125,2139.5100727364206,2138.3912918864207,0.026560951437066403,0.0048562933597621405,0.021902874132804756,0.025966303270564917,0.08325074331020813,233,2.216848364717542,268,9.887966333600694,1761.8554311896871,0.8963447042787999,0.67
main,v040,LOLO-nes-f1,secondary,LOLO,nested,1,A,Centralized PPO|ppo_multi_site_seed42_20260517T004954/ppo_multi_site.zip,Centralized PPO,42,P,"May 2026, pre-781c90c reward",0,-3840.373458775373,1383.8336250361265,2432.241884739246,2.047949,22.25,241.98257175329252,241.4705845032925,0.09613478691774034,0.0,0.09613478691774034,0.09613478691774034,0.16848364717542122,108,10.27552031714569,97,3.966475658896667,255.74885914140773,0.9358219535186413,0.67
main,v040,LOLO-nes-f1,secondary,LOLO,nested,1,A,Centralized PPO|ppo_multi_site_seed42_20260517T004954/ppo_multi_site.zip,Centralized PPO,42,P,"May 2026, pre-781c90c reward",1,-1366.3619380280052,588.3128089988469,761.9113910291583,1.1377380000000001,15.0,208.34960351859118,208.06516901859118,0.030723488602576808,0.0009910802775024777,0.030723488602576808,0.030723488602576808,0.1565906838453915,59,5.613478691774034,31,9.466517632596895,255.74885914140773,0.9192595602464069,0.67
main,v040,LOLO-nes-f1,secondary,LOLO,nested,1,A,Centralized PPO|ppo_multi_site_seed42_20260517T004954/ppo_multi_site.zip,Centralized PPO,42,P,"May 2026, pre-781c90c reward",2,-285.2059472554327,285.2059472554327,0.0,0.0,0.0,207.0872598572126,207.0872598572126,0.0,0.0,0.0,0.0,0.0,0,0.0,0,0.0,0.0,0.0,0.67
main,v040,LOLO-nes-f1,secondary,LOLO,nested,1,A,Centralized PPO|ppo_multi_site_seed42_20260517T004954/ppo_multi_site.zip,Centralized PPO,42,P,"May 2026, pre-781c90c reward",3,-164.8433877217286,137.8433877217286,27.0,0.0,0.0,207.34821457438574,207.34821457438574,0.0009910802775024777,0.0009910802775024777,0.0,0.0009910802775024777,0.0,0,0.0,1,4.847787108941211,4.847787108941211,1.0,0.67
main,v040,LOLO-nes-f1,secondary,LOLO,nested,1,A,Centralized PPO|ppo_multi_site_seed42_20260517T004954/ppo_multi_site.zip,Centralized PPO,42,P,"May 2026, pre-781c90c reward",4,-955.6073437622715,955.6073437622715,0.0,0.0,0.0,206.8118086716055,206.8118086716055,0.0,0.0,0.0,0.0,0.0,0,0.0,0,0.0,0.0,0.0,0.67
main,v040,LOLO-nes-f1,secondary,LOLO,nested,1,A,Centralized PPO|ppo_multi_site_seed42_20260517T004954/ppo_multi_site.zip,Centralized PPO,42,P,"May 2026, pre-781c90c reward",5,-443.071995704485,443.071995704485,0.0,0.0,0.0,206.9825265635951,206.9825265635951,0.0,0.0,0.0,0.0,0.0,0,0.0,0,0.0,0.0,0.0,0.67
main,v040,LOLO-nes-f1,secondary,LOLO,nested,1,A,Centralized PPO|ppo_multi_site_seed42_20260517T004954/ppo_multi_site.zip,Centralized PPO,42,P,"May 2026, pre-781c90c reward",6,-1129.248494840841,798.60603586526,328.39943917558094,0.4930198,1.75,208.75561889783307,208.63236394783308,0.014866204162537165,0.0,0.014866204162537165,0.01288404360753221,0.1635282457879088,25,2.3785926660059467,15,1.1541176957067667,1.6678728435509498,0.8231185749754929,0.67
main,v040,LOLO-nes-f1,secondary,LOLO,nested,1,A,Centralized PPO|ppo_multi_site_seed42_20260517T004954/ppo_multi_site.zip,Centralized PPO,42,P,"May 2026, pre-781c90c reward",7,-2555.2396813021396,724.94955996876,1823.3687047333797,0.7964165999999999,6.125,237.75768821687382,237.5585840668738,0.07730426164519326,0.0009910802775024777,0.07730426164519326,0.07333994053518335,0.34390485629335976,41,3.9008919722497524,78,23.811629732474866,1761.8554311896871,0.8766566426752826,0.67
main,v040,LOLO-nes-f1,secondary,LOLO,nested,1,A,Centralized PPO|ppo_multi_site_seed42_20260517T004954/ppo_multi_site.zip,Centralized PPO,42,P,"May 2026, pre-781c90c reward",8,-401.76841414961723,401.76841414961723,0.0,0.0,0.0,206.97916628947758,206.97916628947758,0.0,0.0,0.0,0.0,0.0,0,0.0,0,0.0,0.0,0.0,0.67
main,v040,LOLO-nes-f1,secondary,LOLO,nested,1,A,Centralized PPO|ppo_multi_site_seed42_20260517T004954/ppo_multi_site.zip,Centralized PPO,42,P,"May 2026, pre-781c90c reward",9,-1119.6455421817172,80.9672981477038,1038.6782440340135,0.0,0.0,207.45561439355367,207.45561439355367,0.04558969276511397,0.04558969276511397,0.0,0.04558969276511397,0.0,0,0.0,46,2.0064808739983353,4.847787108941211,0.8526653942275458,0.67
main,v040,LOLO-nes-f1,secondary,LOLO,nested,1,A,Centralized PPO|ppo_multi_site_seed99_20260517T004954/ppo_multi_site.zip,Centralized PPO,99,P,"May 2026, pre-781c90c reward",all,-22826.193356054217,5859.414761204223,16947.070455449993,2.9581394000000003,16.75,2363.0938914568824,2362.354356606883,0.06818632309217047,0.018929633300297323,0.06352824578790882,0.06689791873141725,0.17829534192269575,154,1.4652130822596632,688,259.7096330558708,2438.3091422736807,0.9201354618513583,0.67
main,v040,LOLO-nes-f1,secondary,LOLO,nested,1,A,Centralized PPO|ppo_multi_site_seed99_20260517T004954/ppo_multi_site.zip,Centralized PPO,99,P,"May 2026, pre-781c90c reward",0,-2347.4214357215633,1030.4682482846406,1307.2241280369221,1.4790594,8.25,221.51841026514708,221.1486454151471,0.05252725470763132,0.0019821605550049554,0.05252725470763132,0.05153617443012884,0.4886025768087215,77,7.326065411298315,53,39.36922973647088,1761.8554311896871,0.9212113759865519,0.67
main,v040,LOLO-nes-f1,secondary,LOLO,nested,1,A,Centralized PPO|ppo_multi_site_seed99_20260517T004954/ppo_multi_site.zip,Centralized PPO,99,P,"May 2026, pre-781c90c reward",1,-868.3855788203986,868.3855788203986,0.0,0.0,0.0,206.8943170606997,206.8943170606997,0.0,0.0,0.0,0.0,0.0,0,0.0,0,0.0,0.0,0.0,0.67
main,v040,LOLO-nes-f1,secondary,LOLO,nested,1,A,Centralized PPO|ppo_multi_site_seed99_20260517T004954/ppo_multi_site.zip,Centralized PPO,99,P,"May 2026, pre-781c90c reward",2,-285.2059472554327,285.2059472554327,0.0,0.0,0.0,207.0872598572126,207.0872598572126,0.0,0.0,0.0,0.0,0.0,0,0.0,0,0.0,0.0,0.0,0.67
main,v040,LOLO-nes-f1,secondary,LOLO,nested,1,A,Centralized PPO|ppo_multi_site_seed99_20260517T004954/ppo_multi_site.zip,Centralized PPO,99,P,"May 2026, pre-781c90c reward",3,-164.8433877217286,137.8433877217286,27.0,0.0,0.0,207.34821457438574,207.34821457438574,0.0009910802775024777,0.0009910802775024777,0.0,0.0009910802775024777,0.0,0,0.0,1,4.847787108941211,4.847787108941211,1.0,0.67
main,v040,LOLO-nes-f1,secondary,LOLO,nested,1,A,Centralized PPO|ppo_multi_site_seed99_20260517T004954/ppo_multi_site.zip,Centralized PPO,99,P,"May 2026, pre-781c90c reward",4,-1493.4529002686088,690.5942416239225,800.3768650446862,0.6067936,1.875,210.85499975256198,210.703301352562,0.03369672943508424,0.0009910802775024777,0.03369672943508424,0.03369672943508424,0.244796828543112,31,2.949454905847374,34,8.666387725316929,255.74885914140773,0.8846832010242024,0.67
main,v040,LOLO-nes-f1,secondary,LOLO,nested,1,A,Centralized PPO|ppo_multi_site_seed99_20260517T004954/ppo_multi_site.zip,Centralized PPO,99,P,"May 2026, pre-781c90c reward",5,-443.071995704485,443.071995704485,0.0,0.0,0.0,206.9825265635951,206.9825265635951,0.0,0.0,0.0,0.0,0.0,0,0.0,0,0.0,0.0,0.0,0.67
main,v040,LOLO-nes-f1,secondary,LOLO,nested,1,A,Centralized PPO|ppo_multi_site_seed99_20260517T004954/ppo_multi_site.zip,Centralized PPO,99,P,"May 2026, pre-781c90c reward",6,-12724.482994609716,1131.611660475343,11586.79121833437,0.45511579999999996,5.625,434.0606281783654,433.94684922836535,0.46878097125867196,0.07234886025768088,0.46878097125867196,0.4568880079286422,0.9801783944499505,24,2.2834489593657086,473,168.16748037490905,2438.3091422736807,0.9152794035035037,0.67
main,v040,LOLO-nes-f1,secondary,LOLO,nested,1,A,Centralized PPO|ppo_multi_site_seed99_20260517T004954/ppo_multi_site.zip,Centralized PPO,99,P,"May 2026, pre-781c90c reward",7,-757.4683906261789,757.4683906261789,0.0,0.0,0.0,206.8050438206604,206.8050438206604,0.0,0.0,0.0,0.0,0.0,0,0.0,0,0.0,0.0,0.0,0.67
main,v040,LOLO-nes-f1,secondary,LOLO,nested,1,A,Centralized PPO|ppo_multi_site_seed99_20260517T004954/ppo_multi_site.zip,Centralized PPO,99,P,"May 2026, pre-781c90c reward",8,-2622.2151831443894,433.7980125443895,2187.0,0.41717060000000006,1.0,254.08687699070114,253.98258434070112,0.0802775024777007,0.06739345887016848,0.0802775024777007,0.0802775024777007,0.06937561942517344,22,2.093161546085233,81,1193.3165069024762,2438.3091422736807,1.0,0.67
main,v040,LOLO-nes-f1,secondary,LOLO,nested,1,A,Centralized PPO|ppo_multi_site_seed99_20260517T004954/ppo_multi_site.zip,Centralized PPO,99,P,"May 2026, pre-781c90c reward",9,-1119.6455421817172,80.9672981477038,1038.6782440340135,0.0,0.0,207.45561439355367,207.45561439355367,0.04558969276511397,0.04558969276511397,0.0,0.04558969276511397,0.0,0,0.0,46,2.0064808739983353,4.847787108941211,0.8526653942275458,0.67
main,v040,LOLO-nes-f1,secondary,LOLO,nested,1,A,MAPPO|mappo_nr_seed23/mappo_best.pt,MAPPO,23,T,"June 2026, current reward",all,-6551.413569359125,4709.046732555507,1772.9084286036182,6.333408200000001,63.125,2011.4952308537893,2009.9118788037893,0.007433102081268583,0.005054509415262636,0.004360753221010902,0.007333994053518335,0.09236868186323093,334,3.1777998017839444,75,28554.210164639702,110236.04404561648,0.8872935059490282,0.26
main,v040,LOLO-nes-f1,secondary,LOLO,nested,1,A,MAPPO|mappo_nr_seed23/mappo_best.pt,MAPPO,23,T,"June 2026, current reward",0,-973.6535146805477,929.5494552805475,27.0,1.4790594000000001,15.625,187.54528338419544,187.17551853419545,0.0009910802775024777,0.0,0.0009910802775024777,0.0009910802775024777,0.2487611496531219,78,7.421209117938553,1,1.6678728435509498,1.6678728435509498,1.0,0.26
main,v040,LOLO-nes-f1,secondary,LOLO,nested,1,A,MAPPO|mappo_nr_seed23/mappo_best.pt,MAPPO,23,T,"June 2026, current reward",1,-624.7642707274415,540.2379662923254,76.47988783511619,0.7964166,7.25,197.13199868675278,196.9328945367528,0.002973240832507433,0.0,0.002973240832507433,0.002973240832507433,0.1288404360753221,42,3.9960356788899905,3,1.2384169620826768,1.6678728435509498,0.949776531501291,0.26
main,v040,LOLO-nes-f1,secondary,LOLO,nested,1,A,MAPPO|mappo_nr_seed23/mappo_best.pt,MAPPO,23,T,"June 2026, current reward",2,-306.2547945556113,281.3282083204951,22.8998878351162,0.1516984,1.875,206.8126288113535,206.7747042113535,0.0009910802775024777,0.0,0.0009910802775024777,0.0009910802775024777,0.004955401387512388,8,0.761149653121903,1,0.8633295945038733,0.8633295945038733,0.8633295945038733,0.26
main,v040,LOLO-nes-f1,secondary,LOLO,nested,1,A,MAPPO|mappo_nr_seed23/mappo_best.pt,MAPPO,23,T,"June 2026, current reward",3,-164.8433877217286,137.8433877217286,27.0,0.0,0.0,207.34821457438574,207.34821457438574,0.0009910802775024777,0.0009910802775024777,0.0,0.0009910802775024777,0.0,0,0.0,1,4.847787108941211,4.847787108941211,1.0,0.26
main,v040,LOLO-nes-f1,secondary,LOLO,nested,1,A,MAPPO|mappo_nr_seed23/mappo_best.pt,MAPPO,23,T,"June 2026, current reward",4,-773.2828388984587,640.4774958282264,125.95977567023239,0.7205674,6.125,193.02956398216722,192.8494221321672,0.004955401387512388,0.0,0.004955401387512388,0.004955401387512388,0.1565906838453915,38,3.615460852329039,5,1.340455543932119,1.6678728435509498,0.9397318378015493,0.26
main,v040,LOLO-nes-f1,secondary,LOLO,nested,1,A,MAPPO|mappo_nr_seed23/mappo_best.pt,MAPPO,23,T,"June 2026, current reward",5,-415.56760261863053,388.0876195835143,22.8998878351162,0.45509520000000003,4.125,203.07966966327263,202.9658958632726,0.0009910802775024777,0.0,0.0009910802775024777,0.0009910802775024777,0.05946481665014866,24,2.2834489593657086,1,0.8633295945038733,0.8633295945038733,0.8633295945038733,0.26
main,v040,LOLO-nes-f1,secondary,LOLO,nested,1,A,MAPPO|mappo_nr_seed23/mappo_best.pt,MAPPO,23,T,"June 2026, current reward",6,-816.7616980920585,710.02137198671,94.43966350534859,1.1756626,11.125,195.44813060909678,195.1542149590968,0.004955401387512388,0.0,0.004955401387512388,0.003964321110009911,0.14568880079286423,62,5.898909811694748,5,52.0192231427979,257.4980616044213,0.7196108219136269,0.26
main,v040,LOLO-nes-f1,secondary,LOLO,nested,1,A,MAPPO|mappo_nr_seed23/mappo_best.pt,MAPPO,23,T,"June 2026, current reward",7,-687.5263296774028,626.8436868774029,54.0,0.6826428,6.0,198.63247614554626,198.46181544554628,0.0019821605550049554,0.0,0.0019821605550049554,0.0019821605550049554,0.1288404360753221,36,3.4251734390485633,2,1.5733738591913267,1.6678728435509498,1.0,0.26
main,v040,LOLO-nes-f1,secondary,LOLO,nested,1,A,MAPPO|mappo_nr_seed23/mappo_best.pt,MAPPO,23,T,"June 2026, current reward",8,-424.9968510441554,372.631130973923,44.95977567023239,0.5309444,6.875,204.86111171056234,204.72837561056235,0.0019821605550049554,0.0,0.0019821605550049554,0.0019821605550049554,0.035678889990089196,28,2.66402378592666,2,0.8493295945038731,0.8493295945038731,0.8493295945038731,0.26
main,v040,LOLO-nes-f1,secondary,LOLO,nested,1,A,MAPPO|mappo_nr_seed23/mappo_best.pt,MAPPO,23,T,"June 2026, current reward",9,-1363.76228134309,82.02640969063387,1277.2695502524564,0.3413214,4.125,217.60615328645676,217.52082293645677,0.053518334985133795,0.049554013875123884,0.023785926660059464,0.053518334985133795,0.014866204162537165,18,1.7125867195242817,54,39653.37335143719,110236.04404561648,0.8884379939829977,0.26
main,v040,LOLO-nes-f1,secondary,LOLO,nested,1,A,MAPPO|mappo_nr_seed64/mappo_best.pt,MAPPO,64,T,"June 2026, current reward",all,-6224.519493960352,4723.928946410291,1430.837234550059,5.878313,63.875,2002.8524518045842,2001.3828735545842,0.00624380574826561,0.0046580773042616454,0.0015857284440039642,0.006144697720515362,0.07710604558969276,310,2.949454905847374,63,5.873754642024684,257.4980616044213,0.8562641239850551,0.27
main,v040,LOLO-nes-f1,secondary,LOLO,nested,1,A,MAPPO|mappo_nr_seed64/mappo_best.pt,MAPPO,64,T,"June 2026, current reward",0,-948.7121919849947,936.7373785849945,0.0,1.0998134000000002,10.875,188.14057378141564,187.86562043141564,0.0,0.0,0.0,0.0,0.20812685827552033,58,5.518334985133796,0,0.0,0.0,0.0,0.27
main,v040,LOLO-nes-f1,secondary,LOLO,nested,1,A,MAPPO|mappo_nr_seed64/mappo_best.pt,MAPPO,64,T,"June 2026, current reward",1,-631.0046820311055,542.3266791959893,76.47988783511619,0.948115,11.25,197.22006729378953,196.98303854378955,0.002973240832507433,0.0,0.002973240832507433,0.002973240832507433,0.10703666997026759,50,4.757185332011893,3,1.2384169620826768,1.6678728435509498,0.949776531501291,0.27
main,v040,LOLO-nes-f1,secondary,LOLO,nested,1,A,MAPPO|mappo_nr_seed64/mappo_best.pt,MAPPO,64,T,"June 2026, current reward",2,-307.06808739135016,282.01650115623397,22.8998878351162,0.1516984,2.0,206.88449863697946,206.84657403697946,0.0009910802775024777,0.0,0.0009910802775024777,0.0009910802775024777,0.003964321110009911,8,0.761149653121903,1,0.8633295945038733,0.8633295945038733,0.8633295945038733,0.27
main,v040,LOLO-nes-f1,secondary,LOLO,nested,1,A,MAPPO|mappo_nr_seed64/mappo_best.pt,MAPPO,64,T,"June 2026, current reward",3,-164.8433877217286,137.8433877217286,27.0,0.0,0.0,207.34821457438574,207.34821457438574,0.0009910802775024777,0.0009910802775024777,0.0,0.0009910802775024777,0.0,0,0.0,1,4.847787108941211,4.847787108941211,1.0,0.27
main,v040,LOLO-nes-f1,secondary,LOLO,nested,1,A,MAPPO|mappo_nr_seed64/mappo_best.pt,MAPPO,64,T,"June 2026, current reward",4,-723.1779329131649,641.5088160429325,71.95977567023239,0.8343412,8.875,193.15804148863253,192.94945618863255,0.002973240832507433,0.0,0.002973240832507433,0.002973240832507433,0.14172447968285432,44,4.186323092170466,3,1.122177344186232,1.6678728435509498,0.8995530630025822,0.27
main,v040,LOLO-nes-f1,secondary,LOLO,nested,1,A,MAPPO|mappo_nr_seed64/mappo_best.pt,MAPPO,64,T,"June 2026, current reward",5,-415.5622050179703,388.7451465828541,22.8998878351162,0.4171706,3.5,203.22682529495052,203.12253264495052,0.0009910802775024777,0.0,0.0009910802775024777,0.0009910802775024777,0.048562933597621406,22,2.093161546085233,1,0.8633295945038733,0.8633295945038733,0.8633295945038733,0.27
main,v040,LOLO-nes-f1,secondary,LOLO,nested,1,A,MAPPO|mappo_nr_seed64/mappo_best.pt,MAPPO,64,T,"June 2026, current reward",6,-823.232896496019,712.0037965906704,94.43966350534859,1.2894364,15.5,195.7383061988901,195.41594709889011,0.004955401387512388,0.0,0.004955401387512388,0.003964321110009911,0.12289395441030723,68,6.469772051536175,5,52.0192231427979,257.4980616044213,0.7196108219136269,0.27
main,v040,LOLO-nes-f1,secondary,LOLO,nested,1,A,MAPPO|mappo_nr_seed64/mappo_best.pt,MAPPO,64,T,"June 2026, current reward",7,-688.2988157779133,627.3282483779133,54.0,0.7205674,6.25,198.6493642040925,198.4692223540925,0.0019821605550049554,0.0,0.0019821605550049554,0.0019821605550049554,0.11397423191278494,38,3.615460852329039,2,1.5733738591913267,1.6678728435509498,1.0,0.27
main,v040,LOLO-nes-f1,secondary,LOLO,nested,1,A,MAPPO|mappo_nr_seed64/mappo_best.pt,MAPPO,64,T,"June 2026, current reward",8,-402.97375244438734,374.45169400927114,22.479887835116195,0.41717060000000006,5.625,205.03094593789484,204.92665328789485,0.0009910802775024777,0.0,0.0009910802775024777,0.0009910802775024777,0.024777006937561942,22,2.093161546085233,1,0.8493295945038731,0.8493295945038731,0.8493295945038731,0.27
main,v040,LOLO-nes-f1,secondary,LOLO,nested,1,A,MAPPO|mappo_nr_seed64/mappo_best.pt,MAPPO,64,T,"June 2026, current reward",9,-1119.6455421817172,80.9672981477038,1038.6782440340135,0.0,0.0,207.45561439355367,207.45561439355367,0.04558969276511397,0.04558969276511397,0.0,0.04558969276511397,0.0,0,0.0,46,2.0064808739983353,4.847787108941211,0.8526653942275458,0.27
main,v040,LOLO-nes-f1,secondary,LOLO,nested,1,A,MAPPO|mappo_nr_seed99/mappo_best.pt,MAPPO,99,T,"June 2026, current reward",all,-6196.439061342376,4741.027440262549,1385.4574588798268,5.954162200000001,64.0,2004.2995584126927,2002.8110178626926,0.006045589692765114,0.0046580773042616454,0.0013875123885034688,0.005946481665014866,0.07244796828543112,314,2.9875123885034687,61,6.038260381287662,257.4980616044213,0.8562619774106678,0.26
main,v040,LOLO-nes-f1,secondary,LOLO,nested,1,A,MAPPO|mappo_nr_seed99/mappo_best.pt,MAPPO,99,T,"June 2026, current reward",0,-949.7114987860311,937.035836186031,0.0,1.1756626000000001,11.5,188.14339736316361,187.84948171316364,0.0,0.0,0.0,0.0,0.19425173439048563,62,5.898909811694748,0,0.0,0.0,0.0,0.26
main,v040,LOLO-nes-f1,secondary,LOLO,nested,1,A,MAPPO|mappo_nr_seed99/mappo_best.pt,MAPPO,99,T,"June 2026, current reward",1,-611.9036887575242,546.7434983575241,54.0,0.9101904000000001,10.25,197.6684991723129,197.4409515723129,0.0019821605550049554,0.0,0.0019821605550049554,0.0019821605550049554,0.09712586719524281,48,4.566897918731417,2,1.4329606458720787,1.6678728435509498,1.0,0.26
main,v040,LOLO-nes-f1,secondary,LOLO,nested,1,A,MAPPO|mappo_nr_seed99/mappo_best.pt,MAPPO,99,T,"June 2026, current reward",2,-306.2547945556113,281.3282083204951,22.8998878351162,0.1516984,1.875,206.8126288113535,206.7747042113535,0.0009910802775024777,0.0,0.0009910802775024777,0.0009910802775024777,0.004955401387512388,8,0.761149653121903,1,0.8633295945038733,0.8633295945038733,0.8633295945038733,0.26
main,v040,LOLO-nes-f1,secondary,LOLO,nested,1,A,MAPPO|mappo_nr_seed99/mappo_best.pt,MAPPO,99,T,"June 2026, current reward",3,-164.8433877217286,137.8433877217286,27.0,0.0,0.0,207.34821457438574,207.34821457438574,0.0009910802775024777,0.0009910802775024777,0.0,0.0009910802775024777,0.0,0,0.0,1,4.847787108941211,4.847787108941211,1.0,0.26
main,v040,LOLO-nes-f1,secondary,LOLO,nested,1,A,MAPPO|mappo_nr_seed99/mappo_best.pt,MAPPO,99,T,"June 2026, current reward",4,-750.7344674407371,643.3153505705047,98.95977567023239,0.8343412,7.625,193.36787788208557,193.15929258208558,0.003964321110009911,0.0,0.003964321110009911,0.003964321110009911,0.1377601585728444,44,4.186323092170466,4,1.2586012190274114,1.6678728435509498,0.9246647972519366,0.26
main,v040,LOLO-nes-f1,secondary,LOLO,nested,1,A,MAPPO|mappo_nr_seed99/mappo_best.pt,MAPPO,99,T,"June 2026, current reward",5,-393.5224440817554,389.3552734817554,0.0,0.4171706,3.75,203.1875673410501,203.08327469105012,0.0,0.0,0.0,0.0,0.05153617443012884,22,2.093161546085233,0,0.0,0.0,0.0,0.26
main,v040,LOLO-nes-f1,secondary,LOLO,nested,1,A,MAPPO|mappo_nr_seed99/mappo_best.pt,MAPPO,99,T,"June 2026, current reward",6,-828.4379761605225,717.6218008551739,94.43966350534859,1.2515117999999998,15.125,196.18785912110087,195.8749811711009,0.004955401387512388,0.0,0.004955401387512388,0.003964321110009911,0.11298315163528246,66,6.279484638255699,5,52.0192231427979,257.4980616044213,0.7196108219136269,0.26
main,v040,LOLO-nes-f1,secondary,LOLO,nested,1,A,MAPPO|mappo_nr_seed99/mappo_best.pt,MAPPO,99,T,"June 2026, current reward",7,-664.2374109792604,629.1039189792605,27.0,0.758492,7.375,198.8271059406743,198.63748294067432,0.0009910802775024777,0.0,0.0009910802775024777,0.0009910802775024777,0.10406342913776016,40,3.8057482656095147,1,1.4788748748317033,1.4788748748317033,1.0,0.26
main,v040,LOLO-nes-f1,secondary,LOLO,nested,1,A,MAPPO|mappo_nr_seed99/mappo_best.pt,MAPPO,99,T,"June 2026, current reward",8,-407.147850677488,377.7128676423718,22.479887835116195,0.45509520000000003,6.5,205.3007938130126,205.1870200130126,0.0009910802775024777,0.0,0.0009910802775024777,0.0009910802775024777,0.02180376610505451,24,2.2834489593657086,1,0.8493295945038731,0.8493295945038731,0.8493295945038731,0.26
main,v040,LOLO-nes-f1,secondary,LOLO,nested,1,A,MAPPO|mappo_nr_seed99/mappo_best.pt,MAPPO,99,T,"June 2026, current reward",9,-1119.6455421817172,80.9672981477038,1038.6782440340135,0.0,0.0,207.45561439355367,207.45561439355367,0.04558969276511397,0.04558969276511397,0.0,0.04558969276511397,0.0,0,0.0,46,2.0064808739983353,4.847787108941211,0.8526653942275458,0.26
main,v040,LOLO-nes-f1,secondary,LOLO,nested,1,A,MAPPO|mappo_seed7_20260516T092249/mappo_best.pt,MAPPO,7,L,"May 2026, pre-781c90c reward",all,-6218.6385361698685,4726.577122454925,1434.937346714943,5.499067,51.625,2002.9273218175263,2001.5525550675263,0.00624380574826561,0.0046580773042616454,0.0015857284440039642,0.006144697720515362,0.07978196233894945,290,2.759167492566898,63,5.886525169787336,257.4980616044213,0.8584334955008668,0.26
main,v040,LOLO-nes-f1,secondary,LOLO,nested,1,A,MAPPO|mappo_seed7_20260516T092249/mappo_best.pt,MAPPO,7,L,"May 2026, pre-781c90c reward",0,-947.4006587068168,936.3879207068168,0.0,1.1377380000000001,9.875,188.08394191484047,187.79950741484046,0.0,0.0,0.0,0.0,0.2091179385530228,60,5.708622398414271,0,0.0,0.0,0.0,0.26
main,v040,LOLO-nes-f1,secondary,LOLO,nested,1,A,MAPPO|mappo_seed7_20260516T092249/mappo_best.pt,MAPPO,7,L,"May 2026, pre-781c90c reward",1,-629.6959324972255,542.9687788621094,76.47988783511619,0.8722658000000001,9.375,197.27204536718793,197.05397891718795,0.002973240832507433,0.0,0.002973240832507433,0.002973240832507433,0.10703666997026759,46,4.376610505450942,3,1.2384169620826768,1.6678728435509498,0.949776531501291,0.26
main,v040,LOLO-nes-f1,secondary,LOLO,nested,1,A,MAPPO|mappo_seed7_20260516T092249/mappo_best.pt,MAPPO,7,L,"May 2026, pre-781c90c reward",2,-305.8116016703691,281.4229400352529,22.8998878351162,0.11377380000000001,1.375,206.81405985027698,206.78561640027698,0.0009910802775024777,0.0,0.0009910802775024777,0.0009910802775024777,0.003964321110009911,6,0.5708622398414271,1,0.8633295945038733,0.8633295945038733,0.8633295945038733,0.26
main,v040,LOLO-nes-f1,secondary,LOLO,nested,1,A,MAPPO|mappo_seed7_20260516T092249/mappo_best.pt,MAPPO,7,L,"May 2026, pre-781c90c reward",3,-164.8433877217286,137.8433877217286,27.0,0.0,0.0,207.34821457438574,207.34821457438574,0.0009910802775024777,0.0009910802775024777,0.0,0.0009910802775024777,0.0,0,0.0,1,4.847787108941211,4.847787108941211,1.0,0.26
main,v040,LOLO-nes-f1,secondary,LOLO,nested,1,A,MAPPO|mappo_seed7_20260516T092249/mappo_best.pt,MAPPO,7,L,"May 2026, pre-781c90c reward",4,-747.4580936077494,641.7398259375171,98.95977567023239,0.758492,6.0,193.23262874082536,193.04300574082532,0.003964321110009911,0.0,0.003964321110009911,0.003964321110009911,0.1466798810703667,40,3.8057482656095147,4,1.2586012190274114,1.6678728435509498,0.9246647972519366,0.26
main,v040,LOLO-nes-f1,secondary,LOLO,nested,1,A,MAPPO|mappo_seed7_20260516T092249/mappo_best.pt,MAPPO,7,L,"May 2026, pre-781c90c reward",5,-392.38207819459114,389.25283219459106,0.0,0.379246,2.75,203.16359885584234,203.06878735584235,0.0,0.0,0.0,0.0,0.05252725470763132,20,1.9028741328047574,0,0.0,0.0,0.0,0.26
main,v040,LOLO-nes-f1,secondary,LOLO,nested,1,A,MAPPO|mappo_seed7_20260516T092249/mappo_best.pt,MAPPO,7,L,"May 2026, pre-781c90c reward",6,-820.350540826807,714.0610639214583,94.43966350534859,1.0998134,10.75,195.81188414143412,195.53693079143412,0.004955401387512388,0.0,0.004955401387512388,0.003964321110009911,0.13181367690782952,58,5.518334985133796,5,52.0192231427979,257.4980616044213,0.7196108219136269,0.26
main,v040,LOLO-nes-f1,secondary,LOLO,nested,1,A,MAPPO|mappo_seed7_20260516T092249/mappo_best.pt,MAPPO,7,L,"May 2026, pre-781c90c reward",7,-687.8949603970473,627.2123175970473,54.0,0.6826428,6.0,198.61267003942424,198.44200933942426,0.0019821605550049554,0.0,0.0019821605550049554,0.0019821605550049554,0.11892963330029732,36,3.4251734390485633,2,1.5733738591913267,1.6678728435509498,1.0,0.26
main,v040,LOLO-nes-f1,secondary,LOLO,nested,1,A,MAPPO|mappo_seed7_20260516T092249/mappo_best.pt,MAPPO,7,L,"May 2026, pre-781c90c reward",8,-403.1557403658162,374.7207573307,22.479887835116195,0.45509520000000003,5.5,205.13266393975562,205.01889013975563,0.0009910802775024777,0.0,0.0009910802775024777,0.0009910802775024777,0.027750247770069375,24,2.2834489593657086,1,0.8493295945038731,0.8493295945038731,0.8493295945038731,0.26
main,v040,LOLO-nes-f1,secondary,LOLO,nested,1,A,MAPPO|mappo_seed7_20260516T092249/mappo_best.pt,MAPPO,7,L,"May 2026, pre-781c90c reward",9,-1119.6455421817172,80.9672981477038,1038.6782440340135,0.0,0.0,207.45561439355367,207.45561439355367,0.04558969276511397,0.04558969276511397,0.0,0.04558969276511397,0.0,0,0.0,46,2.0064808739983353,4.847787108941211,0.8526653942275458,0.26
main,v040,LOLO-nes-f1,secondary,LOLO,nested,1,A,MAPPO|mappo_pool_off_seed1_20260526T162327/mappo_best.pt,MAPPO,1,T,search-only (scenario-variant sweep dir); traced to Table I,all,-6221.243065781587,4732.2279734666445,1435.3573467149429,5.1577456,48.5,2003.4161342121001,2002.1266978121002,0.00624380574826561,0.0046580773042616454,0.0015857284440039642,0.006144697720515362,0.08166501486620416,272,2.58790882061447,63,5.886747392009559,257.4980616044213,0.8586557177230889,0.28
main,v040,LOLO-nes-f1,secondary,LOLO,nested,1,A,MAPPO|mappo_pool_off_seed1_20260526T162327/mappo_best.pt,MAPPO,1,T,search-only (scenario-variant sweep dir); traced to Table I,0,-949.220988065015,935.3824008650151,0.0,1.2135872,12.625,188.01773667237933,187.7143398723793,0.0,0.0,0.0,0.0,0.22001982160555006,64,6.089197224975224,0,0.0,0.0,0.0,0.28
main,v040,LOLO-nes-f1,secondary,LOLO,nested,1,A,MAPPO|mappo_pool_off_seed1_20260526T162327/mappo_best.pt,MAPPO,1,T,search-only (scenario-variant sweep dir); traced to Table I,1,-627.8532771139269,543.7398972788106,76.47988783511619,0.7584919999999999,6.875,197.414915778181,197.22529277818103,0.002973240832507433,0.0,0.002973240832507433,0.002973240832507433,0.1110009910802775,40,3.8057482656095147,3,1.2384169620826768,1.6678728435509498,0.949776531501291,0.28
main,v040,LOLO-nes-f1,secondary,LOLO,nested,1,A,MAPPO|mappo_pool_off_seed1_20260526T162327/mappo_best.pt,MAPPO,1,T,search-only (scenario-variant sweep dir); traced to Table I,2,-306.624894506108,282.1112328709918,22.8998878351162,0.11377380000000001,1.5,206.88592967590293,206.85748622590293,0.0009910802775024777,0.0,0.0009910802775024777,0.0009910802775024777,0.002973240832507433,6,0.5708622398414271,1,0.8633295945038733,0.8633295945038733,0.8633295945038733,0.28
main,v040,LOLO-nes-f1,secondary,LOLO,nested,1,A,MAPPO|mappo_pool_off_seed1_20260526T162327/mappo_best.pt,MAPPO,1,T,search-only (scenario-variant sweep dir); traced to Table I,3,-164.8433877217286,137.8433877217286,27.0,0.0,0.0,207.34821457438574,207.34821457438574,0.0009910802775024777,0.0009910802775024777,0.0,0.0009910802775024777,0.0,0,0.0,1,4.847787108941211,4.847787108941211,1.0,0.28
main,v040,LOLO-nes-f1,secondary,LOLO,nested,1,A,MAPPO|mappo_pool_off_seed1_20260526T162327/mappo_best.pt,MAPPO,1,T,search-only (scenario-variant sweep dir); traced to Table I,4,-747.8018259601112,642.4094074898787,98.95977567023239,0.6826428,5.75,193.2311334711568,193.0604727711568,0.003964321110009911,0.0,0.003964321110009911,0.003964321110009911,0.14965312190287414,36,3.4251734390485633,4,1.2586012190274114,1.6678728435509498,0.9246647972519366,0.28
main,v040,LOLO-nes-f1,secondary,LOLO,nested,1,A,MAPPO|mappo_pool_off_seed1_20260526T162327/mappo_best.pt,MAPPO,1,T,search-only (scenario-variant sweep dir); traced to Table I,5,-417.1223509878634,391.09321715274723,22.8998878351162,0.379246,2.75,203.30360118329776,203.20878968329777,0.0009910802775024777,0.0,0.0009910802775024777,0.0009910802775024777,0.05252725470763132,20,1.9028741328047574,1,0.8633295945038733,0.8633295945038733,0.8633295945038733,0.28
main,v040,LOLO-nes-f1,secondary,LOLO,nested,1,A,MAPPO|mappo_pool_off_seed1_20260526T162327/mappo_best.pt,MAPPO,1,T,search-only (scenario-variant sweep dir); traced to Table I,6,-797.6914227674911,714.9576828972587,71.95977567023239,1.0239642,9.75,195.92853929135478,195.6725482413548,0.003964321110009911,0.0,0.003964321110009911,0.002973240832507433,0.13577799801783944,54,5.137760158572845,4,64.8116965298714,257.4980616044213,0.6871811287660653,0.28
main,v040,LOLO-nes-f1,secondary,LOLO,nested,1,A,MAPPO|mappo_pool_off_seed1_20260526T162327/mappo_best.pt,MAPPO,1,T,search-only (scenario-variant sweep dir); traced to Table I,7,-688.0894464669861,629.5205774669862,54.0,0.5688690000000001,4.0,198.84281293102202,198.70059568102204,0.0019821605550049554,0.0,0.0019821605550049554,0.0019821605550049554,0.11496531219028741,30,2.8543111992071357,2,1.5733738591913267,1.6678728435509498,1.0,0.28
main,v040,LOLO-nes-f1,secondary,LOLO,nested,1,A,MAPPO|mappo_pool_off_seed1_20260526T162327/mappo_best.pt,MAPPO,1,T,search-only (scenario-variant sweep dir); traced to Table I,8,-402.3499300106391,374.202871575523,22.479887835116195,0.41717060000000006,5.25,204.98763624086635,204.88334359086636,0.0009910802775024777,0.0,0.0009910802775024777,0.0009910802775024777,0.02973240832507433,22,2.093161546085233,1,0.8493295945038731,0.8493295945038731,0.8493295945038731,0.28
main,v040,LOLO-nes-f1,secondary,LOLO,nested,1,A,MAPPO|mappo_pool_off_seed1_20260526T162327/mappo_best.pt,MAPPO,1,T,search-only (scenario-variant sweep dir); traced to Table I,9,-1119.6455421817172,80.9672981477038,1038.6782440340135,0.0,0.0,207.45561439355367,207.45561439355367,0.04558969276511397,0.04558969276511397,0.0,0.04558969276511397,0.0,0,0.0,46,2.0064808739983353,4.847787108941211,0.8526653942275458,0.28
main,v040,LOLO-nes-f1,secondary,LOLO,nested,1,A,MAPPO|mappo_pool_off_seed7_20260526T162327/mappo_best.pt,MAPPO,7,T,search-only (scenario-variant sweep dir); traced to Table I,all,-6391.538260964058,4716.68918090865,1606.2768980554076,6.447182,62.125,2002.835340267303,2001.223544767303,0.006937561942517344,0.0046580773042616454,0.0022794846382556988,0.006838453914767096,0.08840436075322101,340,3.2348860257680876,70,5.415386066236447,257.4980616044213,0.8641804084938586,0.28
main,v040,LOLO-nes-f1,secondary,LOLO,nested,1,A,MAPPO|mappo_pool_off_seed7_20260526T162327/mappo_best.pt,MAPPO,7,T,search-only (scenario-variant sweep dir); traced to Table I,0,-968.8853925970237,934.8660683619075,22.479887835116195,1.2894364,10.25,187.96294437966841,187.64058527966841,0.0009910802775024777,0.0,0.0009910802775024777,0.0009910802775024777,0.23389494549058473,68,6.469772051536175,1,0.8493295945038731,0.8493295945038731,0.8493295945038731,0.28
main,v040,LOLO-nes-f1,secondary,LOLO,nested,1,A,MAPPO|mappo_pool_off_seed7_20260526T162327/mappo_best.pt,MAPPO,7,T,search-only (scenario-variant sweep dir); traced to Table I,1,-606.1059120809007,541.2827970809007,54.0,0.948115,9.875,197.08858060294048,196.85155185294047,0.0019821605550049554,0.0,0.0019821605550049554,0.0019821605550049554,0.11793855302279485,50,4.757185332011893,2,1.4329606458720787,1.6678728435509498,1.0,0.28
main,v040,LOLO-nes-f1,secondary,LOLO,nested,1,A,MAPPO|mappo_pool_off_seed7_20260526T162327/mappo_best.pt,MAPPO,7,T,search-only (scenario-variant sweep dir); traced to Table I,2,-335.0340995712623,281.8687395361461,49.8998878351162,0.26547220000000005,3.0,206.98588429408045,206.91951624408046,0.0019821605550049554,0.0,0.0019821605550049554,0.0019821605550049554,0.010901883052527254,14,1.33201189296333,2,1.1711022346677882,1.4788748748317033,0.9316647972519366,0.28
main,v040,LOLO-nes-f1,secondary,LOLO,nested,1,A,MAPPO|mappo_pool_off_seed7_20260526T162327/mappo_best.pt,MAPPO,7,T,search-only (scenario-variant sweep dir); traced to Table I,3,-164.8433877217286,137.8433877217286,27.0,0.0,0.0,207.34821457438574,207.34821457438574,0.0009910802775024777,0.0009910802775024777,0.0,0.0009910802775024777,0.0,0,0.0,1,4.847787108941211,4.847787108941211,1.0,0.28
main,v040,LOLO-nes-f1,secondary,LOLO,nested,1,A,MAPPO|mappo_pool_off_seed7_20260526T162327/mappo_best.pt,MAPPO,7,T,search-only (scenario-variant sweep dir); traced to Table I,4,-747.9508633631256,642.1075956928931,98.95977567023239,0.758492,6.125,193.2749790669159,193.0853560669159,0.003964321110009911,0.0,0.003964321110009911,0.003964321110009911,0.15262636273538158,40,3.8057482656095147,4,1.2586012190274114,1.6678728435509498,0.9246647972519366,0.28
main,v040,LOLO-nes-f1,secondary,LOLO,nested,1,A,MAPPO|mappo_pool_off_seed7_20260526T162327/mappo_best.pt,MAPPO,7,T,search-only (scenario-variant sweep dir); traced to Table I,5,-467.3021808467191,389.1035361764867,72.37977567023239,0.5688690000000001,5.25,203.4731838788503,203.33096662885032,0.002973240832507433,0.0,0.002973240832507433,0.002973240832507433,0.062438057482656094,30,2.8543111992071357,3,1.1268440108528988,1.6678728435509498,0.9042197296692488,0.28
main,v040,LOLO-nes-f1,secondary,LOLO,nested,1,A,MAPPO|mappo_pool_off_seed7_20260526T162327/mappo_best.pt,MAPPO,7,T,search-only (scenario-variant sweep dir); traced to Table I,6,-844.6250084945914,708.0209085892428,121.43966350534859,1.2894364,13.875,195.40557024342826,195.08321114342823,0.005946481665014866,0.0,0.005946481665014866,0.004955401387512388,0.1466798810703667,68,6.469772051536175,6,43.62733142625674,257.4980616044213,0.7663423515946891,0.28
main,v040,LOLO-nes-f1,secondary,LOLO,nested,1,A,MAPPO|mappo_pool_off_seed7_20260526T162327/mappo_best.pt,MAPPO,7,T,search-only (scenario-variant sweep dir); traced to Table I,7,-711.9128793151148,626.7615748799986,76.47988783511619,0.7964166,7.875,198.77171916165102,198.572615011651,0.002973240832507433,0.0,0.002973240832507433,0.002973240832507433,0.12388503468780972,42,3.9960356788899905,3,1.3320257709621754,1.6678728435509498,0.949776531501291,0.28
main,v040,LOLO-nes-f1,secondary,LOLO,nested,1,A,MAPPO|mappo_pool_off_seed7_20260526T162327/mappo_best.pt,MAPPO,7,T,search-only (scenario-variant sweep dir); traced to Table I,8,-425.23299479187403,373.8672747216416,44.95977567023239,0.5309444,5.875,205.068649671829,204.93591357182902,0.0019821605550049554,0.0,0.0019821605550049554,0.0019821605550049554,0.035678889990089196,28,2.66402378592666,2,0.8493295945038731,0.8493295945038731,0.8493295945038731,0.28
main,v040,LOLO-nes-f1,secondary,LOLO,nested,1,A,MAPPO|mappo_pool_off_seed7_20260526T162327/mappo_best.pt,MAPPO,7,T,search-only (scenario-variant sweep dir); traced to Table I,9,-1119.6455421817172,80.9672981477038,1038.6782440340135,0.0,0.0,207.45561439355367,207.45561439355367,0.04558969276511397,0.04558969276511397,0.0,0.04558969276511397,0.0,0,0.0,46,2.0064808739983353,4.847787108941211,0.8526653942275458,0.28
main,v040,LOLO-nes-f1,secondary,LOLO,nested,1,A,MAPPO|mappo_pool_off_seed13_20260526T162327/mappo_best.pt,MAPPO,13,T,search-only (scenario-variant sweep dir); traced to Table I,all,-6240.164764037532,4723.654311687474,1457.837234550059,5.423217800000001,53.25,2002.6296127025398,2001.2738082525398,0.006342913776015857,0.0046580773042616454,0.0016848364717542122,0.00624380574826561,0.08305252725470763,286,2.721110009910803,64,5.810990832184769,257.4980616044213,0.8585099970477887,0.28
main,v040,LOLO-nes-f1,secondary,LOLO,nested,1,A,MAPPO|mappo_pool_off_seed13_20260526T162327/mappo_best.pt,MAPPO,13,T,search-only (scenario-variant sweep dir); traced to Table I,0,-947.0592919907444,933.4707047907443,0.0,1.2135872,12.375,187.81964350275808,187.51624670275808,0.0,0.0,0.0,0.0,0.22299306243805747,64,6.089197224975224,0,0.0,0.0,0.0,0.28
main,v040,LOLO-nes-f1,secondary,LOLO,nested,1,A,MAPPO|mappo_pool_off_seed13_20260526T162327/mappo_best.pt,MAPPO,13,T,search-only (scenario-variant sweep dir); traced to Table I,1,-630.3556564036854,542.3405781685692,76.47988783511619,0.9101904000000001,10.625,197.21441472522088,196.9868671252209,0.002973240832507433,0.0,0.002973240832507433,0.002973240832507433,0.1110009910802775,48,4.566897918731417,3,1.2384169620826768,1.6678728435509498,0.949776531501291,0.28
main,v040,LOLO-nes-f1,secondary,LOLO,nested,1,A,MAPPO|mappo_pool_off_seed13_20260526T162327/mappo_best.pt,MAPPO,13,T,search-only (scenario-variant sweep dir); traced to Table I,2,-306.7417191491549,282.7659821140387,22.8998878351162,0.0758492,1.0,206.9340850292308,206.9151227292308,0.0009910802775024777,0.0,0.0009910802775024777,0.0009910802775024777,0.0019821605550049554,4,0.3805748265609515,1,0.8633295945038733,0.8633295945038733,0.8633295945038733,0.28
main,v040,LOLO-nes-f1,secondary,LOLO,nested,1,A,MAPPO|mappo_pool_off_seed13_20260526T162327/mappo_best.pt,MAPPO,13,T,search-only (scenario-variant sweep dir); traced to Table I,3,-164.8433877217286,137.8433877217286,27.0,0.0,0.0,207.34821457438574,207.34821457438574,0.0009910802775024777,0.0009910802775024777,0.0,0.0009910802775024777,0.0,0,0.0,1,4.847787108941211,4.847787108941211,1.0,0.28
main,v040,LOLO-nes-f1,secondary,LOLO,nested,1,A,MAPPO|mappo_pool_off_seed13_20260526T162327/mappo_best.pt,MAPPO,13,T,search-only (scenario-variant sweep dir); traced to Table I,4,-774.8588954840607,641.3906278138282,125.95977567023239,0.758492,6.75,193.15231131374816,192.96268831374817,0.004955401387512388,0.0,0.004955401387512388,0.004955401387512388,0.15262636273538158,40,3.8057482656095147,5,1.340455543932119,1.6678728435509498,0.9397318378015493,0.28
main,v040,LOLO-nes-f1,secondary,LOLO,nested,1,A,MAPPO|mappo_pool_off_seed13_20260526T162327/mappo_best.pt,MAPPO,13,T,search-only (scenario-variant sweep dir); traced to Table I,5,-414.73673793699624,388.70760410188007,22.8998878351162,0.37924599999999997,2.75,203.12226856583612,203.02745706583613,0.0009910802775024777,0.0,0.0009910802775024777,0.0009910802775024777,0.05946481665014866,20,1.9028741328047574,1,0.8633295945038733,0.8633295945038733,0.8633295945038733,0.28
main,v040,LOLO-nes-f1,secondary,LOLO,nested,1,A,MAPPO|mappo_pool_off_seed13_20260526T162327/mappo_best.pt,MAPPO,13,T,search-only (scenario-variant sweep dir); traced to Table I,6,-817.8046749531734,712.1781226478247,94.43966350534859,1.0618888,10.125,195.66295201270316,195.39747981270312,0.004955401387512388,0.0,0.004955401387512388,0.003964321110009911,0.13478691774033696,56,5.32804757185332,5,52.0192231427979,257.4980616044213,0.7196108219136269,0.28
main,v040,LOLO-nes-f1,secondary,LOLO,nested,1,A,MAPPO|mappo_pool_off_seed13_20260526T162327/mappo_best.pt,MAPPO,13,T,search-only (scenario-variant sweep dir); traced to Table I,7,-662.4355531935781,630.2037595935782,27.0,0.6067936,4.625,198.96281414253477,198.81111574253475,0.0009910802775024777,0.0,0.0009910802775024777,0.0009910802775024777,0.11892963330029732,32,3.044598612487612,1,1.6678728435509498,1.6678728435509498,1.0,0.28
main,v040,LOLO-nes-f1,secondary,LOLO,nested,1,A,MAPPO|mappo_pool_off_seed13_20260526T162327/mappo_best.pt,MAPPO,13,T,search-only (scenario-variant sweep dir); traced to Table I,8,-401.68330502269407,373.7862465875779,22.479887835116195,0.41717060000000006,5.0,204.9572944425686,204.8530017925686,0.0009910802775024777,0.0,0.0009910802775024777,0.0009910802775024777,0.028741328047571853,22,2.093161546085233,1,0.8493295945038731,0.8493295945038731,0.8493295945038731,0.28
main,v040,LOLO-nes-f1,secondary,LOLO,nested,1,A,MAPPO|mappo_pool_off_seed13_20260526T162327/mappo_best.pt,MAPPO,13,T,search-only (scenario-variant sweep dir); traced to Table I,9,-1119.6455421817172,80.9672981477038,1038.6782440340135,0.0,0.0,207.45561439355367,207.45561439355367,0.04558969276511397,0.04558969276511397,0.0,0.04558969276511397,0.0,0,0.0,46,2.0064808739983353,4.847787108941211,0.8526653942275458,0.28
main,v040,LOLO-nes-f1,secondary,LOLO,nested,1,A,MAPPO|mappo_pool_off_seed77_20260526T162327/mappo_best.pt,MAPPO,77,T,search-only (scenario-variant sweep dir); traced to Table I,all,-6118.939243722225,4740.176586842399,1331.4574588798268,4.930198000000001,42.375,2004.2257656206211,2002.9932161206211,0.005847373637264618,0.0046580773042616454,0.0011892963330029733,0.005748265609514371,0.07631318136769079,260,2.4737363726461843,59,1.8535075725304124,4.847787108941211,0.8513895020686565,0.28
main,v040,LOLO-nes-f1,secondary,LOLO,nested,1,A,MAPPO|mappo_pool_off_seed77_20260526T162327/mappo_best.pt,MAPPO,77,T,search-only (scenario-variant sweep dir); traced to Table I,0,-949.8439617399317,941.5208467399318,0.0,0.948115,7.375,188.6087580232213,188.37172927322132,0.0,0.0,0.0,0.0,0.19821605550049554,50,4.757185332011893,0,0.0,0.0,0.0,0.28
main,v040,LOLO-nes-f1,secondary,LOLO,nested,1,A,MAPPO|mappo_pool_off_seed77_20260526T162327/mappo_best.pt,MAPPO,77,T,search-only (scenario-variant sweep dir); traced to Table I,1,-606.4690952587202,544.2976786587201,54.0,0.7964166,7.375,197.37716650891366,197.17806235891368,0.0019821605550049554,0.0,0.0019821605550049554,0.0019821605550049554,0.10307234886025768,42,3.9960356788899905,2,1.4329606458720787,1.6678728435509498,1.0,0.28
main,v040,LOLO-nes-f1,secondary,LOLO,nested,1,A,MAPPO|mappo_pool_off_seed77_20260526T162327/mappo_best.pt,MAPPO,77,T,search-only (scenario-variant sweep dir); traced to Table I,2,-307.1849120343971,282.6712503992809,22.8998878351162,0.11377380000000001,1.5,206.93265399030733,206.90421054030733,0.0009910802775024777,0.0,0.0009910802775024777,0.0009910802775024777,0.002973240832507433,6,0.5708622398414271,1,0.8633295945038733,0.8633295945038733,0.8633295945038733,0.28
main,v040,LOLO-nes-f1,secondary,LOLO,nested,1,A,MAPPO|mappo_pool_off_seed77_20260526T162327/mappo_best.pt,MAPPO,77,T,search-only (scenario-variant sweep dir); traced to Table I,3,-164.8433877217286,137.8433877217286,27.0,0.0,0.0,207.34821457438574,207.34821457438574,0.0009910802775024777,0.0009910802775024777,0.0,0.0009910802775024777,0.0,0,0.0,1,4.847787108941211,4.847787108941211,1.0,0.28
main,v040,LOLO-nes-f1,secondary,LOLO,nested,1,A,MAPPO|mappo_pool_off_seed77_20260526T162327/mappo_best.pt,MAPPO,77,T,search-only (scenario-variant sweep dir); traced to Table I,4,-721.7275944536261,643.4222513833938,71.95977567023239,0.7205674000000001,5.625,193.33310390499065,193.15296205499067,0.002973240832507433,0.0,0.002973240832507433,0.002973240832507433,0.14073339940535184,38,3.615460852329039,3,1.122177344186232,1.6678728435509498,0.8995530630025822,0.28
main,v040,LOLO-nes-f1,secondary,LOLO,nested,1,A,MAPPO|mappo_pool_off_seed77_20260526T162327/mappo_best.pt,MAPPO,77,T,search-only (scenario-variant sweep dir); traced to Table I,5,-393.54746532066883,391.7440685206688,0.0,0.3033968,1.5,203.41830741537058,203.34245821537058,0.0,0.0,0.0,0.0,0.048562933597621406,16,1.522299306243806,0,0.0,0.0,0.0,0.28
main,v040,LOLO-nes-f1,secondary,LOLO,nested,1,A,MAPPO|mappo_pool_off_seed77_20260526T162327/mappo_best.pt,MAPPO,77,T,search-only (scenario-variant sweep dir); traced to Table I,6,-791.6155362323323,712.8639839269837,67.43966350534859,1.0618888000000002,10.25,195.7287318472178,195.4632596472178,0.003964321110009911,0.0,0.003964321110009911,0.002973240832507433,0.13181367690782952,56,5.32804757185332,4,0.6495135273920335,0.8493295945038731,0.6495135273920336,0.28
main,v040,LOLO-nes-f1,secondary,LOLO,nested,1,A,MAPPO|mappo_pool_off_seed77_20260526T162327/mappo_best.pt,MAPPO,77,T,search-only (scenario-variant sweep dir); traced to Table I,7,-659.9087362165618,628.4269426165619,27.0,0.6067936,3.875,198.78606206424092,198.63436366424094,0.0009910802775024777,0.0,0.0009910802775024777,0.0009910802775024777,0.1159563924677899,32,3.044598612487612,1,1.6678728435509498,1.6678728435509498,1.0,0.28
main,v040,LOLO-nes-f1,secondary,LOLO,nested,1,A,MAPPO|mappo_pool_off_seed77_20260526T162327/mappo_best.pt,MAPPO,77,T,search-only (scenario-variant sweep dir); traced to Table I,8,-404.15301256254145,376.4188787274253,22.479887835116195,0.37924599999999997,4.875,205.23715289841968,205.1423413984197,0.0009910802775024777,0.0,0.0009910802775024777,0.0009910802775024777,0.02180376610505451,20,1.9028741328047574,1,0.8493295945038731,0.8493295945038731,0.8493295945038731,0.28
main,v040,LOLO-nes-f1,secondary,LOLO,nested,1,A,MAPPO|mappo_pool_off_seed77_20260526T162327/mappo_best.pt,MAPPO,77,T,search-only (scenario-variant sweep dir); traced to Table I,9,-1119.6455421817172,80.9672981477038,1038.6782440340135,0.0,0.0,207.45561439355367,207.45561439355367,0.04558969276511397,0.04558969276511397,0.0,0.04558969276511397,0.0,0,0.0,46,2.0064808739983353,4.847787108941211,0.8526653942275458,0.28
main,v040,LOLO-nes-f1,secondary,LOLO,nested,1,A,"Hysteresis (fixed, t_up=81, b=50 Mbps)|-",Hysteresis (fixed),0,baseline,baseline,all,-6872.4108401991025,5027.93209104128,1840.7299715578233,2.1237776,1.625,2036.3241593689768,2035.7932149689766,0.007928642220019821,0.0046580773042616454,0.0032705649157581764,0.007730426164519326,0.07472745292368682,111,1.0560951437066404,80,1.7359966257005837,4.847787108941211,0.8657224546338391,0.21
main,v040,LOLO-nes-f1,secondary,LOLO,nested,1,A,"Hysteresis (fixed, t_up=81, b=50 Mbps)|-",Hysteresis (fixed),0,baseline,baseline,0,-1164.830822944985,984.2909520747525,179.95977567023237,0.45509520000000003,0.125,195.20257639701128,195.0888025970113,0.006937561942517344,0.0,0.006937561942517344,0.006937561942517344,0.22497522299306244,23,2.188305252725471,7,1.4340033438232136,1.6678728435509498,0.9569513127153924,0.21
main,v040,LOLO-nes-f1,secondary,LOLO,nested,1,A,"Hysteresis (fixed, t_up=81, b=50 Mbps)|-",Hysteresis (fixed),0,baseline,baseline,1,-703.4204029866612,577.0813813164286,125.95977567023239,0.379246,0.0,201.7590090852089,201.66419758520888,0.004955401387512388,0.0,0.004955401387512388,0.004955401387512388,0.12586719524281467,20,1.9028741328047574,5,1.2464906648605707,1.6678728435509498,0.9397318378015493,0.21
main,v040,LOLO-nes-f1,secondary,LOLO,nested,1,A,"Hysteresis (fixed, t_up=81, b=50 Mbps)|-",Hysteresis (fixed),0,baseline,baseline,2,-285.2059472554327,285.2059472554327,0.0,0.0,0.0,207.0872598572126,207.0872598572126,0.0,0.0,0.0,0.0,0.0,0,0.0,0,0.0,0.0,0.0,0.21
main,v040,LOLO-nes-f1,secondary,LOLO,nested,1,A,"Hysteresis (fixed, t_up=81, b=50 Mbps)|-",Hysteresis (fixed),0,baseline,baseline,3,-164.8433877217286,137.8433877217286,27.0,0.0,0.0,207.34821457438574,207.34821457438574,0.0009910802775024777,0.0009910802775024777,0.0,0.0009910802775024777,0.0,0,0.0,1,4.847787108941211,4.847787108941211,1.0,0.21
main,v040,LOLO-nes-f1,secondary,LOLO,nested,1,A,"Hysteresis (fixed, t_up=81, b=50 Mbps)|-",Hysteresis (fixed),0,baseline,baseline,4,-890.2370135469016,676.5023302689052,212.69251267799638,0.4171706,0.625,198.40951992887813,198.30522727887814,0.008919722497522299,0.0,0.008919722497522299,0.008919722497522299,0.14866204162537167,22,2.093161546085233,9,1.2377907412928202,1.6678728435509498,0.887750046955542,0.21
main,v040,LOLO-nes-f1,secondary,LOLO,nested,1,A,"Hysteresis (fixed, t_up=81, b=50 Mbps)|-",Hysteresis (fixed),0,baseline,baseline,5,-448.20492988341914,425.64919284830296,22.479887835116195,0.0758492,0.0,205.94253245809824,205.92357015809824,0.0009910802775024777,0.0,0.0009910802775024777,0.0009910802775024777,0.018830525272547076,4,0.3805748265609515,1,0.8493295945038731,0.8493295945038731,0.8493295945038731,0.21
main,v040,LOLO-nes-f1,secondary,LOLO,nested,1,A,"Hysteresis (fixed, t_up=81, b=50 Mbps)|-",Hysteresis (fixed),0,baseline,baseline,6,-945.3692570893216,791.0793862190892,152.95977567023237,0.4550952,0.875,203.2913589282616,203.17758512826157,0.007928642220019821,0.0,0.007928642220019821,0.005946481665014866,0.12388503468780972,24,2.2834489593657086,8,1.0587851519155718,1.6678728435509498,0.724848730140097,0.21
main,v040,LOLO-nes-f1,secondary,LOLO,nested,1,A,"Hysteresis (fixed, t_up=81, b=50 Mbps)|-",Hysteresis (fixed),0,baseline,baseline,7,-748.885122439319,667.5438010393191,81.0,0.3413214,0.0,202.84890745688904,202.76357710688904,0.002973240832507433,0.0,0.002973240832507433,0.002973240832507433,0.10505450941526263,18,1.7125867195242817,3,1.6678728435509498,1.6678728435509498,1.0,0.21
main,v040,LOLO-nes-f1,secondary,LOLO,nested,1,A,"Hysteresis (fixed, t_up=81, b=50 Mbps)|-",Hysteresis (fixed),0,baseline,baseline,8,-401.76841414961723,401.76841414961723,0.0,0.0,0.0,206.97916628947758,206.97916628947758,0.0,0.0,0.0,0.0,0.0,0,0.0,0,0.0,0.0,0.0,0.21
main,v040,LOLO-nes-f1,secondary,LOLO,nested,1,A,"Hysteresis (fixed, t_up=81, b=50 Mbps)|-",Hysteresis (fixed),0,baseline,baseline,9,-1119.6455421817172,80.9672981477038,1038.6782440340135,0.0,0.0,207.45561439355367,207.45561439355367,0.04558969276511397,0.04558969276511397,0.0,0.04558969276511397,0.0,0,0.0,46,2.0064808739983353,4.847787108941211,0.8526653942275458,0.21
main,v040,LOLO-nes-f1,secondary,LOLO,nested,1,A,Always-DPDK|-,Always-DPDK,0,baseline,baseline,all,-7272.879898391813,6207.201654357799,1065.6782440340135,0.0,0.0,2069.9236144859083,2069.9236144859083,0.0046580773042616454,0.0046580773042616454,0.0,0.0046580773042616454,0.0,0,0.0,47,2.0669341981460563,4.847787108941211,0.8558001730737683,0.21
main,v040,LOLO-nes-f1,secondary,LOLO,nested,1,A,Always-DPDK|-,Always-DPDK,0,baseline,baseline,0,-1321.0566969411743,1321.0566969411743,0.0,0.0,0.0,206.7488673193506,206.7488673193506,0.0,0.0,0.0,0.0,0.0,0,0.0,0,0.0,0.0,0.0,0.21
main,v040,LOLO-nes-f1,secondary,LOLO,nested,1,A,Always-DPDK|-,Always-DPDK,0,baseline,baseline,1,-868.3855788203986,868.3855788203986,0.0,0.0,0.0,206.8943170606997,206.8943170606997,0.0,0.0,0.0,0.0,0.0,0,0.0,0,0.0,0.0,0.0,0.21
main,v040,LOLO-nes-f1,secondary,LOLO,nested,1,A,Always-DPDK|-,Always-DPDK,0,baseline,baseline,2,-285.2059472554327,285.2059472554327,0.0,0.0,0.0,207.0872598572126,207.0872598572126,0.0,0.0,0.0,0.0,0.0,0,0.0,0,0.0,0.0,0.0,0.21
main,v040,LOLO-nes-f1,secondary,LOLO,nested,1,A,Always-DPDK|-,Always-DPDK,0,baseline,baseline,3,-164.8433877217286,137.8433877217286,27.0,0.0,0.0,207.34821457438574,207.34821457438574,0.0009910802775024777,0.0009910802775024777,0.0,0.0009910802775024777,0.0,0,0.0,1,4.847787108941211,4.847787108941211,1.0,0.21
main,v040,LOLO-nes-f1,secondary,LOLO,nested,1,A,Always-DPDK|-,Always-DPDK,0,baseline,baseline,4,-955.6073437622715,955.6073437622715,0.0,0.0,0.0,206.8118086716055,206.8118086716055,0.0,0.0,0.0,0.0,0.0,0,0.0,0,0.0,0.0,0.0,0.21
main,v040,LOLO-nes-f1,secondary,LOLO,nested,1,A,Always-DPDK|-,Always-DPDK,0,baseline,baseline,5,-443.071995704485,443.071995704485,0.0,0.0,0.0,206.9825265635951,206.9825265635951,0.0,0.0,0.0,0.0,0.0,0,0.0,0,0.0,0.0,0.0,0.21
main,v040,LOLO-nes-f1,secondary,LOLO,nested,1,A,Always-DPDK|-,Always-DPDK,0,baseline,baseline,6,-955.826601228809,955.826601228809,0.0,0.0,0.0,206.81079593536742,206.81079593536742,0.0,0.0,0.0,0.0,0.0,0,0.0,0,0.0,0.0,0.0,0.21
main,v040,LOLO-nes-f1,secondary,LOLO,nested,1,A,Always-DPDK|-,Always-DPDK,0,baseline,baseline,7,-757.4683906261789,757.4683906261789,0.0,0.0,0.0,206.8050438206604,206.8050438206604,0.0,0.0,0.0,0.0,0.0,0,0.0,0,0.0,0.0,0.0,0.21
main,v040,LOLO-nes-f1,secondary,LOLO,nested,1,A,Always-DPDK|-,Always-DPDK,0,baseline,baseline,8,-401.76841414961723,401.76841414961723,0.0,0.0,0.0,206.97916628947758,206.97916628947758,0.0,0.0,0.0,0.0,0.0,0,0.0,0,0.0,0.0,0.0,0.21
main,v040,LOLO-nes-f1,secondary,LOLO,nested,1,A,Always-DPDK|-,Always-DPDK,0,baseline,baseline,9,-1119.6455421817172,80.9672981477038,1038.6782440340135,0.0,0.0,207.45561439355367,207.45561439355367,0.04558969276511397,0.04558969276511397,0.0,0.04558969276511397,0.0,0,0.0,46,2.0064808739983353,4.847787108941211,0.8526653942275458,0.21
main,v040,LOLO-nes-f1,secondary,LOLO,nested,1,A,Always-USR|-,Always-USR (supplementary),0,baseline,baseline,all,-192524.8321523426,9037.828900571418,183487.0030457712,0.000206,0.0,6004.774785022921,6004.77473352292,0.7102081268582755,0.33627353815659067,0.7102081268582755,0.7025768087215064,1.0,0,0.0,7166,2755.78750880656,110236.04404561648,0.9529707598332949,0.21
main,v040,LOLO-nes-f1,secondary,LOLO,nested,1,A,Always-USR|-,Always-USR (supplementary),0,baseline,baseline,0,-6671.062231955984,1261.0355363314263,5410.026675024557,2.06e-05,0.0,316.6078671222118,316.6078619722118,0.22001982160555006,0.004955401387512388,0.22001982160555006,0.21704658077304262,1.0,0,0.0,222,22.90186951449192,1761.8554311896871,0.9116415246801268,0.21
main,v040,LOLO-nes-f1,secondary,LOLO,nested,1,A,Always-USR|-,Always-USR (supplementary),0,baseline,baseline,1,-19185.37781963155,1020.1663840926221,18165.21141493893,2.06e-05,0.0,565.9380542257874,565.9380490757874,0.7155599603567889,0.20317145688800792,0.7155599603567889,0.707631318136769,1.0,0,0.0,722,349.92982603633055,2690.9195885208856,0.9380991271095334,0.21
main,v040,LOLO-nes-f1,secondary,LOLO,nested,1,A,Always-USR|-,Always-USR (supplementary),0,baseline,baseline,2,-24265.52755063395,792.5986507597906,23472.928879274157,2.06e-05,0.0,732.6421584308243,732.6421532808245,0.8929633300297324,0.4975222993062438,0.8929633300297324,0.8870168483647175,1.0,0,0.0,901,800.9886139942718,9646.155839528674,0.9680703158699346,0.21
main,v040,LOLO-nes-f1,secondary,LOLO,nested,1,A,Always-USR|-,Always-USR (supplementary),0,baseline,baseline,3,-26755.715326070167,490.0749910392923,26265.64031443087,2.06e-05,0.0,833.7680098053652,833.7680046553651,0.9781962338949455,0.848364717542121,0.9781962338949455,0.9732408325074331,1.0,0,0.0,987,2934.3750647608895,110236.04404561648,0.9868000713724874,0.21
main,v040,LOLO-nes-f1,secondary,LOLO,nested,1,A,Always-USR|-,Always-USR (supplementary),0,baseline,baseline,4,-15847.762061423597,1114.3705244606956,14733.391516362899,2.06e-05,0.0,475.8533087070707,475.8533035570707,0.5916749256689792,0.07234886025768088,0.5916749256689792,0.5906838453914767,1.0,0,0.0,597,97.75271321305607,2690.9195885208856,0.9225512828668117,0.21
main,v040,LOLO-nes-f1,secondary,LOLO,nested,1,A,Always-USR|-,Always-USR (supplementary),0,baseline,baseline,5,-22162.764907258228,894.3279813014269,21268.4369053568,2.06e-05,0.0,655.1725370612551,655.172531911255,0.819623389494549,0.3557978196233895,0.819623389494549,0.8136769078295342,1.0,0,0.0,827,463.28796687317157,2715.8153050291207,0.9568903129402246,0.21
main,v040,LOLO-nes-f1,secondary,LOLO,nested,1,A,Always-USR|-,Always-USR (supplementary),0,baseline,baseline,6,-12856.194731463409,1143.4437168588024,11712.750994004604,2.06e-05,0.0,439.82378135102863,439.82377620102864,0.47373637264618434,0.07333994053518335,0.47373637264618434,0.4618434093161546,1.0,0,0.0,478,166.42242781391553,2438.3091422736807,0.9155351821049477,0.21
main,v040,LOLO-nes-f1,secondary,LOLO,nested,1,A,Always-USR|-,Always-USR (supplementary),0,baseline,baseline,7,-15211.74674422892,1120.1125266316762,14091.634196997245,2.06e-05,0.0,471.946678296904,471.946673146904,0.5887016848364718,0.040634291377601585,0.5887016848364718,0.5639246778989098,1.0,0,0.0,594,41.8708432904073,2438.3091422736807,0.888674702106601,0.21
main,v040,LOLO-nes-f1,secondary,LOLO,nested,1,A,Always-USR|-,Always-USR (supplementary),0,baseline,baseline,8,-22256.554851083827,891.9826139883669,21364.57221649546,2.06e-05,0.0,660.1446762775239,660.1446711275239,0.8255698711595639,0.3389494549058474,0.8255698711595639,0.8146679881070367,1.0,0,0.0,833,465.67967131380937,10971.187289615982,0.954265457146623,0.21
main,v040,LOLO-nes-f1,secondary,LOLO,nested,1,A,Always-USR|-,Always-USR (supplementary),0,baseline,baseline,9,-27312.12592859299,309.71597510731885,27002.40993288567,2.06e-05,0.0,852.8777137449495,852.8777085949494,0.9960356788899901,0.9276511397423192,0.9960356788899901,0.9960356788899901,1.0,0,0.0,1005,14864.170072182347,110236.04404561648,0.9956023194986955,0.21
main,v040,LOLO-nes-f1,secondary,LOLO,nested,1,A,MAPPO|mappo_seed13_20260516T092252/mappo_best.pt,MAPPO,13,L,"May 2026, pre-781c90c reward",all,-6186.178942749077,4753.186398034134,1380.937346714943,4.930198,47.125,2005.4756428085088,2004.2430933085088,0.006045589692765114,0.0046580773042616454,0.0013875123885034688,0.005946481665014866,0.07561942517343904,260,2.4737363726461843,61,1.8340024461860516,4.847787108941211,0.8537919707631902,0.25
main,v040,LOLO-nes-f1,secondary,LOLO,nested,1,A,MAPPO|mappo_seed13_20260516T092252/mappo_best.pt,MAPPO,13,L,"May 2026, pre-781c90c reward",0,-953.6680214234575,941.7311326234575,0.0,1.0618888000000002,10.875,188.63070198567237,188.3652297856724,0.0,0.0,0.0,0.0,0.2051536174430129,56,5.32804757185332,0,0.0,0.0,0.0,0.25
main,v040,LOLO-nes-f1,secondary,LOLO,nested,1,A,MAPPO|mappo_seed13_20260516T092252/mappo_best.pt,MAPPO,13,L,"May 2026, pre-781c90c reward",1,-630.7703308768016,544.9561018416855,76.47988783511619,0.8343412000000001,8.5,197.5706750491537,197.36208974915368,0.002973240832507433,0.0,0.002973240832507433,0.002973240832507433,0.1110009910802775,44,4.186323092170466,3,1.2384169620826768,1.6678728435509498,0.949776531501291,0.25
main,v040,LOLO-nes-f1,secondary,LOLO,nested,1,A,MAPPO|mappo_seed13_20260516T092252/mappo_best.pt,MAPPO,13,L,"May 2026, pre-781c90c reward",2,-306.7417191491549,282.7659821140387,22.8998878351162,0.0758492,1.0,206.9340850292308,206.9151227292308,0.0009910802775024777,0.0,0.0009910802775024777,0.0009910802775024777,0.0019821605550049554,4,0.3805748265609515,1,0.8633295945038733,0.8633295945038733,0.8633295945038733,0.25
main,v040,LOLO-nes-f1,secondary,LOLO,nested,1,A,MAPPO|mappo_seed13_20260516T092252/mappo_best.pt,MAPPO,13,L,"May 2026, pre-781c90c reward",3,-164.8433877217286,137.8433877217286,27.0,0.0,0.0,207.34821457438574,207.34821457438574,0.0009910802775024777,0.0009910802775024777,0.0,0.0009910802775024777,0.0,0,0.0,1,4.847787108941211,4.847787108941211,1.0,0.25
main,v040,LOLO-nes-f1,secondary,LOLO,nested,1,A,MAPPO|mappo_seed13_20260516T092252/mappo_best.pt,MAPPO,13,L,"May 2026, pre-781c90c reward",4,-750.2957010947523,643.70243342452,98.95977567023239,0.7584919999999999,6.875,193.3943709376905,193.2047479376905,0.003964321110009911,0.0,0.003964321110009911,0.003964321110009911,0.14370664023785926,40,3.8057482656095147,4,1.2586012190274114,1.6678728435509498,0.9246647972519366,0.25
main,v040,LOLO-nes-f1,secondary,LOLO,nested,1,A,MAPPO|mappo_seed13_20260516T092252/mappo_best.pt,MAPPO,13,L,"May 2026, pre-781c90c reward",5,-393.8305652771631,391.6521684771631,0.0,0.3033968,1.875,203.407284279422,203.331435079422,0.0,0.0,0.0,0.0,0.04757185332011893,16,1.522299306243806,0,0.0,0.0,0.0,0.25
main,v040,LOLO-nes-f1,secondary,LOLO,nested,1,A,MAPPO|mappo_seed13_20260516T092252/mappo_best.pt,MAPPO,13,L,"May 2026, pre-781c90c reward",6,-799.4381857625606,719.849558057212,67.43966350534859,1.0239642,11.125,196.3508296391302,196.09483858913018,0.003964321110009911,0.0,0.003964321110009911,0.002973240832507433,0.11793855302279485,54,5.137760158572845,4,0.6495135273920335,0.8493295945038731,0.6495135273920336,0.25
main,v040,LOLO-nes-f1,secondary,LOLO,nested,1,A,MAPPO|mappo_seed13_20260516T092252/mappo_best.pt,MAPPO,13,L,"May 2026, pre-781c90c reward",7,-662.5802449150012,631.7993005150012,27.0,0.5309444000000001,3.25,199.08443382298816,198.95169772298817,0.0009910802775024777,0.0,0.0009910802775024777,0.0009910802775024777,0.10703666997026759,28,2.66402378592666,1,1.6678728435509498,1.6678728435509498,1.0,0.25
main,v040,LOLO-nes-f1,secondary,LOLO,nested,1,A,MAPPO|mappo_seed13_20260516T092252/mappo_best.pt,MAPPO,13,L,"May 2026, pre-781c90c reward",8,-404.3652443467395,377.9190351116233,22.479887835116195,0.3413214,3.625,205.29943309728185,205.21410274728186,0.0009910802775024777,0.0,0.0009910802775024777,0.0009910802775024777,0.02180376610505451,18,1.7125867195242817,1,0.8493295945038731,0.8493295945038731,0.8493295945038731,0.25
main,v040,LOLO-nes-f1,secondary,LOLO,nested,1,A,MAPPO|mappo_seed13_20260516T092252/mappo_best.pt,MAPPO,13,L,"May 2026, pre-781c90c reward",9,-1119.6455421817172,80.9672981477038,1038.6782440340135,0.0,0.0,207.45561439355367,207.45561439355367,0.04558969276511397,0.04558969276511397,0.0,0.04558969276511397,0.0,0,0.0,46,2.0064808739983353,4.847787108941211,0.8526653942275458,0.25
main,v040,LOLO-nes-f1,secondary,LOLO,nested,1,A,MAPPO|mappo_seed42_20260516T081859/mappo_best.pt,MAPPO,42,L,"May 2026, pre-781c90c reward",all,-6148.8864972353695,4736.271292755542,1358.4574588798268,5.1577456,49.0,2004.0035926043056,2002.7141562043057,0.005946481665014866,0.0046580773042616454,0.001288404360753221,0.005847373637264618,0.07948463825569871,272,2.58790882061447,60,1.8504136603807548,4.847787108941211,0.8538663437008456,0.25
main,v040,LOLO-nes-f1,secondary,LOLO,nested,1,A,MAPPO|mappo_seed42_20260516T081859/mappo_best.pt,MAPPO,42,L,"May 2026, pre-781c90c reward",0,-950.8399301277108,939.9030413277108,0.0,1.0618888000000002,9.875,188.49382036476737,188.22834816476737,0.0,0.0,0.0,0.0,0.21010901883052527,56,5.32804757185332,0,0.0,0.0,0.0,0.25
main,v040,LOLO-nes-f1,secondary,LOLO,nested,1,A,MAPPO|mappo_seed42_20260516T081859/mappo_best.pt,MAPPO,42,L,"May 2026, pre-781c90c reward",1,-627.7315268409645,541.7922978058482,76.47988783511619,0.8343412000000001,8.625,197.19452496381993,196.98593966381992,0.002973240832507433,0.0,0.002973240832507433,0.002973240832507433,0.11397423191278494,44,4.186323092170466,3,1.2384169620826768,1.6678728435509498,0.949776531501291,0.25
main,v040,LOLO-nes-f1,secondary,LOLO,nested,1,A,MAPPO|mappo_seed42_20260516T081859/mappo_best.pt,MAPPO,42,L,"May 2026, pre-781c90c reward",2,-306.7417191491549,282.7659821140387,22.8998878351162,0.0758492,1.0,206.9340850292308,206.9151227292308,0.0009910802775024777,0.0,0.0009910802775024777,0.0009910802775024777,0.0019821605550049554,4,0.3805748265609515,1,0.8633295945038733,0.8633295945038733,0.8633295945038733,0.25
main,v040,LOLO-nes-f1,secondary,LOLO,nested,1,A,MAPPO|mappo_seed42_20260516T081859/mappo_best.pt,MAPPO,42,L,"May 2026, pre-781c90c reward",3,-164.8433877217286,137.8433877217286,27.0,0.0,0.0,207.34821457438574,207.34821457438574,0.0009910802775024777,0.0009910802775024777,0.0,0.0009910802775024777,0.0,0,0.0,1,4.847787108941211,4.847787108941211,1.0,0.25
main,v040,LOLO-nes-f1,secondary,LOLO,nested,1,A,MAPPO|mappo_seed42_20260516T081859/mappo_best.pt,MAPPO,42,L,"May 2026, pre-781c90c reward",4,-748.7387885691601,642.2705208989278,98.95977567023239,0.7584919999999999,6.75,193.29498736812158,193.10536436812157,0.003964321110009911,0.0,0.003964321110009911,0.003964321110009911,0.14767096134786917,40,3.8057482656095147,4,1.2586012190274114,1.6678728435509498,0.9246647972519366,0.25
main,v040,LOLO-nes-f1,secondary,LOLO,nested,1,A,MAPPO|mappo_seed42_20260516T081859/mappo_best.pt,MAPPO,42,L,"May 2026, pre-781c90c reward",5,-394.3166128724439,391.1873668724439,0.0,0.379246,2.75,203.3736395980173,203.2788280980173,0.0,0.0,0.0,0.0,0.05054509415262636,20,1.9028741328047574,0,0.0,0.0,0.0,0.25
main,v040,LOLO-nes-f1,secondary,LOLO,nested,1,A,MAPPO|mappo_seed42_20260516T081859/mappo_best.pt,MAPPO,42,L,"May 2026, pre-781c90c reward",6,-799.4252479963664,714.8656589261341,71.95977567023239,1.0998134,11.5,195.92058381473632,195.6456304647363,0.003964321110009911,0.0,0.003964321110009911,0.002973240832507433,0.13082259663032705,58,5.518334985133796,4,0.8541493396538027,1.6678728435509498,0.6871811287660653,0.25
main,v040,LOLO-nes-f1,secondary,LOLO,nested,1,A,MAPPO|mappo_seed42_20260516T081859/mappo_best.pt,MAPPO,42,L,"May 2026, pre-781c90c reward",7,-634.6944260199443,630.0005570199444,0.0,0.5688690000000001,4.125,198.93789269347116,198.79567544347117,0.0,0.0,0.0,0.0,0.11298315163528246,30,2.8543111992071357,0,0.0,0.0,0.0,0.25
main,v040,LOLO-nes-f1,secondary,LOLO,nested,1,A,MAPPO|mappo_seed42_20260516T081859/mappo_best.pt,MAPPO,42,L,"May 2026, pre-781c90c reward",8,-401.9093157561779,374.6751819210616,22.479887835116195,0.37924599999999997,4.375,205.05022980420182,204.95541830420183,0.0009910802775024777,0.0,0.0009910802775024777,0.0009910802775024777,0.026759167492566897,20,1.9028741328047574,1,0.8493295945038731,0.8493295945038731,0.8493295945038731,0.25
main,v040,LOLO-nes-f1,secondary,LOLO,nested,1,A,MAPPO|mappo_seed42_20260516T081859/mappo_best.pt,MAPPO,42,L,"May 2026, pre-781c90c reward",9,-1119.6455421817172,80.9672981477038,1038.6782440340135,0.0,0.0,207.45561439355367,207.45561439355367,0.04558969276511397,0.04558969276511397,0.0,0.04558969276511397,0.0,0,0.0,46,2.0064808739983353,4.847787108941211,0.8526653942275458,0.25
main,v040,LOLO-nes-f1,secondary,LOLO,nested,1,A,MAPPO|mappo_seed42_20260517T003433/mappo_best.pt,MAPPO,42,L,"May 2026, pre-781c90c reward",all,-6085.143261246401,4759.277662801692,1281.9775710447107,4.5130274,39.375,2006.0218685134193,2004.8936116634193,0.005649157581764123,0.0046580773042616454,0.0009910802775024777,0.005550049554013875,0.07234886025768088,238,2.264420218037661,57,1.8743814796708689,4.847787108941211,0.8488184390797695,0.25
main,v040,LOLO-nes-f1,secondary,LOLO,nested,1,A,MAPPO|mappo_seed42_20260517T003433/mappo_best.pt,MAPPO,42,L,"May 2026, pre-781c90c reward",0,-953.4992712322992,945.339080832299,0.0,0.9101904000000001,7.25,189.00364965014046,188.77610205014042,0.0,0.0,0.0,0.0,0.19127849355797819,48,4.566897918731417,0,0.0,0.0,0.0,0.25
main,v040,LOLO-nes-f1,secondary,LOLO,nested,1,A,MAPPO|mappo_seed42_20260517T003433/mappo_best.pt,MAPPO,42,L,"May 2026, pre-781c90c reward",1,-608.5664297157874,546.5579377157875,54.0,0.7584919999999999,7.25,197.60993706042564,197.42031406042565,0.0019821605550049554,0.0,0.0019821605550049554,0.0019821605550049554,0.09910802775024777,40,3.8057482656095147,2,1.4329606458720787,1.6678728435509498,1.0,0.25
main,v040,LOLO-nes-f1,secondary,LOLO,nested,1,A,MAPPO|mappo_seed42_20260517T003433/mappo_best.pt,MAPPO,42,L,"May 2026, pre-781c90c reward",2,-306.96607125277507,283.52825881765887,22.8998878351162,0.0379246,0.5,206.98230225469922,206.97282110469922,0.0009910802775024777,0.0,0.0009910802775024777,0.0009910802775024777,0.0009910802775024777,2,0.19028741328047574,1,0.8633295945038733,0.8633295945038733,0.8633295945038733,0.25
main,v040,LOLO-nes-f1,secondary,LOLO,nested,1,A,MAPPO|mappo_seed42_20260517T003433/mappo_best.pt,MAPPO,42,L,"May 2026, pre-781c90c reward",3,-164.8433877217286,137.8433877217286,27.0,0.0,0.0,207.34821457438574,207.34821457438574,0.0009910802775024777,0.0009910802775024777,0.0,0.0009910802775024777,0.0,0,0.0,1,4.847787108941211,4.847787108941211,1.0,0.25
main,v040,LOLO-nes-f1,secondary,LOLO,nested,1,A,MAPPO|mappo_seed42_20260517T003433/mappo_best.pt,MAPPO,42,L,"May 2026, pre-781c90c reward",4,-722.4065247109875,645.1770308407552,71.95977567023239,0.6447182,4.625,193.49358484189622,193.3324052918962,0.002973240832507433,0.0,0.002973240832507433,0.002973240832507433,0.14172447968285432,34,3.2348860257680876,3,1.122177344186232,1.6678728435509498,0.8995530630025822,0.25
main,v040,LOLO-nes-f1,secondary,LOLO,nested,1,A,MAPPO|mappo_seed42_20260517T003433/mappo_best.pt,MAPPO,42,L,"May 2026, pre-781c90c reward",5,-393.73190019832543,393.54227719832545,0.0,0.189623,0.0,203.58001202417373,203.5326062741737,0.0,0.0,0.0,0.0,0.044598612487611496,10,0.9514370664023787,0,0.0,0.0,0.0,0.25
main,v040,LOLO-nes-f1,secondary,LOLO,nested,1,A,MAPPO|mappo_seed42_20260517T003433/mappo_best.pt,MAPPO,42,L,"May 2026, pre-781c90c reward",6,-774.7877093099311,717.0160448396987,44.95977567023239,1.0618888,11.75,196.16967505764808,195.90420285764804,0.002973240832507433,0.0,0.002973240832507433,0.0019821605550049554,0.1199207135777998,56,5.32804757185332,3,0.582908171688087,0.8493295945038731,0.5829081716880871,0.25
main,v040,LOLO-nes-f1,secondary,LOLO,nested,1,A,MAPPO|mappo_seed42_20260517T003433/mappo_best.pt,MAPPO,42,L,"May 2026, pre-781c90c reward",7,-633.8257870609434,629.6319180609435,0.0,0.5688690000000001,3.625,198.86063050334468,198.7184132533447,0.0,0.0,0.0,0.0,0.10901883052527254,30,2.8543111992071357,0,0.0,0.0,0.0,0.25
main,v040,LOLO-nes-f1,secondary,LOLO,nested,1,A,MAPPO|mappo_seed42_20260517T003433/mappo_best.pt,MAPPO,42,L,"May 2026, pre-781c90c reward",8,-406.8706378619069,379.6744286267907,22.479887835116195,0.3413214,4.375,205.5182481531521,205.4329178031521,0.0009910802775024777,0.0,0.0009910802775024777,0.0009910802775024777,0.01684836471754212,18,1.7125867195242817,1,0.8493295945038731,0.8493295945038731,0.8493295945038731,0.25
main,v040,LOLO-nes-f1,secondary,LOLO,nested,1,A,MAPPO|mappo_seed42_20260517T003433/mappo_best.pt,MAPPO,42,L,"May 2026, pre-781c90c reward",9,-1119.6455421817172,80.9672981477038,1038.6782440340135,0.0,0.0,207.45561439355367,207.45561439355367,0.04558969276511397,0.04558969276511397,0.0,0.04558969276511397,0.0,0,0.0,46,2.0064808739983353,4.847787108941211,0.8526653942275458,0.25
main,v040,LOLO-nes-f1,secondary,LOLO,nested,1,A,MAPPO|mappo_seed42_20260526T143428/mappo_best.pt,MAPPO,42,L,"May 2026, pre-781c90c reward",all,-6247.634328884769,4745.90482093471,1457.837234550059,4.8922734000000005,39.0,2004.6586104454527,2003.435542095453,0.006342913776015857,0.0046580773042616454,0.0016848364717542122,0.00624380574826561,0.0823587710604559,258,2.454707631318137,64,1.813644132796171,4.847787108941211,0.8585099970477889,0.25
main,v040,LOLO-nes-f1,secondary,LOLO,nested,1,A,MAPPO|mappo_seed42_20260526T143428/mappo_best.pt,MAPPO,42,L,"May 2026, pre-781c90c reward",0,-979.8258814788996,943.8889926788996,27.0,1.0618888000000002,7.875,188.68487322199937,188.41940102199936,0.0009910802775024777,0.0,0.0009910802775024777,0.0009910802775024777,0.21704658077304262,56,5.32804757185332,1,1.6678728435509498,1.6678728435509498,1.0,0.25
main,v040,LOLO-nes-f1,secondary,LOLO,nested,1,A,MAPPO|mappo_seed42_20260526T143428/mappo_best.pt,MAPPO,42,L,"May 2026, pre-781c90c reward",1,-626.4537467582659,544.2532915231496,76.47988783511619,0.7205674000000001,5.0,197.53331960554135,197.35317775554134,0.002973240832507433,0.0,0.002973240832507433,0.002973240832507433,0.1199207135777998,38,3.615460852329039,3,1.2384169620826768,1.6678728435509498,0.949776531501291,0.25
main,v040,LOLO-nes-f1,secondary,LOLO,nested,1,A,MAPPO|mappo_seed42_20260526T143428/mappo_best.pt,MAPPO,42,L,"May 2026, pre-781c90c reward",2,-306.7417191491549,282.7659821140387,22.8998878351162,0.0758492,1.0,206.9340850292308,206.9151227292308,0.0009910802775024777,0.0,0.0009910802775024777,0.0009910802775024777,0.0019821605550049554,4,0.3805748265609515,1,0.8633295945038733,0.8633295945038733,0.8633295945038733,0.25
main,v040,LOLO-nes-f1,secondary,LOLO,nested,1,A,MAPPO|mappo_seed42_20260526T143428/mappo_best.pt,MAPPO,42,L,"May 2026, pre-781c90c reward",3,-164.8433877217286,137.8433877217286,27.0,0.0,0.0,207.34821457438574,207.34821457438574,0.0009910802775024777,0.0009910802775024777,0.0,0.0009910802775024777,0.0,0,0.0,1,4.847787108941211,4.847787108941211,1.0,0.25
main,v040,LOLO-nes-f1,secondary,LOLO,nested,1,A,MAPPO|mappo_seed42_20260526T143428/mappo_best.pt,MAPPO,42,L,"May 2026, pre-781c90c reward",4,-775.2505947164896,642.4452516462572,125.95977567023239,0.7205674,6.125,193.3085000088997,193.1283581588997,0.004955401387512388,0.0,0.004955401387512388,0.004955401387512388,0.15361744301288405,38,3.615460852329039,5,1.340455543932119,1.6678728435509498,0.9397318378015493,0.25
main,v040,LOLO-nes-f1,secondary,LOLO,nested,1,A,MAPPO|mappo_seed42_20260526T143428/mappo_best.pt,MAPPO,42,L,"May 2026, pre-781c90c reward",5,-415.7186977335348,389.3145638984186,22.8998878351162,0.3792460000000001,3.125,203.16492560289623,203.07011410289624,0.0009910802775024777,0.0,0.0009910802775024777,0.0009910802775024777,0.053518334985133795,20,1.9028741328047574,1,0.8633295945038733,0.8633295945038733,0.8633295945038733,0.25
main,v040,LOLO-nes-f1,secondary,LOLO,nested,1,A,MAPPO|mappo_seed42_20260526T143428/mappo_best.pt,MAPPO,42,L,"May 2026, pre-781c90c reward",6,-794.2832330599301,717.4825299545817,67.43966350534859,0.9860396,8.375,196.1039121788436,195.85740227884358,0.003964321110009911,0.0,0.003964321110009911,0.002973240832507433,0.13280475718533202,52,4.947472745292369,4,0.6495135273920335,0.8493295945038731,0.6495135273920336,0.25
main,v040,LOLO-nes-f1,secondary,LOLO,nested,1,A,MAPPO|mappo_seed42_20260526T143428/mappo_best.pt,MAPPO,42,L,"May 2026, pre-781c90c reward",7,-661.4021572970183,630.7462128970184,27.0,0.5309444000000001,3.125,199.0043455867065,198.8716094867065,0.0009910802775024777,0.0,0.0009910802775024777,0.0009910802775024777,0.11694747274529237,28,2.66402378592666,1,1.6678728435509498,1.6678728435509498,1.0,0.25
main,v040,LOLO-nes-f1,secondary,LOLO,nested,1,A,MAPPO|mappo_seed42_20260526T143428/mappo_best.pt,MAPPO,42,L,"May 2026, pre-781c90c reward",8,-403.46936878803035,376.1973103529142,22.479887835116195,0.4171706,4.375,205.1208202433961,205.0165275933961,0.0009910802775024777,0.0,0.0009910802775024777,0.0009910802775024777,0.027750247770069375,22,2.093161546085233,1,0.8493295945038731,0.8493295945038731,0.8493295945038731,0.25
main,v040,LOLO-nes-f1,secondary,LOLO,nested,1,A,MAPPO|mappo_seed42_20260526T143428/mappo_best.pt,MAPPO,42,L,"May 2026, pre-781c90c reward",9,-1119.6455421817172,80.9672981477038,1038.6782440340135,0.0,0.0,207.45561439355367,207.45561439355367,0.04558969276511397,0.04558969276511397,0.0,0.04558969276511397,0.0,0,0.0,46,2.0064808739983353,4.847787108941211,0.8526653942275458,0.25
main,v040,LOLO-nes-f1,secondary,LOLO,nested,1,A,MAPPO|mappo_seed99_20260516T092254/mappo_best.pt,MAPPO,99,L,"May 2026, pre-781c90c reward",all,-6240.1090558265405,4737.0499823467135,1439.4574588798268,5.7266146,57.875,2005.143974144796,2003.7123204947961,0.00624380574826561,0.0046580773042616454,0.00178394449950446,0.006144697720515362,0.07710604558969276,302,2.8733399405351836,63,4349.150153416556,110236.04404561648,0.8608250892389006,0.25
main,v040,LOLO-nes-f1,secondary,LOLO,nested,1,A,MAPPO|mappo_seed99_20260516T092254/mappo_best.pt,MAPPO,99,L,"May 2026, pre-781c90c reward",0,-949.9988205306462,937.4481579306462,0.0,1.1756626,11.375,188.2140202622367,187.92010461223668,0.0,0.0,0.0,0.0,0.2091179385530228,62,5.898909811694748,0,0.0,0.0,0.0,0.25
main,v040,LOLO-nes-f1,secondary,LOLO,nested,1,A,MAPPO|mappo_seed99_20260516T092254/mappo_best.pt,MAPPO,99,L,"May 2026, pre-781c90c reward",1,-607.0776470943692,543.2053812943692,54.0,0.8722658000000001,9.0,197.28475663097043,197.06669018097045,0.0019821605550049554,0.0,0.0019821605550049554,0.0019821605550049554,0.10604558969276512,46,4.376610505450942,2,1.4329606458720787,1.6678728435509498,1.0,0.25
main,v040,LOLO-nes-f1,secondary,LOLO,nested,1,A,MAPPO|mappo_seed99_20260516T092254/mappo_best.pt,MAPPO,99,L,"May 2026, pre-781c90c reward",2,-334.5265542940216,281.9370434589054,49.8998878351162,0.189623,2.5,206.89379571312344,206.84638996312344,0.0019821605550049554,0.0,0.0019821605550049554,0.0019821605550049554,0.004955401387512388,10,0.9514370664023787,2,1.1711022346677882,1.4788748748317033,0.9316647972519366,0.25
main,v040,LOLO-nes-f1,secondary,LOLO,nested,1,A,MAPPO|mappo_seed99_20260516T092254/mappo_best.pt,MAPPO,99,L,"May 2026, pre-781c90c reward",3,-164.8433877217286,137.8433877217286,27.0,0.0,0.0,207.34821457438574,207.34821457438574,0.0009910802775024777,0.0009910802775024777,0.0,0.0009910802775024777,0.0,0,0.0,1,4.847787108941211,4.847787108941211,1.0,0.25
main,v040,LOLO-nes-f1,secondary,LOLO,nested,1,A,MAPPO|mappo_seed99_20260516T092254/mappo_best.pt,MAPPO,99,L,"May 2026, pre-781c90c reward",4,-750.1905117490886,642.0213948788562,98.95977567023239,0.8343412,8.375,193.2285523788662,193.01996707886622,0.003964321110009911,0.0,0.003964321110009911,0.003964321110009911,0.14172447968285432,44,4.186323092170466,4,1.2586012190274114,1.6678728435509498,0.9246647972519366,0.25
main,v040,LOLO-nes-f1,secondary,LOLO,nested,1,A,MAPPO|mappo_seed99_20260516T092254/mappo_best.pt,MAPPO,99,L,"May 2026, pre-781c90c reward",5,-392.19132228105616,389.8500008810561,0.0,0.3413214,2.0,203.22582385251155,203.14049350251153,0.0,0.0,0.0,0.0,0.05153617443012884,18,1.7125867195242817,0,0.0,0.0,0.0,0.25
main,v040,LOLO-nes-f1,secondary,LOLO,nested,1,A,MAPPO|mappo_seed99_20260516T092254/mappo_best.pt,MAPPO,99,L,"May 2026, pre-781c90c reward",6,-825.0342486929292,716.2939225875806,94.43966350534859,1.1756626,13.125,196.04455224079956,195.75063659079956,0.004955401387512388,0.0,0.004955401387512388,0.003964321110009911,0.12190287413280476,62,5.898909811694748,5,52.0192231427979,257.4980616044213,0.7196108219136269,0.25
main,v040,LOLO-nes-f1,secondary,LOLO,nested,1,A,MAPPO|mappo_seed99_20260516T092254/mappo_best.pt,MAPPO,99,L,"May 2026, pre-781c90c reward",7,-663.3438784118547,630.4491602118546,27.0,0.6447182,5.25,198.95352849164001,198.79234894164,0.0009910802775024777,0.0,0.0009910802775024777,0.0009910802775024777,0.10901883052527254,34,3.2348860257680876,1,1.4788748748317033,1.4788748748317033,1.0,0.25
main,v040,LOLO-nes-f1,secondary,LOLO,nested,1,A,MAPPO|mappo_seed99_20260516T092254/mappo_best.pt,MAPPO,99,L,"May 2026, pre-781c90c reward",8,-405.73529482998083,376.9253117948646,22.479887835116195,0.45509520000000003,5.875,205.2082996237149,205.09452582371492,0.0009910802775024777,0.0,0.0009910802775024777,0.0009910802775024777,0.024777006937561942,24,2.2834489593657086,1,0.8493295945038731,0.8493295945038731,0.8493295945038731,0.25
main,v040,LOLO-nes-f1,secondary,LOLO,nested,1,A,MAPPO|mappo_seed99_20260516T092254/mappo_best.pt,MAPPO,99,L,"May 2026, pre-781c90c reward",9,-1147.1673902208645,81.07622158685136,1065.6782440340135,0.0379246,0.375,208.74243037654765,208.73294922654765,0.04658077304261645,0.04558969276511397,0.002973240832507433,0.04658077304261645,0.0019821605550049554,2,0.19028741328047574,47,5823.807341006671,110236.04404561648,0.8558001730737683,0.25
main,v040,LOLO-nes-f1,secondary,LOLO,nested,1,A,Centralized PPO|central_nr_seed1/ppo_multi_site.zip,Centralized PPO,1,L,"June 2026, current reward",all,-29830.21012045855,6358.182545733718,23414.041225124827,4.3613496000000005,53.625,2470.7987508011456,2469.7084134011457,0.09712586719524281,0.009910802775024777,0.09246778989098117,0.09385530227948463,0.24073339940535182,227,2.1597621407333993,980,48.097590426001965,2438.3091422736807,0.894714486323836,0.66
main,v040,LOLO-nes-f1,secondary,LOLO,nested,1,A,Centralized PPO|central_nr_seed1/ppo_multi_site.zip,Centralized PPO,1,L,"June 2026, current reward",0,-5062.404199182941,1185.4623401191138,3867.3308194638266,0.9860396,8.625,282.6417315281385,282.3952216281385,0.15758176412289396,0.004955401387512388,0.15758176412289396,0.15460852329038652,0.8721506442021804,51,4.852329038652131,159,29.866900960764248,1761.8554311896871,0.9098190144253486,0.66
main,v040,LOLO-nes-f1,secondary,LOLO,nested,1,A,Centralized PPO|central_nr_seed1/ppo_multi_site.zip,Centralized PPO,1,L,"June 2026, current reward",1,-923.8951824128452,869.3572578128452,54.0,0.0379246,0.5,207.28538174392975,207.27590059392975,0.0019821605550049554,0.0,0.0019821605550049554,0.0019821605550049554,0.0009910802775024777,1,0.09514370664023787,2,1.6678728435509498,1.6678728435509498,1.0,0.66
main,v040,LOLO-nes-f1,secondary,LOLO,nested,1,A,Centralized PPO|central_nr_seed1/ppo_multi_site.zip,Centralized PPO,1,L,"June 2026, current reward",2,-285.2059472554327,285.2059472554327,0.0,0.0,0.0,207.0872598572126,207.0872598572126,0.0,0.0,0.0,0.0,0.0,0,0.0,0,0.0,0.0,0.0,0.66
main,v040,LOLO-nes-f1,secondary,LOLO,nested,1,A,Centralized PPO|central_nr_seed1/ppo_multi_site.zip,Centralized PPO,1,L,"June 2026, current reward",3,-164.8433877217286,137.8433877217286,27.0,0.0,0.0,207.34821457438574,207.34821457438574,0.0009910802775024777,0.0009910802775024777,0.0,0.0009910802775024777,0.0,0,0.0,1,4.847787108941211,4.847787108941211,1.0,0.66
main,v040,LOLO-nes-f1,secondary,LOLO,nested,1,A,Centralized PPO|central_nr_seed1/ppo_multi_site.zip,Centralized PPO,1,L,"June 2026, current reward",4,-955.6073437622715,955.6073437622715,0.0,0.0,0.0,206.8118086716055,206.8118086716055,0.0,0.0,0.0,0.0,0.0,0,0.0,0,0.0,0.0,0.0,0.66
main,v040,LOLO-nes-f1,secondary,LOLO,nested,1,A,Centralized PPO|central_nr_seed1/ppo_multi_site.zip,Centralized PPO,1,L,"June 2026, current reward",5,-443.071995704485,443.071995704485,0.0,0.0,0.0,206.9825265635951,206.9825265635951,0.0,0.0,0.0,0.0,0.0,0,0.0,0,0.0,0.0,0.0,0.66
main,v040,LOLO-nes-f1,secondary,LOLO,nested,1,A,Centralized PPO|central_nr_seed1/ppo_multi_site.zip,Centralized PPO,1,L,"June 2026, current reward",6,-5379.031547342388,900.2040275721774,4452.3175159702105,2.0100038,24.5,279.95732201135297,279.45482106135296,0.1823587710604559,0.009910802775024777,0.1823587710604559,0.17641228939544104,0.578790882061447,105,9.990089197224975,184,94.67372312933375,1761.8554311896871,0.9049509555544172,0.66
main,v040,LOLO-nes-f1,secondary,LOLO,nested,1,A,Centralized PPO|central_nr_seed1/ppo_multi_site.zip,Centralized PPO,1,L,"June 2026, current reward",7,-15094.736560745125,1098.6945334883435,13974.714645656779,1.3273815999999998,20.0,458.2497251678945,457.9178797678945,0.5827552031714569,0.03766105054509415,0.5827552031714569,0.5589692765113974,0.9554013875123885,70,6.6600594648166505,588,42.28971880259019,2438.3091422736807,0.890179233583757,0.66
main,v040,LOLO-nes-f1,secondary,LOLO,nested,1,A,Centralized PPO|central_nr_seed1/ppo_multi_site.zip,Centralized PPO,1,L,"June 2026, current reward",8,-401.76841414961723,401.76841414961723,0.0,0.0,0.0,206.97916628947758,206.97916628947758,0.0,0.0,0.0,0.0,0.0,0,0.0,0,0.0,0.0,0.0,0.66
main,v040,LOLO-nes-f1,secondary,LOLO,nested,1,A,Centralized PPO|central_nr_seed1/ppo_multi_site.zip,Centralized PPO,1,L,"June 2026, current reward",9,-1119.6455421817172,80.9672981477038,1038.6782440340135,0.0,0.0,207.45561439355367,207.45561439355367,0.04558969276511397,0.04558969276511397,0.0,0.04558969276511397,0.0,0,0.0,46,2.0064808739983353,4.847787108941211,0.8526653942275458,0.66
main,v040,LOLO-nes-f1,secondary,LOLO,nested,1,A,Centralized PPO|central_nr_seed7/ppo_multi_site.zip,Centralized PPO,7,L,"June 2026, current reward",all,-7625.215063697415,6214.595169382472,1407.517346714943,0.2275476,2.875,2074.333804298061,2074.276917398061,0.006342913776015857,0.004757185332011893,0.0016848364717542122,0.006045589692765114,0.0010901883052527254,12,0.11417244796828543,64,5.752796303222307,255.74885914140773,0.8307412635729319,0.65
main,v040,LOLO-nes-f1,secondary,LOLO,nested,1,A,Centralized PPO|central_nr_seed7/ppo_multi_site.zip,Centralized PPO,7,L,"June 2026, current reward",0,-1321.0566969411743,1321.0566969411743,0.0,0.0,0.0,206.7488673193506,206.7488673193506,0.0,0.0,0.0,0.0,0.0,0,0.0,0,0.0,0.0,0.0,0.65
main,v040,LOLO-nes-f1,secondary,LOLO,nested,1,A,Centralized PPO|central_nr_seed7/ppo_multi_site.zip,Centralized PPO,7,L,"June 2026, current reward",1,-868.3855788203986,868.3855788203986,0.0,0.0,0.0,206.8943170606997,206.8943170606997,0.0,0.0,0.0,0.0,0.0,0,0.0,0,0.0,0.0,0.0,0.65
main,v040,LOLO-nes-f1,secondary,LOLO,nested,1,A,Centralized PPO|central_nr_seed7/ppo_multi_site.zip,Centralized PPO,7,L,"June 2026, current reward",2,-285.2059472554327,285.2059472554327,0.0,0.0,0.0,207.0872598572126,207.0872598572126,0.0,0.0,0.0,0.0,0.0,0,0.0,0,0.0,0.0,0.0,0.65
main,v040,LOLO-nes-f1,secondary,LOLO,nested,1,A,Centralized PPO|central_nr_seed7/ppo_multi_site.zip,Centralized PPO,7,L,"June 2026, current reward",3,-164.8433877217286,137.8433877217286,27.0,0.0,0.0,207.34821457438574,207.34821457438574,0.0009910802775024777,0.0009910802775024777,0.0,0.0009910802775024777,0.0,0,0.0,1,4.847787108941211,4.847787108941211,1.0,0.65
main,v040,LOLO-nes-f1,secondary,LOLO,nested,1,A,Centralized PPO|central_nr_seed7/ppo_multi_site.zip,Centralized PPO,7,L,"June 2026, current reward",4,-1006.2441524517761,956.22634001666,49.479887835116195,0.0379246,0.5,207.19591420642217,207.18643305642217,0.0019821605550049554,0.0,0.0019821605550049554,0.0019821605550049554,0.0009910802775024777,2,0.19028741328047574,2,1.2586012190274114,1.6678728435509498,0.9246647972519366,0.65
main,v040,LOLO-nes-f1,secondary,LOLO,nested,1,A,Centralized PPO|central_nr_seed7/ppo_multi_site.zip,Centralized PPO,7,L,"June 2026, current reward",5,-443.071995704485,443.071995704485,0.0,0.0,0.0,206.9825265635951,206.9825265635951,0.0,0.0,0.0,0.0,0.0,0,0.0,0,0.0,0.0,0.0,0.65
main,v040,LOLO-nes-f1,secondary,LOLO,nested,1,A,Centralized PPO|central_nr_seed7/ppo_multi_site.zip,Centralized PPO,7,L,"June 2026, current reward",6,-955.826601228809,955.826601228809,0.0,0.0,0.0,206.81079593536742,206.81079593536742,0.0,0.0,0.0,0.0,0.0,0,0.0,0,0.0,0.0,0.0,0.65
main,v040,LOLO-nes-f1,secondary,LOLO,nested,1,A,Centralized PPO|central_nr_seed7/ppo_multi_site.zip,Centralized PPO,7,L,"June 2026, current reward",7,-1059.166747242276,764.2429093964627,292.35921484581337,0.189623,2.375,210.83112809799627,210.78372234799627,0.014866204162537165,0.0009910802775024777,0.014866204162537165,0.011892963330029732,0.009910802775024777,10,0.9514370664023787,15,17.901056910353887,255.74885914140773,0.7397002093131103,0.65
main,v040,LOLO-nes-f1,secondary,LOLO,nested,1,A,Centralized PPO|central_nr_seed7/ppo_multi_site.zip,Centralized PPO,7,L,"June 2026, current reward",8,-401.76841414961723,401.76841414961723,0.0,0.0,0.0,206.97916628947758,206.97916628947758,0.0,0.0,0.0,0.0,0.0,0,0.0,0,0.0,0.0,0.0,0.65
main,v040,LOLO-nes-f1,secondary,LOLO,nested,1,A,Centralized PPO|central_nr_seed7/ppo_multi_site.zip,Centralized PPO,7,L,"June 2026, current reward",9,-1119.6455421817172,80.9672981477038,1038.6782440340135,0.0,0.0,207.45561439355367,207.45561439355367,0.04558969276511397,0.04558969276511397,0.0,0.04558969276511397,0.0,0,0.0,46,2.0064808739983353,4.847787108941211,0.8526653942275458,0.65
main,v040,LOLO-nes-f1,secondary,LOLO,nested,1,A,Centralized PPO|central_nr_seed13/ppo_multi_site.zip,Centralized PPO,13,L,"June 2026, current reward",all,-8295.60246971664,5866.725336132591,2421.1747725840482,1.3273609999999998,6.375,2078.2129035310822,2077.881063281082,0.010109018830525273,0.0046580773042616454,0.005450941526263627,0.010109018830525273,0.03191278493557978,69,0.6564915758176413,102,6.649067745624731,257.4980616044213,0.8912335858117805,0.66
main,v040,LOLO-nes-f1,secondary,LOLO,nested,1,A,Centralized PPO|central_nr_seed13/ppo_multi_site.zip,Centralized PPO,13,L,"June 2026, current reward",0,-1321.0566969411743,1321.0566969411743,0.0,0.0,0.0,206.7488673193506,206.7488673193506,0.0,0.0,0.0,0.0,0.0,0,0.0,0,0.0,0.0,0.0,0.66
main,v040,LOLO-nes-f1,secondary,LOLO,nested,1,A,Centralized PPO|central_nr_seed13/ppo_multi_site.zip,Centralized PPO,13,L,"June 2026, current reward",1,-1234.4947332980953,589.6587635421024,641.8050253559927,0.5309444000000001,2.5,208.736874864904,208.60413876490398,0.02576808721506442,0.0,0.02576808721506442,0.02576808721506442,0.17542120911793854,27,2.5688800792864224,26,11.100350907112102,255.39043115878354,0.922826955584606,0.66
main,v040,LOLO-nes-f1,secondary,LOLO,nested,1,A,Centralized PPO|central_nr_seed13/ppo_multi_site.zip,Centralized PPO,13,L,"June 2026, current reward",2,-285.2059472554327,285.2059472554327,0.0,0.0,0.0,207.0872598572126,207.0872598572126,0.0,0.0,0.0,0.0,0.0,0,0.0,0,0.0,0.0,0.0,0.66
main,v040,LOLO-nes-f1,secondary,LOLO,nested,1,A,Centralized PPO|central_nr_seed13/ppo_multi_site.zip,Centralized PPO,13,L,"June 2026, current reward",3,-164.8433877217286,137.8433877217286,27.0,0.0,0.0,207.34821457438574,207.34821457438574,0.0009910802775024777,0.0009910802775024777,0.0,0.0009910802775024777,0.0,0,0.0,1,4.847787108941211,4.847787108941211,1.0,0.66
main,v040,LOLO-nes-f1,secondary,LOLO,nested,1,A,Centralized PPO|central_nr_seed13/ppo_multi_site.zip,Centralized PPO,13,L,"June 2026, current reward",4,-1321.4494893881806,966.2520653346033,352.93195185357735,0.26547220000000005,2.0,211.562106863243,211.495738813243,0.014866204162537165,0.0,0.014866204162537165,0.014866204162537165,0.019821605550049554,14,1.33201189296333,15,1.1388424991803798,1.6678728435509498,0.8842932263412829,0.66
main,v040,LOLO-nes-f1,secondary,LOLO,nested,1,A,Centralized PPO|central_nr_seed13/ppo_multi_site.zip,Centralized PPO,13,L,"June 2026, current reward",5,-443.071995704485,443.071995704485,0.0,0.0,0.0,206.9825265635951,206.9825265635951,0.0,0.0,0.0,0.0,0.0,0,0.0,0,0.0,0.0,0.0,0.66
main,v040,LOLO-nes-f1,secondary,LOLO,nested,1,A,Centralized PPO|central_nr_seed13/ppo_multi_site.zip,Centralized PPO,13,L,"June 2026, current reward",6,-1010.994849379524,956.4569247795241,54.0,0.0379246,0.5,207.45853692485815,207.44905577485815,0.0019821605550049554,0.0,0.0019821605550049554,0.0019821605550049554,0.0009910802775024777,2,0.19028741328047574,2,129.4884682396265,257.4980616044213,1.0,0.66
main,v040,LOLO-nes-f1,secondary,LOLO,nested,1,A,Centralized PPO|central_nr_seed13/ppo_multi_site.zip,Centralized PPO,13,L,"June 2026, current reward",7,-993.0714136966847,684.4438425562198,306.7595513404648,0.4930198,1.375,207.85373588050197,207.73048093050198,0.011892963330029732,0.0,0.011892963330029732,0.011892963330029732,0.12289395441030723,26,2.4737363726461843,12,1.3658587657487162,1.6678728435509498,0.9521098648346245,0.66
main,v040,LOLO-nes-f1,secondary,LOLO,nested,1,A,Centralized PPO|central_nr_seed13/ppo_multi_site.zip,Centralized PPO,13,L,"June 2026, current reward",8,-401.76841414961723,401.76841414961723,0.0,0.0,0.0,206.97916628947758,206.97916628947758,0.0,0.0,0.0,0.0,0.0,0,0.0,0,0.0,0.0,0.0,0.66
main,v040,LOLO-nes-f1,secondary,LOLO,nested,1,A,Centralized PPO|central_nr_seed13/ppo_multi_site.zip,Centralized PPO,13,L,"June 2026, current reward",9,-1119.6455421817172,80.9672981477038,1038.6782440340135,0.0,0.0,207.45561439355367,207.45561439355367,0.04558969276511397,0.04558969276511397,0.0,0.04558969276511397,0.0,0,0.0,46,2.0064808739983353,4.847787108941211,0.8526653942275458,0.66
main,v040,LOLO-nes-f1,secondary,LOLO,nested,1,A,Centralized PPO|central_nr_seed42/ppo_multi_site.zip,Centralized PPO,42,L,"June 2026, current reward",all,-12622.885433406624,6147.180493748052,6475.704919058572,2.06e-05,0.0,2179.7826142887693,2179.782609138769,0.02666005946481665,0.005153617443012884,0.022001982160555007,0.026362735381565906,0.1,0,0.0,269,19.261564830966808,1761.8554311896871,0.9018848572990902,0.65
main,v040,LOLO-nes-f1,secondary,LOLO,nested,1,A,Centralized PPO|central_nr_seed42/ppo_multi_site.zip,Centralized PPO,42,L,"June 2026, current reward",0,-6671.062231955984,1261.0355363314263,5410.026675024557,2.06e-05,0.0,316.6078671222118,316.6078619722118,0.22001982160555006,0.004955401387512388,0.22001982160555006,0.21704658077304262,1.0,0,0.0,222,22.90186951449192,1761.8554311896871,0.9116415246801268,0.65
main,v040,LOLO-nes-f1,secondary,LOLO,nested,1,A,Centralized PPO|central_nr_seed42/ppo_multi_site.zip,Centralized PPO,42,L,"June 2026, current reward",1,-868.3855788203986,868.3855788203986,0.0,0.0,0.0,206.8943170606997,206.8943170606997,0.0,0.0,0.0,0.0,0.0,0,0.0,0,0.0,0.0,0.0,0.65
main,v040,LOLO-nes-f1,secondary,LOLO,nested,1,A,Centralized PPO|central_nr_seed42/ppo_multi_site.zip,Centralized PPO,42,L,"June 2026, current reward",2,-285.2059472554327,285.2059472554327,0.0,0.0,0.0,207.0872598572126,207.0872598572126,0.0,0.0,0.0,0.0,0.0,0,0.0,0,0.0,0.0,0.0,0.65
main,v040,LOLO-nes-f1,secondary,LOLO,nested,1,A,Centralized PPO|central_nr_seed42/ppo_multi_site.zip,Centralized PPO,42,L,"June 2026, current reward",3,-164.8433877217286,137.8433877217286,27.0,0.0,0.0,207.34821457438574,207.34821457438574,0.0009910802775024777,0.0009910802775024777,0.0,0.0009910802775024777,0.0,0,0.0,1,4.847787108941211,4.847787108941211,1.0,0.65
main,v040,LOLO-nes-f1,secondary,LOLO,nested,1,A,Centralized PPO|central_nr_seed42/ppo_multi_site.zip,Centralized PPO,42,L,"June 2026, current reward",4,-955.6073437622715,955.6073437622715,0.0,0.0,0.0,206.8118086716055,206.8118086716055,0.0,0.0,0.0,0.0,0.0,0,0.0,0,0.0,0.0,0.0,0.65
main,v040,LOLO-nes-f1,secondary,LOLO,nested,1,A,Centralized PPO|central_nr_seed42/ppo_multi_site.zip,Centralized PPO,42,L,"June 2026, current reward",5,-443.071995704485,443.071995704485,0.0,0.0,0.0,206.9825265635951,206.9825265635951,0.0,0.0,0.0,0.0,0.0,0,0.0,0,0.0,0.0,0.0,0.65
main,v040,LOLO-nes-f1,secondary,LOLO,nested,1,A,Centralized PPO|central_nr_seed42/ppo_multi_site.zip,Centralized PPO,42,L,"June 2026, current reward",6,-955.826601228809,955.826601228809,0.0,0.0,0.0,206.81079593536742,206.81079593536742,0.0,0.0,0.0,0.0,0.0,0,0.0,0,0.0,0.0,0.0,0.65
main,v040,LOLO-nes-f1,secondary,LOLO,nested,1,A,Centralized PPO|central_nr_seed42/ppo_multi_site.zip,Centralized PPO,42,L,"June 2026, current reward",7,-757.4683906261789,757.4683906261789,0.0,0.0,0.0,206.8050438206604,206.8050438206604,0.0,0.0,0.0,0.0,0.0,0,0.0,0,0.0,0.0,0.0,0.65
main,v040,LOLO-nes-f1,secondary,LOLO,nested,1,A,Centralized PPO|central_nr_seed42/ppo_multi_site.zip,Centralized PPO,42,L,"June 2026, current reward",8,-401.76841414961723,401.76841414961723,0.0,0.0,0.0,206.97916628947758,206.97916628947758,0.0,0.0,0.0,0.0,0.0,0,0.0,0,0.0,0.0,0.0,0.65
main,v040,LOLO-nes-f1,secondary,LOLO,nested,1,A,Centralized PPO|central_nr_seed42/ppo_multi_site.zip,Centralized PPO,42,L,"June 2026, current reward",9,-1119.6455421817172,80.9672981477038,1038.6782440340135,0.0,0.0,207.45561439355367,207.45561439355367,0.04558969276511397,0.04558969276511397,0.0,0.04558969276511397,0.0,0,0.0,46,2.0064808739983353,4.847787108941211,0.8526653942275458,0.65
main,v040,LOLO-nes-f1,secondary,LOLO,nested,1,A,Centralized PPO|central_nr_seed23/ppo_multi_site.zip,Centralized PPO,23,L,"Aug 2026, current reward",all,-30500.223598385557,6063.291972756417,24340.513855629142,7.16777,89.25,2482.313464976587,2480.521522476587,0.09940535183349851,0.012784935579781963,0.09474727452923687,0.0973240832507433,0.26669970267591675,374,3.558374628344896,1003,93.98999557396697,2438.3091422736807,0.9078781991041791,0.65
main,v040,LOLO-nes-f1,secondary,LOLO,nested,1,A,Centralized PPO|central_nr_seed23/ppo_multi_site.zip,Centralized PPO,23,L,"Aug 2026, current reward",0,-6676.2135014375435,1232.1501242129855,5410.026675024557,2.1617022,31.875,304.074565041415,303.53413949141503,0.22001982160555006,0.002973240832507433,0.22001982160555006,0.21704658077304262,0.9435084241823588,113,10.751238850346878,222,22.90186951449192,1761.8554311896871,0.9116415246801268,0.65
main,v040,LOLO-nes-f1,secondary,LOLO,nested,1,A,Centralized PPO|central_nr_seed23/ppo_multi_site.zip,Centralized PPO,23,L,"Aug 2026, current reward",1,-813.424140649008,652.7012330138919,157.4798878351162,0.4930198,2.75,204.34847892092083,204.22522397092084,0.005946481665014866,0.0,0.005946481665014866,0.005946481665014866,0.07333994053518335,25,2.3785926660059467,6,1.4531449028168133,1.6678728435509498,0.9748882657506455,0.65
main,v040,LOLO-nes-f1,secondary,LOLO,nested,1,A,Centralized PPO|central_nr_seed23/ppo_multi_site.zip,Centralized PPO,23,L,"Aug 2026, current reward",2,-285.2059472554327,285.2059472554327,0.0,0.0,0.0,207.0872598572126,207.0872598572126,0.0,0.0,0.0,0.0,0.0,0,0.0,0,0.0,0.0,0.0,0.65
main,v040,LOLO-nes-f1,secondary,LOLO,nested,1,A,Centralized PPO|central_nr_seed23/ppo_multi_site.zip,Centralized PPO,23,L,"Aug 2026, current reward",3,-164.8433877217286,137.8433877217286,27.0,0.0,0.0,207.34821457438574,207.34821457438574,0.0009910802775024777,0.0009910802775024777,0.0,0.0009910802775024777,0.0,0,0.0,1,4.847787108941211,4.847787108941211,1.0,0.65
main,v040,LOLO-nes-f1,secondary,LOLO,nested,1,A,Centralized PPO|central_nr_seed23/ppo_multi_site.zip,Centralized PPO,23,L,"Aug 2026, current reward",4,-1174.9851820713366,709.1262659904068,450.2591026809296,1.0998134,14.5,204.74162846703643,204.4666751170364,0.017839444995044598,0.0,0.017839444995044598,0.017839444995044598,0.17542120911793854,57,5.423191278493558,18,1.2838538474501107,1.6678728435509498,0.9338131531128325,0.65
main,v040,LOLO-nes-f1,secondary,LOLO,nested,1,A,Centralized PPO|central_nr_seed23/ppo_multi_site.zip,Centralized PPO,23,L,"Aug 2026, current reward",5,-1558.0636748834318,433.5653857031115,1122.1302693803202,0.49301980000000006,1.875,221.81017728271786,221.68692233271787,0.04658077304261645,0.0009910802775024777,0.04658077304261645,0.04558969276511397,0.15361744301288405,25,2.3785926660059467,47,30.522028882995457,1380.0226140536408,0.8947746306113588,0.65
main,v040,LOLO-nes-f1,secondary,LOLO,nested,1,A,Centralized PPO|central_nr_seed23/ppo_multi_site.zip,Centralized PPO,23,L,"Aug 2026, current reward",6,-12895.02838295199,1321.751104417618,11559.791218334372,0.9860602,12.5,439.5227134724412,439.2761984224412,0.4658077304261645,0.07333994053518335,0.4658077304261645,0.45589692765113976,0.819623389494549,53,5.042616451932607,470,169.23753023788308,2438.3091422736807,0.9187809089469025,0.65
main,v040,LOLO-nes-f1,secondary,LOLO,nested,1,A,Centralized PPO|central_nr_seed23/ppo_multi_site.zip,Centralized PPO,23,L,"Aug 2026, current reward",7,-5411.045425083754,808.2128121439202,4575.148458339833,1.9341545999999998,25.75,278.9456466774263,278.4621080274263,0.19127849355797819,0.003964321110009911,0.19127849355797819,0.18434093161546086,0.5014866204162537,101,9.609514370664025,193,41.878765871409236,2438.3091422736807,0.8883699787239553,0.65
main,v040,LOLO-nes-f1,secondary,LOLO,nested,1,A,Centralized PPO|central_nr_seed23/ppo_multi_site.zip,Centralized PPO,23,L,"Aug 2026, current reward",8,-401.76841414961723,401.76841414961723,0.0,0.0,0.0,206.97916628947758,206.97916628947758,0.0,0.0,0.0,0.0,0.0,0,0.0,0,0.0,0.0,0.0,0.65
main,v040,LOLO-nes-f1,secondary,LOLO,nested,1,A,Centralized PPO|central_nr_seed23/ppo_multi_site.zip,Centralized PPO,23,L,"Aug 2026, current reward",9,-1119.6455421817172,80.9672981477038,1038.6782440340135,0.0,0.0,207.45561439355367,207.45561439355367,0.04558969276511397,0.04558969276511397,0.0,0.04558969276511397,0.0,0,0.0,46,2.0064808739983353,4.847787108941211,0.8526653942275458,0.65
main,v040,LOLO-nes-f1,secondary,LOLO,nested,1,A,Centralized PPO|central_nr_seed64/ppo_multi_site.zip,Centralized PPO,64,L,"Aug 2026, current reward",all,-26261.522856723313,6195.474120465508,19991.633989857808,4.6647464,69.75,2398.161850346579,2396.9956637465793,0.08107036669970268,0.011199207135777997,0.07641228939544104,0.08037661050545095,0.1846382556987116,245,2.3310208126858276,818,72.70709601812655,2690.9195885208856,0.9142276979759443,0.66
main,v040,LOLO-nes-f1,secondary,LOLO,nested,1,A,Centralized PPO|central_nr_seed64/ppo_multi_site.zip,Centralized PPO,64,L,"Aug 2026, current reward",0,-6671.062231955984,1261.0355363314263,5410.026675024557,2.06e-05,0.0,316.6078671222118,316.6078619722118,0.22001982160555006,0.004955401387512388,0.22001982160555006,0.21704658077304262,1.0,0,0.0,222,22.90186951449192,1761.8554311896871,0.9116415246801268,0.66
main,v040,LOLO-nes-f1,secondary,LOLO,nested,1,A,Centralized PPO|central_nr_seed64/ppo_multi_site.zip,Centralized PPO,64,L,"Aug 2026, current reward",1,-4182.937779602575,667.2699412948322,3495.090477307742,1.327361,19.25,255.8195238517348,255.4876836017348,0.14568880079286423,0.003964321110009911,0.14568880079286423,0.14172447968285432,0.377601585728444,69,6.564915758176412,147,18.514461827976813,257.4980616044213,0.8911787565611167,0.66
main,v040,LOLO-nes-f1,secondary,LOLO,nested,1,A,Centralized PPO|central_nr_seed64/ppo_multi_site.zip,Centralized PPO,64,L,"Aug 2026, current reward",2,-285.2059472554327,285.2059472554327,0.0,0.0,0.0,207.0872598572126,207.0872598572126,0.0,0.0,0.0,0.0,0.0,0,0.0,0,0.0,0.0,0.0,0.66
main,v040,LOLO-nes-f1,secondary,LOLO,nested,1,A,Centralized PPO|central_nr_seed64/ppo_multi_site.zip,Centralized PPO,64,L,"Aug 2026, current reward",3,-164.8433877217286,137.8433877217286,27.0,0.0,0.0,207.34821457438574,207.34821457438574,0.0009910802775024777,0.0009910802775024777,0.0,0.0009910802775024777,0.0,0,0.0,1,4.847787108941211,4.847787108941211,1.0,0.66
main,v040,LOLO-nes-f1,secondary,LOLO,nested,1,A,Centralized PPO|central_nr_seed64/ppo_multi_site.zip,Centralized PPO,64,L,"Aug 2026, current reward",4,-11279.692566296786,1205.0166080052945,10020.838593491491,3.3373647999999996,50.5,376.2658379383802,375.43149673838013,0.398414271555996,0.05649157581764123,0.398414271555996,0.398414271555996,0.46878097125867196,176,16.745292368681863,402,128.28710874274836,2690.9195885208856,0.9309153062596592,0.66
main,v040,LOLO-nes-f1,secondary,LOLO,nested,1,A,Centralized PPO|central_nr_seed64/ppo_multi_site.zip,Centralized PPO,64,L,"Aug 2026, current reward",5,-443.071995704485,443.071995704485,0.0,0.0,0.0,206.9825265635951,206.9825265635951,0.0,0.0,0.0,0.0,0.0,0,0.0,0,0.0,0.0,0.0,0.66
main,v040,LOLO-nes-f1,secondary,LOLO,nested,1,A,Centralized PPO|central_nr_seed64/ppo_multi_site.zip,Centralized PPO,64,L,"Aug 2026, current reward",6,-955.826601228809,955.826601228809,0.0,0.0,0.0,206.81079593536742,206.81079593536742,0.0,0.0,0.0,0.0,0.0,0,0.0,0,0.0,0.0,0.0,0.66
main,v040,LOLO-nes-f1,secondary,LOLO,nested,1,A,Centralized PPO|central_nr_seed64/ppo_multi_site.zip,Centralized PPO,64,L,"Aug 2026, current reward",7,-757.4683906261789,757.4683906261789,0.0,0.0,0.0,206.8050438206604,206.8050438206604,0.0,0.0,0.0,0.0,0.0,0,0.0,0,0.0,0.0,0.0,0.66
main,v040,LOLO-nes-f1,secondary,LOLO,nested,1,A,Centralized PPO|central_nr_seed64/ppo_multi_site.zip,Centralized PPO,64,L,"Aug 2026, current reward",8,-401.76841414961723,401.76841414961723,0.0,0.0,0.0,206.97916628947758,206.97916628947758,0.0,0.0,0.0,0.0,0.0,0,0.0,0,0.0,0.0,0.0,0.66
main,v040,LOLO-nes-f1,secondary,LOLO,nested,1,A,Centralized PPO|central_nr_seed64/ppo_multi_site.zip,Centralized PPO,64,L,"Aug 2026, current reward",9,-1119.6455421817172,80.9672981477038,1038.6782440340135,0.0,0.0,207.45561439355367,207.45561439355367,0.04558969276511397,0.04558969276511397,0.0,0.04558969276511397,0.0,0,0.0,46,2.0064808739983353,4.847787108941211,0.8526653942275458,0.66
main,v040,LOLO-nes-f1,secondary,LOLO,nested,1,A,Centralized PPO|central_nr_seed77/ppo_multi_site.zip,Centralized PPO,77,L,"Aug 2026, current reward",all,-25623.19672945473,5955.936609872339,19648.082924582384,2.427195,16.75,2389.1964719145,2388.5896731645,0.0802775024777007,0.008225966303270564,0.07561942517343904,0.0796828543111992,0.21030723488602576,126,1.198810703666997,810,39.055272884950604,1761.8554311896871,0.908193196842492,0.65
main,v040,LOLO-nes-f1,secondary,LOLO,nested,1,A,Centralized PPO|central_nr_seed77/ppo_multi_site.zip,Centralized PPO,77,L,"Aug 2026, current reward",0,-6671.062231955984,1261.0355363314263,5410.026675024557,2.06e-05,0.0,316.6078671222118,316.6078619722118,0.22001982160555006,0.004955401387512388,0.22001982160555006,0.21704658077304262,1.0,0,0.0,222,22.90186951449192,1761.8554311896871,0.9116415246801268,0.65
main,v040,LOLO-nes-f1,secondary,LOLO,nested,1,A,Centralized PPO|central_nr_seed77/ppo_multi_site.zip,Centralized PPO,77,L,"Aug 2026, current reward",1,-2136.154554557711,612.2938686320952,1520.2159677256159,0.6447182,3.0,224.93703891055395,224.77585936055397,0.06342913776015857,0.002973240832507433,0.06342913776015857,0.061446977205153616,0.2566897918731417,33,3.1397423191278495,64,17.119770173303905,255.74885914140773,0.8902186912963577,0.65
main,v040,LOLO-nes-f1,secondary,LOLO,nested,1,A,Centralized PPO|central_nr_seed77/ppo_multi_site.zip,Centralized PPO,77,L,"Aug 2026, current reward",2,-285.2059472554327,285.2059472554327,0.0,0.0,0.0,207.0872598572126,207.0872598572126,0.0,0.0,0.0,0.0,0.0,0,0.0,0,0.0,0.0,0.0,0.65
main,v040,LOLO-nes-f1,secondary,LOLO,nested,1,A,Centralized PPO|central_nr_seed77/ppo_multi_site.zip,Centralized PPO,77,L,"Aug 2026, current reward",3,-164.8433877217286,137.8433877217286,27.0,0.0,0.0,207.34821457438574,207.34821457438574,0.0009910802775024777,0.0009910802775024777,0.0,0.0009910802775024777,0.0,0,0.0,1,4.847787108941211,4.847787108941211,1.0,0.65
main,v040,LOLO-nes-f1,secondary,LOLO,nested,1,A,Centralized PPO|central_nr_seed77/ppo_multi_site.zip,Centralized PPO,77,L,"Aug 2026, current reward",4,-11596.15721296473,997.6023022385702,10591.618021926159,1.0618888,5.875,383.43670316465943,383.17123096465946,0.4301288404360753,0.02180376610505451,0.4301288404360753,0.42913776015857286,0.8047571853320119,55,5.232903865213083,434,38.860341041440556,1761.8554311896871,0.9133732704844741,0.65
main,v040,LOLO-nes-f1,secondary,LOLO,nested,1,A,Centralized PPO|central_nr_seed77/ppo_multi_site.zip,Centralized PPO,77,L,"Aug 2026, current reward",5,-443.071995704485,443.071995704485,0.0,0.0,0.0,206.9825265635951,206.9825265635951,0.0,0.0,0.0,0.0,0.0,0,0.0,0,0.0,0.0,0.0,0.65
main,v040,LOLO-nes-f1,secondary,LOLO,nested,1,A,Centralized PPO|central_nr_seed77/ppo_multi_site.zip,Centralized PPO,77,L,"Aug 2026, current reward",6,-2047.81905233714,978.6794690651016,1060.5440158720385,0.7205674000000001,7.875,221.55703721818944,221.37689536818942,0.04261645193260654,0.005946481665014866,0.04261645193260654,0.04261645193260654,0.04162537165510406,38,3.615460852329039,43,197.49666963263414,1761.8554311896871,0.9221271440868514,0.65
main,v040,LOLO-nes-f1,secondary,LOLO,nested,1,A,Centralized PPO|central_nr_seed77/ppo_multi_site.zip,Centralized PPO,77,L,"Aug 2026, current reward",7,-757.4683906261789,757.4683906261789,0.0,0.0,0.0,206.8050438206604,206.8050438206604,0.0,0.0,0.0,0.0,0.0,0,0.0,0,0.0,0.0,0.0,0.65
main,v040,LOLO-nes-f1,secondary,LOLO,nested,1,A,Centralized PPO|central_nr_seed77/ppo_multi_site.zip,Centralized PPO,77,L,"Aug 2026, current reward",8,-401.76841414961723,401.76841414961723,0.0,0.0,0.0,206.97916628947758,206.97916628947758,0.0,0.0,0.0,0.0,0.0,0,0.0,0,0.0,0.0,0.0,0.65
main,v040,LOLO-nes-f1,secondary,LOLO,nested,1,A,Centralized PPO|central_nr_seed77/ppo_multi_site.zip,Centralized PPO,77,L,"Aug 2026, current reward",9,-1119.6455421817172,80.9672981477038,1038.6782440340135,0.0,0.0,207.45561439355367,207.45561439355367,0.04558969276511397,0.04558969276511397,0.0,0.04558969276511397,0.0,0,0.0,46,2.0064808739983353,4.847787108941211,0.8526653942275458,0.65
main,v040,LOLO-nes-f1,secondary,LOLO,nested,1,A,Centralized PPO|ppo_multi_site_seed42_20260515T234034/ppo_multi_site.zip,Centralized PPO,42,L,"May 2026, pre-781c90c reward",all,-17675.184454116163,6186.3535952445,11470.075059871662,1.630799,17.125,2265.5751921897613,2265.167492439761,0.04687809712586719,0.008721506442021803,0.04222001982160555,0.046085232903865216,0.14757185332011893,86,0.8182358771060456,473,85.34516537691589,2438.3091422736807,0.9074764438425107,0.65
main,v040,LOLO-nes-f1,secondary,LOLO,nested,1,A,Centralized PPO|ppo_multi_site_seed42_20260515T234034/ppo_multi_site.zip,Centralized PPO,42,L,"May 2026, pre-781c90c reward",0,-6671.062231955984,1261.0355363314263,5410.026675024557,2.06e-05,0.0,316.6078671222118,316.6078619722118,0.22001982160555006,0.004955401387512388,0.22001982160555006,0.21704658077304262,1.0,0,0.0,222,22.90186951449192,1761.8554311896871,0.9116415246801268,0.65
main,v040,LOLO-nes-f1,secondary,LOLO,nested,1,A,Centralized PPO|ppo_multi_site_seed42_20260515T234034/ppo_multi_site.zip,Centralized PPO,42,L,"May 2026, pre-781c90c reward",1,-868.3855788203986,868.3855788203986,0.0,0.0,0.0,206.8943170606997,206.8943170606997,0.0,0.0,0.0,0.0,0.0,0,0.0,0,0.0,0.0,0.0,0.65
main,v040,LOLO-nes-f1,secondary,LOLO,nested,1,A,Centralized PPO|ppo_multi_site_seed42_20260515T234034/ppo_multi_site.zip,Centralized PPO,42,L,"May 2026, pre-781c90c reward",2,-285.2059472554327,285.2059472554327,0.0,0.0,0.0,207.0872598572126,207.0872598572126,0.0,0.0,0.0,0.0,0.0,0,0.0,0,0.0,0.0,0.0,0.65
main,v040,LOLO-nes-f1,secondary,LOLO,nested,1,A,Centralized PPO|ppo_multi_site_seed42_20260515T234034/ppo_multi_site.zip,Centralized PPO,42,L,"May 2026, pre-781c90c reward",3,-164.8433877217286,137.8433877217286,27.0,0.0,0.0,207.34821457438574,207.34821457438574,0.0009910802775024777,0.0009910802775024777,0.0,0.0009910802775024777,0.0,0,0.0,1,4.847787108941211,4.847787108941211,1.0,0.65
main,v040,LOLO-nes-f1,secondary,LOLO,nested,1,A,Centralized PPO|ppo_multi_site_seed42_20260515T234034/ppo_multi_site.zip,Centralized PPO,42,L,"May 2026, pre-781c90c reward",4,-3417.983545930135,1005.025460479582,2409.0900450505524,0.49304040000000005,3.375,251.05801961662303,250.93475951662302,0.0931615460852329,0.03468780971258672,0.0931615460852329,0.0931615460852329,0.08622398414271557,27,2.5688800792864224,94,354.14970436724974,2438.3091422736807,0.9542872500179262,0.65
main,v040,LOLO-nes-f1,secondary,LOLO,nested,1,A,Centralized PPO|ppo_multi_site_seed42_20260515T234034/ppo_multi_site.zip,Centralized PPO,42,L,"May 2026, pre-781c90c reward",5,-443.071995704485,443.071995704485,0.0,0.0,0.0,206.9825265635951,206.9825265635951,0.0,0.0,0.0,0.0,0.0,0,0.0,0,0.0,0.0,0.0,0.65
main,v040,LOLO-nes-f1,secondary,LOLO,nested,1,A,Centralized PPO|ppo_multi_site_seed42_20260515T234034/ppo_multi_site.zip,Centralized PPO,42,L,"May 2026, pre-781c90c reward",6,-955.826601228809,955.826601228809,0.0,0.0,0.0,206.81079593536742,206.81079593536742,0.0,0.0,0.0,0.0,0.0,0,0.0,0,0.0,0.0,0.0,0.65
main,v040,LOLO-nes-f1,secondary,LOLO,nested,1,A,Centralized PPO|ppo_multi_site_seed42_20260515T234034/ppo_multi_site.zip,Centralized PPO,42,L,"May 2026, pre-781c90c reward",7,-3347.391209167855,747.2233754053166,2585.2800957625377,1.137738,13.75,248.3514107766348,248.06697627663476,0.10901883052527254,0.0009910802775024777,0.10901883052527254,0.10406342913776016,0.38949454905847375,59,5.613478691774034,110,17.243909756633297,1761.8554311896871,0.8811484529306106,0.65
main,v040,LOLO-nes-f1,secondary,LOLO,nested,1,A,Centralized PPO|ppo_multi_site_seed42_20260515T234034/ppo_multi_site.zip,Centralized PPO,42,L,"May 2026, pre-781c90c reward",8,-401.76841414961723,401.76841414961723,0.0,0.0,0.0,206.97916628947758,206.97916628947758,0.0,0.0,0.0,0.0,0.0,0,0.0,0,0.0,0.0,0.0,0.65
main,v040,LOLO-nes-f1,secondary,LOLO,nested,1,A,Centralized PPO|ppo_multi_site_seed42_20260515T234034/ppo_multi_site.zip,Centralized PPO,42,L,"May 2026, pre-781c90c reward",9,-1119.6455421817172,80.9672981477038,1038.6782440340135,0.0,0.0,207.45561439355367,207.45561439355367,0.04558969276511397,0.04558969276511397,0.0,0.04558969276511397,0.0,0,0.0,46,2.0064808739983353,4.847787108941211,0.8526653942275458,0.65
main,v040,LOLO-nes-f1,secondary,LOLO,nested,1,A,Centralized PPO|ppo_multi_site_seed7_20260516T092256/ppo_multi_site.zip,Centralized PPO,7,L,"May 2026, pre-781c90c reward",all,-7864.509743403754,6129.521829288811,1731.517346714943,0.7205674,2.75,2076.348176078264,2076.1680342282643,0.007234886025768088,0.0048562933597621405,0.002576808721506442,0.007234886025768088,0.009217046580773042,36,0.34251734390485633,73,58.46561178878859,1380.0226140536408,0.8906471902807958,0.65
main,v040,LOLO-nes-f1,secondary,LOLO,nested,1,A,Centralized PPO|ppo_multi_site_seed7_20260516T092256/ppo_multi_site.zip,Centralized PPO,7,L,"May 2026, pre-781c90c reward",0,-1321.0566969411743,1321.0566969411743,0.0,0.0,0.0,206.7488673193506,206.7488673193506,0.0,0.0,0.0,0.0,0.0,0,0.0,0,0.0,0.0,0.0,0.65
main,v040,LOLO-nes-f1,secondary,LOLO,nested,1,A,Centralized PPO|ppo_multi_site_seed7_20260516T092256/ppo_multi_site.zip,Centralized PPO,7,L,"May 2026, pre-781c90c reward",1,-874.7334426948757,797.1130826597596,76.47988783511619,0.2654722,0.875,206.39116915190388,206.3248011019039,0.002973240832507433,0.0,0.002973240832507433,0.002973240832507433,0.02973240832507433,14,1.33201189296333,3,1.2384169620826768,1.6678728435509498,0.949776531501291,0.65
main,v040,LOLO-nes-f1,secondary,LOLO,nested,1,A,Centralized PPO|ppo_multi_site_seed7_20260516T092256/ppo_multi_site.zip,Centralized PPO,7,L,"May 2026, pre-781c90c reward",2,-285.2059472554327,285.2059472554327,0.0,0.0,0.0,207.0872598572126,207.0872598572126,0.0,0.0,0.0,0.0,0.0,0,0.0,0,0.0,0.0,0.0,0.65
main,v040,LOLO-nes-f1,secondary,LOLO,nested,1,A,Centralized PPO|ppo_multi_site_seed7_20260516T092256/ppo_multi_site.zip,Centralized PPO,7,L,"May 2026, pre-781c90c reward",3,-164.8433877217286,137.8433877217286,27.0,0.0,0.0,207.34821457438574,207.34821457438574,0.0009910802775024777,0.0009910802775024777,0.0,0.0009910802775024777,0.0,0,0.0,1,4.847787108941211,4.847787108941211,1.0,0.65
main,v040,LOLO-nes-f1,secondary,LOLO,nested,1,A,Centralized PPO|ppo_multi_site_seed7_20260516T092256/ppo_multi_site.zip,Centralized PPO,7,L,"May 2026, pre-781c90c reward",4,-955.6073437622715,955.6073437622715,0.0,0.0,0.0,206.8118086716055,206.8118086716055,0.0,0.0,0.0,0.0,0.0,0,0.0,0,0.0,0.0,0.0,0.65
main,v040,LOLO-nes-f1,secondary,LOLO,nested,1,A,Centralized PPO|ppo_multi_site_seed7_20260516T092256/ppo_multi_site.zip,Centralized PPO,7,L,"May 2026, pre-781c90c reward",5,-922.447123541649,435.18855053095183,485.8793270106971,0.379246,1.0,212.12260248350066,212.02779098350067,0.018830525272547076,0.0,0.018830525272547076,0.018830525272547076,0.05946481665014866,19,1.8077304261645195,19,1.3795437172119918,1.6678728435509498,0.9524198719485916,0.65
main,v040,LOLO-nes-f1,secondary,LOLO,nested,1,A,Centralized PPO|ppo_multi_site_seed7_20260516T092256/ppo_multi_site.zip,Centralized PPO,7,L,"May 2026, pre-781c90c reward",6,-955.826601228809,955.826601228809,0.0,0.0,0.0,206.81079593536742,206.81079593536742,0.0,0.0,0.0,0.0,0.0,0,0.0,0,0.0,0.0,0.0,0.65
main,v040,LOLO-nes-f1,secondary,LOLO,nested,1,A,Centralized PPO|ppo_multi_site_seed7_20260516T092256/ppo_multi_site.zip,Centralized PPO,7,L,"May 2026, pre-781c90c reward",7,-781.1677882691273,758.1499758340111,22.479887835116195,0.0379246,0.5,207.18307594288413,207.1735947928841,0.0009910802775024777,0.0,0.0009910802775024777,0.0009910802775024777,0.0009910802775024777,1,0.09514370664023787,1,0.8493295945038731,0.8493295945038731,0.8493295945038731,0.65
main,v040,LOLO-nes-f1,secondary,LOLO,nested,1,A,Centralized PPO|ppo_multi_site_seed7_20260516T092256/ppo_multi_site.zip,Centralized PPO,7,L,"May 2026, pre-781c90c reward",8,-483.97586980696894,402.56294520696895,81.0,0.0379246,0.375,208.3887677484999,208.3792865984999,0.002973240832507433,0.0019821605550049554,0.002973240832507433,0.002973240832507433,0.0019821605550049554,2,0.19028741328047574,3,1380.0226140536408,1380.0226140536408,1.0,0.65
main,v040,LOLO-nes-f1,secondary,LOLO,nested,1,A,Centralized PPO|ppo_multi_site_seed7_20260516T092256/ppo_multi_site.zip,Centralized PPO,7,L,"May 2026, pre-781c90c reward",9,-1119.6455421817172,80.9672981477038,1038.6782440340135,0.0,0.0,207.45561439355367,207.45561439355367,0.04558969276511397,0.04558969276511397,0.0,0.04558969276511397,0.0,0,0.0,46,2.0064808739983353,4.847787108941211,0.8526653942275458,0.65
main,v040,LOLO-nes-f1,secondary,LOLO,nested,1,A,Centralized PPO|ppo_multi_site_seed13_20260516T092257/ppo_multi_site.zip,Centralized PPO,13,L,"May 2026, pre-781c90c reward",all,-18564.711368406206,6062.473949502186,12490.742866704019,1.7445522000000002,9.75,2274.2390242063498,2273.80288615635,0.0508424182358771,0.011199207135777997,0.04618434093161546,0.04975222993062438,0.10981169474727454,92,0.8753221010901883,513,130.68047042223913,2438.3091422736807,0.910543497355599,0.65
main,v040,LOLO-nes-f1,secondary,LOLO,nested,1,A,Centralized PPO|ppo_multi_site_seed13_20260516T092257/ppo_multi_site.zip,Centralized PPO,13,L,"May 2026, pre-781c90c reward",0,-1321.0566969411743,1321.0566969411743,0.0,0.0,0.0,206.7488673193506,206.7488673193506,0.0,0.0,0.0,0.0,0.0,0,0.0,0,0.0,0.0,0.0,0.65
main,v040,LOLO-nes-f1,secondary,LOLO,nested,1,A,Centralized PPO|ppo_multi_site_seed13_20260516T092257/ppo_multi_site.zip,Centralized PPO,13,L,"May 2026, pre-781c90c reward",1,-2248.841504500216,895.4601266681245,1352.5779810320917,0.3033968,0.5,229.9977192571524,229.92187005715238,0.05252725470763132,0.010901883052527254,0.05252725470763132,0.05252725470763132,0.04558969276511397,16,1.522299306243806,53,174.21410373435796,1761.8554311896871,0.9506779754918814,0.65
main,v040,LOLO-nes-f1,secondary,LOLO,nested,1,A,Centralized PPO|ppo_multi_site_seed13_20260516T092257/ppo_multi_site.zip,Centralized PPO,13,L,"May 2026, pre-781c90c reward",2,-285.2059472554327,285.2059472554327,0.0,0.0,0.0,207.0872598572126,207.0872598572126,0.0,0.0,0.0,0.0,0.0,0,0.0,0,0.0,0.0,0.0,0.65
main,v040,LOLO-nes-f1,secondary,LOLO,nested,1,A,Centralized PPO|ppo_multi_site_seed13_20260516T092257/ppo_multi_site.zip,Centralized PPO,13,L,"May 2026, pre-781c90c reward",3,-164.8433877217286,137.8433877217286,27.0,0.0,0.0,207.34821457438574,207.34821457438574,0.0009910802775024777,0.0009910802775024777,0.0,0.0009910802775024777,0.0,0,0.0,1,4.847787108941211,4.847787108941211,1.0,0.65
main,v040,LOLO-nes-f1,secondary,LOLO,nested,1,A,Centralized PPO|ppo_multi_site_seed13_20260516T092257/ppo_multi_site.zip,Centralized PPO,13,L,"May 2026, pre-781c90c reward",4,-1070.205080715602,672.6959987673733,392.65228834822875,0.6067936,4.25,202.57708177692638,202.42538337692636,0.015857284440039643,0.0009910802775024777,0.015857284440039643,0.015857284440039643,0.19425173439048563,32,3.044598612487612,16,33.083757042131964,255.74885914140773,0.9180256007254766,0.65
main,v040,LOLO-nes-f1,secondary,LOLO,nested,1,A,Centralized PPO|ppo_multi_site_seed13_20260516T092257/ppo_multi_site.zip,Centralized PPO,13,L,"May 2026, pre-781c90c reward",5,-443.071995704485,443.071995704485,0.0,0.0,0.0,206.9825265635951,206.9825265635951,0.0,0.0,0.0,0.0,0.0,0,0.0,0,0.0,0.0,0.0,0.65
main,v040,LOLO-nes-f1,secondary,LOLO,nested,1,A,Centralized PPO|ppo_multi_site_seed13_20260516T092257/ppo_multi_site.zip,Centralized PPO,13,L,"May 2026, pre-781c90c reward",6,-10472.5459252461,1062.265423131996,9405.434914114103,0.720588,4.125,388.2218148620578,388.0416678620578,0.38255698711595637,0.05054509415262636,0.38255698711595637,0.37165510406342916,0.8503468780971258,38,3.615460852329039,386,144.90532510536934,2438.3091422736807,0.910790714310255,0.65
main,v040,LOLO-nes-f1,secondary,LOLO,nested,1,A,Centralized PPO|ppo_multi_site_seed13_20260516T092257/ppo_multi_site.zip,Centralized PPO,13,L,"May 2026, pre-781c90c reward",7,-1037.5268739901314,762.1386610145505,274.39943917558094,0.11377380000000001,0.875,210.84075931263794,210.81231586263794,0.010901883052527254,0.002973240832507433,0.010901883052527254,0.010901883052527254,0.007928642220019821,6,0.5708622398414271,11,113.2538470934685,725.422329179604,0.931513452047215,0.65
main,v040,LOLO-nes-f1,secondary,LOLO,nested,1,A,Centralized PPO|ppo_multi_site_seed13_20260516T092257/ppo_multi_site.zip,Centralized PPO,13,L,"May 2026, pre-781c90c reward",8,-401.76841414961723,401.76841414961723,0.0,0.0,0.0,206.97916628947758,206.97916628947758,0.0,0.0,0.0,0.0,0.0,0,0.0,0,0.0,0.0,0.0,0.65
main,v040,LOLO-nes-f1,secondary,LOLO,nested,1,A,Centralized PPO|ppo_multi_site_seed13_20260516T092257/ppo_multi_site.zip,Centralized PPO,13,L,"May 2026, pre-781c90c reward",9,-1119.6455421817172,80.9672981477038,1038.6782440340135,0.0,0.0,207.45561439355367,207.45561439355367,0.04558969276511397,0.04558969276511397,0.0,0.04558969276511397,0.0,0,0.0,46,2.0064808739983353,4.847787108941211,0.8526653942275458,0.65
main,v040,LOLO-nes-f1,secondary,LOLO,nested,1,A,Centralized PPO|ppo_multi_site_seed99_20260516T092259/ppo_multi_site.zip,Centralized PPO,99,L,"May 2026, pre-781c90c reward",all,-8324.661208866943,5943.488847185309,2373.621699081633,1.1756626,6.375,2085.3195313343094,2085.0256156843097,0.01020812685827552,0.0046580773042616454,0.005550049554013875,0.009910802775024777,0.04618434093161546,61,0.580376610505451,103,18.690330357382443,1761.8554311896871,0.8667079541834041,0.65
main,v040,LOLO-nes-f1,secondary,LOLO,nested,1,A,Centralized PPO|ppo_multi_site_seed99_20260516T092259/ppo_multi_site.zip,Centralized PPO,99,L,"May 2026, pre-781c90c reward",0,-1321.0566969411743,1321.0566969411743,0.0,0.0,0.0,206.7488673193506,206.7488673193506,0.0,0.0,0.0,0.0,0.0,0,0.0,0,0.0,0.0,0.0,0.65
main,v040,LOLO-nes-f1,secondary,LOLO,nested,1,A,Centralized PPO|ppo_multi_site_seed99_20260516T092259/ppo_multi_site.zip,Centralized PPO,99,L,"May 2026, pre-781c90c reward",1,-868.3855788203986,868.3855788203986,0.0,0.0,0.0,206.8943170606997,206.8943170606997,0.0,0.0,0.0,0.0,0.0,0,0.0,0,0.0,0.0,0.0,0.65
main,v040,LOLO-nes-f1,secondary,LOLO,nested,1,A,Centralized PPO|ppo_multi_site_seed99_20260516T092259/ppo_multi_site.zip,Centralized PPO,99,L,"May 2026, pre-781c90c reward",2,-285.2059472554327,285.2059472554327,0.0,0.0,0.0,207.0872598572126,207.0872598572126,0.0,0.0,0.0,0.0,0.0,0,0.0,0,0.0,0.0,0.0,0.65
main,v040,LOLO-nes-f1,secondary,LOLO,nested,1,A,Centralized PPO|ppo_multi_site_seed99_20260516T092259/ppo_multi_site.zip,Centralized PPO,99,L,"May 2026, pre-781c90c reward",3,-164.8433877217286,137.8433877217286,27.0,0.0,0.0,207.34821457438574,207.34821457438574,0.0009910802775024777,0.0009910802775024777,0.0,0.0009910802775024777,0.0,0,0.0,1,4.847787108941211,4.847787108941211,1.0,0.65
main,v040,LOLO-nes-f1,secondary,LOLO,nested,1,A,Centralized PPO|ppo_multi_site_seed99_20260516T092259/ppo_multi_site.zip,Centralized PPO,99,L,"May 2026, pre-781c90c reward",4,-955.6073437622715,955.6073437622715,0.0,0.0,0.0,206.8118086716055,206.8118086716055,0.0,0.0,0.0,0.0,0.0,0,0.0,0,0.0,0.0,0.0,0.65
main,v040,LOLO-nes-f1,secondary,LOLO,nested,1,A,Centralized PPO|ppo_multi_site_seed99_20260516T092259/ppo_multi_site.zip,Centralized PPO,99,L,"May 2026, pre-781c90c reward",5,-443.071995704485,443.071995704485,0.0,0.0,0.0,206.9825265635951,206.9825265635951,0.0,0.0,0.0,0.0,0.0,0,0.0,0,0.0,0.0,0.0,0.65
main,v040,LOLO-nes-f1,secondary,LOLO,nested,1,A,Centralized PPO|ppo_multi_site_seed99_20260516T092259/ppo_multi_site.zip,Centralized PPO,99,L,"May 2026, pre-781c90c reward",6,-1098.3086534115473,761.5702330710826,332.91955134046475,0.5688690000000001,3.25,207.65381043564597,207.51159318564595,0.014866204162537165,0.0,0.014866204162537165,0.01288404360753221,0.19425173439048563,30,2.8543111992071357,15,1.2086872456432383,1.6678728435509498,0.8331632686752349,0.65
main,v040,LOLO-nes-f1,secondary,LOLO,nested,1,A,Centralized PPO|ppo_multi_site_seed99_20260516T092259/ppo_multi_site.zip,Centralized PPO,99,L,"May 2026, pre-781c90c reward",7,-1666.7676489185696,688.011951611415,975.0239037071547,0.6067936,3.125,221.35794616878343,221.2062477687834,0.040634291377601585,0.0,0.040634291377601585,0.03964321110009911,0.267591674925669,31,2.949454905847374,41,44.14214172714339,1761.8554311896871,0.8914844418608538,0.65
main,v040,LOLO-nes-f1,secondary,LOLO,nested,1,A,Centralized PPO|ppo_multi_site_seed99_20260516T092259/ppo_multi_site.zip,Centralized PPO,99,L,"May 2026, pre-781c90c reward",8,-401.76841414961723,401.76841414961723,0.0,0.0,0.0,206.97916628947758,206.97916628947758,0.0,0.0,0.0,0.0,0.0,0,0.0,0,0.0,0.0,0.0,0.65
main,v040,LOLO-nes-f1,secondary,LOLO,nested,1,A,Centralized PPO|ppo_multi_site_seed99_20260516T092259/ppo_multi_site.zip,Centralized PPO,99,L,"May 2026, pre-781c90c reward",9,-1119.6455421817172,80.9672981477038,1038.6782440340135,0.0,0.0,207.45561439355367,207.45561439355367,0.04558969276511397,0.04558969276511397,0.0,0.04558969276511397,0.0,0,0.0,46,2.0064808739983353,4.847787108941211,0.8526653942275458,0.65
main,v040,LOLO-nes-f1,secondary,LOLO,nested,1,A,Centralized PPO|ppo_multi_site_seed7_20260517T003435/best_model.zip,Centralized PPO,7,L,"May 2026, pre-781c90c reward; run has no final save (best_model.zip only)",all,-33231.279910191464,6382.913842428354,26800.66913396311,3.0719338,44.625,2531.996582023877,2531.228598573877,0.10911793855302279,0.01248761149653122,0.10445986124876115,0.10792864222001983,0.2580773042616452,162,1.5413280475718534,1101,65.33371871854695,2690.9195885208856,0.9108596019177552,0.65
main,v040,LOLO-nes-f1,secondary,LOLO,nested,1,A,Centralized PPO|ppo_multi_site_seed7_20260517T003435/best_model.zip,Centralized PPO,7,L,"May 2026, pre-781c90c reward; run has no final save (best_model.zip only)",0,-6671.062231955984,1261.0355363314263,5410.026675024557,2.06e-05,0.0,316.6078671222118,316.6078619722118,0.22001982160555006,0.004955401387512388,0.22001982160555006,0.21704658077304262,1.0,0,0.0,222,22.90186951449192,1761.8554311896871,0.9116415246801268,0.65
main,v040,LOLO-nes-f1,secondary,LOLO,nested,1,A,Centralized PPO|ppo_multi_site_seed7_20260517T003435/best_model.zip,Centralized PPO,7,L,"May 2026, pre-781c90c reward; run has no final save (best_model.zip only)",1,-868.3855788203986,868.3855788203986,0.0,0.0,0.0,206.8943170606997,206.8943170606997,0.0,0.0,0.0,0.0,0.0,0,0.0,0,0.0,0.0,0.0,0.65
main,v040,LOLO-nes-f1,secondary,LOLO,nested,1,A,Centralized PPO|ppo_multi_site_seed7_20260517T003435/best_model.zip,Centralized PPO,7,L,"May 2026, pre-781c90c reward; run has no final save (best_model.zip only)",2,-1605.1496898582177,331.9803271481298,1267.850493710088,0.5688690000000001,4.75,228.65427906092648,228.5120618109265,0.05153617443012884,0.0,0.05153617443012884,0.05054509415262636,0.1110009910802775,30,2.8543111992071357,52,40.0319965424499,1761.8554311896871,0.9117643932639635,0.65
main,v040,LOLO-nes-f1,secondary,LOLO,nested,1,A,Centralized PPO|ppo_multi_site_seed7_20260517T003435/best_model.zip,Centralized PPO,7,L,"May 2026, pre-781c90c reward; run has no final save (best_model.zip only)",3,-164.8433877217286,137.8433877217286,27.0,0.0,0.0,207.34821457438574,207.34821457438574,0.0009910802775024777,0.0009910802775024777,0.0,0.0009910802775024777,0.0,0,0.0,1,4.847787108941211,4.847787108941211,1.0,0.65
main,v040,LOLO-nes-f1,secondary,LOLO,nested,1,A,Centralized PPO|ppo_multi_site_seed7_20260517T003435/best_model.zip,Centralized PPO,7,L,"May 2026, pre-781c90c reward; run has no final save (best_model.zip only)",4,-15847.762061423597,1114.3705244606956,14733.391516362899,2.06e-05,0.0,475.8533087070707,475.8533035570707,0.5916749256689792,0.07234886025768088,0.5916749256689792,0.5906838453914767,1.0,0,0.0,597,97.75271321305607,2690.9195885208856,0.9225512828668117,0.65
main,v040,LOLO-nes-f1,secondary,LOLO,nested,1,A,Centralized PPO|ppo_multi_site_seed7_20260517T003435/best_model.zip,Centralized PPO,7,L,"May 2026, pre-781c90c reward; run has no final save (best_model.zip only)",5,-443.071995704485,443.071995704485,0.0,0.0,0.0,206.9825265635951,206.9825265635951,0.0,0.0,0.0,0.0,0.0,0,0.0,0,0.0,0.0,0.0,0.65
main,v040,LOLO-nes-f1,secondary,LOLO,nested,1,A,Centralized PPO|ppo_multi_site_seed7_20260517T003435/best_model.zip,Centralized PPO,7,L,"May 2026, pre-781c90c reward; run has no final save (best_model.zip only)",6,-955.826601228809,955.826601228809,0.0,0.0,0.0,206.81079593536742,206.81079593536742,0.0,0.0,0.0,0.0,0.0,0,0.0,0,0.0,0.0,0.0,0.65
main,v040,LOLO-nes-f1,secondary,LOLO,nested,1,A,Centralized PPO|ppo_multi_site_seed7_20260517T003435/best_model.zip,Centralized PPO,7,L,"May 2026, pre-781c90c reward; run has no final save (best_model.zip only)",7,-5153.764407146911,787.6641787153592,4323.722204831552,2.5030236,39.875,268.41049231658906,267.78473641658906,0.18136769078295342,0.0009910802775024777,0.18136769078295342,0.17443012884043607,0.4697720515361744,132,12.558969276511398,183,34.4865014272582,2438.3091422736807,0.8856531736436101,0.65
main,v040,LOLO-nes-f1,secondary,LOLO,nested,1,A,Centralized PPO|ppo_multi_site_seed7_20260517T003435/best_model.zip,Centralized PPO,7,L,"May 2026, pre-781c90c reward; run has no final save (best_model.zip only)",8,-401.76841414961723,401.76841414961723,0.0,0.0,0.0,206.97916628947758,206.97916628947758,0.0,0.0,0.0,0.0,0.0,0,0.0,0,0.0,0.0,0.0,0.65
main,v040,LOLO-nes-f1,secondary,LOLO,nested,1,A,Centralized PPO|ppo_multi_site_seed7_20260517T003435/best_model.zip,Centralized PPO,7,L,"May 2026, pre-781c90c reward; run has no final save (best_model.zip only)",9,-1119.6455421817172,80.9672981477038,1038.6782440340135,0.0,0.0,207.45561439355367,207.45561439355367,0.04558969276511397,0.04558969276511397,0.0,0.04558969276511397,0.0,0,0.0,46,2.0064808739983353,4.847787108941211,0.8526653942275458,0.65
main,v040,LOLO-nes-f1,secondary,LOLO,nested,1,A,Centralized PPO|ppo_multi_site_seed13_20260517T003435/best_model.zip,Centralized PPO,13,L,"May 2026, pre-781c90c reward; run has no final save (best_model.zip only)",all,-32222.144458785955,6062.680635647677,26080.196508538276,4.8923146,74.375,2499.758221133327,2498.535142483327,0.10792864222001983,0.013280475718533202,0.10327056491575817,0.1043607532210109,0.24073339940535182,257,2.445193260654113,1089,79.0325190480082,2438.3091422736807,0.8966411711257825,0.66
main,v040,LOLO-nes-f1,secondary,LOLO,nested,1,A,Centralized PPO|ppo_multi_site_seed13_20260517T003435/best_model.zip,Centralized PPO,13,L,"May 2026, pre-781c90c reward; run has no final save (best_model.zip only)",0,-1140.6949381216007,979.2444828864845,157.4798878351162,0.7205674,3.25,196.57494341241846,196.39480156241842,0.005946481665014866,0.0,0.005946481665014866,0.005946481665014866,0.26957383548067393,38,3.615460852329039,6,1.4999493072565626,1.6678728435509498,0.9748882657506455,0.66
main,v040,LOLO-nes-f1,secondary,LOLO,nested,1,A,Centralized PPO|ppo_multi_site_seed13_20260517T003435/best_model.zip,Centralized PPO,13,L,"May 2026, pre-781c90c reward; run has no final save (best_model.zip only)",1,-868.3855788203986,868.3855788203986,0.0,0.0,0.0,206.8943170606997,206.8943170606997,0.0,0.0,0.0,0.0,0.0,0,0.0,0,0.0,0.0,0.0,0.66
main,v040,LOLO-nes-f1,secondary,LOLO,nested,1,A,Centralized PPO|ppo_multi_site_seed13_20260517T003435/best_model.zip,Centralized PPO,13,L,"May 2026, pre-781c90c reward; run has no final save (best_model.zip only)",2,-285.2059472554327,285.2059472554327,0.0,0.0,0.0,207.0872598572126,207.0872598572126,0.0,0.0,0.0,0.0,0.0,0,0.0,0,0.0,0.0,0.0,0.66
main,v040,LOLO-nes-f1,secondary,LOLO,nested,1,A,Centralized PPO|ppo_multi_site_seed13_20260517T003435/best_model.zip,Centralized PPO,13,L,"May 2026, pre-781c90c reward; run has no final save (best_model.zip only)",3,-164.8433877217286,137.8433877217286,27.0,0.0,0.0,207.34821457438574,207.34821457438574,0.0009910802775024777,0.0009910802775024777,0.0,0.0009910802775024777,0.0,0,0.0,1,4.847787108941211,4.847787108941211,1.0,0.66
main,v040,LOLO-nes-f1,secondary,LOLO,nested,1,A,Centralized PPO|ppo_multi_site_seed13_20260517T003435/best_model.zip,Centralized PPO,13,L,"May 2026, pre-781c90c reward; run has no final save (best_model.zip only)",4,-2340.030511963446,715.8609684193691,1607.6680317440769,1.2515118,15.25,223.12076262430082,222.8078846743008,0.06640237859266601,0.0019821605550049554,0.06640237859266601,0.06640237859266601,0.32309217046580774,65,6.184340931615461,67,53.75622442715534,1761.8554311896871,0.8998348416637197,0.66
main,v040,LOLO-nes-f1,secondary,LOLO,nested,1,A,Centralized PPO|ppo_multi_site_seed13_20260517T003435/best_model.zip,Centralized PPO,13,L,"May 2026, pre-781c90c reward; run has no final save (best_model.zip only)",5,-443.071995704485,443.071995704485,0.0,0.0,0.0,206.9825265635951,206.9825265635951,0.0,0.0,0.0,0.0,0.0,0,0.0,0,0.0,0.0,0.0,0.66
main,v040,LOLO-nes-f1,secondary,LOLO,nested,1,A,Centralized PPO|ppo_multi_site_seed13_20260517T003435/best_model.zip,Centralized PPO,13,L,"May 2026, pre-781c90c reward; run has no final save (best_model.zip only)",6,-10246.751398638607,1030.220035910782,9157.736147927826,2.9202148,55.875,365.3687380607796,364.6386843607795,0.37165510406342916,0.04360753221010902,0.37165510406342916,0.3607532210109019,0.8146679881070367,154,14.65213082259663,375,153.29951917067515,2438.3091422736807,0.9125562404912422,0.66
main,v040,LOLO-nes-f1,secondary,LOLO,nested,1,A,Centralized PPO|ppo_multi_site_seed13_20260517T003435/best_model.zip,Centralized PPO,13,L,"May 2026, pre-781c90c reward; run has no final save (best_model.zip only)",7,-15211.74674422892,1120.1125266316762,14091.634196997245,2.06e-05,0.0,471.946678296904,471.946673146904,0.5887016848364718,0.040634291377601585,0.5887016848364718,0.5639246778989098,1.0,0,0.0,594,41.8708432904073,2438.3091422736807,0.888674702106601,0.66
main,v040,LOLO-nes-f1,secondary,LOLO,nested,1,A,Centralized PPO|ppo_multi_site_seed13_20260517T003435/best_model.zip,Centralized PPO,13,L,"May 2026, pre-781c90c reward; run has no final save (best_model.zip only)",8,-401.76841414961723,401.76841414961723,0.0,0.0,0.0,206.97916628947758,206.97916628947758,0.0,0.0,0.0,0.0,0.0,0,0.0,0,0.0,0.0,0.0,0.66
main,v040,LOLO-nes-f1,secondary,LOLO,nested,1,A,Centralized PPO|ppo_multi_site_seed13_20260517T003435/best_model.zip,Centralized PPO,13,L,"May 2026, pre-781c90c reward; run has no final save (best_model.zip only)",9,-1119.6455421817172,80.9672981477038,1038.6782440340135,0.0,0.0,207.45561439355367,207.45561439355367,0.04558969276511397,0.04558969276511397,0.0,0.04558969276511397,0.0,0,0.0,46,2.0064808739983353,4.847787108941211,0.8526653942275458,0.66
main,v040,LOLO-nes-f1,secondary,LOLO,nested,1,A,Centralized PPO|ppo_multi_site_seed42_20260517T003436/best_model.zip,Centralized PPO,42,L,"May 2026, pre-781c90c reward; run has no final save (best_model.zip only)",all,-49693.70077745952,6604.324105817432,43008.76803564209,5.233636000000001,75.375,2810.121792541103,2808.813383541103,0.17393458870168485,0.02923686818632309,0.1692765113974232,0.17056491575817642,0.2721506442021804,275,2.6164519326065414,1755,153.82702310945763,2690.9195885208856,0.9159132890450091,0.64
main,v040,LOLO-nes-f1,secondary,LOLO,nested,1,A,Centralized PPO|ppo_multi_site_seed42_20260517T003436/best_model.zip,Centralized PPO,42,L,"May 2026, pre-781c90c reward; run has no final save (best_model.zip only)",0,-2098.9205841768,1009.592931170163,1080.3303872066367,0.8722658,8.125,214.17059185406526,213.95252540406528,0.044598612487611496,0.0019821605550049554,0.044598612487611496,0.04360753221010902,0.4261645193260654,45,4.281466798810704,45,51.74395220051907,1761.8554311896871,0.8991350718432091,0.64
main,v040,LOLO-nes-f1,secondary,LOLO,nested,1,A,Centralized PPO|ppo_multi_site_seed42_20260517T003436/best_model.zip,Centralized PPO,42,L,"May 2026, pre-781c90c reward; run has no final save (best_model.zip only)",1,-17524.01749450295,970.1037590693724,16531.77175143358,1.516984,20.625,505.598844673397,505.21959867339706,0.6551040634291377,0.1377601585728444,0.6551040634291377,0.647175421209118,0.8999008919722498,79,7.516352824578791,661,286.071920221234,2690.9195885208856,0.9330704704834666,0.64
main,v040,LOLO-nes-f1,secondary,LOLO,nested,1,A,Centralized PPO|ppo_multi_site_seed42_20260517T003436/best_model.zip,Centralized PPO,42,L,"May 2026, pre-781c90c reward; run has no final save (best_model.zip only)",2,-285.2059472554327,285.2059472554327,0.0,0.0,0.0,207.0872598572126,207.0872598572126,0.0,0.0,0.0,0.0,0.0,0,0.0,0,0.0,0.0,0.0,0.64
main,v040,LOLO-nes-f1,secondary,LOLO,nested,1,A,Centralized PPO|ppo_multi_site_seed42_20260517T003436/best_model.zip,Centralized PPO,42,L,"May 2026, pre-781c90c reward; run has no final save (best_model.zip only)",3,-164.8433877217286,137.8433877217286,27.0,0.0,0.0,207.34821457438574,207.34821457438574,0.0009910802775024777,0.0009910802775024777,0.0,0.0009910802775024777,0.0,0,0.0,1,4.847787108941211,4.847787108941211,1.0,0.64
main,v040,LOLO-nes-f1,secondary,LOLO,nested,1,A,Centralized PPO|ppo_multi_site_seed42_20260517T003436/best_model.zip,Centralized PPO,42,L,"May 2026, pre-781c90c reward; run has no final save (best_model.zip only)",4,-10791.806968252888,1181.5119439680334,9561.928206284854,2.616818,45.75,364.4018156514839,363.7476111514839,0.377601585728444,0.061446977205153616,0.377601585728444,0.377601585728444,0.3676907829534192,139,13.224975222993063,381,131.45193398383006,2690.9195885208856,0.9365641475314832,0.64
main,v040,LOLO-nes-f1,secondary,LOLO,nested,1,A,Centralized PPO|ppo_multi_site_seed42_20260517T003436/best_model.zip,Centralized PPO,42,L,"May 2026, pre-781c90c reward; run has no final save (best_model.zip only)",5,-443.071995704485,443.071995704485,0.0,0.0,0.0,206.9825265635951,206.9825265635951,0.0,0.0,0.0,0.0,0.0,0,0.0,0,0.0,0.0,0.0,0.64
main,v040,LOLO-nes-f1,secondary,LOLO,nested,1,A,Centralized PPO|ppo_multi_site_seed42_20260517T003436/best_model.zip,Centralized PPO,42,L,"May 2026, pre-781c90c reward; run has no final save (best_model.zip only)",6,-1623.9427747561097,972.8279020703494,650.4252496857604,0.189623,0.5,217.65499566377832,217.60758991377827,0.02576808721506442,0.003964321110009911,0.02576808721506442,0.02576808721506442,0.02576808721506442,10,0.9514370664023787,26,134.2741115131364,2438.3091422736807,0.9338785252381542,0.64
main,v040,LOLO-nes-f1,secondary,LOLO,nested,1,A,Centralized PPO|ppo_multi_site_seed42_20260517T003436/best_model.zip,Centralized PPO,42,L,"May 2026, pre-781c90c reward; run has no final save (best_model.zip only)",7,-15211.74674422892,1120.1125266316762,14091.634196997245,2.06e-05,0.0,471.946678296904,471.946673146904,0.5887016848364718,0.040634291377601585,0.5887016848364718,0.5639246778989098,1.0,0,0.0,594,41.8708432904073,2438.3091422736807,0.888674702106601,0.64
main,v040,LOLO-nes-f1,secondary,LOLO,nested,1,A,Centralized PPO|ppo_multi_site_seed42_20260517T003436/best_model.zip,Centralized PPO,42,L,"May 2026, pre-781c90c reward; run has no final save (best_model.zip only)",8,-430.4993386784871,403.0864140784871,27.0,0.0379246,0.375,207.4752510127276,207.4657698627276,0.0009910802775024777,0.0,0.0009910802775024777,0.0009910802775024777,0.0019821605550049554,2,0.19028741328047574,1,1.6678728435509498,1.6678728435509498,1.0,0.64
main,v040,LOLO-nes-f1,secondary,LOLO,nested,1,A,Centralized PPO|ppo_multi_site_seed42_20260517T003436/best_model.zip,Centralized PPO,42,L,"May 2026, pre-781c90c reward; run has no final save (best_model.zip only)",9,-1119.6455421817172,80.9672981477038,1038.6782440340135,0.0,0.0,207.45561439355367,207.45561439355367,0.04558969276511397,0.04558969276511397,0.0,0.04558969276511397,0.0,0,0.0,46,2.0064808739983353,4.847787108941211,0.8526653942275458,0.64
main,v040,LOLO-nes-f1,secondary,LOLO,nested,1,A,Centralized PPO|ppo_multi_site_seed99_20260517T003436/best_model.zip,Centralized PPO,99,L,"May 2026, pre-781c90c reward; run has no final save (best_model.zip only)",all,-47207.11677542979,6384.526814486542,40667.60876974325,9.481191200000001,145.5,2753.6206512666745,2751.2503534666744,0.16253716551040634,0.030029732408325075,0.15787908820614469,0.15986124876114965,0.3271555996035679,497,4.728642220019822,1640,201.11912339294946,2690.9195885208856,0.9257553187774191,0.65
main,v040,LOLO-nes-f1,secondary,LOLO,nested,1,A,Centralized PPO|ppo_multi_site_seed99_20260517T003436/best_model.zip,Centralized PPO,99,L,"May 2026, pre-781c90c reward; run has no final save (best_model.zip only)",0,-6671.062231955984,1261.0355363314263,5410.026675024557,2.06e-05,0.0,316.6078671222118,316.6078619722118,0.22001982160555006,0.004955401387512388,0.22001982160555006,0.21704658077304262,1.0,0,0.0,222,22.90186951449192,1761.8554311896871,0.9116415246801268,0.65
main,v040,LOLO-nes-f1,secondary,LOLO,nested,1,A,Centralized PPO|ppo_multi_site_seed99_20260517T003436/best_model.zip,Centralized PPO,99,L,"May 2026, pre-781c90c reward; run has no final save (best_model.zip only)",1,-10222.892847779973,780.175323725312,9391.56978225466,3.1477418000000004,48.0,349.18931318140517,348.4023777314052,0.37561942517343905,0.06442021803766106,0.37561942517343905,0.3686818632309217,0.5460852329038652,165,15.698711595639248,379,263.62197404293374,2690.9195885208856,0.9250733070120077,0.65
main,v040,LOLO-nes-f1,secondary,LOLO,nested,1,A,Centralized PPO|ppo_multi_site_seed99_20260517T003436/best_model.zip,Centralized PPO,99,L,"May 2026, pre-781c90c reward; run has no final save (best_model.zip only)",2,-285.2059472554327,285.2059472554327,0.0,0.0,0.0,207.0872598572126,207.0872598572126,0.0,0.0,0.0,0.0,0.0,0,0.0,0,0.0,0.0,0.0,0.65
main,v040,LOLO-nes-f1,secondary,LOLO,nested,1,A,Centralized PPO|ppo_multi_site_seed99_20260517T003436/best_model.zip,Centralized PPO,99,L,"May 2026, pre-781c90c reward; run has no final save (best_model.zip only)",3,-164.8433877217286,137.8433877217286,27.0,0.0,0.0,207.34821457438574,207.34821457438574,0.0009910802775024777,0.0009910802775024777,0.0,0.0009910802775024777,0.0,0,0.0,1,4.847787108941211,4.847787108941211,1.0,0.65
main,v040,LOLO-nes-f1,secondary,LOLO,nested,1,A,Centralized PPO|ppo_multi_site_seed99_20260517T003436/best_model.zip,Centralized PPO,99,L,"May 2026, pre-781c90c reward; run has no final save (best_model.zip only)",4,-1156.666298982591,961.156863574827,194.73273700776397,0.1516984,0.625,210.30455801031917,210.26663341031917,0.007928642220019821,0.0,0.007928642220019821,0.007928642220019821,0.02081268582755203,8,0.761149653121903,8,1.3414167985925114,1.6678728435509498,0.9113864041990165,0.65
main,v040,LOLO-nes-f1,secondary,LOLO,nested,1,A,Centralized PPO|ppo_multi_site_seed99_20260517T003436/best_model.zip,Centralized PPO,99,L,"May 2026, pre-781c90c reward; run has no final save (best_model.zip only)",5,-11961.330531849704,629.7767766201421,11251.987331029562,4.8164242,74.75,379.8136853186653,378.60957926866536,0.43508424182358774,0.1110009910802775,0.43508424182358774,0.4311199207135778,0.3994053518334985,253,24.07135777998018,439,326.50194822409884,2438.3091422736807,0.953910035699039,0.65
main,v040,LOLO-nes-f1,secondary,LOLO,nested,1,A,Centralized PPO|ppo_multi_site_seed99_20260517T003436/best_model.zip,Centralized PPO,99,L,"May 2026, pre-781c90c reward; run has no final save (best_model.zip only)",6,-12856.194731463409,1143.4437168588024,11712.750994004604,2.06e-05,0.0,439.82378135102863,439.82377620102864,0.47373637264618434,0.07333994053518335,0.47373637264618434,0.4618434093161546,1.0,0,0.0,478,166.42242781391553,2438.3091422736807,0.9155351821049477,0.65
main,v040,LOLO-nes-f1,secondary,LOLO,nested,1,A,Centralized PPO|ppo_multi_site_seed99_20260517T003436/best_model.zip,Centralized PPO,99,L,"May 2026, pre-781c90c reward; run has no final save (best_model.zip only)",7,-2367.5068420896346,703.15355010155,1640.863006388084,1.3652856,22.125,229.01119116841477,228.66986976841477,0.06640237859266601,0.0,0.06640237859266601,0.06541129831516353,0.30525272547076315,71,6.7552031714568885,67,27.5562113853043,1761.8554311896871,0.9156044607809849,0.65
main,v040,LOLO-nes-f1,secondary,LOLO,nested,1,A,Centralized PPO|ppo_multi_site_seed99_20260517T003436/best_model.zip,Centralized PPO,99,L,"May 2026, pre-781c90c reward; run has no final save (best_model.zip only)",8,-401.76841414961723,401.76841414961723,0.0,0.0,0.0,206.97916628947758,206.97916628947758,0.0,0.0,0.0,0.0,0.0,0,0.0,0,0.0,0.0,0.0,0.65
main,v040,LOLO-nes-f1,secondary,LOLO,nested,1,A,Centralized PPO|ppo_multi_site_seed99_20260517T003436/best_model.zip,Centralized PPO,99,L,"May 2026, pre-781c90c reward; run has no final save (best_model.zip only)",9,-1119.6455421817172,80.9672981477038,1038.6782440340135,0.0,0.0,207.45561439355367,207.45561439355367,0.04558969276511397,0.04558969276511397,0.0,0.04558969276511397,0.0,0,0.0,46,2.0064808739983353,4.847787108941211,0.8526653942275458,0.65
main,v040,LOLO-nes-f1,secondary,LOLO,nested,1,A,IPPO|wcnc2027_ablation/ippo_seed1,IPPO,1,R,wcnc2027_ablation 2026-09-14,all,-6392.049039494964,4824.618383580021,1542.937346714943,3.8683092000000006,20.625,2015.3160364820778,2014.3489591820778,0.006640237859266601,0.0046580773042616454,0.002477700693756194,0.006541129831516353,0.08087215064420218,203,1.9314172447968287,67,8199.177168415637,110236.04404561648,0.8668852271127554,168.53
main,v040,LOLO-nes-f1,secondary,LOLO,nested,1,A,IPPO|wcnc2027_ablation/ippo_seed1,IPPO,1,R,wcnc2027_ablation 2026-09-14,0,-1001.6703716042086,947.6440671690926,49.479887835116195,0.7964165999999999,3.75,189.50303526201037,189.3039311120104,0.0019821605550049554,0.0,0.0019821605550049554,0.0019821605550049554,0.2358771060455897,41,3.9008919722497524,2,1.2586012190274114,1.6678728435509498,0.9246647972519366,168.53
main,v040,LOLO-nes-f1,secondary,LOLO,nested,1,A,IPPO|wcnc2027_ablation/ippo_seed1,IPPO,1,R,wcnc2027_ablation 2026-09-14,1,-634.4327800541982,552.8952494190819,76.47988783511619,0.6826428,4.375,198.50552493982025,198.33486423982023,0.002973240832507433,0.0,0.002973240832507433,0.002973240832507433,0.10406342913776016,36,3.4251734390485633,3,1.2384169620826768,1.6678728435509498,0.949776531501291,168.53
main,v040,LOLO-nes-f1,secondary,LOLO,nested,1,A,IPPO|wcnc2027_ablation/ippo_seed1,IPPO,1,R,wcnc2027_ablation 2026-09-14,2,-285.2059472554327,285.2059472554327,0.0,0.0,0.0,207.0872598572126,207.0872598572126,0.0,0.0,0.0,0.0,0.0,0,0.0,0,0.0,0.0,0.0,168.53
main,v040,LOLO-nes-f1,secondary,LOLO,nested,1,A,IPPO|wcnc2027_ablation/ippo_seed1,IPPO,1,R,wcnc2027_ablation 2026-09-14,3,-164.8433877217286,137.8433877217286,27.0,0.0,0.0,207.34821457438574,207.34821457438574,0.0009910802775024777,0.0009910802775024777,0.0,0.0009910802775024777,0.0,0,0.0,1,4.847787108941211,4.847787108941211,1.0,168.53
main,v040,LOLO-nes-f1,secondary,LOLO,nested,1,A,IPPO|wcnc2027_ablation/ippo_seed1,IPPO,1,R,wcnc2027_ablation 2026-09-14,4,-783.4913051432866,656.0385096730543,125.95977567023239,0.4930198,1.0,194.30547911108516,194.18222416108517,0.004955401387512388,0.0,0.004955401387512388,0.004955401387512388,0.14271555996035679,26,2.4737363726461843,5,1.340455543932119,1.6678728435509498,0.9397318378015493,168.53
main,v040,LOLO-nes-f1,secondary,LOLO,nested,1,A,IPPO|wcnc2027_ablation/ippo_seed1,IPPO,1,R,wcnc2027_ablation 2026-09-14,5,-473.8296592050614,400.27148673482895,72.37977567023239,0.30339679999999997,0.875,204.79168438415337,204.71583518415338,0.002973240832507433,0.0,0.002973240832507433,0.002973240832507433,0.05252725470763132,16,1.522299306243806,3,1.1268440108528985,1.6678728435509498,0.9042197296692489,168.53
main,v040,LOLO-nes-f1,secondary,LOLO,nested,1,A,IPPO|wcnc2027_ablation/ippo_seed1,IPPO,1,R,wcnc2027_ablation 2026-09-14,6,-830.1019262402791,724.2319601700467,98.95977567023239,0.9101904000000001,6.0,197.59493960518947,197.36739200518946,0.004955401387512388,0.0,0.004955401387512388,0.003964321110009911,0.15758176412289396,48,4.566897918731417,5,51.8330913000046,255.74885914140773,0.7497449030128522,168.53
main,v040,LOLO-nes-f1,secondary,LOLO,nested,1,A,IPPO|wcnc2027_ablation/ippo_seed1,IPPO,1,R,wcnc2027_ablation 2026-09-14,7,-695.9643754457605,637.6075818457606,54.0,0.6067936,3.75,199.85245494424794,199.70075654424795,0.0019821605550049554,0.0,0.0019821605550049554,0.0019821605550049554,0.11298315163528246,32,3.044598612487612,2,1.6678728435509498,1.6678728435509498,1.0,168.53
main,v040,LOLO-nes-f1,secondary,LOLO,nested,1,A,IPPO|wcnc2027_ablation/ippo_seed1,IPPO,1,R,wcnc2027_ablation 2026-09-14,8,-401.76841414961723,401.76841414961723,0.0,0.0,0.0,206.97916628947758,206.97916628947758,0.0,0.0,0.0,0.0,0.0,0,0.0,0,0.0,0.0,0.0,168.53
main,v040,LOLO-nes-f1,secondary,LOLO,nested,1,A,IPPO|wcnc2027_ablation/ippo_seed1,IPPO,1,R,wcnc2027_ablation 2026-09-14,9,-1120.740872675391,81.11177944137759,1038.6782440340135,0.0758492,0.875,209.34827751449563,209.32931521449564,0.04558969276511397,0.04558969276511397,0.004955401387512388,0.04558969276511397,0.002973240832507433,4,0.3805748265609515,46,11936.113174597285,110236.04404561648,0.8526653942275458,168.53
main,v040,LOLO-nes-f1,secondary,LOLO,nested,1,A,IPPO|wcnc2027_ablation/ippo_seed7,IPPO,7,R,wcnc2027_ablation 2026-09-14,all,-6456.576730864732,4873.838038184906,1547.4574588798268,3.9062338000000003,31.375,2015.3926918676373,2014.4161334176374,0.006640237859266601,0.0046580773042616454,0.0019821605550049554,0.006541129831516353,0.07839444995044599,205,1.9504459861248762,67,1.8285213665519804,4.847787108941211,0.8691340391350857,169.2
main,v040,LOLO-nes-f1,secondary,LOLO,nested,1,A,IPPO|wcnc2027_ablation/ippo_seed7,IPPO,7,R,wcnc2027_ablation 2026-09-14,0,-1028.1441660359712,948.7316354008549,76.47988783511619,0.6826428,2.25,189.94144379606098,189.770783096061,0.002973240832507433,0.0,0.002973240832507433,0.002973240832507433,0.2487611496531219,35,3.3300297324083252,3,1.3950250938685909,1.6678728435509498,0.949776531501291,169.2
main,v040,LOLO-nes-f1,secondary,LOLO,nested,1,A,IPPO|wcnc2027_ablation/ippo_seed7,IPPO,7,R,wcnc2027_ablation 2026-09-14,1,-637.8662946545464,546.2374426194302,76.47988783511619,1.0239642,14.125,197.9936622027845,197.73767115278451,0.002973240832507433,0.0,0.002973240832507433,0.002973240832507433,0.12289395441030723,54,5.137760158572845,3,1.2384169620826768,1.6678728435509498,0.949776531501291,169.2
main,v040,LOLO-nes-f1,secondary,LOLO,nested,1,A,IPPO|wcnc2027_ablation/ippo_seed7,IPPO,7,R,wcnc2027_ablation 2026-09-14,2,-285.2059472554327,285.2059472554327,0.0,0.0,0.0,207.0872598572126,207.0872598572126,0.0,0.0,0.0,0.0,0.0,0,0.0,0,0.0,0.0,0.0,169.2
main,v040,LOLO-nes-f1,secondary,LOLO,nested,1,A,IPPO|wcnc2027_ablation/ippo_seed7,IPPO,7,R,wcnc2027_ablation 2026-09-14,3,-164.8433877217286,137.8433877217286,27.0,0.0,0.0,207.34821457438574,207.34821457438574,0.0009910802775024777,0.0009910802775024777,0.0,0.0009910802775024777,0.0,0,0.0,1,4.847787108941211,4.847787108941211,1.0,169.2
main,v040,LOLO-nes-f1,secondary,LOLO,nested,1,A,IPPO|wcnc2027_ablation/ippo_seed7,IPPO,7,R,wcnc2027_ablation 2026-09-14,4,-755.9518290842872,655.4990336140547,98.95977567023239,0.4930198,1.0,194.2851696115007,194.1619146615007,0.003964321110009911,0.0,0.003964321110009911,0.003964321110009911,0.14469772051536176,26,2.4737363726461843,4,1.2586012190274114,1.6678728435509498,0.9246647972519366,169.2
main,v040,LOLO-nes-f1,secondary,LOLO,nested,1,A,IPPO|wcnc2027_ablation/ippo_seed7,IPPO,7,R,wcnc2027_ablation 2026-09-14,5,-466.193100240937,414.8156648058208,49.8998878351162,0.22754760000000002,1.25,205.6088115454919,205.55192464549188,0.0019821605550049554,0.0,0.0019821605550049554,0.0019821605550049554,0.02973240832507433,12,1.1417244796828543,2,1.2656012190274115,1.6678728435509498,0.9316647972519366,169.2
main,v040,LOLO-nes-f1,secondary,LOLO,nested,1,A,IPPO|wcnc2027_ablation/ippo_seed7,IPPO,7,R,wcnc2027_ablation 2026-09-14,6,-797.3803400757388,766.1040356406226,22.479887835116195,0.7964166,8.0,198.28296044911542,198.0838562991154,0.0019821605550049554,0.0,0.0019821605550049554,0.0009910802775024777,0.08721506442021804,42,3.9960356788899905,2,0.449697460280194,0.8493295945038731,0.449697460280194,169.2
main,v040,LOLO-nes-f1,secondary,LOLO,nested,1,A,IPPO|wcnc2027_ablation/ippo_seed7,IPPO,7,R,wcnc2027_ablation 2026-09-14,7,-799.5777094647557,636.6651788296394,157.4798878351162,0.6826428,4.75,200.41038914805443,200.23972844805445,0.005946481665014866,0.0,0.005946481665014866,0.005946481665014866,0.1506442021803766,36,3.4251734390485633,6,1.4999493072565626,1.6678728435509498,0.9748882657506455,169.2
main,v040,LOLO-nes-f1,secondary,LOLO,nested,1,A,IPPO|wcnc2027_ablation/ippo_seed7,IPPO,7,R,wcnc2027_ablation 2026-09-14,8,-401.76841414961723,401.76841414961723,0.0,0.0,0.0,206.97916628947758,206.97916628947758,0.0,0.0,0.0,0.0,0.0,0,0.0,0,0.0,0.0,0.0,169.2
main,v040,LOLO-nes-f1,secondary,LOLO,nested,1,A,IPPO|wcnc2027_ablation/ippo_seed7,IPPO,7,R,wcnc2027_ablation 2026-09-14,9,-1119.6455421817172,80.9672981477038,1038.6782440340135,0.0,0.0,207.45561439355367,207.45561439355367,0.04558969276511397,0.04558969276511397,0.0,0.04558969276511397,0.0,0,0.0,46,2.0064808739983353,4.847787108941211,0.8526653942275458,169.2
main,v040,LOLO-nes-f1,secondary,LOLO,nested,1,A,IPPO|wcnc2027_ablation/ippo_seed13,IPPO,13,R,wcnc2027_ablation 2026-09-14,all,-6319.819289559977,4847.627543150382,1448.0776832095944,3.4890632,20.625,2013.8294744108275,2012.9572086108274,0.00624380574826561,0.0046580773042616454,0.0015857284440039642,0.006144697720515362,0.07621407333994054,183,1.741129831516353,63,1.8674845182792426,4.847787108941211,0.8653860544927459,168.82
main,v040,LOLO-nes-f1,secondary,LOLO,nested,1,A,IPPO|wcnc2027_ablation/ippo_seed13,IPPO,13,R,wcnc2027_ablation 2026-09-14,0,-1082.5923265938704,949.5927205587541,130.4798878351162,0.6447182,1.875,190.33367670224604,190.17249715224605,0.004955401387512388,0.0,0.004955401387512388,0.004955401387512388,0.2537165510406343,33,3.1397423191278495,5,1.5041641937415346,1.6678728435509498,0.9698659189007746,168.82
main,v040,LOLO-nes-f1,secondary,LOLO,nested,1,A,IPPO|wcnc2027_ablation/ippo_seed13,IPPO,13,R,wcnc2027_ablation 2026-09-14,1,-630.0757824012951,550.3641009661789,76.47988783511619,0.6067936,2.625,198.34908801428733,198.19738961428735,0.002973240832507433,0.0,0.002973240832507433,0.002973240832507433,0.11793855302279485,32,3.044598612487612,3,1.2384169620826768,1.6678728435509498,0.949776531501291,168.82
main,v040,LOLO-nes-f1,secondary,LOLO,nested,1,A,IPPO|wcnc2027_ablation/ippo_seed13,IPPO,13,R,wcnc2027_ablation 2026-09-14,2,-285.2059472554327,285.2059472554327,0.0,0.0,0.0,207.0872598572126,207.0872598572126,0.0,0.0,0.0,0.0,0.0,0,0.0,0,0.0,0.0,0.0,168.82
main,v040,LOLO-nes-f1,secondary,LOLO,nested,1,A,IPPO|wcnc2027_ablation/ippo_seed13,IPPO,13,R,wcnc2027_ablation 2026-09-14,3,-164.8433877217286,137.8433877217286,27.0,0.0,0.0,207.34821457438574,207.34821457438574,0.0009910802775024777,0.0009910802775024777,0.0,0.0009910802775024777,0.0,0,0.0,1,4.847787108941211,4.847787108941211,1.0,168.82
main,v040,LOLO-nes-f1,secondary,LOLO,nested,1,A,IPPO|wcnc2027_ablation/ippo_seed13,IPPO,13,R,wcnc2027_ablation 2026-09-14,4,-753.3740160834576,649.8945222132253,98.95977567023239,0.6447182,3.875,193.95614718187193,193.79496763187194,0.003964321110009911,0.0,0.003964321110009911,0.003964321110009911,0.14073339940535184,34,3.2348860257680876,4,1.2586012190274114,1.6678728435509498,0.9246647972519366,168.82
main,v040,LOLO-nes-f1,secondary,LOLO,nested,1,A,IPPO|wcnc2027_ablation/ippo_seed13,IPPO,13,R,wcnc2027_ablation 2026-09-14,5,-417.035045893236,415.057498293236,0.0,0.2275476,1.75,205.29209210645948,205.23520520645945,0.0,0.0,0.0,0.0,0.023785926660059464,12,1.1417244796828543,0,0.0,0.0,0.0,168.82
main,v040,LOLO-nes-f1,secondary,LOLO,nested,1,A,IPPO|wcnc2027_ablation/ippo_seed13,IPPO,13,R,wcnc2027_ablation 2026-09-14,6,-772.82965312895,742.9662732938338,22.479887835116195,0.7584919999999999,6.625,197.45103505711973,197.2614120571197,0.0019821605550049554,0.0,0.0019821605550049554,0.0009910802775024777,0.1159563924677899,40,3.8057482656095147,2,0.449697460280194,0.8493295945038731,0.449697460280194,168.82
main,v040,LOLO-nes-f1,secondary,LOLO,nested,1,A,IPPO|wcnc2027_ablation/ippo_seed13,IPPO,13,R,wcnc2027_ablation 2026-09-14,7,-696.0268141471026,637.9579451471027,54.0,0.5688690000000001,3.5,199.81733585850185,199.67511860850186,0.0019821605550049554,0.0,0.0019821605550049554,0.0019821605550049554,0.10802775024777007,30,2.8543111992071357,2,1.6678728435509498,1.6678728435509498,1.0,168.82
main,v040,LOLO-nes-f1,secondary,LOLO,nested,1,A,IPPO|wcnc2027_ablation/ippo_seed13,IPPO,13,R,wcnc2027_ablation 2026-09-14,8,-398.1907741531866,397.7778495531866,0.0,0.0379246,0.375,206.73901066518926,206.72952951518926,0.0,0.0,0.0,0.0,0.0019821605550049554,2,0.19028741328047574,0,0.0,0.0,0.0,168.82
main,v040,LOLO-nes-f1,secondary,LOLO,nested,1,A,IPPO|wcnc2027_ablation/ippo_seed13,IPPO,13,R,wcnc2027_ablation 2026-09-14,9,-1119.6455421817172,80.9672981477038,1038.6782440340135,0.0,0.0,207.45561439355367,207.45561439355367,0.04558969276511397,0.04558969276511397,0.0,0.04558969276511397,0.0,0,0.0,46,2.0064808739983353,4.847787108941211,0.8526653942275458,168.82
main,v040,LOLO-nes-f1,secondary,LOLO,nested,1,A,IPPO|wcnc2027_ablation/ippo_seed23,IPPO,23,R,wcnc2027_ablation 2026-09-14,all,-6578.454157991448,4839.579633076504,1704.937346714943,4.4371782,29.5,2013.271768442422,2012.162473892422,0.007234886025768088,0.0046580773042616454,0.002576808721506442,0.00713577799801784,0.08909811694747274,233,2.216848364717542,73,8.789189046985868,257.4980616044213,0.8778261673500631,169.09
main,v040,LOLO-nes-f1,secondary,LOLO,nested,1,A,IPPO|wcnc2027_ablation/ippo_seed23,IPPO,23,R,wcnc2027_ablation 2026-09-14,0,-1030.3707409225503,939.5367936874343,76.47988783511619,1.4790594000000001,12.875,189.39405031831126,189.02428546831123,0.002973240832507433,0.0,0.002973240832507433,0.002973240832507433,0.29137760158572845,77,7.326065411298315,3,1.3950250938685909,1.6678728435509498,0.949776531501291,169.09
main,v040,LOLO-nes-f1,secondary,LOLO,nested,1,A,IPPO|wcnc2027_ablation/ippo_seed23,IPPO,23,R,wcnc2027_ablation 2026-09-14,1,-628.2303963202382,549.1816394851221,76.47988783511619,0.5688690000000001,2.0,198.27855712471484,198.13633987471485,0.002973240832507433,0.0,0.002973240832507433,0.002973240832507433,0.11793855302279485,30,2.8543111992071357,3,1.2384169620826768,1.6678728435509498,0.949776531501291,169.09
main,v040,LOLO-nes-f1,secondary,LOLO,nested,1,A,IPPO|wcnc2027_ablation/ippo_seed23,IPPO,23,R,wcnc2027_ablation 2026-09-14,2,-285.2059472554327,285.2059472554327,0.0,0.0,0.0,207.0872598572126,207.0872598572126,0.0,0.0,0.0,0.0,0.0,0,0.0,0,0.0,0.0,0.0,169.09
main,v040,LOLO-nes-f1,secondary,LOLO,nested,1,A,IPPO|wcnc2027_ablation/ippo_seed23,IPPO,23,R,wcnc2027_ablation 2026-09-14,3,-164.8433877217286,137.8433877217286,27.0,0.0,0.0,207.34821457438574,207.34821457438574,0.0009910802775024777,0.0009910802775024777,0.0,0.0009910802775024777,0.0,0,0.0,1,4.847787108941211,4.847787108941211,1.0,169.09
main,v040,LOLO-nes-f1,secondary,LOLO,nested,1,A,IPPO|wcnc2027_ablation/ippo_seed23,IPPO,23,R,wcnc2027_ablation 2026-09-14,4,-812.1384708580557,657.5606753878234,152.95977567023237,0.4930198,1.125,194.62932380569328,194.5060688556933,0.005946481665014866,0.0,0.005946481665014866,0.005946481665014866,0.14568880079286423,26,2.4737363726461843,6,1.3950250938685909,1.6678728435509498,0.949776531501291,169.09
main,v040,LOLO-nes-f1,secondary,LOLO,nested,1,A,IPPO|wcnc2027_ablation/ippo_seed23,IPPO,23,R,wcnc2027_ablation 2026-09-14,5,-452.23241249538023,406.28801382514786,45.37977567023239,0.18962299999999999,0.375,204.77545138628344,204.7280456362834,0.0019821605550049554,0.0,0.0019821605550049554,0.0019821605550049554,0.036669970267591674,10,0.9514370664023787,2,0.8563295945038731,0.8633295945038733,0.8563295945038731,169.09
main,v040,LOLO-nes-f1,secondary,LOLO,nested,1,A,IPPO|wcnc2027_ablation/ippo_seed23,IPPO,23,R,wcnc2027_ablation 2026-09-14,6,-884.4721094805795,751.2271434103471,125.95977567023237,0.9101904000000001,6.375,197.55921210636535,197.33166450636534,0.005946481665014866,0.0,0.005946481665014866,0.004955401387512388,0.14767096134786917,48,4.566897918731417,6,86.11058635074069,257.4980616044213,0.7914540858440434,169.09
main,v040,LOLO-nes-f1,secondary,LOLO,nested,1,A,IPPO|wcnc2027_ablation/ippo_seed23,IPPO,23,R,wcnc2027_ablation 2026-09-14,7,-803.2273543653693,634.6317869653692,162.0,0.7205674,5.875,200.0535709910153,199.8734291410153,0.005946481665014866,0.0,0.005946481665014866,0.005946481665014866,0.14866204162537167,38,3.615460852329039,6,1.6363731820977419,1.6678728435509498,1.0,169.09
main,v040,LOLO-nes-f1,secondary,LOLO,nested,1,A,IPPO|wcnc2027_ablation/ippo_seed23,IPPO,23,R,wcnc2027_ablation 2026-09-14,8,-398.0877963903953,397.1369471903953,0.0,0.0758492,0.875,206.69051388488674,206.67155158488674,0.0,0.0,0.0,0.0,0.002973240832507433,4,0.3805748265609515,0,0.0,0.0,0.0,169.09
main,v040,LOLO-nes-f1,secondary,LOLO,nested,1,A,IPPO|wcnc2027_ablation/ippo_seed23,IPPO,23,R,wcnc2027_ablation 2026-09-14,9,-1119.6455421817172,80.9672981477038,1038.6782440340135,0.0,0.0,207.45561439355367,207.45561439355367,0.04558969276511397,0.04558969276511397,0.0,0.04558969276511397,0.0,0,0.0,46,2.0064808739983353,4.847787108941211,0.8526653942275458,169.09
main,v040,LOLO-nes-f1,secondary,LOLO,nested,1,A,IPPO|wcnc2027_ablation/ippo_seed42,IPPO,42,R,wcnc2027_ablation 2026-09-14,all,-6374.191151488405,4801.711738738346,1538.4172345500592,4.4371782,29.625,2011.4857115462924,2010.3764169962924,0.006739345887016849,0.0046580773042616454,0.0020812685827552033,0.006541129831516353,0.08453914767096135,232,2.2073339940535184,68,5.54328083994904,257.4980616044213,0.8526574284869852,168.86
main,v040,LOLO-nes-f1,secondary,LOLO,nested,1,A,IPPO|wcnc2027_ablation/ippo_seed42,IPPO,42,R,wcnc2027_ablation 2026-09-14,0,-1002.5103937196379,943.5556924845216,49.479887835116195,1.0998134,8.375,189.2033649396392,188.9284115896392,0.0019821605550049554,0.0,0.0019821605550049554,0.0019821605550049554,0.2566897918731417,57,5.423191278493558,2,1.2586012190274114,1.6678728435509498,0.9246647972519366,168.86
main,v040,LOLO-nes-f1,secondary,LOLO,nested,1,A,IPPO|wcnc2027_ablation/ippo_seed42,IPPO,42,R,wcnc2027_ablation 2026-09-14,1,-630.7444843185892,549.294029083473,76.47988783511619,0.7205674,4.25,198.16164572882704,197.98150387882703,0.002973240832507433,0.0,0.002973240832507433,0.002973240832507433,0.1199207135777998,38,3.615460852329039,3,1.2384169620826768,1.6678728435509498,0.949776531501291,168.86
main,v040,LOLO-nes-f1,secondary,LOLO,nested,1,A,IPPO|wcnc2027_ablation/ippo_seed42,IPPO,42,R,wcnc2027_ablation 2026-09-14,2,-285.2059472554327,285.2059472554327,0.0,0.0,0.0,207.0872598572126,207.0872598572126,0.0,0.0,0.0,0.0,0.0,0,0.0,0,0.0,0.0,0.0,168.86
main,v040,LOLO-nes-f1,secondary,LOLO,nested,1,A,IPPO|wcnc2027_ablation/ippo_seed42,IPPO,42,R,wcnc2027_ablation 2026-09-14,3,-164.8433877217286,137.8433877217286,27.0,0.0,0.0,207.34821457438574,207.34821457438574,0.0009910802775024777,0.0009910802775024777,0.0,0.0009910802775024777,0.0,0,0.0,1,4.847787108941211,4.847787108941211,1.0,168.86
main,v040,LOLO-nes-f1,secondary,LOLO,nested,1,A,IPPO|wcnc2027_ablation/ippo_seed42,IPPO,42,R,wcnc2027_ablation 2026-09-14,4,-754.2494693968695,654.2095985266371,98.95977567023239,0.45509520000000003,0.625,194.29709673687182,194.18332293687183,0.003964321110009911,0.0,0.003964321110009911,0.003964321110009911,0.14370664023785926,24,2.2834489593657086,4,1.2586012190274114,1.6678728435509498,0.9246647972519366,168.86
main,v040,LOLO-nes-f1,secondary,LOLO,nested,1,A,IPPO|wcnc2027_ablation/ippo_seed42,IPPO,42,R,wcnc2027_ablation 2026-09-14,5,-472.3568443844189,398.67367191418646,72.37977567023239,0.30339679999999997,1.0,204.36438033051627,204.28853113051628,0.002973240832507433,0.0,0.002973240832507433,0.002973240832507433,0.05252725470763132,16,1.522299306243806,3,1.1268440108528985,1.6678728435509498,0.9042197296692489,168.86
main,v040,LOLO-nes-f1,secondary,LOLO,nested,1,A,IPPO|wcnc2027_ablation/ippo_seed42,IPPO,42,R,wcnc2027_ablation 2026-09-14,6,-834.0503163445298,724.0286518742973,98.95977567023237,1.0618888000000002,10.0,197.1799355878548,196.91446338785477,0.004955401387512388,0.0,0.004955401387512388,0.003964321110009911,0.1377601585728444,55,5.232903865213083,5,52.18293179260731,257.4980616044213,0.7497449030128522,168.86
main,v040,LOLO-nes-f1,secondary,LOLO,nested,1,A,IPPO|wcnc2027_ablation/ippo_seed42,IPPO,42,R,wcnc2027_ablation 2026-09-14,7,-693.7674618751585,635.9865174751585,54.0,0.5309444,3.25,199.5652559631419,199.43251986314192,0.0019821605550049554,0.0,0.0019821605550049554,0.0019821605550049554,0.11496531219028741,28,2.66402378592666,2,1.6678728435509498,1.6678728435509498,1.0,168.86
main,v040,LOLO-nes-f1,secondary,LOLO,nested,1,A,IPPO|wcnc2027_ablation/ippo_seed42,IPPO,42,R,wcnc2027_ablation 2026-09-14,8,-416.8173042903228,391.9469442552066,22.479887835116195,0.26547220000000005,2.125,206.8229434342894,206.75657538428942,0.0019821605550049554,0.0,0.0019821605550049554,0.0009910802775024777,0.019821605550049554,14,1.33201189296333,2,0.449697460280194,0.8493295945038731,0.449697460280194,168.86
main,v040,LOLO-nes-f1,secondary,LOLO,nested,1,A,IPPO|wcnc2027_ablation/ippo_seed42,IPPO,42,R,wcnc2027_ablation 2026-09-14,9,-1119.6455421817172,80.9672981477038,1038.6782440340135,0.0,0.0,207.45561439355367,207.45561439355367,0.04558969276511397,0.04558969276511397,0.0,0.04558969276511397,0.0,0,0.0,46,2.0064808739983353,4.847787108941211,0.8526653942275458,168.86
main,v040,LOLO-nes-f1,secondary,LOLO,nested,1,A,IPPO|wcnc2027_ablation/ippo_seed64,IPPO,64,R,wcnc2027_ablation 2026-09-14,all,-6310.619474641684,4891.427728232091,1394.0776832095944,3.4890632000000004,21.625,2015.536713778071,2014.6644479780712,0.006045589692765114,0.0046580773042616454,0.0013875123885034688,0.005946481665014866,0.06868186323092171,183,1.741129831516353,61,1.8740291633523012,4.847787108941211,0.8609724825089015,169.05
main,v040,LOLO-nes-f1,secondary,LOLO,nested,1,A,IPPO|wcnc2027_ablation/ippo_seed64,IPPO,64,R,wcnc2027_ablation 2026-09-14,0,-1001.4534521627792,946.927147727663,49.479887835116195,0.7964166,4.25,189.4826842230184,189.2835800730184,0.0019821605550049554,0.0,0.0019821605550049554,0.0019821605550049554,0.23785926660059464,41,3.9008919722497524,2,1.2586012190274114,1.6678728435509498,0.9246647972519366,169.05
main,v040,LOLO-nes-f1,secondary,LOLO,nested,1,A,IPPO|wcnc2027_ablation/ippo_seed64,IPPO,64,R,wcnc2027_ablation 2026-09-14,1,-636.368801488346,556.2821200532296,76.47988783511619,0.6067936,3.0,198.8723466205258,198.72064822052582,0.002973240832507433,0.0,0.002973240832507433,0.002973240832507433,0.10604558969276512,32,3.044598612487612,3,1.2384169620826768,1.6678728435509498,0.949776531501291,169.05
main,v040,LOLO-nes-f1,secondary,LOLO,nested,1,A,IPPO|wcnc2027_ablation/ippo_seed64,IPPO,64,R,wcnc2027_ablation 2026-09-14,2,-285.2059472554327,285.2059472554327,0.0,0.0,0.0,207.0872598572126,207.0872598572126,0.0,0.0,0.0,0.0,0.0,0,0.0,0,0.0,0.0,0.0,169.05
main,v040,LOLO-nes-f1,secondary,LOLO,nested,1,A,IPPO|wcnc2027_ablation/ippo_seed64,IPPO,64,R,wcnc2027_ablation 2026-09-14,3,-164.8433877217286,137.8433877217286,27.0,0.0,0.0,207.34821457438574,207.34821457438574,0.0009910802775024777,0.0009910802775024777,0.0,0.0009910802775024777,0.0,0,0.0,1,4.847787108941211,4.847787108941211,1.0,169.05
main,v040,LOLO-nes-f1,secondary,LOLO,nested,1,A,IPPO|wcnc2027_ablation/ippo_seed64,IPPO,64,R,wcnc2027_ablation 2026-09-14,4,-784.0176268714969,654.9889822012645,125.95977567023239,0.5688690000000001,2.5,194.3005000994726,194.1582828494726,0.004955401387512388,0.0,0.004955401387512388,0.004955401387512388,0.1377601585728444,30,2.8543111992071357,5,1.340455543932119,1.6678728435509498,0.9397318378015493,169.05
main,v040,LOLO-nes-f1,secondary,LOLO,nested,1,A,IPPO|wcnc2027_ablation/ippo_seed64,IPPO,64,R,wcnc2027_ablation 2026-09-14,5,-430.22192411753196,430.18399951753196,0.0,0.0379246,0.0,206.40221032728482,206.39272917728482,0.0,0.0,0.0,0.0,0.005946481665014866,2,0.19028741328047574,0,0.0,0.0,0.0,169.05
main,v040,LOLO-nes-f1,secondary,LOLO,nested,1,A,IPPO|wcnc2027_ablation/ippo_seed64,IPPO,64,R,wcnc2027_ablation 2026-09-14,6,-793.9641758647672,763.687871429651,22.479887835116195,0.7964166,7.0,198.12045313996364,197.92134898996366,0.0019821605550049554,0.0,0.0019821605550049554,0.0009910802775024777,0.09415262636273539,42,3.9960356788899905,2,0.449697460280194,0.8493295945038731,0.449697460280194,169.05
main,v040,LOLO-nes-f1,secondary,LOLO,nested,1,A,IPPO|wcnc2027_ablation/ippo_seed64,IPPO,64,R,wcnc2027_ablation 2026-09-14,7,-699.0736768539916,641.2927324539917,54.0,0.5309444,3.25,200.02317092235592,199.89043482235593,0.0019821605550049554,0.0,0.0019821605550049554,0.0019821605550049554,0.0981169474727453,28,2.66402378592666,2,1.6678728435509498,1.6678728435509498,1.0,169.05
main,v040,LOLO-nes-f1,secondary,LOLO,nested,1,A,IPPO|wcnc2027_ablation/ippo_seed64,IPPO,64,R,wcnc2027_ablation 2026-09-14,8,-395.82494012389304,394.048241723893,0.0,0.1516984,1.625,206.444259620298,206.406335020298,0.0,0.0,0.0,0.0,0.006937561942517344,8,0.761149653121903,0,0.0,0.0,0.0,169.05
main,v040,LOLO-nes-f1,secondary,LOLO,nested,1,A,IPPO|wcnc2027_ablation/ippo_seed64,IPPO,64,R,wcnc2027_ablation 2026-09-14,9,-1119.6455421817172,80.9672981477038,1038.6782440340135,0.0,0.0,207.45561439355367,207.45561439355367,0.04558969276511397,0.04558969276511397,0.0,0.04558969276511397,0.0,0,0.0,46,2.0064808739983353,4.847787108941211,0.8526653942275458,169.05
main,v040,LOLO-nes-f1,secondary,LOLO,nested,1,A,IPPO|wcnc2027_ablation/ippo_seed77,IPPO,77,R,wcnc2027_ablation 2026-09-14,all,-6473.3417196824175,4816.81510240259,1628.4574588798268,3.9441584,24.125,2014.2419236555183,2013.255884055518,0.006937561942517344,0.0046580773042616454,0.002576808721506442,0.006838453914767096,0.08424182358771061,207,1.9694747274529236,70,4702.056301705778,110236.04404561648,0.8747425803150106,168.89
main,v040,LOLO-nes-f1,secondary,LOLO,nested,1,A,IPPO|wcnc2027_ablation/ippo_seed77,IPPO,77,R,wcnc2027_ablation 2026-09-14,0,-1024.8196159054175,945.2820852703015,76.47988783511619,0.6826428,2.375,189.75049369291654,189.57983299291652,0.002973240832507433,0.0,0.002973240832507433,0.002973240832507433,0.25074331020812685,35,3.3300297324083252,3,1.3950250938685909,1.6678728435509498,0.949776531501291,168.89
main,v040,LOLO-nes-f1,secondary,LOLO,nested,1,A,IPPO|wcnc2027_ablation/ippo_seed77,IPPO,77,R,wcnc2027_ablation 2026-09-14,1,-629.5587565338066,550.2220750986903,76.47988783511619,0.6067936,2.25,198.41132276705008,198.2596243670501,0.002973240832507433,0.0,0.002973240832507433,0.002973240832507433,0.12289395441030723,32,3.044598612487612,3,1.2384169620826768,1.6678728435509498,0.949776531501291,168.89
main,v040,LOLO-nes-f1,secondary,LOLO,nested,1,A,IPPO|wcnc2027_ablation/ippo_seed77,IPPO,77,R,wcnc2027_ablation 2026-09-14,2,-285.2059472554327,285.2059472554327,0.0,0.0,0.0,207.0872598572126,207.0872598572126,0.0,0.0,0.0,0.0,0.0,0,0.0,0,0.0,0.0,0.0,168.89
main,v040,LOLO-nes-f1,secondary,LOLO,nested,1,A,IPPO|wcnc2027_ablation/ippo_seed77,IPPO,77,R,wcnc2027_ablation 2026-09-14,3,-164.8433877217286,137.8433877217286,27.0,0.0,0.0,207.34821457438574,207.34821457438574,0.0009910802775024777,0.0009910802775024777,0.0,0.0009910802775024777,0.0,0,0.0,1,4.847787108941211,4.847787108941211,1.0,168.89
main,v040,LOLO-nes-f1,secondary,LOLO,nested,1,A,IPPO|wcnc2027_ablation/ippo_seed77,IPPO,77,R,wcnc2027_ablation 2026-09-14,4,-809.773101039339,654.5323809691066,152.95977567023237,0.5309444,1.75,194.43111517385603,194.29837907385604,0.005946481665014866,0.0,0.005946481665014866,0.005946481665014866,0.14866204162537167,28,2.66402378592666,6,1.3950250938685909,1.6678728435509498,0.949776531501291,168.89
main,v040,LOLO-nes-f1,secondary,LOLO,nested,1,A,IPPO|wcnc2027_ablation/ippo_seed77,IPPO,77,R,wcnc2027_ablation 2026-09-14,5,-451.647654511588,400.1943698764718,49.8998878351162,0.3033968,1.25,204.4605461374406,204.3846969374406,0.0019821605550049554,0.0,0.0019821605550049554,0.0019821605550049554,0.04658077304261645,16,1.522299306243806,2,1.2656012190274115,1.6678728435509498,0.9316647972519366,168.89
main,v040,LOLO-nes-f1,secondary,LOLO,nested,1,A,IPPO|wcnc2027_ablation/ippo_seed77,IPPO,77,R,wcnc2027_ablation 2026-09-14,6,-859.9181704952975,726.2982044250653,125.95977567023237,0.9101904000000001,6.75,197.3097414969366,197.0821938969366,0.005946481665014866,0.0,0.005946481665014866,0.004955401387512388,0.1466798810703667,48,4.566897918731417,6,86.11058635074069,257.4980616044213,0.7914540858440434,168.89
main,v040,LOLO-nes-f1,secondary,LOLO,nested,1,A,IPPO|wcnc2027_ablation/ippo_seed77,IPPO,77,R,wcnc2027_ablation 2026-09-14,7,-725.6543688975453,634.4071030975454,81.0,0.8722658000000001,9.375,199.76091076043508,199.5428443104351,0.002973240832507433,0.0,0.002973240832507433,0.002973240832507433,0.12487611496531219,46,4.376610505450942,3,1.6048735206445344,1.6678728435509498,1.0,168.89
main,v040,LOLO-nes-f1,secondary,LOLO,nested,1,A,IPPO|wcnc2027_ablation/ippo_seed77,IPPO,77,R,wcnc2027_ablation 2026-09-14,8,-401.76841414961723,401.76841414961723,0.0,0.0,0.0,206.97916628947758,206.97916628947758,0.0,0.0,0.0,0.0,0.0,0,0.0,0,0.0,0.0,0.0,168.89
main,v040,LOLO-nes-f1,secondary,LOLO,nested,1,A,IPPO|wcnc2027_ablation/ippo_seed77,IPPO,77,R,wcnc2027_ablation 2026-09-14,9,-1120.1523031726442,81.06113453863094,1038.6782440340135,0.0379246,0.375,208.70315290580754,208.69367175580754,0.04558969276511397,0.04558969276511397,0.002973240832507433,0.04558969276511397,0.0019821605550049554,2,0.19028741328047574,46,7143.45246770565,110236.04404561648,0.8526653942275458,168.89
main,v040,LOLO-nes-f1,secondary,LOLO,nested,1,A,IPPO|wcnc2027_ablation/ippo_seed99,IPPO,99,R,wcnc2027_ablation 2026-09-14,all,-26142.46538419982,5106.191658889119,21009.0977733107,4.550952,22.625,2462.6339089121966,2461.4961709121962,0.07948463825569871,0.06273538156590684,0.07482656095143707,0.07888999008919723,0.1554013875123885,239,2.273934588701685,802,1838.33565956769,11051.719208935097,0.9728225075644584,169.03
main,v040,LOLO-nes-f1,secondary,LOLO,nested,1,A,IPPO|wcnc2027_ablation/ippo_seed99,IPPO,99,R,wcnc2027_ablation 2026-09-14,0,-1054.4533881368782,943.9874607017618,103.47988783511619,0.9860396,6.0,189.94966209925389,189.7031521992539,0.003964321110009911,0.0,0.003964321110009911,0.003964321110009911,0.26957383548067393,51,4.852329038652131,4,1.4632370312891807,1.6678728435509498,0.9623323986259683,169.03
main,v040,LOLO-nes-f1,secondary,LOLO,nested,1,A,IPPO|wcnc2027_ablation/ippo_seed99,IPPO,99,R,wcnc2027_ablation 2026-09-14,1,-632.4958240919323,552.7841426568161,76.47988783511619,0.6067936,2.625,198.6636843782303,198.5119859782303,0.002973240832507433,0.0,0.002973240832507433,0.002973240832507433,0.1159563924677899,32,3.044598612487612,3,1.2384169620826768,1.6678728435509498,0.949776531501291,169.03
main,v040,LOLO-nes-f1,secondary,LOLO,nested,1,A,IPPO|wcnc2027_ablation/ippo_seed99,IPPO,99,R,wcnc2027_ablation 2026-09-14,2,-285.2059472554327,285.2059472554327,0.0,0.0,0.0,207.0872598572126,207.0872598572126,0.0,0.0,0.0,0.0,0.0,0,0.0,0,0.0,0.0,0.0,169.03
main,v040,LOLO-nes-f1,secondary,LOLO,nested,1,A,IPPO|wcnc2027_ablation/ippo_seed99,IPPO,99,R,wcnc2027_ablation 2026-09-14,3,-19888.403190893845,426.11815826297413,19461.64031443087,0.6447182,0.0,656.8937384106966,656.7325588606966,0.7284440039643211,0.5817641228939544,0.7274529236868187,0.7234886025768087,0.7324083250743311,34,3.2348860257680876,735,2005.0554663713829,11051.719208935097,0.98227438155734,169.03
main,v040,LOLO-nes-f1,secondary,LOLO,nested,1,A,IPPO|wcnc2027_ablation/ippo_seed99,IPPO,99,R,wcnc2027_ablation 2026-09-14,4,-780.8840778730928,651.6054332028602,125.95977567023239,0.5688690000000001,2.75,194.21916251926717,194.07694526926716,0.004955401387512388,0.0,0.004955401387512388,0.004955401387512388,0.1466798810703667,30,2.8543111992071357,5,1.340455543932119,1.6678728435509498,0.9397318378015493,169.03
main,v040,LOLO-nes-f1,secondary,LOLO,nested,1,A,IPPO|wcnc2027_ablation/ippo_seed99,IPPO,99,R,wcnc2027_ablation 2026-09-14,5,-423.37441279536597,399.87197736024973,22.8998878351162,0.22754760000000002,0.375,204.24856432961116,204.19167742961113,0.0009910802775024777,0.0,0.0009910802775024777,0.0009910802775024777,0.04261645193260654,12,1.1417244796828543,1,0.8633295945038733,0.8633295945038733,0.8633295945038733,169.03
main,v040,LOLO-nes-f1,secondary,LOLO,nested,1,A,IPPO|wcnc2027_ablation/ippo_seed99,IPPO,99,R,wcnc2027_ablation 2026-09-14,6,-859.7042300161562,726.4971885459238,125.95977567023237,0.8722658000000001,6.375,197.3289760078921,197.1109095578921,0.005946481665014866,0.0,0.005946481665014866,0.004955401387512388,0.14469772051536176,46,4.376610505450942,6,86.11058635074069,257.4980616044213,0.7914540858440434,169.03
main,v040,LOLO-nes-f1,secondary,LOLO,nested,1,A,IPPO|wcnc2027_ablation/ippo_seed99,IPPO,99,R,wcnc2027_ablation 2026-09-14,7,-700.314898125062,641.4581045250618,54.0,0.6067936,4.25,200.05905191930202,199.907353519302,0.0019821605550049554,0.0,0.0019821605550049554,0.0019821605550049554,0.09910802775024777,32,3.044598612487612,2,1.6678728435509498,1.6678728435509498,1.0,169.03
main,v040,LOLO-nes-f1,secondary,LOLO,nested,1,A,IPPO|wcnc2027_ablation/ippo_seed99,IPPO,99,R,wcnc2027_ablation 2026-09-14,8,-397.9838728303348,397.6959482303348,0.0,0.0379246,0.25,206.72819499717704,206.71871384717704,0.0,0.0,0.0,0.0,0.002973240832507433,2,0.19028741328047574,0,0.0,0.0,0.0,169.03
main,v040,LOLO-nes-f1,secondary,LOLO,nested,1,A,IPPO|wcnc2027_ablation/ippo_seed99,IPPO,99,R,wcnc2027_ablation 2026-09-14,9,-1119.6455421817172,80.9672981477038,1038.6782440340135,0.0,0.0,207.45561439355367,207.45561439355367,0.04558969276511397,0.04558969276511397,0.0,0.04558969276511397,0.0,0,0.0,46,2.0064808739983353,4.847787108941211,0.8526653942275458,169.03
main,v040,LOLO-nes-f1,secondary,LOLO,nested,1,A,IPPO|ppo_single_site_ensemble_seed1_20260517T110907,IPPO,1,P,"May 2026, pre-781c90c reward",all,-6291.770246757245,4830.172026277418,1439.4574588798268,3.6407616000000003,18.5,2013.6967011963031,2012.7865107963032,0.00624380574826561,0.0046580773042616454,0.0015857284440039642,0.006144697720515362,0.07631318136769079,191,1.8172447968285435,63,5.874752769069125,255.74885914140773,0.8608250892389007,169.14
main,v040,LOLO-nes-f1,secondary,LOLO,nested,1,A,IPPO|ppo_single_site_ensemble_seed1_20260517T110907,IPPO,1,P,"May 2026, pre-781c90c reward",0,-1030.220580612381,951.3080499772647,76.47988783511619,0.6826428,1.75,190.30958877813083,190.13892807813085,0.002973240832507433,0.0,0.002973240832507433,0.002973240832507433,0.244796828543112,35,3.3300297324083252,3,1.3950250938685909,1.6678728435509498,0.949776531501291,169.14
main,v040,LOLO-nes-f1,secondary,LOLO,nested,1,A,IPPO|ppo_single_site_ensemble_seed1_20260517T110907,IPPO,1,P,"May 2026, pre-781c90c reward",1,-635.6631166087831,555.9514351736668,76.47988783511619,0.6067936,2.625,198.8252004860583,198.67350208605825,0.002973240832507433,0.0,0.002973240832507433,0.002973240832507433,0.10307234886025768,32,3.044598612487612,3,1.2384169620826768,1.6678728435509498,0.949776531501291,169.14
main,v040,LOLO-nes-f1,secondary,LOLO,nested,1,A,IPPO|ppo_single_site_ensemble_seed1_20260517T110907,IPPO,1,P,"May 2026, pre-781c90c reward",2,-285.2059472554327,285.2059472554327,0.0,0.0,0.0,207.0872598572126,207.0872598572126,0.0,0.0,0.0,0.0,0.0,0,0.0,0,0.0,0.0,0.0,169.14
main,v040,LOLO-nes-f1,secondary,LOLO,nested,1,A,IPPO|ppo_single_site_ensemble_seed1_20260517T110907,IPPO,1,P,"May 2026, pre-781c90c reward",3,-164.8433877217286,137.8433877217286,27.0,0.0,0.0,207.34821457438574,207.34821457438574,0.0009910802775024777,0.0009910802775024777,0.0,0.0009910802775024777,0.0,0,0.0,1,4.847787108941211,4.847787108941211,1.0,169.14
main,v040,LOLO-nes-f1,secondary,LOLO,nested,1,A,IPPO|ppo_single_site_ensemble_seed1_20260517T110907,IPPO,1,P,"May 2026, pre-781c90c reward",4,-733.652838964437,659.2491942942045,71.95977567023239,0.5688690000000001,1.875,194.64411083918387,194.50189358918388,0.002973240832507433,0.0,0.002973240832507433,0.002973240832507433,0.1288404360753221,30,2.8543111992071357,3,1.122177344186232,1.6678728435509498,0.8995530630025822,169.14
main,v040,LOLO-nes-f1,secondary,LOLO,nested,1,A,IPPO|ppo_single_site_ensemble_seed1_20260517T110907,IPPO,1,P,"May 2026, pre-781c90c reward",5,-429.4473679563149,405.85785712119866,22.8998878351162,0.18962299999999999,0.5,204.63353940547364,204.58613365547365,0.0009910802775024777,0.0,0.0009910802775024777,0.0009910802775024777,0.03468780971258672,10,0.9514370664023787,1,0.8633295945038733,0.8633295945038733,0.8633295945038733,169.14
main,v040,LOLO-nes-f1,secondary,LOLO,nested,1,A,IPPO|ppo_single_site_ensemble_seed1_20260517T110907,IPPO,1,P,"May 2026, pre-781c90c reward",6,-802.345647179559,722.4756811093266,71.95977567023239,0.9101904000000001,7.0,197.0012461403912,196.7736985403912,0.003964321110009911,0.0,0.003964321110009911,0.002973240832507433,0.14271555996035679,48,4.566897918731417,4,64.37439591411801,255.74885914140773,0.6871811287660653,169.14
main,v040,LOLO-nes-f1,secondary,LOLO,nested,1,A,IPPO|ppo_single_site_ensemble_seed1_20260517T110907,IPPO,1,P,"May 2026, pre-781c90c reward",7,-700.0527453126128,640.8209517126128,54.0,0.6067936,4.625,199.98977476856209,199.8380763685621,0.0019821605550049554,0.0,0.0019821605550049554,0.0019821605550049554,0.09712586719524281,32,3.044598612487612,2,1.6678728435509498,1.6678728435509498,1.0,169.14
main,v040,LOLO-nes-f1,secondary,LOLO,nested,1,A,IPPO|ppo_single_site_ensemble_seed1_20260517T110907,IPPO,1,P,"May 2026, pre-781c90c reward",8,-390.69307296427917,390.4922237642792,0.0,0.0758492,0.125,206.40215195335148,206.38318965335148,0.0,0.0,0.0,0.0,0.011892963330029732,4,0.3805748265609515,0,0.0,0.0,0.0,169.14
main,v040,LOLO-nes-f1,secondary,LOLO,nested,1,A,IPPO|ppo_single_site_ensemble_seed1_20260517T110907,IPPO,1,P,"May 2026, pre-781c90c reward",9,-1119.6455421817172,80.9672981477038,1038.6782440340135,0.0,0.0,207.45561439355367,207.45561439355367,0.04558969276511397,0.04558969276511397,0.0,0.04558969276511397,0.0,0,0.0,46,2.0064808739983353,4.847787108941211,0.8526653942275458,169.14
main,v040,LOLO-nes-f1,secondary,LOLO,nested,1,A,IPPO|ppo_single_site_ensemble_seed7_20260517T091403,IPPO,7,P,"May 2026, pre-781c90c reward",all,-6400.425126790397,4824.387283310571,1547.4574588798268,3.8303846,24.75,2013.4147408677145,2012.457144717714,0.006640237859266601,0.0046580773042616454,0.0019821605550049554,0.006541129831516353,0.08136769078295342,201,1.9123885034687813,67,9.441956784872074,257.4980616044213,0.8691340391350857,169.07
main,v040,LOLO-nes-f1,secondary,LOLO,nested,1,A,IPPO|ppo_single_site_ensemble_seed7_20260517T091403,IPPO,7,P,"May 2026, pre-781c90c reward",0,-1026.0677512196614,946.1172959845453,76.47988783511619,0.7205674000000001,2.75,190.05291207237678,189.87277022237674,0.002973240832507433,0.0,0.002973240832507433,0.002973240832507433,0.2556987115956392,37,3.520317145688801,3,1.3950250938685909,1.6678728435509498,0.949776531501291,169.07
main,v040,LOLO-nes-f1,secondary,LOLO,nested,1,A,IPPO|ppo_single_site_ensemble_seed7_20260517T091403,IPPO,7,P,"May 2026, pre-781c90c reward",1,-630.7979267150154,544.445773079899,76.47988783511619,0.8722658000000001,9.0,197.84091549589257,197.6228490458926,0.002973240832507433,0.0,0.002973240832507433,0.002973240832507433,0.13280475718533202,46,4.376610505450942,3,1.2384169620826768,1.6678728435509498,0.949776531501291,169.07
main,v040,LOLO-nes-f1,secondary,LOLO,nested,1,A,IPPO|ppo_single_site_ensemble_seed7_20260517T091403,IPPO,7,P,"May 2026, pre-781c90c reward",2,-285.2059472554327,285.2059472554327,0.0,0.0,0.0,207.0872598572126,207.0872598572126,0.0,0.0,0.0,0.0,0.0,0,0.0,0,0.0,0.0,0.0,169.07
main,v040,LOLO-nes-f1,secondary,LOLO,nested,1,A,IPPO|ppo_single_site_ensemble_seed7_20260517T091403,IPPO,7,P,"May 2026, pre-781c90c reward",3,-164.8433877217286,137.8433877217286,27.0,0.0,0.0,207.34821457438574,207.34821457438574,0.0009910802775024777,0.0009910802775024777,0.0,0.0009910802775024777,0.0,0,0.0,1,4.847787108941211,4.847787108941211,1.0,169.07
main,v040,LOLO-nes-f1,secondary,LOLO,nested,1,A,IPPO|ppo_single_site_ensemble_seed7_20260517T091403,IPPO,7,P,"May 2026, pre-781c90c reward",4,-810.6280905501224,656.30029507989,152.95977567023237,0.4930198,0.875,194.47088956335017,194.34763461335018,0.005946481665014866,0.0,0.005946481665014866,0.005946481665014866,0.14866204162537167,26,2.4737363726461843,6,1.3950250938685909,1.6678728435509498,0.949776531501291,169.07
main,v040,LOLO-nes-f1,secondary,LOLO,nested,1,A,IPPO|ppo_single_site_ensemble_seed7_20260517T091403,IPPO,7,P,"May 2026, pre-781c90c reward",5,-430.3668331062335,406.9023222711173,22.8998878351162,0.18962299999999999,0.375,204.81730309760704,204.76989734760704,0.0009910802775024777,0.0,0.0009910802775024777,0.0009910802775024777,0.03369672943508424,10,0.9514370664023787,1,0.8633295945038733,0.8633295945038733,0.8633295945038733,169.07
main,v040,LOLO-nes-f1,secondary,LOLO,nested,1,A,IPPO|ppo_single_site_ensemble_seed7_20260517T091403,IPPO,7,P,"May 2026, pre-781c90c reward",6,-857.5472730884919,723.3893824182594,125.95977567023237,0.948115,7.25,197.1604067791552,196.9233780291552,0.005946481665014866,0.0,0.005946481665014866,0.004955401387512388,0.14767096134786917,50,4.757185332011893,6,86.11058635074069,257.4980616044213,0.7914540858440434,169.07
main,v040,LOLO-nes-f1,secondary,LOLO,nested,1,A,IPPO|ppo_single_site_ensemble_seed7_20260517T091403,IPPO,7,P,"May 2026, pre-781c90c reward",7,-673.5539608023769,641.4471672023769,27.0,0.6067936,4.5,200.20205874470315,200.05036034470317,0.0009910802775024777,0.0,0.0009910802775024777,0.0009910802775024777,0.09514370664023786,32,3.044598612487612,1,1.6678728435509498,1.6678728435509498,1.0,169.07
main,v040,LOLO-nes-f1,secondary,LOLO,nested,1,A,IPPO|ppo_single_site_ensemble_seed7_20260517T091403,IPPO,7,P,"May 2026, pre-781c90c reward",8,-401.76841414961723,401.76841414961723,0.0,0.0,0.0,206.97916628947758,206.97916628947758,0.0,0.0,0.0,0.0,0.0,0,0.0,0,0.0,0.0,0.0,169.07
main,v040,LOLO-nes-f1,secondary,LOLO,nested,1,A,IPPO|ppo_single_site_ensemble_seed7_20260517T091403,IPPO,7,P,"May 2026, pre-781c90c reward",9,-1119.6455421817172,80.9672981477038,1038.6782440340135,0.0,0.0,207.45561439355367,207.45561439355367,0.04558969276511397,0.04558969276511397,0.0,0.04558969276511397,0.0,0,0.0,46,2.0064808739983353,4.847787108941211,0.8526653942275458,169.07
main,v040,LOLO-nes-f1,secondary,LOLO,nested,1,A,IPPO|ppo_single_site_ensemble_seed13_20260517T091403,IPPO,13,P,"May 2026, pre-781c90c reward",all,-6247.340892780866,4828.377087936156,1389.5575710447106,3.9062338000000003,25.5,2013.133659017839,2012.1571005678388,0.006045589692765114,0.0046580773042616454,0.0013875123885034688,0.005946481665014866,0.07750247770069375,205,1.9504459861248762,61,1.8606104215646442,4.847787108941211,0.8585024758614239,169.16
main,v040,LOLO-nes-f1,secondary,LOLO,nested,1,A,IPPO|ppo_single_site_ensemble_seed13_20260517T091403,IPPO,13,P,"May 2026, pre-781c90c reward",0,-998.3410315114913,943.2388778763752,49.479887835116195,0.8722658,4.75,189.33877120994927,189.1207047599493,0.0019821605550049554,0.0,0.0019821605550049554,0.0019821605550049554,0.244796828543112,45,4.281466798810704,2,1.2586012190274114,1.6678728435509498,0.9246647972519366,169.16
main,v040,LOLO-nes-f1,secondary,LOLO,nested,1,A,IPPO|ppo_single_site_ensemble_seed13_20260517T091403,IPPO,13,P,"May 2026, pre-781c90c reward",1,-631.5419575120397,549.8415022769236,76.47988783511619,0.7205674000000001,4.5,198.48499123457202,198.30484938457198,0.002973240832507433,0.0,0.002973240832507433,0.002973240832507433,0.12983151635282458,38,3.615460852329039,3,1.2384169620826768,1.6678728435509498,0.949776531501291,169.16
main,v040,LOLO-nes-f1,secondary,LOLO,nested,1,A,IPPO|ppo_single_site_ensemble_seed13_20260517T091403,IPPO,13,P,"May 2026, pre-781c90c reward",2,-285.2059472554327,285.2059472554327,0.0,0.0,0.0,207.0872598572126,207.0872598572126,0.0,0.0,0.0,0.0,0.0,0,0.0,0,0.0,0.0,0.0,169.16
main,v040,LOLO-nes-f1,secondary,LOLO,nested,1,A,IPPO|ppo_single_site_ensemble_seed13_20260517T091403,IPPO,13,P,"May 2026, pre-781c90c reward",3,-164.8433877217286,137.8433877217286,27.0,0.0,0.0,207.34821457438574,207.34821457438574,0.0009910802775024777,0.0009910802775024777,0.0,0.0009910802775024777,0.0,0,0.0,1,4.847787108941211,4.847787108941211,1.0,169.16
main,v040,LOLO-nes-f1,secondary,LOLO,nested,1,A,IPPO|ppo_single_site_ensemble_seed13_20260517T091403,IPPO,13,P,"May 2026, pre-781c90c reward",4,-757.4163480433731,657.3764771731408,98.95977567023239,0.45509520000000003,0.625,194.43932702565542,194.32555322565543,0.003964321110009911,0.0,0.003964321110009911,0.003964321110009911,0.13875123885034688,24,2.2834489593657086,4,1.2586012190274114,1.6678728435509498,0.9246647972519366,169.16
main,v040,LOLO-nes-f1,secondary,LOLO,nested,1,A,IPPO|ppo_single_site_ensemble_seed13_20260517T091403,IPPO,13,P,"May 2026, pre-781c90c reward",5,-447.2674604146896,419.2028374146896,27.0,0.18962299999999999,0.875,206.24983238920694,206.20242663920695,0.0009910802775024777,0.0,0.0009910802775024777,0.0009910802775024777,0.02576808721506442,10,0.9514370664023787,1,1.6678728435509498,1.6678728435509498,1.0,169.16
main,v040,LOLO-nes-f1,secondary,LOLO,nested,1,A,IPPO|ppo_single_site_ensemble_seed13_20260517T091403,IPPO,13,P,"May 2026, pre-781c90c reward",6,-778.5643306290167,721.5426661587843,44.95977567023239,1.0618888,11.0,196.54834401367492,196.2828718136749,0.002973240832507433,0.0,0.002973240832507433,0.0019821605550049554,0.12190287413280476,56,5.32804757185332,3,0.5829081716880871,0.8493295945038731,0.5829081716880871,169.16
main,v040,LOLO-nes-f1,secondary,LOLO,nested,1,A,IPPO|ppo_single_site_ensemble_seed13_20260517T091403,IPPO,13,P,"May 2026, pre-781c90c reward",7,-666.1724028255837,634.9785338255837,27.0,0.5688690000000001,3.625,199.3336048596115,199.19138760961152,0.0009910802775024777,0.0,0.0009910802775024777,0.0009910802775024777,0.11000991080277503,30,2.8543111992071357,1,1.6678728435509498,1.6678728435509498,1.0,169.16
main,v040,LOLO-nes-f1,secondary,LOLO,nested,1,A,IPPO|ppo_single_site_ensemble_seed13_20260517T091403,IPPO,13,P,"May 2026, pre-781c90c reward",8,-398.3424846857937,398.1795600857937,0.0,0.0379246,0.125,206.84769946001705,206.83821831001706,0.0,0.0,0.0,0.0,0.003964321110009911,2,0.19028741328047574,0,0.0,0.0,0.0,169.16
main,v040,LOLO-nes-f1,secondary,LOLO,nested,1,A,IPPO|ppo_single_site_ensemble_seed13_20260517T091403,IPPO,13,P,"May 2026, pre-781c90c reward",9,-1119.6455421817172,80.9672981477038,1038.6782440340135,0.0,0.0,207.45561439355367,207.45561439355367,0.04558969276511397,0.04558969276511397,0.0,0.04558969276511397,0.0,0,0.0,46,2.0064808739983353,4.847787108941211,0.8526653942275458,169.16
main,v040,LOLO-nes-f1,secondary,LOLO,nested,1,A,IPPO|ppo_single_site_ensemble_seed23_20260517T110907,IPPO,23,P,"May 2026, pre-781c90c reward",all,-6481.278064188211,4826.907785273268,1623.937346714943,4.0579322,26.375,2012.6156864558434,2011.6012034058435,0.006937561942517344,0.0046580773042616454,0.0022794846382556988,0.006838453914767096,0.08562933597621407,213,2.0265609514370664,70,9.094388312847364,257.4980616044213,0.8725901459507802,169.04
main,v040,LOLO-nes-f1,secondary,LOLO,nested,1,A,IPPO|ppo_single_site_ensemble_seed23_20260517T110907,IPPO,23,P,"May 2026, pre-781c90c reward",0,-1027.9686373958825,946.0294083607663,76.47988783511619,0.8343412,4.625,190.05735278965838,189.84876748965837,0.002973240832507433,0.0,0.002973240832507433,0.002973240832507433,0.2566897918731417,43,4.0911793855302285,3,1.3950250938685909,1.6678728435509498,0.949776531501291,169.04
main,v040,LOLO-nes-f1,secondary,LOLO,nested,1,A,IPPO|ppo_single_site_ensemble_seed23_20260517T110907,IPPO,23,P,"May 2026, pre-781c90c reward",1,-628.780957544865,550.1072007097489,76.47988783511619,0.5688690000000001,1.625,198.50535504080412,198.3631377908041,0.002973240832507433,0.0,0.002973240832507433,0.002973240832507433,0.12685827552031714,30,2.8543111992071357,3,1.2384169620826768,1.6678728435509498,0.949776531501291,169.04
main,v040,LOLO-nes-f1,secondary,LOLO,nested,1,A,IPPO|ppo_single_site_ensemble_seed23_20260517T110907,IPPO,23,P,"May 2026, pre-781c90c reward",2,-285.2059472554327,285.2059472554327,0.0,0.0,0.0,207.0872598572126,207.0872598572126,0.0,0.0,0.0,0.0,0.0,0,0.0,0,0.0,0.0,0.0,169.04
main,v040,LOLO-nes-f1,secondary,LOLO,nested,1,A,IPPO|ppo_single_site_ensemble_seed23_20260517T110907,IPPO,23,P,"May 2026, pre-781c90c reward",3,-164.8433877217286,137.8433877217286,27.0,0.0,0.0,207.34821457438574,207.34821457438574,0.0009910802775024777,0.0009910802775024777,0.0,0.0009910802775024777,0.0,0,0.0,1,4.847787108941211,4.847787108941211,1.0,169.04
main,v040,LOLO-nes-f1,secondary,LOLO,nested,1,A,IPPO|ppo_single_site_ensemble_seed23_20260517T110907,IPPO,23,P,"May 2026, pre-781c90c reward",4,-783.4271078376412,655.9743123674089,125.95977567023239,0.4930198,1.0,194.35334092153903,194.23008597153904,0.004955401387512388,0.0,0.004955401387512388,0.004955401387512388,0.14469772051536176,26,2.4737363726461843,5,1.340455543932119,1.6678728435509498,0.9397318378015493,169.04
main,v040,LOLO-nes-f1,secondary,LOLO,nested,1,A,IPPO|ppo_single_site_ensemble_seed23_20260517T110907,IPPO,23,P,"May 2026, pre-781c90c reward",5,-447.5214258106519,401.53910254041955,45.37977567023239,0.22754760000000002,0.375,204.45143465010221,204.3945477501022,0.0019821605550049554,0.0,0.0019821605550049554,0.0019821605550049554,0.04558969276511397,12,1.1417244796828543,2,0.8563295945038731,0.8633295945038733,0.8563295945038731,169.04
main,v040,LOLO-nes-f1,secondary,LOLO,nested,1,A,IPPO|ppo_single_site_ensemble_seed23_20260517T110907,IPPO,23,P,"May 2026, pre-781c90c reward",6,-872.6669144364033,739.7969483661709,125.95977567023237,0.9101904000000001,6.0,197.38891655451914,197.16136895451916,0.005946481665014866,0.0,0.005946481665014866,0.004955401387512388,0.15361744301288405,48,4.566897918731417,6,86.11058635074069,257.4980616044213,0.7914540858440434,169.04
main,v040,LOLO-nes-f1,secondary,LOLO,nested,1,A,IPPO|ppo_single_site_ensemble_seed23_20260517T110907,IPPO,23,P,"May 2026, pre-781c90c reward",7,-753.3372489363446,632.3891339363447,108.0,0.948115,12.0,199.28849945719418,199.0514707071942,0.003964321110009911,0.0,0.003964321110009911,0.003964321110009911,0.12487611496531219,50,4.757185332011893,4,1.6206233513711383,1.6678728435509498,1.0,169.04
main,v040,LOLO-nes-f1,secondary,LOLO,nested,1,A,IPPO|ppo_single_site_ensemble_seed23_20260517T110907,IPPO,23,P,"May 2026, pre-781c90c reward",8,-397.8808950675435,397.0550458675435,0.0,0.0758492,0.75,206.67969821687453,206.66073591687453,0.0,0.0,0.0,0.0,0.003964321110009911,4,0.3805748265609515,0,0.0,0.0,0.0,169.04
main,v040,LOLO-nes-f1,secondary,LOLO,nested,1,A,IPPO|ppo_single_site_ensemble_seed23_20260517T110907,IPPO,23,P,"May 2026, pre-781c90c reward",9,-1119.6455421817172,80.9672981477038,1038.6782440340135,0.0,0.0,207.45561439355367,207.45561439355367,0.04558969276511397,0.04558969276511397,0.0,0.04558969276511397,0.0,0,0.0,46,2.0064808739983353,4.847787108941211,0.8526653942275458,169.04
main,v040,LOLO-nes-f1,secondary,LOLO,nested,1,A,IPPO|ppo_single_site_ensemble_seed42_20260517T091403,IPPO,42,P,"May 2026, pre-781c90c reward",all,-6522.3936425800675,4828.204060194893,1668.8971223851754,3.79246,21.5,2015.3764897907733,2014.4283747907734,0.00713577799801784,0.0046580773042616454,0.002477700693756194,0.007036669970267592,0.08146679881070366,198,1.8838453914767097,72,1.785884222198826,4.847787108941211,0.8719440195216994,169.05
main,v040,LOLO-nes-f1,secondary,LOLO,nested,1,A,IPPO|ppo_single_site_ensemble_seed42_20260517T091403,IPPO,42,P,"May 2026, pre-781c90c reward",0,-1082.5216352888724,951.2608030537563,130.4798878351162,0.5309444000000001,0.25,190.94181872579827,190.80908262579828,0.004955401387512388,0.0,0.004955401387512388,0.004955401387512388,0.25867195242814667,27,2.5688800792864224,5,1.5041641937415346,1.6678728435509498,0.9698659189007746,169.05
main,v040,LOLO-nes-f1,secondary,LOLO,nested,1,A,IPPO|ppo_single_site_ensemble_seed42_20260517T091403,IPPO,42,P,"May 2026, pre-781c90c reward",1,-637.2928075118018,556.1682014766856,76.47988783511619,0.6447182,4.0,198.9781205197632,198.8169409697632,0.002973240832507433,0.0,0.002973240832507433,0.002973240832507433,0.1110009910802775,34,3.2348860257680876,3,1.2384169620826768,1.6678728435509498,0.949776531501291,169.05
main,v040,LOLO-nes-f1,secondary,LOLO,nested,1,A,IPPO|ppo_single_site_ensemble_seed42_20260517T091403,IPPO,42,P,"May 2026, pre-781c90c reward",2,-364.8511616083772,287.420424573261,76.47988783511619,0.0758492,0.875,207.9856473397885,207.9666850397885,0.002973240832507433,0.0,0.002973240832507433,0.002973240832507433,0.002973240832507433,4,0.3805748265609515,3,1.3950250938685909,1.6678728435509498,0.949776531501291,169.05
main,v040,LOLO-nes-f1,secondary,LOLO,nested,1,A,IPPO|ppo_single_site_ensemble_seed42_20260517T091403,IPPO,42,P,"May 2026, pre-781c90c reward",3,-164.8433877217286,137.8433877217286,27.0,0.0,0.0,207.34821457438574,207.34821457438574,0.0009910802775024777,0.0009910802775024777,0.0,0.0009910802775024777,0.0,0,0.0,1,4.847787108941211,4.847787108941211,1.0,169.05
main,v040,LOLO-nes-f1,secondary,LOLO,nested,1,A,IPPO|ppo_single_site_ensemble_seed42_20260517T091403,IPPO,42,P,"May 2026, pre-781c90c reward",4,-756.8547596589244,656.8148887886921,98.95977567023239,0.45509520000000003,0.625,194.3719925425351,194.25821874253512,0.003964321110009911,0.0,0.003964321110009911,0.003964321110009911,0.14073339940535184,24,2.2834489593657086,4,1.2586012190274114,1.6678728435509498,0.9246647972519366,169.05
main,v040,LOLO-nes-f1,secondary,LOLO,nested,1,A,IPPO|ppo_single_site_ensemble_seed42_20260517T091403,IPPO,42,P,"May 2026, pre-781c90c reward",5,-472.5241470857596,398.9659746155272,72.37977567023239,0.3033968,0.875,204.67662216097932,204.6007729609793,0.002973240832507433,0.0,0.002973240832507433,0.002973240832507433,0.05550049554013875,16,1.522299306243806,3,1.1268440108528985,1.6678728435509498,0.9042197296692489,169.05
main,v040,LOLO-nes-f1,secondary,LOLO,nested,1,A,IPPO|ppo_single_site_ensemble_seed42_20260517T091403,IPPO,42,P,"May 2026, pre-781c90c reward",6,-808.2987751681803,725.277110697948,71.95977567023239,1.0618888000000002,10.0,197.2844910782103,197.01901887821026,0.003964321110009911,0.0,0.003964321110009911,0.002973240832507433,0.13676907829534193,55,5.232903865213083,4,0.8541493396538028,1.6678728435509498,0.6871811287660653,169.05
main,v040,LOLO-nes-f1,secondary,LOLO,nested,1,A,IPPO|ppo_single_site_ensemble_seed42_20260517T091403,IPPO,42,P,"May 2026, pre-781c90c reward",7,-698.9202334460713,641.7642890460713,54.0,0.5309444000000001,2.625,200.05321064706277,199.92047454706275,0.0019821605550049554,0.0,0.0019821605550049554,0.0019821605550049554,0.10009910802775025,28,2.66402378592666,2,1.6678728435509498,1.6678728435509498,1.0,169.05
main,v040,LOLO-nes-f1,secondary,LOLO,nested,1,A,IPPO|ppo_single_site_ensemble_seed42_20260517T091403,IPPO,42,P,"May 2026, pre-781c90c reward",8,-416.6411929086351,391.7216820735189,22.479887835116195,0.189623,2.25,206.28075780869682,206.23335205869682,0.0009910802775024777,0.0,0.0009910802775024777,0.0009910802775024777,0.008919722497522299,10,0.9514370664023787,1,0.8493295945038731,0.8493295945038731,0.8493295945038731,169.05
main,v040,LOLO-nes-f1,secondary,LOLO,nested,1,A,IPPO|ppo_single_site_ensemble_seed42_20260517T091403,IPPO,42,P,"May 2026, pre-781c90c reward",9,-1119.6455421817172,80.9672981477038,1038.6782440340135,0.0,0.0,207.45561439355367,207.45561439355367,0.04558969276511397,0.04558969276511397,0.0,0.04558969276511397,0.0,0,0.0,46,2.0064808739983353,4.847787108941211,0.8526653942275458,169.05
main,v040,LOLO-nes-f1,secondary,LOLO,nested,1,A,IPPO|ppo_single_site_ensemble_seed64_20260517T110907,IPPO,64,P,"May 2026, pre-781c90c reward",all,-6543.948063225062,4848.554822972586,1665.7103080524744,4.0579322,25.625,2014.6744100348556,2013.6599269848557,0.00713577799801784,0.0046580773042616454,0.002477700693756194,0.007036669970267592,0.08602576808721507,213,2.0265609514370664,72,5.329238484307382,255.74885914140773,0.8704686425158195,168.91
main,v040,LOLO-nes-f1,secondary,LOLO,nested,1,A,IPPO|ppo_single_site_ensemble_seed64_20260517T110907,IPPO,64,P,"May 2026, pre-781c90c reward",0,-1117.2230216156668,944.7097341727863,163.2126248428802,1.1756626,8.125,190.92599970824975,190.63208405824975,0.006937561942517344,0.0,0.006937561942517344,0.006937561942517344,0.30822596630327054,61,5.8037661050545095,7,1.2588446003285436,1.6678728435509498,0.8772029754422865,168.91
main,v040,LOLO-nes-f1,secondary,LOLO,nested,1,A,IPPO|ppo_single_site_ensemble_seed64_20260517T110907,IPPO,64,P,"May 2026, pre-781c90c reward",1,-635.591269152009,556.7054369168928,76.47988783511619,0.5309444000000001,1.875,199.03841390095747,198.90567780095748,0.002973240832507433,0.0,0.002973240832507433,0.002973240832507433,0.10703666997026759,28,2.66402378592666,3,1.2384169620826768,1.6678728435509498,0.949776531501291,168.91
main,v040,LOLO-nes-f1,secondary,LOLO,nested,1,A,IPPO|ppo_single_site_ensemble_seed64_20260517T110907,IPPO,64,P,"May 2026, pre-781c90c reward",2,-285.2059472554327,285.2059472554327,0.0,0.0,0.0,207.0872598572126,207.0872598572126,0.0,0.0,0.0,0.0,0.0,0,0.0,0,0.0,0.0,0.0,168.91
main,v040,LOLO-nes-f1,secondary,LOLO,nested,1,A,IPPO|ppo_single_site_ensemble_seed64_20260517T110907,IPPO,64,P,"May 2026, pre-781c90c reward",3,-164.8433877217286,137.8433877217286,27.0,0.0,0.0,207.34821457438574,207.34821457438574,0.0009910802775024777,0.0009910802775024777,0.0,0.0009910802775024777,0.0,0,0.0,1,4.847787108941211,4.847787108941211,1.0,168.91
main,v040,LOLO-nes-f1,secondary,LOLO,nested,1,A,IPPO|ppo_single_site_ensemble_seed64_20260517T110907,IPPO,64,P,"May 2026, pre-781c90c reward",4,-784.71538913252,657.1375936622877,125.95977567023239,0.4930198,1.125,194.49737790190719,194.3741229519072,0.004955401387512388,0.0,0.004955401387512388,0.004955401387512388,0.14271555996035679,26,2.4737363726461843,5,1.340455543932119,1.6678728435509498,0.9397318378015493,168.91
main,v040,LOLO-nes-f1,secondary,LOLO,nested,1,A,IPPO|ppo_single_site_ensemble_seed64_20260517T110907,IPPO,64,P,"May 2026, pre-781c90c reward",5,-448.43217047994415,397.51681044482797,49.8998878351162,0.2654722,0.75,204.14892223959828,204.08255418959828,0.0019821605550049554,0.0,0.0019821605550049554,0.0019821605550049554,0.049554013875123884,14,1.33201189296333,2,1.2656012190274115,1.6678728435509498,0.9316647972519366,168.91
main,v040,LOLO-nes-f1,secondary,LOLO,nested,1,A,IPPO|ppo_single_site_ensemble_seed64_20260517T110907,IPPO,64,P,"May 2026, pre-781c90c reward",6,-839.3251448511876,759.2005388160715,76.47988783511619,0.6447182,3.0,198.20569568735502,198.044516137355,0.003964321110009911,0.0,0.003964321110009911,0.002973240832507433,0.12289395441030723,34,3.2348860257680876,4,64.57903172637977,255.74885914140773,0.724848730140097,168.91
main,v040,LOLO-nes-f1,secondary,LOLO,nested,1,A,IPPO|ppo_single_site_ensemble_seed64_20260517T110907,IPPO,64,P,"May 2026, pre-781c90c reward",7,-751.0659148926491,634.057422892649,108.0,0.758492,8.25,199.43134470216722,199.2417217021672,0.003964321110009911,0.0,0.003964321110009911,0.003964321110009911,0.12487611496531219,40,3.8057482656095147,4,1.6206233513711383,1.6678728435509498,1.0,168.91
main,v040,LOLO-nes-f1,secondary,LOLO,nested,1,A,IPPO|ppo_single_site_ensemble_seed64_20260517T110907,IPPO,64,P,"May 2026, pre-781c90c reward",8,-397.9002759422067,395.21065294220665,0.0,0.189623,2.5,206.5355670694689,206.4881613194689,0.0,0.0,0.0,0.0,0.004955401387512388,10,0.9514370664023787,0,0.0,0.0,0.0,168.91
main,v040,LOLO-nes-f1,secondary,LOLO,nested,1,A,IPPO|ppo_single_site_ensemble_seed64_20260517T110907,IPPO,64,P,"May 2026, pre-781c90c reward",9,-1119.6455421817172,80.9672981477038,1038.6782440340135,0.0,0.0,207.45561439355367,207.45561439355367,0.04558969276511397,0.04558969276511397,0.0,0.04558969276511397,0.0,0,0.0,46,2.0064808739983353,4.847787108941211,0.8526653942275458,168.91
main,v040,LOLO-nes-f1,secondary,LOLO,nested,1,A,IPPO|ppo_single_site_ensemble_seed77_20260517T110907,IPPO,77,P,"May 2026, pre-781c90c reward",all,-6472.1997026514855,4822.907628353215,1624.0487650982695,3.8683092,21.375,2020.0192192156237,2019.0521419156235,0.006838453914767096,0.004757185332011893,0.003468780971258672,0.006739345887016849,0.08305252725470763,203,1.9314172447968287,69,21783.74690948211,110236.04404561648,0.8838409298937029,169.26
main,v040,LOLO-nes-f1,secondary,LOLO,nested,1,A,IPPO|ppo_single_site_ensemble_seed77_20260517T110907,IPPO,77,P,"May 2026, pre-781c90c reward",0,-1002.7434242754678,949.7929690403514,49.479887835116195,0.7205674,2.75,189.92007597560843,189.7399341256084,0.0019821605550049554,0.0,0.0019821605550049554,0.0019821605550049554,0.24083250743310208,37,3.520317145688801,2,1.2586012190274114,1.6678728435509498,0.9246647972519366,169.26
main,v040,LOLO-nes-f1,secondary,LOLO,nested,1,A,IPPO|ppo_single_site_ensemble_seed77_20260517T110907,IPPO,77,P,"May 2026, pre-781c90c reward",1,-632.7572521082873,552.5455706731711,76.47988783511619,0.6067936,3.125,198.57924069878646,198.42754229878648,0.002973240832507433,0.0,0.002973240832507433,0.002973240832507433,0.11199207135777998,32,3.044598612487612,3,1.2384169620826768,1.6678728435509498,0.949776531501291,169.26
main,v040,LOLO-nes-f1,secondary,LOLO,nested,1,A,IPPO|ppo_single_site_ensemble_seed77_20260517T110907,IPPO,77,P,"May 2026, pre-781c90c reward",2,-285.2059472554327,285.2059472554327,0.0,0.0,0.0,207.0872598572126,207.0872598572126,0.0,0.0,0.0,0.0,0.0,0,0.0,0,0.0,0.0,0.0,169.26
main,v040,LOLO-nes-f1,secondary,LOLO,nested,1,A,IPPO|ppo_single_site_ensemble_seed77_20260517T110907,IPPO,77,P,"May 2026, pre-781c90c reward",3,-164.8433877217286,137.8433877217286,27.0,0.0,0.0,207.34821457438574,207.34821457438574,0.0009910802775024777,0.0009910802775024777,0.0,0.0009910802775024777,0.0,0,0.0,1,4.847787108941211,4.847787108941211,1.0,169.26
main,v040,LOLO-nes-f1,secondary,LOLO,nested,1,A,IPPO|ppo_single_site_ensemble_seed77_20260517T110907,IPPO,77,P,"May 2026, pre-781c90c reward",4,-757.2672714063317,657.2274005360994,98.95977567023239,0.45509520000000003,0.625,194.49208202024835,194.37830822024836,0.003964321110009911,0.0,0.003964321110009911,0.003964321110009911,0.14172447968285432,24,2.2834489593657086,4,1.2586012190274114,1.6678728435509498,0.9246647972519366,169.26
main,v040,LOLO-nes-f1,secondary,LOLO,nested,1,A,IPPO|ppo_single_site_ensemble_seed77_20260517T110907,IPPO,77,P,"May 2026, pre-781c90c reward",5,-448.24577278154504,396.2166389464288,49.8998878351162,0.37924599999999997,1.75,204.1579691201485,204.0631576201485,0.0019821605550049554,0.0,0.0019821605550049554,0.0019821605550049554,0.05847373637264618,20,1.9028741328047574,2,1.2656012190274115,1.6678728435509498,0.9316647972519366,169.26
main,v040,LOLO-nes-f1,secondary,LOLO,nested,1,A,IPPO|ppo_single_site_ensemble_seed77_20260517T110907,IPPO,77,P,"May 2026, pre-781c90c reward",6,-859.1348934263274,726.8407765560951,125.95977567023237,0.8343412,5.5,197.2886480840273,197.08006278402732,0.005946481665014866,0.0,0.005946481665014866,0.004955401387512388,0.14172447968285432,44,4.186323092170466,6,86.11058635074069,257.4980616044213,0.7914540858440434,169.26
main,v040,LOLO-nes-f1,secondary,LOLO,nested,1,A,IPPO|ppo_single_site_ensemble_seed77_20260517T110907,IPPO,77,P,"May 2026, pre-781c90c reward",7,-721.67898346485,633.8334160648501,81.0,0.7205674000000001,6.125,199.5502449797224,199.3701031297224,0.002973240832507433,0.0,0.002973240832507433,0.002973240832507433,0.12487611496531219,38,3.615460852329039,3,1.6048735206445344,1.6678728435509498,1.0,169.26
main,v040,LOLO-nes-f1,secondary,LOLO,nested,1,A,IPPO|ppo_single_site_ensemble_seed77_20260517T110907,IPPO,77,P,"May 2026, pre-781c90c reward",8,-401.76841414961723,401.76841414961723,0.0,0.0,0.0,206.97916628947758,206.97916628947758,0.0,0.0,0.0,0.0,0.0,0,0.0,0,0.0,0.0,0.0,169.26
main,v040,LOLO-nes-f1,secondary,LOLO,nested,1,A,IPPO|ppo_single_site_ensemble_seed77_20260517T110907,IPPO,77,P,"May 2026, pre-781c90c reward",9,-1198.5543560618974,81.63310740944097,1115.2695502524564,0.1516984,1.5,214.6163176160065,214.57839301600652,0.04757185332011893,0.04658077304261645,0.014866204162537165,0.04757185332011893,0.010901883052527254,8,0.761149653121903,48,31302.883599330245,110236.04404561648,0.8744927432308724,169.26
main,v040,LOLO-nes-f1,secondary,LOLO,nested,1,A,IPPO|ppo_single_site_ensemble_seed99_20260517T091403,IPPO,99,P,"May 2026, pre-781c90c reward",all,-6343.149212903283,4822.602578658572,1497.5575710447106,3.4890632000000004,19.5,2012.695174003681,2011.8229082036808,0.006442021803766105,0.0046580773042616454,0.00178394449950446,0.006342913776015857,0.07978196233894945,183,1.741129831516353,65,5.757687898269292,255.74885914140773,0.8672100158084133,168.94
main,v040,LOLO-nes-f1,secondary,LOLO,nested,1,A,IPPO|ppo_single_site_ensemble_seed99_20260517T091403,IPPO,99,P,"May 2026, pre-781c90c reward",0,-1081.875737090802,949.7019802556858,130.4798878351162,0.5688690000000001,1.125,190.57411294064156,190.43189569064154,0.004955401387512388,0.0,0.004955401387512388,0.004955401387512388,0.25173439048562934,29,2.759167492566898,5,1.5041641937415346,1.6678728435509498,0.9698659189007746,168.94
main,v040,LOLO-nes-f1,secondary,LOLO,nested,1,A,IPPO|ppo_single_site_ensemble_seed99_20260517T091403,IPPO,99,P,"May 2026, pre-781c90c reward",1,-628.0227605748651,547.1102299397488,76.47988783511619,0.6826428,3.75,198.09538527537435,197.92472457537434,0.002973240832507433,0.0,0.002973240832507433,0.002973240832507433,0.12289395441030723,36,3.4251734390485633,3,1.2384169620826768,1.6678728435509498,0.949776531501291,168.94
main,v040,LOLO-nes-f1,secondary,LOLO,nested,1,A,IPPO|ppo_single_site_ensemble_seed99_20260517T091403,IPPO,99,P,"May 2026, pre-781c90c reward",2,-285.2059472554327,285.2059472554327,0.0,0.0,0.0,207.0872598572126,207.0872598572126,0.0,0.0,0.0,0.0,0.0,0,0.0,0,0.0,0.0,0.0,168.94
main,v040,LOLO-nes-f1,secondary,LOLO,nested,1,A,IPPO|ppo_single_site_ensemble_seed99_20260517T091403,IPPO,99,P,"May 2026, pre-781c90c reward",3,-164.8433877217286,137.8433877217286,27.0,0.0,0.0,207.34821457438574,207.34821457438574,0.0009910802775024777,0.0009910802775024777,0.0,0.0009910802775024777,0.0,0,0.0,1,4.847787108941211,4.847787108941211,1.0,168.94
main,v040,LOLO-nes-f1,secondary,LOLO,nested,1,A,IPPO|ppo_single_site_ensemble_seed99_20260517T091403,IPPO,99,P,"May 2026, pre-781c90c reward",4,-755.9759397171217,655.0231442468894,98.95977567023239,0.4930198,1.5,194.32763312007143,194.20437817007138,0.003964321110009911,0.0,0.003964321110009911,0.003964321110009911,0.13974231912784935,26,2.4737363726461843,4,1.2586012190274114,1.6678728435509498,0.9246647972519366,168.94
main,v040,LOLO-nes-f1,secondary,LOLO,nested,1,A,IPPO|ppo_single_site_ensemble_seed99_20260517T091403,IPPO,99,P,"May 2026, pre-781c90c reward",5,-402.4817816950773,401.7921586950773,0.0,0.189623,0.5,204.25801488623915,204.21060913623916,0.0,0.0,0.0,0.0,0.035678889990089196,10,0.9514370664023787,0,0.0,0.0,0.0,168.94
main,v040,LOLO-nes-f1,secondary,LOLO,nested,1,A,IPPO|ppo_single_site_ensemble_seed99_20260517T091403,IPPO,99,P,"May 2026, pre-781c90c reward",6,-802.6632159658284,723.4561744955961,71.95977567023239,0.8722658000000001,6.375,196.9575536679186,196.73948721791862,0.003964321110009911,0.0,0.003964321110009911,0.002973240832507433,0.14172447968285432,46,4.376610505450942,4,64.37439591411801,255.74885914140773,0.6871811287660653,168.94
main,v040,LOLO-nes-f1,secondary,LOLO,nested,1,A,IPPO|ppo_single_site_ensemble_seed99_20260517T091403,IPPO,99,P,"May 2026, pre-781c90c reward",7,-704.554005633166,644.447212033166,54.0,0.6067936,5.5,199.91168707140935,199.75998867140936,0.0019821605550049554,0.0,0.0019821605550049554,0.0019821605550049554,0.10208126858275521,32,3.044598612487612,2,1.6678728435509498,1.6678728435509498,1.0,168.94
main,v040,LOLO-nes-f1,secondary,LOLO,nested,1,A,IPPO|ppo_single_site_ensemble_seed99_20260517T091403,IPPO,99,P,"May 2026, pre-781c90c reward",8,-397.8808950675435,397.0550458675435,0.0,0.0758492,0.75,206.67969821687453,206.66073591687453,0.0,0.0,0.0,0.0,0.003964321110009911,4,0.3805748265609515,0,0.0,0.0,0.0,168.94
main,v040,LOLO-nes-f1,secondary,LOLO,nested,1,A,IPPO|ppo_single_site_ensemble_seed99_20260517T091403,IPPO,99,P,"May 2026, pre-781c90c reward",9,-1119.6455421817172,80.9672981477038,1038.6782440340135,0.0,0.0,207.45561439355367,207.45561439355367,0.04558969276511397,0.04558969276511397,0.0,0.04558969276511397,0.0,0,0.0,46,2.0064808739983353,4.847787108941211,0.8526653942275458,168.94
main,v040,LOLO-nes-f1,secondary,LOLO,nested,1,A,IPPO|ippo_nr_seed1,IPPO,1,T,"June 2026, current reward",all,-6655.967827446836,4843.271305367009,1790.4574588798268,3.4890631999999995,18.75,2022.4929594048374,2021.6206936048375,0.0075322101090188305,0.005748265609514371,0.0028741328047571855,0.007433102081268583,0.07809712586719525,183,1.741129831516353,76,292.0232543999351,2690.9195885208856,0.8846313239743516,169.2
main,v040,LOLO-nes-f1,secondary,LOLO,nested,1,A,IPPO|ippo_nr_seed1,IPPO,1,T,"June 2026, current reward",0,-1084.2647909039274,952.4660340688113,130.4798878351162,0.5688690000000001,0.75,190.57843339095194,190.43621614095196,0.004955401387512388,0.0,0.004955401387512388,0.004955401387512388,0.24777006937561943,29,2.759167492566898,5,1.5041641937415346,1.6678728435509498,0.9698659189007746,169.2
main,v040,LOLO-nes-f1,secondary,LOLO,nested,1,A,IPPO|ippo_nr_seed1,IPPO,1,T,"June 2026, current reward",1,-634.004207945856,554.1675265107399,76.47988783511619,0.6067936,2.75,198.8586737140947,198.7069753140947,0.002973240832507433,0.0,0.002973240832507433,0.002973240832507433,0.11496531219028741,32,3.044598612487612,3,1.2384169620826768,1.6678728435509498,0.949776531501291,169.2
main,v040,LOLO-nes-f1,secondary,LOLO,nested,1,A,IPPO|ippo_nr_seed1,IPPO,1,T,"June 2026, current reward",2,-285.2059472554327,285.2059472554327,0.0,0.0,0.0,207.0872598572126,207.0872598572126,0.0,0.0,0.0,0.0,0.0,0,0.0,0,0.0,0.0,0.0,169.2
main,v040,LOLO-nes-f1,secondary,LOLO,nested,1,A,IPPO|ippo_nr_seed1,IPPO,1,T,"June 2026, current reward",3,-493.04261283287894,142.00468823287892,351.0,0.0379246,0.0,215.06798473821527,215.05850358821527,0.01288404360753221,0.011892963330029732,0.011892963330029732,0.01288404360753221,0.010901883052527254,2,0.19028741328047574,13,1698.532216192843,2690.9195885208856,1.0,169.2
main,v040,LOLO-nes-f1,secondary,LOLO,nested,1,A,IPPO|ippo_nr_seed1,IPPO,1,T,"June 2026, current reward",4,-727.2277875487969,651.9112182785645,71.95977567023239,0.6067936,2.75,194.1469046719802,193.9952062719802,0.002973240832507433,0.0,0.002973240832507433,0.002973240832507433,0.13577799801783944,32,3.044598612487612,3,1.122177344186232,1.6678728435509498,0.8995530630025822,169.2
main,v040,LOLO-nes-f1,secondary,LOLO,nested,1,A,IPPO|ippo_nr_seed1,IPPO,1,T,"June 2026, current reward",5,-465.6915785509616,414.97706771584535,49.8998878351162,0.18962299999999999,0.625,205.84730071761177,205.79989496761178,0.0019821605550049554,0.0,0.0019821605550049554,0.0019821605550049554,0.030723488602576808,10,0.9514370664023787,2,1.2656012190274115,1.6678728435509498,0.9316647972519366,169.2
main,v040,LOLO-nes-f1,secondary,LOLO,nested,1,A,IPPO|ippo_nr_seed1,IPPO,1,T,"June 2026, current reward",6,-775.1038346622507,725.5484915920183,44.95977567023239,0.7205674,3.875,197.0927740653903,196.9126322153903,0.002973240832507433,0.0,0.002973240832507433,0.0019821605550049554,0.1288404360753221,38,3.615460852329039,3,0.5829081716880871,0.8493295945038731,0.5829081716880871,169.2
main,v040,LOLO-nes-f1,secondary,LOLO,nested,1,A,IPPO|ippo_nr_seed1,IPPO,1,T,"June 2026, current reward",7,-670.013111415397,634.254619415397,27.0,0.7584919999999999,8.0,199.37884756634958,199.18922456634954,0.0009910802775024777,0.0,0.0009910802775024777,0.0009910802775024777,0.11199207135777998,40,3.8057482656095147,1,1.6678728435509498,1.6678728435509498,1.0,169.2
main,v040,LOLO-nes-f1,secondary,LOLO,nested,1,A,IPPO|ippo_nr_seed1,IPPO,1,T,"June 2026, current reward",8,-401.76841414961723,401.76841414961723,0.0,0.0,0.0,206.97916628947758,206.97916628947758,0.0,0.0,0.0,0.0,0.0,0,0.0,0,0.0,0.0,0.0,169.2
main,v040,LOLO-nes-f1,secondary,LOLO,nested,1,A,IPPO|ippo_nr_seed1,IPPO,1,T,"June 2026, current reward",9,-1119.6455421817172,80.9672981477038,1038.6782440340135,0.0,0.0,207.45561439355367,207.45561439355367,0.04558969276511397,0.04558969276511397,0.0,0.04558969276511397,0.0,0,0.0,46,2.0064808739983353,4.847787108941211,0.8526653942275458,169.2
main,v040,LOLO-nes-f1,secondary,LOLO,nested,1,A,IPPO|ippo_nr_seed7,IPPO,7,T,"June 2026, current reward",all,-6430.041931290644,4830.287861610817,1574.0374588798268,3.7166107999999998,22.0,2014.4417178252759,2013.512565125276,0.006739345887016849,0.0046580773042616454,0.0020812685827552033,0.006640237859266601,0.08126858275520317,195,1.8553022794846383,68,9.327426138676177,257.4980616044213,0.8708526562066284,168.76
main,v040,LOLO-nes-f1,secondary,LOLO,nested,1,A,IPPO|ippo_nr_seed7,IPPO,7,T,"June 2026, current reward",0,-1028.5464215328163,949.1338908977,76.47988783511619,0.6826428,2.25,190.05840931292443,189.8877486129244,0.002973240832507433,0.0,0.002973240832507433,0.002973240832507433,0.24975222993062438,35,3.3300297324083252,3,1.3950250938685909,1.6678728435509498,0.949776531501291,168.76
main,v040,LOLO-nes-f1,secondary,LOLO,nested,1,A,IPPO|ippo_nr_seed7,IPPO,7,T,"June 2026, current reward",1,-635.5340018599785,556.1102450248623,76.47988783511619,0.5688690000000001,2.375,198.96059265253024,198.81837540253025,0.002973240832507433,0.0,0.002973240832507433,0.002973240832507433,0.1110009910802775,30,2.8543111992071357,3,1.2384169620826768,1.6678728435509498,0.949776531501291,168.76
main,v040,LOLO-nes-f1,secondary,LOLO,nested,1,A,IPPO|ippo_nr_seed7,IPPO,7,T,"June 2026, current reward",2,-285.2059472554327,285.2059472554327,0.0,0.0,0.0,207.0872598572126,207.0872598572126,0.0,0.0,0.0,0.0,0.0,0,0.0,0,0.0,0.0,0.0,168.76
main,v040,LOLO-nes-f1,secondary,LOLO,nested,1,A,IPPO|ippo_nr_seed7,IPPO,7,T,"June 2026, current reward",3,-215.6774220368214,138.6596096017052,76.47988783511619,0.0379246,0.5,207.73823907917216,207.72875792917216,0.002973240832507433,0.0009910802775024777,0.0019821605550049554,0.002973240832507433,0.0009910802775024777,2,0.19028741328047574,3,2.4549965156653446,4.847787108941211,0.949776531501291,168.76
main,v040,LOLO-nes-f1,secondary,LOLO,nested,1,A,IPPO|ippo_nr_seed7,IPPO,7,T,"June 2026, current reward",4,-783.7749468104755,655.4092267402432,125.95977567023239,0.5309444,1.875,194.29046549315956,194.15772939315957,0.004955401387512388,0.0,0.004955401387512388,0.004955401387512388,0.14568880079286423,28,2.66402378592666,5,1.340455543932119,1.6678728435509498,0.9397318378015493,168.76
main,v040,LOLO-nes-f1,secondary,LOLO,nested,1,A,IPPO|ippo_nr_seed7,IPPO,7,T,"June 2026, current reward",5,-446.50884229397275,418.73214389397276,27.0,0.1516984,0.625,206.11475931561134,206.07683471561134,0.0009910802775024777,0.0,0.0009910802775024777,0.0009910802775024777,0.023785926660059464,8,0.761149653121903,1,1.6678728435509498,1.6678728435509498,1.0,168.76
main,v040,LOLO-nes-f1,secondary,LOLO,nested,1,A,IPPO|ippo_nr_seed7,IPPO,7,T,"June 2026, current reward",6,-828.5024229725042,718.8557585022718,98.95977567023239,1.0618888,9.625,196.6048247333863,196.33935253338632,0.004955401387512388,0.0,0.004955401387512388,0.003964321110009911,0.15361744301288405,56,5.32804757185332,5,102.99912905217866,257.4980616044213,0.7497449030128522,168.76
main,v040,LOLO-nes-f1,secondary,LOLO,nested,1,A,IPPO|ippo_nr_seed7,IPPO,7,T,"June 2026, current reward",7,-696.3119232381052,637.2051296381053,54.0,0.6067936,4.5,199.84890549721442,199.69720709721443,0.0019821605550049554,0.0,0.0019821605550049554,0.0019821605550049554,0.11694747274529237,32,3.044598612487612,2,1.6678728435509498,1.6678728435509498,1.0,168.76
main,v040,LOLO-nes-f1,secondary,LOLO,nested,1,A,IPPO|ippo_nr_seed7,IPPO,7,T,"June 2026, current reward",8,-390.33446110882034,390.00861190882034,0.0,0.0758492,0.25,206.28264749051147,206.26368519051147,0.0,0.0,0.0,0.0,0.010901883052527254,4,0.3805748265609515,0,0.0,0.0,0.0,168.76
main,v040,LOLO-nes-f1,secondary,LOLO,nested,1,A,IPPO|ippo_nr_seed7,IPPO,7,T,"June 2026, current reward",9,-1119.6455421817172,80.9672981477038,1038.6782440340135,0.0,0.0,207.45561439355367,207.45561439355367,0.04558969276511397,0.04558969276511397,0.0,0.04558969276511397,0.0,0,0.0,46,2.0064808739983353,4.847787108941211,0.8526653942275458,168.76
main,v040,LOLO-nes-f1,secondary,LOLO,nested,1,A,IPPO|ippo_nr_seed13,IPPO,13,T,"June 2026, current reward",all,-6358.3551000187035,4854.353370573994,1470.5575710447106,3.9441584,29.5,2013.9799472781033,2012.9939076781031,0.006342913776015857,0.0046580773042616454,0.0016848364717542122,0.00624380574826561,0.07710604558969276,207,1.9694747274529236,64,5.848922546983852,257.4980616044213,0.8651351723054198,169.4
main,v040,LOLO-nes-f1,secondary,LOLO,nested,1,A,IPPO|ippo_nr_seed13,IPPO,13,T,"June 2026, current reward",0,-1003.4698176013853,951.1822869662691,49.479887835116195,0.6826428,2.125,190.19964692663712,190.0289862266371,0.0019821605550049554,0.0,0.0019821605550049554,0.0019821605550049554,0.2358771060455897,35,3.3300297324083252,2,1.2586012190274114,1.6678728435509498,0.9246647972519366,169.4
main,v040,LOLO-nes-f1,secondary,LOLO,nested,1,A,IPPO|ippo_nr_seed13,IPPO,13,T,"June 2026, current reward",1,-630.2006390062614,549.4131083711452,76.47988783511619,0.6826428,3.625,198.37115128987824,198.20049058987826,0.002973240832507433,0.0,0.002973240832507433,0.002973240832507433,0.12487611496531219,36,3.4251734390485633,3,1.2384169620826768,1.6678728435509498,0.949776531501291,169.4
main,v040,LOLO-nes-f1,secondary,LOLO,nested,1,A,IPPO|ippo_nr_seed13,IPPO,13,T,"June 2026, current reward",2,-285.2059472554327,285.2059472554327,0.0,0.0,0.0,207.0872598572126,207.0872598572126,0.0,0.0,0.0,0.0,0.0,0,0.0,0,0.0,0.0,0.0,169.4
main,v040,LOLO-nes-f1,secondary,LOLO,nested,1,A,IPPO|ippo_nr_seed13,IPPO,13,T,"June 2026, current reward",3,-164.8433877217286,137.8433877217286,27.0,0.0,0.0,207.34821457438574,207.34821457438574,0.0009910802775024777,0.0009910802775024777,0.0,0.0009910802775024777,0.0,0,0.0,1,4.847787108941211,4.847787108941211,1.0,169.4
main,v040,LOLO-nes-f1,secondary,LOLO,nested,1,A,IPPO|ippo_nr_seed13,IPPO,13,T,"June 2026, current reward",4,-784.71538913252,657.1375936622877,125.95977567023239,0.4930198,1.125,194.49737790190719,194.3741229519072,0.004955401387512388,0.0,0.004955401387512388,0.004955401387512388,0.14271555996035679,26,2.4737363726461843,5,1.340455543932119,1.6678728435509498,0.9397318378015493,169.4
main,v040,LOLO-nes-f1,secondary,LOLO,nested,1,A,IPPO|ippo_nr_seed13,IPPO,13,T,"June 2026, current reward",5,-421.1553352570637,420.6665614570637,0.0,0.1137738,0.375,205.78871130143227,205.76026785143227,0.0,0.0,0.0,0.0,0.019821605550049554,6,0.5708622398414271,0,0.0,0.0,0.0,169.4
main,v040,LOLO-nes-f1,secondary,LOLO,nested,1,A,IPPO|ippo_nr_seed13,IPPO,13,T,"June 2026, current reward",6,-823.1219114669657,734.5356239967333,71.95977567023239,1.2515117999999998,15.375,196.5103760227659,196.19749807276588,0.003964321110009911,0.0,0.003964321110009911,0.002973240832507433,0.12487611496531219,66,6.279484638255699,4,64.8116965298714,257.4980616044213,0.6871811287660653,169.4
main,v040,LOLO-nes-f1,secondary,LOLO,nested,1,A,IPPO|ippo_nr_seed13,IPPO,13,T,"June 2026, current reward",7,-724.2287162460127,635.6331488460125,81.0,0.7205674,6.875,199.74242872085307,199.5622868708531,0.002973240832507433,0.0,0.002973240832507433,0.002973240832507433,0.12289395441030723,38,3.615460852329039,3,1.6678728435509498,1.6678728435509498,1.0,169.4
main,v040,LOLO-nes-f1,secondary,LOLO,nested,1,A,IPPO|ippo_nr_seed13,IPPO,13,T,"June 2026, current reward",8,-401.76841414961723,401.76841414961723,0.0,0.0,0.0,206.97916628947758,206.97916628947758,0.0,0.0,0.0,0.0,0.0,0,0.0,0,0.0,0.0,0.0,169.4
main,v040,LOLO-nes-f1,secondary,LOLO,nested,1,A,IPPO|ippo_nr_seed13,IPPO,13,T,"June 2026, current reward",9,-1119.6455421817172,80.9672981477038,1038.6782440340135,0.0,0.0,207.45561439355367,207.45561439355367,0.04558969276511397,0.04558969276511397,0.0,0.04558969276511397,0.0,0,0.0,46,2.0064808739983353,4.847787108941211,0.8526653942275458,169.4
main,v040,LOLO-nes-f1,secondary,LOLO,nested,1,A,IPPO|ippo_nr_seed23,IPPO,23,T,"June 2026, current reward",all,-6314.703037379752,4856.790723570157,1421.0776832095944,4.2096306,32.625,2013.8683879091745,2012.8159802591745,0.006144697720515362,0.0046580773042616454,0.0014866204162537165,0.006045589692765114,0.07750247770069375,221,2.102675916749257,62,1.8707040614200214,4.847787108941211,0.863214861823274,168.84
main,v040,LOLO-nes-f1,secondary,LOLO,nested,1,A,IPPO|ippo_nr_seed23,IPPO,23,T,"June 2026, current reward",0,-1055.9022257228523,943.822524487736,103.47988783511619,1.0998134,7.5,190.02802244364227,189.75306909364227,0.003964321110009911,0.0,0.003964321110009911,0.003964321110009911,0.27849355797819625,57,5.423191278493558,4,1.4632370312891807,1.6678728435509498,0.9623323986259683,168.84
main,v040,LOLO-nes-f1,secondary,LOLO,nested,1,A,IPPO|ippo_nr_seed23,IPPO,23,T,"June 2026, current reward",1,-628.3351666025612,548.6234851674451,76.47988783511619,0.6067936,2.625,198.17697422907335,198.02527582907334,0.002973240832507433,0.0,0.002973240832507433,0.002973240832507433,0.1159563924677899,32,3.044598612487612,3,1.2384169620826768,1.6678728435509498,0.949776531501291,168.84
main,v040,LOLO-nes-f1,secondary,LOLO,nested,1,A,IPPO|ippo_nr_seed23,IPPO,23,T,"June 2026, current reward",2,-285.2059472554327,285.2059472554327,0.0,0.0,0.0,207.0872598572126,207.0872598572126,0.0,0.0,0.0,0.0,0.0,0,0.0,0,0.0,0.0,0.0,168.84
main,v040,LOLO-nes-f1,secondary,LOLO,nested,1,A,IPPO|ippo_nr_seed23,IPPO,23,T,"June 2026, current reward",3,-164.8433877217286,137.8433877217286,27.0,0.0,0.0,207.34821457438574,207.34821457438574,0.0009910802775024777,0.0009910802775024777,0.0,0.0009910802775024777,0.0,0,0.0,1,4.847787108941211,4.847787108941211,1.0,168.84
main,v040,LOLO-nes-f1,secondary,LOLO,nested,1,A,IPPO|ippo_nr_seed23,IPPO,23,T,"June 2026, current reward",4,-785.5201113281853,658.067315857953,125.95977567023239,0.4930198,1.0,194.6292465861901,194.50599163619012,0.004955401387512388,0.0,0.004955401387512388,0.004955401387512388,0.14469772051536176,26,2.4737363726461843,5,1.340455543932119,1.6678728435509498,0.9397318378015493,168.84
main,v040,LOLO-nes-f1,secondary,LOLO,nested,1,A,IPPO|ippo_nr_seed23,IPPO,23,T,"June 2026, current reward",5,-409.22714330450356,406.9616711045036,0.0,0.2654722,2.0,204.72369460931273,204.6573265593127,0.0,0.0,0.0,0.0,0.03270564915758176,14,1.33201189296333,0,0.0,0.0,0.0,168.84
main,v040,LOLO-nes-f1,secondary,LOLO,nested,1,A,IPPO|ippo_nr_seed23,IPPO,23,T,"June 2026, current reward",6,-792.6063418377242,761.7050374026081,22.479887835116195,0.7964166,7.625,198.02242222777318,197.8233180777732,0.0019821605550049554,0.0,0.0019821605550049554,0.0009910802775024777,0.0931615460852329,42,3.9960356788899905,2,0.449697460280194,0.8493295945038731,0.449697460280194,168.84
main,v040,LOLO-nes-f1,secondary,LOLO,nested,1,A,IPPO|ippo_nr_seed23,IPPO,23,T,"June 2026, current reward",7,-675.4912968023127,637.1569556023128,27.0,0.8343412000000001,10.5,199.75472046704874,199.54613516704873,0.0009910802775024777,0.0,0.0009910802775024777,0.0009910802775024777,0.10604558969276512,44,4.186323092170466,1,1.6678728435509498,1.6678728435509498,1.0,168.84
main,v040,LOLO-nes-f1,secondary,LOLO,nested,1,A,IPPO|ippo_nr_seed23,IPPO,23,T,"June 2026, current reward",8,-397.9258746227333,396.4371008227333,0.0,0.11377380000000001,1.375,206.64221852098245,206.61377507098246,0.0,0.0,0.0,0.0,0.003964321110009911,6,0.5708622398414271,0,0.0,0.0,0.0,168.84
main,v040,LOLO-nes-f1,secondary,LOLO,nested,1,A,IPPO|ippo_nr_seed23,IPPO,23,T,"June 2026, current reward",9,-1119.6455421817172,80.9672981477038,1038.6782440340135,0.0,0.0,207.45561439355367,207.45561439355367,0.04558969276511397,0.04558969276511397,0.0,0.04558969276511397,0.0,0,0.0,46,2.0064808739983353,4.847787108941211,0.8526653942275458,168.84
main,v040,LOLO-nes-f1,secondary,LOLO,nested,1,A,IPPO|ippo_nr_seed42,IPPO,42,T,"June 2026, current reward",all,-6300.085083071195,4827.822127426485,1443.5575710447106,3.8303846000000004,24.875,2013.1675814617201,2012.2099853117202,0.00624380574826561,0.0046580773042616454,0.0015857284440039642,0.006144697720515362,0.08077304261645193,201,1.9123885034687813,63,5.884523329074328,255.74885914140773,0.8629944607547121,169.36
main,v040,LOLO-nes-f1,secondary,LOLO,nested,1,A,IPPO|ippo_nr_seed42,IPPO,42,T,"June 2026, current reward",0,-1028.1610544507153,946.0209762155989,76.47988783511619,0.9101904000000001,4.75,189.81255791625733,189.58501031625735,0.002973240832507433,0.0,0.002973240832507433,0.002973240832507433,0.26560951437066405,47,4.47175421209118,3,1.3950250938685909,1.6678728435509498,0.949776531501291,169.36
main,v040,LOLO-nes-f1,secondary,LOLO,nested,1,A,IPPO|ippo_nr_seed42,IPPO,42,T,"June 2026, current reward",1,-627.312670836975,548.3889140018589,76.47988783511619,0.5688690000000001,1.875,198.26006058847898,198.117843338479,0.002973240832507433,0.0,0.002973240832507433,0.002973240832507433,0.12388503468780972,30,2.8543111992071357,3,1.2384169620826768,1.6678728435509498,0.949776531501291,169.36
main,v040,LOLO-nes-f1,secondary,LOLO,nested,1,A,IPPO|ippo_nr_seed42,IPPO,42,T,"June 2026, current reward",2,-285.2059472554327,285.2059472554327,0.0,0.0,0.0,207.0872598572126,207.0872598572126,0.0,0.0,0.0,0.0,0.0,0,0.0,0,0.0,0.0,0.0,169.36
main,v040,LOLO-nes-f1,secondary,LOLO,nested,1,A,IPPO|ippo_nr_seed42,IPPO,42,T,"June 2026, current reward",3,-164.8433877217286,137.8433877217286,27.0,0.0,0.0,207.34821457438574,207.34821457438574,0.0009910802775024777,0.0009910802775024777,0.0,0.0009910802775024777,0.0,0,0.0,1,4.847787108941211,4.847787108941211,1.0,169.36
main,v040,LOLO-nes-f1,secondary,LOLO,nested,1,A,IPPO|ippo_nr_seed42,IPPO,42,T,"June 2026, current reward",4,-732.4796909255435,658.7768954553112,71.95977567023239,0.4930198,1.25,194.50918799769852,194.38593304769853,0.002973240832507433,0.0,0.002973240832507433,0.002973240832507433,0.1337958374628345,26,2.4737363726461843,3,1.122177344186232,1.6678728435509498,0.8995530630025822,169.36
main,v040,LOLO-nes-f1,secondary,LOLO,nested,1,A,IPPO|ippo_nr_seed42,IPPO,42,T,"June 2026, current reward",5,-416.53235819473184,416.45650899473185,0.0,0.0758492,0.0,205.404508396998,205.385546096998,0.0,0.0,0.0,0.0,0.019821605550049554,4,0.3805748265609515,0,0.0,0.0,0.0,169.36
main,v040,LOLO-nes-f1,secondary,LOLO,nested,1,A,IPPO|ippo_nr_seed42,IPPO,42,T,"June 2026, current reward",6,-803.0606149319425,723.3535734617102,71.95977567023239,0.8722658000000001,6.875,197.02248784078725,196.80442139078724,0.003964321110009911,0.0,0.003964321110009911,0.002973240832507433,0.13875123885034688,46,4.376610505450942,4,64.37439591411801,255.74885914140773,0.6871811287660653,169.36
main,v040,LOLO-nes-f1,secondary,LOLO,nested,1,A,IPPO|ippo_nr_seed42,IPPO,42,T,"June 2026, current reward",7,-725.5159048274014,635.2574128274014,81.0,0.7584919999999999,8.5,199.50486492662765,199.31524192662764,0.002973240832507433,0.0,0.002973240832507433,0.002973240832507433,0.11892963330029732,40,3.8057482656095147,3,1.6048735206445344,1.6678728435509498,1.0,169.36
main,v040,LOLO-nes-f1,secondary,LOLO,nested,1,A,IPPO|ippo_nr_seed42,IPPO,42,T,"June 2026, current reward",8,-397.32791174500744,395.55121334500745,0.0,0.1516984,1.625,206.76282496972055,206.72490036972056,0.0,0.0,0.0,0.0,0.006937561942517344,8,0.761149653121903,0,0.0,0.0,0.0,169.36
main,v040,LOLO-nes-f1,secondary,LOLO,nested,1,A,IPPO|ippo_nr_seed42,IPPO,42,T,"June 2026, current reward",9,-1119.6455421817172,80.9672981477038,1038.6782440340135,0.0,0.0,207.45561439355367,207.45561439355367,0.04558969276511397,0.04558969276511397,0.0,0.04558969276511397,0.0,0,0.0,46,2.0064808739983353,4.847787108941211,0.8526653942275458,169.36
main,v040,LOLO-nes-f1,secondary,LOLO,nested,1,A,IPPO|ippo_nr_seed64,IPPO,64,T,"June 2026, current reward",all,-6416.933062995855,4817.194255343381,1557.7103080524744,4.7784996,37.25,2011.893745936714,2010.6991210367141,0.006739345887016849,0.0046580773042616454,0.0020812685827552033,0.006640237859266601,0.08800792864222003,251,2.3881070366699704,68,1.808127841148102,4.847787108941211,0.8628491508991029,168.72
main,v040,LOLO-nes-f1,secondary,LOLO,nested,1,A,IPPO|ippo_nr_seed64,IPPO,64,T,"June 2026, current reward",0,-1039.6727548418462,940.4005814340821,86.73273700776397,1.2894364,11.25,189.897390960064,189.57503186006403,0.003964321110009911,0.0,0.003964321110009911,0.003964321110009911,0.2993062438057483,67,6.374628344895937,4,1.156709230173508,1.6678728435509498,0.8227728083980332,168.72
main,v040,LOLO-nes-f1,secondary,LOLO,nested,1,A,IPPO|ippo_nr_seed64,IPPO,64,T,"June 2026, current reward",1,-628.9026793833198,549.8539225482036,76.47988783511619,0.5688690000000001,2.0,198.36925586624272,198.2270386162427,0.002973240832507433,0.0,0.002973240832507433,0.002973240832507433,0.11892963330029732,30,2.8543111992071357,3,1.2384169620826768,1.6678728435509498,0.949776531501291,168.72
main,v040,LOLO-nes-f1,secondary,LOLO,nested,1,A,IPPO|ippo_nr_seed64,IPPO,64,T,"June 2026, current reward",2,-314.43233706709805,285.81856326709806,27.0,0.11377380000000001,1.5,207.26912376497833,207.24068031497833,0.0009910802775024777,0.0,0.0009910802775024777,0.0009910802775024777,0.002973240832507433,6,0.5708622398414271,1,1.6678728435509498,1.6678728435509498,1.0,168.72
main,v040,LOLO-nes-f1,secondary,LOLO,nested,1,A,IPPO|ippo_nr_seed64,IPPO,64,T,"June 2026, current reward",3,-164.8433877217286,137.8433877217286,27.0,0.0,0.0,207.34821457438574,207.34821457438574,0.0009910802775024777,0.0009910802775024777,0.0,0.0009910802775024777,0.0,0,0.0,1,4.847787108941211,4.847787108941211,1.0,168.72
main,v040,LOLO-nes-f1,secondary,LOLO,nested,1,A,IPPO|ippo_nr_seed64,IPPO,64,T,"June 2026, current reward",4,-756.962514293619,651.4071712233866,98.95977567023239,0.7205674,5.875,194.02004984742422,193.83990799742423,0.003964321110009911,0.0,0.003964321110009911,0.003964321110009911,0.13181367690782952,38,3.615460852329039,4,1.2586012190274114,1.6678728435509498,0.9246647972519366,168.72
main,v040,LOLO-nes-f1,secondary,LOLO,nested,1,A,IPPO|ippo_nr_seed64,IPPO,64,T,"June 2026, current reward",5,-447.27027937225137,396.1919947371352,49.8998878351162,0.30339679999999997,0.875,204.2115256415721,204.13567644157212,0.0019821605550049554,0.0,0.0019821605550049554,0.0019821605550049554,0.05550049554013875,16,1.522299306243806,2,1.2656012190274115,1.6678728435509498,0.9316647972519366,168.72
main,v040,LOLO-nes-f1,secondary,LOLO,nested,1,A,IPPO|ippo_nr_seed64,IPPO,64,T,"June 2026, current reward",6,-784.2624902892096,752.7853366540934,22.479887835116195,0.8722658,8.125,197.3356941811183,197.11762773111832,0.0019821605550049554,0.0,0.0019821605550049554,0.0009910802775024777,0.1110009910802775,46,4.376610505450942,2,0.449697460280194,0.8493295945038731,0.449697460280194,168.72
main,v040,LOLO-nes-f1,secondary,LOLO,nested,1,A,IPPO|ippo_nr_seed64,IPPO,64,T,"June 2026, current reward",7,-769.8234779560313,633.9488719209152,130.4798878351162,0.6447182,4.75,199.95906786879087,199.79788831879085,0.004955401387512388,0.0,0.004955401387512388,0.004955401387512388,0.14866204162537167,34,3.2348860257680876,5,1.4663645999976853,1.6678728435509498,0.9698659189007746,168.72
main,v040,LOLO-nes-f1,secondary,LOLO,nested,1,A,IPPO|ippo_nr_seed64,IPPO,64,T,"June 2026, current reward",8,-391.1175998890342,387.9771276890342,0.0,0.26547220000000005,2.875,206.02780883858406,205.96144078858407,0.0,0.0,0.0,0.0,0.011892963330029732,14,1.33201189296333,0,0.0,0.0,0.0,168.72
main,v040,LOLO-nes-f1,secondary,LOLO,nested,1,A,IPPO|ippo_nr_seed64,IPPO,64,T,"June 2026, current reward",9,-1119.6455421817172,80.9672981477038,1038.6782440340135,0.0,0.0,207.45561439355367,207.45561439355367,0.04558969276511397,0.04558969276511397,0.0,0.04558969276511397,0.0,0,0.0,46,2.0064808739983353,4.847787108941211,0.8526653942275458,168.72
main,v040,LOLO-nes-f1,secondary,LOLO,nested,1,A,IPPO|ippo_nr_seed77,IPPO,77,T,"June 2026, current reward",all,-6468.836899170545,4807.806035890717,1628.4574588798268,4.3234044,28.25,2014.5298798710867,2013.4490287710864,0.006937561942517344,0.0046580773042616454,0.002576808721506442,0.006838453914767096,0.08771060455896927,227,2.1597621407333993,70,5492.768428798439,110236.04404561648,0.8747425803150106,169.4
main,v040,LOLO-nes-f1,secondary,LOLO,nested,1,A,IPPO|ippo_nr_seed77,IPPO,77,T,"June 2026, current reward",0,-1052.218977299688,939.4763514645717,103.47988783511619,1.137738,8.125,189.49324566582857,189.20881116582856,0.003964321110009911,0.0,0.003964321110009911,0.003964321110009911,0.28543111992071357,59,5.613478691774034,4,1.4632370312891807,1.6678728435509498,0.9623323986259683,169.4
main,v040,LOLO-nes-f1,secondary,LOLO,nested,1,A,IPPO|ippo_nr_seed77,IPPO,77,T,"June 2026, current reward",1,-626.1839311056963,546.34724967058,76.47988783511619,0.6067936,2.75,198.09420185897912,197.94250345897913,0.002973240832507433,0.0,0.002973240832507433,0.002973240832507433,0.13478691774033696,32,3.044598612487612,3,1.2384169620826768,1.6678728435509498,0.949776531501291,169.4
main,v040,LOLO-nes-f1,secondary,LOLO,nested,1,A,IPPO|ippo_nr_seed77,IPPO,77,T,"June 2026, current reward",2,-285.2059472554327,285.2059472554327,0.0,0.0,0.0,207.0872598572126,207.0872598572126,0.0,0.0,0.0,0.0,0.0,0,0.0,0,0.0,0.0,0.0,169.4
main,v040,LOLO-nes-f1,secondary,LOLO,nested,1,A,IPPO|ippo_nr_seed77,IPPO,77,T,"June 2026, current reward",3,-164.8433877217286,137.8433877217286,27.0,0.0,0.0,207.34821457438574,207.34821457438574,0.0009910802775024777,0.0009910802775024777,0.0,0.0009910802775024777,0.0,0,0.0,1,4.847787108941211,4.847787108941211,1.0,169.4
main,v040,LOLO-nes-f1,secondary,LOLO,nested,1,A,IPPO|ippo_nr_seed77,IPPO,77,T,"June 2026, current reward",4,-783.3366713351544,653.395102064922,125.95977567023239,0.6067936,3.375,194.2908377610516,194.1391393610516,0.004955401387512388,0.0,0.004955401387512388,0.004955401387512388,0.1466798810703667,32,3.044598612487612,5,1.340455543932119,1.6678728435509498,0.9397318378015493,169.4
main,v040,LOLO-nes-f1,secondary,LOLO,nested,1,A,IPPO|ippo_nr_seed77,IPPO,77,T,"June 2026, current reward",5,-451.7526347685162,400.42435013339997,49.8998878351162,0.3033968,1.125,204.7547220936438,204.6788728936438,0.0019821605550049554,0.0,0.0019821605550049554,0.0019821605550049554,0.048562933597621406,16,1.522299306243806,2,1.2656012190274115,1.6678728435509498,0.9316647972519366,169.4
main,v040,LOLO-nes-f1,secondary,LOLO,nested,1,A,IPPO|ippo_nr_seed77,IPPO,77,T,"June 2026, current reward",6,-856.7803822116653,722.2095669414329,125.95977567023237,0.9860396,7.625,196.96289577494042,196.71638587494044,0.005946481665014866,0.0,0.005946481665014866,0.004955401387512388,0.15163528245787908,52,4.947472745292369,6,86.11058635074069,257.4980616044213,0.7914540858440434,169.4
main,v040,LOLO-nes-f1,secondary,LOLO,nested,1,A,IPPO|ippo_nr_seed77,IPPO,77,T,"June 2026, current reward",7,-699.6432773643822,639.9985591643823,54.0,0.6447182,5.0,200.13167039318438,199.97049084318434,0.0019821605550049554,0.0,0.0019821605550049554,0.0019821605550049554,0.10703666997026759,34,3.2348860257680876,2,1.6678728435509498,1.6678728435509498,1.0,169.4
main,v040,LOLO-nes-f1,secondary,LOLO,nested,1,A,IPPO|ippo_nr_seed77,IPPO,77,T,"June 2026, current reward",8,-401.76841414961723,401.76841414961723,0.0,0.0,0.0,206.97916628947758,206.97916628947758,0.0,0.0,0.0,0.0,0.0,0,0.0,0,0.0,0.0,0.0,169.4
main,v040,LOLO-nes-f1,secondary,LOLO,nested,1,A,IPPO|ippo_nr_seed77,IPPO,77,T,"June 2026, current reward",9,-1147.1032759586633,81.13710732465009,1065.6782440340135,0.0379246,0.25,209.38766560238295,209.37818445238295,0.04658077304261645,0.04558969276511397,0.003964321110009911,0.04658077304261645,0.002973240832507433,2,0.19028741328047574,47,8169.151942251511,110236.04404561648,0.8558001730737683,169.4
main,v040,LOLO-nes-f1,secondary,LOLO,nested,1,A,IPPO|ippo_nr_seed99,IPPO,99,T,"June 2026, current reward",all,-6541.411062881215,4837.960390001389,1682.0374588798268,3.413214,18.0,2016.2357795230441,2015.382476023044,0.00713577799801784,0.0046580773042616454,0.002477700693756194,0.007036669970267592,0.08513379583746283,179,1.7030723488602577,72,8.899270428270341,257.4980616044213,0.8780275086395936,168.66
main,v040,LOLO-nes-f1,secondary,LOLO,nested,1,A,IPPO|ippo_nr_seed99,IPPO,99,T,"June 2026, current reward",0,-1081.875737090802,949.7019802556858,130.4798878351162,0.5688690000000001,1.125,190.57411294064156,190.43189569064154,0.004955401387512388,0.0,0.004955401387512388,0.004955401387512388,0.25173439048562934,29,2.759167492566898,5,1.5041641937415346,1.6678728435509498,0.9698659189007746,168.66
main,v040,LOLO-nes-f1,secondary,LOLO,nested,1,A,IPPO|ippo_nr_seed99,IPPO,99,T,"June 2026, current reward",1,-633.7746965233747,554.3509396882584,76.47988783511619,0.5688690000000001,2.375,198.7486304380643,198.60641318806432,0.002973240832507433,0.0,0.002973240832507433,0.002973240832507433,0.11000991080277503,30,2.8543111992071357,3,1.2384169620826768,1.6678728435509498,0.949776531501291,168.66
main,v040,LOLO-nes-f1,secondary,LOLO,nested,1,A,IPPO|ippo_nr_seed99,IPPO,99,T,"June 2026, current reward",2,-285.2059472554327,285.2059472554327,0.0,0.0,0.0,207.0872598572126,207.0872598572126,0.0,0.0,0.0,0.0,0.0,0,0.0,0,0.0,0.0,0.0,168.66
main,v040,LOLO-nes-f1,secondary,LOLO,nested,1,A,IPPO|ippo_nr_seed99,IPPO,99,T,"June 2026, current reward",3,-164.8433877217286,137.8433877217286,27.0,0.0,0.0,207.34821457438574,207.34821457438574,0.0009910802775024777,0.0009910802775024777,0.0,0.0009910802775024777,0.0,0,0.0,1,4.847787108941211,4.847787108941211,1.0,168.66
main,v040,LOLO-nes-f1,secondary,LOLO,nested,1,A,IPPO|ippo_nr_seed99,IPPO,99,T,"June 2026, current reward",4,-783.59692947229,654.3182848020576,125.95977567023239,0.5688690000000001,2.75,194.44521014010803,194.30299289010804,0.004955401387512388,0.0,0.004955401387512388,0.004955401387512388,0.14866204162537167,30,2.8543111992071357,5,1.340455543932119,1.6678728435509498,0.9397318378015493,168.66
main,v040,LOLO-nes-f1,secondary,LOLO,nested,1,A,IPPO|ippo_nr_seed99,IPPO,99,T,"June 2026, current reward",5,-420.2747313485082,420.19888214850823,0.0,0.0758492,0.0,205.65403781111215,205.63507551111212,0.0,0.0,0.0,0.0,0.017839444995044598,4,0.3805748265609515,0,0.0,0.0,0.0,168.66
main,v040,LOLO-nes-f1,secondary,LOLO,nested,1,A,IPPO|ippo_nr_seed99,IPPO,99,T,"June 2026, current reward",6,-827.6392640190043,720.394297948772,98.95977567023239,0.9101904000000001,7.375,196.72560157870157,196.4980539787016,0.004955401387512388,0.0,0.004955401387512388,0.003964321110009911,0.14469772051536176,48,4.566897918731417,5,102.99912905217866,257.4980616044213,0.7497449030128522,168.66
main,v040,LOLO-nes-f1,secondary,LOLO,nested,1,A,IPPO|ippo_nr_seed99,IPPO,99,T,"June 2026, current reward",7,-828.4714301371757,639.5968241020595,184.4798878351162,0.6447182,3.75,201.6424036986893,201.48122414868925,0.006937561942517344,0.0,0.006937561942517344,0.006937561942517344,0.1734390485629336,34,3.2348860257680876,7,1.5239383838700464,1.6678728435509498,0.9784756563576961,168.66
main,v040,LOLO-nes-f1,secondary,LOLO,nested,1,A,IPPO|ippo_nr_seed99,IPPO,99,T,"June 2026, current reward",8,-396.0833971311823,395.38254793118233,0.0,0.0758492,0.625,206.55469409057545,206.53573179057545,0.0,0.0,0.0,0.0,0.004955401387512388,4,0.3805748265609515,0,0.0,0.0,0.0,168.66
main,v040,LOLO-nes-f1,secondary,LOLO,nested,1,A,IPPO|ippo_nr_seed99,IPPO,99,T,"June 2026, current reward",9,-1119.6455421817172,80.9672981477038,1038.6782440340135,0.0,0.0,207.45561439355367,207.45561439355367,0.04558969276511397,0.04558969276511397,0.0,0.04558969276511397,0.0,0,0.0,46,2.0064808739983353,4.847787108941211,0.8526653942275458,168.66
