tag,twin,world,tier,protocol,config,fold,experiment,ckpt_id,family,seed,cohorts,source,cluster,reward,energy_penalty,qos_penalty,switch_penalty,cooldown_penalty,energy_wh,energy_wh_steady,qos_violation_rate,delay_violation_rate,loss_violation_rate,qscore_below_tau_rate,usr_share,switches,switches_per_cluster_day,n_budget_violations,severity_mean,severity_max,q_shortfall_mean,seconds
main,v040,LOLO-nes-f0,secondary,LOLO,nested,0,A,MAPPO|wcnc2027_ablation/mappo_seed1/mappo_best.pt,MAPPO,1,R,wcnc2027_ablation 2026-09-14,all,-5095.491063002848,4708.237631678026,329.6181381248208,5.3852932000000004,52.25,1997.8183227982086,1996.4719994982086,0.0014866204162537165,0.00029732408325074334,0.0011892963330029733,0.0014866204162537165,0.07670961347869178,284,2.7020812685827553,15,46.503915039391245,262.91436659487954,0.8324847513884907,0.25
main,v040,LOLO-nes-f0,secondary,LOLO,nested,0,A,MAPPO|wcnc2027_ablation/mappo_seed1/mappo_best.pt,MAPPO,1,R,wcnc2027_ablation 2026-09-14,0,-938.7667564211708,927.9169430211709,0.0,1.0998134,9.75,186.91425592671993,186.6393025767199,0.0,0.0,0.0,0.0,0.21209117938553024,58,5.518334985133796,0,0.0,0.0,0.0,0.25
main,v040,LOLO-nes-f0,secondary,LOLO,nested,0,A,MAPPO|wcnc2027_ablation/mappo_seed1/mappo_best.pt,MAPPO,1,R,wcnc2027_ablation 2026-09-14,1,-604.7328000931886,542.3113834931887,54.0,0.7964166,7.625,196.5908354236417,196.39173127364168,0.0019821605550049554,0.0,0.0019821605550049554,0.0019821605550049554,0.10208126858275521,42,3.9960356788899905,2,1.4353167663348618,1.868016915146271,1.0,0.25
main,v040,LOLO-nes-f0,secondary,LOLO,nested,0,A,MAPPO|wcnc2027_ablation/mappo_seed1/mappo_best.pt,MAPPO,1,R,wcnc2027_ablation 2026-09-14,2,-299.3491525409647,281.5042161517046,16.231162589260116,0.11377380000000001,1.5,206.50792484051394,206.47948139051394,0.0009910802775024777,0.0,0.0009910802775024777,0.0009910802775024777,0.002973240832507433,6,0.5708622398414271,1,0.6410387529753372,0.6410387529753372,0.6410387529753372,0.25
main,v040,LOLO-nes-f0,secondary,LOLO,nested,0,A,MAPPO|wcnc2027_ablation/mappo_seed1/mappo_best.pt,MAPPO,1,R,wcnc2027_ablation 2026-09-14,3,-137.66242869830683,137.66242869830683,0.0,0.0,0.0,207.15558665690253,207.15558665690253,0.0,0.0,0.0,0.0,0.0,0,0.0,0,0.0,0.0,0.0,0.25
main,v040,LOLO-nes-f0,secondary,LOLO,nested,0,A,MAPPO|wcnc2027_ablation/mappo_seed1/mappo_best.pt,MAPPO,1,R,wcnc2027_ablation 2026-09-14,4,-707.0709527406684,640.8880601621481,59.46232517852023,0.7205674000000001,6.0,192.78034561103652,192.60020376103654,0.002973240832507433,0.0,0.002973240832507433,0.002973240832507433,0.14073339940535184,38,3.615460852329039,3,1.0500314736989818,1.868016915146271,0.7606925019835581,0.25
main,v040,LOLO-nes-f0,secondary,LOLO,nested,0,A,MAPPO|wcnc2027_ablation/mappo_seed1/mappo_best.pt,MAPPO,1,R,wcnc2027_ablation 2026-09-14,5,-390.17102164037,387.70470024036996,0.0,0.3413214,2.125,202.7171439236759,202.63181357367588,0.0,0.0,0.0,0.0,0.05054509415262636,18,1.7125867195242817,0,0.0,0.0,0.0,0.25
main,v040,LOLO-nes-f0,secondary,LOLO,nested,0,A,MAPPO|wcnc2027_ablation/mappo_seed1/mappo_best.pt,MAPPO,1,R,wcnc2027_ablation 2026-09-14,6,-801.8728367920336,711.7536864242533,75.69348776778034,1.1756626,13.25,195.20263622606652,194.90872057606651,0.003964321110009911,0.0,0.003964321110009911,0.003964321110009911,0.1199207135777998,62,5.898909811694748,4,66.20937071345139,262.91436659487954,0.7307790647315029,0.25
main,v040,LOLO-nes-f0,secondary,LOLO,nested,0,A,MAPPO|wcnc2027_ablation/mappo_seed1/mappo_best.pt,MAPPO,1,R,wcnc2027_ablation 2026-09-14,7,-658.3648147071665,624.8071719071665,27.0,0.6826428,5.875,197.99124896333922,197.82058826333918,0.0009910802775024777,0.0,0.0009910802775024777,0.0009910802775024777,0.11397423191278494,36,3.4251734390485633,1,1.1920244433313356,1.1920244433313356,1.0,0.25
main,v040,LOLO-nes-f0,secondary,LOLO,nested,0,A,MAPPO|wcnc2027_ablation/mappo_seed1/mappo_best.pt,MAPPO,1,R,wcnc2027_ablation 2026-09-14,8,-395.60366339586415,372.792405606604,16.231162589260116,0.45509520000000003,6.125,204.53592711815017,204.42215331815018,0.0009910802775024777,0.0,0.0009910802775024777,0.0009910802775024777,0.024777006937561942,24,2.2834489593657086,1,0.6410387529753372,0.6410387529753372,0.6410387529753372,0.25
main,v040,LOLO-nes-f0,secondary,LOLO,nested,0,A,MAPPO|wcnc2027_ablation/mappo_seed1/mappo_best.pt,MAPPO,1,R,wcnc2027_ablation 2026-09-14,9,-161.89663597311326,80.89663597311326,81.0,0.0,0.0,207.42241810816222,207.42241810816222,0.002973240832507433,0.002973240832507433,0.0,0.002973240832507433,0.0,0,0.0,3,141.40880427800485,157.92401471165365,1.0,0.25
main,v040,LOLO-nes-f0,secondary,LOLO,nested,0,A,Centralized PPO|wcnc2027_ablation/central_seed1/ppo_multi_site.zip,Centralized PPO,1,R,wcnc2027_ablation 2026-09-14,all,-19266.013686444647,6158.9892587420545,13063.104212902588,2.9202148,41.0,2286.230644554468,2285.500590854468,0.05857284440039643,0.010604558969276512,0.05827552031714569,0.05857284440039643,0.13201189296333002,152,1.4461843409316155,591,30.48012624832502,2273.185268772556,0.8367797074395144,0.65
main,v040,LOLO-nes-f0,secondary,LOLO,nested,0,A,Centralized PPO|wcnc2027_ablation/central_seed1/ppo_multi_site.zip,Centralized PPO,1,R,wcnc2027_ablation 2026-09-14,0,-1860.267882400191,989.775358651134,837.8308215490571,2.1617021999999997,30.5,206.06988022764003,205.52945467764002,0.035678889990089196,0.002973240832507433,0.035678889990089196,0.035678889990089196,0.3518334985133796,113,10.751238850346878,36,9.661211080340102,298.66350073587404,0.8757692792120899,0.65
main,v040,LOLO-nes-f0,secondary,LOLO,nested,0,A,Centralized PPO|wcnc2027_ablation/central_seed1/ppo_multi_site.zip,Centralized PPO,1,R,wcnc2027_ablation 2026-09-14,1,-867.5973344368833,867.5973344368833,0.0,0.0,0.0,206.60251259888184,206.60251259888184,0.0,0.0,0.0,0.0,0.0,0,0.0,0,0.0,0.0,0.0,0.65
main,v040,LOLO-nes-f0,secondary,LOLO,nested,0,A,Centralized PPO|wcnc2027_ablation/central_seed1/ppo_multi_site.zip,Centralized PPO,1,R,wcnc2027_ablation 2026-09-14,2,-284.7778766290005,284.7778766290005,0.0,0.0,0.0,206.7288077925314,206.7288077925314,0.0,0.0,0.0,0.0,0.0,0,0.0,0,0.0,0.0,0.0,0.65
main,v040,LOLO-nes-f0,secondary,LOLO,nested,0,A,Centralized PPO|wcnc2027_ablation/central_seed1/ppo_multi_site.zip,Centralized PPO,1,R,wcnc2027_ablation 2026-09-14,3,-137.66242869830683,137.66242869830683,0.0,0.0,0.0,207.15558665690253,207.15558665690253,0.0,0.0,0.0,0.0,0.0,0,0.0,0,0.0,0.0,0.0,0.65
main,v040,LOLO-nes-f0,secondary,LOLO,nested,0,A,Centralized PPO|wcnc2027_ablation/central_seed1/ppo_multi_site.zip,Centralized PPO,1,R,wcnc2027_ablation 2026-09-14,4,-983.1353533055744,955.5974287055744,27.0,0.0379246,0.5,206.94343359511456,206.93395244511456,0.0009910802775024777,0.0,0.0009910802775024777,0.0009910802775024777,0.0009910802775024777,2,0.19028741328047574,1,1.868016915146271,1.868016915146271,1.0,0.65
main,v040,LOLO-nes-f0,secondary,LOLO,nested,0,A,Centralized PPO|wcnc2027_ablation/central_seed1/ppo_multi_site.zip,Centralized PPO,1,R,wcnc2027_ablation 2026-09-14,5,-442.5363323620205,442.5363323620205,0.0,0.0,0.0,206.64624420771796,206.64624420771796,0.0,0.0,0.0,0.0,0.0,0,0.0,0,0.0,0.0,0.0,0.65
main,v040,LOLO-nes-f0,secondary,LOLO,nested,0,A,Centralized PPO|wcnc2027_ablation/central_seed1/ppo_multi_site.zip,Centralized PPO,1,R,wcnc2027_ablation 2026-09-14,6,-953.9243660016685,952.8485168016686,0.0,0.0758492,1.0,206.56865103630952,206.5496887363095,0.0,0.0,0.0,0.0,0.0019821605550049554,3,0.28543111992071357,0,0.0,0.0,0.0,0.65
main,v040,LOLO-nes-f0,secondary,LOLO,nested,0,A,Centralized PPO|wcnc2027_ablation/central_seed1/ppo_multi_site.zip,Centralized PPO,1,R,wcnc2027_ablation 2026-09-14,7,-13172.963491629522,1046.0453614759906,12117.273391353534,0.6447388000000001,9.0,425.4517389590038,425.29055425900384,0.5460852329038652,0.10009910802775025,0.5460852329038652,0.5460852329038652,0.9653121902874133,34,3.2348860257680876,551,31.28830596028799,2273.185268772556,0.8330473920964024,0.65
main,v040,LOLO-nes-f0,secondary,LOLO,nested,0,A,Centralized PPO|wcnc2027_ablation/central_seed1/ppo_multi_site.zip,Centralized PPO,1,R,wcnc2027_ablation 2026-09-14,8,-401.25198500836296,401.25198500836296,0.0,0.0,0.0,206.6413713722042,206.6413713722042,0.0,0.0,0.0,0.0,0.0,0,0.0,0,0.0,0.0,0.0,0.65
main,v040,LOLO-nes-f0,secondary,LOLO,nested,0,A,Centralized PPO|wcnc2027_ablation/central_seed1/ppo_multi_site.zip,Centralized PPO,1,R,wcnc2027_ablation 2026-09-14,9,-161.89663597311326,80.89663597311326,81.0,0.0,0.0,207.42241810816222,207.42241810816222,0.002973240832507433,0.002973240832507433,0.0,0.002973240832507433,0.0,0,0.0,3,141.40880427800485,157.92401471165365,1.0,0.65
main,v040,LOLO-nes-f0,secondary,LOLO,nested,0,A,Shared-PPO|wcnc2027_ablation/shared_ppo_seed1/mappo_best.pt,Shared-PPO,1,R,wcnc2027_ablation 2026-09-14 (supplementary ablation),all,-5477.016472536392,4713.074247321425,712.8406106149667,5.7266146,45.375,2000.6007624175459,1999.1691087675463,0.0031714568880079285,0.00029732408325074334,0.0028741328047571855,0.0031714568880079285,0.10128840436075322,302,2.8733399405351836,32,31.797139405606174,298.66350073587404,0.8425423027239236,0.25
main,v040,LOLO-nes-f0,secondary,LOLO,nested,0,A,Shared-PPO|wcnc2027_ablation/shared_ppo_seed1/mappo_best.pt,Shared-PPO,1,R,wcnc2027_ablation 2026-09-14 (supplementary ablation),0,-986.8229002183136,930.2756028290535,43.231162589260116,1.4411348,11.875,187.58686966812985,187.22658596812985,0.0019821605550049554,0.0,0.0019821605550049554,0.0019821605550049554,0.2804757185332012,76,7.230921704658078,2,1.2545278340608041,1.868016915146271,0.8205193764876686,0.25
main,v040,LOLO-nes-f0,secondary,LOLO,nested,0,A,Shared-PPO|wcnc2027_ablation/shared_ppo_seed1/mappo_best.pt,Shared-PPO,1,R,wcnc2027_ablation 2026-09-14 (supplementary ablation),1,-615.4850849569339,541.6850533676738,70.23116258926012,0.5688690000000001,3.0,196.93024933585366,196.78803208585362,0.002973240832507433,0.0,0.002973240832507433,0.002973240832507433,0.13974231912784935,30,2.8543111992071357,3,1.1705574285483535,1.868016915146271,0.8803462509917791,0.25
main,v040,LOLO-nes-f0,secondary,LOLO,nested,0,A,Shared-PPO|wcnc2027_ablation/shared_ppo_seed1/mappo_best.pt,Shared-PPO,1,R,wcnc2027_ablation 2026-09-14 (supplementary ablation),2,-303.02491000847215,283.56619981921204,16.231162589260116,0.22754760000000002,3.0,206.8531213806212,206.7962344806212,0.0009910802775024777,0.0,0.0009910802775024777,0.0009910802775024777,0.006937561942517344,12,1.1417244796828543,1,0.6410387529753372,0.6410387529753372,0.6410387529753372,0.25
main,v040,LOLO-nes-f0,secondary,LOLO,nested,0,A,Shared-PPO|wcnc2027_ablation/shared_ppo_seed1/mappo_best.pt,Shared-PPO,1,R,wcnc2027_ablation 2026-09-14 (supplementary ablation),3,-138.42436430646984,137.88643970646984,0.0,0.0379246,0.5,207.2078525917207,207.1983714417207,0.0,0.0,0.0,0.0,0.0009910802775024777,2,0.19028741328047574,0,0.0,0.0,0.0,0.25
main,v040,LOLO-nes-f0,secondary,LOLO,nested,0,A,Shared-PPO|wcnc2027_ablation/shared_ppo_seed1/mappo_best.pt,Shared-PPO,1,R,wcnc2027_ablation 2026-09-14 (supplementary ablation),4,-785.1476960827555,640.6656527042353,140.46232517852025,0.6447182,3.375,193.04195190932535,192.88077235932536,0.005946481665014866,0.0,0.005946481665014866,0.005946481665014866,0.1694747274529237,34,3.2348860257680876,6,1.4590241944226265,1.868016915146271,0.8803462509917791,0.25
main,v040,LOLO-nes-f0,secondary,LOLO,nested,0,A,Shared-PPO|wcnc2027_ablation/shared_ppo_seed1/mappo_best.pt,Shared-PPO,1,R,wcnc2027_ablation 2026-09-14 (supplementary ablation),5,-442.04210988708746,389.7163597366446,48.49565495044289,0.45509520000000003,3.375,203.12606326731375,203.01228946731376,0.002973240832507433,0.0,0.002973240832507433,0.002973240832507433,0.06937561942517344,24,2.2834489593657086,3,0.6388406105604766,0.6410387529753372,0.6388406105604766,0.25
main,v040,LOLO-nes-f0,secondary,LOLO,nested,0,A,Shared-PPO|wcnc2027_ablation/shared_ppo_seed1/mappo_best.pt,Shared-PPO,1,R,wcnc2027_ablation 2026-09-14 (supplementary ablation),6,-906.7562559072561,711.6371055394758,183.69348776778037,1.1756626000000001,10.25,195.6861429733043,195.39222732330433,0.007928642220019821,0.0,0.007928642220019821,0.007928642220019821,0.1595639246778989,62,5.898909811694748,8,71.13812929188981,298.66350073587404,0.8653895323657514,0.25
main,v040,LOLO-nes-f0,secondary,LOLO,nested,0,A,Shared-PPO|wcnc2027_ablation/shared_ppo_seed1/mappo_best.pt,Shared-PPO,1,R,wcnc2027_ablation 2026-09-14 (supplementary ablation),7,-725.0479643117417,622.331991739819,97.03332977192267,0.6826428,5.0,197.96824263454698,197.797581934547,0.003964321110009911,0.0,0.003964321110009911,0.003964321110009911,0.1466798810703667,36,3.4251734390485633,4,1.3906256498386584,1.868016915146271,0.9086110814326889,0.25
main,v040,LOLO-nes-f0,secondary,LOLO,nested,0,A,Shared-PPO|wcnc2027_ablation/shared_ppo_seed1/mappo_best.pt,Shared-PPO,1,R,wcnc2027_ablation 2026-09-14 (supplementary ablation),8,-412.36855088424784,374.41320590572764,32.46232517852023,0.4930198,5.0,204.77785054856813,204.6545955985681,0.0019821605550049554,0.0,0.0019821605550049554,0.0019821605550049554,0.03964321110009911,26,2.4737363726461843,2,0.6410387529753372,0.6410387529753372,0.6410387529753372,0.25
main,v040,LOLO-nes-f0,secondary,LOLO,nested,0,A,Shared-PPO|wcnc2027_ablation/shared_ppo_seed1/mappo_best.pt,Shared-PPO,1,R,wcnc2027_ablation 2026-09-14 (supplementary ablation),9,-161.89663597311326,80.89663597311326,81.0,0.0,0.0,207.42241810816222,207.42241810816222,0.002973240832507433,0.002973240832507433,0.0,0.002973240832507433,0.0,0,0.0,3,141.40880427800485,157.92401471165365,1.0,0.25
main,v040,LOLO-nes-f0,secondary,LOLO,nested,0,A,MAPPO|wcnc2027_ablation/mappo_seed7/mappo_best.pt,MAPPO,7,R,wcnc2027_ablation 2026-09-14,all,-5159.25441386998,4700.629347755899,399.8493007140809,5.650765400000001,53.125,1997.1961294262992,1995.783438076299,0.00178394449950446,0.00029732408325074334,0.0014866204162537165,0.00178394449950446,0.08216055500495541,298,2.8352824578790883,18,38.996433231896475,262.91436659487954,0.8404616679890388,0.25
main,v040,LOLO-nes-f0,secondary,LOLO,nested,0,A,MAPPO|wcnc2027_ablation/mappo_seed7/mappo_best.pt,MAPPO,7,R,wcnc2027_ablation 2026-09-14,0,-940.0796868838755,926.2902504838755,0.0,1.2894364,12.5,186.73551997371973,186.41316087371973,0.0,0.0,0.0,0.0,0.21902874132804756,68,6.469772051536175,0,0.0,0.0,0.0,0.25
main,v040,LOLO-nes-f0,secondary,LOLO,nested,0,A,MAPPO|wcnc2027_ablation/mappo_seed7/mappo_best.pt,MAPPO,7,R,wcnc2027_ablation 2026-09-14,1,-621.41485755642,542.8872783671599,70.23116258926012,0.7964166000000001,7.5,196.79264868491458,196.59354453491457,0.002973240832507433,0.0,0.002973240832507433,0.002973240832507433,0.10802775024777007,42,3.9960356788899905,3,1.1705574285483535,1.868016915146271,0.8803462509917791,0.25
main,v040,LOLO-nes-f0,secondary,LOLO,nested,0,A,MAPPO|wcnc2027_ablation/mappo_seed7/mappo_best.pt,MAPPO,7,R,wcnc2027_ablation 2026-09-14,2,-300.1289684910388,281.74610750177874,16.231162589260116,0.1516984,2.0,206.5590477246447,206.5211231246447,0.0009910802775024777,0.0,0.0009910802775024777,0.0009910802775024777,0.003964321110009911,8,0.761149653121903,1,0.6410387529753372,0.6410387529753372,0.6410387529753372,0.25
main,v040,LOLO-nes-f0,secondary,LOLO,nested,0,A,MAPPO|wcnc2027_ablation/mappo_seed7/mappo_best.pt,MAPPO,7,R,wcnc2027_ablation 2026-09-14,3,-137.66242869830683,137.66242869830683,0.0,0.0,0.0,207.15558665690253,207.15558665690253,0.0,0.0,0.0,0.0,0.0,0,0.0,0,0.0,0.0,0.0,0.25
main,v040,LOLO-nes-f0,secondary,LOLO,nested,0,A,MAPPO|wcnc2027_ablation/mappo_seed7/mappo_best.pt,MAPPO,7,R,wcnc2027_ablation 2026-09-14,4,-732.0378728610353,639.604980282515,86.46232517852023,0.7205674,5.25,192.66047324565665,192.48033139565666,0.003964321110009911,0.0,0.003964321110009911,0.003964321110009911,0.14767096134786917,38,3.615460852329039,4,1.2545278340608041,1.868016915146271,0.8205193764876686,0.25
main,v040,LOLO-nes-f0,secondary,LOLO,nested,0,A,MAPPO|wcnc2027_ablation/mappo_seed7/mappo_best.pt,MAPPO,7,R,wcnc2027_ablation 2026-09-14,5,-390.30507347417876,387.3008274741788,0.0,0.379246,2.625,202.71343471163195,202.61862321163196,0.0,0.0,0.0,0.0,0.05550049554013875,20,1.9028741328047574,0,0.0,0.0,0.0,0.25
main,v040,LOLO-nes-f0,secondary,LOLO,nested,0,A,MAPPO|wcnc2027_ablation/mappo_seed7/mappo_best.pt,MAPPO,7,R,wcnc2027_ablation 2026-09-14,6,-779.9287719135848,708.3287087350647,59.46232517852023,1.1377380000000001,11.0,194.79279161228004,194.50835711228,0.002973240832507433,0.0,0.002973240832507433,0.002973240832507433,0.13577799801783944,60,5.708622398414271,3,88.06548136694342,262.91436659487954,0.7606925019835581,0.25
main,v040,LOLO-nes-f0,secondary,LOLO,nested,0,A,MAPPO|wcnc2027_ablation/mappo_seed7/mappo_best.pt,MAPPO,7,R,wcnc2027_ablation 2026-09-14,7,-684.2518896348935,623.6942468348934,54.0,0.6826428,5.875,197.84980702593,197.67914632593002,0.0019821605550049554,0.0,0.0019821605550049554,0.0019821605550049554,0.1199207135777998,36,3.4251734390485633,2,1.5300206792388034,1.868016915146271,1.0,0.25
main,v040,LOLO-nes-f0,secondary,LOLO,nested,0,A,MAPPO|wcnc2027_ablation/mappo_seed7/mappo_best.pt,MAPPO,7,R,wcnc2027_ablation 2026-09-14,8,-411.5482283835335,372.21788340501325,32.46232517852023,0.4930198,6.375,204.51440168245688,204.3911467324569,0.0019821605550049554,0.0,0.0019821605550049554,0.0019821605550049554,0.031714568880079286,26,2.4737363726461843,2,0.6410387529753372,0.6410387529753372,0.6410387529753372,0.25
main,v040,LOLO-nes-f0,secondary,LOLO,nested,0,A,MAPPO|wcnc2027_ablation/mappo_seed7/mappo_best.pt,MAPPO,7,R,wcnc2027_ablation 2026-09-14,9,-161.89663597311326,80.89663597311326,81.0,0.0,0.0,207.42241810816222,207.42241810816222,0.002973240832507433,0.002973240832507433,0.0,0.002973240832507433,0.0,0,0.0,3,141.40880427800485,157.92401471165365,1.0,0.25
main,v040,LOLO-nes-f0,secondary,LOLO,nested,0,A,Centralized PPO|wcnc2027_ablation/central_seed7/ppo_multi_site.zip,Centralized PPO,7,R,wcnc2027_ablation 2026-09-14,all,-11238.232827445256,6143.669880724008,5085.656981721246,0.5309650000000001,8.375,2172.13814915597,2172.00540790597,0.022001982160555007,0.00178394449950446,0.021704658077304262,0.022001982160555007,0.09762140733399405,29,0.2759167492566898,222,12.634686156398782,298.66350073587404,0.8636121594176045,0.65
main,v040,LOLO-nes-f0,secondary,LOLO,nested,0,A,Centralized PPO|wcnc2027_ablation/central_seed7/ppo_multi_site.zip,Centralized PPO,7,R,wcnc2027_ablation 2026-09-14,0,-6276.14240472468,1262.579458003434,5004.656981721246,0.530965,8.375,311.26894402700725,311.13620277700727,0.21704658077304262,0.014866204162537165,0.21704658077304262,0.21704658077304262,0.9762140733399405,29,2.759167492566898,219,10.870657141034318,298.66350073587404,0.861743832834284,0.65
main,v040,LOLO-nes-f0,secondary,LOLO,nested,0,A,Centralized PPO|wcnc2027_ablation/central_seed7/ppo_multi_site.zip,Centralized PPO,7,R,wcnc2027_ablation 2026-09-14,1,-867.5973344368833,867.5973344368833,0.0,0.0,0.0,206.60251259888184,206.60251259888184,0.0,0.0,0.0,0.0,0.0,0,0.0,0,0.0,0.0,0.0,0.65
main,v040,LOLO-nes-f0,secondary,LOLO,nested,0,A,Centralized PPO|wcnc2027_ablation/central_seed7/ppo_multi_site.zip,Centralized PPO,7,R,wcnc2027_ablation 2026-09-14,2,-284.7778766290005,284.7778766290005,0.0,0.0,0.0,206.7288077925314,206.7288077925314,0.0,0.0,0.0,0.0,0.0,0,0.0,0,0.0,0.0,0.0,0.65
main,v040,LOLO-nes-f0,secondary,LOLO,nested,0,A,Centralized PPO|wcnc2027_ablation/central_seed7/ppo_multi_site.zip,Centralized PPO,7,R,wcnc2027_ablation 2026-09-14,3,-137.66242869830683,137.66242869830683,0.0,0.0,0.0,207.15558665690253,207.15558665690253,0.0,0.0,0.0,0.0,0.0,0,0.0,0,0.0,0.0,0.0,0.65
main,v040,LOLO-nes-f0,secondary,LOLO,nested,0,A,Centralized PPO|wcnc2027_ablation/central_seed7/ppo_multi_site.zip,Centralized PPO,7,R,wcnc2027_ablation 2026-09-14,4,-954.7577229249932,954.7577229249932,0.0,0.0,0.0,206.55995654413678,206.55995654413678,0.0,0.0,0.0,0.0,0.0,0,0.0,0,0.0,0.0,0.0,0.65
main,v040,LOLO-nes-f0,secondary,LOLO,nested,0,A,Centralized PPO|wcnc2027_ablation/central_seed7/ppo_multi_site.zip,Centralized PPO,7,R,wcnc2027_ablation 2026-09-14,5,-442.5363323620205,442.5363323620205,0.0,0.0,0.0,206.64624420771796,206.64624420771796,0.0,0.0,0.0,0.0,0.0,0,0.0,0,0.0,0.0,0.0,0.65
main,v040,LOLO-nes-f0,secondary,LOLO,nested,0,A,Centralized PPO|wcnc2027_ablation/central_seed7/ppo_multi_site.zip,Centralized PPO,7,R,wcnc2027_ablation 2026-09-14,6,-954.9025884800039,954.9025884800039,0.0,0.0,0.0,206.55411522813807,206.55411522813807,0.0,0.0,0.0,0.0,0.0,0,0.0,0,0.0,0.0,0.0,0.65
main,v040,LOLO-nes-f0,secondary,LOLO,nested,0,A,Centralized PPO|wcnc2027_ablation/central_seed7/ppo_multi_site.zip,Centralized PPO,7,R,wcnc2027_ablation 2026-09-14,7,-756.7075182078895,756.7075182078895,0.0,0.0,0.0,206.55819262028785,206.55819262028785,0.0,0.0,0.0,0.0,0.0,0,0.0,0,0.0,0.0,0.0,0.65
main,v040,LOLO-nes-f0,secondary,LOLO,nested,0,A,Centralized PPO|wcnc2027_ablation/central_seed7/ppo_multi_site.zip,Centralized PPO,7,R,wcnc2027_ablation 2026-09-14,8,-401.25198500836296,401.25198500836296,0.0,0.0,0.0,206.6413713722042,206.6413713722042,0.0,0.0,0.0,0.0,0.0,0,0.0,0,0.0,0.0,0.0,0.65
main,v040,LOLO-nes-f0,secondary,LOLO,nested,0,A,Centralized PPO|wcnc2027_ablation/central_seed7/ppo_multi_site.zip,Centralized PPO,7,R,wcnc2027_ablation 2026-09-14,9,-161.89663597311326,80.89663597311326,81.0,0.0,0.0,207.42241810816222,207.42241810816222,0.002973240832507433,0.002973240832507433,0.0,0.002973240832507433,0.0,0,0.0,3,141.40880427800485,157.92401471165365,1.0,0.65
main,v040,LOLO-nes-f0,secondary,LOLO,nested,0,A,Shared-PPO|wcnc2027_ablation/shared_ppo_seed7/mappo_best.pt,Shared-PPO,7,R,wcnc2027_ablation 2026-09-14 (supplementary ablation),all,-5136.884319633886,4717.251642309064,356.6181381248208,5.764539200000001,57.25,1998.581175929252,1997.1400411292516,0.0015857284440039642,0.00029732408325074334,0.001288404360753221,0.0015857284440039642,0.07413280475718534,304,2.892368681863231,16,43.71417140662594,262.91436659487954,0.84295445442671,0.25
main,v040,LOLO-nes-f0,secondary,LOLO,nested,0,A,Shared-PPO|wcnc2027_ablation/shared_ppo_seed7/mappo_best.pt,Shared-PPO,7,R,wcnc2027_ablation 2026-09-14 (supplementary ablation),0,-944.3554306963882,930.7289188963882,0.0,1.2515118,12.375,187.1682941965661,186.8554162465661,0.0,0.0,0.0,0.0,0.199207135777998,66,6.279484638255699,0,0.0,0.0,0.0,0.25
main,v040,LOLO-nes-f0,secondary,LOLO,nested,0,A,Shared-PPO|wcnc2027_ablation/shared_ppo_seed7/mappo_best.pt,Shared-PPO,7,R,wcnc2027_ablation 2026-09-14 (supplementary ablation),1,-609.9958503222343,546.6615091222343,54.0,0.8343412000000001,8.5,197.04527020014916,196.83668490014912,0.0019821605550049554,0.0,0.0019821605550049554,0.0019821605550049554,0.09712586719524281,44,4.186323092170466,2,1.4353167663348618,1.868016915146271,1.0,0.25
main,v040,LOLO-nes-f0,secondary,LOLO,nested,0,A,Shared-PPO|wcnc2027_ablation/shared_ppo_seed7/mappo_best.pt,Shared-PPO,7,R,wcnc2027_ablation 2026-09-14 (supplementary ablation),2,-298.62273038359297,280.36486939433286,16.231162589260116,0.1516984,1.875,206.3867148192718,206.3487902192718,0.0009910802775024777,0.0,0.0009910802775024777,0.0009910802775024777,0.004955401387512388,8,0.761149653121903,1,0.6410387529753372,0.6410387529753372,0.6410387529753372,0.25
main,v040,LOLO-nes-f0,secondary,LOLO,nested,0,A,Shared-PPO|wcnc2027_ablation/shared_ppo_seed7/mappo_best.pt,Shared-PPO,7,R,wcnc2027_ablation 2026-09-14 (supplementary ablation),3,-137.66242869830683,137.66242869830683,0.0,0.0,0.0,207.15558665690253,207.15558665690253,0.0,0.0,0.0,0.0,0.0,0,0.0,0,0.0,0.0,0.0,0.25
main,v040,LOLO-nes-f0,secondary,LOLO,nested,0,A,Shared-PPO|wcnc2027_ablation/shared_ppo_seed7/mappo_best.pt,Shared-PPO,7,R,wcnc2027_ablation 2026-09-14 (supplementary ablation),4,-735.9024327104084,640.855766331888,86.46232517852023,0.8343412,7.75,192.74445087795493,192.53586557795495,0.003964321110009911,0.0,0.003964321110009911,0.003964321110009911,0.13875123885034688,44,4.186323092170466,4,1.2545278340608041,1.868016915146271,0.8205193764876686,0.25
main,v040,LOLO-nes-f0,secondary,LOLO,nested,0,A,Shared-PPO|wcnc2027_ablation/shared_ppo_seed7/mappo_best.pt,Shared-PPO,7,R,wcnc2027_ablation 2026-09-14 (supplementary ablation),5,-390.23006169303443,387.1008156930344,0.0,0.379246,2.75,202.6615957837358,202.56678428373579,0.0,0.0,0.0,0.0,0.05153617443012884,20,1.9028741328047574,0,0.0,0.0,0.0,0.25
main,v040,LOLO-nes-f0,secondary,LOLO,nested,0,A,Shared-PPO|wcnc2027_ablation/shared_ppo_seed7/mappo_best.pt,Shared-PPO,7,R,wcnc2027_ablation 2026-09-14 (supplementary ablation),6,-805.2554251330386,716.7991993652581,75.69348776778034,1.1377380000000001,11.625,195.65812023868156,195.3736857386816,0.003964321110009911,0.0,0.003964321110009911,0.003964321110009911,0.11694747274529237,60,5.708622398414271,4,66.20937071345139,262.91436659487954,0.7307790647315029,0.25
main,v040,LOLO-nes-f0,secondary,LOLO,nested,0,A,Shared-PPO|wcnc2027_ablation/shared_ppo_seed7/mappo_best.pt,Shared-PPO,7,R,wcnc2027_ablation 2026-09-14 (supplementary ablation),7,-657.0509068610638,622.4553394610638,27.0,0.7205674000000001,6.875,197.81846362463241,197.63832177463243,0.0009910802775024777,0.0,0.0009910802775024777,0.0009910802775024777,0.10703666997026759,38,3.615460852329039,1,1.1920244433313356,1.1920244433313356,1.0,0.25
main,v040,LOLO-nes-f0,secondary,LOLO,nested,0,A,Shared-PPO|wcnc2027_ablation/shared_ppo_seed7/mappo_best.pt,Shared-PPO,7,R,wcnc2027_ablation 2026-09-14 (supplementary ablation),8,-395.9124171627046,373.7261593734445,16.231162589260116,0.45509520000000003,5.5,204.5202614231953,204.4064876231953,0.0009910802775024777,0.0,0.0009910802775024777,0.0009910802775024777,0.02576808721506442,24,2.2834489593657086,1,0.6410387529753372,0.6410387529753372,0.6410387529753372,0.25
main,v040,LOLO-nes-f0,secondary,LOLO,nested,0,A,Shared-PPO|wcnc2027_ablation/shared_ppo_seed7/mappo_best.pt,Shared-PPO,7,R,wcnc2027_ablation 2026-09-14 (supplementary ablation),9,-161.89663597311326,80.89663597311326,81.0,0.0,0.0,207.42241810816222,207.42241810816222,0.002973240832507433,0.002973240832507433,0.0,0.002973240832507433,0.0,0,0.0,3,141.40880427800485,157.92401471165365,1.0,0.25
main,v040,LOLO-nes-f0,secondary,LOLO,nested,0,A,MAPPO|wcnc2027_ablation/mappo_seed13/mappo_best.pt,MAPPO,13,R,wcnc2027_ablation 2026-09-14,all,-5158.910993427155,4714.380863702334,383.6181381248208,5.5369916,55.375,1998.4780333845567,1997.0937854845565,0.0016848364717542122,0.00029732408325074334,0.0013875123885034688,0.0016848364717542122,0.07492566897918732,292,2.7781962338949455,17,41.252632907127136,262.91436659487954,0.8521924276957271,0.25
main,v040,LOLO-nes-f0,secondary,LOLO,nested,0,A,MAPPO|wcnc2027_ablation/mappo_seed13/mappo_best.pt,MAPPO,13,R,wcnc2027_ablation 2026-09-14,0,-942.5906253215835,930.0399627215834,0.0,1.1756626,11.375,187.18777666092305,186.89386101092302,0.0,0.0,0.0,0.0,0.20317145688800792,62,5.898909811694748,0,0.0,0.0,0.0,0.25
main,v040,LOLO-nes-f0,secondary,LOLO,nested,0,A,MAPPO|wcnc2027_ablation/mappo_seed13/mappo_best.pt,MAPPO,13,R,wcnc2027_ablation 2026-09-14,1,-623.6436156685014,543.0401872792413,70.23116258926012,0.8722658000000001,9.5,196.76378021835475,196.54571376835474,0.002973240832507433,0.0,0.002973240832507433,0.002973240832507433,0.10307234886025768,46,4.376610505450942,3,1.1705574285483535,1.868016915146271,0.8803462509917791,0.25
main,v040,LOLO-nes-f0,secondary,LOLO,nested,0,A,MAPPO|wcnc2027_ablation/mappo_seed13/mappo_best.pt,MAPPO,13,R,wcnc2027_ablation 2026-09-14,2,-299.3491525409647,281.5042161517046,16.231162589260116,0.11377380000000001,1.5,206.50792484051394,206.47948139051394,0.0009910802775024777,0.0,0.0009910802775024777,0.0009910802775024777,0.002973240832507433,6,0.5708622398414271,1,0.6410387529753372,0.6410387529753372,0.6410387529753372,0.25
main,v040,LOLO-nes-f0,secondary,LOLO,nested,0,A,MAPPO|wcnc2027_ablation/mappo_seed13/mappo_best.pt,MAPPO,13,R,wcnc2027_ablation 2026-09-14,3,-137.66242869830683,137.66242869830683,0.0,0.0,0.0,207.15558665690253,207.15558665690253,0.0,0.0,0.0,0.0,0.0,0,0.0,0,0.0,0.0,0.0,0.25
main,v040,LOLO-nes-f0,secondary,LOLO,nested,0,A,MAPPO|wcnc2027_ablation/mappo_seed13/mappo_best.pt,MAPPO,13,R,wcnc2027_ablation 2026-09-14,4,-736.4830785642619,640.1484875857417,86.46232517852023,0.8722658,9.0,192.69980925633894,192.48174280633896,0.003964321110009911,0.0,0.003964321110009911,0.003964321110009911,0.13478691774033696,46,4.376610505450942,4,1.2545278340608041,1.868016915146271,0.8205193764876686,0.25
main,v040,LOLO-nes-f0,secondary,LOLO,nested,0,A,MAPPO|wcnc2027_ablation/mappo_seed13/mappo_best.pt,MAPPO,13,R,wcnc2027_ablation 2026-09-14,5,-393.5013300738341,389.33415947383406,0.0,0.4171706,3.75,202.86060793177114,202.75631528177115,0.0,0.0,0.0,0.0,0.049554013875123884,22,2.093161546085233,0,0.0,0.0,0.0,0.25
main,v040,LOLO-nes-f0,secondary,LOLO,nested,0,A,MAPPO|wcnc2027_ablation/mappo_seed13/mappo_best.pt,MAPPO,13,R,wcnc2027_ablation 2026-09-14,6,-785.1026509227889,714.0784369442687,59.46232517852023,1.0618888000000002,10.5,195.40335831355264,195.1378861135526,0.002973240832507433,0.0,0.002973240832507433,0.002973240832507433,0.12190287413280476,56,5.32804757185332,3,88.06548136694342,262.91436659487954,0.7606925019835581,0.25
main,v040,LOLO-nes-f0,secondary,LOLO,nested,0,A,MAPPO|wcnc2027_ablation/mappo_seed13/mappo_best.pt,MAPPO,13,R,wcnc2027_ablation 2026-09-14,7,-684.0538307422289,623.6591125422289,54.0,0.6447182,5.75,197.93452282709922,197.7733432770992,0.0019821605550049554,0.0,0.0019821605550049554,0.0019821605550049554,0.10703666997026759,34,3.2348860257680876,2,1.5300206792388034,1.868016915146271,1.0,0.25
main,v040,LOLO-nes-f0,secondary,LOLO,nested,0,A,MAPPO|wcnc2027_ablation/mappo_seed13/mappo_best.pt,MAPPO,13,R,wcnc2027_ablation 2026-09-14,8,-394.6276449215715,374.0172363323114,16.231162589260116,0.37924599999999997,4.0,204.5422485709384,204.4474370709384,0.0009910802775024777,0.0,0.0009910802775024777,0.0009910802775024777,0.026759167492566897,20,1.9028741328047574,1,0.6410387529753372,0.6410387529753372,0.6410387529753372,0.25
main,v040,LOLO-nes-f0,secondary,LOLO,nested,0,A,MAPPO|wcnc2027_ablation/mappo_seed13/mappo_best.pt,MAPPO,13,R,wcnc2027_ablation 2026-09-14,9,-161.89663597311326,80.89663597311326,81.0,0.0,0.0,207.42241810816222,207.42241810816222,0.002973240832507433,0.002973240832507433,0.0,0.002973240832507433,0.0,0,0.0,3,141.40880427800485,157.92401471165365,1.0,0.25
main,v040,LOLO-nes-f0,secondary,LOLO,nested,0,A,Centralized PPO|wcnc2027_ablation/central_seed13/ppo_multi_site.zip,Centralized PPO,13,R,wcnc2027_ablation 2026-09-14,all,-10877.36572335558,6086.910594535219,4772.66567182036,1.289457,16.5,2158.885690144858,2158.5633258948574,0.020614469772051537,0.00178394449950446,0.020317145688800792,0.020614469772051537,0.09296333002973241,68,0.6469772051536175,208,13.394822825653831,298.66350073587404,0.8648502679199296,0.65
main,v040,LOLO-nes-f0,secondary,LOLO,nested,0,A,Centralized PPO|wcnc2027_ablation/central_seed13/ppo_multi_site.zip,Centralized PPO,13,R,wcnc2027_ablation 2026-09-14,0,-5915.275300635005,1205.8201718146447,4691.665671820359,1.289457,16.5,298.0164850158949,297.69412076589487,0.20317145688800792,0.014866204162537165,0.20317145688800792,0.20317145688800792,0.929633300297324,68,6.469772051536175,205,11.521447487326743,298.66350073587404,0.8628724669626602,0.65
main,v040,LOLO-nes-f0,secondary,LOLO,nested,0,A,Centralized PPO|wcnc2027_ablation/central_seed13/ppo_multi_site.zip,Centralized PPO,13,R,wcnc2027_ablation 2026-09-14,1,-867.5973344368833,867.5973344368833,0.0,0.0,0.0,206.60251259888184,206.60251259888184,0.0,0.0,0.0,0.0,0.0,0,0.0,0,0.0,0.0,0.0,0.65
main,v040,LOLO-nes-f0,secondary,LOLO,nested,0,A,Centralized PPO|wcnc2027_ablation/central_seed13/ppo_multi_site.zip,Centralized PPO,13,R,wcnc2027_ablation 2026-09-14,2,-284.7778766290005,284.7778766290005,0.0,0.0,0.0,206.7288077925314,206.7288077925314,0.0,0.0,0.0,0.0,0.0,0,0.0,0,0.0,0.0,0.0,0.65
main,v040,LOLO-nes-f0,secondary,LOLO,nested,0,A,Centralized PPO|wcnc2027_ablation/central_seed13/ppo_multi_site.zip,Centralized PPO,13,R,wcnc2027_ablation 2026-09-14,3,-137.66242869830683,137.66242869830683,0.0,0.0,0.0,207.15558665690253,207.15558665690253,0.0,0.0,0.0,0.0,0.0,0,0.0,0,0.0,0.0,0.0,0.65
main,v040,LOLO-nes-f0,secondary,LOLO,nested,0,A,Centralized PPO|wcnc2027_ablation/central_seed13/ppo_multi_site.zip,Centralized PPO,13,R,wcnc2027_ablation 2026-09-14,4,-954.7577229249932,954.7577229249932,0.0,0.0,0.0,206.55995654413678,206.55995654413678,0.0,0.0,0.0,0.0,0.0,0,0.0,0,0.0,0.0,0.0,0.65
main,v040,LOLO-nes-f0,secondary,LOLO,nested,0,A,Centralized PPO|wcnc2027_ablation/central_seed13/ppo_multi_site.zip,Centralized PPO,13,R,wcnc2027_ablation 2026-09-14,5,-442.5363323620205,442.5363323620205,0.0,0.0,0.0,206.64624420771796,206.64624420771796,0.0,0.0,0.0,0.0,0.0,0,0.0,0,0.0,0.0,0.0,0.65
main,v040,LOLO-nes-f0,secondary,LOLO,nested,0,A,Centralized PPO|wcnc2027_ablation/central_seed13/ppo_multi_site.zip,Centralized PPO,13,R,wcnc2027_ablation 2026-09-14,6,-954.9025884800039,954.9025884800039,0.0,0.0,0.0,206.55411522813807,206.55411522813807,0.0,0.0,0.0,0.0,0.0,0,0.0,0,0.0,0.0,0.0,0.65
main,v040,LOLO-nes-f0,secondary,LOLO,nested,0,A,Centralized PPO|wcnc2027_ablation/central_seed13/ppo_multi_site.zip,Centralized PPO,13,R,wcnc2027_ablation 2026-09-14,7,-756.7075182078895,756.7075182078895,0.0,0.0,0.0,206.55819262028785,206.55819262028785,0.0,0.0,0.0,0.0,0.0,0,0.0,0,0.0,0.0,0.0,0.65
main,v040,LOLO-nes-f0,secondary,LOLO,nested,0,A,Centralized PPO|wcnc2027_ablation/central_seed13/ppo_multi_site.zip,Centralized PPO,13,R,wcnc2027_ablation 2026-09-14,8,-401.25198500836296,401.25198500836296,0.0,0.0,0.0,206.6413713722042,206.6413713722042,0.0,0.0,0.0,0.0,0.0,0,0.0,0,0.0,0.0,0.0,0.65
main,v040,LOLO-nes-f0,secondary,LOLO,nested,0,A,Centralized PPO|wcnc2027_ablation/central_seed13/ppo_multi_site.zip,Centralized PPO,13,R,wcnc2027_ablation 2026-09-14,9,-161.89663597311326,80.89663597311326,81.0,0.0,0.0,207.42241810816222,207.42241810816222,0.002973240832507433,0.002973240832507433,0.0,0.002973240832507433,0.0,0,0.0,3,141.40880427800485,157.92401471165365,1.0,0.65
main,v040,LOLO-nes-f0,secondary,LOLO,nested,0,A,Shared-PPO|wcnc2027_ablation/shared_ppo_seed13/mappo_best.pt,Shared-PPO,13,R,wcnc2027_ablation 2026-09-14 (supplementary ablation),all,-5080.018755270965,4791.713688724664,243.1558129463006,4.399253600000001,40.75,2005.8209824449548,2004.7211690449549,0.0010901883052527254,0.00029732408325074334,0.0007928642220019821,0.0010901883052527254,0.06164519326065411,232,2.2073339940535184,11,39.288205186064296,157.92401471165365,0.8368357968069714,0.25
main,v040,LOLO-nes-f0,secondary,LOLO,nested,0,A,Shared-PPO|wcnc2027_ablation/shared_ppo_seed13/mappo_best.pt,Shared-PPO,13,R,wcnc2027_ablation 2026-09-14 (supplementary ablation),0,-951.2735534156711,943.5642122156712,0.0,0.8343411999999999,6.875,188.48783862787454,188.27925332787453,0.0,0.0,0.0,0.0,0.17443012884043607,44,4.186323092170466,0,0.0,0.0,0.0,0.25
main,v040,LOLO-nes-f0,secondary,LOLO,nested,0,A,Shared-PPO|wcnc2027_ablation/shared_ppo_seed13/mappo_best.pt,Shared-PPO,13,R,wcnc2027_ablation 2026-09-14 (supplementary ablation),1,-617.6638062939603,555.0303142939601,54.0,0.7584919999999999,7.875,197.94929377070105,197.75967077070106,0.0019821605550049554,0.0,0.0019821605550049554,0.0019821605550049554,0.08225966303270565,40,3.8057482656095147,2,1.4353167663348618,1.868016915146271,1.0,0.25
main,v040,LOLO-nes-f0,secondary,LOLO,nested,0,A,Shared-PPO|wcnc2027_ablation/shared_ppo_seed13/mappo_best.pt,Shared-PPO,13,R,wcnc2027_ablation 2026-09-14 (supplementary ablation),2,-299.543612599873,282.23660081061286,16.231162589260116,0.0758492,1.0,206.5635484304215,206.5445861304215,0.0009910802775024777,0.0,0.0009910802775024777,0.0009910802775024777,0.0019821605550049554,4,0.3805748265609515,1,0.6410387529753372,0.6410387529753372,0.6410387529753372,0.25
main,v040,LOLO-nes-f0,secondary,LOLO,nested,0,A,Shared-PPO|wcnc2027_ablation/shared_ppo_seed13/mappo_best.pt,Shared-PPO,13,R,wcnc2027_ablation 2026-09-14 (supplementary ablation),3,-137.66242869830683,137.66242869830683,0.0,0.0,0.0,207.15558665690253,207.15558665690253,0.0,0.0,0.0,0.0,0.0,0,0.0,0,0.0,0.0,0.0,0.25
main,v040,LOLO-nes-f0,secondary,LOLO,nested,0,A,Shared-PPO|wcnc2027_ablation/shared_ppo_seed13/mappo_best.pt,Shared-PPO,13,R,wcnc2027_ablation 2026-09-14 (supplementary ablation),4,-717.1335984788336,650.9507059003133,59.46232517852023,0.7205674,6.0,193.58338422491465,193.40324237491464,0.002973240832507433,0.0,0.002973240832507433,0.002973240832507433,0.12190287413280476,38,3.615460852329039,3,1.0500314736989818,1.868016915146271,0.7606925019835581,0.25
main,v040,LOLO-nes-f0,secondary,LOLO,nested,0,A,Shared-PPO|wcnc2027_ablation/shared_ppo_seed13/mappo_best.pt,Shared-PPO,13,R,wcnc2027_ablation 2026-09-14 (supplementary ablation),5,-396.4660626790833,395.23851507908324,0.0,0.22754760000000002,1.0,203.46402791712256,203.40714101712257,0.0,0.0,0.0,0.0,0.03964321110009911,12,1.1417244796828543,0,0.0,0.0,0.0,0.25
main,v040,LOLO-nes-f0,secondary,LOLO,nested,0,A,Shared-PPO|wcnc2027_ablation/shared_ppo_seed13/mappo_best.pt,Shared-PPO,13,R,wcnc2027_ablation 2026-09-14 (supplementary ablation),6,-756.0233927531583,727.5561905638981,16.231162589260116,0.9860396,11.25,196.69163480193757,196.44512490193756,0.0009910802775024777,0.0,0.0009910802775024777,0.0009910802775024777,0.0981169474727453,52,4.947472745292369,1,0.6410387529753372,0.6410387529753372,0.6410387529753372,0.25
main,v040,LOLO-nes-f0,secondary,LOLO,nested,0,A,Shared-PPO|wcnc2027_ablation/shared_ppo_seed13/mappo_best.pt,Shared-PPO,13,R,wcnc2027_ablation 2026-09-14 (supplementary ablation),7,-639.7650155876908,635.8590711876907,0.0,0.5309444000000001,3.375,199.1270958084794,198.99435970847935,0.0,0.0,0.0,0.0,0.08424182358771061,28,2.66402378592666,0,0.0,0.0,0.0,0.25
main,v040,LOLO-nes-f0,secondary,LOLO,nested,0,A,Shared-PPO|wcnc2027_ablation/shared_ppo_seed13/mappo_best.pt,Shared-PPO,13,R,wcnc2027_ablation 2026-09-14 (supplementary ablation),8,-402.5906487912746,382.71901400201443,16.231162589260116,0.26547220000000005,3.375,205.37615409843892,205.30978604843892,0.0009910802775024777,0.0,0.0009910802775024777,0.0009910802775024777,0.013875123885034688,14,1.33201189296333,1,0.6410387529753372,0.6410387529753372,0.6410387529753372,0.25
main,v040,LOLO-nes-f0,secondary,LOLO,nested,0,A,Shared-PPO|wcnc2027_ablation/shared_ppo_seed13/mappo_best.pt,Shared-PPO,13,R,wcnc2027_ablation 2026-09-14 (supplementary ablation),9,-161.89663597311326,80.89663597311326,81.0,0.0,0.0,207.42241810816222,207.42241810816222,0.002973240832507433,0.002973240832507433,0.0,0.002973240832507433,0.0,0,0.0,3,141.40880427800485,157.92401471165365,1.0,0.25
main,v040,LOLO-nes-f0,secondary,LOLO,nested,0,A,MAPPO|wcnc2027_ablation/mappo_seed23/mappo_best.pt,MAPPO,23,R,wcnc2027_ablation 2026-09-14,all,-5142.4862966940145,4699.394909179933,372.8493007140809,5.9920868,64.25,1996.9148123035889,1995.4167906035889,0.0016848364717542122,0.00029732408325074334,0.0013875123885034688,0.0016848364717542122,0.07750247770069375,316,3.0065411298315166,17,41.18045772111708,262.91436659487954,0.8310770602236881,0.25
main,v040,LOLO-nes-f0,secondary,LOLO,nested,0,A,MAPPO|wcnc2027_ablation/mappo_seed23/mappo_best.pt,MAPPO,23,R,wcnc2027_ablation 2026-09-14,0,-939.5718693230438,926.6082821230439,0.0,1.2135872,11.75,186.77507554029967,186.4716787402997,0.0,0.0,0.0,0.0,0.2130822596630327,64,6.089197224975224,0,0.0,0.0,0.0,0.25
main,v040,LOLO-nes-f0,secondary,LOLO,nested,0,A,MAPPO|wcnc2027_ablation/mappo_seed23/mappo_best.pt,MAPPO,23,R,wcnc2027_ablation 2026-09-14,1,-621.6220440864574,540.3556910971972,70.23116258926012,0.9101904000000001,10.125,196.40338682870623,196.1758392287062,0.002973240832507433,0.0,0.002973240832507433,0.002973240832507433,0.10703666997026759,48,4.566897918731417,3,1.1705574285483535,1.868016915146271,0.8803462509917791,0.25
main,v040,LOLO-nes-f0,secondary,LOLO,nested,0,A,MAPPO|wcnc2027_ablation/mappo_seed23/mappo_best.pt,MAPPO,23,R,wcnc2027_ablation 2026-09-14,2,-299.38358862580253,281.0007276365424,16.231162589260116,0.1516984,2.0,206.4530950475194,206.41517044751942,0.0009910802775024777,0.0,0.0009910802775024777,0.0009910802775024777,0.003964321110009911,8,0.761149653121903,1,0.6410387529753372,0.6410387529753372,0.6410387529753372,0.25
main,v040,LOLO-nes-f0,secondary,LOLO,nested,0,A,MAPPO|wcnc2027_ablation/mappo_seed23/mappo_best.pt,MAPPO,23,R,wcnc2027_ablation 2026-09-14,3,-137.66242869830683,137.66242869830683,0.0,0.0,0.0,207.15558665690253,207.15558665690253,0.0,0.0,0.0,0.0,0.0,0,0.0,0,0.0,0.0,0.0,0.25
main,v040,LOLO-nes-f0,secondary,LOLO,nested,0,A,MAPPO|wcnc2027_ablation/mappo_seed23/mappo_best.pt,MAPPO,23,R,wcnc2027_ablation 2026-09-14,4,-737.3001811025836,639.5526655240635,86.46232517852023,0.9101904,10.375,192.65738419253773,192.42983659253775,0.003964321110009911,0.0,0.003964321110009911,0.003964321110009911,0.13875123885034688,48,4.566897918731417,4,1.2545278340608041,1.868016915146271,0.8205193764876686,0.25
main,v040,LOLO-nes-f0,secondary,LOLO,nested,0,A,MAPPO|wcnc2027_ablation/mappo_seed23/mappo_best.pt,MAPPO,23,R,wcnc2027_ablation 2026-09-14,5,-391.69921103654053,388.31996503654045,0.0,0.37924599999999997,3.0,202.83083096333,202.73601946332997,0.0,0.0,0.0,0.0,0.05054509415262636,20,1.9028741328047574,0,0.0,0.0,0.0,0.25
main,v040,LOLO-nes-f0,secondary,LOLO,nested,0,A,MAPPO|wcnc2027_ablation/mappo_seed23/mappo_best.pt,MAPPO,23,R,wcnc2027_ablation 2026-09-14,6,-802.8454974135675,710.9004978457871,75.69348776778034,1.2515118,15.0,195.13101878385976,194.81814083385976,0.003964321110009911,0.0,0.003964321110009911,0.003964321110009911,0.12289395441030723,66,6.279484638255699,4,66.20937071345139,262.91436659487954,0.7307790647315029,0.25
main,v040,LOLO-nes-f0,secondary,LOLO,nested,0,A,MAPPO|wcnc2027_ablation/mappo_seed23/mappo_best.pt,MAPPO,23,R,wcnc2027_ablation 2026-09-14,7,-655.0218950132926,620.8013276132925,27.0,0.7205674,6.5,197.62234632224687,197.44220447224689,0.0009910802775024777,0.0,0.0009910802775024777,0.0009910802775024777,0.11199207135777998,38,3.615460852329039,1,1.1920244433313356,1.1920244433313356,1.0,0.25
main,v040,LOLO-nes-f0,secondary,LOLO,nested,0,A,MAPPO|wcnc2027_ablation/mappo_seed23/mappo_best.pt,MAPPO,23,R,wcnc2027_ablation 2026-09-14,8,-395.4829454213066,373.2966876320465,16.231162589260116,0.45509520000000003,5.5,204.46366986002442,204.34989606002443,0.0009910802775024777,0.0,0.0009910802775024777,0.0009910802775024777,0.026759167492566897,24,2.2834489593657086,1,0.6410387529753372,0.6410387529753372,0.6410387529753372,0.25
main,v040,LOLO-nes-f0,secondary,LOLO,nested,0,A,MAPPO|wcnc2027_ablation/mappo_seed23/mappo_best.pt,MAPPO,23,R,wcnc2027_ablation 2026-09-14,9,-161.89663597311326,80.89663597311326,81.0,0.0,0.0,207.42241810816222,207.42241810816222,0.002973240832507433,0.002973240832507433,0.0,0.002973240832507433,0.0,0,0.0,3,141.40880427800485,157.92401471165365,1.0,0.25
main,v040,LOLO-nes-f0,secondary,LOLO,nested,0,A,Shared-PPO|wcnc2027_ablation/shared_ppo_seed77/mappo_best.pt,Shared-PPO,77,R,wcnc2027_ablation 2026-09-14 (supplementary ablation),all,-5285.223864972246,4695.235025058164,534.8493007140809,5.7645392,49.375,1997.2440126548204,1995.80287785482,0.0022794846382556988,0.00029732408325074334,0.0019821605550049554,0.0022794846382556988,0.08751238850346878,304,2.892368681863231,23,30.89564740339361,262.91436659487954,0.8751439140783781,0.26
main,v040,LOLO-nes-f0,secondary,LOLO,nested,0,A,Shared-PPO|wcnc2027_ablation/shared_ppo_seed77/mappo_best.pt,Shared-PPO,77,R,wcnc2027_ablation 2026-09-14 (supplementary ablation),0,-966.8388311383965,927.1743947383966,27.0,1.2894364,11.375,186.93500009685803,186.61264099685803,0.0009910802775024777,0.0,0.0009910802775024777,0.0009910802775024777,0.22893954410307235,68,6.469772051536175,1,1.868016915146271,1.868016915146271,1.0,0.26
main,v040,LOLO-nes-f0,secondary,LOLO,nested,0,A,Shared-PPO|wcnc2027_ablation/shared_ppo_seed77/mappo_best.pt,Shared-PPO,77,R,wcnc2027_ablation 2026-09-14 (supplementary ablation),1,-618.2554705173031,540.6028913280429,70.23116258926012,0.7964166,6.625,196.64558818778522,196.44648403778524,0.002973240832507433,0.0,0.002973240832507433,0.002973240832507433,0.12388503468780972,42,3.9960356788899905,3,1.1705574285483535,1.868016915146271,0.8803462509917791,0.26
main,v040,LOLO-nes-f0,secondary,LOLO,nested,0,A,Shared-PPO|wcnc2027_ablation/shared_ppo_seed77/mappo_best.pt,Shared-PPO,77,R,wcnc2027_ablation 2026-09-14 (supplementary ablation),2,-352.8903022736156,280.2195166843555,70.23116258926012,0.189623,2.25,206.41196830417795,206.36456255417792,0.002973240832507433,0.0,0.002973240832507433,0.002973240832507433,0.006937561942517344,10,0.9514370664023787,3,1.2336933704843147,1.868016915146271,0.8803462509917791,0.26
main,v040,LOLO-nes-f0,secondary,LOLO,nested,0,A,Shared-PPO|wcnc2027_ablation/shared_ppo_seed77/mappo_best.pt,Shared-PPO,77,R,wcnc2027_ablation 2026-09-14 (supplementary ablation),3,-137.66242869830683,137.66242869830683,0.0,0.0,0.0,207.15558665690253,207.15558665690253,0.0,0.0,0.0,0.0,0.0,0,0.0,0,0.0,0.0,0.0,0.26
main,v040,LOLO-nes-f0,secondary,LOLO,nested,0,A,Shared-PPO|wcnc2027_ablation/shared_ppo_seed77/mappo_best.pt,Shared-PPO,77,R,wcnc2027_ablation 2026-09-14 (supplementary ablation),4,-730.2530959413828,639.3581279628626,86.46232517852023,0.6826428,3.75,192.6940382347545,192.5233775347545,0.003964321110009911,0.0,0.003964321110009911,0.003964321110009911,0.1506442021803766,36,3.4251734390485633,4,1.2545278340608041,1.868016915146271,0.8205193764876686,0.26
main,v040,LOLO-nes-f0,secondary,LOLO,nested,0,A,Shared-PPO|wcnc2027_ablation/shared_ppo_seed77/mappo_best.pt,Shared-PPO,77,R,wcnc2027_ablation 2026-09-14 (supplementary ablation),5,-419.08281921652303,387.589799416523,27.0,0.4930198,4.0,202.83131087322354,202.70805592322355,0.0009910802775024777,0.0,0.0009910802775024777,0.0009910802775024777,0.061446977205153616,26,2.4737363726461843,1,1.868016915146271,1.868016915146271,1.0,0.26
main,v040,LOLO-nes-f0,secondary,LOLO,nested,0,A,Shared-PPO|wcnc2027_ablation/shared_ppo_seed77/mappo_best.pt,Shared-PPO,77,R,wcnc2027_ablation 2026-09-14 (supplementary ablation),6,-797.674057300954,708.8919823331737,75.69348776778034,1.2135872,11.875,194.9727414103433,194.6693446103433,0.003964321110009911,0.0,0.003964321110009911,0.003964321110009911,0.14172447968285432,64,6.089197224975224,4,66.20937071345139,262.91436659487954,0.7307790647315029,0.26
main,v040,LOLO-nes-f0,secondary,LOLO,nested,0,A,Shared-PPO|wcnc2027_ablation/shared_ppo_seed77/mappo_best.pt,Shared-PPO,77,R,wcnc2027_ablation 2026-09-14 (supplementary ablation),7,-707.3450866162111,620.1624438162112,81.0,0.6826428,5.5,197.68195377297315,197.51129307297316,0.002973240832507433,0.0,0.002973240832507433,0.002973240832507433,0.1278493557978196,36,3.4251734390485633,3,1.642686091207959,1.868016915146271,1.0,0.26
main,v040,LOLO-nes-f0,secondary,LOLO,nested,0,A,Shared-PPO|wcnc2027_ablation/shared_ppo_seed77/mappo_best.pt,Shared-PPO,77,R,wcnc2027_ablation 2026-09-14 (supplementary ablation),8,-393.3251372964384,372.67680410717827,16.231162589260116,0.4171706,4.0,204.49340700963995,204.38911435963993,0.0009910802775024777,0.0,0.0009910802775024777,0.0009910802775024777,0.03369672943508424,22,2.093161546085233,1,0.6410387529753372,0.6410387529753372,0.6410387529753372,0.26
main,v040,LOLO-nes-f0,secondary,LOLO,nested,0,A,Shared-PPO|wcnc2027_ablation/shared_ppo_seed77/mappo_best.pt,Shared-PPO,77,R,wcnc2027_ablation 2026-09-14 (supplementary ablation),9,-161.89663597311326,80.89663597311326,81.0,0.0,0.0,207.42241810816222,207.42241810816222,0.002973240832507433,0.002973240832507433,0.0,0.002973240832507433,0.0,0,0.0,3,141.40880427800485,157.92401471165365,1.0,0.26
main,v040,LOLO-nes-f0,secondary,LOLO,nested,0,A,MAPPO|wcnc2027_ablation/mappo_seed99/mappo_best.pt,MAPPO,99,R,wcnc2027_ablation 2026-09-14,all,-5156.6389782068345,4695.048471482015,410.6181381248208,5.3473686,45.625,1996.757448460689,1995.420606310689,0.00178394449950446,0.00029732408325074334,0.0014866204162537165,0.00178394449950446,0.08186323092170465,282,2.683052527254708,18,39.027043548027365,262.91436659487954,0.8604039594904089,0.26
main,v040,LOLO-nes-f0,secondary,LOLO,nested,0,A,MAPPO|wcnc2027_ablation/mappo_seed99/mappo_best.pt,MAPPO,99,R,wcnc2027_ablation 2026-09-14,0,-937.9321059808004,927.8322925808004,0.0,1.0998134,9.0,186.9534517246733,186.6784983746733,0.0,0.0,0.0,0.0,0.2180376610505451,58,5.518334985133796,0,0.0,0.0,0.0,0.26
main,v040,LOLO-nes-f0,secondary,LOLO,nested,0,A,MAPPO|wcnc2027_ablation/mappo_seed99/mappo_best.pt,MAPPO,99,R,wcnc2027_ablation 2026-09-14,1,-601.6737293883064,540.1273127883064,54.0,0.7964166,6.75,196.394110733104,196.195006583104,0.0019821605550049554,0.0,0.0019821605550049554,0.0019821605550049554,0.11000991080277503,42,3.9960356788899905,2,1.4353167663348618,1.868016915146271,1.0,0.26
main,v040,LOLO-nes-f0,secondary,LOLO,nested,0,A,MAPPO|wcnc2027_ablation/mappo_seed99/mappo_best.pt,MAPPO,99,R,wcnc2027_ablation 2026-09-14,2,-326.69416324505085,281.3113022557907,43.231162589260116,0.1516984,2.0,206.4691790480908,206.4312544480908,0.0019821605550049554,0.0,0.0019821605550049554,0.0019821605550049554,0.003964321110009911,8,0.761149653121903,2,0.9165315981533364,1.1920244433313356,0.8205193764876686,0.26
main,v040,LOLO-nes-f0,secondary,LOLO,nested,0,A,MAPPO|wcnc2027_ablation/mappo_seed99/mappo_best.pt,MAPPO,99,R,wcnc2027_ablation 2026-09-14,3,-137.66242869830683,137.66242869830683,0.0,0.0,0.0,207.15558665690253,207.15558665690253,0.0,0.0,0.0,0.0,0.0,0,0.0,0,0.0,0.0,0.0,0.26
main,v040,LOLO-nes-f0,secondary,LOLO,nested,0,A,MAPPO|wcnc2027_ablation/mappo_seed99/mappo_best.pt,MAPPO,99,R,wcnc2027_ablation 2026-09-14,4,-730.2783981105367,638.0955055320165,86.46232517852023,0.7205674,5.0,192.52471384814294,192.34457199814295,0.003964321110009911,0.0,0.003964321110009911,0.003964321110009911,0.14965312190287414,38,3.615460852329039,4,1.2545278340608041,1.868016915146271,0.8205193764876686,0.26
main,v040,LOLO-nes-f0,secondary,LOLO,nested,0,A,MAPPO|wcnc2027_ablation/mappo_seed99/mappo_best.pt,MAPPO,99,R,wcnc2027_ablation 2026-09-14,5,-390.4759059467242,388.6725091467242,0.0,0.3033968,1.5,202.8128072775832,202.73695807758318,0.0,0.0,0.0,0.0,0.05054509415262636,16,1.522299306243806,0,0.0,0.0,0.0,0.26
main,v040,LOLO-nes-f0,secondary,LOLO,nested,0,A,MAPPO|wcnc2027_ablation/mappo_seed99/mappo_best.pt,MAPPO,99,R,wcnc2027_ablation 2026-09-14,6,-796.148529436608,707.7793790688276,75.69348776778034,1.1756626000000001,11.5,194.82038539832658,194.52646974832658,0.003964321110009911,0.0,0.003964321110009911,0.003964321110009911,0.13577799801783944,62,5.898909811694748,4,66.20937071345139,262.91436659487954,0.7307790647315029,0.26
main,v040,LOLO-nes-f0,secondary,LOLO,nested,0,A,MAPPO|wcnc2027_ablation/mappo_seed99/mappo_best.pt,MAPPO,99,R,wcnc2027_ablation 2026-09-14,7,-680.0404326326627,620.1077898326627,54.0,0.6826428,5.25,197.6168007908442,197.4461400908442,0.0019821605550049554,0.0,0.0019821605550049554,0.0019821605550049554,0.12091179385530228,36,3.4251734390485633,2,1.5300206792388034,1.868016915146271,1.0,0.26
main,v040,LOLO-nes-f0,secondary,LOLO,nested,0,A,MAPPO|wcnc2027_ablation/mappo_seed99/mappo_best.pt,MAPPO,99,R,wcnc2027_ablation 2026-09-14,8,-393.83664879472553,372.5633156054654,16.231162589260116,0.41717060000000006,4.625,204.58799487485925,204.48370222485926,0.0009910802775024777,0.0,0.0009910802775024777,0.0009910802775024777,0.02973240832507433,22,2.093161546085233,1,0.6410387529753372,0.6410387529753372,0.6410387529753372,0.26
main,v040,LOLO-nes-f0,secondary,LOLO,nested,0,A,MAPPO|wcnc2027_ablation/mappo_seed99/mappo_best.pt,MAPPO,99,R,wcnc2027_ablation 2026-09-14,9,-161.89663597311326,80.89663597311326,81.0,0.0,0.0,207.42241810816222,207.42241810816222,0.002973240832507433,0.002973240832507433,0.0,0.002973240832507433,0.0,0,0.0,3,141.40880427800485,157.92401471165365,1.0,0.26
main,v040,LOLO-nes-f0,secondary,LOLO,nested,0,A,Centralized PPO|wcnc2027_ablation/central_seed99/ppo_multi_site.zip,Centralized PPO,99,R,wcnc2027_ablation 2026-09-14,all,-14741.200168299383,6095.217148094616,8609.512163404766,4.0958568,32.375,2214.8637907083717,2213.8398265083715,0.03736372646184341,0.00713577799801784,0.03706640237859267,0.03736372646184341,0.1180376610505451,215,2.0455896927651143,377,57.798341569699424,1313.5543850914635,0.8612300763399439,0.66
main,v040,LOLO-nes-f0,secondary,LOLO,nested,0,A,Centralized PPO|wcnc2027_ablation/central_seed99/ppo_multi_site.zip,Centralized PPO,99,R,wcnc2027_ablation 2026-09-14,0,-4576.42654158031,1149.0073447914526,3407.572117588858,1.9720792,17.875,269.7940297590489,269.3010099590489,0.1466798810703667,0.007928642220019821,0.1466798810703667,0.1466798810703667,0.7829534192269574,103,9.7998017839445,148,11.439131263114234,298.66350073587404,0.8674711976551481,0.66
main,v040,LOLO-nes-f0,secondary,LOLO,nested,0,A,Centralized PPO|wcnc2027_ablation/central_seed99/ppo_multi_site.zip,Centralized PPO,99,R,wcnc2027_ablation 2026-09-14,1,-867.5973344368833,867.5973344368833,0.0,0.0,0.0,206.60251259888184,206.60251259888184,0.0,0.0,0.0,0.0,0.0,0,0.0,0,0.0,0.0,0.0,0.66
main,v040,LOLO-nes-f0,secondary,LOLO,nested,0,A,Centralized PPO|wcnc2027_ablation/central_seed99/ppo_multi_site.zip,Centralized PPO,99,R,wcnc2027_ablation 2026-09-14,2,-284.7778766290005,284.7778766290005,0.0,0.0,0.0,206.7288077925314,206.7288077925314,0.0,0.0,0.0,0.0,0.0,0,0.0,0,0.0,0.0,0.0,0.66
main,v040,LOLO-nes-f0,secondary,LOLO,nested,0,A,Centralized PPO|wcnc2027_ablation/central_seed99/ppo_multi_site.zip,Centralized PPO,99,R,wcnc2027_ablation 2026-09-14,3,-137.66242869830683,137.66242869830683,0.0,0.0,0.0,207.15558665690253,207.15558665690253,0.0,0.0,0.0,0.0,0.0,0,0.0,0,0.0,0.0,0.0,0.66
main,v040,LOLO-nes-f0,secondary,LOLO,nested,0,A,Centralized PPO|wcnc2027_ablation/central_seed99/ppo_multi_site.zip,Centralized PPO,99,R,wcnc2027_ablation 2026-09-14,4,-1717.1573716194107,966.0960945548869,745.3449556645239,0.34132140000000005,5.375,217.58816396509408,217.5028336150941,0.031714568880079286,0.013875123885034688,0.031714568880079286,0.031714568880079286,0.022794846382556987,18,1.7125867195242817,32,144.2847665524235,1313.5543850914635,0.876400995483879,0.66
main,v040,LOLO-nes-f0,secondary,LOLO,nested,0,A,Centralized PPO|wcnc2027_ablation/central_seed99/ppo_multi_site.zip,Centralized PPO,99,R,wcnc2027_ablation 2026-09-14,5,-442.5363323620205,442.5363323620205,0.0,0.0,0.0,206.64624420771796,206.64624420771796,0.0,0.0,0.0,0.0,0.0,0,0.0,0,0.0,0.0,0.0,0.66
main,v040,LOLO-nes-f0,secondary,LOLO,nested,0,A,Centralized PPO|wcnc2027_ablation/central_seed99/ppo_multi_site.zip,Centralized PPO,99,R,wcnc2027_ablation 2026-09-14,6,-954.9025884800039,954.9025884800039,0.0,0.0,0.0,206.55411522813807,206.55411522813807,0.0,0.0,0.0,0.0,0.0,0,0.0,0,0.0,0.0,0.0,0.66
main,v040,LOLO-nes-f0,secondary,LOLO,nested,0,A,Centralized PPO|wcnc2027_ablation/central_seed99/ppo_multi_site.zip,Centralized PPO,99,R,wcnc2027_ablation 2026-09-14,7,-2538.8940823256166,758.3316259219888,1770.6971708036278,1.3652856,8.5,233.11735866483082,232.7760372648308,0.08126858275520317,0.006937561942517344,0.08126858275520317,0.08126858275520317,0.18830525272547077,72,6.850346878097127,82,28.058887772626775,1313.5543850914635,0.8197955978876534,0.66
main,v040,LOLO-nes-f0,secondary,LOLO,nested,0,A,Centralized PPO|wcnc2027_ablation/central_seed99/ppo_multi_site.zip,Centralized PPO,99,R,wcnc2027_ablation 2026-09-14,8,-3059.348976194715,453.4088862469594,2604.8979193477558,0.4171706,0.625,253.25455372706406,253.15026107706407,0.1110009910802775,0.03964321110009911,0.1110009910802775,0.1110009910802775,0.1863230921704658,22,2.093161546085233,112,113.88228218722159,1313.5543850914635,0.8752672379011178,0.66
main,v040,LOLO-nes-f0,secondary,LOLO,nested,0,A,Centralized PPO|wcnc2027_ablation/central_seed99/ppo_multi_site.zip,Centralized PPO,99,R,wcnc2027_ablation 2026-09-14,9,-161.89663597311326,80.89663597311326,81.0,0.0,0.0,207.42241810816222,207.42241810816222,0.002973240832507433,0.002973240832507433,0.0,0.002973240832507433,0.0,0,0.0,3,141.40880427800485,157.92401471165365,1.0,0.66
main,v040,LOLO-nes-f0,secondary,LOLO,nested,0,A,Shared-PPO|wcnc2027_ablation/shared_ppo_seed99/mappo_best.pt,Shared-PPO,99,R,wcnc2027_ablation 2026-09-14 (supplementary ablation),all,-5253.613511417219,4672.430901552696,502.3449556645238,6.7126542,72.125,1994.5460242455035,1992.8678606955036,0.0022794846382556988,0.00029732408325074334,0.0019821605550049554,0.0022794846382556988,0.08800792864222003,354,3.36808721506442,23,30.7353200593172,262.91436659487954,0.8280361676297446,0.26
main,v040,LOLO-nes-f0,secondary,LOLO,nested,0,A,Shared-PPO|wcnc2027_ablation/shared_ppo_seed99/mappo_best.pt,Shared-PPO,99,R,wcnc2027_ablation 2026-09-14 (supplementary ablation),0,-936.9452950207317,917.5153864207317,0.0,1.5549086,17.875,185.76108930241497,185.372362152415,0.0,0.0,0.0,0.0,0.23290386521308226,82,7.801783944499505,0,0.0,0.0,0.0,0.26
main,v040,LOLO-nes-f0,secondary,LOLO,nested,0,A,Shared-PPO|wcnc2027_ablation/shared_ppo_seed99/mappo_best.pt,Shared-PPO,99,R,wcnc2027_ablation 2026-09-14 (supplementary ablation),1,-619.5470743776241,537.8677967883641,70.23116258926012,0.948115,10.5,196.19545864507464,195.95842989507466,0.002973240832507433,0.0,0.002973240832507433,0.002973240832507433,0.1199207135777998,50,4.757185332011893,3,1.1705574285483535,1.868016915146271,0.8803462509917791,0.26
main,v040,LOLO-nes-f0,secondary,LOLO,nested,0,A,Shared-PPO|wcnc2027_ablation/shared_ppo_seed99/mappo_best.pt,Shared-PPO,99,R,wcnc2027_ablation 2026-09-14 (supplementary ablation),2,-326.59092840225424,280.3822182129942,43.231162589260116,0.22754760000000002,2.75,206.43913465831784,206.38224775831782,0.0019821605550049554,0.0,0.0019821605550049554,0.0019821605550049554,0.007928642220019821,12,1.1417244796828543,2,0.9165315981533364,1.1920244433313356,0.8205193764876686,0.26
main,v040,LOLO-nes-f0,secondary,LOLO,nested,0,A,Shared-PPO|wcnc2027_ablation/shared_ppo_seed99/mappo_best.pt,Shared-PPO,99,R,wcnc2027_ablation 2026-09-14 (supplementary ablation),3,-137.66242869830683,137.66242869830683,0.0,0.0,0.0,207.15558665690253,207.15558665690253,0.0,0.0,0.0,0.0,0.0,0,0.0,0,0.0,0.0,0.0,0.26
main,v040,LOLO-nes-f0,secondary,LOLO,nested,0,A,Shared-PPO|wcnc2027_ablation/shared_ppo_seed99/mappo_best.pt,Shared-PPO,99,R,wcnc2027_ablation 2026-09-14 (supplementary ablation),4,-731.0895328517252,637.0807910732049,86.46232517852023,0.7964166,6.75,192.41670941663284,192.21760526663286,0.003964321110009911,0.0,0.003964321110009911,0.003964321110009911,0.14866204162537167,42,3.9960356788899905,4,1.2545278340608041,1.868016915146271,0.8205193764876686,0.26
main,v040,LOLO-nes-f0,secondary,LOLO,nested,0,A,Shared-PPO|wcnc2027_ablation/shared_ppo_seed99/mappo_best.pt,Shared-PPO,99,R,wcnc2027_ablation 2026-09-14 (supplementary ablation),5,-436.67233954607866,387.3723079568186,43.231162589260116,0.5688690000000001,5.5,202.87302717795487,202.73080992795485,0.0019821605550049554,0.0,0.0019821605550049554,0.0019821605550049554,0.062438057482656094,30,2.8543111992071357,2,1.2545278340608041,1.868016915146271,0.8205193764876686,0.26
main,v040,LOLO-nes-f0,secondary,LOLO,nested,0,A,Shared-PPO|wcnc2027_ablation/shared_ppo_seed99/mappo_best.pt,Shared-PPO,99,R,wcnc2027_ablation 2026-09-14 (supplementary ablation),6,-797.3729320642772,705.1020832964969,75.69348776778034,1.327361,15.25,194.47831801062358,194.14647776062358,0.003964321110009911,0.0,0.003964321110009911,0.003964321110009911,0.14172447968285432,70,6.6600594648166505,4,66.20937071345139,262.91436659487954,0.7307790647315029,0.26
main,v040,LOLO-nes-f0,secondary,LOLO,nested,0,A,Shared-PPO|wcnc2027_ablation/shared_ppo_seed99/mappo_best.pt,Shared-PPO,99,R,wcnc2027_ablation 2026-09-14 (supplementary ablation),7,-696.9919537673607,618.2872073954379,70.03332977192267,0.7964166,7.875,197.47419889406365,197.27509474406367,0.002973240832507433,0.0,0.002973240832507433,0.002973240832507433,0.13082259663032705,42,3.9960356788899905,3,1.231495228069454,1.868016915146271,0.8781481085769185,0.26
main,v040,LOLO-nes-f0,secondary,LOLO,nested,0,A,Shared-PPO|wcnc2027_ablation/shared_ppo_seed99/mappo_best.pt,Shared-PPO,99,R,wcnc2027_ablation 2026-09-14 (supplementary ablation),8,-408.84439071574764,370.26404573722743,32.46232517852023,0.4930198,5.625,204.33008337535637,204.20682842535638,0.0019821605550049554,0.0,0.0019821605550049554,0.0019821605550049554,0.035678889990089196,26,2.4737363726461843,2,0.6410387529753372,0.6410387529753372,0.6410387529753372,0.26
main,v040,LOLO-nes-f0,secondary,LOLO,nested,0,A,Shared-PPO|wcnc2027_ablation/shared_ppo_seed99/mappo_best.pt,Shared-PPO,99,R,wcnc2027_ablation 2026-09-14 (supplementary ablation),9,-161.89663597311326,80.89663597311326,81.0,0.0,0.0,207.42241810816222,207.42241810816222,0.002973240832507433,0.002973240832507433,0.0,0.002973240832507433,0.0,0,0.0,3,141.40880427800485,157.92401471165365,1.0,0.26
main,v040,LOLO-nes-f0,secondary,LOLO,nested,0,A,MAPPO|mappo_seed1_20260517T110908/mappo_best.pt,MAPPO,1,P,"May 2026, pre-781c90c reward",all,-5093.975052431277,4730.471621106455,302.6181381248208,5.3852932,55.5,2000.4769437545533,1999.1306204545535,0.0013875123885034688,0.00029732408325074334,0.0010901883052527254,0.0013875123885034688,0.06858275520317146,284,2.7020812685827553,14,49.74047865339553,262.91436659487954,0.8205193764876686,0.26
main,v040,LOLO-nes-f0,secondary,LOLO,nested,0,A,MAPPO|mappo_seed1_20260517T110908/mappo_best.pt,MAPPO,1,P,"May 2026, pre-781c90c reward",0,-945.8391035540885,935.1522147540884,0.0,1.0618888000000002,9.625,187.70309170861805,187.43761950861804,0.0,0.0,0.0,0.0,0.1863230921704658,56,5.32804757185332,0,0.0,0.0,0.0,0.26
main,v040,LOLO-nes-f0,secondary,LOLO,nested,0,A,MAPPO|mappo_seed1_20260517T110908/mappo_best.pt,MAPPO,1,P,"May 2026, pre-781c90c reward",1,-609.2340672446364,547.3505752446365,54.0,0.758492,7.125,197.17762936708073,196.98800636708071,0.0019821605550049554,0.0,0.0019821605550049554,0.0019821605550049554,0.0931615460852329,40,3.8057482656095147,2,1.4353167663348618,1.868016915146271,1.0,0.26
main,v040,LOLO-nes-f0,secondary,LOLO,nested,0,A,MAPPO|mappo_seed1_20260517T110908/mappo_best.pt,MAPPO,1,P,"May 2026, pre-781c90c reward",2,-299.3491525409647,281.5042161517046,16.231162589260116,0.11377380000000001,1.5,206.50792484051394,206.47948139051394,0.0009910802775024777,0.0,0.0009910802775024777,0.0009910802775024777,0.002973240832507433,6,0.5708622398414271,1,0.6410387529753372,0.6410387529753372,0.6410387529753372,0.26
main,v040,LOLO-nes-f0,secondary,LOLO,nested,0,A,MAPPO|mappo_seed1_20260517T110908/mappo_best.pt,MAPPO,1,P,"May 2026, pre-781c90c reward",3,-137.66242869830683,137.66242869830683,0.0,0.0,0.0,207.15558665690253,207.15558665690253,0.0,0.0,0.0,0.0,0.0,0,0.0,0,0.0,0.0,0.0,0.26
main,v040,LOLO-nes-f0,secondary,LOLO,nested,0,A,MAPPO|mappo_seed1_20260517T110908/mappo_best.pt,MAPPO,1,P,"May 2026, pre-781c90c reward",4,-714.1873553091634,643.9777643306434,59.46232517852023,0.8722658000000001,9.875,193.0755837159644,192.85751726596442,0.002973240832507433,0.0,0.002973240832507433,0.002973240832507433,0.12586719524281467,46,4.376610505450942,3,1.0500314736989818,1.868016915146271,0.7606925019835581,0.26
main,v040,LOLO-nes-f0,secondary,LOLO,nested,0,A,MAPPO|mappo_seed1_20260517T110908/mappo_best.pt,MAPPO,1,P,"May 2026, pre-781c90c reward",5,-391.6817516295154,388.84043022951545,0.0,0.3413214,2.5,202.87348981795157,202.78815946795154,0.0,0.0,0.0,0.0,0.04658077304261645,18,1.7125867195242817,0,0.0,0.0,0.0,0.26
main,v040,LOLO-nes-f0,secondary,LOLO,nested,0,A,MAPPO|mappo_seed1_20260517T110908/mappo_best.pt,MAPPO,1,P,"May 2026, pre-781c90c reward",6,-787.0851225574844,712.6971347789643,59.46232517852023,1.1756626,13.75,195.48016668058023,195.18625103058025,0.002973240832507433,0.0,0.002973240832507433,0.002973240832507433,0.11298315163528246,62,5.898909811694748,3,88.06548136694342,262.91436659487954,0.7606925019835581,0.26
main,v040,LOLO-nes-f0,secondary,LOLO,nested,0,A,MAPPO|mappo_seed1_20260517T110908/mappo_best.pt,MAPPO,1,P,"May 2026, pre-781c90c reward",7,-647.3267137720497,625.3258329827896,16.231162589260116,0.6447182,5.125,198.11169014336718,197.9505105933672,0.0009910802775024777,0.0,0.0009910802775024777,0.0009910802775024777,0.09910802775024777,34,3.2348860257680876,1,0.6410387529753372,0.6410387529753372,0.6410387529753372,0.26
main,v040,LOLO-nes-f0,secondary,LOLO,nested,0,A,MAPPO|mappo_seed1_20260517T110908/mappo_best.pt,MAPPO,1,P,"May 2026, pre-781c90c reward",8,-399.71272115195393,377.0643879626938,16.231162589260116,0.41717060000000006,6.0,204.96936271541261,204.8650700654126,0.0009910802775024777,0.0,0.0009910802775024777,0.0009910802775024777,0.018830525272547076,22,2.093161546085233,1,0.6410387529753372,0.6410387529753372,0.6410387529753372,0.26
main,v040,LOLO-nes-f0,secondary,LOLO,nested,0,A,MAPPO|mappo_seed1_20260517T110908/mappo_best.pt,MAPPO,1,P,"May 2026, pre-781c90c reward",9,-161.89663597311326,80.89663597311326,81.0,0.0,0.0,207.42241810816222,207.42241810816222,0.002973240832507433,0.002973240832507433,0.0,0.002973240832507433,0.0,0,0.0,3,141.40880427800485,157.92401471165365,1.0,0.26
main,v040,LOLO-nes-f0,secondary,LOLO,nested,0,A,MAPPO|mappo_seed7_20260517T003433/mappo_best.pt,MAPPO,7,P,"May 2026, pre-781c90c reward",all,-5225.472600086144,4709.862756393542,459.31162589260117,5.4232178,50.875,1998.3972509432365,1997.0414464932364,0.0020812685827552033,0.00029732408325074334,0.00178394449950446,0.0020812685827552033,0.08166501486620416,286,2.721110009910803,21,33.57551869501112,262.91436659487954,0.8290660728453987,0.26
main,v040,LOLO-nes-f0,secondary,LOLO,nested,0,A,MAPPO|mappo_seed7_20260517T003433/mappo_best.pt,MAPPO,7,P,"May 2026, pre-781c90c reward",0,-940.5692870962564,930.2194736962563,0.0,1.0998134000000002,9.25,187.24501940893504,186.97006605893503,0.0,0.0,0.0,0.0,0.21704658077304262,58,5.518334985133796,0,0.0,0.0,0.0,0.26
main,v040,LOLO-nes-f0,secondary,LOLO,nested,0,A,MAPPO|mappo_seed7_20260517T003433/mappo_best.pt,MAPPO,7,P,"May 2026, pre-781c90c reward",1,-619.5897484015704,542.7630184123104,70.23116258926012,0.7205674,5.875,196.8315343126692,196.65139246266918,0.002973240832507433,0.0,0.002973240832507433,0.002973240832507433,0.11694747274529237,38,3.615460852329039,3,1.1705574285483535,1.868016915146271,0.8803462509917791,0.26
main,v040,LOLO-nes-f0,secondary,LOLO,nested,0,A,MAPPO|mappo_seed7_20260517T003433/mappo_best.pt,MAPPO,7,P,"May 2026, pre-781c90c reward",2,-300.32342854994704,282.478492160687,16.231162589260116,0.11377380000000001,1.5,206.61467131455225,206.58622786455226,0.0009910802775024777,0.0,0.0009910802775024777,0.0009910802775024777,0.002973240832507433,6,0.5708622398414271,1,0.6410387529753372,0.6410387529753372,0.6410387529753372,0.26
main,v040,LOLO-nes-f0,secondary,LOLO,nested,0,A,MAPPO|mappo_seed7_20260517T003433/mappo_best.pt,MAPPO,7,P,"May 2026, pre-781c90c reward",3,-137.66242869830683,137.66242869830683,0.0,0.0,0.0,207.15558665690253,207.15558665690253,0.0,0.0,0.0,0.0,0.0,0,0.0,0,0.0,0.0,0.0,0.26
main,v040,LOLO-nes-f0,secondary,LOLO,nested,0,A,MAPPO|mappo_seed7_20260517T003433/mappo_best.pt,MAPPO,7,P,"May 2026, pre-781c90c reward",4,-760.0159518850749,638.4201347065547,113.46232517852023,0.758492,7.375,192.44425728629142,192.25463428629143,0.004955401387512388,0.0,0.004955401387512388,0.004955401387512388,0.14866204162537167,40,3.8057482656095147,5,1.3772256502778977,1.868016915146271,0.8564155011901349,0.26
main,v040,LOLO-nes-f0,secondary,LOLO,nested,0,A,MAPPO|mappo_seed7_20260517T003433/mappo_best.pt,MAPPO,7,P,"May 2026, pre-781c90c reward",5,-408.1189743759046,388.88356578664445,16.231162589260116,0.379246,2.625,202.9340737545827,202.8392622545827,0.0009910802775024777,0.0,0.0009910802775024777,0.0009910802775024777,0.05550049554013875,20,1.9028741328047574,1,0.6410387529753372,0.6410387529753372,0.6410387529753372,0.26
main,v040,LOLO-nes-f0,secondary,LOLO,nested,0,A,MAPPO|mappo_seed7_20260517T003433/mappo_best.pt,MAPPO,7,P,"May 2026, pre-781c90c reward",6,-799.4385736952956,710.9823479275153,75.69348776778034,1.1377380000000001,11.625,195.14595880975875,194.86152430975875,0.003964321110009911,0.0,0.003964321110009911,0.003964321110009911,0.1288404360753221,60,5.708622398414271,4,66.20937071345139,262.91436659487954,0.7307790647315029,0.26
main,v040,LOLO-nes-f0,secondary,LOLO,nested,0,A,MAPPO|mappo_seed7_20260517T003433/mappo_best.pt,MAPPO,7,P,"May 2026, pre-781c90c reward",7,-686.9715461542255,625.6259787542256,54.0,0.7205674,6.625,198.1142984312791,197.9341565812791,0.0019821605550049554,0.0,0.0019821605550049554,0.0019821605550049554,0.1159563924677899,38,3.615460852329039,2,1.5300206792388034,1.868016915146271,1.0,0.26
main,v040,LOLO-nes-f0,secondary,LOLO,nested,0,A,MAPPO|mappo_seed7_20260517T003433/mappo_best.pt,MAPPO,7,P,"May 2026, pre-781c90c reward",8,-410.88602525644916,371.93068027792896,32.46232517852023,0.4930198,6.0,204.48943286010322,204.36617791010323,0.0019821605550049554,0.0,0.0019821605550049554,0.0019821605550049554,0.030723488602576808,26,2.4737363726461843,2,0.6410387529753372,0.6410387529753372,0.6410387529753372,0.26
main,v040,LOLO-nes-f0,secondary,LOLO,nested,0,A,MAPPO|mappo_seed7_20260517T003433/mappo_best.pt,MAPPO,7,P,"May 2026, pre-781c90c reward",9,-161.89663597311326,80.89663597311326,81.0,0.0,0.0,207.42241810816222,207.42241810816222,0.002973240832507433,0.002973240832507433,0.0,0.002973240832507433,0.0,0,0.0,3,141.40880427800485,157.92401471165365,1.0,0.26
main,v040,LOLO-nes-f0,secondary,LOLO,nested,0,A,MAPPO|mappo_seed13_20260517T003433/mappo_best.pt,MAPPO,13,P,"May 2026, pre-781c90c reward",all,-5476.885956024505,4649.2664897641225,751.0051136603815,6.8643526,69.75,1992.882717978239,1991.166629828239,0.0032705649157581764,0.00029732408325074334,0.002973240832507433,0.0032705649157581764,0.10178394449950447,362,3.444202180376611,33,30.907292498163297,298.66350073587404,0.8585910238993752,0.26
main,v040,LOLO-nes-f0,secondary,LOLO,nested,0,A,MAPPO|mappo_seed13_20260517T003433/mappo_best.pt,MAPPO,13,P,"May 2026, pre-781c90c reward",0,-972.8015806050857,912.1784340158255,43.231162589260116,1.516984,15.875,185.34475896790576,184.96551296790574,0.0019821605550049554,0.0,0.0019821605550049554,0.0019821605550049554,0.27353815659068387,80,7.6114965312190295,2,1.2545278340608041,1.868016915146271,0.8205193764876686,0.26
main,v040,LOLO-nes-f0,secondary,LOLO,nested,0,A,MAPPO|mappo_seed13_20260517T003433/mappo_best.pt,MAPPO,13,P,"May 2026, pre-781c90c reward",1,-614.4190235792117,537.5543689899516,70.23116258926012,0.7584919999999999,5.875,196.3115048724879,196.1218818724879,0.002973240832507433,0.0,0.002973240832507433,0.002973240832507433,0.14073339940535184,40,3.8057482656095147,3,1.1705574285483535,1.868016915146271,0.8803462509917791,0.26
main,v040,LOLO-nes-f0,secondary,LOLO,nested,0,A,MAPPO|mappo_seed13_20260517T003433/mappo_best.pt,MAPPO,13,P,"May 2026, pre-781c90c reward",2,-380.8254789982093,280.2038442089492,97.23116258926012,0.26547220000000005,3.125,206.45775150952198,206.391383459522,0.003964321110009911,0.0,0.003964321110009911,0.003964321110009911,0.009910802775024777,14,1.33201189296333,4,1.3922742566498036,1.868016915146271,0.9102596882438343,0.26
main,v040,LOLO-nes-f0,secondary,LOLO,nested,0,A,MAPPO|mappo_seed13_20260517T003433/mappo_best.pt,MAPPO,13,P,"May 2026, pre-781c90c reward",3,-137.66242869830683,137.66242869830683,0.0,0.0,0.0,207.15558665690253,207.15558665690253,0.0,0.0,0.0,0.0,0.0,0,0.0,0,0.0,0.0,0.0,0.26
main,v040,LOLO-nes-f0,secondary,LOLO,nested,0,A,MAPPO|mappo_seed13_20260517T003433/mappo_best.pt,MAPPO,13,P,"May 2026, pre-781c90c reward",4,-753.0675018387485,634.5475338602282,113.46232517852023,0.6826428,4.375,192.14769774677933,191.97703704677934,0.004955401387512388,0.0,0.004955401387512388,0.004955401387512388,0.1645193260654113,36,3.4251734390485633,5,1.3772256502778977,1.868016915146271,0.8564155011901349,0.26
main,v040,LOLO-nes-f0,secondary,LOLO,nested,0,A,MAPPO|mappo_seed13_20260517T003433/mappo_best.pt,MAPPO,13,P,"May 2026, pre-781c90c reward",5,-452.62032531936063,386.67620654084044,59.46232517852023,0.6067936,5.875,203.00282682962927,202.85112842962928,0.002973240832507433,0.0,0.002973240832507433,0.002973240832507433,0.07631318136769079,32,3.044598612487612,3,1.0500314736989818,1.868016915146271,0.7606925019835581,0.26
main,v040,LOLO-nes-f0,secondary,LOLO,nested,0,A,MAPPO|mappo_seed13_20260517T003433/mappo_best.pt,MAPPO,13,P,"May 2026, pre-781c90c reward",6,-818.825962181061,697.7784150132807,102.69348776778034,1.4790594,16.875,193.96076922068642,193.59100437068642,0.004955401387512388,0.0,0.004955401387512388,0.004955401387512388,0.1635282457879088,78,7.421209117938553,5,112.70019671793591,298.66350073587404,0.7846232517852023,0.26
main,v040,LOLO-nes-f0,secondary,LOLO,nested,0,A,MAPPO|mappo_seed13_20260517T003433/mappo_best.pt,MAPPO,13,P,"May 2026, pre-781c90c reward",7,-749.9768919079222,613.134689718662,124.23116258926012,0.9860396,11.625,196.9288106458273,196.68230074582732,0.004955401387512388,0.0,0.004955401387512388,0.004955401387512388,0.14370664023785926,52,4.947472745292369,5,1.4874227883490971,1.868016915146271,0.9282077505950674,0.26
main,v040,LOLO-nes-f0,secondary,LOLO,nested,0,A,MAPPO|mappo_seed13_20260517T003433/mappo_best.pt,MAPPO,13,P,"May 2026, pre-781c90c reward",8,-434.7901269234852,368.633932744965,59.46232517852023,0.5688690000000001,6.125,204.15059342033643,204.00837617033642,0.002973240832507433,0.0,0.002973240832507433,0.002973240832507433,0.04558969276511397,30,2.8543111992071357,3,1.0500314736989818,1.868016915146271,0.7606925019835581,0.26
main,v040,LOLO-nes-f0,secondary,LOLO,nested,0,A,MAPPO|mappo_seed13_20260517T003433/mappo_best.pt,MAPPO,13,P,"May 2026, pre-781c90c reward",9,-161.89663597311326,80.89663597311326,81.0,0.0,0.0,207.42241810816222,207.42241810816222,0.002973240832507433,0.002973240832507433,0.0,0.002973240832507433,0.0,0,0.0,3,141.40880427800485,157.92401471165365,1.0,0.26
main,v040,LOLO-nes-f0,secondary,LOLO,nested,0,A,MAPPO|mappo_seed23_20260517T110908/mappo_best.pt,MAPPO,23,P,"May 2026, pre-781c90c reward",all,-5184.513056822993,4652.628617919652,443.08046330334105,7.0539756,81.75,1991.8337584263377,1990.0702645263377,0.0019821605550049554,0.00029732408325074334,0.0016848364717542122,0.0019821605550049554,0.08731417244796828,372,3.539345887016849,20,35.18844306852216,262.91436659487954,0.8384674388389017,0.26
main,v040,LOLO-nes-f0,secondary,LOLO,nested,0,A,MAPPO|mappo_seed23_20260517T110908/mappo_best.pt,MAPPO,23,P,"May 2026, pre-781c90c reward",0,-933.6616235769083,912.2050165769083,0.0,1.706607,19.75,185.10281893011742,184.6761671801174,0.0,0.0,0.0,0.0,0.24380574826560952,90,8.562933597621408,0,0.0,0.0,0.0,0.26
main,v040,LOLO-nes-f0,secondary,LOLO,nested,0,A,MAPPO|mappo_seed23_20260517T110908/mappo_best.pt,MAPPO,23,P,"May 2026, pre-781c90c reward",1,-618.4654635001057,536.1611859108456,70.23116258926012,0.948115,11.125,195.92946815860833,195.69243940860832,0.002973240832507433,0.0,0.002973240832507433,0.002973240832507433,0.1159563924677899,50,4.757185332011893,3,1.1705574285483535,1.868016915146271,0.8803462509917791,0.26
main,v040,LOLO-nes-f0,secondary,LOLO,nested,0,A,MAPPO|mappo_seed23_20260517T110908/mappo_best.pt,MAPPO,23,P,"May 2026, pre-781c90c reward",2,-325.73884494393303,279.9430593546729,43.231162589260116,0.189623,2.375,206.34717522993563,206.29976947993563,0.0019821605550049554,0.0,0.0019821605550049554,0.0019821605550049554,0.005946481665014866,10,0.9514370664023787,2,0.9165315981533364,1.1920244433313356,0.8205193764876686,0.26
main,v040,LOLO-nes-f0,secondary,LOLO,nested,0,A,MAPPO|mappo_seed23_20260517T110908/mappo_best.pt,MAPPO,23,P,"May 2026, pre-781c90c reward",3,-137.66242869830683,137.66242869830683,0.0,0.0,0.0,207.15558665690253,207.15558665690253,0.0,0.0,0.0,0.0,0.0,0,0.0,0,0.0,0.0,0.0,0.26
main,v040,LOLO-nes-f0,secondary,LOLO,nested,0,A,MAPPO|mappo_seed23_20260517T110908/mappo_best.pt,MAPPO,23,P,"May 2026, pre-781c90c reward",4,-731.0724321486812,634.7378411701609,86.46232517852023,0.8722658,9.0,192.0911883562398,191.87312190623982,0.003964321110009911,0.0,0.003964321110009911,0.003964321110009911,0.15262636273538158,46,4.376610505450942,4,1.2545278340608041,1.868016915146271,0.8205193764876686,0.26
main,v040,LOLO-nes-f0,secondary,LOLO,nested,0,A,MAPPO|mappo_seed23_20260517T110908/mappo_best.pt,MAPPO,23,P,"May 2026, pre-781c90c reward",5,-408.4330787540968,386.58389636483673,16.231162589260116,0.4930198,5.125,202.6820304021304,202.55877545213042,0.0009910802775024777,0.0,0.0009910802775024777,0.0009910802775024777,0.05649157581764123,26,2.4737363726461843,1,0.6410387529753372,0.6410387529753372,0.6410387529753372,0.26
main,v040,LOLO-nes-f0,secondary,LOLO,nested,0,A,MAPPO|mappo_seed23_20260517T110908/mappo_best.pt,MAPPO,23,P,"May 2026, pre-781c90c reward",6,-794.8566607373215,700.0970381695412,75.69348776778034,1.4411348,17.625,194.0310899603648,193.6708062603648,0.003964321110009911,0.0,0.003964321110009911,0.003964321110009911,0.14172447968285432,76,7.230921704658078,4,66.20937071345139,262.91436659487954,0.7307790647315029,0.26
main,v040,LOLO-nes-f0,secondary,LOLO,nested,0,A,MAPPO|mappo_seed23_20260517T110908/mappo_best.pt,MAPPO,23,P,"May 2026, pre-781c90c reward",7,-679.3699765553674,615.6606353553675,54.0,0.8343412000000001,8.875,197.02865689030043,196.82007159030044,0.0019821605550049554,0.0,0.0019821605550049554,0.0019821605550049554,0.12388503468780972,44,4.186323092170466,2,1.5300206792388034,1.868016915146271,1.0,0.26
main,v040,LOLO-nes-f0,secondary,LOLO,nested,0,A,MAPPO|mappo_seed23_20260517T110908/mappo_best.pt,MAPPO,23,P,"May 2026, pre-781c90c reward",8,-393.3559119351595,368.6808803458993,16.231162589260116,0.5688690000000001,7.875,204.04332573357624,203.90110848357625,0.0009910802775024777,0.0,0.0009910802775024777,0.0009910802775024777,0.03270564915758176,30,2.8543111992071357,1,0.6410387529753372,0.6410387529753372,0.6410387529753372,0.26
main,v040,LOLO-nes-f0,secondary,LOLO,nested,0,A,MAPPO|mappo_seed23_20260517T110908/mappo_best.pt,MAPPO,23,P,"May 2026, pre-781c90c reward",9,-161.89663597311326,80.89663597311326,81.0,0.0,0.0,207.42241810816222,207.42241810816222,0.002973240832507433,0.002973240832507433,0.0,0.002973240832507433,0.0,0,0.0,3,141.40880427800485,157.92401471165365,1.0,0.26
main,v040,LOLO-nes-f0,secondary,LOLO,nested,0,A,MAPPO|mappo_seed42_20260526T143637/mappo_best.pt,MAPPO,42,P+T,"May 2026, pre-781c90c reward",all,-5155.102276376787,4683.222964262706,399.8493007140809,6.030011400000001,66.0,1995.6858003147083,1994.178297464708,0.00178394449950446,0.00029732408325074334,0.0014866204162537165,0.00178394449950446,0.07789890981169474,318,3.025569871159564,18,24.45630311236603,157.92401471165365,0.8404616679890388,0.26
main,v040,LOLO-nes-f0,secondary,LOLO,nested,0,A,MAPPO|mappo_seed42_20260526T143637/mappo_best.pt,MAPPO,42,P+T,"May 2026, pre-781c90c reward",0,-939.4343825994648,927.0845691994648,0.0,1.0998134000000002,11.25,186.83308607987396,186.55813272987393,0.0,0.0,0.0,0.0,0.20317145688800792,58,5.518334985133796,0,0.0,0.0,0.0,0.26
main,v040,LOLO-nes-f0,secondary,LOLO,nested,0,A,MAPPO|mappo_seed42_20260526T143637/mappo_best.pt,MAPPO,42,P+T,"May 2026, pre-781c90c reward",1,-602.7014568158422,538.4541910158422,54.0,0.8722658000000001,9.375,196.1885769689887,195.9705105189887,0.0019821605550049554,0.0,0.0019821605550049554,0.0019821605550049554,0.11000991080277503,46,4.376610505450942,2,1.4353167663348618,1.868016915146271,1.0,0.26
main,v040,LOLO-nes-f0,secondary,LOLO,nested,0,A,MAPPO|mappo_seed42_20260526T143637/mappo_best.pt,MAPPO,42,P+T,"May 2026, pre-781c90c reward",2,-325.73884494393303,279.9430593546729,43.231162589260116,0.189623,2.375,206.34717522993563,206.29976947993563,0.0019821605550049554,0.0,0.0019821605550049554,0.0019821605550049554,0.005946481665014866,10,0.9514370664023787,2,0.9165315981533364,1.1920244433313356,0.8205193764876686,0.26
main,v040,LOLO-nes-f0,secondary,LOLO,nested,0,A,MAPPO|mappo_seed42_20260526T143637/mappo_best.pt,MAPPO,42,P+T,"May 2026, pre-781c90c reward",3,-137.66242869830683,137.66242869830683,0.0,0.0,0.0,207.15558665690253,207.15558665690253,0.0,0.0,0.0,0.0,0.0,0,0.0,0,0.0,0.0,0.0,0.26
main,v040,LOLO-nes-f0,secondary,LOLO,nested,0,A,MAPPO|mappo_seed42_20260526T143637/mappo_best.pt,MAPPO,42,P+T,"May 2026, pre-781c90c reward",4,-734.0348357963677,637.4502448178475,86.46232517852023,0.8722658,9.25,192.4213966560979,192.20333020609792,0.003964321110009911,0.0,0.003964321110009911,0.003964321110009911,0.14370664023785926,46,4.376610505450942,4,1.2545278340608041,1.868016915146271,0.8205193764876686,0.26
main,v040,LOLO-nes-f0,secondary,LOLO,nested,0,A,MAPPO|mappo_seed42_20260526T143637/mappo_best.pt,MAPPO,42,P+T,"May 2026, pre-781c90c reward",5,-390.24141117090244,386.19924057090236,0.0,0.4171706,3.625,202.6773156427694,202.57302299276938,0.0,0.0,0.0,0.0,0.05054509415262636,22,2.093161546085233,0,0.0,0.0,0.0,0.26
main,v040,LOLO-nes-f0,secondary,LOLO,nested,0,A,MAPPO|mappo_seed42_20260526T143637/mappo_best.pt,MAPPO,42,P+T,"May 2026, pre-781c90c reward",6,-799.5622031917037,704.3405052239234,75.69348776778034,1.4032102,18.125,194.64824408401188,194.2974415340119,0.003964321110009911,0.0,0.003964321110009911,0.003964321110009911,0.1288404360753221,74,7.040634291377602,4,0.9477832935180707,1.868016915146271,0.7307790647315029,0.26
main,v040,LOLO-nes-f0,secondary,LOLO,nested,0,A,MAPPO|mappo_seed42_20260526T143637/mappo_best.pt,MAPPO,42,P+T,"May 2026, pre-781c90c reward",7,-671.1479320046222,620.2832774153621,43.231162589260116,0.7584920000000002,6.875,197.59803328885562,197.4084102888556,0.0019821605550049554,0.0,0.0019821605550049554,0.0019821605550049554,0.1110009910802775,40,3.8057482656095147,2,0.9165315981533364,1.1920244433313356,0.8205193764876686,0.26
main,v040,LOLO-nes-f0,secondary,LOLO,nested,0,A,MAPPO|mappo_seed42_20260526T143637/mappo_best.pt,MAPPO,42,P+T,"May 2026, pre-781c90c reward",8,-392.6821451825307,370.90881199327055,16.231162589260116,0.41717060000000006,5.125,204.39396759911054,204.28967494911055,0.0009910802775024777,0.0,0.0009910802775024777,0.0009910802775024777,0.02576808721506442,22,2.093161546085233,1,0.6410387529753372,0.6410387529753372,0.6410387529753372,0.26
main,v040,LOLO-nes-f0,secondary,LOLO,nested,0,A,MAPPO|mappo_seed42_20260526T143637/mappo_best.pt,MAPPO,42,P+T,"May 2026, pre-781c90c reward",9,-161.89663597311326,80.89663597311326,81.0,0.0,0.0,207.42241810816222,207.42241810816222,0.002973240832507433,0.002973240832507433,0.0,0.002973240832507433,0.0,0,0.0,3,141.40880427800485,157.92401471165365,1.0,0.26
main,v040,LOLO-nes-f0,secondary,LOLO,nested,0,A,MAPPO|mappo_seed64_20260517T110908/mappo_best.pt,MAPPO,64,P,"May 2026, pre-781c90c reward",all,-5054.428290984247,4720.4369666486855,286.3869755355607,4.8543488,42.75,1999.0475851634224,1997.8339979634225,0.001288404360753221,0.00029732408325074334,0.0009910802775024777,0.001288404360753221,0.07413280475718534,256,2.4356788899900894,13,33.436870208832985,157.92401471165365,0.8343255782963095,0.26
main,v040,LOLO-nes-f0,secondary,LOLO,nested,0,A,MAPPO|mappo_seed64_20260517T110908/mappo_best.pt,MAPPO,64,P,"May 2026, pre-781c90c reward",0,-942.7821628355541,935.3719724355541,0.0,0.9101904000000001,6.5,187.68238029713206,187.45483269713205,0.0,0.0,0.0,0.0,0.1962338949454906,48,4.566897918731417,0,0.0,0.0,0.0,0.26
main,v040,LOLO-nes-f0,secondary,LOLO,nested,0,A,MAPPO|mappo_seed64_20260517T110908/mappo_best.pt,MAPPO,64,P,"May 2026, pre-781c90c reward",1,-606.0790596004988,544.1955676004989,54.0,0.7584919999999999,7.125,196.78507821142375,196.59545521142377,0.0019821605550049554,0.0,0.0019821605550049554,0.0019821605550049554,0.09910802775024777,40,3.8057482656095147,2,1.4353167663348618,1.868016915146271,1.0,0.26
main,v040,LOLO-nes-f0,secondary,LOLO,nested,0,A,MAPPO|mappo_seed64_20260517T110908/mappo_best.pt,MAPPO,64,P,"May 2026, pre-781c90c reward",2,-299.543612599873,282.23660081061286,16.231162589260116,0.0758492,1.0,206.5635484304215,206.5445861304215,0.0009910802775024777,0.0,0.0009910802775024777,0.0009910802775024777,0.0019821605550049554,4,0.3805748265609515,1,0.6410387529753372,0.6410387529753372,0.6410387529753372,0.26
main,v040,LOLO-nes-f0,secondary,LOLO,nested,0,A,MAPPO|mappo_seed64_20260517T110908/mappo_best.pt,MAPPO,64,P,"May 2026, pre-781c90c reward",3,-137.66242869830683,137.66242869830683,0.0,0.0,0.0,207.15558665690253,207.15558665690253,0.0,0.0,0.0,0.0,0.0,0,0.0,0,0.0,0.0,0.0,0.26
main,v040,LOLO-nes-f0,secondary,LOLO,nested,0,A,MAPPO|mappo_seed64_20260517T110908/mappo_best.pt,MAPPO,64,P,"May 2026, pre-781c90c reward",4,-706.0534066620202,639.4575894835,59.46232517852023,0.758492,6.375,192.65538762646503,192.46576462646505,0.002973240832507433,0.0,0.002973240832507433,0.002973240832507433,0.14271555996035679,40,3.8057482656095147,3,1.0500314736989818,1.868016915146271,0.7606925019835581,0.26
main,v040,LOLO-nes-f0,secondary,LOLO,nested,0,A,MAPPO|mappo_seed64_20260517T110908/mappo_best.pt,MAPPO,64,P,"May 2026, pre-781c90c reward",5,-390.90281072123173,388.97441392123176,0.0,0.3033968,1.625,202.8390770986195,202.76322789861945,0.0,0.0,0.0,0.0,0.048562933597621406,16,1.522299306243806,0,0.0,0.0,0.0,0.26
main,v040,LOLO-nes-f0,secondary,LOLO,nested,0,A,MAPPO|mappo_seed64_20260517T110908/mappo_best.pt,MAPPO,64,P,"May 2026, pre-781c90c reward",6,-755.4742729512789,711.3629835727586,32.46232517852023,1.0239642,10.625,195.1834604747927,194.92746942479272,0.0019821605550049554,0.0,0.0019821605550049554,0.0019821605550049554,0.12190287413280476,54,5.137760158572845,2,0.6410387529753372,0.6410387529753372,0.6410387529753372,0.26
main,v040,LOLO-nes-f0,secondary,LOLO,nested,0,A,MAPPO|mappo_seed64_20260517T110908/mappo_best.pt,MAPPO,64,P,"May 2026, pre-781c90c reward",7,-654.7753247911867,622.2556065911866,27.0,0.6447182,4.875,197.80647337720498,197.645293827205,0.0009910802775024777,0.0,0.0009910802775024777,0.0009910802775024777,0.1110009910802775,34,3.2348860257680876,1,1.868016915146271,1.868016915146271,1.0,0.26
main,v040,LOLO-nes-f0,secondary,LOLO,nested,0,A,MAPPO|mappo_seed64_20260517T110908/mappo_best.pt,MAPPO,64,P,"May 2026, pre-781c90c reward",8,-399.2585761511825,378.02316756192243,16.231162589260116,0.379246,4.625,204.95417488229813,204.85936338229814,0.0009910802775024777,0.0,0.0009910802775024777,0.0009910802775024777,0.019821605550049554,20,1.9028741328047574,1,0.6410387529753372,0.6410387529753372,0.6410387529753372,0.26
main,v040,LOLO-nes-f0,secondary,LOLO,nested,0,A,MAPPO|mappo_seed64_20260517T110908/mappo_best.pt,MAPPO,64,P,"May 2026, pre-781c90c reward",9,-161.89663597311326,80.89663597311326,81.0,0.0,0.0,207.42241810816222,207.42241810816222,0.002973240832507433,0.002973240832507433,0.0,0.002973240832507433,0.0,0,0.0,3,141.40880427800485,157.92401471165365,1.0,0.26
main,v040,LOLO-nes-f0,secondary,LOLO,nested,0,A,Centralized PPO|wcnc2027_ablation/central_seed23/ppo_multi_site.zip,Centralized PPO,23,R,wcnc2027_ablation 2026-09-14,all,-17996.528767605465,5752.834061405656,12007.572773999806,13.1219322,223.0,2237.0682805120614,2233.7877974620615,0.051337958374628345,0.007928642220019821,0.051040634291377604,0.051337958374628345,0.15014866204162536,690,6.564915758176412,518,72.57334738593018,2273.185268772556,0.8726880806949682,0.68
main,v040,LOLO-nes-f0,secondary,LOLO,nested,0,A,Centralized PPO|wcnc2027_ablation/central_seed23/ppo_multi_site.zip,Centralized PPO,23,R,wcnc2027_ablation 2026-09-14,0,-5557.460249143462,1170.3321785850521,4244.24822515841,7.1298454,135.75,266.57259314591346,264.79013179591345,0.18334985133795836,0.003964321110009911,0.18334985133795836,0.18334985133795836,0.6927651139742319,376,35.77403369672944,185,7.805341303383679,298.66350073587404,0.864729409938452,0.68
main,v040,LOLO-nes-f0,secondary,LOLO,nested,0,A,Centralized PPO|wcnc2027_ablation/central_seed23/ppo_multi_site.zip,Centralized PPO,23,R,wcnc2027_ablation 2026-09-14,1,-1904.5045478723812,596.0984063815669,1304.6743478908145,0.6067936,3.125,220.97515527981108,220.82345687981106,0.057482656095143705,0.003964321110009911,0.057482656095143705,0.057482656095143705,0.27155599603567887,31,2.949454905847374,58,21.133453777170505,298.66350073587404,0.8498128436154107,0.68
main,v040,LOLO-nes-f0,secondary,LOLO,nested,0,A,Centralized PPO|wcnc2027_ablation/central_seed23/ppo_multi_site.zip,Centralized PPO,23,R,wcnc2027_ablation 2026-09-14,2,-284.7778766290005,284.7778766290005,0.0,0.0,0.0,206.7288077925314,206.7288077925314,0.0,0.0,0.0,0.0,0.0,0,0.0,0,0.0,0.0,0.0,0.68
main,v040,LOLO-nes-f0,secondary,LOLO,nested,0,A,Centralized PPO|wcnc2027_ablation/central_seed23/ppo_multi_site.zip,Centralized PPO,23,R,wcnc2027_ablation 2026-09-14,3,-137.66242869830683,137.66242869830683,0.0,0.0,0.0,207.15558665690253,207.15558665690253,0.0,0.0,0.0,0.0,0.0,0,0.0,0,0.0,0.0,0.0,0.68
main,v040,LOLO-nes-f0,secondary,LOLO,nested,0,A,Centralized PPO|wcnc2027_ablation/central_seed23/ppo_multi_site.zip,Centralized PPO,23,R,wcnc2027_ablation 2026-09-14,4,-1081.884153094849,956.2021413055891,124.23116258926012,0.0758492,1.375,208.09760931129455,208.07864701129455,0.004955401387512388,0.0019821605550049554,0.004955401387512388,0.004955401387512388,0.002973240832507433,4,0.3805748265609515,5,120.03253625711564,298.66350073587404,0.9282077505950674,0.68
main,v040,LOLO-nes-f0,secondary,LOLO,nested,0,A,Centralized PPO|wcnc2027_ablation/central_seed23/ppo_multi_site.zip,Centralized PPO,23,R,wcnc2027_ablation 2026-09-14,5,-442.5363323620205,442.5363323620205,0.0,0.0,0.0,206.64624420771796,206.64624420771796,0.0,0.0,0.0,0.0,0.0,0,0.0,0,0.0,0.0,0.0,0.68
main,v040,LOLO-nes-f0,secondary,LOLO,nested,0,A,Centralized PPO|wcnc2027_ablation/central_seed23/ppo_multi_site.zip,Centralized PPO,23,R,wcnc2027_ablation 2026-09-14,6,-7129.246994391152,922.9693612298299,6118.419038361321,5.2335948,82.625,298.77035768309474,297.46195898309475,0.25966303270564917,0.06640237859266601,0.25966303270564917,0.25966303270564917,0.5252725470763132,275,26.164519326065413,262,128.2191481513959,2273.185268772556,0.8784248140408806,0.68
main,v040,LOLO-nes-f0,secondary,LOLO,nested,0,A,Centralized PPO|wcnc2027_ablation/central_seed23/ppo_multi_site.zip,Centralized PPO,23,R,wcnc2027_ablation 2026-09-14,7,-756.7075182078895,756.7075182078895,0.0,0.0,0.0,206.55819262028785,206.55819262028785,0.0,0.0,0.0,0.0,0.0,0,0.0,0,0.0,0.0,0.0,0.68
main,v040,LOLO-nes-f0,secondary,LOLO,nested,0,A,Centralized PPO|wcnc2027_ablation/central_seed23/ppo_multi_site.zip,Centralized PPO,23,R,wcnc2027_ablation 2026-09-14,8,-539.8520312332871,404.651182033287,135.0,0.0758492,0.125,208.14131570634567,208.12235340634567,0.004955401387512388,0.0,0.004955401387512388,0.004955401387512388,0.008919722497522299,4,0.3805748265609515,5,61.09191518492884,298.66350073587404,1.0,0.68
main,v040,LOLO-nes-f0,secondary,LOLO,nested,0,A,Centralized PPO|wcnc2027_ablation/central_seed23/ppo_multi_site.zip,Centralized PPO,23,R,wcnc2027_ablation 2026-09-14,9,-161.89663597311326,80.89663597311326,81.0,0.0,0.0,207.42241810816222,207.42241810816222,0.002973240832507433,0.002973240832507433,0.0,0.002973240832507433,0.0,0,0.0,3,141.40880427800485,157.92401471165365,1.0,0.68
main,v040,LOLO-nes-f0,secondary,LOLO,nested,0,A,Shared-PPO|wcnc2027_ablation/shared_ppo_seed23/mappo_best.pt,Shared-PPO,23,R,wcnc2027_ablation 2026-09-14 (supplementary ablation),all,-5240.980016983518,4692.965208729734,491.576118253784,5.68869,50.75,1996.500715295743,1995.078542795743,0.0022794846382556988,0.00029732408325074334,0.0019821605550049554,0.0022794846382556988,0.09078295341922696,300,2.8543111992071357,23,30.71136415973651,262.91436659487954,0.8124291568895419,0.27
main,v040,LOLO-nes-f0,secondary,LOLO,nested,0,A,Shared-PPO|wcnc2027_ablation/shared_ppo_seed23/mappo_best.pt,Shared-PPO,23,R,wcnc2027_ablation 2026-09-14 (supplementary ablation),0,-937.3742463378856,923.9598099378856,0.0,1.2894364,12.125,186.49487779571294,186.17251869571294,0.0,0.0,0.0,0.0,0.24083250743310208,68,6.469772051536175,0,0.0,0.0,0.0,0.27
main,v040,LOLO-nes-f0,secondary,LOLO,nested,0,A,Shared-PPO|wcnc2027_ablation/shared_ppo_seed23/mappo_best.pt,Shared-PPO,23,R,wcnc2027_ablation 2026-09-14 (supplementary ablation),1,-618.6893945862062,541.6997399969459,70.23116258926012,0.758492,6.0,196.8046842548683,196.6150612548683,0.002973240832507433,0.0,0.002973240832507433,0.002973240832507433,0.12983151635282458,40,3.8057482656095147,3,1.1705574285483535,1.868016915146271,0.8803462509917791,0.27
main,v040,LOLO-nes-f0,secondary,LOLO,nested,0,A,Shared-PPO|wcnc2027_ablation/shared_ppo_seed23/mappo_best.pt,Shared-PPO,23,R,wcnc2027_ablation 2026-09-14 (supplementary ablation),2,-300.16943748315816,280.8357272938981,16.231162589260116,0.22754760000000002,2.875,206.48781115285055,206.43092425285056,0.0009910802775024777,0.0,0.0009910802775024777,0.0009910802775024777,0.006937561942517344,12,1.1417244796828543,1,0.6410387529753372,0.6410387529753372,0.6410387529753372,0.27
main,v040,LOLO-nes-f0,secondary,LOLO,nested,0,A,Shared-PPO|wcnc2027_ablation/shared_ppo_seed23/mappo_best.pt,Shared-PPO,23,R,wcnc2027_ablation 2026-09-14 (supplementary ablation),3,-137.66242869830683,137.66242869830683,0.0,0.0,0.0,207.15558665690253,207.15558665690253,0.0,0.0,0.0,0.0,0.0,0,0.0,0,0.0,0.0,0.0,0.27
main,v040,LOLO-nes-f0,secondary,LOLO,nested,0,A,Shared-PPO|wcnc2027_ablation/shared_ppo_seed23/mappo_best.pt,Shared-PPO,23,R,wcnc2027_ablation 2026-09-14 (supplementary ablation),4,-759.883235935941,640.6132679574209,113.46232517852023,0.6826428,5.125,192.6186974660484,192.4480367660484,0.004955401387512388,0.0,0.004955401387512388,0.004955401387512388,0.1565906838453915,36,3.4251734390485633,5,1.3772256502778977,1.868016915146271,0.8564155011901349,0.27
main,v040,LOLO-nes-f0,secondary,LOLO,nested,0,A,Shared-PPO|wcnc2027_ablation/shared_ppo_seed23/mappo_best.pt,Shared-PPO,23,R,wcnc2027_ablation 2026-09-14 (supplementary ablation),5,-424.8386498893397,388.17122951081944,32.46232517852023,0.45509520000000003,3.75,202.92024989926352,202.80647609926353,0.0019821605550049554,0.0,0.0019821605550049554,0.0019821605550049554,0.062438057482656094,24,2.2834489593657086,2,0.6410387529753372,0.6410387529753372,0.6410387529753372,0.27
main,v040,LOLO-nes-f0,secondary,LOLO,nested,0,A,Shared-PPO|wcnc2027_ablation/shared_ppo_seed23/mappo_best.pt,Shared-PPO,23,R,wcnc2027_ablation 2026-09-14 (supplementary ablation),6,-791.5026402905929,706.5351883228126,75.69348776778034,1.0239642,8.25,194.72218364026298,194.466192590263,0.003964321110009911,0.0,0.003964321110009911,0.003964321110009911,0.1466798810703667,54,5.137760158572845,4,66.20937071345139,262.91436659487954,0.7307790647315029,0.27
main,v040,LOLO-nes-f0,secondary,LOLO,nested,0,A,Shared-PPO|wcnc2027_ablation/shared_ppo_seed23/mappo_best.pt,Shared-PPO,23,R,wcnc2027_ablation 2026-09-14 (supplementary ablation),7,-697.9307714852166,620.5518743132939,70.03332977192267,0.7205674,6.625,197.51101430600812,197.33087245600814,0.002973240832507433,0.0,0.002973240832507433,0.002973240832507433,0.13082259663032705,38,3.615460852329039,3,1.231495228069454,1.868016915146271,0.8781481085769185,0.27
main,v040,LOLO-nes-f0,secondary,LOLO,nested,0,A,Shared-PPO|wcnc2027_ablation/shared_ppo_seed23/mappo_best.pt,Shared-PPO,23,R,wcnc2027_ablation 2026-09-14 (supplementary ablation),8,-411.0325763037576,372.03930672523734,32.46232517852023,0.5309444000000001,6.0,204.36319201566363,204.2304559156636,0.0019821605550049554,0.0,0.0019821605550049554,0.0019821605550049554,0.03369672943508424,28,2.66402378592666,2,0.6410387529753372,0.6410387529753372,0.6410387529753372,0.27
main,v040,LOLO-nes-f0,secondary,LOLO,nested,0,A,Shared-PPO|wcnc2027_ablation/shared_ppo_seed23/mappo_best.pt,Shared-PPO,23,R,wcnc2027_ablation 2026-09-14 (supplementary ablation),9,-161.89663597311326,80.89663597311326,81.0,0.0,0.0,207.42241810816222,207.42241810816222,0.002973240832507433,0.002973240832507433,0.0,0.002973240832507433,0.0,0,0.0,3,141.40880427800485,157.92401471165365,1.0,0.27
main,v040,LOLO-nes-f0,secondary,LOLO,nested,0,A,MAPPO|wcnc2027_ablation/mappo_seed42/mappo_best.pt,MAPPO,42,R,wcnc2027_ablation 2026-09-14,all,-5097.5048281328445,4731.611805397284,313.38697553556074,5.0060472,47.5,2000.3692697703877,1999.1177579703876,0.0013875123885034688,0.00029732408325074334,0.0010901883052527254,0.0013875123885034688,0.07086223984142716,264,2.5117938553022796,14,31.133666939868583,157.92401471165365,0.8461594655608587,0.27
main,v040,LOLO-nes-f0,secondary,LOLO,nested,0,A,MAPPO|wcnc2027_ablation/mappo_seed42/mappo_best.pt,MAPPO,42,R,wcnc2027_ablation 2026-09-14,0,-947.3408627415374,938.8056723415375,0.0,0.9101904000000001,7.625,188.01339187427914,187.7858442742791,0.0,0.0,0.0,0.0,0.18136769078295342,48,4.566897918731417,0,0.0,0.0,0.0,0.27
main,v040,LOLO-nes-f0,secondary,LOLO,nested,0,A,MAPPO|wcnc2027_ablation/mappo_seed42/mappo_best.pt,MAPPO,42,R,wcnc2027_ablation 2026-09-14,1,-608.2687099876208,543.6464441876207,54.0,0.8722658000000001,9.75,196.74548427242667,196.52741782242666,0.0019821605550049554,0.0,0.0019821605550049554,0.0019821605550049554,0.10009910802775025,46,4.376610505450942,2,1.4353167663348618,1.868016915146271,1.0,0.27
main,v040,LOLO-nes-f0,secondary,LOLO,nested,0,A,MAPPO|wcnc2027_ablation/mappo_seed42/mappo_best.pt,MAPPO,42,R,wcnc2027_ablation 2026-09-14,2,-326.65972716021304,281.8147907709529,43.231162589260116,0.11377380000000001,1.5,206.52400884108533,206.49556539108534,0.0019821605550049554,0.0,0.0019821605550049554,0.0019821605550049554,0.002973240832507433,6,0.5708622398414271,2,0.9165315981533364,1.1920244433313356,0.8205193764876686,0.27
main,v040,LOLO-nes-f0,secondary,LOLO,nested,0,A,MAPPO|wcnc2027_ablation/mappo_seed42/mappo_best.pt,MAPPO,42,R,wcnc2027_ablation 2026-09-14,3,-137.66242869830683,137.66242869830683,0.0,0.0,0.0,207.15558665690253,207.15558665690253,0.0,0.0,0.0,0.0,0.0,0,0.0,0,0.0,0.0,0.0,0.27
main,v040,LOLO-nes-f0,secondary,LOLO,nested,0,A,MAPPO|wcnc2027_ablation/mappo_seed42/mappo_best.pt,MAPPO,42,R,wcnc2027_ablation 2026-09-14,4,-735.884873326514,642.289056147994,86.46232517852023,0.7584919999999999,6.375,192.8843116416216,192.6946886416216,0.003964321110009911,0.0,0.003964321110009911,0.003964321110009911,0.13478691774033696,40,3.8057482656095147,4,1.2545278340608041,1.868016915146271,0.8205193764876686,0.27
main,v040,LOLO-nes-f0,secondary,LOLO,nested,0,A,MAPPO|wcnc2027_ablation/mappo_seed42/mappo_best.pt,MAPPO,42,R,wcnc2027_ablation 2026-09-14,5,-393.1446682053029,390.9662714053029,0.0,0.3033968,1.875,203.07181321112148,202.9959640111215,0.0,0.0,0.0,0.0,0.04658077304261645,16,1.522299306243806,0,0.0,0.0,0.0,0.27
main,v040,LOLO-nes-f0,secondary,LOLO,nested,0,A,MAPPO|wcnc2027_ablation/mappo_seed42/mappo_best.pt,MAPPO,42,R,wcnc2027_ablation 2026-09-14,6,-760.8297885322012,716.468499153681,32.46232517852023,1.0239642,10.875,195.64014250650186,195.38415145650183,0.0019821605550049554,0.0,0.0019821605550049554,0.0019821605550049554,0.11397423191278494,54,5.137760158572845,2,0.6410387529753372,0.6410387529753372,0.6410387529753372,0.27
main,v040,LOLO-nes-f0,secondary,LOLO,nested,0,A,MAPPO|wcnc2027_ablation/mappo_seed42/mappo_best.pt,MAPPO,42,R,wcnc2027_ablation 2026-09-14,7,-629.872392404274,624.352674204274,0.0,0.6447182,4.875,198.0847229117714,197.9235433617714,0.0,0.0,0.0,0.0,0.10604558969276512,34,3.2348860257680876,0,0.0,0.0,0.0,0.27
main,v040,LOLO-nes-f0,secondary,LOLO,nested,0,A,MAPPO|wcnc2027_ablation/mappo_seed42/mappo_best.pt,MAPPO,42,R,wcnc2027_ablation 2026-09-14,8,-395.9447411037605,374.70933251450043,16.231162589260116,0.37924599999999997,4.625,204.82738974651545,204.73257824651546,0.0009910802775024777,0.0,0.0009910802775024777,0.0009910802775024777,0.022794846382556987,20,1.9028741328047574,1,0.6410387529753372,0.6410387529753372,0.6410387529753372,0.27
main,v040,LOLO-nes-f0,secondary,LOLO,nested,0,A,MAPPO|wcnc2027_ablation/mappo_seed42/mappo_best.pt,MAPPO,42,R,wcnc2027_ablation 2026-09-14,9,-161.89663597311326,80.89663597311326,81.0,0.0,0.0,207.42241810816222,207.42241810816222,0.002973240832507433,0.002973240832507433,0.0,0.002973240832507433,0.0,0,0.0,3,141.40880427800485,157.92401471165365,1.0,0.27
main,v040,LOLO-nes-f0,secondary,LOLO,nested,0,A,Centralized PPO|wcnc2027_ablation/central_seed42/ppo_multi_site.zip,Centralized PPO,42,R,wcnc2027_ablation 2026-09-14,all,-6537.463229720746,6013.969202192184,514.9855355285623,0.758492,7.75,2067.9761972818887,2067.7865742818885,0.0022794846382556988,0.00039643211100099106,0.0019821605550049554,0.0022794846382556988,0.01427155599603568,39,0.37106045589692765,23,19.54629525854032,157.92401471165365,0.8463558485921191,0.68
main,v040,LOLO-nes-f0,secondary,LOLO,nested,0,A,Centralized PPO|wcnc2027_ablation/central_seed42/ppo_multi_site.zip,Centralized PPO,42,R,wcnc2027_ablation 2026-09-14,0,-1319.868036520481,1319.868036520481,0.0,0.0,0.0,206.51618097686648,206.51618097686648,0.0,0.0,0.0,0.0,0.0,0,0.0,0,0.0,0.0,0.0,0.68
main,v040,LOLO-nes-f0,secondary,LOLO,nested,0,A,Centralized PPO|wcnc2027_ablation/central_seed42/ppo_multi_site.zip,Centralized PPO,42,R,wcnc2027_ablation 2026-09-14,1,-867.5973344368833,867.5973344368833,0.0,0.0,0.0,206.60251259888184,206.60251259888184,0.0,0.0,0.0,0.0,0.0,0,0.0,0,0.0,0.0,0.0,0.68
main,v040,LOLO-nes-f0,secondary,LOLO,nested,0,A,Centralized PPO|wcnc2027_ablation/central_seed42/ppo_multi_site.zip,Centralized PPO,42,R,wcnc2027_ablation 2026-09-14,2,-284.7778766290005,284.7778766290005,0.0,0.0,0.0,206.7288077925314,206.7288077925314,0.0,0.0,0.0,0.0,0.0,0,0.0,0,0.0,0.0,0.0,0.68
main,v040,LOLO-nes-f0,secondary,LOLO,nested,0,A,Centralized PPO|wcnc2027_ablation/central_seed42/ppo_multi_site.zip,Centralized PPO,42,R,wcnc2027_ablation 2026-09-14,3,-137.66242869830683,137.66242869830683,0.0,0.0,0.0,207.15558665690253,207.15558665690253,0.0,0.0,0.0,0.0,0.0,0,0.0,0,0.0,0.0,0.0,0.68
main,v040,LOLO-nes-f0,secondary,LOLO,nested,0,A,Centralized PPO|wcnc2027_ablation/central_seed42/ppo_multi_site.zip,Centralized PPO,42,R,wcnc2027_ablation 2026-09-14,4,-1210.2624934046844,767.7684658761223,433.9855355285623,0.7584919999999999,7.75,207.15076772019648,206.9611447201965,0.019821605550049554,0.0009910802775024777,0.019821605550049554,0.019821605550049554,0.14271555996035679,39,3.7106045589692767,20,1.2669189056206394,1.868016915146271,0.8233092258809371,0.68
main,v040,LOLO-nes-f0,secondary,LOLO,nested,0,A,Centralized PPO|wcnc2027_ablation/central_seed42/ppo_multi_site.zip,Centralized PPO,42,R,wcnc2027_ablation 2026-09-14,5,-442.5363323620205,442.5363323620205,0.0,0.0,0.0,206.64624420771796,206.64624420771796,0.0,0.0,0.0,0.0,0.0,0,0.0,0,0.0,0.0,0.0,0.68
main,v040,LOLO-nes-f0,secondary,LOLO,nested,0,A,Centralized PPO|wcnc2027_ablation/central_seed42/ppo_multi_site.zip,Centralized PPO,42,R,wcnc2027_ablation 2026-09-14,6,-954.9025884800039,954.9025884800039,0.0,0.0,0.0,206.55411522813807,206.55411522813807,0.0,0.0,0.0,0.0,0.0,0,0.0,0,0.0,0.0,0.0,0.68
main,v040,LOLO-nes-f0,secondary,LOLO,nested,0,A,Centralized PPO|wcnc2027_ablation/central_seed42/ppo_multi_site.zip,Centralized PPO,42,R,wcnc2027_ablation 2026-09-14,7,-756.7075182078895,756.7075182078895,0.0,0.0,0.0,206.55819262028785,206.55819262028785,0.0,0.0,0.0,0.0,0.0,0,0.0,0,0.0,0.0,0.0,0.68
main,v040,LOLO-nes-f0,secondary,LOLO,nested,0,A,Centralized PPO|wcnc2027_ablation/central_seed42/ppo_multi_site.zip,Centralized PPO,42,R,wcnc2027_ablation 2026-09-14,8,-401.25198500836296,401.25198500836296,0.0,0.0,0.0,206.6413713722042,206.6413713722042,0.0,0.0,0.0,0.0,0.0,0,0.0,0,0.0,0.0,0.0,0.68
main,v040,LOLO-nes-f0,secondary,LOLO,nested,0,A,Centralized PPO|wcnc2027_ablation/central_seed42/ppo_multi_site.zip,Centralized PPO,42,R,wcnc2027_ablation 2026-09-14,9,-161.89663597311326,80.89663597311326,81.0,0.0,0.0,207.42241810816222,207.42241810816222,0.002973240832507433,0.002973240832507433,0.0,0.002973240832507433,0.0,0,0.0,3,141.40880427800485,157.92401471165365,1.0,0.68
main,v040,LOLO-nes-f0,secondary,LOLO,nested,0,A,Shared-PPO|wcnc2027_ablation/shared_ppo_seed42/mappo_best.pt,Shared-PPO,42,R,wcnc2027_ablation 2026-09-14 (supplementary ablation),all,-5258.712723936465,4674.745836865344,518.7739510711214,6.0679359999999996,59.125,1994.59817065156,1993.0811866515598,0.0023785926660059467,0.00029732408325074334,0.0020812685827552033,0.0023785926660059467,0.09028741328047572,320,3.044598612487612,24,29.5098327923471,262.91436659487954,0.8205193764876686,0.27
main,v040,LOLO-nes-f0,secondary,LOLO,nested,0,A,Shared-PPO|wcnc2027_ablation/shared_ppo_seed42/mappo_best.pt,Shared-PPO,42,R,wcnc2027_ablation 2026-09-14 (supplementary ablation),0,-963.5285712836076,922.2882856836075,27.0,1.3652856,12.875,186.335751200122,185.99442980012202,0.0009910802775024777,0.0,0.0009910802775024777,0.0009910802775024777,0.244796828543112,72,6.850346878097127,1,1.868016915146271,1.868016915146271,1.0,0.27
main,v040,LOLO-nes-f0,secondary,LOLO,nested,0,A,Shared-PPO|wcnc2027_ablation/shared_ppo_seed42/mappo_best.pt,Shared-PPO,42,R,wcnc2027_ablation 2026-09-14 (supplementary ablation),1,-617.5089585760721,538.568454786812,70.23116258926012,0.8343412,7.875,196.3230150354431,196.1144297354431,0.002973240832507433,0.0,0.002973240832507433,0.002973240832507433,0.12586719524281467,44,4.186323092170466,3,1.1705574285483535,1.868016915146271,0.8803462509917791,0.27
main,v040,LOLO-nes-f0,secondary,LOLO,nested,0,A,Shared-PPO|wcnc2027_ablation/shared_ppo_seed42/mappo_best.pt,Shared-PPO,42,R,wcnc2027_ablation 2026-09-14 (supplementary ablation),2,-300.15047977529366,281.22969418603356,16.231162589260116,0.189623,2.5,206.50306849696742,206.45566274696742,0.0009910802775024777,0.0,0.0009910802775024777,0.0009910802775024777,0.004955401387512388,10,0.9514370664023787,1,0.6410387529753372,0.6410387529753372,0.6410387529753372,0.27
main,v040,LOLO-nes-f0,secondary,LOLO,nested,0,A,Shared-PPO|wcnc2027_ablation/shared_ppo_seed42/mappo_best.pt,Shared-PPO,42,R,wcnc2027_ablation 2026-09-14 (supplementary ablation),3,-137.66242869830683,137.66242869830683,0.0,0.0,0.0,207.15558665690253,207.15558665690253,0.0,0.0,0.0,0.0,0.0,0,0.0,0,0.0,0.0,0.0,0.27
main,v040,LOLO-nes-f0,secondary,LOLO,nested,0,A,Shared-PPO|wcnc2027_ablation/shared_ppo_seed42/mappo_best.pt,Shared-PPO,42,R,wcnc2027_ablation 2026-09-14 (supplementary ablation),4,-755.5705602729972,636.5505922944769,113.46232517852023,0.6826428,4.875,192.3267067720422,192.15604607204222,0.004955401387512388,0.0,0.004955401387512388,0.004955401387512388,0.1565906838453915,36,3.4251734390485633,5,1.3772256502778977,1.868016915146271,0.8564155011901349,0.27
main,v040,LOLO-nes-f0,secondary,LOLO,nested,0,A,Shared-PPO|wcnc2027_ablation/shared_ppo_seed42/mappo_best.pt,Shared-PPO,42,R,wcnc2027_ablation 2026-09-14 (supplementary ablation),5,-424.5518038082247,388.0093834297044,32.46232517852023,0.45509520000000003,3.625,202.87999943648012,202.76622563648013,0.0019821605550049554,0.0,0.0019821605550049554,0.0019821605550049554,0.061446977205153616,24,2.2834489593657086,2,0.6410387529753372,0.6410387529753372,0.6410387529753372,0.27
main,v040,LOLO-nes-f0,secondary,LOLO,nested,0,A,Shared-PPO|wcnc2027_ablation/shared_ppo_seed42/mappo_best.pt,Shared-PPO,42,R,wcnc2027_ablation 2026-09-14 (supplementary ablation),6,-793.74777716576,705.1286267979797,75.69348776778034,1.1756626,11.75,194.4932471831846,194.1993315331846,0.003964321110009911,0.0,0.003964321110009911,0.003964321110009911,0.14271555996035679,62,5.898909811694748,4,66.20937071345139,262.91436659487954,0.7307790647315029,0.27
main,v040,LOLO-nes-f0,secondary,LOLO,nested,0,A,Shared-PPO|wcnc2027_ablation/shared_ppo_seed42/mappo_best.pt,Shared-PPO,42,R,wcnc2027_ablation 2026-09-14 (supplementary ablation),7,-694.9220615647166,615.6444823754564,70.23116258926012,0.7964166,8.25,197.05849935996974,196.85939520996976,0.002973240832507433,0.0,0.002973240832507433,0.002973240832507433,0.12983151635282458,42,3.9960356788899905,3,1.2336933704843147,1.868016915146271,0.8803462509917791,0.27
main,v040,LOLO-nes-f0,secondary,LOLO,nested,0,A,Shared-PPO|wcnc2027_ablation/shared_ppo_seed42/mappo_best.pt,Shared-PPO,42,R,wcnc2027_ablation 2026-09-14 (supplementary ablation),8,-409.1734468183731,368.76725263985287,32.46232517852023,0.5688690000000001,7.375,204.09987840228607,203.95766115228605,0.0019821605550049554,0.0,0.0019821605550049554,0.0019821605550049554,0.036669970267591674,30,2.8543111992071357,2,0.6410387529753372,0.6410387529753372,0.6410387529753372,0.27
main,v040,LOLO-nes-f0,secondary,LOLO,nested,0,A,Shared-PPO|wcnc2027_ablation/shared_ppo_seed42/mappo_best.pt,Shared-PPO,42,R,wcnc2027_ablation 2026-09-14 (supplementary ablation),9,-161.89663597311326,80.89663597311326,81.0,0.0,0.0,207.42241810816222,207.42241810816222,0.002973240832507433,0.002973240832507433,0.0,0.002973240832507433,0.0,0,0.0,3,141.40880427800485,157.92401471165365,1.0,0.27
main,v040,LOLO-nes-f0,secondary,LOLO,nested,0,A,MAPPO|wcnc2027_ablation/mappo_seed64/mappo_best.pt,MAPPO,64,R,wcnc2027_ablation 2026-09-14,all,-5184.677226757805,4662.0625060544635,443.08046330334105,6.4092573999999995,73.125,1993.1317871585877,1991.5294728085878,0.0019821605550049554,0.00029732408325074334,0.0016848364717542122,0.0019821605550049554,0.0867195242814668,338,3.2158572844400397,20,35.222242692112914,262.91436659487954,0.8384674388389017,0.27
main,v040,LOLO-nes-f0,secondary,LOLO,nested,0,A,MAPPO|wcnc2027_ablation/mappo_seed64/mappo_best.pt,MAPPO,64,R,wcnc2027_ablation 2026-09-14,0,-934.080319054712,917.877958054712,0.0,1.327361,14.875,185.8462166164088,185.51437636640884,0.0,0.0,0.0,0.0,0.2309217046580773,70,6.6600594648166505,0,0.0,0.0,0.0,0.27
main,v040,LOLO-nes-f0,secondary,LOLO,nested,0,A,MAPPO|wcnc2027_ablation/mappo_seed64/mappo_best.pt,MAPPO,64,R,wcnc2027_ablation 2026-09-14,1,-618.3859892265205,537.2446362372602,70.23116258926012,0.9101904000000001,10.0,196.11966702736163,195.8921194273616,0.002973240832507433,0.0,0.002973240832507433,0.002973240832507433,0.12091179385530228,48,4.566897918731417,3,1.1705574285483535,1.868016915146271,0.8803462509917791,0.27
main,v040,LOLO-nes-f0,secondary,LOLO,nested,0,A,MAPPO|wcnc2027_ablation/mappo_seed64/mappo_best.pt,MAPPO,64,R,wcnc2027_ablation 2026-09-14,2,-298.62273038359297,280.36486939433286,16.231162589260116,0.1516984,1.875,206.3867148192718,206.3487902192718,0.0009910802775024777,0.0,0.0009910802775024777,0.0009910802775024777,0.004955401387512388,8,0.761149653121903,1,0.6410387529753372,0.6410387529753372,0.6410387529753372,0.27
main,v040,LOLO-nes-f0,secondary,LOLO,nested,0,A,MAPPO|wcnc2027_ablation/mappo_seed64/mappo_best.pt,MAPPO,64,R,wcnc2027_ablation 2026-09-14,3,-137.66242869830683,137.66242869830683,0.0,0.0,0.0,207.15558665690253,207.15558665690253,0.0,0.0,0.0,0.0,0.0,0,0.0,0,0.0,0.0,0.0,0.27
main,v040,LOLO-nes-f0,secondary,LOLO,nested,0,A,MAPPO|wcnc2027_ablation/mappo_seed64/mappo_best.pt,MAPPO,64,R,wcnc2027_ablation 2026-09-14,4,-757.1028758839636,635.2191341054433,113.46232517852023,0.7964166,7.625,192.13447805877442,191.9353739087744,0.004955401387512388,0.0,0.004955401387512388,0.004955401387512388,0.1565906838453915,42,3.9960356788899905,5,1.3772256502778977,1.868016915146271,0.8564155011901349,0.27
main,v040,LOLO-nes-f0,secondary,LOLO,nested,0,A,MAPPO|wcnc2027_ablation/mappo_seed64/mappo_best.pt,MAPPO,64,R,wcnc2027_ablation 2026-09-14,5,-392.4206506162181,386.8026308162181,0.0,0.4930198,5.125,202.70320451573312,202.5799495657331,0.0,0.0,0.0,0.0,0.05450941526263627,26,2.4737363726461843,0,0.0,0.0,0.0,0.27
main,v040,LOLO-nes-f0,secondary,LOLO,nested,0,A,MAPPO|wcnc2027_ablation/mappo_seed64/mappo_best.pt,MAPPO,64,R,wcnc2027_ablation 2026-09-14,6,-793.4303572085191,700.6595084407388,75.69348776778034,1.327361,15.75,194.12284883318912,193.79100858318913,0.003964321110009911,0.0,0.003964321110009911,0.003964321110009911,0.14568880079286423,70,6.6600594648166505,4,66.20937071345139,262.91436659487954,0.7307790647315029,0.27
main,v040,LOLO-nes-f0,secondary,LOLO,nested,0,A,MAPPO|wcnc2027_ablation/mappo_seed64/mappo_best.pt,MAPPO,64,R,wcnc2027_ablation 2026-09-14,7,-696.856449754838,615.3780213655779,70.23116258926012,0.8722658000000001,10.375,197.01865463032308,196.80058818032307,0.002973240832507433,0.0,0.002973240832507433,0.002973240832507433,0.12388503468780972,46,4.376610505450942,3,1.2336933704843147,1.868016915146271,0.8803462509917791,0.27
main,v040,LOLO-nes-f0,secondary,LOLO,nested,0,A,MAPPO|wcnc2027_ablation/mappo_seed64/mappo_best.pt,MAPPO,64,R,wcnc2027_ablation 2026-09-14,8,-394.2187899580205,369.95668296876045,16.231162589260116,0.5309444,7.5,204.22199789246116,204.08926179246114,0.0009910802775024777,0.0,0.0009910802775024777,0.0009910802775024777,0.02973240832507433,28,2.66402378592666,1,0.6410387529753372,0.6410387529753372,0.6410387529753372,0.27
main,v040,LOLO-nes-f0,secondary,LOLO,nested,0,A,MAPPO|wcnc2027_ablation/mappo_seed64/mappo_best.pt,MAPPO,64,R,wcnc2027_ablation 2026-09-14,9,-161.89663597311326,80.89663597311326,81.0,0.0,0.0,207.42241810816222,207.42241810816222,0.002973240832507433,0.002973240832507433,0.0,0.002973240832507433,0.0,0,0.0,3,141.40880427800485,157.92401471165365,1.0,0.27
main,v040,LOLO-nes-f0,secondary,LOLO,nested,0,A,Centralized PPO|wcnc2027_ablation/central_seed64/ppo_multi_site.zip,Centralized PPO,64,R,wcnc2027_ablation 2026-09-14,all,-7549.433510486917,5677.477657542017,1855.8363213448997,1.7445316000000002,14.375,2075.768971696346,2075.3328387963456,0.00842418235877106,0.0006937561942517344,0.008126858275520317,0.00842418235877106,0.05183349851337958,89,0.846778989098117,85,6.182733982796781,157.92401471165365,0.8277789495470195,0.68
main,v040,LOLO-nes-f0,secondary,LOLO,nested,0,A,Centralized PPO|wcnc2027_ablation/central_seed64/ppo_multi_site.zip,Centralized PPO,64,R,wcnc2027_ablation 2026-09-14,0,-1427.1146458447279,1097.2351500662076,329.46232517852025,0.41717060000000006,0.0,200.93536908639464,200.83107643639465,0.01288404360753221,0.0,0.01288404360753221,0.01288404360753221,0.1774033696729435,21,1.9980178394449952,13,1.6272516231342091,1.868016915146271,0.9447751927654365,0.68
main,v040,LOLO-nes-f0,secondary,LOLO,nested,0,A,Centralized PPO|wcnc2027_ablation/central_seed64/ppo_multi_site.zip,Centralized PPO,64,R,wcnc2027_ablation 2026-09-14,1,-867.5973344368833,867.5973344368833,0.0,0.0,0.0,206.60251259888184,206.60251259888184,0.0,0.0,0.0,0.0,0.0,0,0.0,0,0.0,0.0,0.0,0.68
main,v040,LOLO-nes-f0,secondary,LOLO,nested,0,A,Centralized PPO|wcnc2027_ablation/central_seed64/ppo_multi_site.zip,Centralized PPO,64,R,wcnc2027_ablation 2026-09-14,2,-284.7778766290005,284.7778766290005,0.0,0.0,0.0,206.7288077925314,206.7288077925314,0.0,0.0,0.0,0.0,0.0,0,0.0,0,0.0,0.0,0.0,0.68
main,v040,LOLO-nes-f0,secondary,LOLO,nested,0,A,Centralized PPO|wcnc2027_ablation/central_seed64/ppo_multi_site.zip,Centralized PPO,64,R,wcnc2027_ablation 2026-09-14,3,-137.66242869830683,137.66242869830683,0.0,0.0,0.0,207.15558665690253,207.15558665690253,0.0,0.0,0.0,0.0,0.0,0,0.0,0,0.0,0.0,0.0,0.68
main,v040,LOLO-nes-f0,secondary,LOLO,nested,0,A,Centralized PPO|wcnc2027_ablation/central_seed64/ppo_multi_site.zip,Centralized PPO,64,R,wcnc2027_ablation 2026-09-14,4,-2139.9656398255956,711.8443778592163,1418.3739961663796,0.8722657999999999,8.875,221.69471768154605,221.47665123154604,0.06739345887016848,0.003964321110009911,0.06739345887016848,0.06739345887016848,0.31714568880079286,45,4.281466798810704,68,1.15123070129148,1.868016915146271,0.7952813706697939,0.68
main,v040,LOLO-nes-f0,secondary,LOLO,nested,0,A,Centralized PPO|wcnc2027_ablation/central_seed64/ppo_multi_site.zip,Centralized PPO,64,R,wcnc2027_ablation 2026-09-14,5,-442.5363323620205,442.5363323620205,0.0,0.0,0.0,206.64624420771796,206.64624420771796,0.0,0.0,0.0,0.0,0.0,0,0.0,0,0.0,0.0,0.0,0.68
main,v040,LOLO-nes-f0,secondary,LOLO,nested,0,A,Centralized PPO|wcnc2027_ablation/central_seed64/ppo_multi_site.zip,Centralized PPO,64,R,wcnc2027_ablation 2026-09-14,6,-929.9231135010161,896.968018301016,27.0,0.45509520000000003,5.5,205.38375157171714,205.26997777171715,0.0009910802775024777,0.0,0.0009910802775024777,0.0009910802775024777,0.023785926660059464,23,2.188305252725471,1,1.868016915146271,1.868016915146271,1.0,0.68
main,v040,LOLO-nes-f0,secondary,LOLO,nested,0,A,Centralized PPO|wcnc2027_ablation/central_seed64/ppo_multi_site.zip,Centralized PPO,64,R,wcnc2027_ablation 2026-09-14,7,-756.7075182078895,756.7075182078895,0.0,0.0,0.0,206.55819262028785,206.55819262028785,0.0,0.0,0.0,0.0,0.0,0,0.0,0,0.0,0.0,0.0,0.68
main,v040,LOLO-nes-f0,secondary,LOLO,nested,0,A,Centralized PPO|wcnc2027_ablation/central_seed64/ppo_multi_site.zip,Centralized PPO,64,R,wcnc2027_ablation 2026-09-14,8,-401.25198500836296,401.25198500836296,0.0,0.0,0.0,206.6413713722042,206.6413713722042,0.0,0.0,0.0,0.0,0.0,0,0.0,0,0.0,0.0,0.0,0.68
main,v040,LOLO-nes-f0,secondary,LOLO,nested,0,A,Centralized PPO|wcnc2027_ablation/central_seed64/ppo_multi_site.zip,Centralized PPO,64,R,wcnc2027_ablation 2026-09-14,9,-161.89663597311326,80.89663597311326,81.0,0.0,0.0,207.42241810816222,207.42241810816222,0.002973240832507433,0.002973240832507433,0.0,0.002973240832507433,0.0,0,0.0,3,141.40880427800485,157.92401471165365,1.0,0.68
main,v040,LOLO-nes-f0,secondary,LOLO,nested,0,A,Shared-PPO|wcnc2027_ablation/shared_ppo_seed64/mappo_best.pt,Shared-PPO,64,R,wcnc2027_ablation 2026-09-14 (supplementary ablation),all,-5283.923744845232,4645.76996897411,545.7739510711214,7.129824800000001,85.25,1991.2301641451713,1989.4477079451713,0.002477700693756194,0.00029732408325074334,0.002180376610505451,0.002477700693756194,0.0912784935579782,376,3.5774033696729437,25,28.40416015725907,262.91436659487954,0.8276986014281619,0.27
main,v040,LOLO-nes-f0,secondary,LOLO,nested,0,A,Shared-PPO|wcnc2027_ablation/shared_ppo_seed64/mappo_best.pt,Shared-PPO,64,R,wcnc2027_ablation 2026-09-14 (supplementary ablation),0,-932.8165882957617,909.4470566957618,0.0,1.7445316000000002,21.625,184.8255211506649,184.38938825066492,0.0,0.0,0.0,0.0,0.24777006937561943,92,8.753221010901884,0,0.0,0.0,0.0,0.27
main,v040,LOLO-nes-f0,secondary,LOLO,nested,0,A,Shared-PPO|wcnc2027_ablation/shared_ppo_seed64/mappo_best.pt,Shared-PPO,64,R,wcnc2027_ablation 2026-09-14 (supplementary ablation),1,-617.897573305314,534.805371116054,70.23116258926012,0.9860396,11.875,195.796432884663,195.549922984663,0.002973240832507433,0.0,0.002973240832507433,0.002973240832507433,0.12289395441030723,52,4.947472745292369,3,1.1705574285483535,1.868016915146271,0.8803462509917791,0.27
main,v040,LOLO-nes-f0,secondary,LOLO,nested,0,A,Shared-PPO|wcnc2027_ablation/shared_ppo_seed64/mappo_best.pt,Shared-PPO,64,R,wcnc2027_ablation 2026-09-14 (supplementary ablation),2,-299.40254633366703,280.606760744407,16.231162589260116,0.189623,2.375,206.43783770340252,206.39043195340253,0.0009910802775024777,0.0,0.0009910802775024777,0.0009910802775024777,0.005946481665014866,10,0.9514370664023787,1,0.6410387529753372,0.6410387529753372,0.6410387529753372,0.27
main,v040,LOLO-nes-f0,secondary,LOLO,nested,0,A,Shared-PPO|wcnc2027_ablation/shared_ppo_seed64/mappo_best.pt,Shared-PPO,64,R,wcnc2027_ablation 2026-09-14 (supplementary ablation),3,-137.66242869830683,137.66242869830683,0.0,0.0,0.0,207.15558665690253,207.15558665690253,0.0,0.0,0.0,0.0,0.0,0,0.0,0,0.0,0.0,0.0,0.27
main,v040,LOLO-nes-f0,secondary,LOLO,nested,0,A,Shared-PPO|wcnc2027_ablation/shared_ppo_seed64/mappo_best.pt,Shared-PPO,64,R,wcnc2027_ablation 2026-09-14 (supplementary ablation),4,-757.8612595326724,635.7275177541521,113.46232517852023,0.7964166,7.875,192.19917302406378,192.0000688740638,0.004955401387512388,0.0,0.004955401387512388,0.004955401387512388,0.15361744301288405,42,3.9960356788899905,5,1.3772256502778977,1.868016915146271,0.8564155011901349,0.27
main,v040,LOLO-nes-f0,secondary,LOLO,nested,0,A,Shared-PPO|wcnc2027_ablation/shared_ppo_seed64/mappo_best.pt,Shared-PPO,64,R,wcnc2027_ablation 2026-09-14 (supplementary ablation),5,-425.2342189659945,385.45302478747425,32.46232517852023,0.5688690000000001,6.75,202.5477756368649,202.40555838686493,0.0019821605550049554,0.0,0.0019821605550049554,0.0019821605550049554,0.062438057482656094,30,2.8543111992071357,2,0.6410387529753372,0.6410387529753372,0.6410387529753372,0.27
main,v040,LOLO-nes-f0,secondary,LOLO,nested,0,A,Shared-PPO|wcnc2027_ablation/shared_ppo_seed64/mappo_best.pt,Shared-PPO,64,R,wcnc2027_ablation 2026-09-14 (supplementary ablation),6,-791.0456928556775,697.9869194878972,75.69348776778034,1.3652856,16.0,193.79635490717286,193.45503350717283,0.003964321110009911,0.0,0.003964321110009911,0.003964321110009911,0.14965312190287414,72,6.850346878097127,4,66.20937071345139,262.91436659487954,0.7307790647315029,0.27
main,v040,LOLO-nes-f0,secondary,LOLO,nested,0,A,Shared-PPO|wcnc2027_ablation/shared_ppo_seed64/mappo_best.pt,Shared-PPO,64,R,wcnc2027_ablation 2026-09-14 (supplementary ablation),7,-750.0121680429154,614.6587396536554,124.23116258926012,0.8722658000000001,10.25,196.97773169707233,196.75966524707232,0.004955401387512388,0.0,0.004955401387512388,0.004955401387512388,0.13478691774033696,46,4.376610505450942,5,1.4874227883490971,1.868016915146271,0.9282077505950674,0.27
main,v040,LOLO-nes-f0,secondary,LOLO,nested,0,A,Shared-PPO|wcnc2027_ablation/shared_ppo_seed64/mappo_best.pt,Shared-PPO,64,R,wcnc2027_ablation 2026-09-14 (supplementary ablation),8,-410.0946328418089,368.5255140632887,32.46232517852023,0.6067936,8.5,204.0713323762023,203.91963397620228,0.0019821605550049554,0.0,0.0019821605550049554,0.0019821605550049554,0.035678889990089196,32,3.044598612487612,2,0.6410387529753372,0.6410387529753372,0.6410387529753372,0.27
main,v040,LOLO-nes-f0,secondary,LOLO,nested,0,A,Shared-PPO|wcnc2027_ablation/shared_ppo_seed64/mappo_best.pt,Shared-PPO,64,R,wcnc2027_ablation 2026-09-14 (supplementary ablation),9,-161.89663597311326,80.89663597311326,81.0,0.0,0.0,207.42241810816222,207.42241810816222,0.002973240832507433,0.002973240832507433,0.0,0.002973240832507433,0.0,0,0.0,3,141.40880427800485,157.92401471165365,1.0,0.27
main,v040,LOLO-nes-f0,secondary,LOLO,nested,0,A,MAPPO|wcnc2027_ablation/mappo_seed77/mappo_best.pt,MAPPO,77,R,wcnc2027_ablation 2026-09-14,all,-5154.058847971545,4695.319377046724,383.6181381248208,6.3713328,68.75,1996.326418439146,1994.7335852391461,0.0016848364717542122,0.00029732408325074334,0.0013875123885034688,0.0016848364717542122,0.07839444995044599,336,3.1968285431119923,17,41.252632907127136,262.91436659487954,0.8521924276957271,0.27
main,v040,LOLO-nes-f0,secondary,LOLO,nested,0,A,MAPPO|wcnc2027_ablation/mappo_seed77/mappo_best.pt,MAPPO,77,R,wcnc2027_ablation 2026-09-14,0,-942.5393043179809,924.0223203179809,0.0,1.5169839999999999,17.0,186.4398009690197,186.0605549690197,0.0,0.0,0.0,0.0,0.21110009910802774,80,7.6114965312190295,0,0.0,0.0,0.0,0.27
main,v040,LOLO-nes-f0,secondary,LOLO,nested,0,A,MAPPO|wcnc2027_ablation/mappo_seed77/mappo_best.pt,MAPPO,77,R,wcnc2027_ablation 2026-09-14,1,-623.5471725800342,540.992894990774,70.23116258926012,0.948115,11.375,196.47881391898235,196.24178516898235,0.002973240832507433,0.0,0.002973240832507433,0.002973240832507433,0.10604558969276512,50,4.757185332011893,3,1.1705574285483535,1.868016915146271,0.8803462509917791,0.27
main,v040,LOLO-nes-f0,secondary,LOLO,nested,0,A,MAPPO|wcnc2027_ablation/mappo_seed77/mappo_best.pt,MAPPO,77,R,wcnc2027_ablation 2026-09-14,2,-298.62273038359297,280.36486939433286,16.231162589260116,0.1516984,1.875,206.3867148192718,206.3487902192718,0.0009910802775024777,0.0,0.0009910802775024777,0.0009910802775024777,0.004955401387512388,8,0.761149653121903,1,0.6410387529753372,0.6410387529753372,0.6410387529753372,0.27
main,v040,LOLO-nes-f0,secondary,LOLO,nested,0,A,MAPPO|wcnc2027_ablation/mappo_seed77/mappo_best.pt,MAPPO,77,R,wcnc2027_ablation 2026-09-14,3,-137.66242869830683,137.66242869830683,0.0,0.0,0.0,207.15558665690253,207.15558665690253,0.0,0.0,0.0,0.0,0.0,0,0.0,0,0.0,0.0,0.0,0.27
main,v040,LOLO-nes-f0,secondary,LOLO,nested,0,A,MAPPO|wcnc2027_ablation/mappo_seed77/mappo_best.pt,MAPPO,77,R,wcnc2027_ablation 2026-09-14,4,-733.3744872377408,638.2028208592207,86.46232517852023,0.8343412000000001,7.875,192.53051005982962,192.32192475982964,0.003964321110009911,0.0,0.003964321110009911,0.003964321110009911,0.14370664023785926,44,4.186323092170466,4,1.2545278340608041,1.868016915146271,0.8205193764876686,0.27
main,v040,LOLO-nes-f0,secondary,LOLO,nested,0,A,MAPPO|wcnc2027_ablation/mappo_seed77/mappo_best.pt,MAPPO,77,R,wcnc2027_ablation 2026-09-14,5,-392.9485417096725,387.7434465096725,0.0,0.45509520000000003,4.75,202.74367026959084,202.62989646959085,0.0,0.0,0.0,0.0,0.05054509415262636,24,2.2834489593657086,0,0.0,0.0,0.0,0.27
main,v040,LOLO-nes-f0,secondary,LOLO,nested,0,A,MAPPO|wcnc2027_ablation/mappo_seed77/mappo_best.pt,MAPPO,77,R,wcnc2027_ablation 2026-09-14,6,-786.159910450109,712.4839980715888,59.46232517852023,1.2135872,13.0,195.20517110220328,194.9017743022033,0.002973240832507433,0.0,0.002973240832507433,0.002973240832507433,0.12586719524281467,64,6.089197224975224,3,88.0654813669434,262.91436659487954,0.7606925019835581,0.27
main,v040,LOLO-nes-f0,secondary,LOLO,nested,0,A,MAPPO|wcnc2027_ablation/mappo_seed77/mappo_best.pt,MAPPO,77,R,wcnc2027_ablation 2026-09-14,7,-682.6351828872911,620.213766287291,54.0,0.7964166,7.625,197.57054755497518,197.37144340497517,0.0019821605550049554,0.0,0.0019821605550049554,0.0019821605550049554,0.11397423191278494,42,3.9960356788899905,2,1.5300206792388034,1.868016915146271,1.0,0.27
main,v040,LOLO-nes-f0,secondary,LOLO,nested,0,A,MAPPO|wcnc2027_ablation/mappo_seed77/mappo_best.pt,MAPPO,77,R,wcnc2027_ablation 2026-09-14,8,-394.6724537337033,372.7361959444431,16.231162589260116,0.45509520000000003,5.25,204.3931849802087,204.27941118020868,0.0009910802775024777,0.0,0.0009910802775024777,0.0009910802775024777,0.027750247770069375,24,2.2834489593657086,1,0.6410387529753372,0.6410387529753372,0.6410387529753372,0.27
main,v040,LOLO-nes-f0,secondary,LOLO,nested,0,A,MAPPO|wcnc2027_ablation/mappo_seed77/mappo_best.pt,MAPPO,77,R,wcnc2027_ablation 2026-09-14,9,-161.89663597311326,80.89663597311326,81.0,0.0,0.0,207.42241810816222,207.42241810816222,0.002973240832507433,0.002973240832507433,0.0,0.002973240832507433,0.0,0,0.0,3,141.40880427800485,157.92401471165365,1.0,0.27
main,v040,LOLO-nes-f0,secondary,LOLO,nested,0,A,Centralized PPO|wcnc2027_ablation/central_seed77/ppo_multi_site.zip,Centralized PPO,77,R,wcnc2027_ablation 2026-09-14,all,-27205.674363422968,6059.19731731583,21136.667850307134,1.9341958,7.875,2449.737864338448,2449.254315388448,0.09375619425173438,0.017938553022794845,0.09345887016848364,0.09375619425173438,0.2319127849355798,100,0.9514370664023787,946,36.57000651798662,2273.185268772556,0.8447733562476086,0.68
main,v040,LOLO-nes-f0,secondary,LOLO,nested,0,A,Centralized PPO|wcnc2027_ablation/central_seed77/ppo_multi_site.zip,Centralized PPO,77,R,wcnc2027_ablation 2026-09-14,0,-6238.936224177984,1234.279221856737,5004.656981721246,2.06e-05,0.0,309.32810846546096,309.32810331546096,0.21704658077304262,0.014866204162537165,0.21704658077304262,0.21704658077304262,1.0,0,0.0,219,10.870657141034318,298.66350073587404,0.861743832834284,0.68
main,v040,LOLO-nes-f0,secondary,LOLO,nested,0,A,Centralized PPO|wcnc2027_ablation/central_seed77/ppo_multi_site.zip,Centralized PPO,77,R,wcnc2027_ablation 2026-09-14,1,-1847.8470019514248,595.8425588606102,1250.6743478908147,0.4550952,0.875,218.76797148581522,218.65419768581523,0.05550049554013875,0.003964321110009911,0.05550049554013875,0.05550049554013875,0.24380574826560952,23,2.188305252725471,56,21.82150509367138,298.66350073587404,0.8444490166016754,0.68
main,v040,LOLO-nes-f0,secondary,LOLO,nested,0,A,Centralized PPO|wcnc2027_ablation/central_seed77/ppo_multi_site.zip,Centralized PPO,77,R,wcnc2027_ablation 2026-09-14,2,-284.7778766290005,284.7778766290005,0.0,0.0,0.0,206.7288077925314,206.7288077925314,0.0,0.0,0.0,0.0,0.0,0,0.0,0,0.0,0.0,0.0,0.68
main,v040,LOLO-nes-f0,secondary,LOLO,nested,0,A,Centralized PPO|wcnc2027_ablation/central_seed77/ppo_multi_site.zip,Centralized PPO,77,R,wcnc2027_ablation 2026-09-14,3,-137.66242869830683,137.66242869830683,0.0,0.0,0.0,207.15558665690253,207.15558665690253,0.0,0.0,0.0,0.0,0.0,0,0.0,0,0.0,0.0,0.0,0.68
main,v040,LOLO-nes-f0,secondary,LOLO,nested,0,A,Centralized PPO|wcnc2027_ablation/central_seed77/ppo_multi_site.zip,Centralized PPO,77,R,wcnc2027_ablation 2026-09-14,4,-1542.312409634374,736.298418641689,803.3580465926852,0.5309444000000001,2.125,212.96002370208757,212.82728760208755,0.03964321110009911,0.002973240832507433,0.03964321110009911,0.03964321110009911,0.21506442021803765,27,2.5688800792864224,40,1.065972369499626,1.868016915146271,0.7694650388272377,0.68
main,v040,LOLO-nes-f0,secondary,LOLO,nested,0,A,Centralized PPO|wcnc2027_ablation/central_seed77/ppo_multi_site.zip,Centralized PPO,77,R,wcnc2027_ablation 2026-09-14,5,-442.5363323620205,442.5363323620205,0.0,0.0,0.0,206.64624420771796,206.64624420771796,0.0,0.0,0.0,0.0,0.0,0,0.0,0,0.0,0.0,0.0,0.68
main,v040,LOLO-nes-f0,secondary,LOLO,nested,0,A,Centralized PPO|wcnc2027_ablation/central_seed77/ppo_multi_site.zip,Centralized PPO,77,R,wcnc2027_ablation 2026-09-14,6,-3048.8512300030243,1002.028349342942,2043.492785460083,0.45509520000000003,2.875,240.47436231742893,240.36058851742894,0.08622398414271557,0.031714568880079286,0.08622398414271557,0.08622398414271557,0.08225966303270565,24,2.2834489593657086,87,128.96357078238705,2092.2389680573087,0.8829474273793418,0.68
main,v040,LOLO-nes-f0,secondary,LOLO,nested,0,A,Centralized PPO|wcnc2027_ablation/central_seed77/ppo_multi_site.zip,Centralized PPO,77,R,wcnc2027_ablation 2026-09-14,7,-13044.40304230381,1142.962237861502,11899.48568864231,0.4551158,1.5,432.9771686826157,432.8633897326157,0.5341922695738355,0.12190287413280476,0.5341922695738355,0.5341922695738355,0.7770069375619425,25,2.3785926660059467,539,35.81383554757088,2273.185268772556,0.8358989294151087,0.68
main,v040,LOLO-nes-f0,secondary,LOLO,nested,0,A,Centralized PPO|wcnc2027_ablation/central_seed77/ppo_multi_site.zip,Centralized PPO,77,R,wcnc2027_ablation 2026-09-14,8,-456.451181689909,401.91325708990905,54.0,0.0379246,0.5,207.27717291972576,207.26769176972576,0.0019821605550049554,0.0009910802775024777,0.0019821605550049554,0.0019821605550049554,0.0009910802775024777,1,0.09514370664023787,2,1.097320530427394,1.1920244433313356,1.0,0.68
main,v040,LOLO-nes-f0,secondary,LOLO,nested,0,A,Centralized PPO|wcnc2027_ablation/central_seed77/ppo_multi_site.zip,Centralized PPO,77,R,wcnc2027_ablation 2026-09-14,9,-161.89663597311326,80.89663597311326,81.0,0.0,0.0,207.42241810816222,207.42241810816222,0.002973240832507433,0.002973240832507433,0.0,0.002973240832507433,0.0,0,0.0,3,141.40880427800485,157.92401471165365,1.0,0.68
main,v040,LOLO-nes-f0,secondary,LOLO,nested,0,A,MAPPO|mappo_seed77_20260517T110908/mappo_best.pt,MAPPO,77,P,"May 2026, pre-781c90c reward",all,-5113.209824584692,4736.024631249131,313.38697553556074,5.4232178,58.375,2000.5633771260482,1999.2075726760481,0.0013875123885034688,0.00029732408325074334,0.0010901883052527254,0.0013875123885034688,0.0688800792864222,286,2.721110009910803,14,49.77983477413524,262.91436659487954,0.8461594655608587,0.24
main,v040,LOLO-nes-f0,secondary,LOLO,nested,0,A,MAPPO|mappo_seed77_20260517T110908/mappo_best.pt,MAPPO,77,P,"May 2026, pre-781c90c reward",0,-944.5900815995261,933.4031927995262,0.0,1.0618888000000002,10.125,187.51958592354384,187.2541137235438,0.0,0.0,0.0,0.0,0.18929633300297324,56,5.32804757185332,0,0.0,0.0,0.0,0.24
main,v040,LOLO-nes-f0,secondary,LOLO,nested,0,A,MAPPO|mappo_seed77_20260517T110908/mappo_best.pt,MAPPO,77,P,"May 2026, pre-781c90c reward",1,-611.049783229805,546.177517429805,54.0,0.8722658000000001,10.0,197.06469457739576,196.84662812739572,0.0019821605550049554,0.0,0.0019821605550049554,0.0019821605550049554,0.09217046580773043,46,4.376610505450942,2,1.4353167663348618,1.868016915146271,1.0,0.24
main,v040,LOLO-nes-f0,secondary,LOLO,nested,0,A,MAPPO|mappo_seed77_20260517T110908/mappo_best.pt,MAPPO,77,P,"May 2026, pre-781c90c reward",2,-298.7827543576634,281.60074256840335,16.231162589260116,0.0758492,0.875,206.49716820217387,206.47820590217387,0.0009910802775024777,0.0,0.0009910802775024777,0.0009910802775024777,0.002973240832507433,4,0.3805748265609515,1,0.6410387529753372,0.6410387529753372,0.6410387529753372,0.24
main,v040,LOLO-nes-f0,secondary,LOLO,nested,0,A,MAPPO|mappo_seed77_20260517T110908/mappo_best.pt,MAPPO,77,P,"May 2026, pre-781c90c reward",3,-137.66242869830683,137.66242869830683,0.0,0.0,0.0,207.15558665690253,207.15558665690253,0.0,0.0,0.0,0.0,0.0,0,0.0,0,0.0,0.0,0.0,0.24
main,v040,LOLO-nes-f0,secondary,LOLO,nested,0,A,MAPPO|mappo_seed77_20260517T110908/mappo_best.pt,MAPPO,77,P,"May 2026, pre-781c90c reward",4,-710.2107240421504,641.0390576636303,59.46232517852023,0.8343412,8.875,192.7720540766885,192.56346877668852,0.002973240832507433,0.0,0.002973240832507433,0.002973240832507433,0.13181367690782952,44,4.186323092170466,3,1.0500314736989818,1.868016915146271,0.7606925019835581,0.24
main,v040,LOLO-nes-f0,secondary,LOLO,nested,0,A,MAPPO|mappo_seed77_20260517T110908/mappo_best.pt,MAPPO,77,P,"May 2026, pre-781c90c reward",5,-395.3306444988978,392.23932309889784,0.0,0.3413214,2.75,203.1303347312479,203.0450043812479,0.0,0.0,0.0,0.0,0.04360753221010902,18,1.7125867195242817,0,0.0,0.0,0.0,0.24
main,v040,LOLO-nes-f0,secondary,LOLO,nested,0,A,MAPPO|mappo_seed77_20260517T110908/mappo_best.pt,MAPPO,77,P,"May 2026, pre-781c90c reward",6,-795.1374059516995,719.5864935731793,59.46232517852023,1.2135872,14.875,195.8270314425431,195.52363464254307,0.002973240832507433,0.0,0.002973240832507433,0.002973240832507433,0.1110009910802775,64,6.089197224975224,3,88.0654813669434,262.91436659487954,0.7606925019835581,0.24
main,v040,LOLO-nes-f0,secondary,LOLO,nested,0,A,MAPPO|mappo_seed77_20260517T110908/mappo_best.pt,MAPPO,77,P,"May 2026, pre-781c90c reward",7,-658.6474778546633,625.3777596546634,27.0,0.6447182,5.625,198.14939972077153,197.9882201707715,0.0009910802775024777,0.0,0.0009910802775024777,0.0009910802775024777,0.10009910802775025,34,3.2348860257680876,1,1.1920244433313356,1.1920244433313356,1.0,0.24
main,v040,LOLO-nes-f0,secondary,LOLO,nested,0,A,MAPPO|mappo_seed77_20260517T110908/mappo_best.pt,MAPPO,77,P,"May 2026, pre-781c90c reward",8,-399.9018883788656,378.04147978960543,16.231162589260116,0.379246,5.25,205.0251036866191,204.9302921866191,0.0009910802775024777,0.0,0.0009910802775024777,0.0009910802775024777,0.017839444995044598,20,1.9028741328047574,1,0.6410387529753372,0.6410387529753372,0.6410387529753372,0.24
main,v040,LOLO-nes-f0,secondary,LOLO,nested,0,A,MAPPO|mappo_seed77_20260517T110908/mappo_best.pt,MAPPO,77,P,"May 2026, pre-781c90c reward",9,-161.89663597311326,80.89663597311326,81.0,0.0,0.0,207.42241810816222,207.42241810816222,0.002973240832507433,0.002973240832507433,0.0,0.002973240832507433,0.0,0,0.0,3,141.40880427800485,157.92401471165365,1.0,0.24
main,v040,LOLO-nes-f0,secondary,LOLO,nested,0,A,MAPPO|mappo_seed99_20260517T003433/mappo_best.pt,MAPPO,99,P,"May 2026, pre-781c90c reward",all,-5091.9228103272,4725.71852980238,302.6181381248208,5.4611424,58.125,1999.9271542429155,1998.5618686429154,0.0013875123885034688,0.00029732408325074334,0.0010901883052527254,0.0013875123885034688,0.06957383548067393,288,2.7401387512388506,14,31.046025642570658,157.92401471165365,0.8205193764876686,0.24
main,v040,LOLO-nes-f0,secondary,LOLO,nested,0,A,MAPPO|mappo_seed99_20260517T003433/mappo_best.pt,MAPPO,99,P,"May 2026, pre-781c90c reward",0,-944.9335503868149,934.947510786815,0.0,0.9860396000000001,9.0,187.67348018418835,187.42697028418831,0.0,0.0,0.0,0.0,0.1863230921704658,52,4.947472745292369,0,0.0,0.0,0.0,0.24
main,v040,LOLO-nes-f0,secondary,LOLO,nested,0,A,MAPPO|mappo_seed99_20260517T003433/mappo_best.pt,MAPPO,99,P,"May 2026, pre-781c90c reward",1,-610.075780066073,546.241438866073,54.0,0.8343412000000001,9.0,197.1275537706869,196.91896847068688,0.0019821605550049554,0.0,0.0019821605550049554,0.0019821605550049554,0.09415262636273539,44,4.186323092170466,2,1.4353167663348618,1.868016915146271,1.0,0.24
main,v040,LOLO-nes-f0,secondary,LOLO,nested,0,A,MAPPO|mappo_seed99_20260517T003433/mappo_best.pt,MAPPO,99,P,"May 2026, pre-781c90c reward",2,-326.69416324505085,281.3113022557907,43.231162589260116,0.1516984,2.0,206.4691790480908,206.4312544480908,0.0019821605550049554,0.0,0.0019821605550049554,0.0019821605550049554,0.003964321110009911,8,0.761149653121903,2,0.9165315981533364,1.1920244433313356,0.8205193764876686,0.24
main,v040,LOLO-nes-f0,secondary,LOLO,nested,0,A,MAPPO|mappo_seed99_20260517T003433/mappo_best.pt,MAPPO,99,P,"May 2026, pre-781c90c reward",3,-137.66242869830683,137.66242869830683,0.0,0.0,0.0,207.15558665690253,207.15558665690253,0.0,0.0,0.0,0.0,0.0,0,0.0,0,0.0,0.0,0.0,0.24
main,v040,LOLO-nes-f0,secondary,LOLO,nested,0,A,MAPPO|mappo_seed99_20260517T003433/mappo_best.pt,MAPPO,99,P,"May 2026, pre-781c90c reward",4,-711.284793552484,641.3252025739639,59.46232517852023,0.8722658000000001,9.625,192.82168059116634,192.60361414116633,0.002973240832507433,0.0,0.002973240832507433,0.002973240832507433,0.13280475718533202,46,4.376610505450942,3,1.0500314736989818,1.868016915146271,0.7606925019835581,0.24
main,v040,LOLO-nes-f0,secondary,LOLO,nested,0,A,MAPPO|mappo_seed99_20260517T003433/mappo_best.pt,MAPPO,99,P,"May 2026, pre-781c90c reward",5,-393.6509087656335,390.02166276563355,0.0,0.379246,3.25,202.97694531983544,202.88213381983542,0.0,0.0,0.0,0.0,0.04360753221010902,20,1.9028741328047574,0,0.0,0.0,0.0,0.24
main,v040,LOLO-nes-f0,secondary,LOLO,nested,0,A,MAPPO|mappo_seed99_20260517T003433/mappo_best.pt,MAPPO,99,P,"May 2026, pre-781c90c reward",6,-779.4519191214263,715.332768753646,48.69348776778035,1.1756626,14.25,195.59471238870103,195.30079673870102,0.002973240832507433,0.0,0.002973240832507433,0.002973240832507433,0.11199207135777998,62,5.898909811694748,3,0.6410387529753372,0.6410387529753372,0.6410387529753372,0.24
main,v040,LOLO-nes-f0,secondary,LOLO,nested,0,A,MAPPO|mappo_seed99_20260517T003433/mappo_best.pt,MAPPO,99,P,"May 2026, pre-781c90c reward",7,-629.0190797294339,623.2493615294339,0.0,0.6447182,5.125,197.90731332114018,197.7461337711402,0.0,0.0,0.0,0.0,0.10208126858275521,34,3.2348860257680876,0,0.0,0.0,0.0,0.24
main,v040,LOLO-nes-f0,secondary,LOLO,nested,0,A,MAPPO|mappo_seed99_20260517T003433/mappo_best.pt,MAPPO,99,P,"May 2026, pre-781c90c reward",8,-397.2535507888634,374.7302175996032,16.231162589260116,0.41717060000000006,5.875,204.77828485404186,204.67399220404184,0.0009910802775024777,0.0,0.0009910802775024777,0.0009910802775024777,0.02081268582755203,22,2.093161546085233,1,0.6410387529753372,0.6410387529753372,0.6410387529753372,0.24
main,v040,LOLO-nes-f0,secondary,LOLO,nested,0,A,MAPPO|mappo_seed99_20260517T003433/mappo_best.pt,MAPPO,99,P,"May 2026, pre-781c90c reward",9,-161.89663597311326,80.89663597311326,81.0,0.0,0.0,207.42241810816222,207.42241810816222,0.002973240832507433,0.002973240832507433,0.0,0.002973240832507433,0.0,0,0.0,3,141.40880427800485,157.92401471165365,1.0,0.24
main,v040,LOLO-nes-f0,secondary,LOLO,nested,0,A,Centralized PPO|ppo_multi_site_seed7_20260517T004954/ppo_multi_site.zip,Centralized PPO,7,P,"May 2026, pre-781c90c reward",all,-12030.607284619544,6049.371912345532,5918.119797274012,4.740575,58.375,2135.9658956139624,2134.7807518639625,0.026461843409316156,0.0032705649157581764,0.02616451932606541,0.026461843409316156,0.051635282457879086,249,2.3690782953419225,267,22.170993627277003,1313.5543850914635,0.8388414228806506,0.64
main,v040,LOLO-nes-f0,secondary,LOLO,nested,0,A,Centralized PPO|ppo_multi_site_seed7_20260517T004954/ppo_multi_site.zip,Centralized PPO,7,P,"May 2026, pre-781c90c reward",0,-2221.9917596480527,1346.3221579953429,855.6680898527097,1.2515117999999998,18.75,217.9004886989305,217.5876107489305,0.036669970267591674,0.0019821605550049554,0.036669970267591674,0.036669970267591674,0.048562933597621406,66,6.279484638255699,37,9.424059430964776,298.66350073587404,0.8708721530204592,0.64
main,v040,LOLO-nes-f0,secondary,LOLO,nested,0,A,Centralized PPO|ppo_multi_site_seed7_20260517T004954/ppo_multi_site.zip,Centralized PPO,7,P,"May 2026, pre-781c90c reward",1,-867.5973344368833,867.5973344368833,0.0,0.0,0.0,206.60251259888184,206.60251259888184,0.0,0.0,0.0,0.0,0.0,0,0.0,0,0.0,0.0,0.0,0.64
main,v040,LOLO-nes-f0,secondary,LOLO,nested,0,A,Centralized PPO|ppo_multi_site_seed7_20260517T004954/ppo_multi_site.zip,Centralized PPO,7,P,"May 2026, pre-781c90c reward",2,-284.7778766290005,284.7778766290005,0.0,0.0,0.0,206.7288077925314,206.7288077925314,0.0,0.0,0.0,0.0,0.0,0,0.0,0,0.0,0.0,0.0,0.64
main,v040,LOLO-nes-f0,secondary,LOLO,nested,0,A,Centralized PPO|ppo_multi_site_seed7_20260517T004954/ppo_multi_site.zip,Centralized PPO,7,P,"May 2026, pre-781c90c reward",3,-137.66242869830683,137.66242869830683,0.0,0.0,0.0,207.15558665690253,207.15558665690253,0.0,0.0,0.0,0.0,0.0,0,0.0,0,0.0,0.0,0.0,0.64
main,v040,LOLO-nes-f0,secondary,LOLO,nested,0,A,Centralized PPO|ppo_multi_site_seed7_20260517T004954/ppo_multi_site.zip,Centralized PPO,7,P,"May 2026, pre-781c90c reward",4,-4716.92785204173,760.2760662315529,3933.365083610177,2.1617022,21.125,252.9286061501001,252.38818060010007,0.17839444995044598,0.022794846382556987,0.17839444995044598,0.17839444995044598,0.4182358771060456,114,10.846382556987116,180,23.32709391854855,1313.5543850914635,0.828400941409292,0.64
main,v040,LOLO-nes-f0,secondary,LOLO,nested,0,A,Centralized PPO|ppo_multi_site_seed7_20260517T004954/ppo_multi_site.zip,Centralized PPO,7,P,"May 2026, pre-781c90c reward",5,-442.5363323620205,442.5363323620205,0.0,0.0,0.0,206.64624420771796,206.64624420771796,0.0,0.0,0.0,0.0,0.0,0,0.0,0,0.0,0.0,0.0,0.64
main,v040,LOLO-nes-f0,secondary,LOLO,nested,0,A,Centralized PPO|ppo_multi_site_seed7_20260517T004954/ppo_multi_site.zip,Centralized PPO,7,P,"May 2026, pre-781c90c reward",6,-954.9025884800039,954.9025884800039,0.0,0.0,0.0,206.55411522813807,206.55411522813807,0.0,0.0,0.0,0.0,0.0,0,0.0,0,0.0,0.0,0.0,0.64
main,v040,LOLO-nes-f0,secondary,LOLO,nested,0,A,Centralized PPO|ppo_multi_site_seed7_20260517T004954/ppo_multi_site.zip,Centralized PPO,7,P,"May 2026, pre-781c90c reward",7,-1841.0624913420702,773.1485065309444,1048.0866238111257,1.3273610000000002,18.5,217.38574480039372,217.05390455039372,0.04658077304261645,0.004955401387512388,0.04658077304261645,0.04658077304261645,0.049554013875123884,69,6.564915758176412,47,20.167271943925734,298.66350073587404,0.8433238466745571,0.64
main,v040,LOLO-nes-f0,secondary,LOLO,nested,0,A,Centralized PPO|ppo_multi_site_seed7_20260517T004954/ppo_multi_site.zip,Centralized PPO,7,P,"May 2026, pre-781c90c reward",8,-401.25198500836296,401.25198500836296,0.0,0.0,0.0,206.6413713722042,206.6413713722042,0.0,0.0,0.0,0.0,0.0,0,0.0,0,0.0,0.0,0.0,0.64
main,v040,LOLO-nes-f0,secondary,LOLO,nested,0,A,Centralized PPO|ppo_multi_site_seed7_20260517T004954/ppo_multi_site.zip,Centralized PPO,7,P,"May 2026, pre-781c90c reward",9,-161.89663597311326,80.89663597311326,81.0,0.0,0.0,207.42241810816222,207.42241810816222,0.002973240832507433,0.002973240832507433,0.0,0.002973240832507433,0.0,0,0.0,3,141.40880427800485,157.92401471165365,1.0,0.64
main,v040,LOLO-nes-f0,secondary,LOLO,nested,0,A,Centralized PPO|ppo_multi_site_seed13_20260517T004954/ppo_multi_site.zip,Centralized PPO,13,P,"May 2026, pre-781c90c reward",all,-11691.307089739299,6276.208706545287,5411.775268194011,0.948115,2.375,2158.2969875127974,2158.0599587627976,0.024777006937561942,0.0027750247770069376,0.0244796828543112,0.024777006937561942,0.05728444003964321,49,0.46620416253716557,250,11.699168649669563,298.66350073587404,0.8215700357592016,0.64
main,v040,LOLO-nes-f0,secondary,LOLO,nested,0,A,Centralized PPO|ppo_multi_site_seed13_20260517T004954/ppo_multi_site.zip,Centralized PPO,13,P,"May 2026, pre-781c90c reward",0,-1319.868036520481,1319.868036520481,0.0,0.0,0.0,206.51618097686648,206.51618097686648,0.0,0.0,0.0,0.0,0.0,0,0.0,0,0.0,0.0,0.0,0.64
main,v040,LOLO-nes-f0,secondary,LOLO,nested,0,A,Centralized PPO|ppo_multi_site_seed13_20260517T004954/ppo_multi_site.zip,Centralized PPO,13,P,"May 2026, pre-781c90c reward",1,-867.5973344368833,867.5973344368833,0.0,0.0,0.0,206.60251259888184,206.60251259888184,0.0,0.0,0.0,0.0,0.0,0,0.0,0,0.0,0.0,0.0,0.64
main,v040,LOLO-nes-f0,secondary,LOLO,nested,0,A,Centralized PPO|ppo_multi_site_seed13_20260517T004954/ppo_multi_site.zip,Centralized PPO,13,P,"May 2026, pre-781c90c reward",2,-284.7778766290005,284.7778766290005,0.0,0.0,0.0,206.7288077925314,206.7288077925314,0.0,0.0,0.0,0.0,0.0,0,0.0,0,0.0,0.0,0.0,0.64
main,v040,LOLO-nes-f0,secondary,LOLO,nested,0,A,Centralized PPO|ppo_multi_site_seed13_20260517T004954/ppo_multi_site.zip,Centralized PPO,13,P,"May 2026, pre-781c90c reward",3,-137.66242869830683,137.66242869830683,0.0,0.0,0.0,207.15558665690253,207.15558665690253,0.0,0.0,0.0,0.0,0.0,0,0.0,0,0.0,0.0,0.0,0.64
main,v040,LOLO-nes-f0,secondary,LOLO,nested,0,A,Centralized PPO|ppo_multi_site_seed13_20260517T004954/ppo_multi_site.zip,Centralized PPO,13,P,"May 2026, pre-781c90c reward",4,-1150.6421749887213,960.1934843686274,189.87284142009395,0.0758492,0.5,209.1858645144104,209.1669022144104,0.009910802775024777,0.0,0.009910802775024777,0.009910802775024777,0.008919722497522299,4,0.3805748265609515,10,0.9257152987627011,1.868016915146271,0.7329094714003132,0.64
main,v040,LOLO-nes-f0,secondary,LOLO,nested,0,A,Centralized PPO|ppo_multi_site_seed13_20260517T004954/ppo_multi_site.zip,Centralized PPO,13,P,"May 2026, pre-781c90c reward",5,-442.5363323620205,442.5363323620205,0.0,0.0,0.0,206.64624420771796,206.64624420771796,0.0,0.0,0.0,0.0,0.0,0,0.0,0,0.0,0.0,0.0,0.64
main,v040,LOLO-nes-f0,secondary,LOLO,nested,0,A,Centralized PPO|ppo_multi_site_seed13_20260517T004954/ppo_multi_site.zip,Centralized PPO,13,P,"May 2026, pre-781c90c reward",6,-954.9025884800039,954.9025884800039,0.0,0.0,0.0,206.55411522813807,206.55411522813807,0.0,0.0,0.0,0.0,0.0,0,0.0,0,0.0,0.0,0.0,0.64
main,v040,LOLO-nes-f0,secondary,LOLO,nested,0,A,Centralized PPO|ppo_multi_site_seed13_20260517T004954/ppo_multi_site.zip,Centralized PPO,13,P,"May 2026, pre-781c90c reward",7,-5970.171696642406,826.5220040684876,5140.902426773917,0.8722657999999999,1.875,294.84388605698234,294.62581960698236,0.2348860257680872,0.024777006937561942,0.2348860257680872,0.2348860257680872,0.5639246778989098,45,4.281466798810704,237,10.511850618547466,298.66350073587404,0.8230523806995664,0.64
main,v040,LOLO-nes-f0,secondary,LOLO,nested,0,A,Centralized PPO|ppo_multi_site_seed13_20260517T004954/ppo_multi_site.zip,Centralized PPO,13,P,"May 2026, pre-781c90c reward",8,-401.25198500836296,401.25198500836296,0.0,0.0,0.0,206.6413713722042,206.6413713722042,0.0,0.0,0.0,0.0,0.0,0,0.0,0,0.0,0.0,0.0,0.64
main,v040,LOLO-nes-f0,secondary,LOLO,nested,0,A,Centralized PPO|ppo_multi_site_seed13_20260517T004954/ppo_multi_site.zip,Centralized PPO,13,P,"May 2026, pre-781c90c reward",9,-161.89663597311326,80.89663597311326,81.0,0.0,0.0,207.42241810816222,207.42241810816222,0.002973240832507433,0.002973240832507433,0.0,0.002973240832507433,0.0,0,0.0,3,141.40880427800485,157.92401471165365,1.0,0.64
main,v040,LOLO-nes-f0,secondary,LOLO,nested,0,A,Centralized PPO|ppo_multi_site_seed42_20260517T004954/ppo_multi_site.zip,Centralized PPO,42,P,"May 2026, pre-781c90c reward",all,-10732.95865865053,5768.133516255,4913.562094395529,4.5130479999999995,46.75,2128.685852188076,2127.557590188076,0.021407333994053517,0.0013875123885034688,0.021110009910802776,0.021407333994053517,0.08354806739345887,235,2.23587710604559,216,7.407409133204765,298.66350073587404,0.8582657553079521,0.65
main,v040,LOLO-nes-f0,secondary,LOLO,nested,0,A,Centralized PPO|ppo_multi_site_seed42_20260517T004954/ppo_multi_site.zip,Centralized PPO,42,P,"May 2026, pre-781c90c reward",0,-3611.557905938037,1376.887938118241,2209.084094219796,2.0858736,23.5,239.42214689647753,238.90067849647752,0.09613478691774034,0.0019821605550049554,0.09613478691774034,0.09613478691774034,0.17145688800792863,110,10.465807730426166,97,4.432940721260253,298.66350073587404,0.8591354275669402,0.65
main,v040,LOLO-nes-f0,secondary,LOLO,nested,0,A,Centralized PPO|ppo_multi_site_seed42_20260517T004954/ppo_multi_site.zip,Centralized PPO,42,P,"May 2026, pre-781c90c reward",1,-1249.5348140577462,584.708513474014,649.226487183732,1.0998134000000002,14.5,206.31431748196744,206.03936413196743,0.028741328047571853,0.0009910802775024777,0.028741328047571853,0.028741328047571853,0.155599603567889,57,5.423191278493558,29,11.559560482300549,298.66350073587404,0.8462373415904965,0.65
main,v040,LOLO-nes-f0,secondary,LOLO,nested,0,A,Centralized PPO|ppo_multi_site_seed42_20260517T004954/ppo_multi_site.zip,Centralized PPO,42,P,"May 2026, pre-781c90c reward",2,-284.7778766290005,284.7778766290005,0.0,0.0,0.0,206.7288077925314,206.7288077925314,0.0,0.0,0.0,0.0,0.0,0,0.0,0,0.0,0.0,0.0,0.65
main,v040,LOLO-nes-f0,secondary,LOLO,nested,0,A,Centralized PPO|ppo_multi_site_seed42_20260517T004954/ppo_multi_site.zip,Centralized PPO,42,P,"May 2026, pre-781c90c reward",3,-137.66242869830683,137.66242869830683,0.0,0.0,0.0,207.15558665690253,207.15558665690253,0.0,0.0,0.0,0.0,0.0,0,0.0,0,0.0,0.0,0.0,0.65
main,v040,LOLO-nes-f0,secondary,LOLO,nested,0,A,Centralized PPO|ppo_multi_site_seed42_20260517T004954/ppo_multi_site.zip,Centralized PPO,42,P,"May 2026, pre-781c90c reward",4,-954.7577229249932,954.7577229249932,0.0,0.0,0.0,206.55995654413678,206.55995654413678,0.0,0.0,0.0,0.0,0.0,0,0.0,0,0.0,0.0,0.0,0.65
main,v040,LOLO-nes-f0,secondary,LOLO,nested,0,A,Centralized PPO|ppo_multi_site_seed42_20260517T004954/ppo_multi_site.zip,Centralized PPO,42,P,"May 2026, pre-781c90c reward",5,-442.5363323620205,442.5363323620205,0.0,0.0,0.0,206.64624420771796,206.64624420771796,0.0,0.0,0.0,0.0,0.0,0,0.0,0,0.0,0.0,0.0,0.65
main,v040,LOLO-nes-f0,secondary,LOLO,nested,0,A,Centralized PPO|ppo_multi_site_seed42_20260517T004954/ppo_multi_site.zip,Centralized PPO,42,P,"May 2026, pre-781c90c reward",6,-1092.2326986596183,793.2295315479926,296.7601473116257,0.4930198,1.75,207.79462344996193,207.67136849996194,0.01288404360753221,0.0009910802775024777,0.01288404360753221,0.01288404360753221,0.16551040634291378,25,2.3785926660059467,13,1.29108886830214,1.868016915146271,0.8609234546451939,0.65
main,v040,LOLO-nes-f0,secondary,LOLO,nested,0,A,Centralized PPO|ppo_multi_site_seed42_20260517T004954/ppo_multi_site.zip,Centralized PPO,42,P,"May 2026, pre-781c90c reward",7,-2396.750258399332,711.4245515189557,1677.491365680376,0.8343411999999999,7.0,234.0003796780144,233.7917943780144,0.07333994053518335,0.006937561942517344,0.07333994053518335,0.07333994053518335,0.34291377601585726,43,4.0911793855302285,74,5.321179739207113,298.66350073587404,0.8556267412974666,0.65
main,v040,LOLO-nes-f0,secondary,LOLO,nested,0,A,Centralized PPO|ppo_multi_site_seed42_20260517T004954/ppo_multi_site.zip,Centralized PPO,42,P,"May 2026, pre-781c90c reward",8,-401.25198500836296,401.25198500836296,0.0,0.0,0.0,206.6413713722042,206.6413713722042,0.0,0.0,0.0,0.0,0.0,0,0.0,0,0.0,0.0,0.0,0.65
main,v040,LOLO-nes-f0,secondary,LOLO,nested,0,A,Centralized PPO|ppo_multi_site_seed42_20260517T004954/ppo_multi_site.zip,Centralized PPO,42,P,"May 2026, pre-781c90c reward",9,-161.89663597311326,80.89663597311326,81.0,0.0,0.0,207.42241810816222,207.42241810816222,0.002973240832507433,0.002973240832507433,0.0,0.002973240832507433,0.0,0,0.0,3,141.40880427800485,157.92401471165365,1.0,0.65
main,v040,LOLO-nes-f0,secondary,LOLO,nested,0,A,Centralized PPO|ppo_multi_site_seed99_20260517T004954/ppo_multi_site.zip,Centralized PPO,99,P,"May 2026, pre-781c90c reward",all,-20642.57984662678,5786.66755791805,14837.117073908732,2.9202148,15.875,2330.6737579981836,2329.9437042981835,0.0626362735381566,0.0222001982160555,0.06233894945490585,0.0626362735381566,0.17859266600594648,152,1.4461843409316155,632,183.3923786760902,2273.185268772556,0.8825483688770428,0.65
main,v040,LOLO-nes-f0,secondary,LOLO,nested,0,A,Centralized PPO|ppo_multi_site_seed99_20260517T004954/ppo_multi_site.zip,Centralized PPO,99,P,"May 2026, pre-781c90c reward",0,-2325.729013418766,1013.8854444520704,1302.6145095666957,1.4790594,7.75,218.87393084915624,218.50416599915624,0.05450941526263627,0.003964321110009911,0.05450941526263627,0.05450941526263627,0.49256689791873143,77,7.326065411298315,55,12.260656973980698,298.66350073587404,0.8894633391313309,0.65
main,v040,LOLO-nes-f0,secondary,LOLO,nested,0,A,Centralized PPO|ppo_multi_site_seed99_20260517T004954/ppo_multi_site.zip,Centralized PPO,99,P,"May 2026, pre-781c90c reward",1,-867.5973344368833,867.5973344368833,0.0,0.0,0.0,206.60251259888184,206.60251259888184,0.0,0.0,0.0,0.0,0.0,0,0.0,0,0.0,0.0,0.0,0.65
main,v040,LOLO-nes-f0,secondary,LOLO,nested,0,A,Centralized PPO|ppo_multi_site_seed99_20260517T004954/ppo_multi_site.zip,Centralized PPO,99,P,"May 2026, pre-781c90c reward",2,-284.7778766290005,284.7778766290005,0.0,0.0,0.0,206.7288077925314,206.7288077925314,0.0,0.0,0.0,0.0,0.0,0,0.0,0,0.0,0.0,0.0,0.65
main,v040,LOLO-nes-f0,secondary,LOLO,nested,0,A,Centralized PPO|ppo_multi_site_seed99_20260517T004954/ppo_multi_site.zip,Centralized PPO,99,P,"May 2026, pre-781c90c reward",3,-137.66242869830683,137.66242869830683,0.0,0.0,0.0,207.15558665690253,207.15558665690253,0.0,0.0,0.0,0.0,0.0,0,0.0,0,0.0,0.0,0.0,0.65
main,v040,LOLO-nes-f0,secondary,LOLO,nested,0,A,Centralized PPO|ppo_multi_site_seed99_20260517T004954/ppo_multi_site.zip,Centralized PPO,99,P,"May 2026, pre-781c90c reward",4,-1407.6271764560838,682.6724835750242,722.5978992810595,0.6067936,1.75,208.6110373556557,208.4593389556557,0.03468780971258672,0.0019821605550049554,0.03468780971258672,0.03468780971258672,0.24578790882061446,31,2.949454905847374,35,9.645553103827293,298.66350073587404,0.788188475505771,0.65
main,v040,LOLO-nes-f0,secondary,LOLO,nested,0,A,Centralized PPO|ppo_multi_site_seed99_20260517T004954/ppo_multi_site.zip,Centralized PPO,99,P,"May 2026, pre-781c90c reward",5,-442.5363323620205,442.5363323620205,0.0,0.0,0.0,206.64624420771796,206.64624420771796,0.0,0.0,0.0,0.0,0.0,0,0.0,0,0.0,0.0,0.0,0.65
main,v040,LOLO-nes-f0,secondary,LOLO,nested,0,A,Centralized PPO|ppo_multi_site_seed99_20260517T004954/ppo_multi_site.zip,Centralized PPO,99,P,"May 2026, pre-781c90c reward",6,-11721.376689588844,1090.1419087278678,10624.904665060978,0.45511580000000007,5.875,413.9421808245221,413.8284018745221,0.4568880079286422,0.14568880079286423,0.4568880079286422,0.4568880079286422,0.9801783944499505,24,2.2834489593657086,461,115.55419063791201,2273.185268772556,0.8682505180810541,0.65
main,v040,LOLO-nes-f0,secondary,LOLO,nested,0,A,Centralized PPO|ppo_multi_site_seed99_20260517T004954/ppo_multi_site.zip,Centralized PPO,99,P,"May 2026, pre-781c90c reward",7,-756.7075182078895,756.7075182078895,0.0,0.0,0.0,206.55819262028785,206.55819262028785,0.0,0.0,0.0,0.0,0.0,0,0.0,0,0.0,0.0,0.0,0.65
main,v040,LOLO-nes-f0,secondary,LOLO,nested,0,A,Centralized PPO|ppo_multi_site_seed99_20260517T004954/ppo_multi_site.zip,Centralized PPO,99,P,"May 2026, pre-781c90c reward",8,-2536.668840855875,429.7895948558744,2106.0,0.379246,0.5,248.13284698436604,248.03803548436605,0.07730426164519326,0.06739345887016848,0.07730426164519326,0.07730426164519326,0.06739345887016848,20,1.9028741328047574,78,784.5813401817262,2273.185268772556,1.0,0.65
main,v040,LOLO-nes-f0,secondary,LOLO,nested,0,A,Centralized PPO|ppo_multi_site_seed99_20260517T004954/ppo_multi_site.zip,Centralized PPO,99,P,"May 2026, pre-781c90c reward",9,-161.89663597311326,80.89663597311326,81.0,0.0,0.0,207.42241810816222,207.42241810816222,0.002973240832507433,0.002973240832507433,0.0,0.002973240832507433,0.0,0,0.0,3,141.40880427800485,157.92401471165365,1.0,0.65
main,v040,LOLO-nes-f0,secondary,LOLO,nested,0,A,MAPPO|mappo_nr_seed23/mappo_best.pt,MAPPO,23,T,"June 2026, current reward",all,-5544.917684328248,4668.750197835647,810.3116258926012,6.1058606,59.75,1998.2860467410324,1996.7595815910327,0.0033696729435084244,0.0011892963330029733,0.003072348860257681,0.0033696729435084244,0.09177403369672943,322,3.0636273538156593,34,41387.36508175505,162722.1182125679,0.894423162639805,0.25
main,v040,LOLO-nes-f0,secondary,LOLO,nested,0,A,MAPPO|mappo_nr_seed23/mappo_best.pt,MAPPO,23,T,"June 2026, current reward",0,-963.1346361331011,919.0305767331013,27.0,1.4790594000000001,15.625,186.12502306944123,185.7552582194412,0.0009910802775024777,0.0,0.0009910802775024777,0.0009910802775024777,0.2487611496531219,78,7.421209117938553,1,1.868016915146271,1.868016915146271,1.0,0.25
main,v040,LOLO-nes-f0,secondary,LOLO,nested,0,A,MAPPO|mappo_nr_seed23/mappo_best.pt,MAPPO,23,T,"June 2026, current reward",1,-615.2930708253148,537.0154916360547,70.23116258926012,0.7964166,7.25,196.1705821072941,195.9714779572941,0.002973240832507433,0.0,0.002973240832507433,0.002973240832507433,0.1288404360753221,42,3.9960356788899905,3,1.1705574285483535,1.868016915146271,0.8803462509917791,0.25
main,v040,LOLO-nes-f0,secondary,LOLO,nested,0,A,MAPPO|mappo_nr_seed23/mappo_best.pt,MAPPO,23,T,"June 2026, current reward",2,-298.62273038359297,280.36486939433286,16.231162589260116,0.1516984,1.875,206.3867148192718,206.3487902192718,0.0009910802775024777,0.0,0.0009910802775024777,0.0009910802775024777,0.004955401387512388,8,0.761149653121903,1,0.6410387529753372,0.6410387529753372,0.6410387529753372,0.25
main,v040,LOLO-nes-f0,secondary,LOLO,nested,0,A,MAPPO|mappo_nr_seed23/mappo_best.pt,MAPPO,23,T,"June 2026, current reward",3,-137.66242869830683,137.66242869830683,0.0,0.0,0.0,207.15558665690253,207.15558665690253,0.0,0.0,0.0,0.0,0.0,0,0.0,0,0.0,0.0,0.0,0.25
main,v040,LOLO-nes-f0,secondary,LOLO,nested,0,A,MAPPO|mappo_nr_seed23/mappo_best.pt,MAPPO,23,T,"June 2026, current reward",4,-756.190063765272,635.8821711867517,113.46232517852023,0.7205674,6.125,192.21599412296658,192.0358522729666,0.004955401387512388,0.0,0.004955401387512388,0.004955401387512388,0.1565906838453915,38,3.615460852329039,5,1.3772256502778977,1.868016915146271,0.8564155011901349,0.25
main,v040,LOLO-nes-f0,secondary,LOLO,nested,0,A,MAPPO|mappo_nr_seed23/mappo_best.pt,MAPPO,23,T,"June 2026, current reward",5,-408.10744957743714,387.296191788177,16.231162589260116,0.45509520000000003,4.125,202.79589823025842,202.68212443025843,0.0009910802775024777,0.0,0.0009910802775024777,0.0009910802775024777,0.05946481665014866,24,2.2834489593657086,1,0.6410387529753372,0.6410387529753372,0.6410387529753372,0.25
main,v040,LOLO-nes-f0,secondary,LOLO,nested,0,A,MAPPO|mappo_nr_seed23/mappo_best.pt,MAPPO,23,T,"June 2026, current reward",6,-791.1486955328729,703.1545451650925,75.69348776778034,1.1756626,11.125,194.32437876587997,194.03046311587997,0.003964321110009911,0.0,0.003964321110009911,0.003964321110009911,0.14568880079286423,62,5.898909811694748,4,66.20937071345139,262.91436659487954,0.7307790647315029,0.25
main,v040,LOLO-nes-f0,secondary,LOLO,nested,0,A,MAPPO|mappo_nr_seed23/mappo_best.pt,MAPPO,23,T,"June 2026, current reward",7,-678.5030474611353,617.8204046611354,54.0,0.6826428,6.0,197.31272892016966,197.14206822016965,0.0019821605550049554,0.0,0.0019821605550049554,0.0019821605550049554,0.1288404360753221,36,3.4251734390485633,2,1.5300206792388034,1.868016915146271,1.0,0.25
main,v040,LOLO-nes-f0,secondary,LOLO,nested,0,A,MAPPO|mappo_nr_seed23/mappo_best.pt,MAPPO,23,T,"June 2026, current reward",8,-409.06793191547956,369.1996623369593,32.46232517852023,0.5309444,6.875,204.1533847632013,204.02064866320126,0.0019821605550049554,0.0,0.0019821605550049554,0.0019821605550049554,0.035678889990089196,28,2.66402378592666,2,0.6410387529753372,0.6410387529753372,0.6410387529753372,0.25
main,v040,LOLO-nes-f0,secondary,LOLO,nested,0,A,MAPPO|mappo_nr_seed23/mappo_best.pt,MAPPO,23,T,"June 2026, current reward",9,-487.1876300357354,81.32385623573549,405.0,0.1137738,0.75,211.64575528564714,211.61731183564712,0.014866204162537165,0.011892963330029732,0.011892963330029732,0.014866204162537165,0.008919722497522299,6,0.5708622398414271,15,93792.51235219972,162722.1182125679,1.0,0.25
main,v040,LOLO-nes-f0,secondary,LOLO,nested,0,A,MAPPO|mappo_nr_seed64/mappo_best.pt,MAPPO,64,T,"June 2026, current reward",all,-5152.740483116214,4693.9067068128725,389.08046330334105,5.878313,63.875,1996.7708939700988,1995.301315720099,0.00178394449950446,0.00029732408325074334,0.0014866204162537165,0.00178394449950446,0.07710604558969276,310,2.949454905847374,18,38.92826777844253,262.91436659487954,0.8205193764876686,0.24
main,v040,LOLO-nes-f0,secondary,LOLO,nested,0,A,MAPPO|mappo_nr_seed64/mappo_best.pt,MAPPO,64,T,"June 2026, current reward",0,-940.1363086187052,928.1614952187053,0.0,1.0998134000000002,10.875,186.9622864682206,186.68733311822064,0.0,0.0,0.0,0.0,0.20812685827552033,58,5.518334985133796,0,0.0,0.0,0.0,0.24
main,v040,LOLO-nes-f0,secondary,LOLO,nested,0,A,MAPPO|mappo_nr_seed64/mappo_best.pt,MAPPO,64,T,"June 2026, current reward",1,-621.8396344570625,539.4103568678024,70.23116258926012,0.948115,11.25,196.30880697764655,196.07177822764655,0.002973240832507433,0.0,0.002973240832507433,0.002973240832507433,0.10703666997026759,50,4.757185332011893,3,1.1705574285483535,1.868016915146271,0.8803462509917791,0.24
main,v040,LOLO-nes-f0,secondary,LOLO,nested,0,A,MAPPO|mappo_nr_seed64/mappo_best.pt,MAPPO,64,T,"June 2026, current reward",2,-299.38358862580253,281.0007276365424,16.231162589260116,0.1516984,2.0,206.4530950475194,206.41517044751942,0.0009910802775024777,0.0,0.0009910802775024777,0.0009910802775024777,0.003964321110009911,8,0.761149653121903,1,0.6410387529753372,0.6410387529753372,0.6410387529753372,0.24
main,v040,LOLO-nes-f0,secondary,LOLO,nested,0,A,MAPPO|mappo_nr_seed64/mappo_best.pt,MAPPO,64,T,"June 2026, current reward",3,-137.66242869830683,137.66242869830683,0.0,0.0,0.0,207.15558665690253,207.15558665690253,0.0,0.0,0.0,0.0,0.0,0,0.0,0,0.0,0.0,0.0,0.24
main,v040,LOLO-nes-f0,secondary,LOLO,nested,0,A,MAPPO|mappo_nr_seed64/mappo_best.pt,MAPPO,64,T,"June 2026, current reward",4,-707.6564463858479,638.4847800073277,59.46232517852023,0.8343412,8.875,192.53136128278146,192.32277598278148,0.002973240832507433,0.0,0.002973240832507433,0.002973240832507433,0.14172447968285432,44,4.186323092170466,3,1.0500314736989818,1.868016915146271,0.7606925019835581,0.24
main,v040,LOLO-nes-f0,secondary,LOLO,nested,0,A,MAPPO|mappo_nr_seed64/mappo_best.pt,MAPPO,64,T,"June 2026, current reward",5,-407.37171074648506,387.2233775572249,16.231162589260116,0.4171706,3.5,202.817234343986,202.712941693986,0.0009910802775024777,0.0,0.0009910802775024777,0.0009910802775024777,0.048562933597621406,22,2.093161546085233,1,0.6410387529753372,0.6410387529753372,0.6410387529753372,0.24
main,v040,LOLO-nes-f0,secondary,LOLO,nested,0,A,MAPPO|mappo_nr_seed64/mappo_best.pt,MAPPO,64,T,"June 2026, current reward",6,-800.4533078286943,707.9703836609137,75.69348776778034,1.2894364,15.5,194.96811002856194,194.64575092856194,0.003964321110009911,0.0,0.003964321110009911,0.003964321110009911,0.12289395441030723,68,6.469772051536175,4,66.20937071345139,262.91436659487954,0.7307790647315029,0.24
main,v040,LOLO-nes-f0,secondary,LOLO,nested,0,A,MAPPO|mappo_nr_seed64/mappo_best.pt,MAPPO,64,T,"June 2026, current reward",7,-681.4792787168875,620.5087113168876,54.0,0.7205674,6.25,197.62914926530112,197.44900741530114,0.0019821605550049554,0.0,0.0019821605550049554,0.0019821605550049554,0.11397423191278494,38,3.615460852329039,2,1.5300206792388034,1.868016915146271,1.0,0.24
main,v040,LOLO-nes-f0,secondary,LOLO,nested,0,A,MAPPO|mappo_nr_seed64/mappo_best.pt,MAPPO,64,T,"June 2026, current reward",8,-394.8611430653086,372.5878098760485,16.231162589260116,0.41717060000000006,5.625,204.52284579101718,204.41855314101718,0.0009910802775024777,0.0,0.0009910802775024777,0.0009910802775024777,0.024777006937561942,22,2.093161546085233,1,0.6410387529753372,0.6410387529753372,0.6410387529753372,0.24
main,v040,LOLO-nes-f0,secondary,LOLO,nested,0,A,MAPPO|mappo_nr_seed64/mappo_best.pt,MAPPO,64,T,"June 2026, current reward",9,-161.89663597311326,80.89663597311326,81.0,0.0,0.0,207.42241810816222,207.42241810816222,0.002973240832507433,0.002973240832507433,0.0,0.002973240832507433,0.0,0,0.0,3,141.40880427800485,157.92401471165365,1.0,0.24
main,v040,LOLO-nes-f0,secondary,LOLO,nested,0,A,MAPPO|mappo_nr_seed99/mappo_best.pt,MAPPO,99,T,"June 2026, current reward",all,-5142.546295030352,4715.061070105531,356.6181381248208,5.992086800000001,64.875,1998.728295595678,1997.2302738956782,0.0015857284440039642,0.00029732408325074334,0.001288404360753221,0.0015857284440039642,0.07234886025768088,316,3.0065411298315166,16,43.71417140662594,262.91436659487954,0.84295445442671,0.24
main,v040,LOLO-nes-f0,secondary,LOLO,nested,0,A,MAPPO|mappo_nr_seed99/mappo_best.pt,MAPPO,99,T,"June 2026, current reward",0,-943.0222175185518,930.3465549185516,0.0,1.1756626000000001,11.5,187.19862083627316,186.9047051862732,0.0,0.0,0.0,0.0,0.19425173439048563,62,5.898909811694748,0,0.0,0.0,0.0,0.24
main,v040,LOLO-nes-f0,secondary,LOLO,nested,0,A,MAPPO|mappo_nr_seed99/mappo_best.pt,MAPPO,99,T,"June 2026, current reward",1,-610.4228100971436,545.2626196971435,54.0,0.9101904000000001,10.25,196.95146946048078,196.72392186048077,0.0019821605550049554,0.0,0.0019821605550049554,0.0019821605550049554,0.09712586719524281,48,4.566897918731417,2,1.4353167663348618,1.868016915146271,1.0,0.24
main,v040,LOLO-nes-f0,secondary,LOLO,nested,0,A,MAPPO|mappo_nr_seed99/mappo_best.pt,MAPPO,99,T,"June 2026, current reward",2,-298.62273038359297,280.36486939433286,16.231162589260116,0.1516984,1.875,206.3867148192718,206.3487902192718,0.0009910802775024777,0.0,0.0009910802775024777,0.0009910802775024777,0.004955401387512388,8,0.761149653121903,1,0.6410387529753372,0.6410387529753372,0.6410387529753372,0.24
main,v040,LOLO-nes-f0,secondary,LOLO,nested,0,A,MAPPO|mappo_nr_seed99/mappo_best.pt,MAPPO,99,T,"June 2026, current reward",3,-137.66242869830683,137.66242869830683,0.0,0.0,0.0,207.15558665690253,207.15558665690253,0.0,0.0,0.0,0.0,0.0,0,0.0,0,0.0,0.0,0.0,0.24
main,v040,LOLO-nes-f0,secondary,LOLO,nested,0,A,MAPPO|mappo_nr_seed99/mappo_best.pt,MAPPO,99,T,"June 2026, current reward",4,-735.60111029449,639.7665193159697,86.46232517852023,0.8722658,8.5,192.6727532681063,192.45468681810632,0.003964321110009911,0.0,0.003964321110009911,0.003964321110009911,0.13676907829534193,46,4.376610505450942,4,1.2545278340608041,1.868016915146271,0.8205193764876686,0.24
main,v040,LOLO-nes-f0,secondary,LOLO,nested,0,A,MAPPO|mappo_nr_seed99/mappo_best.pt,MAPPO,99,T,"June 2026, current reward",5,-391.9442420724219,387.7770714724219,0.0,0.4171706,3.75,202.7754438853076,202.6711512353076,0.0,0.0,0.0,0.0,0.05153617443012884,22,2.093161546085233,0,0.0,0.0,0.0,0.24
main,v040,LOLO-nes-f0,secondary,LOLO,nested,0,A,MAPPO|mappo_nr_seed99/mappo_best.pt,MAPPO,99,T,"June 2026, current reward",6,-806.8968296158039,714.8268300480236,75.69348776778034,1.2515117999999998,15.125,195.5697784954766,195.25690054547658,0.003964321110009911,0.0,0.003964321110009911,0.003964321110009911,0.11298315163528246,66,6.279484638255699,4,66.20937071345139,262.91436659487954,0.7307790647315029,0.24
main,v040,LOLO-nes-f0,secondary,LOLO,nested,0,A,MAPPO|mappo_nr_seed99/mappo_best.pt,MAPPO,99,T,"June 2026, current reward",7,-657.5699285249528,622.4364365249529,27.0,0.758492,7.375,197.8159189402474,197.62629594024742,0.0009910802775024777,0.0,0.0009910802775024777,0.0009910802775024777,0.10406342913776016,40,3.8057482656095147,1,1.1920244433313356,1.1920244433313356,1.0,0.24
main,v040,LOLO-nes-f0,secondary,LOLO,nested,0,A,MAPPO|mappo_nr_seed99/mappo_best.pt,MAPPO,99,T,"June 2026, current reward",8,-398.90736185197505,375.7211040627149,16.231162589260116,0.45509520000000003,6.5,204.77959112544983,204.66581732544984,0.0009910802775024777,0.0,0.0009910802775024777,0.0009910802775024777,0.02180376610505451,24,2.2834489593657086,1,0.6410387529753372,0.6410387529753372,0.6410387529753372,0.24
main,v040,LOLO-nes-f0,secondary,LOLO,nested,0,A,MAPPO|mappo_nr_seed99/mappo_best.pt,MAPPO,99,T,"June 2026, current reward",9,-161.89663597311326,80.89663597311326,81.0,0.0,0.0,207.42241810816222,207.42241810816222,0.002973240832507433,0.002973240832507433,0.0,0.002973240832507433,0.0,0,0.0,3,141.40880427800485,157.92401471165365,1.0,0.24
main,v040,LOLO-nes-f0,secondary,LOLO,nested,0,A,MAPPO|mappo_seed7_20260516T092249/mappo_best.pt,MAPPO,7,L,"May 2026, pre-781c90c reward",all,-5153.106686609259,4695.758318895178,399.8493007140809,5.499067,52.0,1996.7538374874293,1995.3790707374296,0.00178394449950446,0.00029732408325074334,0.0014866204162537165,0.00178394449950446,0.07938553022794846,290,2.759167492566898,18,38.996433231896475,262.91436659487954,0.8404616679890388,0.24
main,v040,LOLO-nes-f0,secondary,LOLO,nested,0,A,MAPPO|mappo_seed7_20260516T092249/mappo_best.pt,MAPPO,7,L,"May 2026, pre-781c90c reward",0,-939.9836967633951,928.9709587633951,0.0,1.1377380000000001,9.875,187.06219663229803,186.777762132298,0.0,0.0,0.0,0.0,0.20812685827552033,60,5.708622398414271,0,0.0,0.0,0.0,0.24
main,v040,LOLO-nes-f0,secondary,LOLO,nested,0,A,MAPPO|mappo_seed7_20260516T092249/mappo_best.pt,MAPPO,7,L,"May 2026, pre-781c90c reward",1,-622.7178087545182,541.864380365258,70.23116258926012,0.8722658000000001,9.75,196.5888128517597,196.37074640175967,0.002973240832507433,0.0,0.002973240832507433,0.002973240832507433,0.10406342913776016,46,4.376610505450942,3,1.1705574285483535,1.868016915146271,0.8803462509917791,0.24
main,v040,LOLO-nes-f0,secondary,LOLO,nested,0,A,MAPPO|mappo_seed7_20260516T092249/mappo_best.pt,MAPPO,7,L,"May 2026, pre-781c90c reward",2,-298.5882942987552,280.8683579094951,16.231162589260116,0.11377380000000001,1.375,206.4415446122663,206.41310116226632,0.0009910802775024777,0.0,0.0009910802775024777,0.0009910802775024777,0.003964321110009911,6,0.5708622398414271,1,0.6410387529753372,0.6410387529753372,0.6410387529753372,0.24
main,v040,LOLO-nes-f0,secondary,LOLO,nested,0,A,MAPPO|mappo_seed7_20260516T092249/mappo_best.pt,MAPPO,7,L,"May 2026, pre-781c90c reward",3,-137.66242869830683,137.66242869830683,0.0,0.0,0.0,207.15558665690253,207.15558665690253,0.0,0.0,0.0,0.0,0.0,0,0.0,0,0.0,0.0,0.0,0.24
main,v040,LOLO-nes-f0,secondary,LOLO,nested,0,A,MAPPO|mappo_seed7_20260516T092249/mappo_best.pt,MAPPO,7,L,"May 2026, pre-781c90c reward",4,-731.3328585202028,638.1120413416825,86.46232517852023,0.758492,6.0,192.5215771686279,192.33195416862793,0.003964321110009911,0.0,0.003964321110009911,0.003964321110009911,0.1466798810703667,40,3.8057482656095147,4,1.2545278340608041,1.868016915146271,0.8205193764876686,0.24
main,v040,LOLO-nes-f0,secondary,LOLO,nested,0,A,MAPPO|mappo_seed7_20260516T092249/mappo_best.pt,MAPPO,7,L,"May 2026, pre-781c90c reward",5,-390.46978324413647,387.3405372441365,0.0,0.379246,2.75,202.70146845174799,202.60665695174796,0.0,0.0,0.0,0.0,0.05252725470763132,20,1.9028741328047574,0,0.0,0.0,0.0,0.24
main,v040,LOLO-nes-f0,secondary,LOLO,nested,0,A,MAPPO|mappo_seed7_20260516T092249/mappo_best.pt,MAPPO,7,L,"May 2026, pre-781c90c reward",6,-795.8552691351626,708.3119679673822,75.69348776778034,1.0998134,10.75,194.82826412594397,194.553310775944,0.003964321110009911,0.0,0.003964321110009911,0.003964321110009911,0.13181367690782952,58,5.518334985133796,4,66.20937071345139,262.91436659487954,0.7307790647315029,0.24
main,v040,LOLO-nes-f0,secondary,LOLO,nested,0,A,MAPPO|mappo_seed7_20260516T092249/mappo_best.pt,MAPPO,7,L,"May 2026, pre-781c90c reward",7,-680.3447973012935,619.6621545012935,54.0,0.6826428,6.0,197.50705381640856,197.33639311640854,0.0019821605550049554,0.0,0.0019821605550049554,0.0019821605550049554,0.11892963330029732,36,3.4251734390485633,2,1.5300206792388034,1.868016915146271,1.0,0.24
main,v040,LOLO-nes-f0,secondary,LOLO,nested,0,A,MAPPO|mappo_seed7_20260516T092249/mappo_best.pt,MAPPO,7,L,"May 2026, pre-781c90c reward",8,-394.25511392037424,372.0688561311141,16.231162589260116,0.45509520000000003,5.5,204.5249150633124,204.4111412633124,0.0009910802775024777,0.0,0.0009910802775024777,0.0009910802775024777,0.027750247770069375,24,2.2834489593657086,1,0.6410387529753372,0.6410387529753372,0.6410387529753372,0.24
main,v040,LOLO-nes-f0,secondary,LOLO,nested,0,A,MAPPO|mappo_seed7_20260516T092249/mappo_best.pt,MAPPO,7,L,"May 2026, pre-781c90c reward",9,-161.89663597311326,80.89663597311326,81.0,0.0,0.0,207.42241810816222,207.42241810816222,0.002973240832507433,0.002973240832507433,0.0,0.002973240832507433,0.0,0,0.0,3,141.40880427800485,157.92401471165365,1.0,0.24
main,v040,LOLO-nes-f0,secondary,LOLO,nested,0,A,MAPPO|mappo_pool_off_seed1_20260526T162327/mappo_best.pt,MAPPO,1,T,search-only (scenario-variant sweep dir); traced to Table I,all,-5149.25403082761,4695.746984513529,399.84930071408087,5.1577456,48.5,1996.5156361035224,1995.2261997035223,0.00178394449950446,0.00029732408325074334,0.0014866204162537165,0.00178394449950446,0.08166501486620416,272,2.58790882061447,18,38.996433231896475,262.91436659487954,0.8404616679890388,0.29
main,v040,LOLO-nes-f0,secondary,LOLO,nested,0,A,MAPPO|mappo_pool_off_seed1_20260526T162327/mappo_best.pt,MAPPO,1,T,search-only (scenario-variant sweep dir); traced to Table I,0,-940.0182937161069,926.179706516107,0.0,1.2135872,12.625,186.76565744686616,186.46226064686613,0.0,0.0,0.0,0.0,0.22001982160555006,64,6.089197224975224,0,0.0,0.0,0.0,0.29
main,v040,LOLO-nes-f0,secondary,LOLO,nested,0,A,MAPPO|mappo_pool_off_seed1_20260526T162327/mappo_best.pt,MAPPO,1,T,search-only (scenario-variant sweep dir); traced to Table I,1,-618.9243994388906,541.0597448496305,70.23116258926012,0.7584919999999999,6.875,196.5343955409395,196.34477254093952,0.002973240832507433,0.0,0.002973240832507433,0.002973240832507433,0.1110009910802775,40,3.8057482656095147,3,1.1705574285483535,1.868016915146271,0.8803462509917791,0.29
main,v040,LOLO-nes-f0,secondary,LOLO,nested,0,A,MAPPO|mappo_pool_off_seed1_20260526T162327/mappo_best.pt,MAPPO,1,T,search-only (scenario-variant sweep dir); traced to Table I,2,-299.3491525409647,281.5042161517046,16.231162589260116,0.11377380000000001,1.5,206.50792484051394,206.47948139051394,0.0009910802775024777,0.0,0.0009910802775024777,0.0009910802775024777,0.002973240832507433,6,0.5708622398414271,1,0.6410387529753372,0.6410387529753372,0.6410387529753372,0.29
main,v040,LOLO-nes-f0,secondary,LOLO,nested,0,A,MAPPO|mappo_pool_off_seed1_20260526T162327/mappo_best.pt,MAPPO,1,T,search-only (scenario-variant sweep dir); traced to Table I,3,-137.66242869830683,137.66242869830683,0.0,0.0,0.0,207.15558665690253,207.15558665690253,0.0,0.0,0.0,0.0,0.0,0,0.0,0,0.0,0.0,0.0,0.29
main,v040,LOLO-nes-f0,secondary,LOLO,nested,0,A,MAPPO|mappo_pool_off_seed1_20260526T162327/mappo_best.pt,MAPPO,1,T,search-only (scenario-variant sweep dir); traced to Table I,4,-731.027652996522,638.1326850180018,86.46232517852023,0.6826428,5.75,192.4492907600962,192.2786300600962,0.003964321110009911,0.0,0.003964321110009911,0.003964321110009911,0.14965312190287414,36,3.4251734390485633,4,1.2545278340608041,1.868016915146271,0.8205193764876686,0.29
main,v040,LOLO-nes-f0,secondary,LOLO,nested,0,A,MAPPO|mappo_pool_off_seed1_20260526T162327/mappo_best.pt,MAPPO,1,T,search-only (scenario-variant sweep dir); traced to Table I,5,-408.74608079727193,389.38567220801184,16.231162589260116,0.379246,2.75,202.8709296893303,202.7761181893303,0.0009910802775024777,0.0,0.0009910802775024777,0.0009910802775024777,0.05252725470763132,20,1.9028741328047574,1,0.6410387529753372,0.6410387529753372,0.6410387529753372,0.29
main,v040,LOLO-nes-f0,secondary,LOLO,nested,0,A,MAPPO|mappo_pool_off_seed1_20260526T162327/mappo_best.pt,MAPPO,1,T,search-only (scenario-variant sweep dir); traced to Table I,6,-778.2954994998939,708.0592101213737,59.46232517852023,1.0239642,9.75,194.77455329403176,194.51856224403178,0.002973240832507433,0.0,0.002973240832507433,0.002973240832507433,0.13577799801783944,54,5.137760158572845,3,88.06548136694342,262.91436659487954,0.7606925019835581,0.29
main,v040,LOLO-nes-f0,secondary,LOLO,nested,0,A,MAPPO|mappo_pool_off_seed1_20260526T162327/mappo_best.pt,MAPPO,1,T,search-only (scenario-variant sweep dir); traced to Table I,7,-679.7575793939156,621.1887103939157,54.0,0.5688690000000001,4.0,197.62944202491514,197.48722477491515,0.0019821605550049554,0.0,0.0019821605550049554,0.0019821605550049554,0.11496531219028741,30,2.8543111992071357,2,1.5300206792388034,1.868016915146271,1.0,0.29
main,v040,LOLO-nes-f0,secondary,LOLO,nested,0,A,MAPPO|mappo_pool_off_seed1_20260526T162327/mappo_best.pt,MAPPO,1,T,search-only (scenario-variant sweep dir); traced to Table I,8,-393.57630777262386,371.6779745833637,16.231162589260116,0.41717060000000006,5.25,204.40543774176462,204.30114509176462,0.0009910802775024777,0.0,0.0009910802775024777,0.0009910802775024777,0.02973240832507433,22,2.093161546085233,1,0.6410387529753372,0.6410387529753372,0.6410387529753372,0.29
main,v040,LOLO-nes-f0,secondary,LOLO,nested,0,A,MAPPO|mappo_pool_off_seed1_20260526T162327/mappo_best.pt,MAPPO,1,T,search-only (scenario-variant sweep dir); traced to Table I,9,-161.89663597311326,80.89663597311326,81.0,0.0,0.0,207.42241810816222,207.42241810816222,0.002973240832507433,0.002973240832507433,0.0,0.002973240832507433,0.0,0,0.0,3,141.40880427800485,157.92401471165365,1.0,0.29
main,v040,LOLO-nes-f0,secondary,LOLO,nested,0,A,MAPPO|mappo_pool_off_seed7_20260526T162327/mappo_best.pt,MAPPO,7,T,search-only (scenario-variant sweep dir); traced to Table I,all,-5296.158772997107,4680.524715325986,545.7739510711214,6.4851066,63.375,1996.2362093572556,1994.6149327072558,0.002477700693756194,0.00029732408325074334,0.002180376610505451,0.002477700693756194,0.08860257680872151,342,3.253914767096135,25,28.377120458386475,262.91436659487954,0.8276986014281619,0.29
main,v040,LOLO-nes-f0,secondary,LOLO,nested,0,A,MAPPO|mappo_pool_off_seed7_20260526T162327/mappo_best.pt,MAPPO,7,T,search-only (scenario-variant sweep dir); traced to Table I,0,-953.9531213294104,926.1825223401503,16.231162589260116,1.2894364,10.25,186.82610499496016,186.50374589496016,0.0009910802775024777,0.0,0.0009910802775024777,0.0009910802775024777,0.23389494549058473,68,6.469772051536175,1,0.6410387529753372,0.6410387529753372,0.6410387529753372,0.29
main,v040,LOLO-nes-f0,secondary,LOLO,nested,0,A,MAPPO|mappo_pool_off_seed7_20260526T162327/mappo_best.pt,MAPPO,7,T,search-only (scenario-variant sweep dir); traced to Table I,1,-604.6755709936189,539.8524559936188,54.0,0.948115,9.875,196.43035854521463,196.19332979521465,0.0019821605550049554,0.0,0.0019821605550049554,0.0019821605550049554,0.11793855302279485,50,4.757185332011893,2,1.4353167663348618,1.868016915146271,1.0,0.29
main,v040,LOLO-nes-f0,secondary,LOLO,nested,0,A,MAPPO|mappo_pool_off_seed7_20260526T162327/mappo_best.pt,MAPPO,7,T,search-only (scenario-variant sweep dir); traced to Table I,2,-327.7061774415315,281.2095426522714,43.231162589260116,0.26547220000000005,3.0,206.62622186410033,206.55985381410034,0.0019821605550049554,0.0,0.0019821605550049554,0.0019821605550049554,0.010901883052527254,14,1.33201189296333,2,0.9165315981533364,1.1920244433313356,0.8205193764876686,0.29
main,v040,LOLO-nes-f0,secondary,LOLO,nested,0,A,MAPPO|mappo_pool_off_seed7_20260526T162327/mappo_best.pt,MAPPO,7,T,search-only (scenario-variant sweep dir); traced to Table I,3,-137.66242869830683,137.66242869830683,0.0,0.0,0.0,207.15558665690253,207.15558665690253,0.0,0.0,0.0,0.0,0.0,0,0.0,0,0.0,0.0,0.0,0.29
main,v040,LOLO-nes-f0,secondary,LOLO,nested,0,A,MAPPO|mappo_pool_off_seed7_20260526T162327/mappo_best.pt,MAPPO,7,T,search-only (scenario-variant sweep dir); traced to Table I,4,-730.9406883140298,636.3069465355095,86.46232517852023,0.7964166000000001,7.375,192.31456588099383,192.11546173099384,0.003964321110009911,0.0,0.003964321110009911,0.003964321110009911,0.15361744301288405,42,3.9960356788899905,4,1.2545278340608041,1.868016915146271,0.8205193764876686,0.29
main,v040,LOLO-nes-f0,secondary,LOLO,nested,0,A,MAPPO|mappo_pool_off_seed7_20260526T162327/mappo_best.pt,MAPPO,7,T,search-only (scenario-variant sweep dir); traced to Table I,5,-453.0808593441849,387.79966516566463,59.46232517852023,0.5688690000000001,5.25,203.07748981713897,202.93527256713898,0.002973240832507433,0.0,0.002973240832507433,0.002973240832507433,0.062438057482656094,30,2.8543111992071357,3,1.0500314736989818,1.868016915146271,0.7606925019835581,0.29
main,v040,LOLO-nes-f0,secondary,LOLO,nested,0,A,MAPPO|mappo_pool_off_seed7_20260526T162327/mappo_best.pt,MAPPO,7,T,search-only (scenario-variant sweep dir); traced to Table I,6,-819.9894523901792,702.1315282223989,102.69348776778034,1.2894364,13.875,194.42800953305556,194.10565043305556,0.004955401387512388,0.0,0.004955401387512388,0.004955401387512388,0.1466798810703667,68,6.469772051536175,5,53.34109995379036,262.91436659487954,0.7846232517852023,0.29
main,v040,LOLO-nes-f0,secondary,LOLO,nested,0,A,MAPPO|mappo_pool_off_seed7_20260526T162327/mappo_best.pt,MAPPO,7,T,search-only (scenario-variant sweep dir); traced to Table I,7,-698.1731953486274,619.2706161593671,70.23116258926012,0.7964166,7.875,197.63644513331582,197.4373409833158,0.002973240832507433,0.0,0.002973240832507433,0.002973240832507433,0.12388503468780972,42,3.9960356788899905,3,1.2336933704843147,1.868016915146271,0.8803462509917791,0.29
main,v040,LOLO-nes-f0,secondary,LOLO,nested,0,A,MAPPO|mappo_pool_off_seed7_20260526T162327/mappo_best.pt,MAPPO,7,T,search-only (scenario-variant sweep dir); traced to Table I,8,-408.0806431641053,369.21237358558506,32.46232517852023,0.5309444,5.875,204.31900882341182,204.18627272341183,0.0019821605550049554,0.0,0.0019821605550049554,0.0019821605550049554,0.036669970267591674,28,2.66402378592666,2,0.6410387529753372,0.6410387529753372,0.6410387529753372,0.29
main,v040,LOLO-nes-f0,secondary,LOLO,nested,0,A,MAPPO|mappo_pool_off_seed7_20260526T162327/mappo_best.pt,MAPPO,7,T,search-only (scenario-variant sweep dir); traced to Table I,9,-161.89663597311326,80.89663597311326,81.0,0.0,0.0,207.42241810816222,207.42241810816222,0.002973240832507433,0.002973240832507433,0.0,0.002973240832507433,0.0,0,0.0,3,141.40880427800485,157.92401471165365,1.0,0.29
main,v040,LOLO-nes-f0,secondary,LOLO,nested,0,A,MAPPO|mappo_pool_off_seed13_20260526T162327/mappo_best.pt,MAPPO,13,T,search-only (scenario-variant sweep dir); traced to Table I,all,-5163.474233624352,4688.720552521011,416.08046330334105,5.423217800000001,53.25,1995.9856210256091,1994.6298165756093,0.0018830525272547076,0.00029732408325074334,0.0015857284440039642,0.0018830525272547076,0.08305252725470763,286,2.721110009910803,19,37.01330681046983,262.91436659487954,0.8299657250935808,0.29
main,v040,LOLO-nes-f0,secondary,LOLO,nested,0,A,MAPPO|mappo_pool_off_seed13_20260526T162327/mappo_best.pt,MAPPO,13,T,search-only (scenario-variant sweep dir); traced to Table I,0,-937.7149485889288,924.1263613889288,0.0,1.2135872,12.375,186.55746425679223,186.2540674567922,0.0,0.0,0.0,0.0,0.22299306243805747,64,6.089197224975224,0,0.0,0.0,0.0,0.29
main,v040,LOLO-nes-f0,secondary,LOLO,nested,0,A,MAPPO|mappo_pool_off_seed13_20260526T162327/mappo_best.pt,MAPPO,13,T,search-only (scenario-variant sweep dir); traced to Table I,1,-621.3969829625597,539.6306299732996,70.23116258926012,0.9101904000000001,10.625,196.35314902886552,196.12560142886548,0.002973240832507433,0.0,0.002973240832507433,0.002973240832507433,0.1110009910802775,48,4.566897918731417,3,1.1705574285483535,1.868016915146271,0.8803462509917791,0.29
main,v040,LOLO-nes-f0,secondary,LOLO,nested,0,A,MAPPO|mappo_pool_off_seed13_20260526T162327/mappo_best.pt,MAPPO,13,T,search-only (scenario-variant sweep dir); traced to Table I,2,-299.543612599873,282.23660081061286,16.231162589260116,0.0758492,1.0,206.5635484304215,206.5445861304215,0.0009910802775024777,0.0,0.0009910802775024777,0.0009910802775024777,0.0019821605550049554,4,0.3805748265609515,1,0.6410387529753372,0.6410387529753372,0.6410387529753372,0.29
main,v040,LOLO-nes-f0,secondary,LOLO,nested,0,A,MAPPO|mappo_pool_off_seed13_20260526T162327/mappo_best.pt,MAPPO,13,T,search-only (scenario-variant sweep dir); traced to Table I,3,-137.66242869830683,137.66242869830683,0.0,0.0,0.0,207.15558665690253,207.15558665690253,0.0,0.0,0.0,0.0,0.0,0,0.0,0,0.0,0.0,0.0,0.29
main,v040,LOLO-nes-f0,secondary,LOLO,nested,0,A,MAPPO|mappo_pool_off_seed13_20260526T162327/mappo_best.pt,MAPPO,13,T,search-only (scenario-variant sweep dir); traced to Table I,4,-758.1430789978616,637.1722618193414,113.46232517852023,0.758492,6.75,192.38522445593264,192.19560145593266,0.004955401387512388,0.0,0.004955401387512388,0.004955401387512388,0.15262636273538158,40,3.8057482656095147,5,1.3772256502778977,1.868016915146271,0.8564155011901349,0.29
main,v040,LOLO-nes-f0,secondary,LOLO,nested,0,A,MAPPO|mappo_pool_off_seed13_20260526T162327/mappo_best.pt,MAPPO,13,T,search-only (scenario-variant sweep dir); traced to Table I,5,-406.2858849602886,386.92547637102854,16.231162589260116,0.37924599999999997,2.75,202.69156908644467,202.59675758644468,0.0009910802775024777,0.0,0.0009910802775024777,0.0009910802775024777,0.05946481665014866,20,1.9028741328047574,1,0.6410387529753372,0.6410387529753372,0.6410387529753372,0.29
main,v040,LOLO-nes-f0,secondary,LOLO,nested,0,A,MAPPO|mappo_pool_off_seed13_20260526T162327/mappo_best.pt,MAPPO,13,T,search-only (scenario-variant sweep dir); traced to Table I,6,-793.2938255546835,706.4134489869033,75.69348776778034,1.0618888,10.125,194.67600861621986,194.41053641621983,0.003964321110009911,0.0,0.003964321110009911,0.003964321110009911,0.13478691774033696,56,5.32804757185332,4,66.20937071345139,262.91436659487954,0.7307790647315029,0.29
main,v040,LOLO-nes-f0,secondary,LOLO,nested,0,A,MAPPO|mappo_pool_off_seed13_20260526T162327/mappo_best.pt,MAPPO,13,T,search-only (scenario-variant sweep dir); traced to Table I,7,-653.8609764246339,621.6291828246339,27.0,0.6067936,4.625,197.70931842120382,197.55762002120383,0.0009910802775024777,0.0,0.0009910802775024777,0.0009910802775024777,0.11892963330029732,32,3.044598612487612,1,1.868016915146271,1.868016915146271,1.0,0.29
main,v040,LOLO-nes-f0,secondary,LOLO,nested,0,A,MAPPO|mappo_pool_off_seed13_20260526T162327/mappo_best.pt,MAPPO,13,T,search-only (scenario-variant sweep dir); traced to Table I,8,-393.67585886410257,372.02752567484237,16.231162589260116,0.41717060000000006,5.0,204.47133396466432,204.36704131466433,0.0009910802775024777,0.0,0.0009910802775024777,0.0009910802775024777,0.028741328047571853,22,2.093161546085233,1,0.6410387529753372,0.6410387529753372,0.6410387529753372,0.29
main,v040,LOLO-nes-f0,secondary,LOLO,nested,0,A,MAPPO|mappo_pool_off_seed13_20260526T162327/mappo_best.pt,MAPPO,13,T,search-only (scenario-variant sweep dir); traced to Table I,9,-161.89663597311326,80.89663597311326,81.0,0.0,0.0,207.42241810816222,207.42241810816222,0.002973240832507433,0.002973240832507433,0.0,0.002973240832507433,0.0,0,0.0,3,141.40880427800485,157.92401471165365,1.0,0.29
main,v040,LOLO-nes-f0,secondary,LOLO,nested,0,A,MAPPO|mappo_pool_off_seed77_20260526T162327/mappo_best.pt,MAPPO,77,T,search-only (scenario-variant sweep dir); traced to Table I,all,-5059.759480872412,4710.374069347592,302.6181381248208,4.8922734000000005,41.875,1998.1942498957346,1996.9711815457347,0.0013875123885034688,0.00029732408325074334,0.0010901883052527254,0.0013875123885034688,0.07641228939544104,258,2.454707631318137,14,31.09431081912887,157.92401471165365,0.8205193764876686,0.29
main,v040,LOLO-nes-f0,secondary,LOLO,nested,0,A,MAPPO|mappo_pool_off_seed77_20260526T162327/mappo_best.pt,MAPPO,77,T,search-only (scenario-variant sweep dir); traced to Table I,0,-942.145876011491,933.822761011491,0.0,0.948115,7.375,187.55964722940166,187.32261847940168,0.0,0.0,0.0,0.0,0.19821605550049554,50,4.757185332011893,0,0.0,0.0,0.0,0.29
main,v040,LOLO-nes-f0,secondary,LOLO,nested,0,A,MAPPO|mappo_pool_off_seed77_20260526T162327/mappo_best.pt,MAPPO,77,T,search-only (scenario-variant sweep dir); traced to Table I,1,-604.0180601781801,541.8466435781801,54.0,0.7964166,7.375,196.5295624530684,196.33045830306838,0.0019821605550049554,0.0,0.0019821605550049554,0.0019821605550049554,0.10307234886025768,42,3.9960356788899905,2,1.4353167663348618,1.868016915146271,1.0,0.29
main,v040,LOLO-nes-f0,secondary,LOLO,nested,0,A,MAPPO|mappo_pool_off_seed77_20260526T162327/mappo_best.pt,MAPPO,77,T,search-only (scenario-variant sweep dir); traced to Table I,2,-299.5780486847108,281.7331122954506,16.231162589260116,0.11377380000000001,1.5,206.50871863742697,206.48027518742697,0.0009910802775024777,0.0,0.0009910802775024777,0.0009910802775024777,0.002973240832507433,6,0.5708622398414271,1,0.6410387529753372,0.6410387529753372,0.6410387529753372,0.29
main,v040,LOLO-nes-f0,secondary,LOLO,nested,0,A,MAPPO|mappo_pool_off_seed77_20260526T162327/mappo_best.pt,MAPPO,77,T,search-only (scenario-variant sweep dir); traced to Table I,3,-137.66242869830683,137.66242869830683,0.0,0.0,0.0,207.15558665690253,207.15558665690253,0.0,0.0,0.0,0.0,0.0,0,0.0,0,0.0,0.0,0.0,0.29
main,v040,LOLO-nes-f0,secondary,LOLO,nested,0,A,MAPPO|mappo_pool_off_seed77_20260526T162327/mappo_best.pt,MAPPO,77,T,search-only (scenario-variant sweep dir); traced to Table I,4,-706.3677414008753,641.097773422355,59.46232517852023,0.6826428,5.125,192.80914277044906,192.63848207044902,0.002973240832507433,0.0,0.002973240832507433,0.002973240832507433,0.14172447968285432,36,3.4251734390485633,3,1.0500314736989818,1.868016915146271,0.7606925019835581,0.29
main,v040,LOLO-nes-f0,secondary,LOLO,nested,0,A,MAPPO|mappo_pool_off_seed77_20260526T162327/mappo_best.pt,MAPPO,77,T,search-only (scenario-variant sweep dir); traced to Table I,5,-391.56838443447,389.76498763447,0.0,0.3033968,1.5,202.94512402688378,202.86927482688375,0.0,0.0,0.0,0.0,0.048562933597621406,16,1.522299306243806,0,0.0,0.0,0.0,0.29
main,v040,LOLO-nes-f0,secondary,LOLO,nested,0,A,MAPPO|mappo_pool_off_seed77_20260526T162327/mappo_best.pt,MAPPO,77,T,search-only (scenario-variant sweep dir); traced to Table I,6,-767.23656229904,707.2311857312595,48.69348776778035,1.0618888000000002,10.25,194.752950904473,194.487478704473,0.002973240832507433,0.0,0.002973240832507433,0.002973240832507433,0.13181367690782952,56,5.32804757185332,3,0.6410387529753372,0.6410387529753372,0.6410387529753372,0.29
main,v040,LOLO-nes-f0,secondary,LOLO,nested,0,A,MAPPO|mappo_pool_off_seed77_20260526T162327/mappo_best.pt,MAPPO,77,T,search-only (scenario-variant sweep dir); traced to Table I,7,-653.4047822778034,621.9229886778035,27.0,0.6067936,3.875,197.79990696527875,197.64820856527874,0.0009910802775024777,0.0,0.0009910802775024777,0.0009910802775024777,0.1159563924677899,32,3.044598612487612,1,1.868016915146271,1.868016915146271,1.0,0.29
main,v040,LOLO-nes-f0,secondary,LOLO,nested,0,A,MAPPO|mappo_pool_off_seed77_20260526T162327/mappo_best.pt,MAPPO,77,T,search-only (scenario-variant sweep dir); traced to Table I,8,-395.8809609144218,374.39555232516165,16.231162589260116,0.37924599999999997,4.875,204.71119214368844,204.61638064368842,0.0009910802775024777,0.0,0.0009910802775024777,0.0009910802775024777,0.02180376610505451,20,1.9028741328047574,1,0.6410387529753372,0.6410387529753372,0.6410387529753372,0.29
main,v040,LOLO-nes-f0,secondary,LOLO,nested,0,A,MAPPO|mappo_pool_off_seed77_20260526T162327/mappo_best.pt,MAPPO,77,T,search-only (scenario-variant sweep dir); traced to Table I,9,-161.89663597311326,80.89663597311326,81.0,0.0,0.0,207.42241810816222,207.42241810816222,0.002973240832507433,0.002973240832507433,0.0,0.002973240832507433,0.0,0,0.0,3,141.40880427800485,157.92401471165365,1.0,0.29
main,v040,LOLO-nes-f0,secondary,LOLO,nested,0,A,"Hysteresis (fixed, t_up=81, b=50 Mbps)|-",Hysteresis (fixed),0,baseline,baseline,all,-5800.398885791431,5002.050449231634,794.599658959797,2.1237776,1.625,2029.753398087812,2029.222453687812,0.0033696729435084244,0.00029732408325074334,0.003072348860257681,0.0033696729435084244,0.07472745292368682,111,1.0560951437066404,34,13.733294519593002,157.92401471165365,0.879019273489997,0.23
main,v040,LOLO-nes-f0,secondary,LOLO,nested,0,A,"Hysteresis (fixed, t_up=81, b=50 Mbps)|-",Hysteresis (fixed),0,baseline,baseline,0,-1144.7291524785335,976.8845649173506,167.2644923611828,0.45509520000000003,0.125,194.0310843115718,193.9173105115718,0.006937561942517344,0.0,0.006937561942517344,0.006937561942517344,0.22497522299306244,23,2.188305252725471,7,1.5165096649196355,1.868016915146271,0.896497582672299,0.23
main,v040,LOLO-nes-f0,secondary,LOLO,nested,0,A,"Hysteresis (fixed, t_up=81, b=50 Mbps)|-",Hysteresis (fixed),0,baseline,baseline,1,-687.9661275799698,574.1245564014496,113.46232517852023,0.379246,0.0,200.4484826448043,200.3536711448043,0.004955401387512388,0.0,0.004955401387512388,0.004955401387512388,0.12586719524281467,20,1.9028741328047574,5,1.2041455907533336,1.868016915146271,0.8564155011901349,0.23
main,v040,LOLO-nes-f0,secondary,LOLO,nested,0,A,"Hysteresis (fixed, t_up=81, b=50 Mbps)|-",Hysteresis (fixed),0,baseline,baseline,2,-284.7778766290005,284.7778766290005,0.0,0.0,0.0,206.7288077925314,206.7288077925314,0.0,0.0,0.0,0.0,0.0,0,0.0,0,0.0,0.0,0.0,0.23
main,v040,LOLO-nes-f0,secondary,LOLO,nested,0,A,"Hysteresis (fixed, t_up=81, b=50 Mbps)|-",Hysteresis (fixed),0,baseline,baseline,3,-137.66242869830683,137.66242869830683,0.0,0.0,0.0,207.15558665690253,207.15558665690253,0.0,0.0,0.0,0.0,0.0,0,0.0,0,0.0,0.0,0.0,0.23
main,v040,LOLO-nes-f0,secondary,LOLO,nested,0,A,"Hysteresis (fixed, t_up=81, b=50 Mbps)|-",Hysteresis (fixed),0,baseline,baseline,4,-868.2170844902769,671.5998946032884,195.57501928698852,0.4171706,0.625,197.2011922087613,197.09689955876132,0.008919722497522299,0.0,0.008919722497522299,0.008919722497522299,0.14866204162537167,22,2.093161546085233,9,1.231473268164745,1.868016915146271,0.8243519232851427,0.23
main,v040,LOLO-nes-f0,secondary,LOLO,nested,0,A,"Hysteresis (fixed, t_up=81, b=50 Mbps)|-",Hysteresis (fixed),0,baseline,baseline,5,-441.4397118852205,425.3305329132979,16.03332977192266,0.0758492,0.0,205.67231401906594,205.65335171906594,0.0009910802775024777,0.0,0.0009910802775024777,0.0009910802775024777,0.018830525272547076,4,0.3805748265609515,1,0.6344443257307553,0.6344443257307553,0.6344443257307553,0.23
main,v040,LOLO-nes-f0,secondary,LOLO,nested,0,A,"Hysteresis (fixed, t_up=81, b=50 Mbps)|-",Hysteresis (fixed),0,baseline,baseline,6,-928.5806158004223,786.9860282392394,140.2644923611828,0.4550952,0.875,202.3535015360382,202.23972773603816,0.005946481665014866,0.0,0.005946481665014866,0.005946481665014866,0.12388503468780972,24,2.2834489593657086,6,1.4579251232151964,1.868016915146271,0.8792471797843487,0.23
main,v040,LOLO-nes-f0,secondary,LOLO,nested,0,A,"Hysteresis (fixed, t_up=81, b=50 Mbps)|-",Hysteresis (fixed),0,baseline,baseline,7,-743.8772672482247,662.5359458482246,81.0,0.3413214,0.0,202.09863943777026,202.0133090877703,0.002973240832507433,0.0,0.002973240832507433,0.002973240832507433,0.10505450941526263,18,1.7125867195242817,3,1.8680169151462713,1.868016915146271,1.0,0.23
main,v040,LOLO-nes-f0,secondary,LOLO,nested,0,A,"Hysteresis (fixed, t_up=81, b=50 Mbps)|-",Hysteresis (fixed),0,baseline,baseline,8,-401.25198500836296,401.25198500836296,0.0,0.0,0.0,206.6413713722042,206.6413713722042,0.0,0.0,0.0,0.0,0.0,0,0.0,0,0.0,0.0,0.0,0.23
main,v040,LOLO-nes-f0,secondary,LOLO,nested,0,A,"Hysteresis (fixed, t_up=81, b=50 Mbps)|-",Hysteresis (fixed),0,baseline,baseline,9,-161.89663597311326,80.89663597311326,81.0,0.0,0.0,207.42241810816222,207.42241810816222,0.002973240832507433,0.002973240832507433,0.0,0.002973240832507433,0.0,0,0.0,3,141.40880427800485,157.92401471165365,1.0,0.23
main,v040,LOLO-nes-f0,secondary,LOLO,nested,0,A,Always-DPDK|-,Always-DPDK,0,baseline,baseline,all,-6281.958459241055,6200.958459241055,81.0,0.0,0.0,2067.385386105829,2067.385386105829,0.00029732408325074334,0.00029732408325074334,0.0,0.00029732408325074334,0.0,0,0.0,3,141.40880427800485,157.92401471165365,1.0,0.22
main,v040,LOLO-nes-f0,secondary,LOLO,nested,0,A,Always-DPDK|-,Always-DPDK,0,baseline,baseline,0,-1319.868036520481,1319.868036520481,0.0,0.0,0.0,206.51618097686648,206.51618097686648,0.0,0.0,0.0,0.0,0.0,0,0.0,0,0.0,0.0,0.0,0.22
main,v040,LOLO-nes-f0,secondary,LOLO,nested,0,A,Always-DPDK|-,Always-DPDK,0,baseline,baseline,1,-867.5973344368833,867.5973344368833,0.0,0.0,0.0,206.60251259888184,206.60251259888184,0.0,0.0,0.0,0.0,0.0,0,0.0,0,0.0,0.0,0.0,0.22
main,v040,LOLO-nes-f0,secondary,LOLO,nested,0,A,Always-DPDK|-,Always-DPDK,0,baseline,baseline,2,-284.7778766290005,284.7778766290005,0.0,0.0,0.0,206.7288077925314,206.7288077925314,0.0,0.0,0.0,0.0,0.0,0,0.0,0,0.0,0.0,0.0,0.22
main,v040,LOLO-nes-f0,secondary,LOLO,nested,0,A,Always-DPDK|-,Always-DPDK,0,baseline,baseline,3,-137.66242869830683,137.66242869830683,0.0,0.0,0.0,207.15558665690253,207.15558665690253,0.0,0.0,0.0,0.0,0.0,0,0.0,0,0.0,0.0,0.0,0.22
main,v040,LOLO-nes-f0,secondary,LOLO,nested,0,A,Always-DPDK|-,Always-DPDK,0,baseline,baseline,4,-954.7577229249932,954.7577229249932,0.0,0.0,0.0,206.55995654413678,206.55995654413678,0.0,0.0,0.0,0.0,0.0,0,0.0,0,0.0,0.0,0.0,0.22
main,v040,LOLO-nes-f0,secondary,LOLO,nested,0,A,Always-DPDK|-,Always-DPDK,0,baseline,baseline,5,-442.5363323620205,442.5363323620205,0.0,0.0,0.0,206.64624420771796,206.64624420771796,0.0,0.0,0.0,0.0,0.0,0,0.0,0,0.0,0.0,0.0,0.22
main,v040,LOLO-nes-f0,secondary,LOLO,nested,0,A,Always-DPDK|-,Always-DPDK,0,baseline,baseline,6,-954.9025884800039,954.9025884800039,0.0,0.0,0.0,206.55411522813807,206.55411522813807,0.0,0.0,0.0,0.0,0.0,0,0.0,0,0.0,0.0,0.0,0.22
main,v040,LOLO-nes-f0,secondary,LOLO,nested,0,A,Always-DPDK|-,Always-DPDK,0,baseline,baseline,7,-756.7075182078895,756.7075182078895,0.0,0.0,0.0,206.55819262028785,206.55819262028785,0.0,0.0,0.0,0.0,0.0,0,0.0,0,0.0,0.0,0.0,0.22
main,v040,LOLO-nes-f0,secondary,LOLO,nested,0,A,Always-DPDK|-,Always-DPDK,0,baseline,baseline,8,-401.25198500836296,401.25198500836296,0.0,0.0,0.0,206.6413713722042,206.6413713722042,0.0,0.0,0.0,0.0,0.0,0,0.0,0,0.0,0.0,0.0,0.22
main,v040,LOLO-nes-f0,secondary,LOLO,nested,0,A,Always-DPDK|-,Always-DPDK,0,baseline,baseline,9,-161.89663597311326,80.89663597311326,81.0,0.0,0.0,207.42241810816222,207.42241810816222,0.002973240832507433,0.002973240832507433,0.0,0.002973240832507433,0.0,0,0.0,3,141.40880427800485,157.92401471165365,1.0,0.22
main,v040,LOLO-nes-f0,secondary,LOLO,nested,0,A,Always-USR|-,Always-USR (supplementary),0,baseline,baseline,all,-182850.61322668195,8642.57184124191,174208.04117944004,0.000206,0.0,5643.011541202047,5643.011489702047,0.7025768087215064,0.4401387512388503,0.7025768087215064,0.7025768087215064,1.0,0,0.0,7089,2615.3599090083435,166784.2994385597,0.9191472289436218,0.23
main,v040,LOLO-nes-f0,secondary,LOLO,nested,0,A,Always-USR|-,Always-USR (supplementary),0,baseline,baseline,0,-6238.936224177984,1234.279221856737,5004.656981721246,2.06e-05,0.0,309.32810846546096,309.32810331546096,0.21704658077304262,0.014866204162537165,0.21704658077304262,0.21704658077304262,1.0,0,0.0,219,10.870657141034318,298.66350073587404,0.861743832834284,0.23
main,v040,LOLO-nes-f0,secondary,LOLO,nested,0,A,Always-USR|-,Always-USR (supplementary),0,baseline,baseline,1,-17781.030028604735,972.2870864758213,16808.74292152891,2.06e-05,0.0,530.3877809790929,530.3877758290929,0.707631318136769,0.34985133795837464,0.707631318136769,0.707631318136769,1.0,0,0.0,714,230.11928417453754,3190.2962989126227,0.8847218917613869,0.23
main,v040,LOLO-nes-f0,secondary,LOLO,nested,0,A,Always-USR|-,Always-USR (supplementary),0,baseline,baseline,2,-23363.50493301625,753.5824692556587,22609.92244316059,2.06e-05,0.0,692.8449868903873,692.8449817403873,0.8870168483647175,0.6570862239841427,0.8870168483647175,0.8870168483647175,1.0,0,0.0,895,615.5967711942632,9738.98905974811,0.9420827725571913,0.23
main,v040,LOLO-nes-f0,secondary,LOLO,nested,0,A,Always-USR|-,Always-USR (supplementary),0,baseline,baseline,3,-26424.261886040164,459.5791591079751,25964.68270633219,2.06e-05,0.0,767.8528653134381,767.852860163438,0.9732408325074331,0.8969276511397423,0.9732408325074331,0.9732408325074331,1.0,0,0.0,982,3010.395226849486,162722.1182125679,0.9813537917967478,0.23
main,v040,LOLO-nes-f0,secondary,LOLO,nested,0,A,Always-USR|-,Always-USR (supplementary),0,baseline,baseline,4,-14304.977969158059,1062.6240368199258,13242.353911738132,2.06e-05,0.0,447.34625229851827,447.3462471485182,0.5906838453914767,0.18434093161546086,0.5906838453914767,0.5906838453914767,1.0,0,0.0,596,60.06778723403528,3190.2962989126227,0.8406238205670097,0.23
main,v040,LOLO-nes-f0,secondary,LOLO,nested,0,A,Always-USR|-,Always-USR (supplementary),0,baseline,baseline,5,-20987.4036083119,855.0444514152774,20132.35913629662,2.06e-05,0.0,625.0084586699217,625.0084535199217,0.8136769078295342,0.5381565906838454,0.8136769078295342,0.8136769078295342,1.0,0,0.0,821,311.32897270122925,3244.4431967128576,0.917391763552441,0.23
main,v040,LOLO-nes-f0,secondary,LOLO,nested,0,A,Always-USR|-,Always-USR (supplementary),0,baseline,baseline,6,-11840.095885369574,1101.7288745300755,10738.366990239498,2.06e-05,0.0,419.20624905027455,419.20624390027456,0.4618434093161546,0.14767096134786917,0.4618434093161546,0.4618434093161546,1.0,0,0.0,466,114.32911590628505,2273.185268772556,0.8681235329212801,0.23
main,v040,LOLO-nes-f0,secondary,LOLO,nested,0,A,Always-USR|-,Always-USR (supplementary),0,baseline,baseline,7,-13648.127519469384,1066.391782337333,12581.735716532054,2.06e-05,0.0,443.81424940121815,443.81424425121816,0.5639246778989098,0.12685827552031714,0.5639246778989098,0.5639246778989098,1.0,0,0.0,569,34.51666584017272,2273.185268772556,0.8370671187189253,0.23
main,v040,LOLO-nes-f0,secondary,LOLO,nested,0,A,Always-USR|-,Always-USR (supplementary),0,baseline,baseline,8,-21139.290188157654,852.9723904201296,20286.317777137527,2.06e-05,0.0,630.099114102528,630.099108952528,0.8146679881070367,0.5282457879088206,0.8146679881070367,0.8146679881070367,1.0,0,0.0,822,300.52003838019635,10940.541186886914,0.9226406235659986,0.23
main,v040,LOLO-nes-f0,secondary,LOLO,nested,0,A,Always-USR|-,Always-USR (supplementary),0,baseline,baseline,9,-27122.984984376264,284.082369022977,26838.902594753286,2.06e-05,0.0,777.1234760312066,777.1234708812065,0.9960356788899901,0.9573835480673935,0.9960356788899901,0.9960356788899901,1.0,0,0.0,1005,14184.16618801739,166784.2994385597,0.9901791905390807,0.23
main,v040,LOLO-nes-f0,secondary,LOLO,nested,0,A,MAPPO|mappo_seed13_20260516T092252/mappo_best.pt,MAPPO,13,L,"May 2026, pre-781c90c reward",all,-5118.505683430453,4719.313260116372,345.8493007140809,4.9681226,48.375,1998.8635704254852,1997.6215397754854,0.0015857284440039642,0.00029732408325074334,0.001288404360753221,0.0015857284440039642,0.0755203171456888,262,2.492765113974232,16,27.36433794599536,157.92401471165365,0.8205193764876686,0.25
main,v040,LOLO-nes-f0,secondary,LOLO,nested,0,A,MAPPO|mappo_seed13_20260516T092252/mappo_best.pt,MAPPO,13,L,"May 2026, pre-781c90c reward",0,-944.2846522000377,932.3477634000376,0.0,1.0618888000000002,10.875,187.32607224200652,187.06060004200654,0.0,0.0,0.0,0.0,0.2051536174430129,56,5.32804757185332,0,0.0,0.0,0.0,0.25
main,v040,LOLO-nes-f0,secondary,LOLO,nested,0,A,MAPPO|mappo_seed13_20260516T092252/mappo_best.pt,MAPPO,13,L,"May 2026, pre-781c90c reward",1,-622.5856483034497,541.7322199141896,70.23116258926012,0.8722658000000001,9.75,196.63416441556967,196.41609796556966,0.002973240832507433,0.0,0.002973240832507433,0.002973240832507433,0.11000991080277503,46,4.376610505450942,3,1.1705574285483535,1.868016915146271,0.8803462509917791,0.25
main,v040,LOLO-nes-f0,secondary,LOLO,nested,0,A,MAPPO|mappo_seed13_20260516T092252/mappo_best.pt,MAPPO,13,L,"May 2026, pre-781c90c reward",2,-299.543612599873,282.23660081061286,16.231162589260116,0.0758492,1.0,206.5635484304215,206.5445861304215,0.0009910802775024777,0.0,0.0009910802775024777,0.0009910802775024777,0.0019821605550049554,4,0.3805748265609515,1,0.6410387529753372,0.6410387529753372,0.6410387529753372,0.25
main,v040,LOLO-nes-f0,secondary,LOLO,nested,0,A,MAPPO|mappo_seed13_20260516T092252/mappo_best.pt,MAPPO,13,L,"May 2026, pre-781c90c reward",3,-137.66242869830683,137.66242869830683,0.0,0.0,0.0,207.15558665690253,207.15558665690253,0.0,0.0,0.0,0.0,0.0,0,0.0,0,0.0,0.0,0.0,0.25
main,v040,LOLO-nes-f0,secondary,LOLO,nested,0,A,MAPPO|mappo_seed13_20260516T092252/mappo_best.pt,MAPPO,13,L,"May 2026, pre-781c90c reward",4,-733.170044337261,639.0742271587408,86.46232517852023,0.7584919999999999,6.875,192.55085614465315,192.36123314465317,0.003964321110009911,0.0,0.003964321110009911,0.003964321110009911,0.14370664023785926,40,3.8057482656095147,4,1.2545278340608041,1.868016915146271,0.8205193764876686,0.25
main,v040,LOLO-nes-f0,secondary,LOLO,nested,0,A,MAPPO|mappo_seed13_20260516T092252/mappo_best.pt,MAPPO,13,L,"May 2026, pre-781c90c reward",5,-391.6615629433314,389.48316614333135,0.0,0.3033968,1.875,202.90299895247335,202.82714975247333,0.0,0.0,0.0,0.0,0.04757185332011893,16,1.522299306243806,0,0.0,0.0,0.0,0.25
main,v040,LOLO-nes-f0,secondary,LOLO,nested,0,A,MAPPO|mappo_seed13_20260516T092252/mappo_best.pt,MAPPO,13,L,"May 2026, pre-781c90c reward",6,-775.5085550549957,714.6661030872153,48.69348776778035,1.0239642,11.125,195.4091663996358,195.15317534963577,0.002973240832507433,0.0,0.002973240832507433,0.002973240832507433,0.11793855302279485,54,5.137760158572845,3,0.6410387529753372,0.6410387529753372,0.6410387529753372,0.25
main,v040,LOLO-nes-f0,secondary,LOLO,nested,0,A,MAPPO|mappo_seed13_20260516T092252/mappo_best.pt,MAPPO,13,L,"May 2026, pre-781c90c reward",7,-655.4261869824344,624.6452425824344,27.0,0.5309444000000001,3.25,198.03405302970856,197.90131692970857,0.0009910802775024777,0.0,0.0009910802775024777,0.0009910802775024777,0.10703666997026759,28,2.66402378592666,1,1.868016915146271,1.868016915146271,1.0,0.25
main,v040,LOLO-nes-f0,secondary,LOLO,nested,0,A,MAPPO|mappo_seed13_20260516T092252/mappo_best.pt,MAPPO,13,L,"May 2026, pre-781c90c reward",8,-396.7663563376499,376.56887234838973,16.231162589260116,0.3413214,3.625,204.8647060459523,204.7793756959523,0.0009910802775024777,0.0,0.0009910802775024777,0.0009910802775024777,0.02180376610505451,18,1.7125867195242817,1,0.6410387529753372,0.6410387529753372,0.6410387529753372,0.25
main,v040,LOLO-nes-f0,secondary,LOLO,nested,0,A,MAPPO|mappo_seed13_20260516T092252/mappo_best.pt,MAPPO,13,L,"May 2026, pre-781c90c reward",9,-161.89663597311326,80.89663597311326,81.0,0.0,0.0,207.42241810816222,207.42241810816222,0.002973240832507433,0.002973240832507433,0.0,0.002973240832507433,0.0,0,0.0,3,141.40880427800485,157.92401471165365,1.0,0.25
main,v040,LOLO-nes-f0,secondary,LOLO,nested,0,A,MAPPO|mappo_seed42_20260516T081859/mappo_best.pt,MAPPO,42,L,"May 2026, pre-781c90c reward",all,-5087.634448070163,4703.8585643453425,329.6181381248208,5.1577456,49.0,1997.634169475576,1996.3447330755762,0.0014866204162537165,0.00029732408325074334,0.0011892963330029733,0.0014866204162537165,0.07948463825569871,272,2.58790882061447,15,29.14589122553003,157.92401471165365,0.8324847513884907,0.25
main,v040,LOLO-nes-f0,secondary,LOLO,nested,0,A,MAPPO|mappo_seed42_20260516T081859/mappo_best.pt,MAPPO,42,L,"May 2026, pre-781c90c reward",0,-941.7785738149908,930.8416850149908,0.0,1.0618888000000002,9.875,187.2591564873259,186.9936842873259,0.0,0.0,0.0,0.0,0.21010901883052527,56,5.32804757185332,0,0.0,0.0,0.0,0.25
main,v040,LOLO-nes-f0,secondary,LOLO,nested,0,A,MAPPO|mappo_seed42_20260516T081859/mappo_best.pt,MAPPO,42,L,"May 2026, pre-781c90c reward",1,-618.3341272144723,538.6436234252124,70.23116258926012,0.8343412000000001,8.625,196.24926254335543,196.04067724335545,0.002973240832507433,0.0,0.002973240832507433,0.002973240832507433,0.11397423191278494,44,4.186323092170466,3,1.1705574285483535,1.868016915146271,0.8803462509917791,0.25
main,v040,LOLO-nes-f0,secondary,LOLO,nested,0,A,MAPPO|mappo_seed42_20260516T081859/mappo_best.pt,MAPPO,42,L,"May 2026, pre-781c90c reward",2,-299.543612599873,282.23660081061286,16.231162589260116,0.0758492,1.0,206.5635484304215,206.5445861304215,0.0009910802775024777,0.0,0.0009910802775024777,0.0009910802775024777,0.0019821605550049554,4,0.3805748265609515,1,0.6410387529753372,0.6410387529753372,0.6410387529753372,0.25
main,v040,LOLO-nes-f0,secondary,LOLO,nested,0,A,MAPPO|mappo_seed42_20260516T081859/mappo_best.pt,MAPPO,42,L,"May 2026, pre-781c90c reward",3,-137.66242869830683,137.66242869830683,0.0,0.0,0.0,207.15558665690253,207.15558665690253,0.0,0.0,0.0,0.0,0.0,0,0.0,0,0.0,0.0,0.0,0.25
main,v040,LOLO-nes-f0,secondary,LOLO,nested,0,A,MAPPO|mappo_seed42_20260516T081859/mappo_best.pt,MAPPO,42,L,"May 2026, pre-781c90c reward",4,-732.426854615619,638.456037437099,86.46232517852023,0.7584919999999999,6.75,192.56161261741147,192.3719896174115,0.003964321110009911,0.0,0.003964321110009911,0.003964321110009911,0.14767096134786917,40,3.8057482656095147,4,1.2545278340608041,1.868016915146271,0.8205193764876686,0.25
main,v040,LOLO-nes-f0,secondary,LOLO,nested,0,A,MAPPO|mappo_seed42_20260516T081859/mappo_best.pt,MAPPO,42,L,"May 2026, pre-781c90c reward",5,-392.5938047822262,389.4645587822262,0.0,0.379246,2.75,202.94180091029847,202.84698941029848,0.0,0.0,0.0,0.0,0.05054509415262636,20,1.9028741328047574,0,0.0,0.0,0.0,0.25
main,v040,LOLO-nes-f0,secondary,LOLO,nested,0,A,MAPPO|mappo_seed42_20260516T081859/mappo_best.pt,MAPPO,42,L,"May 2026, pre-781c90c reward",6,-781.1994343600693,709.137295781549,59.46232517852023,1.0998134,11.5,194.93845244496396,194.66349909496395,0.002973240832507433,0.0,0.002973240832507433,0.002973240832507433,0.13082259663032705,58,5.518334985133796,3,1.0500314736989818,1.868016915146271,0.7606925019835581,0.25
main,v040,LOLO-nes-f0,secondary,LOLO,nested,0,A,MAPPO|mappo_seed42_20260516T081859/mappo_best.pt,MAPPO,42,L,"May 2026, pre-781c90c reward",7,-627.3966975984665,622.7028285984666,0.0,0.5688690000000001,4.125,197.8453792639476,197.70316201394758,0.0,0.0,0.0,0.0,0.11298315163528246,30,2.8543111992071357,0,0.0,0.0,0.0,0.25
main,v040,LOLO-nes-f0,secondary,LOLO,nested,0,A,MAPPO|mappo_seed42_20260516T081859/mappo_best.pt,MAPPO,42,L,"May 2026, pre-781c90c reward",8,-394.8022784130261,373.81686982376596,16.231162589260116,0.37924599999999997,4.375,204.69695201278728,204.6021405127873,0.0009910802775024777,0.0,0.0009910802775024777,0.0009910802775024777,0.026759167492566897,20,1.9028741328047574,1,0.6410387529753372,0.6410387529753372,0.6410387529753372,0.25
main,v040,LOLO-nes-f0,secondary,LOLO,nested,0,A,MAPPO|mappo_seed42_20260516T081859/mappo_best.pt,MAPPO,42,L,"May 2026, pre-781c90c reward",9,-161.89663597311326,80.89663597311326,81.0,0.0,0.0,207.42241810816222,207.42241810816222,0.002973240832507433,0.002973240832507433,0.0,0.002973240832507433,0.0,0,0.0,3,141.40880427800485,157.92401471165365,1.0,0.25
main,v040,LOLO-nes-f0,secondary,LOLO,nested,0,A,MAPPO|mappo_seed42_20260517T003433/mappo_best.pt,MAPPO,42,L,"May 2026, pre-781c90c reward",all,-5035.667537591193,4732.392534655632,259.3869755355607,4.5130274,39.375,2000.397808376671,1999.2695515266712,0.0011892963330029733,0.00029732408325074334,0.00089197224975223,0.0011892963330029733,0.07234886025768088,238,2.264420218037661,12,36.06760798330688,157.92401471165365,0.8205193764876686,0.25
main,v040,LOLO-nes-f0,secondary,LOLO,nested,0,A,MAPPO|mappo_seed42_20260517T003433/mappo_best.pt,MAPPO,42,L,"May 2026, pre-781c90c reward",0,-945.501093320308,937.3409029203078,0.0,0.9101904000000001,7.25,187.9075809639118,187.68003336391183,0.0,0.0,0.0,0.0,0.19127849355797819,48,4.566897918731417,0,0.0,0.0,0.0,0.25
main,v040,LOLO-nes-f0,secondary,LOLO,nested,0,A,MAPPO|mappo_seed42_20260517T003433/mappo_best.pt,MAPPO,42,L,"May 2026, pre-781c90c reward",1,-607.0504064365716,545.0419144365717,54.0,0.7584919999999999,7.25,196.8917262233564,196.70210322335637,0.0019821605550049554,0.0,0.0019821605550049554,0.0019821605550049554,0.09910802775024777,40,3.8057482656095147,2,1.4353167663348618,1.868016915146271,1.0,0.25
main,v040,LOLO-nes-f0,secondary,LOLO,nested,0,A,MAPPO|mappo_seed42_20260517T003433/mappo_best.pt,MAPPO,42,L,"May 2026, pre-781c90c reward",2,-299.8639040419158,283.09481685265564,16.231162589260116,0.0379246,0.5,206.61988064924452,206.61039949924452,0.0009910802775024777,0.0,0.0009910802775024777,0.0009910802775024777,0.0009910802775024777,2,0.19028741328047574,1,0.6410387529753372,0.6410387529753372,0.6410387529753372,0.25
main,v040,LOLO-nes-f0,secondary,LOLO,nested,0,A,MAPPO|mappo_seed42_20260517T003433/mappo_best.pt,MAPPO,42,L,"May 2026, pre-781c90c reward",3,-137.66242869830683,137.66242869830683,0.0,0.0,0.0,207.15558665690253,207.15558665690253,0.0,0.0,0.0,0.0,0.0,0,0.0,0,0.0,0.0,0.0,0.25
main,v040,LOLO-nes-f0,secondary,LOLO,nested,0,A,MAPPO|mappo_seed42_20260517T003433/mappo_best.pt,MAPPO,42,L,"May 2026, pre-781c90c reward",4,-706.5996665512556,641.8676231727354,59.46232517852023,0.6447182,4.625,192.83133091340522,192.67015136340524,0.002973240832507433,0.0,0.002973240832507433,0.002973240832507433,0.14172447968285432,34,3.2348860257680876,3,1.0500314736989818,1.868016915146271,0.7606925019835581,0.25
main,v040,LOLO-nes-f0,secondary,LOLO,nested,0,A,MAPPO|mappo_seed42_20260517T003433/mappo_best.pt,MAPPO,42,L,"May 2026, pre-781c90c reward",5,-391.52102964031826,391.3314066403183,0.0,0.189623,0.0,203.06974832332628,203.02234257332628,0.0,0.0,0.0,0.0,0.044598612487611496,10,0.9514370664023787,0,0.0,0.0,0.0,0.25
main,v040,LOLO-nes-f0,secondary,LOLO,nested,0,A,MAPPO|mappo_seed42_20260517T003433/mappo_best.pt,MAPPO,42,L,"May 2026, pre-781c90c reward",6,-758.3801260722795,713.1059120937592,32.46232517852023,1.0618888,11.75,195.42841777211743,195.1629455721174,0.0019821605550049554,0.0,0.0019821605550049554,0.0019821605550049554,0.1199207135777998,56,5.32804757185332,2,0.6410387529753372,0.6410387529753372,0.6410387529753372,0.25
main,v040,LOLO-nes-f0,secondary,LOLO,nested,0,A,MAPPO|mappo_seed42_20260517T003433/mappo_best.pt,MAPPO,42,L,"May 2026, pre-781c90c reward",7,-627.9459010431215,623.7520320431215,0.0,0.5688690000000001,3.625,197.98780620466323,197.84558895466324,0.0,0.0,0.0,0.0,0.10901883052527254,30,2.8543111992071357,0,0.0,0.0,0.0,0.25
main,v040,LOLO-nes-f0,secondary,LOLO,nested,0,A,MAPPO|mappo_seed42_20260517T003433/mappo_best.pt,MAPPO,42,L,"May 2026, pre-781c90c reward",8,-399.24634581400244,378.2988618247423,16.231162589260116,0.3413214,4.375,205.0833125615817,204.99798221158167,0.0009910802775024777,0.0,0.0009910802775024777,0.0009910802775024777,0.01684836471754212,18,1.7125867195242817,1,0.6410387529753372,0.6410387529753372,0.6410387529753372,0.25
main,v040,LOLO-nes-f0,secondary,LOLO,nested,0,A,MAPPO|mappo_seed42_20260517T003433/mappo_best.pt,MAPPO,42,L,"May 2026, pre-781c90c reward",9,-161.89663597311326,80.89663597311326,81.0,0.0,0.0,207.42241810816222,207.42241810816222,0.002973240832507433,0.002973240832507433,0.0,0.002973240832507433,0.0,0,0.0,3,141.40880427800485,157.92401471165365,1.0,0.25
main,v040,LOLO-nes-f0,secondary,LOLO,nested,0,A,MAPPO|mappo_seed42_20260526T143428/mappo_best.pt,MAPPO,42,L,"May 2026, pre-781c90c reward",all,-5171.495461954595,4711.397725251254,416.08046330334105,4.8922734000000005,39.125,1997.9714918284749,1996.748423478475,0.0018830525272547076,0.00029732408325074334,0.0015857284440039642,0.0018830525272547076,0.08225966303270565,258,2.454707631318137,19,23.274025248378617,157.92401471165365,0.8299657250935808,0.25
main,v040,LOLO-nes-f0,secondary,LOLO,nested,0,A,MAPPO|mappo_seed42_20260526T143428/mappo_best.pt,MAPPO,42,L,"May 2026, pre-781c90c reward",0,-971.5990421043078,935.6621533043079,27.0,1.0618888000000002,7.875,187.56604787278377,187.30057567278376,0.0009910802775024777,0.0,0.0009910802775024777,0.0009910802775024777,0.21704658077304262,56,5.32804757185332,1,1.868016915146271,1.868016915146271,1.0,0.25
main,v040,LOLO-nes-f0,secondary,LOLO,nested,0,A,MAPPO|mappo_seed42_20260526T143428/mappo_best.pt,MAPPO,42,L,"May 2026, pre-781c90c reward",1,-617.534824994432,541.583095005172,70.23116258926012,0.7205674000000001,5.0,196.64400735106295,196.46386550106294,0.002973240832507433,0.0,0.002973240832507433,0.002973240832507433,0.1199207135777998,38,3.615460852329039,3,1.1705574285483535,1.868016915146271,0.8803462509917791,0.25
main,v040,LOLO-nes-f0,secondary,LOLO,nested,0,A,MAPPO|mappo_seed42_20260526T143428/mappo_best.pt,MAPPO,42,L,"May 2026, pre-781c90c reward",2,-299.543612599873,282.23660081061286,16.231162589260116,0.0758492,1.0,206.5635484304215,206.5445861304215,0.0009910802775024777,0.0,0.0009910802775024777,0.0009910802775024777,0.0019821605550049554,4,0.3805748265609515,1,0.6410387529753372,0.6410387529753372,0.6410387529753372,0.25
main,v040,LOLO-nes-f0,secondary,LOLO,nested,0,A,MAPPO|mappo_seed42_20260526T143428/mappo_best.pt,MAPPO,42,L,"May 2026, pre-781c90c reward",3,-137.66242869830683,137.66242869830683,0.0,0.0,0.0,207.15558665690253,207.15558665690253,0.0,0.0,0.0,0.0,0.0,0,0.0,0,0.0,0.0,0.0,0.25
main,v040,LOLO-nes-f0,secondary,LOLO,nested,0,A,MAPPO|mappo_seed42_20260526T143428/mappo_best.pt,MAPPO,42,L,"May 2026, pre-781c90c reward",4,-757.7047768999773,638.5598089214571,113.46232517852023,0.6826428,5.0,192.5826204682263,192.41195976822632,0.004955401387512388,0.0,0.004955401387512388,0.004955401387512388,0.15460852329038652,36,3.4251734390485633,5,1.3772256502778977,1.868016915146271,0.8564155011901349,0.25
main,v040,LOLO-nes-f0,secondary,LOLO,nested,0,A,MAPPO|mappo_seed42_20260526T143428/mappo_best.pt,MAPPO,42,L,"May 2026, pre-781c90c reward",5,-407.4842571652482,387.74884857598806,16.231162589260116,0.3792460000000001,3.125,202.74625142077923,202.65143992077924,0.0009910802775024777,0.0,0.0009910802775024777,0.0009910802775024777,0.053518334985133795,20,1.9028741328047574,1,0.6410387529753372,0.6410387529753372,0.6410387529753372,0.25
main,v040,LOLO-nes-f0,secondary,LOLO,nested,0,A,MAPPO|mappo_seed42_20260526T143428/mappo_best.pt,MAPPO,42,L,"May 2026, pre-781c90c reward",6,-769.6059730257057,711.5514456579253,48.69348776778035,0.9860396,8.375,195.06612615231847,194.81961625231844,0.002973240832507433,0.0,0.002973240832507433,0.002973240832507433,0.13280475718533202,52,4.947472745292369,3,0.6410387529753372,0.6410387529753372,0.6410387529753372,0.25
main,v040,LOLO-nes-f0,secondary,LOLO,nested,0,A,MAPPO|mappo_seed42_20260526T143428/mappo_best.pt,MAPPO,42,L,"May 2026, pre-781c90c reward",7,-654.0536844678078,622.1098154678077,27.0,0.5688690000000001,4.375,197.7332953247125,197.59107807471247,0.0009910802775024777,0.0,0.0009910802775024777,0.0009910802775024777,0.11496531219028741,30,2.8543111992071357,1,1.868016915146271,1.868016915146271,1.0,0.25
main,v040,LOLO-nes-f0,secondary,LOLO,nested,0,A,MAPPO|mappo_seed42_20260526T143428/mappo_best.pt,MAPPO,42,L,"May 2026, pre-781c90c reward",8,-394.4102260258227,373.38689283656254,16.231162589260116,0.4171706,4.375,204.4915900431056,204.3872973931056,0.0009910802775024777,0.0,0.0009910802775024777,0.0009910802775024777,0.027750247770069375,22,2.093161546085233,1,0.6410387529753372,0.6410387529753372,0.6410387529753372,0.25
main,v040,LOLO-nes-f0,secondary,LOLO,nested,0,A,MAPPO|mappo_seed42_20260526T143428/mappo_best.pt,MAPPO,42,L,"May 2026, pre-781c90c reward",9,-161.89663597311326,80.89663597311326,81.0,0.0,0.0,207.42241810816222,207.42241810816222,0.002973240832507433,0.002973240832507433,0.0,0.002973240832507433,0.0,0,0.0,3,141.40880427800485,157.92401471165365,1.0,0.25
main,v040,LOLO-nes-f0,secondary,LOLO,nested,0,A,MAPPO|mappo_seed99_20260516T092254/mappo_best.pt,MAPPO,99,L,"May 2026, pre-781c90c reward",all,-5150.818021426561,4705.04911790174,383.6181381248208,5.650765400000001,56.5,1997.552016279104,1996.139324929104,0.0016848364717542122,0.00029732408325074334,0.0013875123885034688,0.0016848364717542122,0.07700693756194252,298,2.8352824578790883,17,41.2128686440792,262.91436659487954,0.8521924276957271,0.25
main,v040,LOLO-nes-f0,secondary,LOLO,nested,0,A,MAPPO|mappo_seed99_20260516T092254/mappo_best.pt,MAPPO,99,L,"May 2026, pre-781c90c reward",0,-941.8919524252971,929.341289825297,0.0,1.1756626,11.375,187.11129413830525,186.81737848830528,0.0,0.0,0.0,0.0,0.2091179385530228,62,5.898909811694748,0,0.0,0.0,0.0,0.25
main,v040,LOLO-nes-f0,secondary,LOLO,nested,0,A,MAPPO|mappo_seed99_20260516T092254/mappo_best.pt,MAPPO,99,L,"May 2026, pre-781c90c reward",1,-604.7213397595511,540.8490739595511,54.0,0.8722658000000001,9.0,196.45558217195907,196.23751572195908,0.0019821605550049554,0.0,0.0019821605550049554,0.0019821605550049554,0.10604558969276512,46,4.376610505450942,2,1.4353167663348618,1.868016915146271,1.0,0.25
main,v040,LOLO-nes-f0,secondary,LOLO,nested,0,A,MAPPO|mappo_seed99_20260516T092254/mappo_best.pt,MAPPO,99,L,"May 2026, pre-781c90c reward",2,-326.4997031861426,280.5789175968825,43.231162589260116,0.189623,2.5,206.41355545818325,206.36614970818326,0.0019821605550049554,0.0,0.0019821605550049554,0.0019821605550049554,0.004955401387512388,10,0.9514370664023787,2,0.9165315981533364,1.1920244433313356,0.8205193764876686,0.25
main,v040,LOLO-nes-f0,secondary,LOLO,nested,0,A,MAPPO|mappo_seed99_20260516T092254/mappo_best.pt,MAPPO,99,L,"May 2026, pre-781c90c reward",3,-137.66242869830683,137.66242869830683,0.0,0.0,0.0,207.15558665690253,207.15558665690253,0.0,0.0,0.0,0.0,0.0,0,0.0,0,0.0,0.0,0.0,0.25
main,v040,LOLO-nes-f0,secondary,LOLO,nested,0,A,MAPPO|mappo_seed99_20260516T092254/mappo_best.pt,MAPPO,99,L,"May 2026, pre-781c90c reward",4,-733.3666579966492,638.732916218129,86.46232517852023,0.7964166,7.375,192.56965112198054,192.37054697198056,0.003964321110009911,0.0,0.003964321110009911,0.003964321110009911,0.14271555996035679,42,3.9960356788899905,4,1.2545278340608041,1.868016915146271,0.8205193764876686,0.25
main,v040,LOLO-nes-f0,secondary,LOLO,nested,0,A,MAPPO|mappo_seed99_20260516T092254/mappo_best.pt,MAPPO,99,L,"May 2026, pre-781c90c reward",5,-390.22475220825504,387.88343080825507,0.0,0.3413214,2.0,202.75685552977035,202.67152517977036,0.0,0.0,0.0,0.0,0.05153617443012884,18,1.7125867195242817,0,0.0,0.0,0.0,0.25
main,v040,LOLO-nes-f0,secondary,LOLO,nested,0,A,MAPPO|mappo_seed99_20260516T092254/mappo_best.pt,MAPPO,99,L,"May 2026, pre-781c90c reward",6,-801.4588015074214,711.464651139641,75.69348776778034,1.1756626,13.125,195.1713071615133,194.87739151151328,0.003964321110009911,0.0,0.003964321110009911,0.003964321110009911,0.12190287413280476,62,5.898909811694748,4,66.20937071345139,262.91436659487954,0.7307790647315029,0.25
main,v040,LOLO-nes-f0,secondary,LOLO,nested,0,A,MAPPO|mappo_seed99_20260516T092254/mappo_best.pt,MAPPO,99,L,"May 2026, pre-781c90c reward",7,-656.2648297808364,623.3701115808365,27.0,0.6447182,5.25,197.9050390290258,197.7438594790258,0.0009910802775024777,0.0,0.0009910802775024777,0.0009910802775024777,0.10901883052527254,34,3.2348860257680876,1,1.1920244433313356,1.1920244433313356,1.0,0.25
main,v040,LOLO-nes-f0,secondary,LOLO,nested,0,A,MAPPO|mappo_seed99_20260516T092254/mappo_best.pt,MAPPO,99,L,"May 2026, pre-781c90c reward",8,-396.8309198909879,374.2696621017278,16.231162589260116,0.45509520000000003,5.875,204.59072690330166,204.47695310330164,0.0009910802775024777,0.0,0.0009910802775024777,0.0009910802775024777,0.024777006937561942,24,2.2834489593657086,1,0.6410387529753372,0.6410387529753372,0.6410387529753372,0.25
main,v040,LOLO-nes-f0,secondary,LOLO,nested,0,A,MAPPO|mappo_seed99_20260516T092254/mappo_best.pt,MAPPO,99,L,"May 2026, pre-781c90c reward",9,-161.89663597311326,80.89663597311326,81.0,0.0,0.0,207.42241810816222,207.42241810816222,0.002973240832507433,0.002973240832507433,0.0,0.002973240832507433,0.0,0,0.0,3,141.40880427800485,157.92401471165365,1.0,0.25
main,v040,LOLO-nes-f0,secondary,LOLO,nested,0,A,Centralized PPO|central_nr_seed1/ppo_multi_site.zip,Centralized PPO,1,L,"June 2026, current reward",all,-26818.39403302509,6268.484311861583,20495.938823163513,4.095898,49.875,2436.6989724199766,2435.6749979199767,0.09028741328047572,0.01645193260654113,0.08999008919722498,0.09028741328047572,0.24311199207135778,214,2.03607532210109,911,35.99499462171508,2273.185268772556,0.8499428768080319,0.67
main,v040,LOLO-nes-f0,secondary,LOLO,nested,0,A,Centralized PPO|central_nr_seed1/ppo_multi_site.zip,Centralized PPO,1,L,"June 2026, current reward",0,-4839.867030847073,1165.5681863480884,3663.3127842989843,0.9860602,10.0,279.0466555443682,278.80014049436824,0.1565906838453915,0.01288404360753221,0.1565906838453915,0.1565906838453915,0.8771060455896927,52,4.947472745292369,158,12.686201151905243,298.66350073587404,0.8728507983753131,0.67
main,v040,LOLO-nes-f0,secondary,LOLO,nested,0,A,Centralized PPO|central_nr_seed1/ppo_multi_site.zip,Centralized PPO,1,L,"June 2026, current reward",1,-923.1162469771662,868.5783223771662,54.0,0.0379246,0.5,206.99723300344522,206.98775185344522,0.0019821605550049554,0.0,0.0019821605550049554,0.0019821605550049554,0.0009910802775024777,1,0.09514370664023787,2,1.868016915146271,1.868016915146271,1.0,0.67
main,v040,LOLO-nes-f0,secondary,LOLO,nested,0,A,Centralized PPO|central_nr_seed1/ppo_multi_site.zip,Centralized PPO,1,L,"June 2026, current reward",2,-284.7778766290005,284.7778766290005,0.0,0.0,0.0,206.7288077925314,206.7288077925314,0.0,0.0,0.0,0.0,0.0,0,0.0,0,0.0,0.0,0.0,0.67
main,v040,LOLO-nes-f0,secondary,LOLO,nested,0,A,Centralized PPO|central_nr_seed1/ppo_multi_site.zip,Centralized PPO,1,L,"June 2026, current reward",3,-137.66242869830683,137.66242869830683,0.0,0.0,0.0,207.15558665690253,207.15558665690253,0.0,0.0,0.0,0.0,0.0,0,0.0,0,0.0,0.0,0.0,0.67
main,v040,LOLO-nes-f0,secondary,LOLO,nested,0,A,Centralized PPO|central_nr_seed1/ppo_multi_site.zip,Centralized PPO,1,L,"June 2026, current reward",4,-954.7577229249932,954.7577229249932,0.0,0.0,0.0,206.55995654413678,206.55995654413678,0.0,0.0,0.0,0.0,0.0,0,0.0,0,0.0,0.0,0.0,0.67
main,v040,LOLO-nes-f0,secondary,LOLO,nested,0,A,Centralized PPO|central_nr_seed1/ppo_multi_site.zip,Centralized PPO,1,L,"June 2026, current reward",5,-442.5363323620205,442.5363323620205,0.0,0.0,0.0,206.64624420771796,206.64624420771796,0.0,0.0,0.0,0.0,0.0,0,0.0,0,0.0,0.0,0.0,0.67
main,v040,LOLO-nes-f0,secondary,LOLO,nested,0,A,Centralized PPO|central_nr_seed1/ppo_multi_site.zip,Centralized PPO,1,L,"June 2026, current reward",6,-5098.287329223336,883.7930465404179,4191.385977282918,1.8583054,21.25,276.79868304452293,276.3341066945229,0.18136769078295342,0.027750247770069375,0.18136769078295342,0.18136769078295342,0.5936570862239842,97,9.228939544103072,183,58.59116696685158,1313.5543850914635,0.8634582836580907,0.67
main,v040,LOLO-nes-f0,secondary,LOLO,nested,0,A,Centralized PPO|central_nr_seed1/ppo_multi_site.zip,Centralized PPO,1,L,"June 2026, current reward",7,-13574.240444381723,1048.6617750001137,12506.240061581611,1.2136078,18.125,432.7020161459852,432.3986141959852,0.5599603567888999,0.12091179385530228,0.5599603567888999,0.5599603567888999,0.9593657086223984,64,6.089197224975224,565,34.75552976421816,2273.185268772556,0.8378312720697115,0.67
main,v040,LOLO-nes-f0,secondary,LOLO,nested,0,A,Centralized PPO|central_nr_seed1/ppo_multi_site.zip,Centralized PPO,1,L,"June 2026, current reward",8,-401.25198500836296,401.25198500836296,0.0,0.0,0.0,206.6413713722042,206.6413713722042,0.0,0.0,0.0,0.0,0.0,0,0.0,0,0.0,0.0,0.0,0.67
main,v040,LOLO-nes-f0,secondary,LOLO,nested,0,A,Centralized PPO|central_nr_seed1/ppo_multi_site.zip,Centralized PPO,1,L,"June 2026, current reward",9,-161.89663597311326,80.89663597311326,81.0,0.0,0.0,207.42241810816222,207.42241810816222,0.002973240832507433,0.002973240832507433,0.0,0.002973240832507433,0.0,0,0.0,3,141.40880427800485,157.92401471165365,1.0,0.67
main,v040,LOLO-nes-f0,secondary,LOLO,nested,0,A,Centralized PPO|central_nr_seed7/ppo_multi_site.zip,Centralized PPO,7,L,"June 2026, current reward",all,-6582.978374969362,6207.0265266552815,372.8493007140809,0.2275476,2.875,2071.006649801376,2070.9497629013763,0.0016848364717542122,0.00039643211100099106,0.0013875123885034688,0.0016848364717542122,0.0010901883052527254,12,0.11417244796828543,17,43.3740181276131,298.66350073587404,0.8310770602236881,0.66
main,v040,LOLO-nes-f0,secondary,LOLO,nested,0,A,Centralized PPO|central_nr_seed7/ppo_multi_site.zip,Centralized PPO,7,L,"June 2026, current reward",0,-1319.868036520481,1319.868036520481,0.0,0.0,0.0,206.51618097686648,206.51618097686648,0.0,0.0,0.0,0.0,0.0,0,0.0,0,0.0,0.0,0.0,0.66
main,v040,LOLO-nes-f0,secondary,LOLO,nested,0,A,Centralized PPO|central_nr_seed7/ppo_multi_site.zip,Centralized PPO,7,L,"June 2026, current reward",1,-867.5973344368833,867.5973344368833,0.0,0.0,0.0,206.60251259888184,206.60251259888184,0.0,0.0,0.0,0.0,0.0,0,0.0,0,0.0,0.0,0.0,0.66
main,v040,LOLO-nes-f0,secondary,LOLO,nested,0,A,Centralized PPO|central_nr_seed7/ppo_multi_site.zip,Centralized PPO,7,L,"June 2026, current reward",2,-284.7778766290005,284.7778766290005,0.0,0.0,0.0,206.7288077925314,206.7288077925314,0.0,0.0,0.0,0.0,0.0,0,0.0,0,0.0,0.0,0.0,0.66
main,v040,LOLO-nes-f0,secondary,LOLO,nested,0,A,Centralized PPO|central_nr_seed7/ppo_multi_site.zip,Centralized PPO,7,L,"June 2026, current reward",3,-137.66242869830683,137.66242869830683,0.0,0.0,0.0,207.15558665690253,207.15558665690253,0.0,0.0,0.0,0.0,0.0,0,0.0,0,0.0,0.0,0.0,0.66
main,v040,LOLO-nes-f0,secondary,LOLO,nested,0,A,Centralized PPO|central_nr_seed7/ppo_multi_site.zip,Centralized PPO,7,L,"June 2026, current reward",4,-998.9203572978283,955.1512701085682,43.231162589260116,0.0379246,0.5,206.80654964316852,206.79706849316852,0.0019821605550049554,0.0,0.0019821605550049554,0.0019821605550049554,0.0009910802775024777,2,0.19028741328047574,2,1.2545278340608041,1.868016915146271,0.8205193764876686,0.66
main,v040,LOLO-nes-f0,secondary,LOLO,nested,0,A,Centralized PPO|central_nr_seed7/ppo_multi_site.zip,Centralized PPO,7,L,"June 2026, current reward",5,-442.5363323620205,442.5363323620205,0.0,0.0,0.0,206.64624420771796,206.64624420771796,0.0,0.0,0.0,0.0,0.0,0,0.0,0,0.0,0.0,0.0,0.66
main,v040,LOLO-nes-f0,secondary,LOLO,nested,0,A,Centralized PPO|central_nr_seed7/ppo_multi_site.zip,Centralized PPO,7,L,"June 2026, current reward",6,-954.9025884800039,954.9025884800039,0.0,0.0,0.0,206.55411522813807,206.55411522813807,0.0,0.0,0.0,0.0,0.0,0,0.0,0,0.0,0.0,0.0,0.66
main,v040,LOLO-nes-f0,secondary,LOLO,nested,0,A,Centralized PPO|central_nr_seed7/ppo_multi_site.zip,Centralized PPO,7,L,"June 2026, current reward",7,-1013.5647995633625,762.3820384385417,248.61813812482083,0.189623,2.375,209.93286321680307,209.88545746680308,0.011892963330029732,0.0009910802775024777,0.011892963330029732,0.011892963330029732,0.009910802775024777,10,0.9514370664023787,12,25.88523663894055,298.66350073587404,0.7906059392356134,0.66
main,v040,LOLO-nes-f0,secondary,LOLO,nested,0,A,Centralized PPO|central_nr_seed7/ppo_multi_site.zip,Centralized PPO,7,L,"June 2026, current reward",8,-401.25198500836296,401.25198500836296,0.0,0.0,0.0,206.6413713722042,206.6413713722042,0.0,0.0,0.0,0.0,0.0,0,0.0,0,0.0,0.0,0.0,0.66
main,v040,LOLO-nes-f0,secondary,LOLO,nested,0,A,Centralized PPO|central_nr_seed7/ppo_multi_site.zip,Centralized PPO,7,L,"June 2026, current reward",9,-161.89663597311326,80.89663597311326,81.0,0.0,0.0,207.42241810816222,207.42241810816222,0.002973240832507433,0.002973240832507433,0.0,0.002973240832507433,0.0,0,0.0,3,141.40880427800485,157.92401471165365,1.0,0.66
main,v040,LOLO-nes-f0,secondary,LOLO,nested,0,A,Centralized PPO|central_nr_seed13/ppo_multi_site.zip,Centralized PPO,13,L,"June 2026, current reward",all,-7183.730446983329,5849.618230453697,1326.4098555296318,1.3273609999999998,6.375,2072.26592020467,2071.93407995467,0.005748265609514371,0.0004955401387512388,0.005450941526263627,0.005748265609514371,0.03191278493557978,69,0.6564915758176413,58,17.507847460657878,262.91436659487954,0.8623045146722021,0.66
main,v040,LOLO-nes-f0,secondary,LOLO,nested,0,A,Centralized PPO|central_nr_seed13/ppo_multi_site.zip,Centralized PPO,13,L,"June 2026, current reward",0,-1319.868036520481,1319.868036520481,0.0,0.0,0.0,206.51618097686648,206.51618097686648,0.0,0.0,0.0,0.0,0.0,0,0.0,0,0.0,0.0,0.0,0.66
main,v040,LOLO-nes-f0,secondary,LOLO,nested,0,A,Centralized PPO|central_nr_seed13/ppo_multi_site.zip,Centralized PPO,13,L,"June 2026, current reward",1,-1196.3415039321708,586.1605209581937,607.1500385739771,0.5309444000000001,2.5,206.861824995944,206.729088895944,0.02576808721506442,0.0,0.02576808721506442,0.02576808721506442,0.17542120911793854,27,2.5688800792864224,26,11.339337008364359,260.6349331079148,0.8783974853512526,0.66
main,v040,LOLO-nes-f0,secondary,LOLO,nested,0,A,Centralized PPO|central_nr_seed13/ppo_multi_site.zip,Centralized PPO,13,L,"June 2026, current reward",2,-284.7778766290005,284.7778766290005,0.0,0.0,0.0,206.7288077925314,206.7288077925314,0.0,0.0,0.0,0.0,0.0,0,0.0,0,0.0,0.0,0.0,0.66
main,v040,LOLO-nes-f0,secondary,LOLO,nested,0,A,Centralized PPO|central_nr_seed13/ppo_multi_site.zip,Centralized PPO,13,L,"June 2026, current reward",3,-137.66242869830683,137.66242869830683,0.0,0.0,0.0,207.15558665690253,207.15558665690253,0.0,0.0,0.0,0.0,0.0,0,0.0,0,0.0,0.0,0.0,0.66
main,v040,LOLO-nes-f0,secondary,LOLO,nested,0,A,Centralized PPO|central_nr_seed13/ppo_multi_site.zip,Centralized PPO,13,L,"June 2026, current reward",4,-1269.4347441601421,963.8341053615279,303.3351665986142,0.26547220000000005,2.0,210.529151892909,210.462783842909,0.014866204162537165,0.0,0.014866204162537165,0.014866204162537165,0.019821605550049554,14,1.33201189296333,15,1.0762187492677664,1.868016915146271,0.7740781479969204,0.66
main,v040,LOLO-nes-f0,secondary,LOLO,nested,0,A,Centralized PPO|central_nr_seed13/ppo_multi_site.zip,Centralized PPO,13,L,"June 2026, current reward",5,-442.5363323620205,442.5363323620205,0.0,0.0,0.0,206.64624420771796,206.64624420771796,0.0,0.0,0.0,0.0,0.0,0,0.0,0,0.0,0.0,0.0,0.66
main,v040,LOLO-nes-f0,secondary,LOLO,nested,0,A,Centralized PPO|central_nr_seed13/ppo_multi_site.zip,Centralized PPO,13,L,"June 2026, current reward",6,-1010.0841917291478,955.5462671291477,54.0,0.0379246,0.5,207.21494007370197,207.20545892370197,0.0019821605550049554,0.0,0.0019821605550049554,0.0019821605550049554,0.0009910802775024777,2,0.19028741328047574,2,132.05319551910543,262.91436659487954,1.0,0.66
main,v040,LOLO-nes-f0,secondary,LOLO,nested,0,A,Centralized PPO|central_nr_seed13/ppo_multi_site.zip,Centralized PPO,13,L,"June 2026, current reward",7,-959.8767119705828,677.0840418135424,280.9246503570405,0.4930198,1.375,206.54939412773007,206.42613917773005,0.011892963330029732,0.0019821605550049554,0.011892963330029732,0.011892963330029732,0.12289395441030723,26,2.4737363726461843,12,1.3463587824534704,1.868016915146271,0.8803462509917791,0.66
main,v040,LOLO-nes-f0,secondary,LOLO,nested,0,A,Centralized PPO|central_nr_seed13/ppo_multi_site.zip,Centralized PPO,13,L,"June 2026, current reward",8,-401.25198500836296,401.25198500836296,0.0,0.0,0.0,206.6413713722042,206.6413713722042,0.0,0.0,0.0,0.0,0.0,0,0.0,0,0.0,0.0,0.0,0.66
main,v040,LOLO-nes-f0,secondary,LOLO,nested,0,A,Centralized PPO|central_nr_seed13/ppo_multi_site.zip,Centralized PPO,13,L,"June 2026, current reward",9,-161.89663597311326,80.89663597311326,81.0,0.0,0.0,207.42241810816222,207.42241810816222,0.002973240832507433,0.002973240832507433,0.0,0.002973240832507433,0.0,0,0.0,3,141.40880427800485,157.92401471165365,1.0,0.66
main,v040,LOLO-nes-f0,secondary,LOLO,nested,0,A,Centralized PPO|central_nr_seed42/ppo_multi_site.zip,Centralized PPO,42,L,"June 2026, current reward",all,-11201.026646898557,6115.369644577311,5085.656981721246,2.06e-05,0.0,2170.1973135944236,2170.1973084444235,0.022001982160555007,0.00178394449950446,0.021704658077304262,0.022001982160555007,0.1,0,0.0,222,12.634686156398782,298.66350073587404,0.8636121594176045,0.66
main,v040,LOLO-nes-f0,secondary,LOLO,nested,0,A,Centralized PPO|central_nr_seed42/ppo_multi_site.zip,Centralized PPO,42,L,"June 2026, current reward",0,-6238.936224177984,1234.279221856737,5004.656981721246,2.06e-05,0.0,309.32810846546096,309.32810331546096,0.21704658077304262,0.014866204162537165,0.21704658077304262,0.21704658077304262,1.0,0,0.0,219,10.870657141034318,298.66350073587404,0.861743832834284,0.66
main,v040,LOLO-nes-f0,secondary,LOLO,nested,0,A,Centralized PPO|central_nr_seed42/ppo_multi_site.zip,Centralized PPO,42,L,"June 2026, current reward",1,-867.5973344368833,867.5973344368833,0.0,0.0,0.0,206.60251259888184,206.60251259888184,0.0,0.0,0.0,0.0,0.0,0,0.0,0,0.0,0.0,0.0,0.66
main,v040,LOLO-nes-f0,secondary,LOLO,nested,0,A,Centralized PPO|central_nr_seed42/ppo_multi_site.zip,Centralized PPO,42,L,"June 2026, current reward",2,-284.7778766290005,284.7778766290005,0.0,0.0,0.0,206.7288077925314,206.7288077925314,0.0,0.0,0.0,0.0,0.0,0,0.0,0,0.0,0.0,0.0,0.66
main,v040,LOLO-nes-f0,secondary,LOLO,nested,0,A,Centralized PPO|central_nr_seed42/ppo_multi_site.zip,Centralized PPO,42,L,"June 2026, current reward",3,-137.66242869830683,137.66242869830683,0.0,0.0,0.0,207.15558665690253,207.15558665690253,0.0,0.0,0.0,0.0,0.0,0,0.0,0,0.0,0.0,0.0,0.66
main,v040,LOLO-nes-f0,secondary,LOLO,nested,0,A,Centralized PPO|central_nr_seed42/ppo_multi_site.zip,Centralized PPO,42,L,"June 2026, current reward",4,-954.7577229249932,954.7577229249932,0.0,0.0,0.0,206.55995654413678,206.55995654413678,0.0,0.0,0.0,0.0,0.0,0,0.0,0,0.0,0.0,0.0,0.66
main,v040,LOLO-nes-f0,secondary,LOLO,nested,0,A,Centralized PPO|central_nr_seed42/ppo_multi_site.zip,Centralized PPO,42,L,"June 2026, current reward",5,-442.5363323620205,442.5363323620205,0.0,0.0,0.0,206.64624420771796,206.64624420771796,0.0,0.0,0.0,0.0,0.0,0,0.0,0,0.0,0.0,0.0,0.66
main,v040,LOLO-nes-f0,secondary,LOLO,nested,0,A,Centralized PPO|central_nr_seed42/ppo_multi_site.zip,Centralized PPO,42,L,"June 2026, current reward",6,-954.9025884800039,954.9025884800039,0.0,0.0,0.0,206.55411522813807,206.55411522813807,0.0,0.0,0.0,0.0,0.0,0,0.0,0,0.0,0.0,0.0,0.66
main,v040,LOLO-nes-f0,secondary,LOLO,nested,0,A,Centralized PPO|central_nr_seed42/ppo_multi_site.zip,Centralized PPO,42,L,"June 2026, current reward",7,-756.7075182078895,756.7075182078895,0.0,0.0,0.0,206.55819262028785,206.55819262028785,0.0,0.0,0.0,0.0,0.0,0,0.0,0,0.0,0.0,0.0,0.66
main,v040,LOLO-nes-f0,secondary,LOLO,nested,0,A,Centralized PPO|central_nr_seed42/ppo_multi_site.zip,Centralized PPO,42,L,"June 2026, current reward",8,-401.25198500836296,401.25198500836296,0.0,0.0,0.0,206.6413713722042,206.6413713722042,0.0,0.0,0.0,0.0,0.0,0,0.0,0,0.0,0.0,0.0,0.66
main,v040,LOLO-nes-f0,secondary,LOLO,nested,0,A,Centralized PPO|central_nr_seed42/ppo_multi_site.zip,Centralized PPO,42,L,"June 2026, current reward",9,-161.89663597311326,80.89663597311326,81.0,0.0,0.0,207.42241810816222,207.42241810816222,0.002973240832507433,0.002973240832507433,0.0,0.002973240832507433,0.0,0,0.0,3,141.40880427800485,157.92401471165365,1.0,0.66
main,v040,LOLO-nes-f0,secondary,LOLO,nested,0,A,Centralized PPO|central_nr_seed23/ppo_multi_site.zip,Centralized PPO,23,L,"Aug 2026, current reward",all,-27359.078815710232,5966.103344634885,21295.345605075352,7.129866,90.5,2443.054582816638,2441.272116316638,0.09286422200198216,0.018037661050545096,0.09256689791873142,0.09286422200198216,0.266798810703667,373,3.548860257680872,937,66.63873654644141,2273.185268772556,0.8575718820731181,0.67
main,v040,LOLO-nes-f0,secondary,LOLO,nested,0,A,Centralized PPO|central_nr_seed23/ppo_multi_site.zip,Centralized PPO,23,L,"Aug 2026, current reward",0,-6247.0748037987705,1207.7940238775236,5004.656981721246,2.1237982,32.5,297.775124625685,297.244175075685,0.21704658077304262,0.010901883052527254,0.21704658077304262,0.21704658077304262,0.9444995044598612,112,10.65609514370664,219,10.870657141034318,298.66350073587404,0.861743832834284,0.67
main,v040,LOLO-nes-f0,secondary,LOLO,nested,0,A,Centralized PPO|central_nr_seed23/ppo_multi_site.zip,Centralized PPO,23,L,"Aug 2026, current reward",1,-803.5840458469349,649.1098634576749,151.23116258926012,0.4930198,2.75,203.5559068046646,203.4326518546646,0.005946481665014866,0.0,0.005946481665014866,0.005946481665014866,0.07433102081268583,25,2.3785926660059467,6,1.5192871718473124,1.868016915146271,0.9401731254958895,0.67
main,v040,LOLO-nes-f0,secondary,LOLO,nested,0,A,Centralized PPO|central_nr_seed23/ppo_multi_site.zip,Centralized PPO,23,L,"Aug 2026, current reward",2,-284.7778766290005,284.7778766290005,0.0,0.0,0.0,206.7288077925314,206.7288077925314,0.0,0.0,0.0,0.0,0.0,0,0.0,0,0.0,0.0,0.0,0.67
main,v040,LOLO-nes-f0,secondary,LOLO,nested,0,A,Centralized PPO|central_nr_seed23/ppo_multi_site.zip,Centralized PPO,23,L,"Aug 2026, current reward",3,-137.66242869830683,137.66242869830683,0.0,0.0,0.0,207.15558665690253,207.15558665690253,0.0,0.0,0.0,0.0,0.0,0,0.0,0,0.0,0.0,0.0,0.67
main,v040,LOLO-nes-f0,secondary,LOLO,nested,0,A,Centralized PPO|central_nr_seed23/ppo_multi_site.zip,Centralized PPO,23,L,"Aug 2026, current reward",4,-1118.0178441141816,702.8393956347757,399.453635079406,1.0998134,14.625,203.13385720624365,202.85890385624364,0.017839444995044598,0.0019821605550049554,0.017839444995044598,0.017839444995044598,0.17443012884043607,57,5.423191278493558,18,1.246850298730354,1.868016915146271,0.8397289538507517,0.67
main,v040,LOLO-nes-f0,secondary,LOLO,nested,0,A,Centralized PPO|central_nr_seed23/ppo_multi_site.zip,Centralized PPO,23,L,"Aug 2026, current reward",5,-1408.8420491966235,428.26492241111987,978.2091069855036,0.49301980000000006,1.875,219.21155413392893,219.08829918392897,0.04558969276511397,0.0019821605550049554,0.04558969276511397,0.04558969276511397,0.15460852329038652,25,2.3785926660059467,46,29.694820285368273,1313.5543850914635,0.8088471789750027,0.67
main,v040,LOLO-nes-f0,secondary,LOLO,nested,0,A,Centralized PPO|central_nr_seed23/ppo_multi_site.zip,Centralized PPO,23,L,"Aug 2026, current reward",6,-11896.78078822742,1285.1922301491045,10598.102497878315,0.9860602,12.5,419.67553703335284,419.4290219833528,0.45589692765113976,0.1466798810703667,0.45589692765113976,0.45589692765113976,0.817641228939544,53,5.042616451932607,460,115.80281837839426,2273.185268772556,0.8679784418752401,0.67
main,v040,LOLO-nes-f0,secondary,LOLO,nested,0,A,Centralized PPO|central_nr_seed23/ppo_multi_site.zip,Centralized PPO,23,L,"Aug 2026, current reward",7,-4899.19035821752,788.3139827959017,4082.692220821619,1.9341546000000003,26.25,271.75441908296284,271.2708804329628,0.18334985133795836,0.015857284440039643,0.18334985133795836,0.18334985133795836,0.5024777006937562,101,9.609514370664025,185,26.85826271188403,2273.185268772556,0.8356202199678592,0.67
main,v040,LOLO-nes-f0,secondary,LOLO,nested,0,A,Centralized PPO|central_nr_seed23/ppo_multi_site.zip,Centralized PPO,23,L,"Aug 2026, current reward",8,-401.25198500836296,401.25198500836296,0.0,0.0,0.0,206.6413713722042,206.6413713722042,0.0,0.0,0.0,0.0,0.0,0,0.0,0,0.0,0.0,0.0,0.67
main,v040,LOLO-nes-f0,secondary,LOLO,nested,0,A,Centralized PPO|central_nr_seed23/ppo_multi_site.zip,Centralized PPO,23,L,"Aug 2026, current reward",9,-161.89663597311326,80.89663597311326,81.0,0.0,0.0,207.42241810816222,207.42241810816222,0.002973240832507433,0.002973240832507433,0.0,0.002973240832507433,0.0,0,0.0,3,141.40880427800485,157.92401471165365,1.0,0.67
main,v040,LOLO-nes-f0,secondary,LOLO,nested,0,A,Centralized PPO|central_nr_seed64/ppo_multi_site.zip,Centralized PPO,64,L,"Aug 2026, current reward",all,-23357.251388649158,6124.585055762456,17168.7937570867,4.2475758,59.625,2365.964473346855,2364.902579396855,0.07542120911793855,0.015857284440039643,0.07512388503468781,0.07542120911793855,0.18374628344895935,223,2.1217046580773045,761,48.33474891400714,3190.2962989126227,0.85202775983735,0.69
main,v040,LOLO-nes-f0,secondary,LOLO,nested,0,A,Centralized PPO|central_nr_seed64/ppo_multi_site.zip,Centralized PPO,64,L,"Aug 2026, current reward",0,-6238.936224177984,1234.279221856737,5004.656981721246,2.06e-05,0.0,309.32810846546096,309.32810331546096,0.21704658077304262,0.014866204162537165,0.21704658077304262,0.21704658077304262,1.0,0,0.0,219,10.870657141034318,298.66350073587404,0.861743832834284,0.69
main,v040,LOLO-nes-f0,secondary,LOLO,nested,0,A,Centralized PPO|central_nr_seed64/ppo_multi_site.zip,Centralized PPO,64,L,"Aug 2026, current reward",1,-3866.6641824084245,657.9930721910331,3191.620447617392,1.1756626000000001,15.875,251.33260556819064,251.03868991819064,0.14469772051536176,0.010901883052527254,0.14469772051536176,0.14469772051536176,0.38354806739345887,61,5.8037661050545095,146,25.12513588931116,298.66350073587404,0.8286804674925553,0.69
main,v040,LOLO-nes-f0,secondary,LOLO,nested,0,A,Centralized PPO|central_nr_seed64/ppo_multi_site.zip,Centralized PPO,64,L,"Aug 2026, current reward",2,-284.7778766290005,284.7778766290005,0.0,0.0,0.0,206.7288077925314,206.7288077925314,0.0,0.0,0.0,0.0,0.0,0,0.0,0,0.0,0.0,0.0,0.69
main,v040,LOLO-nes-f0,secondary,LOLO,nested,0,A,Centralized PPO|central_nr_seed64/ppo_multi_site.zip,Centralized PPO,64,L,"Aug 2026, current reward",3,-137.66242869830683,137.66242869830683,0.0,0.0,0.0,207.15558665690253,207.15558665690253,0.0,0.0,0.0,0.0,0.0,0,0.0,0,0.0,0.0,0.0,0.69
main,v040,LOLO-nes-f0,secondary,LOLO,nested,0,A,Centralized PPO|central_nr_seed64/ppo_multi_site.zip,Centralized PPO,64,L,"Aug 2026, current reward",4,-10111.915616704053,1173.5773963559886,8891.516327748064,3.0718926,43.75,357.5970233272592,356.8290501772592,0.38949454905847375,0.12983151635282458,0.38949454905847375,0.38949454905847375,0.45391476709613476,162,15.413280475718533,393,77.12359734605464,3190.2962989126227,0.854157449342499,0.69
main,v040,LOLO-nes-f0,secondary,LOLO,nested,0,A,Centralized PPO|central_nr_seed64/ppo_multi_site.zip,Centralized PPO,64,L,"Aug 2026, current reward",5,-442.5363323620205,442.5363323620205,0.0,0.0,0.0,206.64624420771796,206.64624420771796,0.0,0.0,0.0,0.0,0.0,0,0.0,0,0.0,0.0,0.0,0.69
main,v040,LOLO-nes-f0,secondary,LOLO,nested,0,A,Centralized PPO|central_nr_seed64/ppo_multi_site.zip,Centralized PPO,64,L,"Aug 2026, current reward",6,-954.9025884800039,954.9025884800039,0.0,0.0,0.0,206.55411522813807,206.55411522813807,0.0,0.0,0.0,0.0,0.0,0,0.0,0,0.0,0.0,0.0,0.69
main,v040,LOLO-nes-f0,secondary,LOLO,nested,0,A,Centralized PPO|central_nr_seed64/ppo_multi_site.zip,Centralized PPO,64,L,"Aug 2026, current reward",7,-756.7075182078895,756.7075182078895,0.0,0.0,0.0,206.55819262028785,206.55819262028785,0.0,0.0,0.0,0.0,0.0,0,0.0,0,0.0,0.0,0.0,0.69
main,v040,LOLO-nes-f0,secondary,LOLO,nested,0,A,Centralized PPO|central_nr_seed64/ppo_multi_site.zip,Centralized PPO,64,L,"Aug 2026, current reward",8,-401.25198500836296,401.25198500836296,0.0,0.0,0.0,206.6413713722042,206.6413713722042,0.0,0.0,0.0,0.0,0.0,0,0.0,0,0.0,0.0,0.0,0.69
main,v040,LOLO-nes-f0,secondary,LOLO,nested,0,A,Centralized PPO|central_nr_seed64/ppo_multi_site.zip,Centralized PPO,64,L,"Aug 2026, current reward",9,-161.89663597311326,80.89663597311326,81.0,0.0,0.0,207.42241810816222,207.42241810816222,0.002973240832507433,0.002973240832507433,0.0,0.002973240832507433,0.0,0,0.0,3,141.40880427800485,157.92401471165365,1.0,0.69
main,v040,LOLO-nes-f0,secondary,LOLO,nested,0,A,Centralized PPO|central_nr_seed77/ppo_multi_site.zip,Centralized PPO,77,L,"Aug 2026, current reward",all,-22719.192811017438,5875.007302967013,16825.50831305042,2.427195,16.25,2353.3270104351213,2352.7202116851213,0.07492566897918732,0.012388503468780971,0.07462834489593657,0.07492566897918732,0.20991080277502477,126,1.198810703666997,756,30.081645712575476,1313.5543850914635,0.8418654459016941,0.69
main,v040,LOLO-nes-f0,secondary,LOLO,nested,0,A,Centralized PPO|central_nr_seed77/ppo_multi_site.zip,Centralized PPO,77,L,"Aug 2026, current reward",0,-6238.936224177984,1234.279221856737,5004.656981721246,2.06e-05,0.0,309.32810846546096,309.32810331546096,0.21704658077304262,0.014866204162537165,0.21704658077304262,0.21704658077304262,1.0,0,0.0,219,10.870657141034318,298.66350073587404,0.861743832834284,0.69
main,v040,LOLO-nes-f0,secondary,LOLO,nested,0,A,Centralized PPO|central_nr_seed77/ppo_multi_site.zip,Centralized PPO,77,L,"Aug 2026, current reward",1,-1989.6895903288573,606.0727021049374,1379.9721700239202,0.6447182,3.0,221.78644330485622,221.62526375485623,0.061446977205153616,0.003964321110009911,0.061446977205153616,0.061446977205153616,0.2566897918731417,33,3.1397423191278495,62,19.83093973218504,298.66350073587404,0.8419205215182365,0.69
main,v040,LOLO-nes-f0,secondary,LOLO,nested,0,A,Centralized PPO|central_nr_seed77/ppo_multi_site.zip,Centralized PPO,77,L,"Aug 2026, current reward",2,-284.7778766290005,284.7778766290005,0.0,0.0,0.0,206.7288077925314,206.7288077925314,0.0,0.0,0.0,0.0,0.0,0,0.0,0,0.0,0.0,0.0,0.69
main,v040,LOLO-nes-f0,secondary,LOLO,nested,0,A,Centralized PPO|central_nr_seed77/ppo_multi_site.zip,Centralized PPO,77,L,"Aug 2026, current reward",3,-137.66242869830683,137.66242869830683,0.0,0.0,0.0,207.15558665690253,207.15558665690253,0.0,0.0,0.0,0.0,0.0,0,0.0,0,0.0,0.0,0.0,0.69
main,v040,LOLO-nes-f0,secondary,LOLO,nested,0,A,Centralized PPO|central_nr_seed77/ppo_multi_site.zip,Centralized PPO,77,L,"Aug 2026, current reward",4,-10414.71580324472,957.5015985689105,9450.90231587581,1.0618888,5.25,362.84025711046974,362.5747849104697,0.42814667988107036,0.0931615460852329,0.42814667988107036,0.42814667988107036,0.8037661050545094,55,5.232903865213083,432,31.700366392136058,1313.5543850914635,0.8292362898052322,0.69
main,v040,LOLO-nes-f0,secondary,LOLO,nested,0,A,Centralized PPO|central_nr_seed77/ppo_multi_site.zip,Centralized PPO,77,L,"Aug 2026, current reward",5,-442.5363323620205,442.5363323620205,0.0,0.0,0.0,206.64624420771796,206.64624420771796,0.0,0.0,0.0,0.0,0.0,0,0.0,0,0.0,0.0,0.0,0.69
main,v040,LOLO-nes-f0,secondary,LOLO,nested,0,A,Centralized PPO|central_nr_seed77/ppo_multi_site.zip,Centralized PPO,77,L,"Aug 2026, current reward",6,-1891.0184163871822,973.3210035577342,908.9768454294481,0.7205674000000001,8.0,218.21958079652842,218.03943894652843,0.03964321110009911,0.008919722497522299,0.03964321110009911,0.03964321110009911,0.03865213082259663,38,3.615460852329039,40,125.318682179707,1313.5543850914635,0.8574807045245401,0.69
main,v040,LOLO-nes-f0,secondary,LOLO,nested,0,A,Centralized PPO|central_nr_seed77/ppo_multi_site.zip,Centralized PPO,77,L,"Aug 2026, current reward",7,-756.7075182078895,756.7075182078895,0.0,0.0,0.0,206.55819262028785,206.55819262028785,0.0,0.0,0.0,0.0,0.0,0,0.0,0,0.0,0.0,0.0,0.69
main,v040,LOLO-nes-f0,secondary,LOLO,nested,0,A,Centralized PPO|central_nr_seed77/ppo_multi_site.zip,Centralized PPO,77,L,"Aug 2026, current reward",8,-401.25198500836296,401.25198500836296,0.0,0.0,0.0,206.6413713722042,206.6413713722042,0.0,0.0,0.0,0.0,0.0,0,0.0,0,0.0,0.0,0.0,0.69
main,v040,LOLO-nes-f0,secondary,LOLO,nested,0,A,Centralized PPO|central_nr_seed77/ppo_multi_site.zip,Centralized PPO,77,L,"Aug 2026, current reward",9,-161.89663597311326,80.89663597311326,81.0,0.0,0.0,207.42241810816222,207.42241810816222,0.002973240832507433,0.002973240832507433,0.0,0.002973240832507433,0.0,0,0.0,3,141.40880427800485,157.92401471165365,1.0,0.69
main,v040,LOLO-nes-f0,secondary,LOLO,nested,0,A,Centralized PPO|ppo_multi_site_seed42_20260515T234034/ppo_multi_site.zip,Centralized PPO,42,L,"May 2026, pre-781c90c reward",all,-15706.196274129377,6134.118739597338,9556.84843393204,1.4791006,13.75,2247.6967227218165,2247.3269475718166,0.04112983151635283,0.007829534192269574,0.04083250743310208,0.04112983151635283,0.14717542120911795,78,0.7421209117938553,415,49.772847091055304,2092.2389680573087,0.8676183481069911,0.67
main,v040,LOLO-nes-f0,secondary,LOLO,nested,0,A,Centralized PPO|ppo_multi_site_seed42_20260515T234034/ppo_multi_site.zip,Centralized PPO,42,L,"May 2026, pre-781c90c reward",0,-6238.936224177984,1234.279221856737,5004.656981721246,2.06e-05,0.0,309.32810846546096,309.32810331546096,0.21704658077304262,0.014866204162537165,0.21704658077304262,0.21704658077304262,1.0,0,0.0,219,10.870657141034318,298.66350073587404,0.861743832834284,0.67
main,v040,LOLO-nes-f0,secondary,LOLO,nested,0,A,Centralized PPO|ppo_multi_site_seed42_20260515T234034/ppo_multi_site.zip,Centralized PPO,42,L,"May 2026, pre-781c90c reward",1,-867.5973344368833,867.5973344368833,0.0,0.0,0.0,206.60251259888184,206.60251259888184,0.0,0.0,0.0,0.0,0.0,0,0.0,0,0.0,0.0,0.0,0.67
main,v040,LOLO-nes-f0,secondary,LOLO,nested,0,A,Centralized PPO|ppo_multi_site_seed42_20260515T234034/ppo_multi_site.zip,Centralized PPO,42,L,"May 2026, pre-781c90c reward",2,-284.7778766290005,284.7778766290005,0.0,0.0,0.0,206.7288077925314,206.7288077925314,0.0,0.0,0.0,0.0,0.0,0,0.0,0,0.0,0.0,0.0,0.67
main,v040,LOLO-nes-f0,secondary,LOLO,nested,0,A,Centralized PPO|ppo_multi_site_seed42_20260515T234034/ppo_multi_site.zip,Centralized PPO,42,L,"May 2026, pre-781c90c reward",3,-137.66242869830683,137.66242869830683,0.0,0.0,0.0,207.15558665690253,207.15558665690253,0.0,0.0,0.0,0.0,0.0,0,0.0,0,0.0,0.0,0.0,0.67
main,v040,LOLO-nes-f0,secondary,LOLO,nested,0,A,Centralized PPO|ppo_multi_site_seed42_20260515T234034/ppo_multi_site.zip,Centralized PPO,42,L,"May 2026, pre-781c90c reward",4,-3112.186118259786,996.1262298396075,2112.6047726201787,0.4551158,3.0,245.84384684163228,245.7300678916323,0.08721506442021804,0.05054509415262636,0.08721506442021804,0.08721506442021804,0.07928642220019821,25,2.3785926660059467,88,197.93018676843067,2092.2389680573087,0.9002290805379464,0.67
main,v040,LOLO-nes-f0,secondary,LOLO,nested,0,A,Centralized PPO|ppo_multi_site_seed42_20260515T234034/ppo_multi_site.zip,Centralized PPO,42,L,"May 2026, pre-781c90c reward",5,-442.5363323620205,442.5363323620205,0.0,0.0,0.0,206.64624420771796,206.64624420771796,0.0,0.0,0.0,0.0,0.0,0,0.0,0,0.0,0.0,0.0,0.67
main,v040,LOLO-nes-f0,secondary,LOLO,nested,0,A,Centralized PPO|ppo_multi_site_seed42_20260515T234034/ppo_multi_site.zip,Centralized PPO,42,L,"May 2026, pre-781c90c reward",6,-954.9025884800039,954.9025884800039,0.0,0.0,0.0,206.55411522813807,206.55411522813807,0.0,0.0,0.0,0.0,0.0,0,0.0,0,0.0,0.0,0.0,0.67
main,v040,LOLO-nes-f0,secondary,LOLO,nested,0,A,Centralized PPO|ppo_multi_site_seed42_20260515T234034/ppo_multi_site.zip,Centralized PPO,42,L,"May 2026, pre-781c90c reward",7,-3104.4487501039175,734.0881063133021,2358.586679590616,1.0239642,10.75,244.77371145018532,244.51772040018534,0.10406342913776016,0.009910802775024777,0.10406342913776016,0.10406342913776016,0.3924677898909812,53,5.042616451932607,105,4.123569337576424,298.66350073587404,0.8487576760605128,0.67
main,v040,LOLO-nes-f0,secondary,LOLO,nested,0,A,Centralized PPO|ppo_multi_site_seed42_20260515T234034/ppo_multi_site.zip,Centralized PPO,42,L,"May 2026, pre-781c90c reward",8,-401.25198500836296,401.25198500836296,0.0,0.0,0.0,206.6413713722042,206.6413713722042,0.0,0.0,0.0,0.0,0.0,0,0.0,0,0.0,0.0,0.0,0.67
main,v040,LOLO-nes-f0,secondary,LOLO,nested,0,A,Centralized PPO|ppo_multi_site_seed42_20260515T234034/ppo_multi_site.zip,Centralized PPO,42,L,"May 2026, pre-781c90c reward",9,-161.89663597311326,80.89663597311326,81.0,0.0,0.0,207.42241810816222,207.42241810816222,0.002973240832507433,0.002973240832507433,0.0,0.002973240832507433,0.0,0,0.0,3,141.40880427800485,157.92401471165365,1.0,0.67
main,v040,LOLO-nes-f0,secondary,LOLO,nested,0,A,Centralized PPO|ppo_multi_site_seed7_20260516T092256/ppo_multi_site.zip,Centralized PPO,7,L,"May 2026, pre-781c90c reward",all,-6821.273768056864,6121.547398394796,696.2558022620685,0.7205674,2.75,2072.8439835479653,2072.6638416979654,0.0028741328047571855,0.0006937561942517344,0.002576808721506442,0.0028741328047571855,0.009217046580773042,36,0.34251734390485633,29,151.55603347808972,1313.5543850914635,0.9002940255885846,0.68
main,v040,LOLO-nes-f0,secondary,LOLO,nested,0,A,Centralized PPO|ppo_multi_site_seed7_20260516T092256/ppo_multi_site.zip,Centralized PPO,7,L,"May 2026, pre-781c90c reward",0,-1319.868036520481,1319.868036520481,0.0,0.0,0.0,206.51618097686648,206.51618097686648,0.0,0.0,0.0,0.0,0.0,0,0.0,0,0.0,0.0,0.0,0.68
main,v040,LOLO-nes-f0,secondary,LOLO,nested,0,A,Centralized PPO|ppo_multi_site_seed7_20260516T092256/ppo_multi_site.zip,Centralized PPO,7,L,"May 2026, pre-781c90c reward",1,-867.7641345042405,796.3924997149803,70.23116258926012,0.2654722,0.875,205.8140590954579,205.7476910454579,0.002973240832507433,0.0,0.002973240832507433,0.002973240832507433,0.02973240832507433,14,1.33201189296333,3,1.1705574285483535,1.868016915146271,0.8803462509917791,0.68
main,v040,LOLO-nes-f0,secondary,LOLO,nested,0,A,Centralized PPO|ppo_multi_site_seed7_20260516T092256/ppo_multi_site.zip,Centralized PPO,7,L,"May 2026, pre-781c90c reward",2,-284.7778766290005,284.7778766290005,0.0,0.0,0.0,206.7288077925314,206.7288077925314,0.0,0.0,0.0,0.0,0.0,0,0.0,0,0.0,0.0,0.0,0.68
main,v040,LOLO-nes-f0,secondary,LOLO,nested,0,A,Centralized PPO|ppo_multi_site_seed7_20260516T092256/ppo_multi_site.zip,Centralized PPO,7,L,"May 2026, pre-781c90c reward",3,-137.66242869830683,137.66242869830683,0.0,0.0,0.0,207.15558665690253,207.15558665690253,0.0,0.0,0.0,0.0,0.0,0,0.0,0,0.0,0.0,0.0,0.68
main,v040,LOLO-nes-f0,secondary,LOLO,nested,0,A,Centralized PPO|ppo_multi_site_seed7_20260516T092256/ppo_multi_site.zip,Centralized PPO,7,L,"May 2026, pre-781c90c reward",4,-954.7577229249932,954.7577229249932,0.0,0.0,0.0,206.55995654413678,206.55995654413678,0.0,0.0,0.0,0.0,0.0,0,0.0,0,0.0,0.0,0.0,0.68
main,v040,LOLO-nes-f0,secondary,LOLO,nested,0,A,Centralized PPO|ppo_multi_site_seed7_20260516T092256/ppo_multi_site.zip,Centralized PPO,7,L,"May 2026, pre-781c90c reward",5,-882.3731070525755,433.00255115168966,447.99130990088577,0.379246,1.0,211.37787043043068,211.28305893043068,0.018830525272547076,0.0019821605550049554,0.018830525272547076,0.018830525272547076,0.05946481665014866,19,1.8077304261645195,19,1.3731203234115565,1.868016915146271,0.885949666492782,0.68
main,v040,LOLO-nes-f0,secondary,LOLO,nested,0,A,Centralized PPO|ppo_multi_site_seed7_20260516T092256/ppo_multi_site.zip,Centralized PPO,7,L,"May 2026, pre-781c90c reward",6,-954.9025884800039,954.9025884800039,0.0,0.0,0.0,206.55411522813807,206.55411522813807,0.0,0.0,0.0,0.0,0.0,0,0.0,0,0.0,0.0,0.0,0.68
main,v040,LOLO-nes-f0,secondary,LOLO,nested,0,A,Centralized PPO|ppo_multi_site_seed7_20260516T092256/ppo_multi_site.zip,Centralized PPO,7,L,"May 2026, pre-781c90c reward",7,-773.9696264331178,757.3983720611951,16.03332977192266,0.0379246,0.5,206.94117267635778,206.93169152635778,0.0009910802775024777,0.0,0.0009910802775024777,0.0009910802775024777,0.0009910802775024777,1,0.09514370664023787,1,0.6344443257307553,0.6344443257307553,0.6344443257307553,0.68
main,v040,LOLO-nes-f0,secondary,LOLO,nested,0,A,Centralized PPO|ppo_multi_site_seed7_20260516T092256/ppo_multi_site.zip,Centralized PPO,7,L,"May 2026, pre-781c90c reward",8,-483.3016108410323,401.88868624103236,81.0,0.0379246,0.375,207.7738160389816,207.7643348889816,0.002973240832507433,0.0019821605550049554,0.002973240832507433,0.002973240832507433,0.0019821605550049554,2,0.19028741328047574,3,1313.5543850914635,1313.5543850914635,1.0,0.68
main,v040,LOLO-nes-f0,secondary,LOLO,nested,0,A,Centralized PPO|ppo_multi_site_seed7_20260516T092256/ppo_multi_site.zip,Centralized PPO,7,L,"May 2026, pre-781c90c reward",9,-161.89663597311326,80.89663597311326,81.0,0.0,0.0,207.42241810816222,207.42241810816222,0.002973240832507433,0.002973240832507433,0.0,0.002973240832507433,0.0,0,0.0,3,141.40880427800485,157.92401471165365,1.0,0.68
main,v040,LOLO-nes-f0,secondary,LOLO,nested,0,A,Centralized PPO|ppo_multi_site_seed13_20260516T092257/ppo_multi_site.zip,Centralized PPO,13,L,"May 2026, pre-781c90c reward",all,-16763.16374369733,6017.228128162374,10731.740214134956,1.8204014000000002,12.375,2253.6236120321173,2253.1685116821172,0.046481665014866204,0.014469772051536175,0.04618434093161546,0.046481665014866204,0.111199207135778,96,0.9133795837462835,469,99.32594312512941,2273.185268772556,0.8627391765554339,0.69
main,v040,LOLO-nes-f0,secondary,LOLO,nested,0,A,Centralized PPO|ppo_multi_site_seed13_20260516T092257/ppo_multi_site.zip,Centralized PPO,13,L,"May 2026, pre-781c90c reward",0,-1319.868036520481,1319.868036520481,0.0,0.0,0.0,206.51618097686648,206.51618097686648,0.0,0.0,0.0,0.0,0.0,0,0.0,0,0.0,0.0,0.0,0.69
main,v040,LOLO-nes-f0,secondary,LOLO,nested,0,A,Centralized PPO|ppo_multi_site_seed13_20260516T092257/ppo_multi_site.zip,Centralized PPO,13,L,"May 2026, pre-781c90c reward",1,-2069.685462382772,891.1312969719478,1177.5007686108243,0.3033968,0.75,227.04090094620955,226.96505174620953,0.049554013875123884,0.02576808721506442,0.049554013875123884,0.049554013875123884,0.04261645193260654,16,1.522299306243806,50,86.1097361697053,1313.5543850914635,0.8850005124072163,0.69
main,v040,LOLO-nes-f0,secondary,LOLO,nested,0,A,Centralized PPO|ppo_multi_site_seed13_20260516T092257/ppo_multi_site.zip,Centralized PPO,13,L,"May 2026, pre-781c90c reward",2,-284.7778766290005,284.7778766290005,0.0,0.0,0.0,206.7288077925314,206.7288077925314,0.0,0.0,0.0,0.0,0.0,0,0.0,0,0.0,0.0,0.0,0.69
main,v040,LOLO-nes-f0,secondary,LOLO,nested,0,A,Centralized PPO|ppo_multi_site_seed13_20260516T092257/ppo_multi_site.zip,Centralized PPO,13,L,"May 2026, pre-781c90c reward",3,-137.66242869830683,137.66242869830683,0.0,0.0,0.0,207.15558665690253,207.15558665690253,0.0,0.0,0.0,0.0,0.0,0,0.0,0,0.0,0.0,0.0,0.69
main,v040,LOLO-nes-f0,secondary,LOLO,nested,0,A,Centralized PPO|ppo_multi_site_seed13_20260516T092257/ppo_multi_site.zip,Centralized PPO,13,L,"May 2026, pre-781c90c reward",4,-1033.9796228821901,666.0854848166814,363.0373444655088,0.6067936,4.25,200.90198953899355,200.75029113899353,0.015857284440039643,0.0019821605550049554,0.015857284440039643,0.015857284440039643,0.19425173439048563,32,3.044598612487612,16,38.45602432103876,298.66350073587404,0.8563278009698099,0.69
main,v040,LOLO-nes-f0,secondary,LOLO,nested,0,A,Centralized PPO|ppo_multi_site_seed13_20260516T092257/ppo_multi_site.zip,Centralized PPO,13,L,"May 2026, pre-781c90c reward",5,-442.5363323620205,442.5363323620205,0.0,0.0,0.0,206.64624420771796,206.64624420771796,0.0,0.0,0.0,0.0,0.0,0,0.0,0,0.0,0.0,0.0,0.69
main,v040,LOLO-nes-f0,secondary,LOLO,nested,0,A,Centralized PPO|ppo_multi_site_seed13_20260516T092257/ppo_multi_site.zip,Centralized PPO,13,L,"May 2026, pre-781c90c reward",6,-9978.094887677447,1033.1080751758655,8937.277450701582,0.8343617999999999,6.875,375.26471402564414,375.05612357564416,0.38850346878097125,0.1110009910802775,0.38850346878097125,0.38850346878097125,0.869177403369673,44,4.186323092170466,392,103.66302683007058,2273.185268772556,0.8599725723385698,0.69
main,v040,LOLO-nes-f0,secondary,LOLO,nested,0,A,Centralized PPO|ppo_multi_site_seed13_20260516T092257/ppo_multi_site.zip,Centralized PPO,13,L,"May 2026, pre-781c90c reward",7,-933.4104755636342,759.9099760065938,172.9246503570405,0.0758492,0.5,209.3053984068855,209.2864361068855,0.007928642220019821,0.002973240832507433,0.007928642220019821,0.007928642220019821,0.005946481665014866,4,0.3805748265609515,8,75.36889973026587,298.66350073587404,0.8205193764876686,0.69
main,v040,LOLO-nes-f0,secondary,LOLO,nested,0,A,Centralized PPO|ppo_multi_site_seed13_20260516T092257/ppo_multi_site.zip,Centralized PPO,13,L,"May 2026, pre-781c90c reward",8,-401.25198500836296,401.25198500836296,0.0,0.0,0.0,206.6413713722042,206.6413713722042,0.0,0.0,0.0,0.0,0.0,0,0.0,0,0.0,0.0,0.0,0.69
main,v040,LOLO-nes-f0,secondary,LOLO,nested,0,A,Centralized PPO|ppo_multi_site_seed13_20260516T092257/ppo_multi_site.zip,Centralized PPO,13,L,"May 2026, pre-781c90c reward",9,-161.89663597311326,80.89663597311326,81.0,0.0,0.0,207.42241810816222,207.42241810816222,0.002973240832507433,0.002973240832507433,0.0,0.002973240832507433,0.0,0,0.0,3,141.40880427800485,157.92401471165365,1.0,0.69
main,v040,LOLO-nes-f0,secondary,LOLO,nested,0,A,Centralized PPO|ppo_multi_site_seed99_20260516T092259/ppo_multi_site.zip,Centralized PPO,99,L,"May 2026, pre-781c90c reward",all,-7189.9109604726955,5916.963147135764,1265.3971507369315,1.1756626,6.375,2078.183909173077,2077.889993523077,0.005550049554013875,0.0009910802775024777,0.005252725470763132,0.005550049554013875,0.04618434093161546,61,0.580376610505451,56,14.043517606726763,298.66350073587404,0.8532125897243639,0.69
main,v040,LOLO-nes-f0,secondary,LOLO,nested,0,A,Centralized PPO|ppo_multi_site_seed99_20260516T092259/ppo_multi_site.zip,Centralized PPO,99,L,"May 2026, pre-781c90c reward",0,-1319.868036520481,1319.868036520481,0.0,0.0,0.0,206.51618097686648,206.51618097686648,0.0,0.0,0.0,0.0,0.0,0,0.0,0,0.0,0.0,0.0,0.69
main,v040,LOLO-nes-f0,secondary,LOLO,nested,0,A,Centralized PPO|ppo_multi_site_seed99_20260516T092259/ppo_multi_site.zip,Centralized PPO,99,L,"May 2026, pre-781c90c reward",1,-867.5973344368833,867.5973344368833,0.0,0.0,0.0,206.60251259888184,206.60251259888184,0.0,0.0,0.0,0.0,0.0,0,0.0,0,0.0,0.0,0.0,0.69
main,v040,LOLO-nes-f0,secondary,LOLO,nested,0,A,Centralized PPO|ppo_multi_site_seed99_20260516T092259/ppo_multi_site.zip,Centralized PPO,99,L,"May 2026, pre-781c90c reward",2,-284.7778766290005,284.7778766290005,0.0,0.0,0.0,206.7288077925314,206.7288077925314,0.0,0.0,0.0,0.0,0.0,0,0.0,0,0.0,0.0,0.0,0.69
main,v040,LOLO-nes-f0,secondary,LOLO,nested,0,A,Centralized PPO|ppo_multi_site_seed99_20260516T092259/ppo_multi_site.zip,Centralized PPO,99,L,"May 2026, pre-781c90c reward",3,-137.66242869830683,137.66242869830683,0.0,0.0,0.0,207.15558665690253,207.15558665690253,0.0,0.0,0.0,0.0,0.0,0,0.0,0,0.0,0.0,0.0,0.69
main,v040,LOLO-nes-f0,secondary,LOLO,nested,0,A,Centralized PPO|ppo_multi_site_seed99_20260516T092259/ppo_multi_site.zip,Centralized PPO,99,L,"May 2026, pre-781c90c reward",4,-954.7577229249932,954.7577229249932,0.0,0.0,0.0,206.55995654413678,206.55995654413678,0.0,0.0,0.0,0.0,0.0,0,0.0,0,0.0,0.0,0.0,0.69
main,v040,LOLO-nes-f0,secondary,LOLO,nested,0,A,Centralized PPO|ppo_multi_site_seed99_20260516T092259/ppo_multi_site.zip,Centralized PPO,99,L,"May 2026, pre-781c90c reward",5,-442.5363323620205,442.5363323620205,0.0,0.0,0.0,206.64624420771796,206.64624420771796,0.0,0.0,0.0,0.0,0.0,0,0.0,0,0.0,0.0,0.0,0.69
main,v040,LOLO-nes-f0,secondary,LOLO,nested,0,A,Centralized PPO|ppo_multi_site_seed99_20260516T092259/ppo_multi_site.zip,Centralized PPO,99,L,"May 2026, pre-781c90c reward",6,-1065.4624577541315,753.9167712144285,307.726817539703,0.5688690000000001,3.25,206.05912704624757,205.91690979624758,0.01288404360753221,0.0019821605550049554,0.01288404360753221,0.01288404360753221,0.19425173439048563,30,2.8543111992071357,13,1.3859790674879489,1.868016915146271,0.8890431218966743,0.69
main,v040,LOLO-nes-f0,secondary,LOLO,nested,0,A,Centralized PPO|ppo_multi_site_seed99_20260516T092259/ppo_multi_site.zip,Centralized PPO,99,L,"May 2026, pre-781c90c reward",7,-1554.1001501654014,673.6980233681729,876.6703331972284,0.6067936,3.125,217.85170386942627,217.7000054694263,0.03964321110009911,0.004955401387512388,0.03964321110009911,0.03964321110009911,0.267591674925669,31,2.949454905847374,40,8.604821131633521,298.66350073587404,0.8305586109976903,0.69
main,v040,LOLO-nes-f0,secondary,LOLO,nested,0,A,Centralized PPO|ppo_multi_site_seed99_20260516T092259/ppo_multi_site.zip,Centralized PPO,99,L,"May 2026, pre-781c90c reward",8,-401.25198500836296,401.25198500836296,0.0,0.0,0.0,206.6413713722042,206.6413713722042,0.0,0.0,0.0,0.0,0.0,0,0.0,0,0.0,0.0,0.0,0.69
main,v040,LOLO-nes-f0,secondary,LOLO,nested,0,A,Centralized PPO|ppo_multi_site_seed99_20260516T092259/ppo_multi_site.zip,Centralized PPO,99,L,"May 2026, pre-781c90c reward",9,-161.89663597311326,80.89663597311326,81.0,0.0,0.0,207.42241810816222,207.42241810816222,0.002973240832507433,0.002973240832507433,0.0,0.002973240832507433,0.0,0,0.0,3,141.40880427800485,157.92401471165365,1.0,0.69
main,v040,LOLO-nes-f0,secondary,LOLO,nested,0,A,Centralized PPO|ppo_multi_site_seed7_20260517T003435/best_model.zip,Centralized PPO,7,L,"May 2026, pre-781c90c reward; run has no final save (best_model.zip only)",all,-29759.984914569817,6281.027118932869,23432.54878643695,3.0340092,43.375,2487.453056443018,2486.694554143018,0.10386521308225967,0.021902874132804756,0.10356788899900891,0.10386521308225967,0.2585728444003964,160,1.522299306243806,1048,41.8835272049449,3190.2962989126227,0.8453100759044833,0.69
main,v040,LOLO-nes-f0,secondary,LOLO,nested,0,A,Centralized PPO|ppo_multi_site_seed7_20260517T003435/best_model.zip,Centralized PPO,7,L,"May 2026, pre-781c90c reward; run has no final save (best_model.zip only)",0,-6238.936224177984,1234.279221856737,5004.656981721246,2.06e-05,0.0,309.32810846546096,309.32810331546096,0.21704658077304262,0.014866204162537165,0.21704658077304262,0.21704658077304262,1.0,0,0.0,219,10.870657141034318,298.66350073587404,0.861743832834284,0.69
main,v040,LOLO-nes-f0,secondary,LOLO,nested,0,A,Centralized PPO|ppo_multi_site_seed7_20260517T003435/best_model.zip,Centralized PPO,7,L,"May 2026, pre-781c90c reward; run has no final save (best_model.zip only)",1,-867.5973344368833,867.5973344368833,0.0,0.0,0.0,206.60251259888184,206.60251259888184,0.0,0.0,0.0,0.0,0.0,0,0.0,0,0.0,0.0,0.0,0.69
main,v040,LOLO-nes-f0,secondary,LOLO,nested,0,A,Centralized PPO|ppo_multi_site_seed7_20260517T003435/best_model.zip,Centralized PPO,7,L,"May 2026, pre-781c90c reward; run has no final save (best_model.zip only)",2,-1466.2312609382448,327.2035347312616,1134.7467818069836,0.5309444000000001,3.75,226.6013074849983,226.4685713849983,0.05054509415262636,0.003964321110009911,0.05054509415262636,0.05054509415262636,0.11199207135777998,28,2.66402378592666,51,12.19378944971986,298.66350073587404,0.8416645632725381,0.69
main,v040,LOLO-nes-f0,secondary,LOLO,nested,0,A,Centralized PPO|ppo_multi_site_seed7_20260517T003435/best_model.zip,Centralized PPO,7,L,"May 2026, pre-781c90c reward; run has no final save (best_model.zip only)",3,-137.66242869830683,137.66242869830683,0.0,0.0,0.0,207.15558665690253,207.15558665690253,0.0,0.0,0.0,0.0,0.0,0,0.0,0,0.0,0.0,0.0,0.69
main,v040,LOLO-nes-f0,secondary,LOLO,nested,0,A,Centralized PPO|ppo_multi_site_seed7_20260517T003435/best_model.zip,Centralized PPO,7,L,"May 2026, pre-781c90c reward; run has no final save (best_model.zip only)",4,-14304.977969158059,1062.6240368199258,13242.353911738132,2.06e-05,0.0,447.34625229851827,447.3462471485182,0.5906838453914767,0.18434093161546086,0.5906838453914767,0.5906838453914767,1.0,0,0.0,596,60.06778723403528,3190.2962989126227,0.8406238205670097,0.69
main,v040,LOLO-nes-f0,secondary,LOLO,nested,0,A,Centralized PPO|ppo_multi_site_seed7_20260517T003435/best_model.zip,Centralized PPO,7,L,"May 2026, pre-781c90c reward; run has no final save (best_model.zip only)",5,-442.5363323620205,442.5363323620205,0.0,0.0,0.0,206.64624420771796,206.64624420771796,0.0,0.0,0.0,0.0,0.0,0,0.0,0,0.0,0.0,0.0,0.69
main,v040,LOLO-nes-f0,secondary,LOLO,nested,0,A,Centralized PPO|ppo_multi_site_seed7_20260517T003435/best_model.zip,Centralized PPO,7,L,"May 2026, pre-781c90c reward; run has no final save (best_model.zip only)",6,-954.9025884800039,954.9025884800039,0.0,0.0,0.0,206.55411522813807,206.55411522813807,0.0,0.0,0.0,0.0,0.0,0,0.0,0,0.0,0.0,0.0,0.69
main,v040,LOLO-nes-f0,secondary,LOLO,nested,0,A,Centralized PPO|ppo_multi_site_seed7_20260517T003435/best_model.zip,Centralized PPO,7,L,"May 2026, pre-781c90c reward; run has no final save (best_model.zip only)",7,-4783.992155336844,772.073020566253,3969.7911111705916,2.5030236,39.625,263.1551400220337,262.5293841220338,0.1774033696729435,0.01288404360753221,0.1774033696729435,0.1774033696729435,0.47373637264618434,132,12.558969276511398,179,26.07123871866464,2273.185268772556,0.8392534657673353,0.69
main,v040,LOLO-nes-f0,secondary,LOLO,nested,0,A,Centralized PPO|ppo_multi_site_seed7_20260517T003435/best_model.zip,Centralized PPO,7,L,"May 2026, pre-781c90c reward; run has no final save (best_model.zip only)",8,-401.25198500836296,401.25198500836296,0.0,0.0,0.0,206.6413713722042,206.6413713722042,0.0,0.0,0.0,0.0,0.0,0,0.0,0,0.0,0.0,0.0,0.69
main,v040,LOLO-nes-f0,secondary,LOLO,nested,0,A,Centralized PPO|ppo_multi_site_seed7_20260517T003435/best_model.zip,Centralized PPO,7,L,"May 2026, pre-781c90c reward; run has no final save (best_model.zip only)",9,-161.89663597311326,80.89663597311326,81.0,0.0,0.0,207.42241810816222,207.42241810816222,0.002973240832507433,0.002973240832507433,0.0,0.002973240832507433,0.0,0,0.0,3,141.40880427800485,157.92401471165365,1.0,0.69
main,v040,LOLO-nes-f0,secondary,LOLO,nested,0,A,Centralized PPO|ppo_multi_site_seed13_20260517T003435/best_model.zip,Centralized PPO,13,L,"May 2026, pre-781c90c reward; run has no final save (best_model.zip only)",all,-28993.549496846575,5959.855676387735,22954.26358125884,4.930239200000001,74.5,2456.3064546683136,2455.073894868314,0.10158572844400396,0.022596630327056492,0.10128840436075322,0.10158572844400396,0.24321110009910804,259,2.4642220019821606,1025,59.881669865751824,2273.185268772556,0.8464801164637021,0.71
main,v040,LOLO-nes-f0,secondary,LOLO,nested,0,A,Centralized PPO|ppo_multi_site_seed13_20260517T003435/best_model.zip,Centralized PPO,13,L,"May 2026, pre-781c90c reward; run has no final save (best_model.zip only)",0,-1123.471946886292,968.0551251143693,151.03332977192267,0.7584919999999999,3.625,195.02935174183307,194.83972874183308,0.005946481665014866,0.0,0.005946481665014866,0.005946481665014866,0.27353815659068387,40,3.8057482656095147,6,1.5497560716078624,1.868016915146271,0.9390740542884592,0.71
main,v040,LOLO-nes-f0,secondary,LOLO,nested,0,A,Centralized PPO|ppo_multi_site_seed13_20260517T003435/best_model.zip,Centralized PPO,13,L,"May 2026, pre-781c90c reward; run has no final save (best_model.zip only)",1,-867.5973344368833,867.5973344368833,0.0,0.0,0.0,206.60251259888184,206.60251259888184,0.0,0.0,0.0,0.0,0.0,0,0.0,0,0.0,0.0,0.0,0.71
main,v040,LOLO-nes-f0,secondary,LOLO,nested,0,A,Centralized PPO|ppo_multi_site_seed13_20260517T003435/best_model.zip,Centralized PPO,13,L,"May 2026, pre-781c90c reward; run has no final save (best_model.zip only)",2,-284.7778766290005,284.7778766290005,0.0,0.0,0.0,206.7288077925314,206.7288077925314,0.0,0.0,0.0,0.0,0.0,0,0.0,0,0.0,0.0,0.0,0.71
main,v040,LOLO-nes-f0,secondary,LOLO,nested,0,A,Centralized PPO|ppo_multi_site_seed13_20260517T003435/best_model.zip,Centralized PPO,13,L,"May 2026, pre-781c90c reward; run has no final save (best_model.zip only)",3,-137.66242869830683,137.66242869830683,0.0,0.0,0.0,207.15558665690253,207.15558665690253,0.0,0.0,0.0,0.0,0.0,0,0.0,0,0.0,0.0,0.0,0.71
main,v040,LOLO-nes-f0,secondary,LOLO,nested,0,A,Centralized PPO|ppo_multi_site_seed13_20260517T003435/best_model.zip,Centralized PPO,13,L,"May 2026, pre-781c90c reward; run has no final save (best_model.zip only)",4,-2220.2540681810506,706.6001749020606,1494.8265322789903,1.327361,17.5,221.09069691494003,220.75885666494003,0.07036669970267592,0.004955401387512388,0.07036669970267592,0.07036669970267592,0.3280475718533201,69,6.564915758176412,71,9.537150931258134,298.66350073587404,0.8017964940276948,0.71
main,v040,LOLO-nes-f0,secondary,LOLO,nested,0,A,Centralized PPO|ppo_multi_site_seed13_20260517T003435/best_model.zip,Centralized PPO,13,L,"May 2026, pre-781c90c reward; run has no final save (best_model.zip only)",5,-442.5363323620205,442.5363323620205,0.0,0.0,0.0,206.64624420771796,206.64624420771796,0.0,0.0,0.0,0.0,0.0,0,0.0,0,0.0,0.0,0.0,0.71
main,v040,LOLO-nes-f0,secondary,LOLO,nested,0,A,Centralized PPO|ppo_multi_site_seed13_20260517T003435/best_model.zip,Centralized PPO,13,L,"May 2026, pre-781c90c reward; run has no final save (best_model.zip only)",6,-9705.973369202158,1004.0860009262847,8645.668002675875,2.8443656,53.375,355.17521587392264,354.46412447392265,0.3726461843409316,0.09117938553022795,0.3726461843409316,0.3726461843409316,0.8305252725470763,150,14.27155599603568,376,108.0533672445595,2273.185268772556,0.8664599293152372,0.71
main,v040,LOLO-nes-f0,secondary,LOLO,nested,0,A,Centralized PPO|ppo_multi_site_seed13_20260517T003435/best_model.zip,Centralized PPO,13,L,"May 2026, pre-781c90c reward; run has no final save (best_model.zip only)",7,-13648.127519469384,1066.391782337333,12581.735716532054,2.06e-05,0.0,443.81424940121815,443.81424425121816,0.5639246778989098,0.12685827552031714,0.5639246778989098,0.5639246778989098,1.0,0,0.0,569,34.51666584017272,2273.185268772556,0.8370671187189253,0.71
main,v040,LOLO-nes-f0,secondary,LOLO,nested,0,A,Centralized PPO|ppo_multi_site_seed13_20260517T003435/best_model.zip,Centralized PPO,13,L,"May 2026, pre-781c90c reward; run has no final save (best_model.zip only)",8,-401.25198500836296,401.25198500836296,0.0,0.0,0.0,206.6413713722042,206.6413713722042,0.0,0.0,0.0,0.0,0.0,0,0.0,0,0.0,0.0,0.0,0.71
main,v040,LOLO-nes-f0,secondary,LOLO,nested,0,A,Centralized PPO|ppo_multi_site_seed13_20260517T003435/best_model.zip,Centralized PPO,13,L,"May 2026, pre-781c90c reward; run has no final save (best_model.zip only)",9,-161.89663597311326,80.89663597311326,81.0,0.0,0.0,207.42241810816222,207.42241810816222,0.002973240832507433,0.002973240832507433,0.0,0.002973240832507433,0.0,0,0.0,3,141.40880427800485,157.92401471165365,1.0,0.71
main,v040,LOLO-nes-f0,secondary,LOLO,nested,0,A,Centralized PPO|ppo_multi_site_seed42_20260517T003436/best_model.zip,Centralized PPO,42,L,"May 2026, pre-781c90c reward; run has no final save (best_model.zip only)",all,-45085.75197428549,6469.634909733719,38528.53088095177,5.4611836,82.125,2739.914029565831,2738.5487336658307,0.16729435084241823,0.0554013875123885,0.1669970267591675,0.16729435084241823,0.2734390485629336,287,2.7306243805748265,1688,109.21842369563858,3190.2962989126227,0.8608319684232183,0.73
main,v040,LOLO-nes-f0,secondary,LOLO,nested,0,A,Centralized PPO|ppo_multi_site_seed42_20260517T003436/best_model.zip,Centralized PPO,42,L,"May 2026, pre-781c90c reward; run has no final save (best_model.zip only)",0,-2035.7316935108042,997.0963367826429,1030.0130909281615,0.8722657999999999,7.75,212.41609907873746,212.19803262873748,0.04360753221010902,0.004955401387512388,0.04360753221010902,0.04360753221010902,0.43508424182358774,45,4.281466798810704,44,21.662167450369445,298.66350073587404,0.8803129476728496,0.73
main,v040,LOLO-nes-f0,secondary,LOLO,nested,0,A,Centralized PPO|ppo_multi_site_seed42_20260517T003436/best_model.zip,Centralized PPO,42,L,"May 2026, pre-781c90c reward; run has no final save (best_model.zip only)",1,-16498.448632151194,932.2080635900644,15545.04943376113,1.4411348,19.75,483.7483482597776,483.3880645597776,0.6600594648166501,0.2814667988107037,0.6600594648166501,0.6600594648166501,0.9147670961347869,75,7.13577799801784,666,194.00448813668123,3190.2962989126227,0.8780305021902466,0.73
main,v040,LOLO-nes-f0,secondary,LOLO,nested,0,A,Centralized PPO|ppo_multi_site_seed42_20260517T003436/best_model.zip,Centralized PPO,42,L,"May 2026, pre-781c90c reward; run has no final save (best_model.zip only)",2,-284.7778766290005,284.7778766290005,0.0,0.0,0.0,206.7288077925314,206.7288077925314,0.0,0.0,0.0,0.0,0.0,0,0.0,0,0.0,0.0,0.0,0.73
main,v040,LOLO-nes-f0,secondary,LOLO,nested,0,A,Centralized PPO|ppo_multi_site_seed42_20260517T003436/best_model.zip,Centralized PPO,42,L,"May 2026, pre-781c90c reward; run has no final save (best_model.zip only)",3,-137.66242869830683,137.66242869830683,0.0,0.0,0.0,207.15558665690253,207.15558665690253,0.0,0.0,0.0,0.0,0.0,0,0.0,0,0.0,0.0,0.0,0.73
main,v040,LOLO-nes-f0,secondary,LOLO,nested,0,A,Centralized PPO|ppo_multi_site_seed42_20260517T003436/best_model.zip,Centralized PPO,42,L,"May 2026, pre-781c90c reward; run has no final save (best_model.zip only)",4,-9845.713953109731,1154.1238119747643,8635.04492633497,2.9202148,53.625,347.6209064683412,346.8908527683412,0.37561942517343905,0.12983151635282458,0.37561942517343905,0.37561942517343905,0.35777998017839446,155,14.747274529236869,379,81.41252364398207,3190.2962989126227,0.859458656669742,0.73
main,v040,LOLO-nes-f0,secondary,LOLO,nested,0,A,Centralized PPO|ppo_multi_site_seed42_20260517T003436/best_model.zip,Centralized PPO,42,L,"May 2026, pre-781c90c reward; run has no final save (best_model.zip only)",5,-442.5363323620205,442.5363323620205,0.0,0.0,0.0,206.64624420771796,206.64624420771796,0.0,0.0,0.0,0.0,0.0,0,0.0,0,0.0,0.0,0.0,0.73
main,v040,LOLO-nes-f0,secondary,LOLO,nested,0,A,Centralized PPO|ppo_multi_site_seed42_20260517T003436/best_model.zip,Centralized PPO,42,L,"May 2026, pre-781c90c reward; run has no final save (best_model.zip only)",6,-1600.848585478663,971.3462490832062,628.6877133954569,0.189623,0.625,217.21582033745943,217.16841458745944,0.02576808721506442,0.007928642220019821,0.02576808721506442,0.02576808721506442,0.024777006937561942,10,0.9514370664023787,26,126.12119144289629,2092.2389680573087,0.9060098889685343,0.73
main,v040,LOLO-nes-f0,secondary,LOLO,nested,0,A,Centralized PPO|ppo_multi_site_seed42_20260517T003436/best_model.zip,Centralized PPO,42,L,"May 2026, pre-781c90c reward; run has no final save (best_model.zip only)",7,-13648.127519469384,1066.391782337333,12581.735716532054,2.06e-05,0.0,443.81424940121815,443.81424425121816,0.5639246778989098,0.12685827552031714,0.5639246778989098,0.5639246778989098,1.0,0,0.0,569,34.51666584017272,2273.185268772556,0.8370671187189253,0.73
main,v040,LOLO-nes-f0,secondary,LOLO,nested,0,A,Centralized PPO|ppo_multi_site_seed42_20260517T003436/best_model.zip,Centralized PPO,42,L,"May 2026, pre-781c90c reward; run has no final save (best_model.zip only)",8,-430.0083169032674,402.5953923032674,27.0,0.0379246,0.375,207.14554925498263,207.13606810498263,0.0009910802775024777,0.0,0.0009910802775024777,0.0009910802775024777,0.0019821605550049554,2,0.19028741328047574,1,1.868016915146271,1.868016915146271,1.0,0.73
main,v040,LOLO-nes-f0,secondary,LOLO,nested,0,A,Centralized PPO|ppo_multi_site_seed42_20260517T003436/best_model.zip,Centralized PPO,42,L,"May 2026, pre-781c90c reward; run has no final save (best_model.zip only)",9,-161.89663597311326,80.89663597311326,81.0,0.0,0.0,207.42241810816222,207.42241810816222,0.002973240832507433,0.002973240832507433,0.0,0.002973240832507433,0.0,0,0.0,3,141.40880427800485,157.92401471165365,1.0,0.73
main,v040,LOLO-nes-f0,secondary,LOLO,nested,0,A,Centralized PPO|ppo_multi_site_seed99_20260517T003436/best_model.zip,Centralized PPO,99,L,"May 2026, pre-781c90c reward; run has no final save (best_model.zip only)",all,-43788.28958603705,6273.732477812249,37362.5267662248,9.405342000000001,142.625,2709.0534977729394,2706.702162272939,0.15777998017839445,0.050743310208126856,0.1574826560951437,0.15777998017839445,0.32854311199207137,493,4.690584737363727,1592,141.75934373849122,3190.2962989126227,0.8822974616043717,0.7
main,v040,LOLO-nes-f0,secondary,LOLO,nested,0,A,Centralized PPO|ppo_multi_site_seed99_20260517T003436/best_model.zip,Centralized PPO,99,L,"May 2026, pre-781c90c reward; run has no final save (best_model.zip only)",0,-6238.936224177984,1234.279221856737,5004.656981721246,2.06e-05,0.0,309.32810846546096,309.32810331546096,0.21704658077304262,0.014866204162537165,0.21704658077304262,0.21704658077304262,1.0,0,0.0,219,10.870657141034318,298.66350073587404,0.861743832834284,0.7
main,v040,LOLO-nes-f0,secondary,LOLO,nested,0,A,Centralized PPO|ppo_multi_site_seed99_20260517T003436/best_model.zip,Centralized PPO,99,L,"May 2026, pre-781c90c reward; run has no final save (best_model.zip only)",1,-9561.299636571766,761.8942158990502,8750.670603472718,3.1098172,45.625,338.5255708855424,337.74811658554233,0.3736372646184341,0.11397423191278494,0.3736372646184341,0.3736372646184341,0.5530227948463825,163,15.508424182358771,377,162.8363009168523,3190.2962989126227,0.873710928689011,0.7
main,v040,LOLO-nes-f0,secondary,LOLO,nested,0,A,Centralized PPO|ppo_multi_site_seed99_20260517T003436/best_model.zip,Centralized PPO,99,L,"May 2026, pre-781c90c reward; run has no final save (best_model.zip only)",2,-284.7778766290005,284.7778766290005,0.0,0.0,0.0,206.7288077925314,206.7288077925314,0.0,0.0,0.0,0.0,0.0,0,0.0,0,0.0,0.0,0.0,0.7
main,v040,LOLO-nes-f0,secondary,LOLO,nested,0,A,Centralized PPO|ppo_multi_site_seed99_20260517T003436/best_model.zip,Centralized PPO,99,L,"May 2026, pre-781c90c reward; run has no final save (best_model.zip only)",3,-137.66242869830683,137.66242869830683,0.0,0.0,0.0,207.15558665690253,207.15558665690253,0.0,0.0,0.0,0.0,0.0,0,0.0,0,0.0,0.0,0.0,0.7
main,v040,LOLO-nes-f0,secondary,LOLO,nested,0,A,Centralized PPO|ppo_multi_site_seed99_20260517T003436/best_model.zip,Centralized PPO,99,L,"May 2026, pre-781c90c reward; run has no final save (best_model.zip only)",4,-1079.5084709043745,959.1760901851665,119.88153151920818,0.0758492,0.375,208.84750285597235,208.82854055597235,0.004955401387512388,0.0019821605550049554,0.004955401387512388,0.004955401387512388,0.006937561942517344,4,0.3805748265609515,5,1.1880282591561102,1.868016915146271,0.8992102101280546,0.7
main,v040,LOLO-nes-f0,secondary,LOLO,nested,0,A,Centralized PPO|ppo_multi_site_seed99_20260517T003436/best_model.zip,Centralized PPO,99,L,"May 2026, pre-781c90c reward; run has no final save (best_model.zip only)",5,-11835.762185471285,621.1636262477107,11132.793361223576,4.930198,76.875,378.51763471255265,377.28508521255264,0.4499504459861249,0.21902874132804756,0.4499504459861249,0.4499504459861249,0.41427155599603566,259,24.642220019821607,454,237.4874417587556,3190.2962989126227,0.917385709340938,0.7
main,v040,LOLO-nes-f0,secondary,LOLO,nested,0,A,Centralized PPO|ppo_multi_site_seed99_20260517T003436/best_model.zip,Centralized PPO,99,L,"May 2026, pre-781c90c reward; run has no final save (best_model.zip only)",6,-11840.095885369574,1101.7288745300755,10738.366990239498,2.06e-05,0.0,419.20624905027455,419.20624390027456,0.4618434093161546,0.14767096134786917,0.4618434093161546,0.4618434093161546,1.0,0,0.0,466,114.32911590628505,2273.185268772556,0.8681235329212801,0.7
main,v040,LOLO-nes-f0,secondary,LOLO,nested,0,A,Centralized PPO|ppo_multi_site_seed99_20260517T003436/best_model.zip,Centralized PPO,99,L,"May 2026, pre-781c90c reward; run has no final save (best_model.zip only)",7,-2247.098257233283,690.901522784726,1535.157298048557,1.2894364,19.75,226.68024787333584,226.35788877333584,0.06739345887016848,0.006937561942517344,0.06739345887016848,0.06739345887016848,0.311199207135778,67,6.374628344895937,68,5.648275694184329,298.66350073587404,0.8525280872787043,0.7
main,v040,LOLO-nes-f0,secondary,LOLO,nested,0,A,Centralized PPO|ppo_multi_site_seed99_20260517T003436/best_model.zip,Centralized PPO,99,L,"May 2026, pre-781c90c reward; run has no final save (best_model.zip only)",8,-401.25198500836296,401.25198500836296,0.0,0.0,0.0,206.6413713722042,206.6413713722042,0.0,0.0,0.0,0.0,0.0,0,0.0,0,0.0,0.0,0.0,0.7
main,v040,LOLO-nes-f0,secondary,LOLO,nested,0,A,Centralized PPO|ppo_multi_site_seed99_20260517T003436/best_model.zip,Centralized PPO,99,L,"May 2026, pre-781c90c reward; run has no final save (best_model.zip only)",9,-161.89663597311326,80.89663597311326,81.0,0.0,0.0,207.42241810816222,207.42241810816222,0.002973240832507433,0.002973240832507433,0.0,0.002973240832507433,0.0,0,0.0,3,141.40880427800485,157.92401471165365,1.0,0.7
main,v040,LOLO-nes-f0,secondary,LOLO,nested,0,A,IPPO|wcnc2027_ablation/ippo_seed1,IPPO,1,R,wcnc2027_ablation 2026-09-14,all,-5322.62759859548,4790.395746098737,507.6514678967435,3.8303846000000004,20.75,2006.5167882441997,2005.5591920941997,0.002180376610505451,0.00029732408325074334,0.0018830525272547076,0.002180376610505451,0.0804757185332012,201,1.9123885034687813,22,33.90119991001303,298.66350073587404,0.8691688907526416,166.72
main,v040,LOLO-nes-f0,secondary,LOLO,nested,0,A,IPPO|wcnc2027_ablation/ippo_seed1,IPPO,1,R,wcnc2027_ablation 2026-09-14,0,-985.5438513774175,937.7662721881572,43.231162589260116,0.7964165999999999,3.75,188.08889427774056,187.88979012774058,0.0019821605550049554,0.0,0.0019821605550049554,0.0019821605550049554,0.2358771060455897,41,3.9008919722497524,2,1.2545278340608041,1.868016915146271,0.8205193764876686,166.72
main,v040,LOLO-nes-f0,secondary,LOLO,nested,0,A,IPPO|wcnc2027_ablation/ippo_seed1,IPPO,1,R,wcnc2027_ablation 2026-09-14,1,-627.6643569395554,552.3755515502953,70.23116258926012,0.6826428,4.375,197.88158738959697,197.710926689597,0.002973240832507433,0.0,0.002973240832507433,0.002973240832507433,0.10406342913776016,36,3.4251734390485633,3,1.1705574285483535,1.868016915146271,0.8803462509917791,166.72
main,v040,LOLO-nes-f0,secondary,LOLO,nested,0,A,IPPO|wcnc2027_ablation/ippo_seed1,IPPO,1,R,wcnc2027_ablation 2026-09-14,2,-284.7778766290005,284.7778766290005,0.0,0.0,0.0,206.7288077925314,206.7288077925314,0.0,0.0,0.0,0.0,0.0,0,0.0,0,0.0,0.0,0.0,166.72
main,v040,LOLO-nes-f0,secondary,LOLO,nested,0,A,IPPO|wcnc2027_ablation/ippo_seed1,IPPO,1,R,wcnc2027_ablation 2026-09-14,3,-137.66242869830683,137.66242869830683,0.0,0.0,0.0,207.15558665690253,207.15558665690253,0.0,0.0,0.0,0.0,0.0,0,0.0,0,0.0,0.0,0.0,166.72
main,v040,LOLO-nes-f0,secondary,LOLO,nested,0,A,IPPO|wcnc2027_ablation/ippo_seed1,IPPO,1,R,wcnc2027_ablation 2026-09-14,4,-766.2768298682731,651.3214848897528,113.46232517852023,0.4930198,1.0,193.40335124140782,193.2800962914078,0.004955401387512388,0.0,0.004955401387512388,0.004955401387512388,0.14271555996035679,26,2.4737363726461843,5,1.3772256502778977,1.868016915146271,0.8564155011901349,166.72
main,v040,LOLO-nes-f0,secondary,LOLO,nested,0,A,IPPO|wcnc2027_ablation/ippo_seed1,IPPO,1,R,wcnc2027_ablation 2026-09-14,5,-459.66482793021294,399.22193876903015,59.264492361182775,0.30339679999999997,0.875,204.45140604971164,204.37555684971161,0.002973240832507433,0.0,0.002973240832507433,0.002973240832507433,0.05252725470763132,16,1.522299306243806,3,1.047833331284121,1.868016915146271,0.7584943595686976,166.72
main,v040,LOLO-nes-f0,secondary,LOLO,nested,0,A,IPPO|wcnc2027_ablation/ippo_seed1,IPPO,1,R,wcnc2027_ablation 2026-09-14,6,-810.070256649039,716.6977410705188,86.46232517852023,0.9101904000000001,6.0,196.30803385338015,196.08048625338012,0.003964321110009911,0.0,0.003964321110009911,0.003964321110009911,0.15758176412289396,48,4.566897918731417,4,75.45339878924275,298.66350073587404,0.8205193764876686,166.72
main,v040,LOLO-nes-f0,secondary,LOLO,nested,0,A,IPPO|wcnc2027_ablation/ippo_seed1,IPPO,1,R,wcnc2027_ablation 2026-09-14,7,-687.8185495221986,628.4238313221986,54.0,0.6447182,4.75,198.43533150256235,198.27415195256236,0.0019821605550049554,0.0,0.0019821605550049554,0.0019821605550049554,0.11199207135777998,34,3.2348860257680876,2,1.868016915146271,1.868016915146271,1.0,166.72
main,v040,LOLO-nes-f0,secondary,LOLO,nested,0,A,IPPO|wcnc2027_ablation/ippo_seed1,IPPO,1,R,wcnc2027_ablation 2026-09-14,8,-401.25198500836296,401.25198500836296,0.0,0.0,0.0,206.6413713722042,206.6413713722042,0.0,0.0,0.0,0.0,0.0,0,0.0,0,0.0,0.0,0.0,166.72
main,v040,LOLO-nes-f0,secondary,LOLO,nested,0,A,IPPO|wcnc2027_ablation/ippo_seed1,IPPO,1,R,wcnc2027_ablation 2026-09-14,9,-161.89663597311326,80.89663597311326,81.0,0.0,0.0,207.42241810816222,207.42241810816222,0.002973240832507433,0.002973240832507433,0.0,0.002973240832507433,0.0,0,0.0,3,141.40880427800485,157.92401471165365,1.0,166.72
main,v040,LOLO-nes-f0,secondary,LOLO,nested,0,A,IPPO|wcnc2027_ablation/ippo_seed7,IPPO,7,R,wcnc2027_ablation 2026-09-14,all,-5395.277170301196,4840.787706593713,518.4203053074833,3.9441584,32.125,2008.547435032515,2007.561395432515,0.002180376610505451,0.00029732408325074334,0.0018830525272547076,0.002180376610505451,0.0781962338949455,207,1.9694747274529236,22,20.435540904087034,157.92401471165365,0.8854853110719444,170.61
main,v040,LOLO-nes-f0,secondary,LOLO,nested,0,A,IPPO|wcnc2027_ablation/ippo_seed7,IPPO,7,R,wcnc2027_ablation 2026-09-14,0,-1012.155249581268,938.991444192008,70.23116258926012,0.6826428,2.25,188.5761359842685,188.4054752842685,0.002973240832507433,0.0,0.002973240832507433,0.002973240832507433,0.2487611496531219,35,3.3300297324083252,3,1.4590241944226265,1.868016915146271,0.8803462509917791,170.61
main,v040,LOLO-nes-f0,secondary,LOLO,nested,0,A,IPPO|wcnc2027_ablation/ippo_seed7,IPPO,7,R,wcnc2027_ablation 2026-09-14,1,-628.4209176264665,543.0407908372064,70.23116258926012,1.0239642,14.125,197.00740638135215,196.75141533135215,0.002973240832507433,0.0,0.002973240832507433,0.002973240832507433,0.12289395441030723,54,5.137760158572845,3,1.1705574285483535,1.868016915146271,0.8803462509917791,170.61
main,v040,LOLO-nes-f0,secondary,LOLO,nested,0,A,IPPO|wcnc2027_ablation/ippo_seed7,IPPO,7,R,wcnc2027_ablation 2026-09-14,2,-284.7778766290005,284.7778766290005,0.0,0.0,0.0,206.7288077925314,206.7288077925314,0.0,0.0,0.0,0.0,0.0,0,0.0,0,0.0,0.0,0.0,170.61
main,v040,LOLO-nes-f0,secondary,LOLO,nested,0,A,IPPO|wcnc2027_ablation/ippo_seed7,IPPO,7,R,wcnc2027_ablation 2026-09-14,3,-137.66242869830683,137.66242869830683,0.0,0.0,0.0,207.15558665690253,207.15558665690253,0.0,0.0,0.0,0.0,0.0,0,0.0,0,0.0,0.0,0.0,170.61
main,v040,LOLO-nes-f0,secondary,LOLO,nested,0,A,IPPO|wcnc2027_ablation/ippo_seed7,IPPO,7,R,wcnc2027_ablation 2026-09-14,4,-738.9553918823298,651.0000469038094,86.46232517852023,0.4930198,1.0,193.38399764943924,193.26074269943922,0.003964321110009911,0.0,0.003964321110009911,0.003964321110009911,0.14469772051536176,26,2.4737363726461843,4,1.2545278340608041,1.868016915146271,0.8205193764876686,170.61
main,v040,LOLO-nes-f0,secondary,LOLO,nested,0,A,IPPO|wcnc2027_ablation/ippo_seed7,IPPO,7,R,wcnc2027_ablation 2026-09-14,5,-458.76374205735624,414.0550318680961,43.231162589260116,0.22754760000000002,1.25,205.2491849437769,205.19229804377687,0.0019821605550049554,0.0,0.0019821605550049554,0.0019821605550049554,0.02973240832507433,12,1.1417244796828543,2,1.2545278340608041,1.868016915146271,0.8205193764876686,170.61
main,v040,LOLO-nes-f0,secondary,LOLO,nested,0,A,IPPO|wcnc2027_ablation/ippo_seed7,IPPO,7,R,wcnc2027_ablation 2026-09-14,6,-789.43005432206,764.4024751327997,16.231162589260116,0.7964166,8.0,197.85692876604287,197.6578246160429,0.0009910802775024777,0.0,0.0009910802775024777,0.0009910802775024777,0.08721506442021804,42,3.9960356788899905,1,0.6410387529753372,0.6410387529753372,0.6410387529753372,170.61
main,v040,LOLO-nes-f0,secondary,LOLO,nested,0,A,IPPO|wcnc2027_ablation/ippo_seed7,IPPO,7,R,wcnc2027_ablation 2026-09-14,7,-781.9628885229322,624.7089913510096,151.03332977192267,0.7205674,5.5,198.52559737783514,198.3454555278351,0.005946481665014866,0.0,0.005946481665014866,0.005946481665014866,0.14866204162537167,38,3.615460852329039,6,1.5497560716078624,1.868016915146271,0.9390740542884592,170.61
main,v040,LOLO-nes-f0,secondary,LOLO,nested,0,A,IPPO|wcnc2027_ablation/ippo_seed7,IPPO,7,R,wcnc2027_ablation 2026-09-14,8,-401.25198500836296,401.25198500836296,0.0,0.0,0.0,206.6413713722042,206.6413713722042,0.0,0.0,0.0,0.0,0.0,0,0.0,0,0.0,0.0,0.0,170.61
main,v040,LOLO-nes-f0,secondary,LOLO,nested,0,A,IPPO|wcnc2027_ablation/ippo_seed7,IPPO,7,R,wcnc2027_ablation 2026-09-14,9,-161.89663597311326,80.89663597311326,81.0,0.0,0.0,207.42241810816222,207.42241810816222,0.002973240832507433,0.002973240832507433,0.0,0.002973240832507433,0.0,0,0.0,3,141.40880427800485,157.92401471165365,1.0,170.61
main,v040,LOLO-nes-f0,secondary,LOLO,nested,0,A,IPPO|wcnc2027_ablation/ippo_seed42,IPPO,42,R,wcnc2027_ablation 2026-09-14,all,-5327.537773584721,4768.305040298718,523.8826304860036,4.4751028,30.875,2004.7777838354573,2003.6590081354575,0.0022794846382556988,0.00029732408325074334,0.0019821605550049554,0.0022794846382556988,0.0846382556987116,234,2.226362735381566,23,30.900795766620323,262.91436659487954,0.85925018911015,166.98
main,v040,LOLO-nes-f0,secondary,LOLO,nested,0,A,IPPO|wcnc2027_ablation/ippo_seed42,IPPO,42,R,wcnc2027_ablation 2026-09-14,0,-1012.346873004647,932.6408970153868,70.23116258926012,1.0998134,8.375,187.68933731325546,187.41438396325543,0.002973240832507433,0.0,0.002973240832507433,0.002973240832507433,0.25867195242814667,57,5.423191278493558,3,1.4590241944226265,1.868016915146271,0.8803462509917791,166.98
main,v040,LOLO-nes-f0,secondary,LOLO,nested,0,A,IPPO|wcnc2027_ablation/ippo_seed42,IPPO,42,R,wcnc2027_ablation 2026-09-14,1,-623.2311273050913,548.0293973158311,70.23116258926012,0.7205674,4.25,197.45567054415713,197.27552869415712,0.002973240832507433,0.0,0.002973240832507433,0.002973240832507433,0.1199207135777998,38,3.615460852329039,3,1.1705574285483535,1.868016915146271,0.8803462509917791,166.98
main,v040,LOLO-nes-f0,secondary,LOLO,nested,0,A,IPPO|wcnc2027_ablation/ippo_seed42,IPPO,42,R,wcnc2027_ablation 2026-09-14,2,-284.7778766290005,284.7778766290005,0.0,0.0,0.0,206.7288077925314,206.7288077925314,0.0,0.0,0.0,0.0,0.0,0,0.0,0,0.0,0.0,0.0,166.98
main,v040,LOLO-nes-f0,secondary,LOLO,nested,0,A,IPPO|wcnc2027_ablation/ippo_seed42,IPPO,42,R,wcnc2027_ablation 2026-09-14,3,-137.66242869830683,137.66242869830683,0.0,0.0,0.0,207.15558665690253,207.15558665690253,0.0,0.0,0.0,0.0,0.0,0,0.0,0,0.0,0.0,0.0,166.98
main,v040,LOLO-nes-f0,secondary,LOLO,nested,0,A,IPPO|wcnc2027_ablation/ippo_seed42,IPPO,42,R,wcnc2027_ablation 2026-09-14,4,-737.2420847910882,649.6996644125679,86.46232517852023,0.45509520000000003,0.625,193.41034314129087,193.29656934129085,0.003964321110009911,0.0,0.003964321110009911,0.003964321110009911,0.14370664023785926,24,2.2834489593657086,4,1.2545278340608041,1.868016915146271,0.8205193764876686,166.98
main,v040,LOLO-nes-f0,secondary,LOLO,nested,0,A,IPPO|wcnc2027_ablation/ippo_seed42,IPPO,42,R,wcnc2027_ablation 2026-09-14,5,-458.09992279779317,397.5320336366104,59.264492361182775,0.30339679999999997,1.0,204.01287554609138,203.9370263460914,0.002973240832507433,0.0,0.002973240832507433,0.002973240832507433,0.05252725470763132,16,1.522299306243806,3,1.047833331284121,1.868016915146271,0.7584943595686976,166.98
main,v040,LOLO-nes-f0,secondary,LOLO,nested,0,A,IPPO|wcnc2027_ablation/ippo_seed42,IPPO,42,R,wcnc2027_ablation 2026-09-14,6,-817.260862318268,718.4487237397478,86.46232517852025,1.0998134,11.25,196.18136388024976,195.9064105302498,0.003964321110009911,0.0,0.003964321110009911,0.003964321110009911,0.13676907829534193,57,5.423191278493558,4,66.51611525399413,262.91436659487954,0.8205193764876686,166.98
main,v040,LOLO-nes-f0,secondary,LOLO,nested,0,A,IPPO|wcnc2027_ablation/ippo_seed42,IPPO,42,R,wcnc2027_ablation 2026-09-14,7,-686.0681204226847,628.2871760226847,54.0,0.5309444,3.25,198.403131121952,198.270395021952,0.0019821605550049554,0.0,0.0019821605550049554,0.0019821605550049554,0.11496531219028741,28,2.66402378592666,2,1.868016915146271,1.868016915146271,1.0,166.98
main,v040,LOLO-nes-f0,secondary,LOLO,nested,0,A,IPPO|wcnc2027_ablation/ippo_seed42,IPPO,42,R,wcnc2027_ablation 2026-09-14,8,-408.9518416447287,390.33020685546853,16.231162589260116,0.26547220000000005,2.125,206.31824973086486,206.25188168086487,0.0009910802775024777,0.0,0.0009910802775024777,0.0009910802775024777,0.019821605550049554,14,1.33201189296333,1,0.6410387529753372,0.6410387529753372,0.6410387529753372,166.98
main,v040,LOLO-nes-f0,secondary,LOLO,nested,0,A,IPPO|wcnc2027_ablation/ippo_seed42,IPPO,42,R,wcnc2027_ablation 2026-09-14,9,-161.89663597311326,80.89663597311326,81.0,0.0,0.0,207.42241810816222,207.42241810816222,0.002973240832507433,0.002973240832507433,0.0,0.002973240832507433,0.0,0,0.0,3,141.40880427800485,157.92401471165365,1.0,166.98
main,v040,LOLO-nes-f0,secondary,LOLO,nested,0,A,IPPO|wcnc2027_ablation/ippo_seed64,IPPO,64,R,wcnc2027_ablation 2026-09-14,all,-5267.654978931529,4864.385102785227,378.15581294630056,3.4890632000000004,21.625,2009.6363216889015,2008.7640558889016,0.0015857284440039642,0.00029732408325074334,0.001288404360753221,0.0015857284440039642,0.06868186323092171,183,1.741129831516353,16,27.59439635140241,157.92401471165365,0.8878246103047929,170.59
main,v040,LOLO-nes-f0,secondary,LOLO,nested,0,A,IPPO|wcnc2027_ablation/ippo_seed64,IPPO,64,R,wcnc2027_ablation 2026-09-14,0,-984.7998505152589,936.5222713259988,43.231162589260116,0.7964166,4.25,187.9722338308909,187.77312968089086,0.0019821605550049554,0.0,0.0019821605550049554,0.0019821605550049554,0.23785926660059464,41,3.9008919722497524,2,1.2545278340608041,1.868016915146271,0.8205193764876686,170.59
main,v040,LOLO-nes-f0,secondary,LOLO,nested,0,A,IPPO|wcnc2027_ablation/ippo_seed64,IPPO,64,R,wcnc2027_ablation 2026-09-14,1,-628.9567157291734,555.1187595399133,70.23116258926012,0.6067936,3.0,198.15002484835549,197.9983264483555,0.002973240832507433,0.0,0.002973240832507433,0.002973240832507433,0.10604558969276512,32,3.044598612487612,3,1.1705574285483535,1.868016915146271,0.8803462509917791,170.59
main,v040,LOLO-nes-f0,secondary,LOLO,nested,0,A,IPPO|wcnc2027_ablation/ippo_seed64,IPPO,64,R,wcnc2027_ablation 2026-09-14,2,-284.7778766290005,284.7778766290005,0.0,0.0,0.0,206.7288077925314,206.7288077925314,0.0,0.0,0.0,0.0,0.0,0,0.0,0,0.0,0.0,0.0,170.59
main,v040,LOLO-nes-f0,secondary,LOLO,nested,0,A,IPPO|wcnc2027_ablation/ippo_seed64,IPPO,64,R,wcnc2027_ablation 2026-09-14,3,-137.66242869830683,137.66242869830683,0.0,0.0,0.0,207.15558665690253,207.15558665690253,0.0,0.0,0.0,0.0,0.0,0,0.0,0,0.0,0.0,0.0,170.59
main,v040,LOLO-nes-f0,secondary,LOLO,nested,0,A,IPPO|wcnc2027_ablation/ippo_seed64,IPPO,64,R,wcnc2027_ablation 2026-09-14,4,-767.1942646573465,650.6630704788263,113.46232517852023,0.5688690000000001,2.5,193.46998684383283,193.32776959383284,0.004955401387512388,0.0,0.004955401387512388,0.004955401387512388,0.1377601585728444,30,2.8543111992071357,5,1.3772256502778977,1.868016915146271,0.8564155011901349,170.59
main,v040,LOLO-nes-f0,secondary,LOLO,nested,0,A,IPPO|wcnc2027_ablation/ippo_seed64,IPPO,64,R,wcnc2027_ablation 2026-09-14,5,-429.87265445267025,429.83472985267025,0.0,0.0379246,0.0,206.09779318250628,206.08831203250628,0.0,0.0,0.0,0.0,0.005946481665014866,2,0.19028741328047574,0,0.0,0.0,0.0,170.59
main,v040,LOLO-nes-f0,secondary,LOLO,nested,0,A,IPPO|wcnc2027_ablation/ippo_seed64,IPPO,64,R,wcnc2027_ablation 2026-09-14,6,-784.9679473936035,760.9403682043434,16.231162589260116,0.7964166,7.0,197.55848572226043,197.35938157226045,0.0009910802775024777,0.0,0.0009910802775024777,0.0009910802775024777,0.09415262636273539,42,3.9960356788899905,1,0.6410387529753372,0.6410387529753372,0.6410387529753372,170.59
main,v040,LOLO-nes-f0,secondary,LOLO,nested,0,A,IPPO|wcnc2027_ablation/ippo_seed64,IPPO,64,R,wcnc2027_ablation 2026-09-14,7,-692.6850527820028,634.9041083820028,54.0,0.5309444,3.25,199.0358644681916,198.9031283681916,0.0019821605550049554,0.0,0.0019821605550049554,0.0019821605550049554,0.0981169474727453,28,2.66402378592666,2,1.868016915146271,1.868016915146271,1.0,170.59
main,v040,LOLO-nes-f0,secondary,LOLO,nested,0,A,IPPO|wcnc2027_ablation/ippo_seed64,IPPO,64,R,wcnc2027_ablation 2026-09-14,8,-394.8415521010519,393.0648537010519,0.0,0.1516984,1.625,206.04512023526792,206.00719563526792,0.0,0.0,0.0,0.0,0.006937561942517344,8,0.761149653121903,0,0.0,0.0,0.0,170.59
main,v040,LOLO-nes-f0,secondary,LOLO,nested,0,A,IPPO|wcnc2027_ablation/ippo_seed64,IPPO,64,R,wcnc2027_ablation 2026-09-14,9,-161.89663597311326,80.89663597311326,81.0,0.0,0.0,207.42241810816222,207.42241810816222,0.002973240832507433,0.002973240832507433,0.0,0.002973240832507433,0.0,0,0.0,3,141.40880427800485,157.92401471165365,1.0,170.59
main,v040,LOLO-nes-f0,secondary,LOLO,nested,0,A,IPPO|wcnc2027_ablation/ippo_seed13,IPPO,13,R,wcnc2027_ablation 2026-09-14,all,-5274.039645780684,4817.231845034383,432.15581294630056,3.5269877999999997,21.125,2007.4543768229428,2006.5726298729428,0.00178394449950446,0.00029732408325074334,0.0014866204162537165,0.00178394449950446,0.0761149653121903,185,1.7601585728444005,18,24.73590974737395,157.92401471165365,0.9002885424931493,167.02
main,v040,LOLO-nes-f0,secondary,LOLO,nested,0,A,IPPO|wcnc2027_ablation/ippo_seed13,IPPO,13,R,wcnc2027_ablation 2026-09-14,0,-1066.7202881828262,939.9694073935663,124.23116258926012,0.6447182,1.875,188.99473744918467,188.83355789918468,0.004955401387512388,0.0,0.004955401387512388,0.004955401387512388,0.2537165510406343,33,3.1397423191278495,5,1.6226212827120843,1.868016915146271,0.9282077505950674,167.02
main,v040,LOLO-nes-f0,secondary,LOLO,nested,0,A,IPPO|wcnc2027_ablation/ippo_seed13,IPPO,13,R,wcnc2027_ablation 2026-09-14,1,-621.9841879714384,548.5212317821782,70.23116258926012,0.6067936,2.625,197.54081647829938,197.38911807829936,0.002973240832507433,0.0,0.002973240832507433,0.002973240832507433,0.11793855302279485,32,3.044598612487612,3,1.1705574285483535,1.868016915146271,0.8803462509917791,167.02
main,v040,LOLO-nes-f0,secondary,LOLO,nested,0,A,IPPO|wcnc2027_ablation/ippo_seed13,IPPO,13,R,wcnc2027_ablation 2026-09-14,2,-284.7778766290005,284.7778766290005,0.0,0.0,0.0,206.7288077925314,206.7288077925314,0.0,0.0,0.0,0.0,0.0,0,0.0,0,0.0,0.0,0.0,167.02
main,v040,LOLO-nes-f0,secondary,LOLO,nested,0,A,IPPO|wcnc2027_ablation/ippo_seed13,IPPO,13,R,wcnc2027_ablation 2026-09-14,3,-137.66242869830683,137.66242869830683,0.0,0.0,0.0,207.15558665690253,207.15558665690253,0.0,0.0,0.0,0.0,0.0,0,0.0,0,0.0,0.0,0.0,167.02
main,v040,LOLO-nes-f0,secondary,LOLO,nested,0,A,IPPO|wcnc2027_ablation/ippo_seed13,IPPO,13,R,wcnc2027_ablation 2026-09-14,4,-736.5409007711833,645.558857392663,86.46232517852023,0.6447182,3.875,193.10290028166887,192.94172073166888,0.003964321110009911,0.0,0.003964321110009911,0.003964321110009911,0.14073339940535184,34,3.2348860257680876,4,1.2545278340608041,1.868016915146271,0.8205193764876686,167.02
main,v040,LOLO-nes-f0,secondary,LOLO,nested,0,A,IPPO|wcnc2027_ablation/ippo_seed13,IPPO,13,R,wcnc2027_ablation 2026-09-14,5,-416.05744827413014,414.07990067413016,0.0,0.2275476,1.75,204.9202045949689,204.86331769496888,0.0,0.0,0.0,0.0,0.023785926660059464,12,1.1417244796828543,0,0.0,0.0,0.0,167.02
main,v040,LOLO-nes-f0,secondary,LOLO,nested,0,A,IPPO|wcnc2027_ablation/ippo_seed13,IPPO,13,R,wcnc2027_ablation 2026-09-14,6,-761.7686175778977,738.1539629886377,16.231162589260116,0.7584919999999999,6.625,196.55393003757877,196.36430703757878,0.0009910802775024777,0.0,0.0009910802775024777,0.0009910802775024777,0.1159563924677899,40,3.8057482656095147,1,0.6410387529753372,0.6410387529753372,0.6410387529753372,167.02
main,v040,LOLO-nes-f0,secondary,LOLO,nested,0,A,IPPO|wcnc2027_ablation/ippo_seed13,IPPO,13,R,wcnc2027_ablation 2026-09-14,7,-688.9759757551893,630.3691821551893,54.0,0.6067936,4.0,198.6357408593335,198.4840424593335,0.0019821605550049554,0.0,0.0019821605550049554,0.0019821605550049554,0.10703666997026759,32,3.044598612487612,2,1.868016915146271,1.868016915146271,1.0,167.02
main,v040,LOLO-nes-f0,secondary,LOLO,nested,0,A,IPPO|wcnc2027_ablation/ippo_seed13,IPPO,13,R,wcnc2027_ablation 2026-09-14,8,-397.6552859475982,397.2423613475982,0.0,0.0379246,0.375,206.39923456431268,206.38975341431268,0.0,0.0,0.0,0.0,0.0019821605550049554,2,0.19028741328047574,0,0.0,0.0,0.0,167.02
main,v040,LOLO-nes-f0,secondary,LOLO,nested,0,A,IPPO|wcnc2027_ablation/ippo_seed13,IPPO,13,R,wcnc2027_ablation 2026-09-14,9,-161.89663597311326,80.89663597311326,81.0,0.0,0.0,207.42241810816222,207.42241810816222,0.002973240832507433,0.002973240832507433,0.0,0.002973240832507433,0.0,0,0.0,3,141.40880427800485,157.92401471165365,1.0,167.02
main,v040,LOLO-nes-f0,secondary,LOLO,nested,0,A,IPPO|wcnc2027_ablation/ippo_seed23,IPPO,23,R,wcnc2027_ablation 2026-09-14,all,-5477.004048179206,4800.415402082462,642.6514678967435,4.4371782,29.5,2005.7855767645199,2004.67628221452,0.0026759167492566896,0.00029732408325074334,0.0023785926660059467,0.0026759167492566896,0.0889990089197225,233,2.216848364717542,27,37.612475548293936,298.66350073587404,0.8933968739465968,170.63
main,v040,LOLO-nes-f0,secondary,LOLO,nested,0,A,IPPO|wcnc2027_ablation/ippo_seed23,IPPO,23,R,wcnc2027_ablation 2026-09-14,0,-1011.6977142213641,927.112492232104,70.23116258926012,1.4790594000000001,12.875,187.70719364911014,187.3374287991101,0.002973240832507433,0.0,0.002973240832507433,0.002973240832507433,0.29137760158572845,77,7.326065411298315,3,1.4590241944226265,1.868016915146271,0.8803462509917791,170.63
main,v040,LOLO-nes-f0,secondary,LOLO,nested,0,A,IPPO|wcnc2027_ablation/ippo_seed23,IPPO,23,R,wcnc2027_ablation 2026-09-14,1,-620.2159106290965,547.4158790398365,70.23116258926012,0.5688690000000001,2.0,197.49166731010237,197.34945006010238,0.002973240832507433,0.0,0.002973240832507433,0.002973240832507433,0.11793855302279485,30,2.8543111992071357,3,1.1705574285483535,1.868016915146271,0.8803462509917791,170.63
main,v040,LOLO-nes-f0,secondary,LOLO,nested,0,A,IPPO|wcnc2027_ablation/ippo_seed23,IPPO,23,R,wcnc2027_ablation 2026-09-14,2,-284.7778766290005,284.7778766290005,0.0,0.0,0.0,206.7288077925314,206.7288077925314,0.0,0.0,0.0,0.0,0.0,0,0.0,0,0.0,0.0,0.0,170.63
main,v040,LOLO-nes-f0,secondary,LOLO,nested,0,A,IPPO|wcnc2027_ablation/ippo_seed23,IPPO,23,R,wcnc2027_ablation 2026-09-14,3,-137.66242869830683,137.66242869830683,0.0,0.0,0.0,207.15558665690253,207.15558665690253,0.0,0.0,0.0,0.0,0.0,0,0.0,0,0.0,0.0,0.0,170.63
main,v040,LOLO-nes-f0,secondary,LOLO,nested,0,A,IPPO|wcnc2027_ablation/ippo_seed23,IPPO,23,R,wcnc2027_ablation 2026-09-14,4,-767.8643791243219,652.7840341458016,113.46232517852023,0.4930198,1.125,193.7094388551173,193.58618390511728,0.004955401387512388,0.0,0.004955401387512388,0.004955401387512388,0.14469772051536176,26,2.4737363726461843,5,1.3772256502778977,1.868016915146271,0.8564155011901349,170.63
main,v040,LOLO-nes-f0,secondary,LOLO,nested,0,A,IPPO|wcnc2027_ablation/ippo_seed23,IPPO,23,R,wcnc2027_ablation 2026-09-14,5,-438.2886635895689,405.4595482283861,32.264492361182775,0.18962299999999999,0.375,204.46570306629476,204.41829731629474,0.0019821605550049554,0.0,0.0019821605550049554,0.0019821605550049554,0.036669970267591674,10,0.9514370664023787,2,0.6377415393530462,0.6410387529753372,0.6377415393530462,170.63
main,v040,LOLO-nes-f0,secondary,LOLO,nested,0,A,IPPO|wcnc2027_ablation/ippo_seed23,IPPO,23,R,wcnc2027_ablation 2026-09-14,6,-864.7957242186712,744.048208640151,113.46232517852025,0.9101904000000001,6.375,196.39309348677816,196.16554588677818,0.004955401387512388,0.0,0.004955401387512388,0.004955401387512388,0.14767096134786917,48,4.566897918731417,5,112.9455923503701,298.66350073587404,0.8564155011901349,170.63
main,v040,LOLO-nes-f0,secondary,LOLO,nested,0,A,IPPO|wcnc2027_ablation/ippo_seed23,IPPO,23,R,wcnc2027_ablation 2026-09-14,7,-792.3245023370773,623.7289349370774,162.0,0.7205674,5.875,198.36759768039283,198.18745583039282,0.005946481665014866,0.0,0.005946481665014866,0.005946481665014866,0.14866204162537167,38,3.615460852329039,6,1.7553515031771152,1.868016915146271,1.0,170.63
main,v040,LOLO-nes-f0,secondary,LOLO,nested,0,A,IPPO|wcnc2027_ablation/ippo_seed23,IPPO,23,R,wcnc2027_ablation 2026-09-14,8,-397.48021275868484,396.52936355868485,0.0,0.0758492,0.875,206.34407015912836,206.32510785912837,0.0,0.0,0.0,0.0,0.002973240832507433,4,0.3805748265609515,0,0.0,0.0,0.0,170.63
main,v040,LOLO-nes-f0,secondary,LOLO,nested,0,A,IPPO|wcnc2027_ablation/ippo_seed23,IPPO,23,R,wcnc2027_ablation 2026-09-14,9,-161.89663597311326,80.89663597311326,81.0,0.0,0.0,207.42241810816222,207.42241810816222,0.002973240832507433,0.002973240832507433,0.0,0.002973240832507433,0.0,0,0.0,3,141.40880427800485,157.92401471165365,1.0,170.63
main,v040,LOLO-nes-f0,secondary,LOLO,nested,0,A,IPPO|wcnc2027_ablation/ippo_seed77,IPPO,77,R,wcnc2027_ablation 2026-09-14,all,-5381.311835298242,4781.037463373421,572.6181381248209,3.9062338,23.75,2005.878162710281,2004.9016042602811,0.0023785926660059467,0.00029732408325074334,0.0020812685827552033,0.0023785926660059467,0.08394449950445985,205,1.9504459861248762,24,42.13193173532971,298.66350073587404,0.8953029696178066,167.11
main,v040,LOLO-nes-f0,secondary,LOLO,nested,0,A,IPPO|wcnc2027_ablation/ippo_seed77,IPPO,77,R,wcnc2027_ablation 2026-09-14,0,-1008.7997569393849,935.5109515501249,70.23116258926012,0.6826428,2.375,188.38050257657804,188.20984187657808,0.002973240832507433,0.0,0.002973240832507433,0.002973240832507433,0.25074331020812685,35,3.3300297324083252,3,1.4590241944226265,1.868016915146271,0.8803462509917791,167.11
main,v040,LOLO-nes-f0,secondary,LOLO,nested,0,A,IPPO|wcnc2027_ablation/ippo_seed77,IPPO,77,R,wcnc2027_ablation 2026-09-14,1,-622.1876221503123,549.0996659610523,70.23116258926012,0.6067936,2.25,197.71545161310374,197.56375321310375,0.002973240832507433,0.0,0.002973240832507433,0.002973240832507433,0.12289395441030723,32,3.044598612487612,3,1.1705574285483535,1.868016915146271,0.8803462509917791,167.11
main,v040,LOLO-nes-f0,secondary,LOLO,nested,0,A,IPPO|wcnc2027_ablation/ippo_seed77,IPPO,77,R,wcnc2027_ablation 2026-09-14,2,-284.7778766290005,284.7778766290005,0.0,0.0,0.0,206.7288077925314,206.7288077925314,0.0,0.0,0.0,0.0,0.0,0,0.0,0,0.0,0.0,0.0,167.11
main,v040,LOLO-nes-f0,secondary,LOLO,nested,0,A,IPPO|wcnc2027_ablation/ippo_seed77,IPPO,77,R,wcnc2027_ablation 2026-09-14,3,-137.66242869830683,137.66242869830683,0.0,0.0,0.0,207.15558665690253,207.15558665690253,0.0,0.0,0.0,0.0,0.0,0,0.0,0,0.0,0.0,0.0,167.11
main,v040,LOLO-nes-f0,secondary,LOLO,nested,0,A,IPPO|wcnc2027_ablation/ippo_seed77,IPPO,77,R,wcnc2027_ablation 2026-09-14,4,-765.189927528699,649.4466579501787,113.46232517852023,0.5309444,1.75,193.4654031435644,193.33266704356438,0.004955401387512388,0.0,0.004955401387512388,0.004955401387512388,0.14767096134786917,28,2.66402378592666,5,1.3772256502778977,1.868016915146271,0.8564155011901349,167.11
main,v040,LOLO-nes-f0,secondary,LOLO,nested,0,A,IPPO|wcnc2027_ablation/ippo_seed77,IPPO,77,R,wcnc2027_ablation 2026-09-14,5,-443.69945410147693,398.9148947122168,43.231162589260116,0.3033968,1.25,204.08123574824947,204.00538654824948,0.0019821605550049554,0.0,0.0019821605550049554,0.0019821605550049554,0.04658077304261645,16,1.522299306243806,2,1.2545278340608041,1.868016915146271,0.8205193764876686,167.11
main,v040,LOLO-nes-f0,secondary,LOLO,nested,0,A,IPPO|wcnc2027_ablation/ippo_seed77,IPPO,77,R,wcnc2027_ablation 2026-09-14,6,-839.7261218244319,718.6036062459116,113.46232517852025,0.9101904000000001,6.75,196.01892089954342,195.7913732995434,0.004955401387512388,0.0,0.004955401387512388,0.004955401387512388,0.1466798810703667,48,4.566897918731417,5,112.9455923503701,298.66350073587404,0.8564155011901349,167.11
main,v040,LOLO-nes-f0,secondary,LOLO,nested,0,A,IPPO|wcnc2027_ablation/ippo_seed77,IPPO,77,R,wcnc2027_ablation 2026-09-14,7,-716.1200264451533,624.8727606451533,81.0,0.8722658000000001,9.375,198.26846479944163,198.05039834944165,0.002973240832507433,0.0,0.002973240832507433,0.002973240832507433,0.12487611496531219,46,4.376610505450942,3,1.642686091207959,1.868016915146271,1.0,167.11
main,v040,LOLO-nes-f0,secondary,LOLO,nested,0,A,IPPO|wcnc2027_ablation/ippo_seed77,IPPO,77,R,wcnc2027_ablation 2026-09-14,8,-401.25198500836296,401.25198500836296,0.0,0.0,0.0,206.6413713722042,206.6413713722042,0.0,0.0,0.0,0.0,0.0,0,0.0,0,0.0,0.0,0.0,167.11
main,v040,LOLO-nes-f0,secondary,LOLO,nested,0,A,IPPO|wcnc2027_ablation/ippo_seed77,IPPO,77,R,wcnc2027_ablation 2026-09-14,9,-161.89663597311326,80.89663597311326,81.0,0.0,0.0,207.42241810816222,207.42241810816222,0.002973240832507433,0.002973240832507433,0.0,0.002973240832507433,0.0,0,0.0,3,141.40880427800485,157.92401471165365,1.0,167.11
main,v040,LOLO-nes-f0,secondary,LOLO,nested,0,A,IPPO|wcnc2027_ablation/ippo_seed99,IPPO,99,R,wcnc2027_ablation 2026-09-14,all,-24755.763369416243,5050.0744975592315,19679.30084445701,4.5130274,21.875,2411.9941357359858,2410.8658788859857,0.07452923686818633,0.06323092170465808,0.07423191278493559,0.07452923686818633,0.15550049554013876,237,2.2549058473736374,752,1933.376947720228,11205.879065799085,0.9723094345947257,170.54
main,v040,LOLO-nes-f0,secondary,LOLO,nested,0,A,IPPO|wcnc2027_ablation/ippo_seed99,IPPO,99,R,wcnc2027_ablation 2026-09-14,0,-1037.206295762985,933.7770181737249,97.23116258926012,0.948115,5.25,188.50377758252645,188.26674883252645,0.003964321110009911,0.0,0.003964321110009911,0.003964321110009911,0.2705649157581764,49,4.662041625371655,4,1.5612723746035377,1.868016915146271,0.9102596882438343,170.54
main,v040,LOLO-nes-f0,secondary,LOLO,nested,0,A,IPPO|wcnc2027_ablation/ippo_seed99,IPPO,99,R,wcnc2027_ablation 2026-09-14,1,-624.5981047934806,551.1351486042206,70.23116258926012,0.6067936,2.625,197.86617383297784,197.71447543297785,0.002973240832507433,0.0,0.002973240832507433,0.002973240832507433,0.1159563924677899,32,3.044598612487612,3,1.1705574285483535,1.868016915146271,0.8803462509917791,170.54
main,v040,LOLO-nes-f0,secondary,LOLO,nested,0,A,IPPO|wcnc2027_ablation/ippo_seed99,IPPO,99,R,wcnc2027_ablation 2026-09-14,2,-284.7778766290005,284.7778766290005,0.0,0.0,0.0,206.7288077925314,206.7288077925314,0.0,0.0,0.0,0.0,0.0,0,0.0,0,0.0,0.0,0.0,170.54
main,v040,LOLO-nes-f0,secondary,LOLO,nested,0,A,IPPO|wcnc2027_ablation/ippo_seed99,IPPO,99,R,wcnc2027_ablation 2026-09-14,3,-19537.55980112493,403.2323765927408,19133.68270633219,0.6447182,0.0,612.8039262432067,612.6427466932066,0.7224975222993062,0.6293359762140733,0.7224975222993062,0.7224975222993062,0.7324083250743311,34,3.2348860257680876,729,1992.9896986946599,11205.879065799085,0.9748826111720251,170.54
main,v040,LOLO-nes-f0,secondary,LOLO,nested,0,A,IPPO|wcnc2027_ablation/ippo_seed99,IPPO,99,R,wcnc2027_ablation 2026-09-14,4,-763.4999607552186,646.7187665766983,113.46232517852023,0.5688690000000001,2.75,193.30069330411015,193.15847605411017,0.004955401387512388,0.0,0.004955401387512388,0.004955401387512388,0.1466798810703667,30,2.8543111992071357,5,1.3772256502778977,1.868016915146271,0.8564155011901349,170.54
main,v040,LOLO-nes-f0,secondary,LOLO,nested,0,A,IPPO|wcnc2027_ablation/ippo_seed99,IPPO,99,R,wcnc2027_ablation 2026-09-14,5,-415.6043257964053,398.7706156071452,16.231162589260116,0.22754760000000002,0.375,203.90104125998596,203.84415435998596,0.0009910802775024777,0.0,0.0009910802775024777,0.0009910802775024777,0.04261645193260654,12,1.1417244796828543,1,0.6410387529753372,0.6410387529753372,0.6410387529753372,170.54
main,v040,LOLO-nes-f0,secondary,LOLO,nested,0,A,IPPO|wcnc2027_ablation/ippo_seed99,IPPO,99,R,wcnc2027_ablation 2026-09-14,6,-840.2139938268463,719.5044028483262,113.46232517852025,0.8722658000000001,6.375,196.13983172674605,195.92176527674607,0.004955401387512388,0.0,0.004955401387512388,0.004955401387512388,0.14469772051536176,46,4.376610505450942,5,112.9455923503701,298.66350073587404,0.8564155011901349,170.54
main,v040,LOLO-nes-f0,secondary,LOLO,nested,0,A,IPPO|wcnc2027_ablation/ippo_seed99,IPPO,99,R,wcnc2027_ablation 2026-09-14,7,-693.2996852022743,634.4428916022744,54.0,0.6067936,4.25,198.98971134526226,198.83801294526228,0.0019821605550049554,0.0,0.0019821605550049554,0.0019821605550049554,0.09910802775024777,32,3.044598612487612,2,1.868016915146271,1.868016915146271,1.0,170.54
main,v040,LOLO-nes-f0,secondary,LOLO,nested,0,A,IPPO|wcnc2027_ablation/ippo_seed99,IPPO,99,R,wcnc2027_ablation 2026-09-14,8,-397.106689551988,396.81876495198793,0.0,0.0379246,0.25,206.33775454047668,206.32827339047668,0.0,0.0,0.0,0.0,0.002973240832507433,2,0.19028741328047574,0,0.0,0.0,0.0,170.54
main,v040,LOLO-nes-f0,secondary,LOLO,nested,0,A,IPPO|wcnc2027_ablation/ippo_seed99,IPPO,99,R,wcnc2027_ablation 2026-09-14,9,-161.89663597311326,80.89663597311326,81.0,0.0,0.0,207.42241810816222,207.42241810816222,0.002973240832507433,0.002973240832507433,0.0,0.002973240832507433,0.0,0,0.0,3,141.40880427800485,157.92401471165365,1.0,170.54
main,v040,LOLO-nes-f0,secondary,LOLO,nested,0,A,IPPO|ppo_single_site_ensemble_seed1_20260517T110907,IPPO,1,P,"May 2026, pre-781c90c reward",all,-5234.146718208338,4801.387818483516,410.6181381248208,3.6407616000000003,18.5,2007.4609121466137,2006.5507217466136,0.00178394449950446,0.00029732408325074334,0.0014866204162537165,0.00178394449950446,0.07621407333994054,191,1.8172447968285435,18,41.088216830506504,298.66350073587404,0.8604039594904089,167.21
main,v040,LOLO-nes-f0,secondary,LOLO,nested,0,A,IPPO|ppo_single_site_ensemble_seed1_20260517T110907,IPPO,1,P,"May 2026, pre-781c90c reward",0,-1014.521102410567,941.857297021307,70.23116258926012,0.6826428,1.75,188.97306188768383,188.8024011876838,0.002973240832507433,0.0,0.002973240832507433,0.002973240832507433,0.244796828543112,35,3.3300297324083252,3,1.4590241944226265,1.868016915146271,0.8803462509917791,167.21
main,v040,LOLO-nes-f0,secondary,LOLO,nested,0,A,IPPO|ppo_single_site_ensemble_seed1_20260517T110907,IPPO,1,P,"May 2026, pre-781c90c reward",1,-629.374455058686,555.9114988694259,70.23116258926012,0.6067936,2.625,198.24131974255772,198.0896213425577,0.002973240832507433,0.0,0.002973240832507433,0.002973240832507433,0.10307234886025768,32,3.044598612487612,3,1.1705574285483535,1.868016915146271,0.8803462509917791,167.21
main,v040,LOLO-nes-f0,secondary,LOLO,nested,0,A,IPPO|ppo_single_site_ensemble_seed1_20260517T110907,IPPO,1,P,"May 2026, pre-781c90c reward",2,-284.7778766290005,284.7778766290005,0.0,0.0,0.0,206.7288077925314,206.7288077925314,0.0,0.0,0.0,0.0,0.0,0,0.0,0,0.0,0.0,0.0,167.21
main,v040,LOLO-nes-f0,secondary,LOLO,nested,0,A,IPPO|ppo_single_site_ensemble_seed1_20260517T110907,IPPO,1,P,"May 2026, pre-781c90c reward",3,-137.66242869830683,137.66242869830683,0.0,0.0,0.0,207.15558665690253,207.15558665690253,0.0,0.0,0.0,0.0,0.0,0,0.0,0,0.0,0.0,0.0,167.21
main,v040,LOLO-nes-f0,secondary,LOLO,nested,0,A,IPPO|ppo_single_site_ensemble_seed1_20260517T110907,IPPO,1,P,"May 2026, pre-781c90c reward",4,-717.4522280788044,655.5460339002841,59.46232517852023,0.5688690000000001,1.875,193.85828408457547,193.71606683457549,0.002973240832507433,0.0,0.002973240832507433,0.002973240832507433,0.1288404360753221,30,2.8543111992071357,3,1.0500314736989818,1.868016915146271,0.7606925019835581,167.21
main,v040,LOLO-nes-f0,secondary,LOLO,nested,0,A,IPPO|ppo_single_site_ensemble_seed1_20260517T110907,IPPO,1,P,"May 2026, pre-781c90c reward",5,-421.8903345127628,404.9695489235027,16.231162589260116,0.18962299999999999,0.5,204.2982953365642,204.2508895865642,0.0009910802775024777,0.0,0.0009910802775024777,0.0009910802775024777,0.03468780971258672,10,0.9514370664023787,1,0.6410387529753372,0.6410387529753372,0.6410387529753372,167.21
main,v040,LOLO-nes-f0,secondary,LOLO,nested,0,A,IPPO|ppo_single_site_ensemble_seed1_20260517T110907,IPPO,1,P,"May 2026, pre-781c90c reward",6,-783.086224168911,715.7137085903909,59.46232517852023,0.9101904000000001,7.0,195.76759638942787,195.54004878942789,0.002973240832507433,0.0,0.002973240832507433,0.002973240832507433,0.14172447968285432,48,4.566897918731417,3,99.98185941394159,298.66350073587404,0.7606925019835581,167.21
main,v040,LOLO-nes-f0,secondary,LOLO,nested,0,A,IPPO|ppo_single_site_ensemble_seed1_20260517T110907,IPPO,1,P,"May 2026, pre-781c90c reward",7,-693.5123566630696,634.2805630630695,54.0,0.6067936,4.625,198.9823161458192,198.83061774581918,0.0019821605550049554,0.0,0.0019821605550049554,0.0019821605550049554,0.09712586719524281,32,3.044598612487612,2,1.868016915146271,1.868016915146271,1.0,167.21
main,v040,LOLO-nes-f0,secondary,LOLO,nested,0,A,IPPO|ppo_single_site_ensemble_seed1_20260517T110907,IPPO,1,P,"May 2026, pre-781c90c reward",8,-389.9730760151156,389.77222681511563,0.0,0.0758492,0.125,206.03322600238937,206.01426370238937,0.0,0.0,0.0,0.0,0.011892963330029732,4,0.3805748265609515,0,0.0,0.0,0.0,167.21
main,v040,LOLO-nes-f0,secondary,LOLO,nested,0,A,IPPO|ppo_single_site_ensemble_seed1_20260517T110907,IPPO,1,P,"May 2026, pre-781c90c reward",9,-161.89663597311326,80.89663597311326,81.0,0.0,0.0,207.42241810816222,207.42241810816222,0.002973240832507433,0.002973240832507433,0.0,0.002973240832507433,0.0,0,0.0,3,141.40880427800485,157.92401471165365,1.0,167.21
main,v040,LOLO-nes-f0,secondary,LOLO,nested,0,A,IPPO|ppo_single_site_ensemble_seed7_20260517T091403,IPPO,7,P,"May 2026, pre-781c90c reward",all,-5340.05710506947,4791.945657744649,518.6181381248209,3.8683091999999997,25.625,2006.7761021646609,2005.8090248646608,0.002180376610505451,0.00029732408325074334,0.0018830525272547076,0.002180376610505451,0.08126858275520317,203,1.9314172447968287,22,45.82301455861071,298.66350073587404,0.88578505776488,170.53
main,v040,LOLO-nes-f0,secondary,LOLO,nested,0,A,IPPO|ppo_single_site_ensemble_seed7_20260517T091403,IPPO,7,P,"May 2026, pre-781c90c reward",0,-1010.093593931059,936.3918639417989,70.23116258926012,0.7205674000000001,2.75,188.67001010949656,188.48986825949657,0.002973240832507433,0.0,0.002973240832507433,0.002973240832507433,0.2556987115956392,37,3.520317145688801,3,1.4590241944226265,1.868016915146271,0.8803462509917791,170.53
main,v040,LOLO-nes-f0,secondary,LOLO,nested,0,A,IPPO|ppo_single_site_ensemble_seed7_20260517T091403,IPPO,7,P,"May 2026, pre-781c90c reward",1,-622.7676768960796,541.7513239068194,70.23116258926012,0.9101904000000001,9.875,196.9180569735609,196.6905093735609,0.002973240832507433,0.0,0.002973240832507433,0.002973240832507433,0.13181367690782952,48,4.566897918731417,3,1.1705574285483535,1.868016915146271,0.8803462509917791,170.53
main,v040,LOLO-nes-f0,secondary,LOLO,nested,0,A,IPPO|ppo_single_site_ensemble_seed7_20260517T091403,IPPO,7,P,"May 2026, pre-781c90c reward",2,-284.7778766290005,284.7778766290005,0.0,0.0,0.0,206.7288077925314,206.7288077925314,0.0,0.0,0.0,0.0,0.0,0,0.0,0,0.0,0.0,0.0,170.53
main,v040,LOLO-nes-f0,secondary,LOLO,nested,0,A,IPPO|ppo_single_site_ensemble_seed7_20260517T091403,IPPO,7,P,"May 2026, pre-781c90c reward",3,-137.66242869830683,137.66242869830683,0.0,0.0,0.0,207.15558665690253,207.15558665690253,0.0,0.0,0.0,0.0,0.0,0,0.0,0,0.0,0.0,0.0,170.53
main,v040,LOLO-nes-f0,secondary,LOLO,nested,0,A,IPPO|ppo_single_site_ensemble_seed7_20260517T091403,IPPO,7,P,"May 2026, pre-781c90c reward",4,-793.3304840406743,651.5001390621541,140.46232517852025,0.4930198,0.875,193.56010839825456,193.4368534482545,0.005946481665014866,0.0,0.005946481665014866,0.005946481665014866,0.14866204162537167,26,2.4737363726461843,6,1.4590241944226265,1.868016915146271,0.8803462509917791,170.53
main,v040,LOLO-nes-f0,secondary,LOLO,nested,0,A,IPPO|ppo_single_site_ensemble_seed7_20260517T091403,IPPO,7,P,"May 2026, pre-781c90c reward",5,-422.55782402931914,405.7620384400591,16.231162589260116,0.18962299999999999,0.375,204.44630779631322,204.39890204631322,0.0009910802775024777,0.0,0.0009910802775024777,0.0009910802775024777,0.03369672943508424,10,0.9514370664023787,1,0.6410387529753372,0.6410387529753372,0.6410387529753372,170.53
main,v040,LOLO-nes-f0,secondary,LOLO,nested,0,A,IPPO|ppo_single_site_ensemble_seed7_20260517T091403,IPPO,7,P,"May 2026, pre-781c90c reward",6,-838.7322575204983,717.071817341978,113.46232517852025,0.948115,7.25,196.0837320571196,195.84670330711958,0.004955401387512388,0.0,0.004955401387512388,0.004955401387512388,0.14767096134786917,50,4.757185332011893,5,112.9455923503701,298.66350073587404,0.8564155011901349,170.53
main,v040,LOLO-nes-f0,secondary,LOLO,nested,0,A,IPPO|ppo_single_site_ensemble_seed7_20260517T091403,IPPO,7,P,"May 2026, pre-781c90c reward",7,-666.986342343056,634.8795487430559,27.0,0.6067936,4.5,199.14970290011576,198.99800450011577,0.0009910802775024777,0.0,0.0009910802775024777,0.0009910802775024777,0.09514370664023786,32,3.044598612487612,1,1.868016915146271,1.868016915146271,1.0,170.53
main,v040,LOLO-nes-f0,secondary,LOLO,nested,0,A,IPPO|ppo_single_site_ensemble_seed7_20260517T091403,IPPO,7,P,"May 2026, pre-781c90c reward",8,-401.25198500836296,401.25198500836296,0.0,0.0,0.0,206.6413713722042,206.6413713722042,0.0,0.0,0.0,0.0,0.0,0,0.0,0,0.0,0.0,0.0,170.53
main,v040,LOLO-nes-f0,secondary,LOLO,nested,0,A,IPPO|ppo_single_site_ensemble_seed7_20260517T091403,IPPO,7,P,"May 2026, pre-781c90c reward",9,-161.89663597311326,80.89663597311326,81.0,0.0,0.0,207.42241810816222,207.42241810816222,0.002973240832507433,0.002973240832507433,0.0,0.002973240832507433,0.0,0,0.0,3,141.40880427800485,157.92401471165365,1.0,170.53
main,v040,LOLO-nes-f0,secondary,LOLO,nested,0,A,IPPO|ppo_single_site_ensemble_seed13_20260517T091403,IPPO,13,P,"May 2026, pre-781c90c reward",all,-5194.984042594548,4796.114984058987,367.38697553556074,3.9820830000000003,27.5,2006.4080039333262,2005.4124831833262,0.0015857284440039642,0.00029732408325074334,0.001288404360753221,0.0015857284440039642,0.07710604558969276,209,1.9885034687809713,16,27.517710216266725,157.92401471165365,0.8653895323657514,167.31
main,v040,LOLO-nes-f0,secondary,LOLO,nested,0,A,IPPO|ppo_single_site_ensemble_seed13_20260517T091403,IPPO,13,P,"May 2026, pre-781c90c reward",0,-981.3352582226911,931.693905233431,43.231162589260116,0.9101904000000001,5.5,187.6304362537044,187.40288865370437,0.0019821605550049554,0.0,0.0019821605550049554,0.0019821605550049554,0.24281466798810702,47,4.47175421209118,2,1.2545278340608041,1.868016915146271,0.8205193764876686,167.31
main,v040,LOLO-nes-f0,secondary,LOLO,nested,0,A,IPPO|ppo_single_site_ensemble_seed13_20260517T091403,IPPO,13,P,"May 2026, pre-781c90c reward",1,-625.357576831884,548.6179222426239,70.23116258926012,0.758492,5.75,197.7406346005087,197.55101160050873,0.002973240832507433,0.0,0.002973240832507433,0.002973240832507433,0.1278493557978196,40,3.8057482656095147,3,1.1705574285483535,1.868016915146271,0.8803462509917791,167.31
main,v040,LOLO-nes-f0,secondary,LOLO,nested,0,A,IPPO|ppo_single_site_ensemble_seed13_20260517T091403,IPPO,13,P,"May 2026, pre-781c90c reward",2,-284.7778766290005,284.7778766290005,0.0,0.0,0.0,206.7288077925314,206.7288077925314,0.0,0.0,0.0,0.0,0.0,0,0.0,0,0.0,0.0,0.0,167.31
main,v040,LOLO-nes-f0,secondary,LOLO,nested,0,A,IPPO|ppo_single_site_ensemble_seed13_20260517T091403,IPPO,13,P,"May 2026, pre-781c90c reward",3,-137.66242869830683,137.66242869830683,0.0,0.0,0.0,207.15558665690253,207.15558665690253,0.0,0.0,0.0,0.0,0.0,0,0.0,0,0.0,0.0,0.0,167.31
main,v040,LOLO-nes-f0,secondary,LOLO,nested,0,A,IPPO|ppo_single_site_ensemble_seed13_20260517T091403,IPPO,13,P,"May 2026, pre-781c90c reward",4,-740.3065486315695,652.7641282530492,86.46232517852023,0.45509520000000003,0.625,193.54270104628034,193.42892724628035,0.003964321110009911,0.0,0.003964321110009911,0.003964321110009911,0.13875123885034688,24,2.2834489593657086,4,1.2545278340608041,1.868016915146271,0.8205193764876686,167.31
main,v040,LOLO-nes-f0,secondary,LOLO,nested,0,A,IPPO|ppo_single_site_ensemble_seed13_20260517T091403,IPPO,13,P,"May 2026, pre-781c90c reward",5,-446.6416684731949,418.57704547319486,27.0,0.18962299999999999,0.875,205.89385134957192,205.84644559957192,0.0009910802775024777,0.0,0.0009910802775024777,0.0009910802775024777,0.02576808721506442,10,0.9514370664023787,1,1.868016915146271,1.868016915146271,1.0,167.31
main,v040,LOLO-nes-f0,secondary,LOLO,nested,0,A,IPPO|ppo_single_site_ensemble_seed13_20260517T091403,IPPO,13,P,"May 2026, pre-781c90c reward",6,-760.7231106303539,716.1988966518336,32.46232517852023,1.0618888,11.0,195.6084315444295,195.34295934442946,0.0019821605550049554,0.0,0.0019821605550049554,0.0019821605550049554,0.12190287413280476,56,5.32804757185332,2,0.6410387529753372,0.6410387529753372,0.6410387529753372,167.31
main,v040,LOLO-nes-f0,secondary,LOLO,nested,0,A,IPPO|ppo_single_site_ensemble_seed13_20260517T091403,IPPO,13,P,"May 2026, pre-781c90c reward",7,-658.9075776316565,627.7137086316566,27.0,0.5688690000000001,3.625,198.2498896748186,198.1076724248186,0.0009910802775024777,0.0,0.0009910802775024777,0.0009910802775024777,0.11000991080277503,30,2.8543111992071357,1,1.868016915146271,1.868016915146271,1.0,167.31
main,v040,LOLO-nes-f0,secondary,LOLO,nested,0,A,IPPO|ppo_single_site_ensemble_seed13_20260517T091403,IPPO,13,P,"May 2026, pre-781c90c reward",8,-397.3753608727774,397.2124362727774,0.0,0.0379246,0.125,206.4352469064167,206.4257657564167,0.0,0.0,0.0,0.0,0.003964321110009911,2,0.19028741328047574,0,0.0,0.0,0.0,167.31
main,v040,LOLO-nes-f0,secondary,LOLO,nested,0,A,IPPO|ppo_single_site_ensemble_seed13_20260517T091403,IPPO,13,P,"May 2026, pre-781c90c reward",9,-161.89663597311326,80.89663597311326,81.0,0.0,0.0,207.42241810816222,207.42241810816222,0.002973240832507433,0.002973240832507433,0.0,0.002973240832507433,0.0,0,0.0,3,141.40880427800485,157.92401471165365,1.0,167.31
main,v040,LOLO-nes-f0,secondary,LOLO,nested,0,A,IPPO|ppo_single_site_ensemble_seed23_20260517T110907,IPPO,23,P,"May 2026, pre-781c90c reward",all,-5407.378390814184,4788.2939907174405,588.6514678967435,4.0579322,26.375,2005.1206541075474,2004.1061710575473,0.002477700693756194,0.00029732408325074334,0.002180376610505451,0.002477700693756194,0.08562933597621407,213,2.0265609514370664,25,40.472032238945744,298.66350073587404,0.8848686238623246,170.5
main,v040,LOLO-nes-f0,secondary,LOLO,nested,0,A,IPPO|ppo_single_site_ensemble_seed23_20260517T110907,IPPO,23,P,"May 2026, pre-781c90c reward",0,-1010.7772917970999,935.0867880078399,70.23116258926012,0.8343412,4.625,188.4689006270067,188.2603153270067,0.002973240832507433,0.0,0.002973240832507433,0.002973240832507433,0.2566897918731417,43,4.0911793855302285,3,1.4590241944226265,1.868016915146271,0.8803462509917791,170.5
main,v040,LOLO-nes-f0,secondary,LOLO,nested,0,A,IPPO|ppo_single_site_ensemble_seed23_20260517T110907,IPPO,23,P,"May 2026, pre-781c90c reward",1,-620.7786042511077,548.3535726618476,70.23116258926012,0.5688690000000001,1.625,197.68415124057094,197.54193399057095,0.002973240832507433,0.0,0.002973240832507433,0.002973240832507433,0.12685827552031714,30,2.8543111992071357,3,1.1705574285483535,1.868016915146271,0.8803462509917791,170.5
main,v040,LOLO-nes-f0,secondary,LOLO,nested,0,A,IPPO|ppo_single_site_ensemble_seed23_20260517T110907,IPPO,23,P,"May 2026, pre-781c90c reward",2,-284.7778766290005,284.7778766290005,0.0,0.0,0.0,206.7288077925314,206.7288077925314,0.0,0.0,0.0,0.0,0.0,0,0.0,0,0.0,0.0,0.0,170.5
main,v040,LOLO-nes-f0,secondary,LOLO,nested,0,A,IPPO|ppo_single_site_ensemble_seed23_20260517T110907,IPPO,23,P,"May 2026, pre-781c90c reward",3,-137.66242869830683,137.66242869830683,0.0,0.0,0.0,207.15558665690253,207.15558665690253,0.0,0.0,0.0,0.0,0.0,0,0.0,0,0.0,0.0,0.0,170.5
main,v040,LOLO-nes-f0,secondary,LOLO,nested,0,A,IPPO|ppo_single_site_ensemble_seed23_20260517T110907,IPPO,23,P,"May 2026, pre-781c90c reward",4,-766.1149197361169,651.1595747575967,113.46232517852023,0.4930198,1.0,193.42370210418048,193.3004471541805,0.004955401387512388,0.0,0.004955401387512388,0.004955401387512388,0.14469772051536176,26,2.4737363726461843,5,1.3772256502778977,1.868016915146271,0.8564155011901349,170.5
main,v040,LOLO-nes-f0,secondary,LOLO,nested,0,A,IPPO|ppo_single_site_ensemble_seed23_20260517T110907,IPPO,23,P,"May 2026, pre-781c90c reward",5,-433.5889696261002,400.7219296649174,32.264492361182775,0.22754760000000002,0.375,204.1690822100786,204.11219531007862,0.0019821605550049554,0.0,0.0019821605550049554,0.0019821605550049554,0.04558969276511397,12,1.1417244796828543,2,0.6377415393530462,0.6410387529753372,0.6377415393530462,170.5
main,v040,LOLO-nes-f0,secondary,LOLO,nested,0,A,IPPO|ppo_single_site_ensemble_seed23_20260517T110907,IPPO,23,P,"May 2026, pre-781c90c reward",6,-852.0222589740467,731.6497433955265,113.46232517852025,0.9101904000000001,6.0,196.08235626017748,195.8548086601775,0.004955401387512388,0.0,0.004955401387512388,0.004955401387512388,0.15361744301288405,48,4.566897918731417,5,112.9455923503701,298.66350073587404,0.8564155011901349,170.5
main,v040,LOLO-nes-f0,secondary,LOLO,nested,0,A,IPPO|ppo_single_site_ensemble_seed23_20260517T110907,IPPO,23,P,"May 2026, pre-781c90c reward",7,-742.827788766217,621.8796737662171,108.0,0.948115,12.0,197.7030589726446,197.46603022264463,0.003964321110009911,0.0,0.003964321110009911,0.003964321110009911,0.12487611496531219,50,4.757185332011893,4,1.699018797192537,1.868016915146271,1.0,170.5
main,v040,LOLO-nes-f0,secondary,LOLO,nested,0,A,IPPO|ppo_single_site_ensemble_seed23_20260517T110907,IPPO,23,P,"May 2026, pre-781c90c reward",8,-396.93161636307457,396.1057671630746,0.0,0.0758492,0.75,206.28259013529237,206.26362783529237,0.0,0.0,0.0,0.0,0.003964321110009911,4,0.3805748265609515,0,0.0,0.0,0.0,170.5
main,v040,LOLO-nes-f0,secondary,LOLO,nested,0,A,IPPO|ppo_single_site_ensemble_seed23_20260517T110907,IPPO,23,P,"May 2026, pre-781c90c reward",9,-161.89663597311326,80.89663597311326,81.0,0.0,0.0,207.42241810816222,207.42241810816222,0.002973240832507433,0.002973240832507433,0.0,0.002973240832507433,0.0,0,0.0,3,141.40880427800485,157.92401471165365,1.0,170.5
main,v040,LOLO-nes-f0,secondary,LOLO,nested,0,A,IPPO|ppo_single_site_ensemble_seed42_20260517T091403,IPPO,42,P,"May 2026, pre-781c90c reward",all,-5442.082367214714,4795.998946956788,620.9159602579263,3.79246,21.375,2008.8047195431288,2007.856604543129,0.0026759167492566896,0.00029732408325074334,0.0023785926660059467,0.0026759167492566896,0.08156590683845391,198,1.8838453914767097,27,16.88557214902606,157.92401471165365,0.8665629138986743,167.39
main,v040,LOLO-nes-f0,secondary,LOLO,nested,0,A,IPPO|ppo_single_site_ensemble_seed42_20260517T091403,IPPO,42,P,"May 2026, pre-781c90c reward",0,-1065.7928695309422,940.905762541682,124.23116258926012,0.5309444000000001,0.125,189.5221879741312,189.38945187413125,0.004955401387512388,0.0,0.004955401387512388,0.004955401387512388,0.25966303270564917,27,2.5688800792864224,5,1.6226212827120843,1.868016915146271,0.9282077505950674,167.39
main,v040,LOLO-nes-f0,secondary,LOLO,nested,0,A,IPPO|ppo_single_site_ensemble_seed42_20260517T091403,IPPO,42,P,"May 2026, pre-781c90c reward",1,-629.6151315804777,554.7392507912177,70.23116258926012,0.6447182,4.0,198.17874975010855,198.01757020010854,0.002973240832507433,0.0,0.002973240832507433,0.002973240832507433,0.1110009910802775,34,3.2348860257680876,3,1.1705574285483535,1.868016915146271,0.8803462509917791,167.39
main,v040,LOLO-nes-f0,secondary,LOLO,nested,0,A,IPPO|ppo_single_site_ensemble_seed42_20260517T091403,IPPO,42,P,"May 2026, pre-781c90c reward",2,-357.90613737715046,286.92195840522777,70.03332977192267,0.0758492,0.875,207.61297070482743,207.59400840482743,0.002973240832507433,0.0,0.002973240832507433,0.002973240832507433,0.002973240832507433,4,0.3805748265609515,3,1.4568260520077658,1.868016915146271,0.8781481085769185,167.39
main,v040,LOLO-nes-f0,secondary,LOLO,nested,0,A,IPPO|ppo_single_site_ensemble_seed42_20260517T091403,IPPO,42,P,"May 2026, pre-781c90c reward",3,-137.66242869830683,137.66242869830683,0.0,0.0,0.0,207.15558665690253,207.15558665690253,0.0,0.0,0.0,0.0,0.0,0,0.0,0,0.0,0.0,0.0,167.39
main,v040,LOLO-nes-f0,secondary,LOLO,nested,0,A,IPPO|ppo_single_site_ensemble_seed42_20260517T091403,IPPO,42,P,"May 2026, pre-781c90c reward",4,-739.9889250317764,652.4465046532562,86.46232517852023,0.45509520000000003,0.625,193.5155990941296,193.40182529412962,0.003964321110009911,0.0,0.003964321110009911,0.003964321110009911,0.14073339940535184,24,2.2834489593657086,4,1.2545278340608041,1.868016915146271,0.8205193764876686,167.39
main,v040,LOLO-nes-f0,secondary,LOLO,nested,0,A,IPPO|ppo_single_site_ensemble_seed42_20260517T091403,IPPO,42,P,"May 2026, pre-781c90c reward",5,-458.39479689423416,397.95190773305137,59.264492361182775,0.3033968,0.875,204.35673864217281,204.2808894421728,0.002973240832507433,0.0,0.002973240832507433,0.002973240832507433,0.05550049554013875,16,1.522299306243806,3,1.047833331284121,1.868016915146271,0.7584943595686976,167.39
main,v040,LOLO-nes-f0,secondary,LOLO,nested,0,A,IPPO|ppo_single_site_ensemble_seed42_20260517T091403,IPPO,42,P,"May 2026, pre-781c90c reward",6,-790.1192100778052,719.594996099285,59.46232517852023,1.0618888000000002,10.0,196.264698089138,195.99922588913802,0.002973240832507433,0.0,0.002973240832507433,0.002973240832507433,0.13676907829534193,55,5.232903865213083,3,1.0500314736989818,1.868016915146271,0.7606925019835581,167.39
main,v040,LOLO-nes-f0,secondary,LOLO,nested,0,A,IPPO|ppo_single_site_ensemble_seed42_20260517T091403,IPPO,42,P,"May 2026, pre-781c90c reward",7,-691.4004468695509,634.244502469551,54.0,0.5309444000000001,2.625,198.90734807246216,198.77461197246214,0.0019821605550049554,0.0,0.0019821605550049554,0.0019821605550049554,0.10009910802775025,28,2.66402378592666,2,1.868016915146271,1.868016915146271,1.0,167.39
main,v040,LOLO-nes-f0,secondary,LOLO,nested,0,A,IPPO|ppo_single_site_ensemble_seed42_20260517T091403,IPPO,42,P,"May 2026, pre-781c90c reward",8,-409.3057851813569,390.6349995920968,16.231162589260116,0.189623,2.25,205.86842245109437,205.82101670109438,0.0009910802775024777,0.0,0.0009910802775024777,0.0009910802775024777,0.008919722497522299,10,0.9514370664023787,1,0.6410387529753372,0.6410387529753372,0.6410387529753372,167.39
main,v040,LOLO-nes-f0,secondary,LOLO,nested,0,A,IPPO|ppo_single_site_ensemble_seed42_20260517T091403,IPPO,42,P,"May 2026, pre-781c90c reward",9,-161.89663597311326,80.89663597311326,81.0,0.0,0.0,207.42241810816222,207.42241810816222,0.002973240832507433,0.002973240832507433,0.0,0.002973240832507433,0.0,0,0.0,3,141.40880427800485,157.92401471165365,1.0,167.39
main,v040,LOLO-nes-f0,secondary,LOLO,nested,0,A,IPPO|ppo_single_site_ensemble_seed64_20260517T110907,IPPO,64,P,"May 2026, pre-781c90c reward",all,-5480.664110104351,4812.679341077659,638.3018368266916,4.0579322,25.625,2007.5585502242707,2006.5440671742708,0.0026759167492566896,0.00029732408325074334,0.0023785926660059467,0.0026759167492566896,0.08602576808721507,213,2.0265609514370664,27,27.93872231192104,298.66350073587404,0.8880269590452982,170.46
main,v040,LOLO-nes-f0,secondary,LOLO,nested,0,A,IPPO|ppo_single_site_ensemble_seed64_20260517T110907,IPPO,64,P,"May 2026, pre-781c90c reward",0,-1094.851045599768,933.404359119377,152.14602388039094,1.1756626,8.125,189.32229774319882,189.02838209319884,0.006937561942517344,0.0,0.006937561942517344,0.006937561942517344,0.30822596630327054,61,5.8037661050545095,7,1.3205145414187787,1.868016915146271,0.8245048756209093,170.46
main,v040,LOLO-nes-f0,secondary,LOLO,nested,0,A,IPPO|ppo_single_site_ensemble_seed64_20260517T110907,IPPO,64,P,"May 2026, pre-781c90c reward",1,-627.7098432864454,555.0727362971854,70.23116258926012,0.5309444000000001,1.875,198.20080130935207,198.06806520935208,0.002973240832507433,0.0,0.002973240832507433,0.002973240832507433,0.10703666997026759,28,2.66402378592666,3,1.1705574285483535,1.868016915146271,0.8803462509917791,170.46
main,v040,LOLO-nes-f0,secondary,LOLO,nested,0,A,IPPO|ppo_single_site_ensemble_seed64_20260517T110907,IPPO,64,P,"May 2026, pre-781c90c reward",2,-284.7778766290005,284.7778766290005,0.0,0.0,0.0,206.7288077925314,206.7288077925314,0.0,0.0,0.0,0.0,0.0,0,0.0,0,0.0,0.0,0.0,170.46
main,v040,LOLO-nes-f0,secondary,LOLO,nested,0,A,IPPO|ppo_single_site_ensemble_seed64_20260517T110907,IPPO,64,P,"May 2026, pre-781c90c reward",3,-137.66242869830683,137.66242869830683,0.0,0.0,0.0,207.15558665690253,207.15558665690253,0.0,0.0,0.0,0.0,0.0,0,0.0,0,0.0,0.0,0.0,170.46
main,v040,LOLO-nes-f0,secondary,LOLO,nested,0,A,IPPO|ppo_single_site_ensemble_seed64_20260517T110907,IPPO,64,P,"May 2026, pre-781c90c reward",4,-767.3079958728138,652.2276508942934,113.46232517852023,0.4930198,1.125,193.5559479617986,193.43269301179862,0.004955401387512388,0.0,0.004955401387512388,0.004955401387512388,0.14271555996035679,26,2.4737363726461843,5,1.3772256502778977,1.868016915146271,0.8564155011901349,170.46
main,v040,LOLO-nes-f0,secondary,LOLO,nested,0,A,IPPO|ppo_single_site_ensemble_seed64_20260517T110907,IPPO,64,P,"May 2026, pre-781c90c reward",5,-439.94778314516395,395.7011483559039,43.231162589260116,0.2654722,0.75,203.68360026253788,203.61723221253789,0.0019821605550049554,0.0,0.0019821605550049554,0.0019821605550049554,0.049554013875123884,14,1.33201189296333,2,1.2545278340608041,1.868016915146271,0.8205193764876686,170.46
main,v040,LOLO-nes-f0,secondary,LOLO,nested,0,A,IPPO|ppo_single_site_ensemble_seed64_20260517T110907,IPPO,64,P,"May 2026, pre-781c90c reward",6,-827.7029281485143,753.8270473592543,70.23116258926012,0.6447182,3.0,197.27427777297135,197.11309822297133,0.002973240832507433,0.0,0.002973240832507433,0.002973240832507433,0.12289395441030723,34,3.2348860257680876,3,100.39085213466522,298.66350073587404,0.8803462509917791,170.46
main,v040,LOLO-nes-f0,secondary,LOLO,nested,0,A,IPPO|ppo_single_site_ensemble_seed64_20260517T110907,IPPO,64,P,"May 2026, pre-781c90c reward",7,-741.6063587269098,624.5978667269098,108.0,0.758492,8.25,198.03453717478502,197.844914174785,0.003964321110009911,0.0,0.003964321110009911,0.003964321110009911,0.12487611496531219,40,3.8057482656095147,4,1.699018797192537,1.868016915146271,1.0,170.46
main,v040,LOLO-nes-f0,secondary,LOLO,nested,0,A,IPPO|ppo_single_site_ensemble_seed64_20260517T110907,IPPO,64,P,"May 2026, pre-781c90c reward",8,-397.20121402431494,394.51159102431495,0.0,0.189623,2.5,206.18027544203096,206.13286969203097,0.0,0.0,0.0,0.0,0.004955401387512388,10,0.9514370664023787,0,0.0,0.0,0.0,170.46
main,v040,LOLO-nes-f0,secondary,LOLO,nested,0,A,IPPO|ppo_single_site_ensemble_seed64_20260517T110907,IPPO,64,P,"May 2026, pre-781c90c reward",9,-161.89663597311326,80.89663597311326,81.0,0.0,0.0,207.42241810816222,207.42241810816222,0.002973240832507433,0.002973240832507433,0.0,0.002973240832507433,0.0,0,0.0,3,141.40880427800485,157.92401471165365,1.0,170.46
main,v040,LOLO-nes-f0,secondary,LOLO,nested,0,A,IPPO|ppo_single_site_ensemble_seed77_20260517T110907,IPPO,77,P,"May 2026, pre-781c90c reward",all,-5493.538924637662,4788.215401912841,680.6181381248209,3.8303846,20.875,2008.3320237118319,2007.374427561832,0.0027750247770069376,0.0006937561942517344,0.0026759167492566896,0.0027750247770069376,0.08245787908820615,201,1.9123885034687813,28,38888.41846881342,166784.2994385597,0.9102596882438343,167.46
main,v040,LOLO-nes-f0,secondary,LOLO,nested,0,A,IPPO|ppo_single_site_ensemble_seed77_20260517T110907,IPPO,77,P,"May 2026, pre-781c90c reward",0,-986.697315362233,939.9955853729728,43.231162589260116,0.7205674,2.75,188.5258569297723,188.34571507977228,0.0019821605550049554,0.0,0.0019821605550049554,0.0019821605550049554,0.24083250743310208,37,3.520317145688801,2,1.2545278340608041,1.868016915146271,0.8205193764876686,167.46
main,v040,LOLO-nes-f0,secondary,LOLO,nested,0,A,IPPO|ppo_single_site_ensemble_seed77_20260517T110907,IPPO,77,P,"May 2026, pre-781c90c reward",1,-625.2968864171944,551.3339302279343,70.23116258926012,0.6067936,3.125,197.83429368939414,197.68259528939416,0.002973240832507433,0.0,0.002973240832507433,0.002973240832507433,0.11199207135777998,32,3.044598612487612,3,1.1705574285483535,1.868016915146271,0.8803462509917791,167.46
main,v040,LOLO-nes-f0,secondary,LOLO,nested,0,A,IPPO|ppo_single_site_ensemble_seed77_20260517T110907,IPPO,77,P,"May 2026, pre-781c90c reward",2,-284.7778766290005,284.7778766290005,0.0,0.0,0.0,206.7288077925314,206.7288077925314,0.0,0.0,0.0,0.0,0.0,0,0.0,0,0.0,0.0,0.0,167.46
main,v040,LOLO-nes-f0,secondary,LOLO,nested,0,A,IPPO|ppo_single_site_ensemble_seed77_20260517T110907,IPPO,77,P,"May 2026, pre-781c90c reward",3,-137.66242869830683,137.66242869830683,0.0,0.0,0.0,207.15558665690253,207.15558665690253,0.0,0.0,0.0,0.0,0.0,0,0.0,0,0.0,0.0,0.0,167.46
main,v040,LOLO-nes-f0,secondary,LOLO,nested,0,A,IPPO|ppo_single_site_ensemble_seed77_20260517T110907,IPPO,77,P,"May 2026, pre-781c90c reward",4,-740.2632053151549,652.7207849366346,86.46232517852023,0.45509520000000003,0.625,193.60221305885992,193.48843925885993,0.003964321110009911,0.0,0.003964321110009911,0.003964321110009911,0.14172447968285432,24,2.2834489593657086,4,1.2545278340608041,1.868016915146271,0.8205193764876686,167.46
main,v040,LOLO-nes-f0,secondary,LOLO,nested,0,A,IPPO|ppo_single_site_ensemble_seed77_20260517T110907,IPPO,77,P,"May 2026, pre-781c90c reward",5,-440.14316464151636,394.7827560522562,43.231162589260116,0.37924599999999997,1.75,203.74559717249574,203.65078567249572,0.0019821605550049554,0.0,0.0019821605550049554,0.0019821605550049554,0.05847373637264618,20,1.9028741328047574,2,1.2545278340608041,1.868016915146271,0.8205193764876686,167.46
main,v040,LOLO-nes-f0,secondary,LOLO,nested,0,A,IPPO|ppo_single_site_ensemble_seed77_20260517T110907,IPPO,77,P,"May 2026, pre-781c90c reward",6,-839.9404664920608,720.1438001135405,113.46232517852025,0.8343412,5.5,196.15081398070538,195.9422286807054,0.004955401387512388,0.0,0.004955401387512388,0.004955401387512388,0.14172447968285432,44,4.186323092170466,5,112.9455923503701,298.66350073587404,0.8564155011901349,167.46
main,v040,LOLO-nes-f0,secondary,LOLO,nested,0,A,IPPO|ppo_single_site_ensemble_seed77_20260517T110907,IPPO,77,P,"May 2026, pre-781c90c reward",7,-712.8349586640919,624.451466664092,81.0,0.758492,6.625,198.10386399101947,197.91424099101943,0.002973240832507433,0.0,0.002973240832507433,0.002973240832507433,0.12388503468780972,40,3.8057482656095147,3,1.642686091207959,1.868016915146271,1.0,167.46
main,v040,LOLO-nes-f0,secondary,LOLO,nested,0,A,IPPO|ppo_single_site_ensemble_seed77_20260517T110907,IPPO,77,P,"May 2026, pre-781c90c reward",8,-401.25198500836296,401.25198500836296,0.0,0.0,0.0,206.6413713722042,206.6413713722042,0.0,0.0,0.0,0.0,0.0,0,0.0,0,0.0,0.0,0.0,167.46
main,v040,LOLO-nes-f0,secondary,LOLO,nested,0,A,IPPO|ppo_single_site_ensemble_seed77_20260517T110907,IPPO,77,P,"May 2026, pre-781c90c reward",9,-324.6706374097406,81.09478820974061,243.0,0.0758492,0.5,209.84361906794706,209.82465676794706,0.008919722497522299,0.006937561942517344,0.007928642220019821,0.008919722497522299,0.005946481665014866,4,0.3805748265609515,9,120921.39035686581,166784.2994385597,1.0,167.46
main,v040,LOLO-nes-f0,secondary,LOLO,nested,0,A,IPPO|ppo_single_site_ensemble_seed99_20260517T091403,IPPO,99,P,"May 2026, pre-781c90c reward",all,-5288.583715920381,4790.207677184821,475.38697553556074,3.4890632000000004,19.5,2006.1925686746051,2005.320302874605,0.0019821605550049554,0.00029732408325074334,0.0016848364717542122,0.0019821605550049554,0.07978196233894945,183,1.741129831516353,20,37.22754574707903,298.66350073587404,0.8923116258926012,170.42
main,v040,LOLO-nes-f0,secondary,LOLO,nested,0,A,IPPO|ppo_single_site_ensemble_seed99_20260517T091403,IPPO,99,P,"May 2026, pre-781c90c reward",0,-1065.9552247473332,940.030193158073,124.23116258926012,0.5688690000000001,1.125,189.23168964903556,189.08947239903557,0.004955401387512388,0.0,0.004955401387512388,0.004955401387512388,0.25173439048562934,29,2.759167492566898,5,1.6226212827120843,1.868016915146271,0.9282077505950674,170.42
main,v040,LOLO-nes-f0,secondary,LOLO,nested,0,A,IPPO|ppo_single_site_ensemble_seed99_20260517T091403,IPPO,99,P,"May 2026, pre-781c90c reward",1,-620.1801240371553,545.5163186478952,70.23116258926012,0.6826428,3.75,197.36319539394987,197.19253469394982,0.002973240832507433,0.0,0.002973240832507433,0.002973240832507433,0.12289395441030723,36,3.4251734390485633,3,1.1705574285483535,1.868016915146271,0.8803462509917791,170.42
main,v040,LOLO-nes-f0,secondary,LOLO,nested,0,A,IPPO|ppo_single_site_ensemble_seed99_20260517T091403,IPPO,99,P,"May 2026, pre-781c90c reward",2,-284.7778766290005,284.7778766290005,0.0,0.0,0.0,206.7288077925314,206.7288077925314,0.0,0.0,0.0,0.0,0.0,0,0.0,0,0.0,0.0,0.0,170.42
main,v040,LOLO-nes-f0,secondary,LOLO,nested,0,A,IPPO|ppo_single_site_ensemble_seed99_20260517T091403,IPPO,99,P,"May 2026, pre-781c90c reward",3,-137.66242869830683,137.66242869830683,0.0,0.0,0.0,207.15558665690253,207.15558665690253,0.0,0.0,0.0,0.0,0.0,0,0.0,0,0.0,0.0,0.0,170.42
main,v040,LOLO-nes-f0,secondary,LOLO,nested,0,A,IPPO|ppo_single_site_ensemble_seed99_20260517T091403,IPPO,99,P,"May 2026, pre-781c90c reward",4,-738.8557737772113,650.4004287986911,86.46232517852023,0.4930198,1.5,193.4305861834837,193.30733123348372,0.003964321110009911,0.0,0.003964321110009911,0.003964321110009911,0.13974231912784935,26,2.4737363726461843,4,1.2545278340608041,1.868016915146271,0.8205193764876686,170.42
main,v040,LOLO-nes-f0,secondary,LOLO,nested,0,A,IPPO|ppo_single_site_ensemble_seed99_20260517T091403,IPPO,99,P,"May 2026, pre-781c90c reward",5,-401.3211072037446,400.6314842037446,0.0,0.189623,0.5,203.89910035679117,203.85169460679117,0.0,0.0,0.0,0.0,0.035678889990089196,10,0.9514370664023787,0,0.0,0.0,0.0,170.42
main,v040,LOLO-nes-f0,secondary,LOLO,nested,0,A,IPPO|ppo_single_site_ensemble_seed99_20260517T091403,IPPO,99,P,"May 2026, pre-781c90c reward",6,-783.6121756397787,716.9025846612584,59.46232517852023,0.8722658000000001,6.375,195.81533714243778,195.5972706924378,0.002973240832507433,0.0,0.002973240832507433,0.002973240832507433,0.14172447968285432,46,4.376610505450942,3,99.98185941394159,298.66350073587404,0.7606925019835581,170.42
main,v040,LOLO-nes-f0,secondary,LOLO,nested,0,A,IPPO|ppo_single_site_ensemble_seed99_20260517T091403,IPPO,99,P,"May 2026, pre-781c90c reward",7,-697.3907528516627,637.2839592516627,54.0,0.6067936,5.5,198.86325725601847,198.71155885601846,0.0019821605550049554,0.0,0.0019821605550049554,0.0019821605550049554,0.10208126858275521,32,3.044598612487612,2,1.868016915146271,1.868016915146271,1.0,170.42
main,v040,LOLO-nes-f0,secondary,LOLO,nested,0,A,IPPO|ppo_single_site_ensemble_seed99_20260517T091403,IPPO,99,P,"May 2026, pre-781c90c reward",8,-396.93161636307457,396.1057671630746,0.0,0.0758492,0.75,206.28259013529237,206.26362783529237,0.0,0.0,0.0,0.0,0.003964321110009911,4,0.3805748265609515,0,0.0,0.0,0.0,170.42
main,v040,LOLO-nes-f0,secondary,LOLO,nested,0,A,IPPO|ppo_single_site_ensemble_seed99_20260517T091403,IPPO,99,P,"May 2026, pre-781c90c reward",9,-161.89663597311326,80.89663597311326,81.0,0.0,0.0,207.42241810816222,207.42241810816222,0.002973240832507433,0.002973240832507433,0.0,0.002973240832507433,0.0,0,0.0,3,141.40880427800485,157.92401471165365,1.0,170.42
main,v040,LOLO-nes-f0,secondary,LOLO,nested,0,A,IPPO|ippo_nr_seed1,IPPO,1,T,"June 2026, current reward",all,-5598.000553739485,4813.768352414663,761.6181381248209,3.4890631999999995,19.125,2015.1576573295179,2014.285391529518,0.003072348860257681,0.0013875123885034688,0.0027750247770069376,0.003072348860257681,0.0777998017839445,183,1.741129831516353,31,642.9384319635745,3190.2962989126227,0.918944234542818,167.46
main,v040,LOLO-nes-f0,secondary,LOLO,nested,0,A,IPPO|ippo_nr_seed1,IPPO,1,T,"June 2026, current reward",0,-1068.4145578911923,942.8645263019322,124.23116258926012,0.5688690000000001,0.75,189.25608071824388,189.1138634682439,0.004955401387512388,0.0,0.004955401387512388,0.004955401387512388,0.24777006937561943,29,2.759167492566898,5,1.6226212827120843,1.868016915146271,0.9282077505950674,167.46
main,v040,LOLO-nes-f0,secondary,LOLO,nested,0,A,IPPO|ippo_nr_seed1,IPPO,1,T,"June 2026, current reward",1,-626.2471391442537,552.6591829549936,70.23116258926012,0.6067936,2.75,198.05750121842095,197.90580281842094,0.002973240832507433,0.0,0.002973240832507433,0.002973240832507433,0.11496531219028741,32,3.044598612487612,3,1.1705574285483535,1.868016915146271,0.8803462509917791,167.46
main,v040,LOLO-nes-f0,secondary,LOLO,nested,0,A,IPPO|ippo_nr_seed1,IPPO,1,T,"June 2026, current reward",2,-284.7778766290005,284.7778766290005,0.0,0.0,0.0,206.7288077925314,206.7288077925314,0.0,0.0,0.0,0.0,0.0,0,0.0,0,0.0,0.0,0.0,167.46
main,v040,LOLO-nes-f0,secondary,LOLO,nested,0,A,IPPO|ippo_nr_seed1,IPPO,1,T,"June 2026, current reward",3,-465.26820338367077,141.23027878367077,324.0,0.0379246,0.0,213.78832749261184,213.77884634261184,0.011892963330029732,0.010901883052527254,0.011892963330029732,0.011892963330029732,0.010901883052527254,2,0.19028741328047574,12,1623.8692462356064,3190.2962989126227,1.0,167.46
main,v040,LOLO-nes-f0,secondary,LOLO,nested,0,A,IPPO|ippo_nr_seed1,IPPO,1,T,"June 2026, current reward",4,-711.0874445715244,648.2683257930041,59.46232517852023,0.6067936,2.75,193.3881315584132,193.2364331584132,0.002973240832507433,0.0,0.002973240832507433,0.002973240832507433,0.13577799801783944,32,3.044598612487612,3,1.0500314736989818,1.868016915146271,0.7606925019835581,167.46
main,v040,LOLO-nes-f0,secondary,LOLO,nested,0,A,IPPO|ippo_nr_seed1,IPPO,1,T,"June 2026, current reward",5,-457.9531025488311,413.907316959571,43.231162589260116,0.18962299999999999,0.625,205.42622764864115,205.37882189864115,0.0019821605550049554,0.0,0.0019821605550049554,0.0019821605550049554,0.030723488602576808,10,0.9514370664023787,2,1.2545278340608041,1.868016915146271,0.8205193764876686,167.46
main,v040,LOLO-nes-f0,secondary,LOLO,nested,0,A,IPPO|ippo_nr_seed1,IPPO,1,T,"June 2026, current reward",6,-758.3800905730259,720.9471979945058,32.46232517852023,0.7205674,4.25,196.18358797480897,196.003446124809,0.0019821605550049554,0.0,0.0019821605550049554,0.0019821605550049554,0.12586719524281467,38,3.615460852329039,2,0.6410387529753372,0.6410387529753372,0.6410387529753372,167.46
main,v040,LOLO-nes-f0,secondary,LOLO,nested,0,A,IPPO|ippo_nr_seed1,IPPO,1,T,"June 2026, current reward",7,-662.7235180165098,626.9650260165099,27.0,0.7584919999999999,8.0,198.26520344548018,198.07558044548017,0.0009910802775024777,0.0,0.0009910802775024777,0.0009910802775024777,0.11199207135777998,40,3.8057482656095147,1,1.868016915146271,1.868016915146271,1.0,167.46
main,v040,LOLO-nes-f0,secondary,LOLO,nested,0,A,IPPO|ippo_nr_seed1,IPPO,1,T,"June 2026, current reward",8,-401.25198500836296,401.25198500836296,0.0,0.0,0.0,206.6413713722042,206.6413713722042,0.0,0.0,0.0,0.0,0.0,0,0.0,0,0.0,0.0,0.0,167.46
main,v040,LOLO-nes-f0,secondary,LOLO,nested,0,A,IPPO|ippo_nr_seed1,IPPO,1,T,"June 2026, current reward",9,-161.89663597311326,80.89663597311326,81.0,0.0,0.0,207.42241810816222,207.42241810816222,0.002973240832507433,0.002973240832507433,0.0,0.002973240832507433,0.0,0,0.0,3,141.40880427800485,157.92401471165365,1.0,167.46
main,v040,LOLO-nes-f0,secondary,LOLO,nested,0,A,IPPO|ippo_nr_seed7,IPPO,7,T,"June 2026, current reward",all,-5364.514267406796,4793.377351299313,545.4203053074833,3.7166107999999998,22.0,2007.0584035802556,2006.1292508802553,0.0022794846382556988,0.00029732408325074334,0.0019821605550049554,0.0022794846382556988,0.08116947472745292,195,1.8553022794846383,23,43.91164099031901,298.66350073587404,0.8904642105905556,170.42
main,v040,LOLO-nes-f0,secondary,LOLO,nested,0,A,IPPO|ippo_nr_seed7,IPPO,7,T,"June 2026, current reward",0,-1012.5644667410996,939.4006613518395,70.23116258926012,0.6826428,2.25,188.69569517573404,188.52503447573406,0.002973240832507433,0.0,0.002973240832507433,0.002973240832507433,0.24975222993062438,35,3.3300297324083252,3,1.4590241944226265,1.868016915146271,0.8803462509917791,170.42
main,v040,LOLO-nes-f0,secondary,LOLO,nested,0,A,IPPO|ippo_nr_seed7,IPPO,7,T,"June 2026, current reward",1,-627.6265490101064,554.4515174208464,70.23116258926012,0.5688690000000001,2.375,198.1207177535283,197.9785005035283,0.002973240832507433,0.0,0.002973240832507433,0.002973240832507433,0.11000991080277503,30,2.8543111992071357,3,1.1705574285483535,1.868016915146271,0.8803462509917791,170.42
main,v040,LOLO-nes-f0,secondary,LOLO,nested,0,A,IPPO|ippo_nr_seed7,IPPO,7,T,"June 2026, current reward",2,-284.7778766290005,284.7778766290005,0.0,0.0,0.0,206.7288077925314,206.7288077925314,0.0,0.0,0.0,0.0,0.0,0,0.0,0,0.0,0.0,0.0,170.42
main,v040,LOLO-nes-f0,secondary,LOLO,nested,0,A,IPPO|ippo_nr_seed7,IPPO,7,T,"June 2026, current reward",3,-182.06164263944814,138.49038826752547,43.03332977192266,0.0379246,0.5,207.5510816217722,207.5416004717722,0.0019821605550049554,0.0,0.0019821605550049554,0.0019821605550049554,0.0009910802775024777,2,0.19028741328047574,2,1.251230620438513,1.868016915146271,0.8172221628653776,170.42
main,v040,LOLO-nes-f0,secondary,LOLO,nested,0,A,IPPO|ippo_nr_seed7,IPPO,7,T,"June 2026, current reward",4,-766.3751824399885,650.5069128614682,113.46232517852023,0.5309444,1.875,193.3377325523779,193.20499645237788,0.004955401387512388,0.0,0.004955401387512388,0.004955401387512388,0.14568880079286423,28,2.66402378592666,5,1.3772256502778977,1.868016915146271,0.8564155011901349,170.42
main,v040,LOLO-nes-f0,secondary,LOLO,nested,0,A,IPPO|ippo_nr_seed7,IPPO,7,T,"June 2026, current reward",5,-445.63032845262524,417.85363005262525,27.0,0.1516984,0.625,205.7211631906245,205.6832385906245,0.0009910802775024777,0.0,0.0009910802775024777,0.0009910802775024777,0.023785926660059464,8,0.761149653121903,1,1.868016915146271,1.868016915146271,1.0,170.42
main,v040,LOLO-nes-f0,secondary,LOLO,nested,0,A,IPPO|ippo_nr_seed7,IPPO,7,T,"June 2026, current reward",6,-807.8800942707328,710.7308802922126,86.46232517852023,1.0618888,9.625,195.26981407669084,195.0043418766908,0.003964321110009911,0.0,0.003964321110009911,0.003964321110009911,0.15361744301288405,56,5.32804757185332,4,140.71498620917606,298.66350073587404,0.8205193764876686,170.42
main,v040,LOLO-nes-f0,secondary,LOLO,nested,0,A,IPPO|ippo_nr_seed7,IPPO,7,T,"June 2026, current reward",7,-685.997086556355,626.8902929563551,54.0,0.6067936,4.5,198.27523967238488,198.12354127238487,0.0019821605550049554,0.0,0.0019821605550049554,0.0019821605550049554,0.11694747274529237,32,3.044598612487612,2,1.868016915146271,1.868016915146271,1.0,170.42
main,v040,LOLO-nes-f0,secondary,LOLO,nested,0,A,IPPO|ippo_nr_seed7,IPPO,7,T,"June 2026, current reward",8,-389.7044046943262,389.3785554943262,0.0,0.0758492,0.25,205.93573363644936,205.91677133644936,0.0,0.0,0.0,0.0,0.010901883052527254,4,0.3805748265609515,0,0.0,0.0,0.0,170.42
main,v040,LOLO-nes-f0,secondary,LOLO,nested,0,A,IPPO|ippo_nr_seed7,IPPO,7,T,"June 2026, current reward",9,-161.89663597311326,80.89663597311326,81.0,0.0,0.0,207.42241810816222,207.42241810816222,0.002973240832507433,0.002973240832507433,0.0,0.002973240832507433,0.0,0,0.0,3,141.40880427800485,157.92401471165365,1.0,170.42
main,v040,LOLO-nes-f0,secondary,LOLO,nested,0,A,IPPO|ippo_nr_seed13,IPPO,13,T,"June 2026, current reward",all,-5300.7826836619515,4818.951549726391,448.38697553556074,3.9441584,29.5,2006.855105608316,2005.8690660083162,0.0018830525272547076,0.00029732408325074334,0.0015857284440039642,0.0018830525272547076,0.07710604558969276,207,1.9694747274529236,19,37.20704020449683,262.91436659487954,0.8866438167290539,167.48
main,v040,LOLO-nes-f0,secondary,LOLO,nested,0,A,IPPO|ippo_nr_seed13,IPPO,13,T,"June 2026, current reward",0,-986.8553815336161,940.816576144356,43.231162589260116,0.6826428,2.125,188.68775487682774,188.51709417682775,0.0019821605550049554,0.0,0.0019821605550049554,0.0019821605550049554,0.2358771060455897,35,3.3300297324083252,2,1.2545278340608041,1.868016915146271,0.8205193764876686,167.48
main,v040,LOLO-nes-f0,secondary,LOLO,nested,0,A,IPPO|ippo_nr_seed13,IPPO,13,T,"June 2026, current reward",1,-622.311599513454,547.7727941241939,70.23116258926012,0.6826428,3.625,197.58348814593364,197.41282744593366,0.002973240832507433,0.0,0.002973240832507433,0.002973240832507433,0.12487611496531219,36,3.4251734390485633,3,1.1705574285483535,1.868016915146271,0.8803462509917791,167.48
main,v040,LOLO-nes-f0,secondary,LOLO,nested,0,A,IPPO|ippo_nr_seed13,IPPO,13,T,"June 2026, current reward",2,-284.7778766290005,284.7778766290005,0.0,0.0,0.0,206.7288077925314,206.7288077925314,0.0,0.0,0.0,0.0,0.0,0,0.0,0,0.0,0.0,0.0,167.48
main,v040,LOLO-nes-f0,secondary,LOLO,nested,0,A,IPPO|ippo_nr_seed13,IPPO,13,T,"June 2026, current reward",3,-137.66242869830683,137.66242869830683,0.0,0.0,0.0,207.15558665690253,207.15558665690253,0.0,0.0,0.0,0.0,0.0,0,0.0,0,0.0,0.0,0.0,167.48
main,v040,LOLO-nes-f0,secondary,LOLO,nested,0,A,IPPO|ippo_nr_seed13,IPPO,13,T,"June 2026, current reward",4,-767.3079958728138,652.2276508942934,113.46232517852023,0.4930198,1.125,193.5559479617986,193.43269301179862,0.004955401387512388,0.0,0.004955401387512388,0.004955401387512388,0.14271555996035679,26,2.4737363726461843,5,1.3772256502778977,1.868016915146271,0.8564155011901349,167.48
main,v040,LOLO-nes-f0,secondary,LOLO,nested,0,A,IPPO|ippo_nr_seed13,IPPO,13,T,"June 2026, current reward",5,-420.9386736794388,420.4498998794388,0.0,0.1137738,0.375,205.5209819335339,205.4925384835339,0.0,0.0,0.0,0.0,0.019821605550049554,6,0.5708622398414271,0,0.0,0.0,0.0,167.48
main,v040,LOLO-nes-f0,secondary,LOLO,nested,0,A,IPPO|ippo_nr_seed13,IPPO,13,T,"June 2026, current reward",6,-804.0150577360996,727.9262207575794,59.46232517852023,1.2515117999999998,15.375,195.42512767523715,195.11224972523715,0.002973240832507433,0.0,0.002973240832507433,0.002973240832507433,0.12487611496531219,66,6.279484638255699,3,88.06548136694342,262.91436659487954,0.7606925019835581,167.48
main,v040,LOLO-nes-f0,secondary,LOLO,nested,0,A,IPPO|ippo_nr_seed13,IPPO,13,T,"June 2026, current reward",7,-713.7650490177459,625.1694816177458,81.0,0.7205674,6.875,198.1336210851849,197.9534792351849,0.002973240832507433,0.0,0.002973240832507433,0.002973240832507433,0.12289395441030723,38,3.615460852329039,3,1.8680169151462713,1.868016915146271,1.0,167.48
main,v040,LOLO-nes-f0,secondary,LOLO,nested,0,A,IPPO|ippo_nr_seed13,IPPO,13,T,"June 2026, current reward",8,-401.25198500836296,401.25198500836296,0.0,0.0,0.0,206.6413713722042,206.6413713722042,0.0,0.0,0.0,0.0,0.0,0,0.0,0,0.0,0.0,0.0,167.48
main,v040,LOLO-nes-f0,secondary,LOLO,nested,0,A,IPPO|ippo_nr_seed13,IPPO,13,T,"June 2026, current reward",9,-161.89663597311326,80.89663597311326,81.0,0.0,0.0,207.42241810816222,207.42241810816222,0.002973240832507433,0.002973240832507433,0.0,0.002973240832507433,0.0,0,0.0,3,141.40880427800485,157.92401471165365,1.0,167.48
main,v040,LOLO-nes-f0,secondary,LOLO,nested,0,A,IPPO|ippo_nr_seed23,IPPO,23,T,"June 2026, current reward",all,-5270.7116035448535,4828.721159998553,405.15581294630056,4.2096306,32.625,2007.9603600106989,2006.9079523606988,0.0016848364717542122,0.00029732408325074334,0.0013875123885034688,0.0016848364717542122,0.07750247770069375,221,2.102675916749257,17,26.081079913975575,157.92401471165365,0.894423162639805,170.35
main,v040,LOLO-nes-f0,secondary,LOLO,nested,0,A,IPPO|ippo_nr_seed23,IPPO,23,T,"June 2026, current reward",0,-1039.5662165605613,933.7352405713011,97.23116258926012,1.0998134,7.5,188.63065700796557,188.35570365796553,0.003964321110009911,0.0,0.003964321110009911,0.003964321110009911,0.27849355797819625,57,5.423191278493558,4,1.5612723746035377,1.868016915146271,0.9102596882438343,170.35
main,v040,LOLO-nes-f0,secondary,LOLO,nested,0,A,IPPO|ippo_nr_seed23,IPPO,23,T,"June 2026, current reward",1,-620.26727727702,546.80432108776,70.23116258926012,0.6067936,2.625,197.40535415076877,197.2536557507688,0.002973240832507433,0.0,0.002973240832507433,0.002973240832507433,0.1159563924677899,32,3.044598612487612,3,1.1705574285483535,1.868016915146271,0.8803462509917791,170.35
main,v040,LOLO-nes-f0,secondary,LOLO,nested,0,A,IPPO|ippo_nr_seed23,IPPO,23,T,"June 2026, current reward",2,-284.7778766290005,284.7778766290005,0.0,0.0,0.0,206.7288077925314,206.7288077925314,0.0,0.0,0.0,0.0,0.0,0,0.0,0,0.0,0.0,0.0,170.35
main,v040,LOLO-nes-f0,secondary,LOLO,nested,0,A,IPPO|ippo_nr_seed23,IPPO,23,T,"June 2026, current reward",3,-137.66242869830683,137.66242869830683,0.0,0.0,0.0,207.15558665690253,207.15558665690253,0.0,0.0,0.0,0.0,0.0,0,0.0,0,0.0,0.0,0.0,170.35
main,v040,LOLO-nes-f0,secondary,LOLO,nested,0,A,IPPO|ippo_nr_seed23,IPPO,23,T,"June 2026, current reward",4,-768.5448934594951,653.5895484809748,113.46232517852023,0.4930198,1.0,193.74560412205534,193.62234917205532,0.004955401387512388,0.0,0.004955401387512388,0.004955401387512388,0.14469772051536176,26,2.4737363726461843,5,1.3772256502778977,1.868016915146271,0.8564155011901349,170.35
main,v040,LOLO-nes-f0,secondary,LOLO,nested,0,A,IPPO|ippo_nr_seed23,IPPO,23,T,"June 2026, current reward",5,-408.23264593554813,405.96717373554816,0.0,0.2654722,2.0,204.387027973981,204.320659923981,0.0,0.0,0.0,0.0,0.03270564915758176,14,1.33201189296333,0,0.0,0.0,0.0,170.35
main,v040,LOLO-nes-f0,secondary,LOLO,nested,0,A,IPPO|ippo_nr_seed23,IPPO,23,T,"June 2026, current reward",6,-783.97499369512,759.3224145058598,16.231162589260116,0.7964166,7.625,197.51292520987724,197.31382105987723,0.0009910802775024777,0.0,0.0009910802775024777,0.0009910802775024777,0.0931615460852329,42,3.9960356788899905,1,0.6410387529753372,0.6410387529753372,0.6410387529753372,170.35
main,v040,LOLO-nes-f0,secondary,LOLO,nested,0,A,IPPO|ippo_nr_seed23,IPPO,23,T,"June 2026, current reward",7,-668.5607388636263,630.2263976636261,27.0,0.8343412000000001,10.5,198.68493736582116,198.47635206582115,0.0009910802775024777,0.0,0.0009910802775024777,0.0009910802775024777,0.10604558969276512,44,4.186323092170466,1,1.868016915146271,1.868016915146271,1.0,170.35
main,v040,LOLO-nes-f0,secondary,LOLO,nested,0,A,IPPO|ippo_nr_seed23,IPPO,23,T,"June 2026, current reward",8,-397.2278964530624,395.73912265306234,0.0,0.11377380000000001,1.375,206.2870416226336,206.2585981726336,0.0,0.0,0.0,0.0,0.003964321110009911,6,0.5708622398414271,0,0.0,0.0,0.0,170.35
main,v040,LOLO-nes-f0,secondary,LOLO,nested,0,A,IPPO|ippo_nr_seed23,IPPO,23,T,"June 2026, current reward",9,-161.89663597311326,80.89663597311326,81.0,0.0,0.0,207.42241810816222,207.42241810816222,0.002973240832507433,0.002973240832507433,0.0,0.002973240832507433,0.0,0,0.0,3,141.40880427800485,157.92401471165365,1.0,170.35
main,v040,LOLO-nes-f0,secondary,LOLO,nested,0,A,IPPO|ippo_nr_seed42,IPPO,42,T,"June 2026, current reward",all,-5245.433257990073,4795.340897854512,421.3869755355607,3.8303846000000004,24.875,2006.5480891901832,2005.5904930401832,0.00178394449950446,0.00029732408325074334,0.0014866204162537165,0.00178394449950446,0.08077304261645193,201,1.9123885034687813,18,41.11882714663739,298.66350073587404,0.8803462509917791,167.54
main,v040,LOLO-nes-f0,secondary,LOLO,nested,0,A,IPPO|ippo_nr_seed42,IPPO,42,T,"June 2026, current reward",0,-1011.2200120923611,935.328659103101,70.23116258926012,0.9101904000000001,4.75,188.2898519194199,188.0623043194199,0.002973240832507433,0.0,0.002973240832507433,0.002973240832507433,0.26560951437066405,47,4.47175421209118,3,1.4590241944226265,1.868016915146271,0.8803462509917791,167.54
main,v040,LOLO-nes-f0,secondary,LOLO,nested,0,A,IPPO|ippo_nr_seed42,IPPO,42,T,"June 2026, current reward",1,-618.9469873818159,546.2719557925559,70.23116258926012,0.5688690000000001,1.875,197.42794104855244,197.28572379855245,0.002973240832507433,0.0,0.002973240832507433,0.002973240832507433,0.12388503468780972,30,2.8543111992071357,3,1.1705574285483535,1.868016915146271,0.8803462509917791,167.54
main,v040,LOLO-nes-f0,secondary,LOLO,nested,0,A,IPPO|ippo_nr_seed42,IPPO,42,T,"June 2026, current reward",2,-284.7778766290005,284.7778766290005,0.0,0.0,0.0,206.7288077925314,206.7288077925314,0.0,0.0,0.0,0.0,0.0,0,0.0,0,0.0,0.0,0.0,167.54
main,v040,LOLO-nes-f0,secondary,LOLO,nested,0,A,IPPO|ippo_nr_seed42,IPPO,42,T,"June 2026, current reward",3,-137.66242869830683,137.66242869830683,0.0,0.0,0.0,207.15558665690253,207.15558665690253,0.0,0.0,0.0,0.0,0.0,0,0.0,0,0.0,0.0,0.0,167.54
main,v040,LOLO-nes-f0,secondary,LOLO,nested,0,A,IPPO|ippo_nr_seed42,IPPO,42,T,"June 2026, current reward",4,-716.5485223742911,655.3431773957708,59.46232517852023,0.4930198,1.25,193.7862393408493,193.66298439084932,0.002973240832507433,0.0,0.002973240832507433,0.002973240832507433,0.1337958374628345,26,2.4737363726461843,3,1.0500314736989818,1.868016915146271,0.7606925019835581,167.54
main,v040,LOLO-nes-f0,secondary,LOLO,nested,0,A,IPPO|ippo_nr_seed42,IPPO,42,T,"June 2026, current reward",5,-416.0933634623498,416.01751426234983,0.0,0.0758492,0.0,205.09782609406193,205.07886379406193,0.0,0.0,0.0,0.0,0.019821605550049554,4,0.3805748265609515,0,0.0,0.0,0.0,167.54
main,v040,LOLO-nes-f0,secondary,LOLO,nested,0,A,IPPO|ippo_nr_seed42,IPPO,42,T,"June 2026, current reward",6,-784.5244104203389,717.3148194418186,59.46232517852023,0.8722658000000001,6.875,195.95467719391416,195.73661074391413,0.002973240832507433,0.0,0.002973240832507433,0.002973240832507433,0.13875123885034688,46,4.376610505450942,3,99.98185941394159,298.66350073587404,0.7606925019835581,167.54
main,v040,LOLO-nes-f0,secondary,LOLO,nested,0,A,IPPO|ippo_nr_seed42,IPPO,42,T,"June 2026, current reward",7,-717.1016040747652,626.8431120747653,81.0,0.7584919999999999,8.5,198.26743783953677,198.07781483953676,0.002973240832507433,0.0,0.002973240832507433,0.002973240832507433,0.11892963330029732,40,3.8057482656095147,3,1.642686091207959,1.868016915146271,1.0,167.54
main,v040,LOLO-nes-f0,secondary,LOLO,nested,0,A,IPPO|ippo_nr_seed42,IPPO,42,T,"June 2026, current reward",8,-396.66141688373017,394.8847184837302,0.0,0.1516984,1.625,206.41730319625265,206.37937859625265,0.0,0.0,0.0,0.0,0.006937561942517344,8,0.761149653121903,0,0.0,0.0,0.0,167.54
main,v040,LOLO-nes-f0,secondary,LOLO,nested,0,A,IPPO|ippo_nr_seed42,IPPO,42,T,"June 2026, current reward",9,-161.89663597311326,80.89663597311326,81.0,0.0,0.0,207.42241810816222,207.42241810816222,0.002973240832507433,0.002973240832507433,0.0,0.002973240832507433,0.0,0,0.0,3,141.40880427800485,157.92401471165365,1.0,167.54
main,v040,LOLO-nes-f0,secondary,LOLO,nested,0,A,IPPO|ippo_nr_seed64,IPPO,64,T,"June 2026, current reward",all,-5354.429719688889,4782.099383262199,530.3018368266916,4.7784996,37.25,2004.968722747547,2003.7740978475472,0.0022794846382556988,0.00029732408325074334,0.0019821605550049554,0.0022794846382556988,0.08800792864222003,251,2.3881070366699704,23,19.568606562632826,157.92401471165365,0.86855338670535,170.3
main,v040,LOLO-nes-f0,secondary,LOLO,nested,0,A,IPPO|ippo_nr_seed64,IPPO,64,T,"June 2026, current reward",0,-1023.2737958295494,928.621665321081,82.1126941084683,1.2894364,11.25,188.22852984620792,187.90617074620795,0.003964321110009911,0.0,0.003964321110009911,0.003964321110009911,0.2993062438057483,67,6.374628344895937,4,1.218280908477038,1.868016915146271,0.7842724509039025,170.3
main,v040,LOLO-nes-f0,secondary,LOLO,nested,0,A,IPPO|ippo_nr_seed64,IPPO,64,T,"June 2026, current reward",1,-621.082289973258,548.2822583839978,70.23116258926012,0.5688690000000001,2.0,197.6346976835453,197.49248043354532,0.002973240832507433,0.0,0.002973240832507433,0.002973240832507433,0.11892963330029732,30,2.8543111992071357,3,1.1705574285483535,1.868016915146271,0.8803462509917791,170.3
main,v040,LOLO-nes-f0,secondary,LOLO,nested,0,A,IPPO|ippo_nr_seed64,IPPO,64,T,"June 2026, current reward",2,-314.2954687626033,285.68169496260333,27.0,0.11377380000000001,1.5,206.95733673674087,206.92889328674087,0.0009910802775024777,0.0,0.0009910802775024777,0.0009910802775024777,0.002973240832507433,6,0.5708622398414271,1,1.868016915146271,1.868016915146271,1.0,170.3
main,v040,LOLO-nes-f0,secondary,LOLO,nested,0,A,IPPO|ippo_nr_seed64,IPPO,64,T,"June 2026, current reward",3,-137.66242869830683,137.66242869830683,0.0,0.0,0.0,207.15558665690253,207.15558665690253,0.0,0.0,0.0,0.0,0.0,0,0.0,0,0.0,0.0,0.0,170.3
main,v040,LOLO-nes-f0,secondary,LOLO,nested,0,A,IPPO|ippo_nr_seed64,IPPO,64,T,"June 2026, current reward",4,-741.127130559729,648.0692379812087,86.46232517852023,0.7205674,5.875,193.34713320236,193.16699135236001,0.003964321110009911,0.0,0.003964321110009911,0.003964321110009911,0.13181367690782952,38,3.615460852329039,4,1.2545278340608041,1.868016915146271,0.8205193764876686,170.3
main,v040,LOLO-nes-f0,secondary,LOLO,nested,0,A,IPPO|ippo_nr_seed64,IPPO,64,T,"June 2026, current reward",5,-438.95742078656997,394.5478613973098,43.231162589260116,0.30339679999999997,0.875,203.76102158600617,203.68517238600617,0.0019821605550049554,0.0,0.0019821605550049554,0.0019821605550049554,0.05550049554013875,16,1.522299306243806,2,1.2545278340608041,1.868016915146271,0.8205193764876686,170.3
main,v040,LOLO-nes-f0,secondary,LOLO,nested,0,A,IPPO|ippo_nr_seed64,IPPO,64,T,"June 2026, current reward",6,-773.6110153626524,748.3825869733923,16.231162589260116,0.8722658,8.125,196.56339207076513,196.34532562076515,0.0009910802775024777,0.0,0.0009910802775024777,0.0009910802775024777,0.1110009910802775,46,4.376610505450942,1,0.6410387529753372,0.6410387529753372,0.6410387529753372,170.3
main,v040,LOLO-nes-f0,secondary,LOLO,nested,0,A,IPPO|ippo_nr_seed64,IPPO,64,T,"June 2026, current reward",7,-752.8848700384376,623.4568220665149,124.03332977192267,0.6447182,4.75,198.3302640368973,198.16908448689728,0.004955401387512388,0.0,0.004955401387512388,0.004955401387512388,0.14866204162537167,34,3.2348860257680876,5,1.4861039029001808,1.868016915146271,0.9268888651461511,170.3
main,v040,LOLO-nes-f0,secondary,LOLO,nested,0,A,IPPO|ippo_nr_seed64,IPPO,64,T,"June 2026, current reward",8,-389.63866370467025,386.4981915046702,0.0,0.26547220000000005,2.875,205.56834281995975,205.50197476995976,0.0,0.0,0.0,0.0,0.011892963330029732,14,1.33201189296333,0,0.0,0.0,0.0,170.3
main,v040,LOLO-nes-f0,secondary,LOLO,nested,0,A,IPPO|ippo_nr_seed64,IPPO,64,T,"June 2026, current reward",9,-161.89663597311326,80.89663597311326,81.0,0.0,0.0,207.42241810816222,207.42241810816222,0.002973240832507433,0.002973240832507433,0.0,0.002973240832507433,0.0,0,0.0,3,141.40880427800485,157.92401471165365,1.0,170.3
main,v040,LOLO-nes-f0,secondary,LOLO,nested,0,A,IPPO|ippo_nr_seed77,IPPO,77,T,"June 2026, current reward",all,-5483.944493163103,4770.752950638282,680.6181381248209,4.3234044,28.25,2006.606720469129,2005.525869369129,0.0027750247770069376,0.0005946481665014867,0.002477700693756194,0.0027750247770069376,0.08810703666997027,227,2.1597621407333993,28,19380.711545295024,162722.1182125679,0.9102596882438343,167.55
main,v040,LOLO-nes-f0,secondary,LOLO,nested,0,A,IPPO|ippo_nr_seed77,IPPO,77,T,"June 2026, current reward",0,-1035.2763457758306,928.2445205865704,97.23116258926012,1.1756626,8.625,187.9427630775868,187.64884742758676,0.003964321110009911,0.0,0.003964321110009911,0.003964321110009911,0.2844400396432111,61,5.8037661050545095,4,1.5612723746035377,1.868016915146271,0.9102596882438343,167.55
main,v040,LOLO-nes-f0,secondary,LOLO,nested,0,A,IPPO|ippo_nr_seed77,IPPO,77,T,"June 2026, current reward",1,-616.1471653110859,543.0971337218257,70.23116258926012,0.5688690000000001,2.25,197.14463141526682,197.00241416526683,0.002973240832507433,0.0,0.002973240832507433,0.002973240832507433,0.13974231912784935,30,2.8543111992071357,3,1.1705574285483535,1.868016915146271,0.8803462509917791,167.55
main,v040,LOLO-nes-f0,secondary,LOLO,nested,0,A,IPPO|ippo_nr_seed77,IPPO,77,T,"June 2026, current reward",2,-284.7778766290005,284.7778766290005,0.0,0.0,0.0,206.7288077925314,206.7288077925314,0.0,0.0,0.0,0.0,0.0,0,0.0,0,0.0,0.0,0.0,167.55
main,v040,LOLO-nes-f0,secondary,LOLO,nested,0,A,IPPO|ippo_nr_seed77,IPPO,77,T,"June 2026, current reward",3,-137.66242869830683,137.66242869830683,0.0,0.0,0.0,207.15558665690253,207.15558665690253,0.0,0.0,0.0,0.0,0.0,0,0.0,0,0.0,0.0,0.0,167.55
main,v040,LOLO-nes-f0,secondary,LOLO,nested,0,A,IPPO|ippo_nr_seed77,IPPO,77,T,"June 2026, current reward",4,-765.7973712583126,648.3532524797922,113.46232517852023,0.6067936,3.375,193.33885603412543,193.1871576341254,0.004955401387512388,0.0,0.004955401387512388,0.004955401387512388,0.1466798810703667,32,3.044598612487612,5,1.3772256502778977,1.868016915146271,0.8564155011901349,167.55
main,v040,LOLO-nes-f0,secondary,LOLO,nested,0,A,IPPO|ippo_nr_seed77,IPPO,77,T,"June 2026, current reward",5,-443.8666567839707,399.2070973947107,43.231162589260116,0.3033968,1.125,204.38538654518584,204.30953734518584,0.0019821605550049554,0.0,0.0019821605550049554,0.0019821605550049554,0.048562933597621406,16,1.522299306243806,2,1.2545278340608041,1.868016915146271,0.8205193764876686,167.55
main,v040,LOLO-nes-f0,secondary,LOLO,nested,0,A,IPPO|ippo_nr_seed77,IPPO,77,T,"June 2026, current reward",6,-837.7853162826311,715.711951504111,113.46232517852025,0.9860396,7.625,195.85306950437007,195.60655960437006,0.004955401387512388,0.0,0.004955401387512388,0.004955401387512388,0.15163528245787908,52,4.947472745292369,5,112.9455923503701,298.66350073587404,0.8564155011901349,167.55
main,v040,LOLO-nes-f0,secondary,LOLO,nested,0,A,IPPO|ippo_nr_seed77,IPPO,77,T,"June 2026, current reward",7,-691.0909318936918,631.4462136936918,54.0,0.6447182,5.0,198.80809367026302,198.646914120263,0.0019821605550049554,0.0,0.0019821605550049554,0.0019821605550049554,0.10703666997026759,34,3.2348860257680876,2,1.868016915146271,1.868016915146271,1.0,167.55
main,v040,LOLO-nes-f0,secondary,LOLO,nested,0,A,IPPO|ippo_nr_seed77,IPPO,77,T,"June 2026, current reward",8,-401.25198500836296,401.25198500836296,0.0,0.0,0.0,206.6413713722042,206.6413713722042,0.0,0.0,0.0,0.0,0.0,0,0.0,0,0.0,0.0,0.0,167.55
main,v040,LOLO-nes-f0,secondary,LOLO,nested,0,A,IPPO|ippo_nr_seed77,IPPO,77,T,"June 2026, current reward",9,-270.2884155219098,81.00049092190983,189.0,0.0379246,0.25,208.6081544006928,208.5986732506928,0.006937561942517344,0.005946481665014866,0.003964321110009911,0.006937561942517344,0.002973240832507433,2,0.19028741328047574,7,77438.90104671071,162722.1182125679,1.0,167.55
main,v040,LOLO-nes-f0,secondary,LOLO,nested,0,A,IPPO|ippo_nr_seed99,IPPO,99,T,"June 2026, current reward",all,-5476.479324060074,4801.64580475259,653.4203053074834,3.413214,18.0,2008.8818332503492,2008.0285297503492,0.0026759167492566896,0.00029732408325074334,0.0023785926660059467,0.0026759167492566896,0.08513379583746283,179,1.7030723488602577,27,37.6579191839299,298.66350073587404,0.9066917349475103,170.21
main,v040,LOLO-nes-f0,secondary,LOLO,nested,0,A,IPPO|ippo_nr_seed99,IPPO,99,T,"June 2026, current reward",0,-1065.9552247473332,940.030193158073,124.23116258926012,0.5688690000000001,1.125,189.23168964903556,189.08947239903557,0.004955401387512388,0.0,0.004955401387512388,0.004955401387512388,0.25173439048562934,29,2.759167492566898,5,1.6226212827120843,1.868016915146271,0.9282077505950674,170.21
main,v040,LOLO-nes-f0,secondary,LOLO,nested,0,A,IPPO|ippo_nr_seed99,IPPO,99,T,"June 2026, current reward",1,-625.9873565071006,552.8123249178404,70.23116258926012,0.5688690000000001,2.375,197.96002666924716,197.81780941924717,0.002973240832507433,0.0,0.002973240832507433,0.002973240832507433,0.11000991080277503,30,2.8543111992071357,3,1.1705574285483535,1.868016915146271,0.8803462509917791,170.21
main,v040,LOLO-nes-f0,secondary,LOLO,nested,0,A,IPPO|ippo_nr_seed99,IPPO,99,T,"June 2026, current reward",2,-284.7778766290005,284.7778766290005,0.0,0.0,0.0,206.7288077925314,206.7288077925314,0.0,0.0,0.0,0.0,0.0,0,0.0,0,0.0,0.0,0.0,170.21
main,v040,LOLO-nes-f0,secondary,LOLO,nested,0,A,IPPO|ippo_nr_seed99,IPPO,99,T,"June 2026, current reward",3,-137.66242869830683,137.66242869830683,0.0,0.0,0.0,207.15558665690253,207.15558665690253,0.0,0.0,0.0,0.0,0.0,0,0.0,0,0.0,0.0,0.0,170.21
main,v040,LOLO-nes-f0,secondary,LOLO,nested,0,A,IPPO|ippo_nr_seed99,IPPO,99,T,"June 2026, current reward",4,-766.0954059490762,649.3142117705559,113.46232517852023,0.5688690000000001,2.75,193.51411389264763,193.3718966426476,0.004955401387512388,0.0,0.004955401387512388,0.004955401387512388,0.14866204162537167,30,2.8543111992071357,5,1.3772256502778977,1.868016915146271,0.8564155011901349,170.21
main,v040,LOLO-nes-f0,secondary,LOLO,nested,0,A,IPPO|ippo_nr_seed99,IPPO,99,T,"June 2026, current reward",5,-419.8417256963436,419.7658764963436,0.0,0.0758492,0.0,205.34786305610865,205.32890075610865,0.0,0.0,0.0,0.0,0.017839444995044598,4,0.3805748265609515,0,0.0,0.0,0.0,170.21
main,v040,LOLO-nes-f0,secondary,LOLO,nested,0,A,IPPO|ippo_nr_seed99,IPPO,99,T,"June 2026, current reward",6,-808.5590854421525,713.8115698636323,86.46232517852023,0.9101904000000001,7.375,195.58186834047922,195.35432074047918,0.003964321110009911,0.0,0.003964321110009911,0.003964321110009911,0.14469772051536176,48,4.566897918731417,4,140.71498620917606,298.66350073587404,0.8205193764876686,170.21
main,v040,LOLO-nes-f0,secondary,LOLO,nested,0,A,IPPO|ippo_nr_seed99,IPPO,99,T,"June 2026, current reward",7,-810.5689012634184,628.1408532914959,178.03332977192267,0.6447182,3.75,199.78183065265205,199.620651102652,0.006937561942517344,0.0,0.006937561942517344,0.006937561942517344,0.1734390485629336,34,3.2348860257680876,7,1.5952219063990636,1.868016915146271,0.9477777608186794,170.21
main,v040,LOLO-nes-f0,secondary,LOLO,nested,0,A,IPPO|ippo_nr_seed99,IPPO,99,T,"June 2026, current reward",8,-395.134683154229,394.433833954229,0.0,0.0758492,0.625,206.1576284325828,206.1386661325828,0.0,0.0,0.0,0.0,0.004955401387512388,4,0.3805748265609515,0,0.0,0.0,0.0,170.21
main,v040,LOLO-nes-f0,secondary,LOLO,nested,0,A,IPPO|ippo_nr_seed99,IPPO,99,T,"June 2026, current reward",9,-161.89663597311326,80.89663597311326,81.0,0.0,0.0,207.42241810816222,207.42241810816222,0.002973240832507433,0.002973240832507433,0.0,0.002973240832507433,0.0,0,0.0,3,141.40880427800485,157.92401471165365,1.0,170.21
