tag,twin,world,tier,protocol,config,fold,experiment,ckpt_id,family,seed,cohorts,source,cluster,reward,energy_penalty,qos_penalty,switch_penalty,cooldown_penalty,energy_wh,energy_wh_steady,qos_violation_rate,delay_violation_rate,loss_violation_rate,qscore_below_tau_rate,usr_share,switches,switches_per_cluster_day,n_budget_violations,severity_mean,severity_max,q_shortfall_mean,seconds
main,v040,LOLO-nes-f3,secondary,LOLO,nested,3,A,MAPPO|wcnc2027_ablation/mappo_seed1/mappo_best.pt,MAPPO,1,R,wcnc2027_ablation 2026-09-14,all,-22338.65558134955,5365.202352149549,16740.0,11.453229199999999,222.0,2033.0773570414256,2030.2140497414257,0.061446977205153616,0.0014866204162537165,0.0599603567888999,0.061446977205153616,0.030029732408325075,604,5.746679881070367,620,5.675640968192692,144.2987835964076,1.0,0.23
main,v040,LOLO-nes-f3,secondary,LOLO,nested,3,A,MAPPO|wcnc2027_ablation/mappo_seed1/mappo_best.pt,MAPPO,1,R,wcnc2027_ablation 2026-09-14,0,-5497.491579028103,1113.3326110281027,4320.0,3.033968,61.125,196.7036282056679,195.9451362056679,0.15857284440039643,0.0,0.15857284440039643,0.15857284440039643,0.07928642220019821,160,15.222993062438059,160,5.026314692133,5.026314692133001,1.0,0.23
main,v040,LOLO-nes-f3,secondary,LOLO,nested,3,A,MAPPO|wcnc2027_ablation/mappo_seed1/mappo_best.pt,MAPPO,1,R,wcnc2027_ablation 2026-09-14,1,-2802.1435366364353,666.1644772364353,2106.0,1.4790594000000001,28.5,201.86932617322768,201.49956132322768,0.07730426164519326,0.0,0.07730426164519326,0.07730426164519326,0.03865213082259663,78,7.421209117938553,78,5.026314692132999,5.026314692133001,1.0,0.23
main,v040,LOLO-nes-f3,secondary,LOLO,nested,3,A,MAPPO|wcnc2027_ablation/mappo_seed1/mappo_best.pt,MAPPO,1,R,wcnc2027_ablation 2026-09-14,2,-444.92725015998496,281.313476359985,162.0,0.11377380000000001,1.5,206.82786658174987,206.79942313174988,0.005946481665014866,0.0,0.005946481665014866,0.005946481665014866,0.002973240832507433,6,0.5708622398414271,6,5.026314692133,5.026314692133001,1.0,0.23
main,v040,LOLO-nes-f3,secondary,LOLO,nested,3,A,MAPPO|wcnc2027_ablation/mappo_seed1/mappo_best.pt,MAPPO,1,R,wcnc2027_ablation 2026-09-14,3,-164.86014599751928,137.86014599751928,27.0,0.0,0.0,207.40031374291866,207.40031374291866,0.0009910802775024777,0.0009910802775024777,0.0,0.0009910802775024777,0.0,0,0.0,1,6.9847963178015355,6.9847963178015355,1.0,0.23
main,v040,LOLO-nes-f3,secondary,LOLO,nested,3,A,MAPPO|wcnc2027_ablation/mappo_seed1/mappo_best.pt,MAPPO,1,R,wcnc2027_ablation 2026-09-14,4,-3713.1594242791452,808.149420479145,2862.0,2.0100038,41.0,199.78504472525606,199.28254377525607,0.10505450941526263,0.0,0.10505450941526263,0.10505450941526263,0.05252725470763132,106,10.085232903865213,106,5.026314692133001,5.026314692133001,1.0,0.23
main,v040,LOLO-nes-f3,secondary,LOLO,nested,3,A,MAPPO|wcnc2027_ablation/mappo_seed1/mappo_best.pt,MAPPO,1,R,wcnc2027_ablation 2026-09-14,5,-1510.8301986839253,416.19670668392547,1080.0,0.758492,13.875,204.94350400062575,204.75388100062577,0.03964321110009911,0.0,0.03964321110009911,0.03964321110009911,0.019821605550049554,40,3.8057482656095147,40,5.026314692133001,5.026314692133001,1.0,0.23
main,v040,LOLO-nes-f3,secondary,LOLO,nested,3,A,MAPPO|wcnc2027_ablation/mappo_seed1/mappo_best.pt,MAPPO,1,R,wcnc2027_ablation 2026-09-14,6,-3671.7141224719317,797.4920432719321,2835.0,1.9720792,37.25,200.07298470304423,199.57996490304424,0.10406342913776016,0.0,0.10406342913776016,0.10406342913776016,0.05252725470763132,104,9.894945490584737,105,5.026314692133001,5.026314692133001,1.0,0.23
main,v040,LOLO-nes-f3,secondary,LOLO,nested,3,A,MAPPO|wcnc2027_ablation/mappo_seed1/mappo_best.pt,MAPPO,1,R,wcnc2027_ablation 2026-09-14,7,-2928.2521641102167,682.9472555102166,2214.0,1.5549086,29.75,202.44907855535786,202.06035140535784,0.08126858275520317,0.0,0.08126858275520317,0.08126858275520317,0.040634291377601585,82,7.801783944499505,82,5.026314692132999,5.026314692133001,1.0,0.23
main,v040,LOLO-nes-f3,secondary,LOLO,nested,3,A,MAPPO|wcnc2027_ablation/mappo_seed1/mappo_best.pt,MAPPO,1,R,wcnc2027_ablation 2026-09-14,8,-1146.2959873922632,380.7650429922632,756.0,0.5309444000000001,9.0,205.522999555385,205.39026345538502,0.027750247770069375,0.0,0.027750247770069375,0.027750247770069375,0.013875123885034688,28,2.66402378592666,28,5.026314692133002,5.026314692133001,1.0,0.23
main,v040,LOLO-nes-f3,secondary,LOLO,nested,3,A,MAPPO|wcnc2027_ablation/mappo_seed1/mappo_best.pt,MAPPO,1,R,wcnc2027_ablation 2026-09-14,9,-458.98117259002515,80.98117259002511,378.0,0.0,0.0,207.50261079819256,207.50261079819256,0.013875123885034688,0.013875123885034688,0.0,0.013875123885034688,0.0,0,0.0,14,33.64230108722876,144.2987835964076,1.0,0.23
main,v040,LOLO-nes-f3,secondary,LOLO,nested,3,A,Centralized PPO|wcnc2027_ablation/central_seed1/ppo_multi_site.zip,Centralized PPO,1,R,wcnc2027_ablation 2026-09-14,all,-42719.442176490906,5812.506489490908,36855.0,3.1856869999999997,48.75,2212.8280830948715,2212.0316613448713,0.13538156590683845,0.017443012884043606,0.1337958374628345,0.1352824578790882,0.1282457879088206,166,1.5793855302279487,1365,13.590155304575163,2316.89596872039,1.0,0.63
main,v040,LOLO-nes-f3,secondary,LOLO,nested,3,A,Centralized PPO|wcnc2027_ablation/central_seed1/ppo_multi_site.zip,Centralized PPO,1,R,wcnc2027_ablation 2026-09-14,0,-11284.285032575077,846.6570089750774,10395.0,2.5030236,40.125,189.39986635412765,188.77411045412765,0.3815659068384539,0.0019821605550049554,0.3815659068384539,0.3815659068384539,0.31714568880079286,131,12.46382556987116,385,5.026314692133,5.026314692133001,1.0,0.63
main,v040,LOLO-nes-f3,secondary,LOLO,nested,3,A,Centralized PPO|wcnc2027_ablation/central_seed1/ppo_multi_site.zip,Centralized PPO,1,R,wcnc2027_ablation 2026-09-14,1,-868.3910531176041,868.3910531176041,0.0,0.0,0.0,206.89220781057955,206.89220781057955,0.0,0.0,0.0,0.0,0.0,0,0.0,0,0.0,0.0,0.0,0.63
main,v040,LOLO-nes-f3,secondary,LOLO,nested,3,A,Centralized PPO|wcnc2027_ablation/central_seed1/ppo_multi_site.zip,Centralized PPO,1,R,wcnc2027_ablation 2026-09-14,2,-285.1954378476655,285.1954378476655,0.0,0.0,0.0,207.09884096626072,207.09884096626072,0.0,0.0,0.0,0.0,0.0,0,0.0,0,0.0,0.0,0.0,0.63
main,v040,LOLO-nes-f3,secondary,LOLO,nested,3,A,Centralized PPO|wcnc2027_ablation/central_seed1/ppo_multi_site.zip,Centralized PPO,1,R,wcnc2027_ablation 2026-09-14,3,-164.86014599751928,137.86014599751928,27.0,0.0,0.0,207.40031374291866,207.40031374291866,0.0009910802775024777,0.0009910802775024777,0.0,0.0009910802775024777,0.0,0,0.0,1,6.9847963178015355,6.9847963178015355,1.0,0.63
main,v040,LOLO-nes-f3,secondary,LOLO,nested,3,A,Centralized PPO|wcnc2027_ablation/central_seed1/ppo_multi_site.zip,Centralized PPO,1,R,wcnc2027_ablation 2026-09-14,4,-955.63323163784,955.63323163784,0.0,0.0,0.0,206.80396286803608,206.80396286803608,0.0,0.0,0.0,0.0,0.0,0,0.0,0,0.0,0.0,0.0,0.63
main,v040,LOLO-nes-f3,secondary,LOLO,nested,3,A,Centralized PPO|wcnc2027_ablation/central_seed1/ppo_multi_site.zip,Centralized PPO,1,R,wcnc2027_ablation 2026-09-14,5,-443.0774283086022,443.0774283086022,0.0,0.0,0.0,206.98878670227145,206.98878670227145,0.0,0.0,0.0,0.0,0.0,0,0.0,0,0.0,0.0,0.0,0.63
main,v040,LOLO-nes-f3,secondary,LOLO,nested,3,A,Centralized PPO|wcnc2027_ablation/central_seed1/ppo_multi_site.zip,Centralized PPO,1,R,wcnc2027_ablation 2026-09-14,6,-1010.6860564393949,956.1481318393949,54.0,0.0379246,0.5,206.89689912873416,206.88741797873416,0.0019821605550049554,0.0,0.0019821605550049554,0.0019821605550049554,0.0009910802775024777,1,0.09514370664023787,2,5.026314692133001,5.026314692133001,1.0,0.63
main,v040,LOLO-nes-f3,secondary,LOLO,nested,3,A,Centralized PPO|wcnc2027_ablation/central_seed1/ppo_multi_site.zip,Centralized PPO,1,R,wcnc2027_ablation 2026-09-14,7,-26846.567295750167,836.7975569501682,26001.0,0.6447388000000001,8.125,366.860918005754,366.69973330575397,0.9554013875123885,0.15758176412289396,0.9544103072348861,0.9544103072348861,0.9643211100099108,34,3.2348860257680876,963,16.74704173764343,2316.89596872039,1.0,0.63
main,v040,LOLO-nes-f3,secondary,LOLO,nested,3,A,Centralized PPO|wcnc2027_ablation/central_seed1/ppo_multi_site.zip,Centralized PPO,1,R,wcnc2027_ablation 2026-09-14,8,-401.76532222701053,401.76532222701053,0.0,0.0,0.0,206.9836767179966,206.9836767179966,0.0,0.0,0.0,0.0,0.0,0,0.0,0,0.0,0.0,0.0,0.63
main,v040,LOLO-nes-f3,secondary,LOLO,nested,3,A,Centralized PPO|wcnc2027_ablation/central_seed1/ppo_multi_site.zip,Centralized PPO,1,R,wcnc2027_ablation 2026-09-14,9,-458.98117259002515,80.98117259002511,378.0,0.0,0.0,207.50261079819256,207.50261079819256,0.013875123885034688,0.013875123885034688,0.0,0.013875123885034688,0.0,0,0.0,14,33.64230108722876,144.2987835964076,1.0,0.63
main,v040,LOLO-nes-f3,secondary,LOLO,nested,3,A,Shared-PPO|wcnc2027_ablation/shared_ppo_seed1/mappo_best.pt,Shared-PPO,1,R,wcnc2027_ablation 2026-09-14 (supplementary ablation),all,-26939.489211766784,5389.600316166785,21249.0,14.638895600000001,286.25,2031.432350220493,2027.7726263204931,0.07799801783944499,0.0014866204162537165,0.07651139742319128,0.07799801783944499,0.03825569871159564,772,7.345094152626364,787,5.53785508750404,144.2987835964076,1.0,0.23
main,v040,LOLO-nes-f3,secondary,LOLO,nested,3,A,Shared-PPO|wcnc2027_ablation/shared_ppo_seed1/mappo_best.pt,Shared-PPO,1,R,wcnc2027_ablation 2026-09-14 (supplementary ablation),0,-6795.493162254184,1097.924003854185,5616.0,3.9441584,77.625,195.75287569072248,194.76683609072248,0.20614469772051536,0.0,0.20614469772051536,0.20614469772051536,0.10307234886025768,208,19.789890981169474,208,5.026314692133,5.026314692133001,1.0,0.23
main,v040,LOLO-nes-f3,secondary,LOLO,nested,3,A,Shared-PPO|wcnc2027_ablation/shared_ppo_seed1/mappo_best.pt,Shared-PPO,1,R,wcnc2027_ablation 2026-09-14 (supplementary ablation),1,-3381.268494903423,695.6601895034231,2646.0,1.8583053999999999,37.75,201.26300947615766,200.79843312615765,0.09712586719524281,0.0,0.09712586719524281,0.09712586719524281,0.048562933597621406,98,9.32408325074331,98,5.026314692132999,5.026314692133001,1.0,0.23
main,v040,LOLO-nes-f3,secondary,LOLO,nested,3,A,Shared-PPO|wcnc2027_ablation/shared_ppo_seed1/mappo_best.pt,Shared-PPO,1,R,wcnc2027_ablation 2026-09-14 (supplementary ablation),2,-609.1675081409178,281.81496054091775,324.0,0.22754760000000002,3.125,206.85475278533238,206.79786588533239,0.011892963330029732,0.0,0.011892963330029732,0.011892963330029732,0.005946481665014866,12,1.1417244796828543,12,5.026314692133,5.026314692133001,1.0,0.23
main,v040,LOLO-nes-f3,secondary,LOLO,nested,3,A,Shared-PPO|wcnc2027_ablation/shared_ppo_seed1/mappo_best.pt,Shared-PPO,1,R,wcnc2027_ablation 2026-09-14 (supplementary ablation),3,-219.42560104668877,137.88767644668877,81.0,0.0379246,0.5,207.41587700488338,207.40639585488339,0.002973240832507433,0.0009910802775024777,0.0019821605550049554,0.002973240832507433,0.0009910802775024777,2,0.19028741328047574,3,5.679141900689179,6.9847963178015355,1.0,0.23
main,v040,LOLO-nes-f3,secondary,LOLO,nested,3,A,Shared-PPO|wcnc2027_ablation/shared_ppo_seed1/mappo_best.pt,Shared-PPO,1,R,wcnc2027_ablation 2026-09-14 (supplementary ablation),4,-4043.612138554266,809.499587154266,3186.0,2.2375514,45.875,200.01331508839468,199.45392723839467,0.11694747274529237,0.0,0.11694747274529237,0.11694747274529237,0.05847373637264618,118,11.226957383548068,118,5.026314692133003,5.026314692133001,1.0,0.23
main,v040,LOLO-nes-f3,secondary,LOLO,nested,3,A,Shared-PPO|wcnc2027_ablation/shared_ppo_seed1/mappo_best.pt,Shared-PPO,1,R,wcnc2027_ablation 2026-09-14 (supplementary ablation),5,-1944.938672413196,411.75178361319604,1512.0,1.0618888000000002,20.125,204.81611175588392,204.55063955588395,0.05550049554013875,0.0,0.05550049554013875,0.05550049554013875,0.027750247770069375,56,5.32804757185332,56,5.026314692133,5.026314692133001,1.0,0.23
main,v040,LOLO-nes-f3,secondary,LOLO,nested,3,A,Shared-PPO|wcnc2027_ablation/shared_ppo_seed1/mappo_best.pt,Shared-PPO,1,R,wcnc2027_ablation 2026-09-14 (supplementary ablation),6,-4372.3356951095,813.2455961095004,3510.0,2.4650990000000004,46.625,200.24797547402062,199.63170072402065,0.1288404360753221,0.0,0.1288404360753221,0.1288404360753221,0.06442021803766106,130,12.368681863230922,130,5.026314692133,5.026314692133001,1.0,0.23
main,v040,LOLO-nes-f3,secondary,LOLO,nested,3,A,Shared-PPO|wcnc2027_ablation/shared_ppo_seed1/mappo_best.pt,Shared-PPO,1,R,wcnc2027_ablation 2026-09-14 (supplementary ablation),7,-3749.959107651389,681.0853300513893,3024.0,2.1237776,42.75,202.10214504448848,201.5712006444885,0.1110009910802775,0.0,0.1110009910802775,0.1110009910802775,0.05550049554013875,112,10.65609514370664,112,5.026314692133,5.026314692133001,1.0,0.23
main,v040,LOLO-nes-f3,secondary,LOLO,nested,3,A,Shared-PPO|wcnc2027_ablation/shared_ppo_seed1/mappo_best.pt,Shared-PPO,1,R,wcnc2027_ablation 2026-09-14 (supplementary ablation),8,-1364.3076591031934,379.7500163031933,972.0,0.6826428,11.875,205.46367710241685,205.29301640241684,0.035678889990089196,0.0,0.035678889990089196,0.035678889990089196,0.017839444995044598,36,3.4251734390485633,36,5.026314692133003,5.026314692133001,1.0,0.23
main,v040,LOLO-nes-f3,secondary,LOLO,nested,3,A,Shared-PPO|wcnc2027_ablation/shared_ppo_seed1/mappo_best.pt,Shared-PPO,1,R,wcnc2027_ablation 2026-09-14 (supplementary ablation),9,-458.98117259002515,80.98117259002511,378.0,0.0,0.0,207.50261079819256,207.50261079819256,0.013875123885034688,0.013875123885034688,0.0,0.013875123885034688,0.0,0,0.0,14,33.64230108722876,144.2987835964076,1.0,0.23
main,v040,LOLO-nes-f3,secondary,LOLO,nested,3,A,MAPPO|wcnc2027_ablation/mappo_seed7/mappo_best.pt,MAPPO,7,R,wcnc2027_ablation 2026-09-14,all,-23886.64404292081,5404.6289249208085,18225.0,12.515118000000001,244.5,2032.3872884616833,2029.2585089616832,0.06689791873141725,0.0014866204162537165,0.06541129831516353,0.06689791873141725,0.03270564915758176,660,6.279484638255699,675,5.622732901254495,144.2987835964076,1.0,0.23
main,v040,LOLO-nes-f3,secondary,LOLO,nested,3,A,MAPPO|wcnc2027_ablation/mappo_seed7/mappo_best.pt,MAPPO,7,R,wcnc2027_ablation 2026-09-14,0,-5823.854143109623,1111.5926275096228,4644.0,3.2615156,65.0,196.45152982087336,195.63615092087338,0.17046580773042616,0.0,0.17046580773042616,0.17046580773042616,0.08523290386521308,172,16.364717542120914,172,5.026314692132999,5.026314692133001,1.0,0.23
main,v040,LOLO-nes-f3,secondary,LOLO,nested,3,A,MAPPO|wcnc2027_ablation/mappo_seed7/mappo_best.pt,MAPPO,7,R,wcnc2027_ablation 2026-09-14,1,-3094.5010583379512,684.2073759379515,2376.0,1.6686824,32.625,201.34068953562814,200.92351893562815,0.08721506442021804,0.0,0.08721506442021804,0.08721506442021804,0.04360753221010902,88,8.372646184340931,88,5.026314692133,5.026314692133001,1.0,0.23
main,v040,LOLO-nes-f3,secondary,LOLO,nested,3,A,MAPPO|wcnc2027_ablation/mappo_seed7/mappo_best.pt,MAPPO,7,R,wcnc2027_ablation 2026-09-14,2,-499.1920115080683,281.0403131080683,216.0,0.1516984,2.0,206.7912545118175,206.7533299118175,0.007928642220019821,0.0,0.007928642220019821,0.007928642220019821,0.003964321110009911,8,0.761149653121903,8,5.026314692133001,5.026314692133001,1.0,0.23
main,v040,LOLO-nes-f3,secondary,LOLO,nested,3,A,MAPPO|wcnc2027_ablation/mappo_seed7/mappo_best.pt,MAPPO,7,R,wcnc2027_ablation 2026-09-14,3,-164.86014599751928,137.86014599751928,27.0,0.0,0.0,207.40031374291866,207.40031374291866,0.0009910802775024777,0.0009910802775024777,0.0,0.0009910802775024777,0.0,0,0.0,1,6.9847963178015355,6.9847963178015355,1.0,0.23
main,v040,LOLO-nes-f3,secondary,LOLO,nested,3,A,MAPPO|wcnc2027_ablation/mappo_seed7/mappo_best.pt,MAPPO,7,R,wcnc2027_ablation 2026-09-14,4,-3876.6744925697776,807.3007149697775,3024.0,2.1237776,43.25,199.72192731993792,199.19098291993794,0.1110009910802775,0.0,0.1110009910802775,0.1110009910802775,0.05550049554013875,112,10.65609514370664,112,5.026314692133,5.026314692133001,1.0,0.23
main,v040,LOLO-nes-f3,secondary,LOLO,nested,3,A,MAPPO|wcnc2027_ablation/mappo_seed7/mappo_best.pt,MAPPO,7,R,wcnc2027_ablation 2026-09-14,5,-1677.0944677310627,417.72220193106256,1242.0,0.8722658000000001,16.5,204.91112283839192,204.6930563883919,0.04558969276511397,0.0,0.04558969276511397,0.04558969276511397,0.022794846382556987,46,4.376610505450942,46,5.026314692133002,5.026314692133001,1.0,0.23
main,v040,LOLO-nes-f3,secondary,LOLO,nested,3,A,MAPPO|wcnc2027_ablation/mappo_seed7/mappo_best.pt,MAPPO,7,R,wcnc2027_ablation 2026-09-14,6,-3938.348942647181,816.8122404471812,3078.0,2.1617022,41.375,200.2320752813567,199.69164973135673,0.11298315163528246,0.0,0.11298315163528246,0.11298315163528246,0.05649157581764123,114,10.846382556987116,114,5.026314692133001,5.026314692133001,1.0,0.23
main,v040,LOLO-nes-f3,secondary,LOLO,nested,3,A,MAPPO|wcnc2027_ablation/mappo_seed7/mappo_best.pt,MAPPO,7,R,wcnc2027_ablation 2026-09-14,7,-3096.2177011299896,685.4240187299897,2376.0,1.6686824,33.125,202.4985771741579,202.0814065741579,0.08721506442021804,0.0,0.08721506442021804,0.08721506442021804,0.04360753221010902,88,8.372646184340931,88,5.026314692133,5.026314692133001,1.0,0.23
main,v040,LOLO-nes-f3,secondary,LOLO,nested,3,A,MAPPO|wcnc2027_ablation/mappo_seed7/mappo_best.pt,MAPPO,7,R,wcnc2027_ablation 2026-09-14,8,-1256.9199072996107,381.6881136996108,864.0,0.6067936,10.625,205.53718743840864,205.3854890384086,0.031714568880079286,0.0,0.031714568880079286,0.031714568880079286,0.015857284440039643,32,3.044598612487612,32,5.026314692133001,5.026314692133001,1.0,0.23
main,v040,LOLO-nes-f3,secondary,LOLO,nested,3,A,MAPPO|wcnc2027_ablation/mappo_seed7/mappo_best.pt,MAPPO,7,R,wcnc2027_ablation 2026-09-14,9,-458.98117259002515,80.98117259002511,378.0,0.0,0.0,207.50261079819256,207.50261079819256,0.013875123885034688,0.013875123885034688,0.0,0.013875123885034688,0.0,0,0.0,14,33.64230108722876,144.2987835964076,1.0,0.23
main,v040,LOLO-nes-f3,secondary,LOLO,nested,3,A,Centralized PPO|wcnc2027_ablation/central_seed7/ppo_multi_site.zip,Centralized PPO,7,R,wcnc2027_ablation 2026-09-14,all,-33273.32142818114,5812.2076337811395,27459.0,0.11379440000000002,2.0,2104.715479185298,2104.687030585298,0.10079286422200198,0.003865213082259663,0.09930624380574826,0.10079286422200198,0.09930624380574826,7,0.0666005946481665,1017,8.241662857326785,1438.7397111146686,1.0,0.62
main,v040,LOLO-nes-f3,secondary,LOLO,nested,3,A,Centralized PPO|wcnc2027_ablation/central_seed7/ppo_multi_site.zip,Centralized PPO,7,R,wcnc2027_ablation 2026-09-14,0,-27982.124102116548,926.0103077165479,27054.0,0.11379439999999999,2.0,241.45251310248096,241.42406450248097,0.9930624380574826,0.023785926660059464,0.9930624380574826,0.9930624380574826,0.9930624380574826,7,0.666005946481665,1002,7.888018078205925,1438.7397111146686,1.0,0.62
main,v040,LOLO-nes-f3,secondary,LOLO,nested,3,A,Centralized PPO|wcnc2027_ablation/central_seed7/ppo_multi_site.zip,Centralized PPO,7,R,wcnc2027_ablation 2026-09-14,1,-868.3910531176041,868.3910531176041,0.0,0.0,0.0,206.89220781057955,206.89220781057955,0.0,0.0,0.0,0.0,0.0,0,0.0,0,0.0,0.0,0.0,0.62
main,v040,LOLO-nes-f3,secondary,LOLO,nested,3,A,Centralized PPO|wcnc2027_ablation/central_seed7/ppo_multi_site.zip,Centralized PPO,7,R,wcnc2027_ablation 2026-09-14,2,-285.1954378476655,285.1954378476655,0.0,0.0,0.0,207.09884096626072,207.09884096626072,0.0,0.0,0.0,0.0,0.0,0,0.0,0,0.0,0.0,0.0,0.62
main,v040,LOLO-nes-f3,secondary,LOLO,nested,3,A,Centralized PPO|wcnc2027_ablation/central_seed7/ppo_multi_site.zip,Centralized PPO,7,R,wcnc2027_ablation 2026-09-14,3,-164.86014599751928,137.86014599751928,27.0,0.0,0.0,207.40031374291866,207.40031374291866,0.0009910802775024777,0.0009910802775024777,0.0,0.0009910802775024777,0.0,0,0.0,1,6.9847963178015355,6.9847963178015355,1.0,0.62
main,v040,LOLO-nes-f3,secondary,LOLO,nested,3,A,Centralized PPO|wcnc2027_ablation/central_seed7/ppo_multi_site.zip,Centralized PPO,7,R,wcnc2027_ablation 2026-09-14,4,-955.63323163784,955.63323163784,0.0,0.0,0.0,206.80396286803608,206.80396286803608,0.0,0.0,0.0,0.0,0.0,0,0.0,0,0.0,0.0,0.0,0.62
main,v040,LOLO-nes-f3,secondary,LOLO,nested,3,A,Centralized PPO|wcnc2027_ablation/central_seed7/ppo_multi_site.zip,Centralized PPO,7,R,wcnc2027_ablation 2026-09-14,5,-443.0774283086022,443.0774283086022,0.0,0.0,0.0,206.98878670227145,206.98878670227145,0.0,0.0,0.0,0.0,0.0,0,0.0,0,0.0,0.0,0.0,0.62
main,v040,LOLO-nes-f3,secondary,LOLO,nested,3,A,Centralized PPO|wcnc2027_ablation/central_seed7/ppo_multi_site.zip,Centralized PPO,7,R,wcnc2027_ablation 2026-09-14,6,-955.8237164987011,955.8237164987011,0.0,0.0,0.0,206.79941960083954,206.79941960083954,0.0,0.0,0.0,0.0,0.0,0,0.0,0,0.0,0.0,0.0,0.62
main,v040,LOLO-nes-f3,secondary,LOLO,nested,3,A,Centralized PPO|wcnc2027_ablation/central_seed7/ppo_multi_site.zip,Centralized PPO,7,R,wcnc2027_ablation 2026-09-14,7,-757.4698178396243,757.4698178396243,0.0,0.0,0.0,206.7931468757224,206.7931468757224,0.0,0.0,0.0,0.0,0.0,0,0.0,0,0.0,0.0,0.0,0.62
main,v040,LOLO-nes-f3,secondary,LOLO,nested,3,A,Centralized PPO|wcnc2027_ablation/central_seed7/ppo_multi_site.zip,Centralized PPO,7,R,wcnc2027_ablation 2026-09-14,8,-401.76532222701053,401.76532222701053,0.0,0.0,0.0,206.9836767179966,206.9836767179966,0.0,0.0,0.0,0.0,0.0,0,0.0,0,0.0,0.0,0.0,0.62
main,v040,LOLO-nes-f3,secondary,LOLO,nested,3,A,Centralized PPO|wcnc2027_ablation/central_seed7/ppo_multi_site.zip,Centralized PPO,7,R,wcnc2027_ablation 2026-09-14,9,-458.98117259002515,80.98117259002511,378.0,0.0,0.0,207.50261079819256,207.50261079819256,0.013875123885034688,0.013875123885034688,0.0,0.013875123885034688,0.0,0,0.0,14,33.64230108722876,144.2987835964076,1.0,0.62
main,v040,LOLO-nes-f3,secondary,LOLO,nested,3,A,Shared-PPO|wcnc2027_ablation/shared_ppo_seed7/mappo_best.pt,Shared-PPO,7,R,wcnc2027_ablation 2026-09-14 (supplementary ablation),all,-23029.003817468365,5370.557568468366,17415.0,11.946249,231.5,2032.5179689523825,2029.5314067023826,0.0639246778989098,0.0014866204162537165,0.062438057482656094,0.0639246778989098,0.031219028741328047,630,5.994053518334986,645,5.650473283074099,144.2987835964076,1.0,0.23
main,v040,LOLO-nes-f3,secondary,LOLO,nested,3,A,Shared-PPO|wcnc2027_ablation/shared_ppo_seed7/mappo_best.pt,Shared-PPO,7,R,wcnc2027_ablation 2026-09-14 (supplementary ablation),0,-5708.204684166501,1105.5190177665008,4536.0,3.1856664,63.5,196.4600854367226,195.6636688367226,0.16650148662041625,0.0,0.16650148662041625,0.16650148662041625,0.08325074331020813,168,15.984142715559962,168,5.026314692133,5.026314692133001,1.0,0.23
main,v040,LOLO-nes-f3,secondary,LOLO,nested,3,A,Shared-PPO|wcnc2027_ablation/shared_ppo_seed7/mappo_best.pt,Shared-PPO,7,R,wcnc2027_ablation 2026-09-14 (supplementary ablation),1,-2966.220751461265,665.5029182612651,2268.0,1.5928332,31.125,201.66188487296512,201.26367657296512,0.08325074331020813,0.0,0.08325074331020813,0.08325074331020813,0.04162537165510406,84,7.992071357779981,84,5.026314692132999,5.026314692133001,1.0,0.23
main,v040,LOLO-nes-f3,secondary,LOLO,nested,3,A,Shared-PPO|wcnc2027_ablation/shared_ppo_seed7/mappo_best.pt,Shared-PPO,7,R,wcnc2027_ablation 2026-09-14 (supplementary ablation),2,-499.3802622002722,281.22856380027224,216.0,0.1516984,2.0,206.7838607599364,206.74593615993638,0.007928642220019821,0.0,0.007928642220019821,0.007928642220019821,0.003964321110009911,8,0.761149653121903,8,5.026314692133001,5.026314692133001,1.0,0.23
main,v040,LOLO-nes-f3,secondary,LOLO,nested,3,A,Shared-PPO|wcnc2027_ablation/shared_ppo_seed7/mappo_best.pt,Shared-PPO,7,R,wcnc2027_ablation 2026-09-14 (supplementary ablation),3,-164.86014599751928,137.86014599751928,27.0,0.0,0.0,207.40031374291866,207.40031374291866,0.0009910802775024777,0.0009910802775024777,0.0,0.0009910802775024777,0.0,0,0.0,1,6.9847963178015355,6.9847963178015355,1.0,0.23
main,v040,LOLO-nes-f3,secondary,LOLO,nested,3,A,Shared-PPO|wcnc2027_ablation/shared_ppo_seed7/mappo_best.pt,Shared-PPO,7,R,wcnc2027_ablation 2026-09-14 (supplementary ablation),4,-3763.740845297051,804.192916897051,2916.0,2.0479284,41.5,199.84150755971407,199.3295254597141,0.10703666997026759,0.0,0.10703666997026759,0.10703666997026759,0.053518334985133795,108,10.27552031714569,108,5.026314692133002,5.026314692133001,1.0,0.23
main,v040,LOLO-nes-f3,secondary,LOLO,nested,3,A,Shared-PPO|wcnc2027_ablation/shared_ppo_seed7/mappo_best.pt,Shared-PPO,7,R,wcnc2027_ablation 2026-09-14 (supplementary ablation),5,-1615.8366325686504,411.5022913686504,1188.0,0.8343412000000001,15.5,204.69093008261967,204.4823447826197,0.04360753221010902,0.0,0.04360753221010902,0.04360753221010902,0.02180376610505451,44,4.186323092170466,44,5.026314692133002,5.026314692133001,1.0,0.23
main,v040,LOLO-nes-f3,secondary,LOLO,nested,3,A,Shared-PPO|wcnc2027_ablation/shared_ppo_seed7/mappo_best.pt,Shared-PPO,7,R,wcnc2027_ablation 2026-09-14 (supplementary ablation),6,-3602.332814205298,810.398659605298,2754.0,1.9341546,36.0,200.37501172964662,199.89147307964663,0.10109018830525272,0.0,0.10109018830525272,0.10109018830525272,0.05054509415262636,102,9.704658077304263,102,5.026314692132999,5.026314692133001,1.0,0.23
main,v040,LOLO-nes-f3,secondary,LOLO,nested,3,A,Shared-PPO|wcnc2027_ablation/shared_ppo_seed7/mappo_best.pt,Shared-PPO,7,R,wcnc2027_ablation 2026-09-14 (supplementary ablation),7,-3049.7804526641185,694.0246948641187,2322.0,1.6307578,32.125,202.3620666263921,201.9543771763921,0.08523290386521308,0.0,0.08523290386521308,0.08523290386521308,0.04261645193260654,86,8.182358771060457,86,5.026314692132999,5.026314692133001,1.0,0.23
main,v040,LOLO-nes-f3,secondary,LOLO,nested,3,A,Shared-PPO|wcnc2027_ablation/shared_ppo_seed7/mappo_best.pt,Shared-PPO,7,R,wcnc2027_ablation 2026-09-14 (supplementary ablation),8,-1199.666056317666,379.3471873176659,810.0,0.5688690000000001,9.75,205.4396973432747,205.29748009327471,0.02973240832507433,0.0,0.02973240832507433,0.02973240832507433,0.014866204162537165,30,2.8543111992071357,30,5.026314692133003,5.026314692133001,1.0,0.23
main,v040,LOLO-nes-f3,secondary,LOLO,nested,3,A,Shared-PPO|wcnc2027_ablation/shared_ppo_seed7/mappo_best.pt,Shared-PPO,7,R,wcnc2027_ablation 2026-09-14 (supplementary ablation),9,-458.98117259002515,80.98117259002511,378.0,0.0,0.0,207.50261079819256,207.50261079819256,0.013875123885034688,0.013875123885034688,0.0,0.013875123885034688,0.0,0,0.0,14,33.64230108722876,144.2987835964076,1.0,0.23
main,v040,LOLO-nes-f3,secondary,LOLO,nested,3,A,MAPPO|wcnc2027_ablation/mappo_seed13/mappo_best.pt,MAPPO,13,R,wcnc2027_ablation 2026-09-14,all,-22833.187286589826,5390.142735989827,17199.0,11.794550599999999,232.25,2033.2296804282873,2030.2810427782877,0.06313181367690783,0.0014866204162537165,0.06164519326065411,0.06313181367690783,0.030822596630327055,622,5.917938553022795,637,5.658312009490942,144.2987835964076,1.0,0.23
main,v040,LOLO-nes-f3,secondary,LOLO,nested,3,A,MAPPO|wcnc2027_ablation/mappo_seed13/mappo_best.pt,MAPPO,13,R,wcnc2027_ablation 2026-09-14,0,-5553.161100752227,1114.2142081522275,4374.0,3.0718926,61.875,196.92651664410158,196.1585434941016,0.1605550049554014,0.0,0.1605550049554014,0.1605550049554014,0.0802775024777007,162,15.413280475718533,162,5.026314692133,5.026314692133001,1.0,0.23
main,v040,LOLO-nes-f3,secondary,LOLO,nested,3,A,MAPPO|wcnc2027_ablation/mappo_seed13/mappo_best.pt,MAPPO,13,R,wcnc2027_ablation 2026-09-14,1,-3019.632268923587,663.7515111235871,2322.0,1.6307578,32.25,201.6359640327255,201.22827458272548,0.08523290386521308,0.0,0.08523290386521308,0.08523290386521308,0.04261645193260654,86,8.182358771060457,86,5.026314692132999,5.026314692133001,1.0,0.23
main,v040,LOLO-nes-f3,secondary,LOLO,nested,3,A,MAPPO|wcnc2027_ablation/mappo_seed13/mappo_best.pt,MAPPO,13,R,wcnc2027_ablation 2026-09-14,2,-444.92725015998496,281.313476359985,162.0,0.11377380000000001,1.5,206.82786658174987,206.79942313174988,0.005946481665014866,0.0,0.005946481665014866,0.005946481665014866,0.002973240832507433,6,0.5708622398414271,6,5.026314692133,5.026314692133001,1.0,0.23
main,v040,LOLO-nes-f3,secondary,LOLO,nested,3,A,MAPPO|wcnc2027_ablation/mappo_seed13/mappo_best.pt,MAPPO,13,R,wcnc2027_ablation 2026-09-14,3,-164.86014599751928,137.86014599751928,27.0,0.0,0.0,207.40031374291866,207.40031374291866,0.0009910802775024777,0.0009910802775024777,0.0,0.0009910802775024777,0.0,0,0.0,1,6.9847963178015355,6.9847963178015355,1.0,0.23
main,v040,LOLO-nes-f3,secondary,LOLO,nested,3,A,MAPPO|wcnc2027_ablation/mappo_seed13/mappo_best.pt,MAPPO,13,R,wcnc2027_ablation 2026-09-14,4,-3822.212367826305,807.5015148263051,2970.0,2.085853,42.625,199.70277430244118,199.1813110524412,0.10901883052527254,0.0,0.10901883052527254,0.10901883052527254,0.05450941526263627,110,10.465807730426166,110,5.026314692133003,5.026314692133001,1.0,0.23
main,v040,LOLO-nes-f3,secondary,LOLO,nested,3,A,MAPPO|wcnc2027_ablation/mappo_seed13/mappo_best.pt,MAPPO,13,R,wcnc2027_ablation 2026-09-14,5,-1564.0179314352008,414.72151483520076,1134.0,0.7964166,14.5,204.8604544291845,204.6613502791845,0.04162537165510406,0.0,0.04162537165510406,0.04162537165510406,0.02081268582755203,42,3.9960356788899905,42,5.026314692133001,5.026314692133001,1.0,0.23
main,v040,LOLO-nes-f3,secondary,LOLO,nested,3,A,MAPPO|wcnc2027_ablation/mappo_seed13/mappo_best.pt,MAPPO,13,R,wcnc2027_ablation 2026-09-14,6,-3719.327294003093,816.9422902030926,2862.0,2.0100038,38.375,200.5156365941108,200.01313564411078,0.10505450941526263,0.0,0.10505450941526263,0.10505450941526263,0.05252725470763132,106,10.085232903865213,106,5.026314692133001,5.026314692133001,1.0,0.23
main,v040,LOLO-nes-f3,secondary,LOLO,nested,3,A,MAPPO|wcnc2027_ablation/mappo_seed13/mappo_best.pt,MAPPO,13,R,wcnc2027_ablation 2026-09-14,7,-2939.622319209939,692.4424106099391,2214.0,1.5549086,31.625,202.3257486350767,201.93702148507668,0.08126858275520317,0.0,0.08126858275520317,0.08126858275520317,0.040634291377601585,82,7.801783944499505,82,5.026314692132999,5.026314692133001,1.0,0.23
main,v040,LOLO-nes-f3,secondary,LOLO,nested,3,A,MAPPO|wcnc2027_ablation/mappo_seed13/mappo_best.pt,MAPPO,13,R,wcnc2027_ablation 2026-09-14,8,-1146.4454356919457,380.41449129194564,756.0,0.5309444000000001,9.5,205.53179466778613,205.39905856778614,0.027750247770069375,0.0,0.027750247770069375,0.027750247770069375,0.013875123885034688,28,2.66402378592666,28,5.026314692133002,5.026314692133001,1.0,0.23
main,v040,LOLO-nes-f3,secondary,LOLO,nested,3,A,MAPPO|wcnc2027_ablation/mappo_seed13/mappo_best.pt,MAPPO,13,R,wcnc2027_ablation 2026-09-14,9,-458.98117259002515,80.98117259002511,378.0,0.0,0.0,207.50261079819256,207.50261079819256,0.013875123885034688,0.013875123885034688,0.0,0.013875123885034688,0.0,0,0.0,14,33.64230108722876,144.2987835964076,1.0,0.23
main,v040,LOLO-nes-f3,secondary,LOLO,nested,3,A,Centralized PPO|wcnc2027_ablation/central_seed13/ppo_multi_site.zip,Centralized PPO,13,R,wcnc2027_ablation 2026-09-14,all,-32771.35721321993,5764.941244419933,26973.0,2.5409688000000004,30.875,2096.867414911298,2096.2321727112976,0.09900891972249752,0.003964321110009911,0.0975222993062438,0.09900891972249752,0.09117938553022795,134,1.2749256689791875,999,8.299597058501448,1438.7397111146686,1.0,0.63
main,v040,LOLO-nes-f3,secondary,LOLO,nested,3,A,Centralized PPO|wcnc2027_ablation/central_seed13/ppo_multi_site.zip,Centralized PPO,13,R,wcnc2027_ablation 2026-09-14,0,-26372.648420604215,908.2366978042146,25434.0,2.1617228,28.25,233.59840777753197,233.05797707753197,0.933597621407334,0.02180376610505451,0.933597621407334,0.933597621407334,0.8800792864222002,114,10.846382556987116,942,8.070292179229677,1438.7397111146686,1.0,0.63
main,v040,LOLO-nes-f3,secondary,LOLO,nested,3,A,Centralized PPO|wcnc2027_ablation/central_seed13/ppo_multi_site.zip,Centralized PPO,13,R,wcnc2027_ablation 2026-09-14,1,-868.3910531176041,868.3910531176041,0.0,0.0,0.0,206.89220781057955,206.89220781057955,0.0,0.0,0.0,0.0,0.0,0,0.0,0,0.0,0.0,0.0,0.63
main,v040,LOLO-nes-f3,secondary,LOLO,nested,3,A,Centralized PPO|wcnc2027_ablation/central_seed13/ppo_multi_site.zip,Centralized PPO,13,R,wcnc2027_ablation 2026-09-14,2,-285.1954378476655,285.1954378476655,0.0,0.0,0.0,207.09884096626072,207.09884096626072,0.0,0.0,0.0,0.0,0.0,0,0.0,0,0.0,0.0,0.0,0.63
main,v040,LOLO-nes-f3,secondary,LOLO,nested,3,A,Centralized PPO|wcnc2027_ablation/central_seed13/ppo_multi_site.zip,Centralized PPO,13,R,wcnc2027_ablation 2026-09-14,3,-164.86014599751928,137.86014599751928,27.0,0.0,0.0,207.40031374291866,207.40031374291866,0.0009910802775024777,0.0009910802775024777,0.0,0.0009910802775024777,0.0,0,0.0,1,6.9847963178015355,6.9847963178015355,1.0,0.63
main,v040,LOLO-nes-f3,secondary,LOLO,nested,3,A,Centralized PPO|wcnc2027_ablation/central_seed13/ppo_multi_site.zip,Centralized PPO,13,R,wcnc2027_ablation 2026-09-14,4,-955.63323163784,955.63323163784,0.0,0.0,0.0,206.80396286803608,206.80396286803608,0.0,0.0,0.0,0.0,0.0,0,0.0,0,0.0,0.0,0.0,0.63
main,v040,LOLO-nes-f3,secondary,LOLO,nested,3,A,Centralized PPO|wcnc2027_ablation/central_seed13/ppo_multi_site.zip,Centralized PPO,13,R,wcnc2027_ablation 2026-09-14,5,-443.0774283086022,443.0774283086022,0.0,0.0,0.0,206.98878670227145,206.98878670227145,0.0,0.0,0.0,0.0,0.0,0,0.0,0,0.0,0.0,0.0,0.63
main,v040,LOLO-nes-f3,secondary,LOLO,nested,3,A,Centralized PPO|wcnc2027_ablation/central_seed13/ppo_multi_site.zip,Centralized PPO,13,R,wcnc2027_ablation 2026-09-14,6,-955.8237164987011,955.8237164987011,0.0,0.0,0.0,206.79941960083954,206.79941960083954,0.0,0.0,0.0,0.0,0.0,0,0.0,0,0.0,0.0,0.0,0.63
main,v040,LOLO-nes-f3,secondary,LOLO,nested,3,A,Centralized PPO|wcnc2027_ablation/central_seed13/ppo_multi_site.zip,Centralized PPO,13,R,wcnc2027_ablation 2026-09-14,7,-1864.9812843907516,727.9770383907514,1134.0,0.37924599999999997,2.625,206.79918792667092,206.7043764266709,0.04162537165510406,0.002973240832507433,0.04162537165510406,0.04162537165510406,0.031714568880079286,20,1.9028741328047574,42,5.026314692133001,5.026314692133001,1.0,0.63
main,v040,LOLO-nes-f3,secondary,LOLO,nested,3,A,Centralized PPO|wcnc2027_ablation/central_seed13/ppo_multi_site.zip,Centralized PPO,13,R,wcnc2027_ablation 2026-09-14,8,-401.76532222701053,401.76532222701053,0.0,0.0,0.0,206.9836767179966,206.9836767179966,0.0,0.0,0.0,0.0,0.0,0,0.0,0,0.0,0.0,0.0,0.63
main,v040,LOLO-nes-f3,secondary,LOLO,nested,3,A,Centralized PPO|wcnc2027_ablation/central_seed13/ppo_multi_site.zip,Centralized PPO,13,R,wcnc2027_ablation 2026-09-14,9,-458.98117259002515,80.98117259002511,378.0,0.0,0.0,207.50261079819256,207.50261079819256,0.013875123885034688,0.013875123885034688,0.0,0.013875123885034688,0.0,0,0.0,14,33.64230108722876,144.2987835964076,1.0,0.63
main,v040,LOLO-nes-f3,secondary,LOLO,nested,3,A,Shared-PPO|wcnc2027_ablation/shared_ppo_seed13/mappo_best.pt,Shared-PPO,13,R,wcnc2027_ablation 2026-09-14 (supplementary ablation),all,-18987.41474380529,5437.1878398052895,13365.0,9.101904,176.125,2039.249961663294,2036.9744856632938,0.04905847373637265,0.0014866204162537165,0.04757185332011893,0.04905847373637265,0.023785926660059464,480,4.566897918731417,495,5.839612250025948,144.2987835964076,1.0,0.23
main,v040,LOLO-nes-f3,secondary,LOLO,nested,3,A,Shared-PPO|wcnc2027_ablation/shared_ppo_seed13/mappo_best.pt,Shared-PPO,13,R,wcnc2027_ablation 2026-09-14 (supplementary ablation),0,-4548.199451914632,1150.3481267146328,3348.0,2.3513252000000002,47.5,198.6962176787019,198.1083863787019,0.12289395441030723,0.0,0.12289395441030723,0.12289395441030723,0.061446977205153616,124,11.797819623389495,124,5.026314692133002,5.026314692133001,1.0,0.23
main,v040,LOLO-nes-f3,secondary,LOLO,nested,3,A,Shared-PPO|wcnc2027_ablation/shared_ppo_seed13/mappo_best.pt,Shared-PPO,13,R,wcnc2027_ablation 2026-09-14 (supplementary ablation),1,-2528.5515739131056,667.0121375131054,1836.0,1.2894364,24.25,202.31222981482878,201.98987071482878,0.06739345887016848,0.0,0.06739345887016848,0.06739345887016848,0.03369672943508424,68,6.469772051536175,68,5.026314692132999,5.026314692133001,1.0,0.23
main,v040,LOLO-nes-f3,secondary,LOLO,nested,3,A,Shared-PPO|wcnc2027_ablation/shared_ppo_seed13/mappo_best.pt,Shared-PPO,13,R,wcnc2027_ablation 2026-09-14 (supplementary ablation),2,-391.5308535177726,282.45500431777253,108.0,0.0758492,1.0,206.92118991508517,206.90222761508514,0.003964321110009911,0.0,0.003964321110009911,0.003964321110009911,0.0019821605550049554,4,0.3805748265609515,4,5.026314692133001,5.026314692133001,1.0,0.23
main,v040,LOLO-nes-f3,secondary,LOLO,nested,3,A,Shared-PPO|wcnc2027_ablation/shared_ppo_seed13/mappo_best.pt,Shared-PPO,13,R,wcnc2027_ablation 2026-09-14 (supplementary ablation),3,-164.86014599751928,137.86014599751928,27.0,0.0,0.0,207.40031374291866,207.40031374291866,0.0009910802775024777,0.0009910802775024777,0.0,0.0009910802775024777,0.0,0,0.0,1,6.9847963178015355,6.9847963178015355,1.0,0.23
main,v040,LOLO-nes-f3,secondary,LOLO,nested,3,A,Shared-PPO|wcnc2027_ablation/shared_ppo_seed13/mappo_best.pt,Shared-PPO,13,R,wcnc2027_ablation 2026-09-14 (supplementary ablation),4,-3435.1204445133926,804.4250637133922,2592.0,1.8203808000000001,36.875,200.35274894577208,199.89765374577206,0.09514370664023786,0.0,0.09514370664023786,0.09514370664023786,0.04757185332011893,96,9.133795837462834,96,5.026314692133,5.026314692133001,1.0,0.23
main,v040,LOLO-nes-f3,secondary,LOLO,nested,3,A,Shared-PPO|wcnc2027_ablation/shared_ppo_seed13/mappo_best.pt,Shared-PPO,13,R,wcnc2027_ablation 2026-09-14 (supplementary ablation),5,-1131.3142122330148,419.82119243301474,702.0,0.49301980000000006,9.0,205.50540340556103,205.382148455561,0.02576808721506442,0.0,0.02576808721506442,0.02576808721506442,0.01288404360753221,26,2.4737363726461843,26,5.026314692133001,5.026314692133001,1.0,0.23
main,v040,LOLO-nes-f3,secondary,LOLO,nested,3,A,Shared-PPO|wcnc2027_ablation/shared_ppo_seed13/mappo_best.pt,Shared-PPO,13,R,wcnc2027_ablation 2026-09-14 (supplementary ablation),6,-3173.856452920998,818.9756951209978,2322.0,1.6307578,31.25,201.3699040126648,200.96221456266477,0.08523290386521308,0.0,0.08523290386521308,0.08523290386521308,0.04261645193260654,86,8.182358771060457,86,5.026314692132999,5.026314692133001,1.0,0.23
main,v040,LOLO-nes-f3,secondary,LOLO,nested,3,A,Shared-PPO|wcnc2027_ablation/shared_ppo_seed13/mappo_best.pt,Shared-PPO,13,R,wcnc2027_ablation 2026-09-14 (supplementary ablation),7,-2384.6108565809345,687.1851939809347,1674.0,1.1756626,22.25,203.0585997591811,202.76468410918108,0.061446977205153616,0.0,0.061446977205153616,0.061446977205153616,0.030723488602576808,62,5.898909811694748,62,5.026314692132998,5.026314692133001,1.0,0.23
main,v040,LOLO-nes-f3,secondary,LOLO,nested,3,A,Shared-PPO|wcnc2027_ablation/shared_ppo_seed13/mappo_best.pt,Shared-PPO,13,R,wcnc2027_ablation 2026-09-14 (supplementary ablation),8,-770.3895796238951,388.12410742389517,378.0,0.26547220000000005,4.0,206.13074359038797,206.06437554038794,0.013875123885034688,0.0,0.013875123885034688,0.013875123885034688,0.006937561942517344,14,1.33201189296333,14,5.026314692133,5.026314692133001,1.0,0.23
main,v040,LOLO-nes-f3,secondary,LOLO,nested,3,A,Shared-PPO|wcnc2027_ablation/shared_ppo_seed13/mappo_best.pt,Shared-PPO,13,R,wcnc2027_ablation 2026-09-14 (supplementary ablation),9,-458.98117259002515,80.98117259002511,378.0,0.0,0.0,207.50261079819256,207.50261079819256,0.013875123885034688,0.013875123885034688,0.0,0.013875123885034688,0.0,0,0.0,14,33.64230108722876,144.2987835964076,1.0,0.23
main,v040,LOLO-nes-f3,secondary,LOLO,nested,3,A,MAPPO|wcnc2027_ablation/mappo_seed23/mappo_best.pt,MAPPO,23,R,wcnc2027_ablation 2026-09-14,all,-23601.801830631448,5392.226335631449,17955.0,12.325495,242.25,2031.631744260481,2028.5503705104811,0.06590683845391476,0.0014866204162537165,0.06442021803766106,0.06590683845391476,0.03221010901883053,650,6.184340931615461,665,5.631701596128503,144.2987835964076,1.0,0.23
main,v040,LOLO-nes-f3,secondary,LOLO,nested,3,A,MAPPO|wcnc2027_ablation/mappo_seed23/mappo_best.pt,MAPPO,23,R,wcnc2027_ablation 2026-09-14,0,-5709.714906976831,1106.1542405768314,4536.0,3.1856663999999997,64.375,196.52005427967188,195.7236376796719,0.16650148662041625,0.0,0.16650148662041625,0.16650148662041625,0.08325074331020813,168,15.984142715559962,168,5.026314692133,5.026314692133001,1.0,0.23
main,v040,LOLO-nes-f3,secondary,LOLO,nested,3,A,MAPPO|wcnc2027_ablation/mappo_seed23/mappo_best.pt,MAPPO,23,R,wcnc2027_ablation 2026-09-14,1,-3150.31229294148,684.35568594148,2430.0,1.706607,34.25,201.2480075306873,200.8213557806873,0.08919722497522299,0.0,0.08919722497522299,0.08919722497522299,0.044598612487611496,90,8.562933597621408,90,5.026314692132999,5.026314692133001,1.0,0.23
main,v040,LOLO-nes-f3,secondary,LOLO,nested,3,A,MAPPO|wcnc2027_ablation/mappo_seed23/mappo_best.pt,MAPPO,23,R,wcnc2027_ablation 2026-09-14,2,-499.0495896702623,280.89789127026233,216.0,0.1516984,2.0,206.78388477887702,206.745960178877,0.007928642220019821,0.0,0.007928642220019821,0.007928642220019821,0.003964321110009911,8,0.761149653121903,8,5.026314692133001,5.026314692133001,1.0,0.23
main,v040,LOLO-nes-f3,secondary,LOLO,nested,3,A,MAPPO|wcnc2027_ablation/mappo_seed23/mappo_best.pt,MAPPO,23,R,wcnc2027_ablation 2026-09-14,3,-164.86014599751928,137.86014599751928,27.0,0.0,0.0,207.40031374291866,207.40031374291866,0.0009910802775024777,0.0009910802775024777,0.0,0.0009910802775024777,0.0,0,0.0,1,6.9847963178015355,6.9847963178015355,1.0,0.23
main,v040,LOLO-nes-f3,secondary,LOLO,nested,3,A,MAPPO|wcnc2027_ablation/mappo_seed23/mappo_best.pt,MAPPO,23,R,wcnc2027_ablation 2026-09-14,4,-3875.621476964783,805.9976993647828,3024.0,2.1237776,43.5,199.557198871322,199.02625447132198,0.1110009910802775,0.0,0.1110009910802775,0.1110009910802775,0.05550049554013875,112,10.65609514370664,112,5.026314692133,5.026314692133001,1.0,0.23
main,v040,LOLO-nes-f3,secondary,LOLO,nested,3,A,MAPPO|wcnc2027_ablation/mappo_seed23/mappo_best.pt,MAPPO,23,R,wcnc2027_ablation 2026-09-14,5,-1564.552378695415,415.25596209541504,1134.0,0.7964166000000001,14.5,204.85068738301442,204.65158323301443,0.04162537165510406,0.0,0.04162537165510406,0.04162537165510406,0.02081268582755203,42,3.9960356788899905,42,5.026314692133001,5.026314692133001,1.0,0.23
main,v040,LOLO-nes-f3,secondary,LOLO,nested,3,A,MAPPO|wcnc2027_ablation/mappo_seed23/mappo_best.pt,MAPPO,23,R,wcnc2027_ablation 2026-09-14,6,-3823.5013684630435,811.6655154630437,2970.0,2.085853,39.75,200.17203986147186,199.65057661147188,0.10901883052527254,0.0,0.10901883052527254,0.10901883052527254,0.05450941526263627,110,10.465807730426166,110,5.026314692133003,5.026314692133001,1.0,0.23
main,v040,LOLO-nes-f3,secondary,LOLO,nested,3,A,MAPPO|wcnc2027_ablation/mappo_seed23/mappo_best.pt,MAPPO,23,R,wcnc2027_ablation 2026-09-14,7,-3155.5454993729563,689.713892372956,2430.0,1.706607,34.125,202.15723533343902,201.730583583439,0.08919722497522299,0.0,0.08919722497522299,0.08919722497522299,0.044598612487611496,90,8.562933597621408,90,5.026314692132999,5.026314692133001,1.0,0.23
main,v040,LOLO-nes-f3,secondary,LOLO,nested,3,A,MAPPO|wcnc2027_ablation/mappo_seed23/mappo_best.pt,MAPPO,23,R,wcnc2027_ablation 2026-09-14,8,-1199.662998959134,379.34412995913385,810.0,0.5688690000000001,9.75,205.4397116808864,205.29749443088642,0.02973240832507433,0.0,0.02973240832507433,0.02973240832507433,0.014866204162537165,30,2.8543111992071357,30,5.026314692133003,5.026314692133001,1.0,0.23
main,v040,LOLO-nes-f3,secondary,LOLO,nested,3,A,MAPPO|wcnc2027_ablation/mappo_seed23/mappo_best.pt,MAPPO,23,R,wcnc2027_ablation 2026-09-14,9,-458.98117259002515,80.98117259002511,378.0,0.0,0.0,207.50261079819256,207.50261079819256,0.013875123885034688,0.013875123885034688,0.0,0.013875123885034688,0.0,0,0.0,14,33.64230108722876,144.2987835964076,1.0,0.23
main,v040,LOLO-nes-f3,secondary,LOLO,nested,3,A,Shared-PPO|wcnc2027_ablation/shared_ppo_seed77/mappo_best.pt,Shared-PPO,77,R,wcnc2027_ablation 2026-09-14 (supplementary ablation),all,-24824.958317484157,5409.548481284156,19143.0,13.159836199999999,259.25,2031.4801849045648,2028.1902258545647,0.07026759167492568,0.0014866204162537165,0.06878097125867196,0.07026759167492568,0.03439048562933598,694,6.602973240832508,709,5.594131745951066,144.2987835964076,1.0,0.24
main,v040,LOLO-nes-f3,secondary,LOLO,nested,3,A,Shared-PPO|wcnc2027_ablation/shared_ppo_seed77/mappo_best.pt,Shared-PPO,77,R,wcnc2027_ablation 2026-09-14 (supplementary ablation),0,-5924.921326115269,1102.3339613152698,4752.0,3.3373648,67.25,196.1813851429222,195.34704394292223,0.17443012884043607,0.0,0.17443012884043607,0.17443012884043607,0.08721506442021804,176,16.745292368681863,176,5.026314692133,5.026314692133001,1.0,0.24
main,v040,LOLO-nes-f3,secondary,LOLO,nested,3,A,Shared-PPO|wcnc2027_ablation/shared_ppo_seed77/mappo_best.pt,Shared-PPO,77,R,wcnc2027_ablation 2026-09-14 (supplementary ablation),1,-3312.868995772237,682.548614972237,2592.0,1.8203808000000001,36.5,201.1835646023428,200.7284694023428,0.09514370664023786,0.0,0.09514370664023786,0.09514370664023786,0.04757185332011893,96,9.133795837462834,96,5.026314692133,5.026314692133001,1.0,0.24
main,v040,LOLO-nes-f3,secondary,LOLO,nested,3,A,Shared-PPO|wcnc2027_ablation/shared_ppo_seed77/mappo_best.pt,Shared-PPO,77,R,wcnc2027_ablation 2026-09-14 (supplementary ablation),2,-553.5734214380025,280.8837984380025,270.0,0.189623,2.5,206.75533817298947,206.70793242298947,0.009910802775024777,0.0,0.009910802775024777,0.009910802775024777,0.004955401387512388,10,0.9514370664023787,10,5.026314692133001,5.026314692133001,1.0,0.24
main,v040,LOLO-nes-f3,secondary,LOLO,nested,3,A,Shared-PPO|wcnc2027_ablation/shared_ppo_seed77/mappo_best.pt,Shared-PPO,77,R,wcnc2027_ablation 2026-09-14 (supplementary ablation),3,-164.86014599751928,137.86014599751928,27.0,0.0,0.0,207.40031374291866,207.40031374291866,0.0009910802775024777,0.0009910802775024777,0.0,0.0009910802775024777,0.0,0,0.0,1,6.9847963178015355,6.9847963178015355,1.0,0.24
main,v040,LOLO-nes-f3,secondary,LOLO,nested,3,A,Shared-PPO|wcnc2027_ablation/shared_ppo_seed77/mappo_best.pt,Shared-PPO,77,R,wcnc2027_ablation 2026-09-14 (supplementary ablation),4,-3881.4899647328466,811.7411871328468,3024.0,2.1237776000000004,43.625,199.81828489197198,199.287340491972,0.1110009910802775,0.0,0.1110009910802775,0.1110009910802775,0.05550049554013875,112,10.65609514370664,112,5.026314692133,5.026314692133001,1.0,0.24
main,v040,LOLO-nes-f3,secondary,LOLO,nested,3,A,Shared-PPO|wcnc2027_ablation/shared_ppo_seed77/mappo_best.pt,Shared-PPO,77,R,wcnc2027_ablation 2026-09-14 (supplementary ablation),5,-1891.2964086679137,413.14744446791383,1458.0,1.0239642,19.125,204.667226294897,204.411235244897,0.053518334985133795,0.0,0.053518334985133795,0.053518334985133795,0.026759167492566897,54,5.137760158572845,54,5.026314692133,5.026314692133001,1.0,0.24
main,v040,LOLO-nes-f3,secondary,LOLO,nested,3,A,Shared-PPO|wcnc2027_ablation/shared_ppo_seed77/mappo_best.pt,Shared-PPO,77,R,wcnc2027_ablation 2026-09-14 (supplementary ablation),6,-4110.461386364403,824.9359103644024,3240.0,2.2754760000000003,43.25,200.2568367080317,199.68796770803175,0.11892963330029732,0.0,0.11892963330029732,0.11892963330029732,0.05946481665014866,120,11.417244796828543,120,5.026314692133,5.026314692133001,1.0,0.24
main,v040,LOLO-nes-f3,secondary,LOLO,nested,3,A,Shared-PPO|wcnc2027_ablation/shared_ppo_seed77/mappo_best.pt,Shared-PPO,77,R,wcnc2027_ablation 2026-09-14 (supplementary ablation),7,-3326.8394394882735,695.7690586882736,2592.0,1.8203808000000001,37.25,202.27492720702364,201.81983200702362,0.09514370664023786,0.0,0.09514370664023786,0.09514370664023786,0.04757185332011893,96,9.133795837462834,96,5.026314692133,5.026314692133001,1.0,0.24
main,v040,LOLO-nes-f3,secondary,LOLO,nested,3,A,Shared-PPO|wcnc2027_ablation/shared_ppo_seed77/mappo_best.pt,Shared-PPO,77,R,wcnc2027_ablation 2026-09-14 (supplementary ablation),8,-1199.666056317666,379.3471873176659,810.0,0.5688690000000001,9.75,205.4396973432747,205.29748009327471,0.02973240832507433,0.0,0.02973240832507433,0.02973240832507433,0.014866204162537165,30,2.8543111992071357,30,5.026314692133003,5.026314692133001,1.0,0.24
main,v040,LOLO-nes-f3,secondary,LOLO,nested,3,A,Shared-PPO|wcnc2027_ablation/shared_ppo_seed77/mappo_best.pt,Shared-PPO,77,R,wcnc2027_ablation 2026-09-14 (supplementary ablation),9,-458.98117259002515,80.98117259002511,378.0,0.0,0.0,207.50261079819256,207.50261079819256,0.013875123885034688,0.013875123885034688,0.0,0.013875123885034688,0.0,0,0.0,14,33.64230108722876,144.2987835964076,1.0,0.24
main,v040,LOLO-nes-f3,secondary,LOLO,nested,3,A,MAPPO|wcnc2027_ablation/mappo_seed99/mappo_best.pt,MAPPO,99,R,wcnc2027_ablation 2026-09-14,all,-22831.402616317595,5393.395990317591,17199.0,11.756626,227.25,2032.2901497570926,2029.3509932570923,0.06313181367690783,0.0014866204162537165,0.06164519326065411,0.06313181367690783,0.030921704658077306,620,5.898909811694748,637,5.658312009490942,144.2987835964076,1.0,0.24
main,v040,LOLO-nes-f3,secondary,LOLO,nested,3,A,MAPPO|wcnc2027_ablation/mappo_seed99/mappo_best.pt,MAPPO,99,R,wcnc2027_ablation 2026-09-14,0,-5442.42044260064,1113.4243992006402,4266.0,2.9960434,60.0,196.78658329563734,196.03757244563735,0.1565906838453915,0.0,0.1565906838453915,0.1565906838453915,0.07829534192269574,158,15.032705649157583,158,5.026314692132999,5.026314692133001,1.0,0.24
main,v040,LOLO-nes-f3,secondary,LOLO,nested,3,A,MAPPO|wcnc2027_ablation/mappo_seed99/mappo_best.pt,MAPPO,99,R,wcnc2027_ablation 2026-09-14,1,-3098.079245682833,687.9105632828332,2376.0,1.6686824,32.5,201.25982480292964,200.84265420292965,0.08721506442021804,0.0,0.08721506442021804,0.08721506442021804,0.04360753221010902,88,8.372646184340931,88,5.026314692133,5.026314692133001,1.0,0.24
main,v040,LOLO-nes-f3,secondary,LOLO,nested,3,A,MAPPO|wcnc2027_ablation/mappo_seed99/mappo_best.pt,MAPPO,99,R,wcnc2027_ablation 2026-09-14,2,-499.84635226578007,281.6946538657801,216.0,0.1516984,2.0,206.84868552526535,206.81076092526536,0.007928642220019821,0.0,0.007928642220019821,0.007928642220019821,0.003964321110009911,8,0.761149653121903,8,5.026314692133001,5.026314692133001,1.0,0.24
main,v040,LOLO-nes-f3,secondary,LOLO,nested,3,A,MAPPO|wcnc2027_ablation/mappo_seed99/mappo_best.pt,MAPPO,99,R,wcnc2027_ablation 2026-09-14,3,-164.86014599751928,137.86014599751928,27.0,0.0,0.0,207.40031374291866,207.40031374291866,0.0009910802775024777,0.0009910802775024777,0.0,0.0009910802775024777,0.0,0,0.0,1,6.9847963178015355,6.9847963178015355,1.0,0.24
main,v040,LOLO-nes-f3,secondary,LOLO,nested,3,A,MAPPO|wcnc2027_ablation/mappo_seed99/mappo_best.pt,MAPPO,99,R,wcnc2027_ablation 2026-09-14,4,-3818.234450196621,803.5235971966206,2970.0,2.085853,42.625,199.74793373175697,199.226470481757,0.10901883052527254,0.0,0.10901883052527254,0.10901883052527254,0.05450941526263627,110,10.465807730426166,110,5.026314692133003,5.026314692133001,1.0,0.24
main,v040,LOLO-nes-f3,secondary,LOLO,nested,3,A,MAPPO|wcnc2027_ablation/mappo_seed99/mappo_best.pt,MAPPO,99,R,wcnc2027_ablation 2026-09-14,5,-1449.7173700570258,411.1597272570258,1026.0,0.6826428,11.875,204.8338403739578,204.6631796739578,0.03766105054509415,0.0,0.03766105054509415,0.03766105054509415,0.019821605550049554,36,3.4251734390485633,38,5.026314692133003,5.026314692133001,1.0,0.24
main,v040,LOLO-nes-f3,secondary,LOLO,nested,3,A,MAPPO|wcnc2027_ablation/mappo_seed99/mappo_best.pt,MAPPO,99,R,wcnc2027_ablation 2026-09-14,6,-3656.0656669978507,809.4685877978504,2808.0,1.9720792,36.625,200.32713019252287,199.83411039252286,0.10307234886025768,0.0,0.10307234886025768,0.10307234886025768,0.05153617443012884,104,9.894945490584737,104,5.026314692133,5.026314692133001,1.0,0.24
main,v040,LOLO-nes-f3,secondary,LOLO,nested,3,A,MAPPO|wcnc2027_ablation/mappo_seed99/mappo_best.pt,MAPPO,99,R,wcnc2027_ablation 2026-09-14,7,-3043.2591901841197,688.0034323841198,2322.0,1.6307578,31.625,202.1418935899394,201.7342041399394,0.08523290386521308,0.0,0.08523290386521308,0.08523290386521308,0.04261645193260654,86,8.182358771060457,86,5.026314692132999,5.026314692133001,1.0,0.24
main,v040,LOLO-nes-f3,secondary,LOLO,nested,3,A,MAPPO|wcnc2027_ablation/mappo_seed99/mappo_best.pt,MAPPO,99,R,wcnc2027_ablation 2026-09-14,8,-1199.9385797451769,379.3697107451768,810.0,0.5688690000000001,10.0,205.44133370397196,205.29911645397198,0.02973240832507433,0.0,0.02973240832507433,0.02973240832507433,0.014866204162537165,30,2.8543111992071357,30,5.026314692133003,5.026314692133001,1.0,0.24
main,v040,LOLO-nes-f3,secondary,LOLO,nested,3,A,MAPPO|wcnc2027_ablation/mappo_seed99/mappo_best.pt,MAPPO,99,R,wcnc2027_ablation 2026-09-14,9,-458.98117259002515,80.98117259002511,378.0,0.0,0.0,207.50261079819256,207.50261079819256,0.013875123885034688,0.013875123885034688,0.0,0.013875123885034688,0.0,0,0.0,14,33.64230108722876,144.2987835964076,1.0,0.24
main,v040,LOLO-nes-f3,secondary,LOLO,nested,3,A,Centralized PPO|wcnc2027_ablation/central_seed99/ppo_multi_site.zip,Centralized PPO,99,R,wcnc2027_ablation 2026-09-14,all,-37499.28876518109,5894.06215058109,31536.0,5.7266145999999996,63.5,2146.1908966340716,2144.7592429840715,0.1157581764122894,0.01020812685827552,0.11427155599603568,0.1157581764122894,0.10109018830525272,301,2.86382556987116,1168,30.283203495077014,1625.1947672462072,1.0,0.64
main,v040,LOLO-nes-f3,secondary,LOLO,nested,3,A,Centralized PPO|wcnc2027_ablation/central_seed99/ppo_multi_site.zip,Centralized PPO,99,R,wcnc2027_ablation 2026-09-14,0,-20089.408573048764,1083.1919622487644,18954.0,3.7166107999999998,48.5,223.5649535676438,222.6358008676438,0.6957383548067394,0.008919722497522299,0.6957383548067394,0.6957383548067394,0.6005946481665014,195,18.553022794846385,702,7.068641467663677,1438.7397111146686,1.0,0.64
main,v040,LOLO-nes-f3,secondary,LOLO,nested,3,A,Centralized PPO|wcnc2027_ablation/central_seed99/ppo_multi_site.zip,Centralized PPO,99,R,wcnc2027_ablation 2026-09-14,1,-868.3910531176041,868.3910531176041,0.0,0.0,0.0,206.89220781057955,206.89220781057955,0.0,0.0,0.0,0.0,0.0,0,0.0,0,0.0,0.0,0.0,0.64
main,v040,LOLO-nes-f3,secondary,LOLO,nested,3,A,Centralized PPO|wcnc2027_ablation/central_seed99/ppo_multi_site.zip,Centralized PPO,99,R,wcnc2027_ablation 2026-09-14,2,-285.1954378476655,285.1954378476655,0.0,0.0,0.0,207.09884096626072,207.09884096626072,0.0,0.0,0.0,0.0,0.0,0,0.0,0,0.0,0.0,0.0,0.64
main,v040,LOLO-nes-f3,secondary,LOLO,nested,3,A,Centralized PPO|wcnc2027_ablation/central_seed99/ppo_multi_site.zip,Centralized PPO,99,R,wcnc2027_ablation 2026-09-14,3,-164.86014599751928,137.86014599751928,27.0,0.0,0.0,207.40031374291866,207.40031374291866,0.0009910802775024777,0.0009910802775024777,0.0,0.0009910802775024777,0.0,0,0.0,1,6.9847963178015355,6.9847963178015355,1.0,0.64
main,v040,LOLO-nes-f3,secondary,LOLO,nested,3,A,Centralized PPO|wcnc2027_ablation/central_seed99/ppo_multi_site.zip,Centralized PPO,99,R,wcnc2027_ablation 2026-09-14,4,-1563.9501208033143,967.3475732033144,594.0,0.22754760000000002,2.375,217.46458016021003,217.40769326021007,0.02180376610505451,0.013875123885034688,0.02180376610505451,0.02180376610505451,0.02081268582755203,12,1.1417244796828543,22,265.7014776780486,1438.7397111146686,1.0,0.64
main,v040,LOLO-nes-f3,secondary,LOLO,nested,3,A,Centralized PPO|wcnc2027_ablation/central_seed99/ppo_multi_site.zip,Centralized PPO,99,R,wcnc2027_ablation 2026-09-14,5,-443.0774283086022,443.0774283086022,0.0,0.0,0.0,206.98878670227145,206.98878670227145,0.0,0.0,0.0,0.0,0.0,0,0.0,0,0.0,0.0,0.0,0.64
main,v040,LOLO-nes-f3,secondary,LOLO,nested,3,A,Centralized PPO|wcnc2027_ablation/central_seed99/ppo_multi_site.zip,Centralized PPO,99,R,wcnc2027_ablation 2026-09-14,6,-1010.6822258783908,956.1443012783908,54.0,0.0379246,0.5,206.95405074763232,206.94456959763232,0.0019821605550049554,0.0,0.0019821605550049554,0.0019821605550049554,0.0009910802775024777,2,0.19028741328047574,2,5.026314692133001,5.026314692133001,1.0,0.64
main,v040,LOLO-nes-f3,secondary,LOLO,nested,3,A,Centralized PPO|wcnc2027_ablation/central_seed99/ppo_multi_site.zip,Centralized PPO,99,R,wcnc2027_ablation 2026-09-14,7,-7454.357658027178,637.4544478271786,6804.0,1.4032102000000002,11.5,215.13790715833971,214.7871046083397,0.24975222993062438,0.013875123885034688,0.24975222993062438,0.24975222993062438,0.21506442021803765,74,7.040634291377602,252,17.144893457913195,1625.1947672462072,1.0,0.64
main,v040,LOLO-nes-f3,secondary,LOLO,nested,3,A,Centralized PPO|wcnc2027_ablation/central_seed99/ppo_multi_site.zip,Centralized PPO,99,R,wcnc2027_ablation 2026-09-14,8,-5160.384949562025,434.41862816202564,4725.0,0.3413214,0.625,247.1866449800229,247.1013146300229,0.1734390485629336,0.05054509415262636,0.1734390485629336,0.1734390485629336,0.1734390485629336,18,1.7125867195242817,175,112.88354326123194,1486.087880334539,1.0,0.64
main,v040,LOLO-nes-f3,secondary,LOLO,nested,3,A,Centralized PPO|wcnc2027_ablation/central_seed99/ppo_multi_site.zip,Centralized PPO,99,R,wcnc2027_ablation 2026-09-14,9,-458.98117259002515,80.98117259002511,378.0,0.0,0.0,207.50261079819256,207.50261079819256,0.013875123885034688,0.013875123885034688,0.0,0.013875123885034688,0.0,0,0.0,14,33.64230108722876,144.2987835964076,1.0,0.64
main,v040,LOLO-nes-f3,secondary,LOLO,nested,3,A,Shared-PPO|wcnc2027_ablation/shared_ppo_seed99/mappo_best.pt,Shared-PPO,99,R,wcnc2027_ablation 2026-09-14 (supplementary ablation),all,-25937.66885057516,5425.125522375157,20223.0,13.9183282,275.625,2031.3135017566588,2027.8339197066587,0.07423191278493559,0.0014866204162537165,0.07274529236868187,0.07423191278493559,0.03637264618434093,734,6.98354806739346,749,5.563807737736484,144.2987835964076,1.0,0.25
main,v040,LOLO-nes-f3,secondary,LOLO,nested,3,A,Shared-PPO|wcnc2027_ablation/shared_ppo_seed99/mappo_best.pt,Shared-PPO,99,R,wcnc2027_ablation 2026-09-14 (supplementary ablation),0,-6362.3123370151025,1100.9215754151028,5184.0,3.6407616000000003,73.75,195.908627220222,194.99843682022197,0.19028741328047571,0.0,0.19028741328047571,0.19028741328047571,0.09514370664023786,192,18.26759167492567,192,5.026314692133,5.026314692133001,1.0,0.25
main,v040,LOLO-nes-f3,secondary,LOLO,nested,3,A,Shared-PPO|wcnc2027_ablation/shared_ppo_seed99/mappo_best.pt,Shared-PPO,99,R,wcnc2027_ablation 2026-09-14 (supplementary ablation),1,-3443.225988183872,702.3297581838718,2700.0,1.89623,39.0,201.12285941620536,200.64880191620537,0.09910802775024777,0.0,0.09910802775024777,0.09910802775024777,0.049554013875123884,100,9.514370664023787,100,5.026314692132999,5.026314692133001,1.0,0.25
main,v040,LOLO-nes-f3,secondary,LOLO,nested,3,A,Shared-PPO|wcnc2027_ablation/shared_ppo_seed99/mappo_best.pt,Shared-PPO,99,R,wcnc2027_ablation 2026-09-14 (supplementary ablation),2,-608.0113451070526,280.7837975070526,324.0,0.22754760000000002,3.0,206.74718652274834,206.69029962274834,0.011892963330029732,0.0,0.011892963330029732,0.011892963330029732,0.005946481665014866,12,1.1417244796828543,12,5.026314692133,5.026314692133001,1.0,0.25
main,v040,LOLO-nes-f3,secondary,LOLO,nested,3,A,Shared-PPO|wcnc2027_ablation/shared_ppo_seed99/mappo_best.pt,Shared-PPO,99,R,wcnc2027_ablation 2026-09-14 (supplementary ablation),3,-164.86014599751928,137.86014599751928,27.0,0.0,0.0,207.40031374291866,207.40031374291866,0.0009910802775024777,0.0009910802775024777,0.0,0.0009910802775024777,0.0,0,0.0,1,6.9847963178015355,6.9847963178015355,1.0,0.25
main,v040,LOLO-nes-f3,secondary,LOLO,nested,3,A,Shared-PPO|wcnc2027_ablation/shared_ppo_seed99/mappo_best.pt,Shared-PPO,99,R,wcnc2027_ablation 2026-09-14 (supplementary ablation),4,-3930.851080425069,806.189378225069,3078.0,2.1617022,44.5,199.797365480871,199.25693993087103,0.11298315163528246,0.0,0.11298315163528246,0.11298315163528246,0.05649157581764123,114,10.846382556987116,114,5.026314692133001,5.026314692133001,1.0,0.25
main,v040,LOLO-nes-f3,secondary,LOLO,nested,3,A,Shared-PPO|wcnc2027_ablation/shared_ppo_seed99/mappo_best.pt,Shared-PPO,99,R,wcnc2027_ablation 2026-09-14 (supplementary ablation),5,-2000.3278870834515,412.8530736834513,1566.0,1.0998134,20.375,204.59192290139544,204.31696955139546,0.057482656095143705,0.0,0.057482656095143705,0.057482656095143705,0.028741328047571853,58,5.518334985133796,58,5.026314692133,5.026314692133001,1.0,0.25
main,v040,LOLO-nes-f3,secondary,LOLO,nested,3,A,Shared-PPO|wcnc2027_ablation/shared_ppo_seed99/mappo_best.pt,Shared-PPO,99,R,wcnc2027_ablation 2026-09-14 (supplementary ablation),6,-4108.374228376693,822.3487523766933,3240.0,2.2754760000000003,43.75,200.35894551259202,199.79007651259207,0.11892963330029732,0.0,0.11892963330029732,0.11892963330029732,0.05946481665014866,120,11.417244796828543,120,5.026314692133,5.026314692133001,1.0,0.25
main,v040,LOLO-nes-f3,secondary,LOLO,nested,3,A,Shared-PPO|wcnc2027_ablation/shared_ppo_seed99/mappo_best.pt,Shared-PPO,99,R,wcnc2027_ablation 2026-09-14 (supplementary ablation),7,-3552.113147206648,702.1410680066484,2808.0,1.9720792,40.0,202.51926009263013,202.02624029263015,0.10307234886025768,0.0,0.10307234886025768,0.10307234886025768,0.05153617443012884,104,9.894945490584737,104,5.026314692133,5.026314692133001,1.0,0.25
main,v040,LOLO-nes-f3,secondary,LOLO,nested,3,A,Shared-PPO|wcnc2027_ablation/shared_ppo_seed99/mappo_best.pt,Shared-PPO,99,R,wcnc2027_ablation 2026-09-14 (supplementary ablation),8,-1308.6115185897238,378.7168003897237,918.0,0.6447182,11.25,205.3644100688831,205.2032305188831,0.03369672943508424,0.0,0.03369672943508424,0.03369672943508424,0.01684836471754212,34,3.2348860257680876,34,5.026314692133002,5.026314692133001,1.0,0.25
main,v040,LOLO-nes-f3,secondary,LOLO,nested,3,A,Shared-PPO|wcnc2027_ablation/shared_ppo_seed99/mappo_best.pt,Shared-PPO,99,R,wcnc2027_ablation 2026-09-14 (supplementary ablation),9,-458.98117259002515,80.98117259002511,378.0,0.0,0.0,207.50261079819256,207.50261079819256,0.013875123885034688,0.013875123885034688,0.0,0.013875123885034688,0.0,0,0.0,14,33.64230108722876,144.2987835964076,1.0,0.25
main,v040,LOLO-nes-f3,secondary,LOLO,nested,3,A,MAPPO|mappo_seed1_20260517T110908/mappo_best.pt,MAPPO,1,P,"May 2026, pre-781c90c reward",all,-21268.371125259295,5365.888463459294,15687.0,10.732661799999999,204.75,2034.1636326261241,2031.480467176124,0.05758176412289395,0.0014866204162537165,0.05609514370664024,0.05758176412289395,0.02804757185332012,566,5.385133795837463,581,5.719227413573635,144.2987835964076,1.0,0.25
main,v040,LOLO-nes-f3,secondary,LOLO,nested,3,A,MAPPO|mappo_seed1_20260517T110908/mappo_best.pt,MAPPO,1,P,"May 2026, pre-781c90c reward",0,-5108.165212643836,1108.771716843836,3942.0,2.7684958,54.625,197.34666376433879,196.6545398143388,0.14469772051536176,0.0,0.14469772051536176,0.14469772051536176,0.07234886025768088,146,13.890981169474728,146,5.026314692133,5.026314692133001,1.0,0.25
main,v040,LOLO-nes-f3,secondary,LOLO,nested,3,A,MAPPO|mappo_seed1_20260517T110908/mappo_best.pt,MAPPO,1,P,"May 2026, pre-781c90c reward",1,-2745.5046861270566,664.813551327057,2052.0,1.4411348,27.25,201.89687136001922,201.53658766001922,0.0753221010901883,0.0,0.0753221010901883,0.0753221010901883,0.03766105054509415,76,7.230921704658078,76,5.026314692132999,5.026314692133001,1.0,0.25
main,v040,LOLO-nes-f3,secondary,LOLO,nested,3,A,MAPPO|mappo_seed1_20260517T110908/mappo_best.pt,MAPPO,1,P,"May 2026, pre-781c90c reward",2,-444.92725015998496,281.313476359985,162.0,0.11377380000000001,1.5,206.82786658174987,206.79942313174988,0.005946481665014866,0.0,0.005946481665014866,0.005946481665014866,0.002973240832507433,6,0.5708622398414271,6,5.026314692133,5.026314692133001,1.0,0.25
main,v040,LOLO-nes-f3,secondary,LOLO,nested,3,A,MAPPO|mappo_seed1_20260517T110908/mappo_best.pt,MAPPO,1,P,"May 2026, pre-781c90c reward",3,-164.86014599751928,137.86014599751928,27.0,0.0,0.0,207.40031374291866,207.40031374291866,0.0009910802775024777,0.0009910802775024777,0.0,0.0009910802775024777,0.0,0,0.0,1,6.9847963178015355,6.9847963178015355,1.0,0.25
main,v040,LOLO-nes-f3,secondary,LOLO,nested,3,A,MAPPO|mappo_seed1_20260517T110908/mappo_best.pt,MAPPO,1,P,"May 2026, pre-781c90c reward",4,-3547.036003610907,807.1397736109067,2700.0,1.89623,38.0,200.1505896324056,199.67653213240558,0.09910802775024777,0.0,0.09910802775024777,0.09910802775024777,0.049554013875123884,100,9.514370664023787,100,5.026314692132999,5.026314692133001,1.0,0.25
main,v040,LOLO-nes-f3,secondary,LOLO,nested,3,A,MAPPO|mappo_seed1_20260517T110908/mappo_best.pt,MAPPO,1,P,"May 2026, pre-781c90c reward",5,-1397.3793455679852,412.571702767985,972.0,0.6826428,12.125,204.94928948704882,204.7786287870488,0.035678889990089196,0.0,0.035678889990089196,0.035678889990089196,0.017839444995044598,36,3.4251734390485633,36,5.026314692133003,5.026314692133001,1.0,0.25
main,v040,LOLO-nes-f3,secondary,LOLO,nested,3,A,MAPPO|mappo_seed1_20260517T110908/mappo_best.pt,MAPPO,1,P,"May 2026, pre-781c90c reward",6,-3544.360523184947,806.8392931849469,2700.0,1.89623,35.625,200.29450690397968,199.8204494039797,0.09910802775024777,0.0,0.09910802775024777,0.09910802775024777,0.049554013875123884,100,9.514370664023787,100,5.026314692132999,5.026314692133001,1.0,0.25
main,v040,LOLO-nes-f3,secondary,LOLO,nested,3,A,MAPPO|mappo_seed1_20260517T110908/mappo_best.pt,MAPPO,1,P,"May 2026, pre-781c90c reward",7,-2816.9248164741985,681.3207570741986,2106.0,1.4790594000000001,28.125,202.05171400980365,201.68194915980365,0.07730426164519326,0.0,0.07730426164519326,0.07730426164519326,0.03865213082259663,78,7.421209117938553,78,5.026314692132999,5.026314692133001,1.0,0.25
main,v040,LOLO-nes-f3,secondary,LOLO,nested,3,A,MAPPO|mappo_seed1_20260517T110908/mappo_best.pt,MAPPO,1,P,"May 2026, pre-781c90c reward",8,-1040.231968902834,384.2768737028341,648.0,0.45509520000000003,7.5,205.7432063456673,205.62943254566727,0.023785926660059464,0.0,0.023785926660059464,0.023785926660059464,0.011892963330029732,24,2.2834489593657086,24,5.026314692133001,5.026314692133001,1.0,0.25
main,v040,LOLO-nes-f3,secondary,LOLO,nested,3,A,MAPPO|mappo_seed1_20260517T110908/mappo_best.pt,MAPPO,1,P,"May 2026, pre-781c90c reward",9,-458.98117259002515,80.98117259002511,378.0,0.0,0.0,207.50261079819256,207.50261079819256,0.013875123885034688,0.013875123885034688,0.0,0.013875123885034688,0.0,0,0.0,14,33.64230108722876,144.2987835964076,1.0,0.25
main,v040,LOLO-nes-f3,secondary,LOLO,nested,3,A,MAPPO|mappo_seed7_20260517T003433/mappo_best.pt,MAPPO,7,P,"May 2026, pre-781c90c reward",all,-22860.75763261985,5422.46308201985,17199.0,11.794550599999997,227.5,2033.5023168974262,2030.5536792474263,0.06313181367690783,0.0014866204162537165,0.06164519326065411,0.06313181367690783,0.030822596630327055,622,5.917938553022795,637,5.658312009490942,144.2987835964076,1.0,0.25
main,v040,LOLO-nes-f3,secondary,LOLO,nested,3,A,MAPPO|mappo_seed7_20260517T003433/mappo_best.pt,MAPPO,7,P,"May 2026, pre-781c90c reward",0,-5511.69610750832,1128.6621395083203,4320.0,3.0339679999999998,60.0,196.69206036180572,195.93356836180573,0.15857284440039643,0.0,0.15857284440039643,0.15857284440039643,0.07928642220019821,160,15.222993062438059,160,5.026314692133,5.026314692133001,1.0,0.25
main,v040,LOLO-nes-f3,secondary,LOLO,nested,3,A,MAPPO|mappo_seed7_20260517T003433/mappo_best.pt,MAPPO,7,P,"May 2026, pre-781c90c reward",1,-2932.357042950336,686.427134350336,2214.0,1.5549086,30.375,201.55340510344843,201.1646779534484,0.08126858275520317,0.0,0.08126858275520317,0.08126858275520317,0.040634291377601585,82,7.801783944499505,82,5.026314692132999,5.026314692133001,1.0,0.25
main,v040,LOLO-nes-f3,secondary,LOLO,nested,3,A,MAPPO|mappo_seed7_20260517T003433/mappo_best.pt,MAPPO,7,P,"May 2026, pre-781c90c reward",2,-445.79561486585584,282.1818410658558,162.0,0.11377380000000001,1.5,206.88457784515276,206.85613439515276,0.005946481665014866,0.0,0.005946481665014866,0.005946481665014866,0.002973240832507433,6,0.5708622398414271,6,5.026314692133,5.026314692133001,1.0,0.25
main,v040,LOLO-nes-f3,secondary,LOLO,nested,3,A,MAPPO|mappo_seed7_20260517T003433/mappo_best.pt,MAPPO,7,P,"May 2026, pre-781c90c reward",3,-164.86014599751928,137.86014599751928,27.0,0.0,0.0,207.40031374291866,207.40031374291866,0.0009910802775024777,0.0009910802775024777,0.0,0.0009910802775024777,0.0,0,0.0,1,6.9847963178015355,6.9847963178015355,1.0,0.25
main,v040,LOLO-nes-f3,secondary,LOLO,nested,3,A,MAPPO|mappo_seed7_20260517T003433/mappo_best.pt,MAPPO,7,P,"May 2026, pre-781c90c reward",4,-3769.332468804755,809.5345404047553,2916.0,2.0479284,41.75,199.91445455105307,199.40247245105306,0.10703666997026759,0.0,0.10703666997026759,0.10703666997026759,0.053518334985133795,108,10.27552031714569,108,5.026314692133002,5.026314692133001,1.0,0.25
main,v040,LOLO-nes-f3,secondary,LOLO,nested,3,A,MAPPO|mappo_seed7_20260517T003433/mappo_best.pt,MAPPO,7,P,"May 2026, pre-781c90c reward",5,-1622.8431562118903,418.5088150118903,1188.0,0.8343412000000001,15.5,205.0058172738993,204.79723197389933,0.04360753221010902,0.0,0.04360753221010902,0.04360753221010902,0.02180376610505451,44,4.186323092170466,44,5.026314692133002,5.026314692133001,1.0,0.25
main,v040,LOLO-nes-f3,secondary,LOLO,nested,3,A,MAPPO|mappo_seed7_20260517T003433/mappo_best.pt,MAPPO,7,P,"May 2026, pre-781c90c reward",6,-3659.174555727929,812.702476527929,2808.0,1.9720792,36.5,200.53409591131492,200.0410761113149,0.10307234886025768,0.0,0.10307234886025768,0.10307234886025768,0.05153617443012884,104,9.894945490584737,104,5.026314692133,5.026314692133001,1.0,0.25
main,v040,LOLO-nes-f3,secondary,LOLO,nested,3,A,MAPPO|mappo_seed7_20260517T003433/mappo_best.pt,MAPPO,7,P,"May 2026, pre-781c90c reward",7,-3093.990014694489,683.9463322944893,2376.0,1.6686823999999998,32.375,202.4708732521718,202.0537026521718,0.08721506442021804,0.0,0.08721506442021804,0.08721506442021804,0.04360753221010902,88,8.372646184340931,88,5.026314692133,5.026314692133001,1.0,0.25
main,v040,LOLO-nes-f3,secondary,LOLO,nested,3,A,MAPPO|mappo_seed7_20260517T003433/mappo_best.pt,MAPPO,7,P,"May 2026, pre-781c90c reward",8,-1201.7273532687295,381.6584842687294,810.0,0.5688690000000001,9.5,205.54410805746892,205.40189080746893,0.02973240832507433,0.0,0.02973240832507433,0.02973240832507433,0.014866204162537165,30,2.8543111992071357,30,5.026314692133003,5.026314692133001,1.0,0.25
main,v040,LOLO-nes-f3,secondary,LOLO,nested,3,A,MAPPO|mappo_seed7_20260517T003433/mappo_best.pt,MAPPO,7,P,"May 2026, pre-781c90c reward",9,-458.98117259002515,80.98117259002511,378.0,0.0,0.0,207.50261079819256,207.50261079819256,0.013875123885034688,0.013875123885034688,0.0,0.013875123885034688,0.0,0,0.0,14,33.64230108722876,144.2987835964076,1.0,0.25
main,v040,LOLO-nes-f3,secondary,LOLO,nested,3,A,MAPPO|mappo_seed13_20260517T003433/mappo_best.pt,MAPPO,13,P,"May 2026, pre-781c90c reward",all,-27509.9283839946,5410.660242394599,21789.0,15.0181416,295.25,2028.795061966518,2025.040526566518,0.07998017839444994,0.0014866204162537165,0.07849355797819624,0.07998017839444994,0.03924677898909812,792,7.535381565906839,807,5.525177506453955,144.2987835964076,1.0,0.25
main,v040,LOLO-nes-f3,secondary,LOLO,nested,3,A,MAPPO|mappo_seed13_20260517T003433/mappo_best.pt,MAPPO,13,P,"May 2026, pre-781c90c reward",0,-6696.607813549241,1106.739504349241,5508.0,3.8683092,78.0,195.41808581982926,194.45100851982926,0.20218037661050545,0.0,0.20218037661050545,0.20218037661050545,0.10109018830525272,204,19.409316154608526,204,5.026314692133001,5.026314692133001,1.0,0.25
main,v040,LOLO-nes-f3,secondary,LOLO,nested,3,A,MAPPO|mappo_seed13_20260517T003433/mappo_best.pt,MAPPO,13,P,"May 2026, pre-781c90c reward",1,-3435.7330498467186,695.086819846719,2700.0,1.89623,38.75,200.96298570983333,200.48892820983332,0.09910802775024777,0.0,0.09910802775024777,0.09910802775024777,0.049554013875123884,100,9.514370664023787,100,5.026314692132999,5.026314692133001,1.0,0.25
main,v040,LOLO-nes-f3,secondary,LOLO,nested,3,A,MAPPO|mappo_seed13_20260517T003433/mappo_best.pt,MAPPO,13,P,"May 2026, pre-781c90c reward",2,-662.1616007014893,280.39612850148933,378.0,0.26547220000000005,3.5,206.70501796223516,206.63864991223517,0.013875123885034688,0.0,0.013875123885034688,0.013875123885034688,0.006937561942517344,14,1.33201189296333,14,5.026314692133,5.026314692133001,1.0,0.25
main,v040,LOLO-nes-f3,secondary,LOLO,nested,3,A,MAPPO|mappo_seed13_20260517T003433/mappo_best.pt,MAPPO,13,P,"May 2026, pre-781c90c reward",3,-164.86014599751928,137.86014599751928,27.0,0.0,0.0,207.40031374291866,207.40031374291866,0.0009910802775024777,0.0009910802775024777,0.0,0.0009910802775024777,0.0,0,0.0,1,6.9847963178015355,6.9847963178015355,1.0,0.25
main,v040,LOLO-nes-f3,secondary,LOLO,nested,3,A,MAPPO|mappo_seed13_20260517T003433/mappo_best.pt,MAPPO,13,P,"May 2026, pre-781c90c reward",4,-4092.071537599722,803.0460615997222,3240.0,2.2754760000000003,46.75,199.43558442945346,198.86671542945345,0.11892963330029732,0.0,0.11892963330029732,0.11892963330029732,0.05946481665014866,120,11.417244796828543,120,5.026314692133,5.026314692133001,1.0,0.25
main,v040,LOLO-nes-f3,secondary,LOLO,nested,3,A,MAPPO|mappo_seed13_20260517T003433/mappo_best.pt,MAPPO,13,P,"May 2026, pre-781c90c reward",5,-2108.8691563681564,411.8184937681564,1674.0,1.1756626000000001,21.875,204.51183639749854,204.21792074749854,0.061446977205153616,0.0,0.061446977205153616,0.061446977205153616,0.030723488602576808,62,5.898909811694748,62,5.026314692132998,5.026314692133001,1.0,0.25
main,v040,LOLO-nes-f3,secondary,LOLO,nested,3,A,MAPPO|mappo_seed13_20260517T003433/mappo_best.pt,MAPPO,13,P,"May 2026, pre-781c90c reward",6,-4652.636853900798,819.2321319007981,3780.0,2.6547220000000005,50.75,199.63034101816206,198.9666605181621,0.13875123885034688,0.0,0.13875123885034688,0.13875123885034688,0.06937561942517344,140,13.320118929633301,140,5.026314692132999,5.026314692133001,1.0,0.25
main,v040,LOLO-nes-f3,secondary,LOLO,nested,3,A,MAPPO|mappo_seed13_20260517T003433/mappo_best.pt,MAPPO,13,P,"May 2026, pre-781c90c reward",7,-3761.8631614475835,693.2393838475834,3024.0,2.1237776000000004,42.5,201.7785095934901,201.24756519349012,0.1110009910802775,0.0,0.1110009910802775,0.1110009910802775,0.05550049554013875,112,10.65609514370664,112,5.026314692133,5.026314692133001,1.0,0.25
main,v040,LOLO-nes-f3,secondary,LOLO,nested,3,A,MAPPO|mappo_seed13_20260517T003433/mappo_best.pt,MAPPO,13,P,"May 2026, pre-781c90c reward",8,-1476.1438919933444,382.2603999933444,1080.0,0.758492,13.125,205.44977649490497,205.26015349490496,0.03964321110009911,0.0,0.03964321110009911,0.03964321110009911,0.019821605550049554,40,3.8057482656095147,40,5.026314692133001,5.026314692133001,1.0,0.25
main,v040,LOLO-nes-f3,secondary,LOLO,nested,3,A,MAPPO|mappo_seed13_20260517T003433/mappo_best.pt,MAPPO,13,P,"May 2026, pre-781c90c reward",9,-458.98117259002515,80.98117259002511,378.0,0.0,0.0,207.50261079819256,207.50261079819256,0.013875123885034688,0.013875123885034688,0.0,0.013875123885034688,0.0,0,0.0,14,33.64230108722876,144.2987835964076,1.0,0.25
main,v040,LOLO-nes-f3,secondary,LOLO,nested,3,A,MAPPO|mappo_seed23_20260517T110908/mappo_best.pt,MAPPO,23,P,"May 2026, pre-781c90c reward",all,-26222.051957739754,5381.531081939754,20547.0,14.1458758,279.375,2028.901815412673,2025.3653464626727,0.07542120911793855,0.0014866204162537165,0.07393458870168483,0.07542120911793855,0.036967294350842415,746,7.097720515361744,761,5.555332157516717,144.2987835964076,1.0,0.25
main,v040,LOLO-nes-f3,secondary,LOLO,nested,3,A,MAPPO|mappo_seed23_20260517T110908/mappo_best.pt,MAPPO,23,P,"May 2026, pre-781c90c reward",0,-6693.741995349566,1104.8736861495668,5508.0,3.8683092,77.0,195.26579407214842,194.29871677214842,0.20218037661050545,0.0,0.20218037661050545,0.20218037661050545,0.10109018830525272,204,19.409316154608526,204,5.026314692133001,5.026314692133001,1.0,0.25
main,v040,LOLO-nes-f3,secondary,LOLO,nested,3,A,MAPPO|mappo_seed23_20260517T110908/mappo_best.pt,MAPPO,23,P,"May 2026, pre-781c90c reward",1,-3418.977041963848,678.3308119638484,2700.0,1.89623,38.75,200.78155792637872,200.30750042637874,0.09910802775024777,0.0,0.09910802775024777,0.09910802775024777,0.049554013875123884,100,9.514370664023787,100,5.026314692132999,5.026314692133001,1.0,0.25
main,v040,LOLO-nes-f3,secondary,LOLO,nested,3,A,MAPPO|mappo_seed23_20260517T110908/mappo_best.pt,MAPPO,23,P,"May 2026, pre-781c90c reward",2,-553.5734214380025,280.8837984380025,270.0,0.189623,2.5,206.75533817298947,206.70793242298947,0.009910802775024777,0.0,0.009910802775024777,0.009910802775024777,0.004955401387512388,10,0.9514370664023787,10,5.026314692133001,5.026314692133001,1.0,0.25
main,v040,LOLO-nes-f3,secondary,LOLO,nested,3,A,MAPPO|mappo_seed23_20260517T110908/mappo_best.pt,MAPPO,23,P,"May 2026, pre-781c90c reward",3,-164.86014599751928,137.86014599751928,27.0,0.0,0.0,207.40031374291866,207.40031374291866,0.0009910802775024777,0.0009910802775024777,0.0,0.0009910802775024777,0.0,0,0.0,1,6.9847963178015355,6.9847963178015355,1.0,0.25
main,v040,LOLO-nes-f3,secondary,LOLO,nested,3,A,MAPPO|mappo_seed23_20260517T110908/mappo_best.pt,MAPPO,23,P,"May 2026, pre-781c90c reward",4,-4038.17121780836,803.80866640836,3186.0,2.2375514,46.125,199.54406002732435,198.98467217732434,0.11694747274529237,0.0,0.11694747274529237,0.11694747274529237,0.05847373637264618,118,11.226957383548068,118,5.026314692133003,5.026314692133001,1.0,0.25
main,v040,LOLO-nes-f3,secondary,LOLO,nested,3,A,MAPPO|mappo_seed23_20260517T110908/mappo_best.pt,MAPPO,23,P,"May 2026, pre-781c90c reward",5,-1836.7731790247212,412.91213942472154,1404.0,0.9860396000000001,18.875,204.56595919875892,204.3194492987589,0.05153617443012884,0.0,0.05153617443012884,0.05153617443012884,0.02576808721506442,52,4.947472745292369,52,5.026314692133,5.026314692133001,1.0,0.25
main,v040,LOLO-nes-f3,secondary,LOLO,nested,3,A,MAPPO|mappo_seed23_20260517T110908/mappo_best.pt,MAPPO,23,P,"May 2026, pre-781c90c reward",6,-4255.1199528781835,804.8557030781839,3402.0,2.3892498,45.875,199.5326613250536,198.93534887505362,0.12487611496531219,0.0,0.12487611496531219,0.12487611496531219,0.062438057482656094,126,11.988107036669971,126,5.026314692133002,5.026314692133001,1.0,0.25
main,v040,LOLO-nes-f3,secondary,LOLO,nested,3,A,MAPPO|mappo_seed23_20260517T110908/mappo_best.pt,MAPPO,23,P,"May 2026, pre-781c90c reward",7,-3493.574903589455,698.3907489894548,2754.0,1.9341546,39.25,202.19940624772497,201.71586759772495,0.10109018830525272,0.0,0.10109018830525272,0.10109018830525272,0.05054509415262636,102,9.704658077304263,102,5.026314692132999,5.026314692133001,1.0,0.25
main,v040,LOLO-nes-f3,secondary,LOLO,nested,3,A,MAPPO|mappo_seed23_20260517T110908/mappo_best.pt,MAPPO,23,P,"May 2026, pre-781c90c reward",8,-1308.2789271000715,378.63420890007137,918.0,0.6447182,11.0,205.35411390118318,205.1929343511832,0.03369672943508424,0.0,0.03369672943508424,0.03369672943508424,0.01684836471754212,34,3.2348860257680876,34,5.026314692133002,5.026314692133001,1.0,0.25
main,v040,LOLO-nes-f3,secondary,LOLO,nested,3,A,MAPPO|mappo_seed23_20260517T110908/mappo_best.pt,MAPPO,23,P,"May 2026, pre-781c90c reward",9,-458.98117259002515,80.98117259002511,378.0,0.0,0.0,207.50261079819256,207.50261079819256,0.013875123885034688,0.013875123885034688,0.0,0.013875123885034688,0.0,0,0.0,14,33.64230108722876,144.2987835964076,1.0,0.25
main,v040,LOLO-nes-f3,secondary,LOLO,nested,3,A,MAPPO|mappo_seed42_20260526T143637/mappo_best.pt,MAPPO,42,P+T,"May 2026, pre-781c90c reward",all,-24990.32059275957,4636.360383359568,20142.0,10.960209399999998,201.0,2007.6613218108296,2004.9212694608295,0.07393458870168483,0.0014866204162537165,0.07244796828543112,0.07393458870168483,0.04380574826560951,578,5.499306243805749,746,5.565969237919875,144.2987835964076,1.0,0.25
main,v040,LOLO-nes-f3,secondary,LOLO,nested,3,A,MAPPO|mappo_seed42_20260526T143637/mappo_best.pt,MAPPO,42,P+T,"May 2026, pre-781c90c reward",0,-5941.057389975997,921.4405925759968,4968.0,2.6167974000000003,49.0,189.83311339609023,189.17891404609026,0.1823587710604559,0.0,0.1823587710604559,0.1823587710604559,0.11397423191278494,138,13.129831516352825,184,5.026314692133,5.026314692133001,1.0,0.25
main,v040,LOLO-nes-f3,secondary,LOLO,nested,3,A,MAPPO|mappo_seed42_20260526T143637/mappo_best.pt,MAPPO,42,P+T,"May 2026, pre-781c90c reward",1,-3262.1197781017145,507.42864330171415,2727.0,1.4411348,26.25,197.4808225007736,197.1205388007736,0.10009910802775025,0.0,0.10009910802775025,0.10009910802775025,0.062438057482656094,76,7.230921704658078,101,5.026314692132999,5.026314692133001,1.0,0.25
main,v040,LOLO-nes-f3,secondary,LOLO,nested,3,A,MAPPO|mappo_seed42_20260526T143637/mappo_best.pt,MAPPO,42,P+T,"May 2026, pre-781c90c reward",2,-553.5734214380025,280.8837984380025,270.0,0.189623,2.5,206.75533817298947,206.70793242298947,0.009910802775024777,0.0,0.009910802775024777,0.009910802775024777,0.004955401387512388,10,0.9514370664023787,10,5.026314692133001,5.026314692133001,1.0,0.25
main,v040,LOLO-nes-f3,secondary,LOLO,nested,3,A,MAPPO|mappo_seed42_20260526T143637/mappo_best.pt,MAPPO,42,P+T,"May 2026, pre-781c90c reward",3,-164.86014599751928,137.86014599751928,27.0,0.0,0.0,207.40031374291866,207.40031374291866,0.0009910802775024777,0.0009910802775024777,0.0,0.0009910802775024777,0.0,0,0.0,1,6.9847963178015355,6.9847963178015355,1.0,0.25
main,v040,LOLO-nes-f3,secondary,LOLO,nested,3,A,MAPPO|mappo_seed42_20260526T143637/mappo_best.pt,MAPPO,42,P+T,"May 2026, pre-781c90c reward",4,-4378.423934841179,614.1527048411796,3726.0,1.89623,36.375,193.42415114094862,192.95009364094864,0.13676907829534193,0.0,0.13676907829534193,0.13676907829534193,0.08721506442021804,100,9.514370664023787,138,5.026314692133,5.026314692133001,1.0,0.25
main,v040,LOLO-nes-f3,secondary,LOLO,nested,3,A,MAPPO|mappo_seed42_20260526T143637/mappo_best.pt,MAPPO,42,P+T,"May 2026, pre-781c90c reward",5,-1550.0347397629043,402.8141723629042,1134.0,0.7205674000000001,12.5,204.4367340585298,204.2565922085298,0.04162537165510406,0.0,0.04162537165510406,0.04162537165510406,0.022794846382556987,38,3.615460852329039,42,5.026314692133001,5.026314692133001,1.0,0.25
main,v040,LOLO-nes-f3,secondary,LOLO,nested,3,A,MAPPO|mappo_seed42_20260526T143637/mappo_best.pt,MAPPO,42,P+T,"May 2026, pre-781c90c reward",6,-4204.406156051971,685.7220014519717,3483.0,1.9341546,33.75,195.72255971286756,195.23902106286755,0.1278493557978196,0.0,0.1278493557978196,0.1278493557978196,0.07730426164519326,102,9.704658077304263,129,5.026314692133,5.026314692133001,1.0,0.25
main,v040,LOLO-nes-f3,secondary,LOLO,nested,3,A,MAPPO|mappo_seed42_20260526T143637/mappo_best.pt,MAPPO,42,P+T,"May 2026, pre-781c90c reward",7,-3328.619542328429,622.863784528429,2673.0,1.6307578,31.125,199.53989858323197,199.13220913323198,0.0981169474727453,0.0,0.0981169474727453,0.0981169474727453,0.05550049554013875,86,8.182358771060457,99,5.026314692132999,5.026314692133001,1.0,0.25
main,v040,LOLO-nes-f3,secondary,LOLO,nested,3,A,MAPPO|mappo_seed42_20260526T143637/mappo_best.pt,MAPPO,42,P+T,"May 2026, pre-781c90c reward",8,-1148.244311671826,382.21336727182603,756.0,0.5309444000000001,9.5,205.56577970428708,205.4330436042871,0.027750247770069375,0.0,0.027750247770069375,0.027750247770069375,0.013875123885034688,28,2.66402378592666,28,5.026314692133002,5.026314692133001,1.0,0.25
main,v040,LOLO-nes-f3,secondary,LOLO,nested,3,A,MAPPO|mappo_seed42_20260526T143637/mappo_best.pt,MAPPO,42,P+T,"May 2026, pre-781c90c reward",9,-458.98117259002515,80.98117259002511,378.0,0.0,0.0,207.50261079819256,207.50261079819256,0.013875123885034688,0.013875123885034688,0.0,0.013875123885034688,0.0,0,0.0,14,33.64230108722876,144.2987835964076,1.0,0.25
main,v040,LOLO-nes-f3,secondary,LOLO,nested,3,A,MAPPO|mappo_seed64_20260517T110908/mappo_best.pt,MAPPO,64,P,"May 2026, pre-781c90c reward",all,-21181.935109939193,5414.066221939195,15552.0,10.618887999999998,205.25,2034.2137573326,2031.5590353326002,0.05708622398414272,0.0014866204162537165,0.055599603567889,0.05708622398414272,0.027849355797819622,560,5.32804757185332,576,5.725242280947252,144.2987835964076,1.0,0.24
main,v040,LOLO-nes-f3,secondary,LOLO,nested,3,A,MAPPO|mappo_seed64_20260517T110908/mappo_best.pt,MAPPO,64,P,"May 2026, pre-781c90c reward",0,-5031.300634286575,1140.3579876865742,3834.0,2.6926466000000002,54.25,197.40349212266864,196.7303304726687,0.14073339940535184,0.0,0.14073339940535184,0.14073339940535184,0.07036669970267592,142,13.510406342913777,142,5.026314692132999,5.026314692133001,1.0,0.24
main,v040,LOLO-nes-f3,secondary,LOLO,nested,3,A,MAPPO|mappo_seed64_20260517T110908/mappo_best.pt,MAPPO,64,P,"May 2026, pre-781c90c reward",1,-2732.7032101329924,679.5499999329921,2025.0,1.4032102000000002,26.75,201.82573465268567,201.47493210268567,0.07433102081268583,0.0,0.07433102081268583,0.07433102081268583,0.03766105054509415,74,7.040634291377602,75,5.026314692132999,5.026314692133001,1.0,0.24
main,v040,LOLO-nes-f3,secondary,LOLO,nested,3,A,MAPPO|mappo_seed64_20260517T110908/mappo_best.pt,MAPPO,64,P,"May 2026, pre-781c90c reward",2,-391.5308535177726,282.45500431777253,108.0,0.0758492,1.0,206.92118991508517,206.90222761508514,0.003964321110009911,0.0,0.003964321110009911,0.003964321110009911,0.0019821605550049554,4,0.3805748265609515,4,5.026314692133001,5.026314692133001,1.0,0.24
main,v040,LOLO-nes-f3,secondary,LOLO,nested,3,A,MAPPO|mappo_seed64_20260517T110908/mappo_best.pt,MAPPO,64,P,"May 2026, pre-781c90c reward",3,-164.86014599751928,137.86014599751928,27.0,0.0,0.0,207.40031374291866,207.40031374291866,0.0009910802775024777,0.0009910802775024777,0.0,0.0009910802775024777,0.0,0,0.0,1,6.9847963178015355,6.9847963178015355,1.0,0.24
main,v040,LOLO-nes-f3,secondary,LOLO,nested,3,A,MAPPO|mappo_seed64_20260517T110908/mappo_best.pt,MAPPO,64,P,"May 2026, pre-781c90c reward",4,-3763.3452087756805,803.5472803756805,2916.0,2.0479284,41.75,199.72546379276264,199.21348169276263,0.10703666997026759,0.0,0.10703666997026759,0.10703666997026759,0.053518334985133795,108,10.27552031714569,108,5.026314692133002,5.026314692133001,1.0,0.24
main,v040,LOLO-nes-f3,secondary,LOLO,nested,3,A,MAPPO|mappo_seed64_20260517T110908/mappo_best.pt,MAPPO,64,P,"May 2026, pre-781c90c reward",5,-1398.7412019395206,413.68355913952064,972.0,0.6826428000000001,12.375,204.99330219522847,204.82264149522848,0.035678889990089196,0.0,0.035678889990089196,0.035678889990089196,0.017839444995044598,36,3.4251734390485633,36,5.026314692133003,5.026314692133001,1.0,0.24
main,v040,LOLO-nes-f3,secondary,LOLO,nested,3,A,MAPPO|mappo_seed64_20260517T110908/mappo_best.pt,MAPPO,64,P,"May 2026, pre-781c90c reward",6,-3385.1388359497205,811.3563797497201,2538.0,1.7824562,34.0,200.5941045344985,200.1484904844985,0.0931615460852329,0.0,0.0931615460852329,0.0931615460852329,0.04658077304261645,94,8.94350842418236,94,5.026314692132999,5.026314692133001,1.0,0.24
main,v040,LOLO-nes-f3,secondary,LOLO,nested,3,A,MAPPO|mappo_seed64_20260517T110908/mappo_best.pt,MAPPO,64,P,"May 2026, pre-781c90c reward",7,-2816.6583113652323,681.5542519652324,2106.0,1.4790594000000001,27.625,202.18244000232718,201.8126751523272,0.07730426164519326,0.0,0.07730426164519326,0.07730426164519326,0.03865213082259663,78,7.421209117938553,78,5.026314692132999,5.026314692133001,1.0,0.24
main,v040,LOLO-nes-f3,secondary,LOLO,nested,3,A,MAPPO|mappo_seed64_20260517T110908/mappo_best.pt,MAPPO,64,P,"May 2026, pre-781c90c reward",8,-1038.6755353841586,382.7204401841585,648.0,0.45509520000000003,7.5,205.6651055762325,205.5513317762325,0.023785926660059464,0.0,0.023785926660059464,0.023785926660059464,0.011892963330029732,24,2.2834489593657086,24,5.026314692133001,5.026314692133001,1.0,0.24
main,v040,LOLO-nes-f3,secondary,LOLO,nested,3,A,MAPPO|mappo_seed64_20260517T110908/mappo_best.pt,MAPPO,64,P,"May 2026, pre-781c90c reward",9,-458.98117259002515,80.98117259002511,378.0,0.0,0.0,207.50261079819256,207.50261079819256,0.013875123885034688,0.013875123885034688,0.0,0.013875123885034688,0.0,0,0.0,14,33.64230108722876,144.2987835964076,1.0,0.24
main,v040,LOLO-nes-f3,secondary,LOLO,nested,3,A,Centralized PPO|wcnc2027_ablation/central_seed23/ppo_multi_site.zip,Centralized PPO,23,R,wcnc2027_ablation 2026-09-14,all,-60257.94770862904,5243.911629429047,54810.0,11.0360792,193.0,2171.847872945381,2169.088853145381,0.20118929633300298,0.012289395441030724,0.19970267591674926,0.20118929633300298,0.17373637264618433,580,5.518334985133796,2030,32.77636970023188,2316.89596872039,1.0,0.64
main,v040,LOLO-nes-f3,secondary,LOLO,nested,3,A,Centralized PPO|wcnc2027_ablation/central_seed23/ppo_multi_site.zip,Centralized PPO,23,R,wcnc2027_ablation 2026-09-14,0,-25347.441875588873,921.3991055888713,24273.0,7.16777,145.875,219.27831866470788,217.48637616470788,0.8909811694747275,0.011892963330029732,0.8909811694747275,0.8909811694747275,0.7066402378592666,378,35.96432111000991,899,8.215888432783801,1438.7397111146686,1.0,0.64
main,v040,LOLO-nes-f3,secondary,LOLO,nested,3,A,Centralized PPO|wcnc2027_ablation/central_seed23/ppo_multi_site.zip,Centralized PPO,23,R,wcnc2027_ablation 2026-09-14,1,-8688.006263425352,478.10031902535087,8208.0,0.5309444000000001,1.375,209.10252650043088,208.9697904004309,0.3012884043607532,0.009910802775024777,0.3012884043607532,0.3012884043607532,0.29038652130822595,27,2.5688800792864224,304,5.026314692133,5.026314692133001,1.0,0.64
main,v040,LOLO-nes-f3,secondary,LOLO,nested,3,A,Centralized PPO|wcnc2027_ablation/central_seed23/ppo_multi_site.zip,Centralized PPO,23,R,wcnc2027_ablation 2026-09-14,2,-285.1954378476655,285.1954378476655,0.0,0.0,0.0,207.09884096626072,207.09884096626072,0.0,0.0,0.0,0.0,0.0,0,0.0,0,0.0,0.0,0.0,0.64
main,v040,LOLO-nes-f3,secondary,LOLO,nested,3,A,Centralized PPO|wcnc2027_ablation/central_seed23/ppo_multi_site.zip,Centralized PPO,23,R,wcnc2027_ablation 2026-09-14,3,-164.86014599751928,137.86014599751928,27.0,0.0,0.0,207.40031374291866,207.40031374291866,0.0009910802775024777,0.0009910802775024777,0.0,0.0009910802775024777,0.0,0,0.0,1,6.9847963178015355,6.9847963178015355,1.0,0.64
main,v040,LOLO-nes-f3,secondary,LOLO,nested,3,A,Centralized PPO|wcnc2027_ablation/central_seed23/ppo_multi_site.zip,Centralized PPO,23,R,wcnc2027_ablation 2026-09-14,4,-1010.6389685443655,956.1010439443655,54.0,0.0379246,0.5,207.45629263232348,207.44681148232348,0.0019821605550049554,0.0009910802775024777,0.0019821605550049554,0.0019821605550049554,0.0009910802775024777,2,0.19028741328047574,2,721.8830129034008,1438.7397111146686,1.0,0.64
main,v040,LOLO-nes-f3,secondary,LOLO,nested,3,A,Centralized PPO|wcnc2027_ablation/central_seed23/ppo_multi_site.zip,Centralized PPO,23,R,wcnc2027_ablation 2026-09-14,5,-579.9247875360459,444.7618629360459,135.0,0.0379246,0.125,210.00470071044958,209.99521956044958,0.004955401387512388,0.0009910802775024777,0.004955401387512388,0.004955401387512388,0.003964321110009911,2,0.19028741328047574,5,1263.8700655090847,1625.1947672462072,1.0,0.64
main,v040,LOLO-nes-f3,secondary,LOLO,nested,3,A,Centralized PPO|wcnc2027_ablation/central_seed23/ppo_multi_site.zip,Centralized PPO,23,R,wcnc2027_ablation 2026-09-14,6,-22346.631677609308,779.2830866093055,21519.0,3.2235910000000003,45.125,288.4270493938486,287.62115164384863,0.7898909811694748,0.08126858275520317,0.7898909811694748,0.7898909811694748,0.7274529236868187,169,16.079286422200198,797,60.10907132388812,2316.89596872039,1.0,0.64
main,v040,LOLO-nes-f3,secondary,LOLO,nested,3,A,Centralized PPO|wcnc2027_ablation/central_seed23/ppo_multi_site.zip,Centralized PPO,23,R,wcnc2027_ablation 2026-09-14,7,-757.4698178396243,757.4698178396243,0.0,0.0,0.0,206.7931468757224,206.7931468757224,0.0,0.0,0.0,0.0,0.0,0,0.0,0,0.0,0.0,0.0,0.64
main,v040,LOLO-nes-f3,secondary,LOLO,nested,3,A,Centralized PPO|wcnc2027_ablation/central_seed23/ppo_multi_site.zip,Centralized PPO,23,R,wcnc2027_ablation 2026-09-14,8,-618.7975616502732,402.7596370502732,216.0,0.0379246,0.0,208.78407266052594,208.77459151052594,0.007928642220019821,0.002973240832507433,0.007928642220019821,0.007928642220019821,0.007928642220019821,2,0.19028741328047574,8,184.24048924494994,1438.7397111146686,1.0,0.64
main,v040,LOLO-nes-f3,secondary,LOLO,nested,3,A,Centralized PPO|wcnc2027_ablation/central_seed23/ppo_multi_site.zip,Centralized PPO,23,R,wcnc2027_ablation 2026-09-14,9,-458.98117259002515,80.98117259002511,378.0,0.0,0.0,207.50261079819256,207.50261079819256,0.013875123885034688,0.013875123885034688,0.0,0.013875123885034688,0.0,0,0.0,14,33.64230108722876,144.2987835964076,1.0,0.64
main,v040,LOLO-nes-f3,secondary,LOLO,nested,3,A,Shared-PPO|wcnc2027_ablation/shared_ppo_seed23/mappo_best.pt,Shared-PPO,23,R,wcnc2027_ablation 2026-09-14 (supplementary ablation),all,-25501.33926522923,5430.09933382923,19791.0,13.6149314,266.625,2031.5101111764561,2028.1063783264563,0.07264618434093162,0.0014866204162537165,0.0711595639246779,0.07264618434093162,0.03557978196233895,718,6.831318136769078,733,5.575540191665072,144.2987835964076,1.0,0.24
main,v040,LOLO-nes-f3,secondary,LOLO,nested,3,A,Shared-PPO|wcnc2027_ablation/shared_ppo_seed23/mappo_best.pt,Shared-PPO,23,R,wcnc2027_ablation 2026-09-14 (supplementary ablation),0,-6156.780741903871,1115.9166787038716,4968.0,3.4890632,69.375,196.17394320966292,195.30167740966294,0.1823587710604559,0.0,0.1823587710604559,0.1823587710604559,0.09117938553022795,184,17.506442021803768,184,5.026314692133,5.026314692133001,1.0,0.24
main,v040,LOLO-nes-f3,secondary,LOLO,nested,3,A,Shared-PPO|wcnc2027_ablation/shared_ppo_seed23/mappo_best.pt,Shared-PPO,23,R,wcnc2027_ablation 2026-09-14 (supplementary ablation),1,-3486.5816585844605,691.3975039844606,2754.0,1.9341546000000003,39.25,200.91759753471234,200.43405888471236,0.10109018830525272,0.0,0.10109018830525272,0.10109018830525272,0.05054509415262636,102,9.704658077304263,102,5.026314692132999,5.026314692133001,1.0,0.24
main,v040,LOLO-nes-f3,secondary,LOLO,nested,3,A,Shared-PPO|wcnc2027_ablation/shared_ppo_seed23/mappo_best.pt,Shared-PPO,23,R,wcnc2027_ablation 2026-09-14 (supplementary ablation),2,-608.0829472174057,280.8553996174057,324.0,0.22754760000000002,3.0,206.7390970397629,206.6822101397629,0.011892963330029732,0.0,0.011892963330029732,0.011892963330029732,0.005946481665014866,12,1.1417244796828543,12,5.026314692133,5.026314692133001,1.0,0.24
main,v040,LOLO-nes-f3,secondary,LOLO,nested,3,A,Shared-PPO|wcnc2027_ablation/shared_ppo_seed23/mappo_best.pt,Shared-PPO,23,R,wcnc2027_ablation 2026-09-14 (supplementary ablation),3,-164.86014599751928,137.86014599751928,27.0,0.0,0.0,207.40031374291866,207.40031374291866,0.0009910802775024777,0.0009910802775024777,0.0,0.0009910802775024777,0.0,0,0.0,1,6.9847963178015355,6.9847963178015355,1.0,0.24
main,v040,LOLO-nes-f3,secondary,LOLO,nested,3,A,Shared-PPO|wcnc2027_ablation/shared_ppo_seed23/mappo_best.pt,Shared-PPO,23,R,wcnc2027_ablation 2026-09-14 (supplementary ablation),4,-3875.454565353204,805.7057877532038,3024.0,2.1237776000000004,43.625,199.75298673241056,199.22204233241058,0.1110009910802775,0.0,0.1110009910802775,0.1110009910802775,0.05550049554013875,112,10.65609514370664,112,5.026314692133,5.026314692133001,1.0,0.24
main,v040,LOLO-nes-f3,secondary,LOLO,nested,3,A,Shared-PPO|wcnc2027_ablation/shared_ppo_seed23/mappo_best.pt,Shared-PPO,23,R,wcnc2027_ablation 2026-09-14 (supplementary ablation),5,-1889.4261302398033,410.9021660398033,1458.0,1.0239642,19.5,204.58572945142396,204.32973840142398,0.053518334985133795,0.0,0.053518334985133795,0.053518334985133795,0.026759167492566897,54,5.137760158572845,54,5.026314692133,5.026314692133001,1.0,0.24
main,v040,LOLO-nes-f3,secondary,LOLO,nested,3,A,Shared-PPO|wcnc2027_ablation/shared_ppo_seed23/mappo_best.pt,Shared-PPO,23,R,wcnc2027_ablation 2026-09-14 (supplementary ablation),6,-4114.697832355023,829.0473563550227,3240.0,2.2754760000000003,43.375,200.44212380261172,199.8732548026117,0.11892963330029732,0.0,0.11892963330029732,0.11892963330029732,0.05946481665014866,120,11.417244796828543,120,5.026314692133,5.026314692133001,1.0,0.24
main,v040,LOLO-nes-f3,secondary,LOLO,nested,3,A,Shared-PPO|wcnc2027_ablation/shared_ppo_seed23/mappo_best.pt,Shared-PPO,23,R,wcnc2027_ablation 2026-09-14 (supplementary ablation),7,-3383.6824449483097,699.0741395483101,2646.0,1.8583053999999999,36.75,202.67408373069065,202.20950738069067,0.09712586719524281,0.0,0.09712586719524281,0.09712586719524281,0.048562933597621406,98,9.32408325074331,98,5.026314692132999,5.026314692133001,1.0,0.24
main,v040,LOLO-nes-f3,secondary,LOLO,nested,3,A,Shared-PPO|wcnc2027_ablation/shared_ppo_seed23/mappo_best.pt,Shared-PPO,23,R,wcnc2027_ablation 2026-09-14 (supplementary ablation),8,-1362.7916260396073,378.35898323960737,972.0,0.6826428,11.75,205.32162513406985,205.15096443406983,0.035678889990089196,0.0,0.035678889990089196,0.035678889990089196,0.017839444995044598,36,3.4251734390485633,36,5.026314692133003,5.026314692133001,1.0,0.24
main,v040,LOLO-nes-f3,secondary,LOLO,nested,3,A,Shared-PPO|wcnc2027_ablation/shared_ppo_seed23/mappo_best.pt,Shared-PPO,23,R,wcnc2027_ablation 2026-09-14 (supplementary ablation),9,-458.98117259002515,80.98117259002511,378.0,0.0,0.0,207.50261079819256,207.50261079819256,0.013875123885034688,0.013875123885034688,0.0,0.013875123885034688,0.0,0,0.0,14,33.64230108722876,144.2987835964076,1.0,0.24
main,v040,LOLO-nes-f3,secondary,LOLO,nested,3,A,MAPPO|wcnc2027_ablation/mappo_seed42/mappo_best.pt,MAPPO,42,R,wcnc2027_ablation 2026-09-14,all,-21548.75042403193,5062.18219863193,16308.0,9.4432254,169.125,2025.4641423665541,2023.1033360165543,0.059861248761149656,0.0015857284440039642,0.058374628344895936,0.059861248761149656,0.03369672943508424,498,4.738156590683845,604,212.8826242617182,62576.34065912835,1.0,0.24
main,v040,LOLO-nes-f3,secondary,LOLO,nested,3,A,MAPPO|wcnc2027_ablation/mappo_seed42/mappo_best.pt,MAPPO,42,R,wcnc2027_ablation 2026-09-14,0,-4928.331219717631,1074.1048945176315,3807.0,2.3513252000000002,44.875,195.810385896302,195.22255459630202,0.13974231912784935,0.0,0.13974231912784935,0.13974231912784935,0.07829534192269574,124,11.797819623389495,141,5.026314692132999,5.026314692133001,1.0,0.24
main,v040,LOLO-nes-f3,secondary,LOLO,nested,3,A,MAPPO|wcnc2027_ablation/mappo_seed42/mappo_best.pt,MAPPO,42,R,wcnc2027_ablation 2026-09-14,1,-2891.6030127570984,575.2644255570983,2295.0,1.2135872,20.125,199.37383353944765,199.07043673944767,0.08424182358771061,0.0,0.08424182358771061,0.08424182358771061,0.05252725470763132,64,6.089197224975224,85,5.026314692132999,5.026314692133001,1.0,0.24
main,v040,LOLO-nes-f3,secondary,LOLO,nested,3,A,MAPPO|wcnc2027_ablation/mappo_seed42/mappo_best.pt,MAPPO,42,R,wcnc2027_ablation 2026-09-14,2,-445.72401275550277,282.1102389555027,162.0,0.11377380000000001,1.5,206.8926673281382,206.8642238781382,0.005946481665014866,0.0,0.005946481665014866,0.005946481665014866,0.002973240832507433,6,0.5708622398414271,6,5.026314692133,5.026314692133001,1.0,0.24
main,v040,LOLO-nes-f3,secondary,LOLO,nested,3,A,MAPPO|wcnc2027_ablation/mappo_seed42/mappo_best.pt,MAPPO,42,R,wcnc2027_ablation 2026-09-14,3,-164.86014599751928,137.86014599751928,27.0,0.0,0.0,207.40031374291866,207.40031374291866,0.0009910802775024777,0.0009910802775024777,0.0,0.0009910802775024777,0.0,0,0.0,1,6.9847963178015355,6.9847963178015355,1.0,0.24
main,v040,LOLO-nes-f3,secondary,LOLO,nested,3,A,MAPPO|wcnc2027_ablation/mappo_seed42/mappo_best.pt,MAPPO,42,R,wcnc2027_ablation 2026-09-14,4,-3774.2803371601867,717.073730160187,3024.0,1.706607,31.5,197.4601925730775,197.0335408230775,0.1110009910802775,0.0,0.1110009910802775,0.1110009910802775,0.06640237859266601,90,8.562933597621408,112,5.026314692133,5.026314692133001,1.0,0.24
main,v040,LOLO-nes-f3,secondary,LOLO,nested,3,A,MAPPO|wcnc2027_ablation/mappo_seed42/mappo_best.pt,MAPPO,42,R,wcnc2027_ablation 2026-09-14,5,-1444.191838803173,406.04712060317297,1026.0,0.6447182000000001,11.5,204.63556037983676,204.47438082983678,0.03766105054509415,0.0,0.03766105054509415,0.03766105054509415,0.02081268582755203,34,3.2348860257680876,38,5.026314692133003,5.026314692133001,1.0,0.24
main,v040,LOLO-nes-f3,secondary,LOLO,nested,3,A,MAPPO|wcnc2027_ablation/mappo_seed42/mappo_best.pt,MAPPO,42,R,wcnc2027_ablation 2026-09-14,6,-3546.1661208493624,736.8612122493626,2781.0,1.5549086,26.75,198.15269561976322,197.76396846976323,0.10208126858275521,0.0,0.10208126858275521,0.10208126858275521,0.061446977205153616,82,7.801783944499505,103,5.026314692133,5.026314692133001,1.0,0.24
main,v040,LOLO-nes-f3,secondary,LOLO,nested,3,A,MAPPO|wcnc2027_ablation/mappo_seed42/mappo_best.pt,MAPPO,42,R,wcnc2027_ablation 2026-09-14,7,-2801.8394551559354,669.7241695559353,2106.0,1.3652856,24.75,201.8654617581841,201.5241403581841,0.07730426164519326,0.0,0.07730426164519326,0.07730426164519326,0.04162537165510406,72,6.850346878097127,78,5.026314692132999,5.026314692133001,1.0,0.24
main,v040,LOLO-nes-f3,secondary,LOLO,nested,3,A,MAPPO|wcnc2027_ablation/mappo_seed42/mappo_best.pt,MAPPO,42,R,wcnc2027_ablation 2026-09-14,8,-1038.1456007408026,382.06550554080246,648.0,0.45509520000000003,7.625,205.6586090622225,205.5448352622225,0.023785926660059464,0.0,0.023785926660059464,0.023785926660059464,0.011892963330029732,24,2.2834489593657086,24,5.026314692133001,5.026314692133001,1.0,0.24
main,v040,LOLO-nes-f3,secondary,LOLO,nested,3,A,MAPPO|wcnc2027_ablation/mappo_seed42/mappo_best.pt,MAPPO,42,R,wcnc2027_ablation 2026-09-14,9,-513.6086800947185,81.07075549471848,432.0,0.0379246,0.5,208.21442246666354,208.20494131666354,0.015857284440039643,0.014866204162537165,0.0019821605550049554,0.015857284440039643,0.0009910802775024777,2,0.19028741328047574,16,7851.479595842369,62576.34065912835,1.0,0.24
main,v040,LOLO-nes-f3,secondary,LOLO,nested,3,A,Centralized PPO|wcnc2027_ablation/central_seed42/ppo_multi_site.zip,Centralized PPO,42,R,wcnc2027_ablation 2026-09-14,all,-10567.823964221048,5941.239623021049,4617.0,0.8343412000000001,8.75,2063.3717336284017,2063.163148328402,0.016947472745292368,0.00178394449950446,0.015460852329038653,0.016947472745292368,0.013280475718533202,43,0.4091179385530228,171,7.380597096559955,144.2987835964076,1.0,0.65
main,v040,LOLO-nes-f3,secondary,LOLO,nested,3,A,Centralized PPO|wcnc2027_ablation/central_seed42/ppo_multi_site.zip,Centralized PPO,42,R,wcnc2027_ablation 2026-09-14,0,-1321.0761379987202,1321.0761379987202,0.0,0.0,0.0,206.73522957948546,206.73522957948546,0.0,0.0,0.0,0.0,0.0,0,0.0,0,0.0,0.0,0.0,0.65
main,v040,LOLO-nes-f3,secondary,LOLO,nested,3,A,Centralized PPO|wcnc2027_ablation/central_seed42/ppo_multi_site.zip,Centralized PPO,42,R,wcnc2027_ablation 2026-09-14,1,-868.3910531176041,868.3910531176041,0.0,0.0,0.0,206.89220781057955,206.89220781057955,0.0,0.0,0.0,0.0,0.0,0,0.0,0,0.0,0.0,0.0,0.65
main,v040,LOLO-nes-f3,secondary,LOLO,nested,3,A,Centralized PPO|wcnc2027_ablation/central_seed42/ppo_multi_site.zip,Centralized PPO,42,R,wcnc2027_ablation 2026-09-14,2,-285.1954378476655,285.1954378476655,0.0,0.0,0.0,207.09884096626072,207.09884096626072,0.0,0.0,0.0,0.0,0.0,0,0.0,0,0.0,0.0,0.0,0.65
main,v040,LOLO-nes-f3,secondary,LOLO,nested,3,A,Centralized PPO|wcnc2027_ablation/central_seed42/ppo_multi_site.zip,Centralized PPO,42,R,wcnc2027_ablation 2026-09-14,3,-164.86014599751928,137.86014599751928,27.0,0.0,0.0,207.40031374291866,207.40031374291866,0.0009910802775024777,0.0009910802775024777,0.0,0.0009910802775024777,0.0,0,0.0,1,6.9847963178015355,6.9847963178015355,1.0,0.65
main,v040,LOLO-nes-f3,secondary,LOLO,nested,3,A,Centralized PPO|wcnc2027_ablation/central_seed42/ppo_multi_site.zip,Centralized PPO,42,R,wcnc2027_ablation 2026-09-14,4,-4911.183731795576,689.5993905955761,4212.0,0.8343411999999999,8.75,200.17750083413483,199.96891553413485,0.15460852329038652,0.002973240832507433,0.15460852329038652,0.15460852329038652,0.13280475718533202,43,4.0911793855302285,156,5.026314692132999,5.026314692133001,1.0,0.65
main,v040,LOLO-nes-f3,secondary,LOLO,nested,3,A,Centralized PPO|wcnc2027_ablation/central_seed42/ppo_multi_site.zip,Centralized PPO,42,R,wcnc2027_ablation 2026-09-14,5,-443.0774283086022,443.0774283086022,0.0,0.0,0.0,206.98878670227145,206.98878670227145,0.0,0.0,0.0,0.0,0.0,0,0.0,0,0.0,0.0,0.0,0.65
main,v040,LOLO-nes-f3,secondary,LOLO,nested,3,A,Centralized PPO|wcnc2027_ablation/central_seed42/ppo_multi_site.zip,Centralized PPO,42,R,wcnc2027_ablation 2026-09-14,6,-955.8237164987011,955.8237164987011,0.0,0.0,0.0,206.79941960083954,206.79941960083954,0.0,0.0,0.0,0.0,0.0,0,0.0,0,0.0,0.0,0.0,0.65
main,v040,LOLO-nes-f3,secondary,LOLO,nested,3,A,Centralized PPO|wcnc2027_ablation/central_seed42/ppo_multi_site.zip,Centralized PPO,42,R,wcnc2027_ablation 2026-09-14,7,-757.4698178396243,757.4698178396243,0.0,0.0,0.0,206.7931468757224,206.7931468757224,0.0,0.0,0.0,0.0,0.0,0,0.0,0,0.0,0.0,0.0,0.65
main,v040,LOLO-nes-f3,secondary,LOLO,nested,3,A,Centralized PPO|wcnc2027_ablation/central_seed42/ppo_multi_site.zip,Centralized PPO,42,R,wcnc2027_ablation 2026-09-14,8,-401.76532222701053,401.76532222701053,0.0,0.0,0.0,206.9836767179966,206.9836767179966,0.0,0.0,0.0,0.0,0.0,0,0.0,0,0.0,0.0,0.0,0.65
main,v040,LOLO-nes-f3,secondary,LOLO,nested,3,A,Centralized PPO|wcnc2027_ablation/central_seed42/ppo_multi_site.zip,Centralized PPO,42,R,wcnc2027_ablation 2026-09-14,9,-458.98117259002515,80.98117259002511,378.0,0.0,0.0,207.50261079819256,207.50261079819256,0.013875123885034688,0.013875123885034688,0.0,0.013875123885034688,0.0,0,0.0,14,33.64230108722876,144.2987835964076,1.0,0.65
main,v040,LOLO-nes-f3,secondary,LOLO,nested,3,A,Shared-PPO|wcnc2027_ablation/shared_ppo_seed42/mappo_best.pt,Shared-PPO,42,R,wcnc2027_ablation 2026-09-14 (supplementary ablation),all,-26091.14484339248,5018.866987392477,20790.0,13.652856,268.625,2022.9622616490715,2019.5490476490713,0.07631318136769079,0.0014866204162537165,0.07482656095143707,0.07631318136769079,0.03914767096134787,720,6.850346878097127,770,5.549148836492751,144.2987835964076,1.0,0.24
main,v040,LOLO-nes-f3,secondary,LOLO,nested,3,A,Shared-PPO|wcnc2027_ablation/shared_ppo_seed42/mappo_best.pt,Shared-PPO,42,R,wcnc2027_ablation 2026-09-14 (supplementary ablation),0,-6555.766595811492,1021.8870604114916,5454.0,3.7545354,76.125,194.33614634521882,193.39751249521885,0.2001982160555005,0.0,0.2001982160555005,0.2001982160555005,0.10208126858275521,198,18.838453914767097,202,5.026314692133,5.026314692133001,1.0,0.24
main,v040,LOLO-nes-f3,secondary,LOLO,nested,3,A,Shared-PPO|wcnc2027_ablation/shared_ppo_seed42/mappo_best.pt,Shared-PPO,42,R,wcnc2027_ablation 2026-09-14 (supplementary ablation),1,-3442.5360705246735,568.8406897246734,2835.0,1.8203808000000001,36.875,199.3872446352849,198.93214943528488,0.10406342913776016,0.0,0.10406342913776016,0.10406342913776016,0.05649157581764123,96,9.133795837462834,105,5.026314692133001,5.026314692133001,1.0,0.24
main,v040,LOLO-nes-f3,secondary,LOLO,nested,3,A,Shared-PPO|wcnc2027_ablation/shared_ppo_seed42/mappo_best.pt,Shared-PPO,42,R,wcnc2027_ablation 2026-09-14 (supplementary ablation),2,-553.4875133393125,280.7978903393125,270.0,0.189623,2.5,206.7757331286359,206.7283273786359,0.009910802775024777,0.0,0.009910802775024777,0.009910802775024777,0.004955401387512388,10,0.9514370664023787,10,5.026314692133001,5.026314692133001,1.0,0.24
main,v040,LOLO-nes-f3,secondary,LOLO,nested,3,A,Shared-PPO|wcnc2027_ablation/shared_ppo_seed42/mappo_best.pt,Shared-PPO,42,R,wcnc2027_ablation 2026-09-14 (supplementary ablation),3,-164.86014599751928,137.86014599751928,27.0,0.0,0.0,207.40031374291866,207.40031374291866,0.0009910802775024777,0.0009910802775024777,0.0,0.0009910802775024777,0.0,0,0.0,1,6.9847963178015355,6.9847963178015355,1.0,0.24
main,v040,LOLO-nes-f3,secondary,LOLO,nested,3,A,Shared-PPO|wcnc2027_ablation/shared_ppo_seed42/mappo_best.pt,Shared-PPO,42,R,wcnc2027_ablation 2026-09-14 (supplementary ablation),4,-4266.056235057763,705.9057590577628,3510.0,2.2754760000000003,47.875,197.2314805434698,196.66261154346978,0.1288404360753221,0.0,0.1288404360753221,0.1288404360753221,0.06937561942517344,120,11.417244796828543,130,5.026314692133,5.026314692133001,1.0,0.24
main,v040,LOLO-nes-f3,secondary,LOLO,nested,3,A,Shared-PPO|wcnc2027_ablation/shared_ppo_seed42/mappo_best.pt,Shared-PPO,42,R,wcnc2027_ablation 2026-09-14 (supplementary ablation),5,-1770.3112155910958,403.93894979109587,1350.0,0.8722658000000001,15.5,204.35954626068255,204.14147981068257,0.049554013875123884,0.0,0.049554013875123884,0.049554013875123884,0.026759167492566897,46,4.376610505450942,50,5.026314692133001,5.026314692133001,1.0,0.24
main,v040,LOLO-nes-f3,secondary,LOLO,nested,3,A,Shared-PPO|wcnc2027_ablation/shared_ppo_seed42/mappo_best.pt,Shared-PPO,42,R,wcnc2027_ablation 2026-09-14 (supplementary ablation),6,-4221.180488752358,746.4050127523583,3429.0,2.2754760000000003,43.5,198.32912884608507,197.76025984608506,0.12586719524281467,0.0,0.12586719524281467,0.12586719524281467,0.06640237859266601,120,11.417244796828543,127,5.026314692133003,5.026314692133001,1.0,0.24
main,v040,LOLO-nes-f3,secondary,LOLO,nested,3,A,Shared-PPO|wcnc2027_ablation/shared_ppo_seed42/mappo_best.pt,Shared-PPO,42,R,wcnc2027_ablation 2026-09-14 (supplementary ablation),7,-3294.935060566212,693.5276043662122,2565.0,1.7824562,34.625,202.3145862851464,201.8689722351464,0.09415262636273539,0.0,0.09415262636273539,0.09415262636273539,0.04757185332011893,94,8.94350842418236,95,5.026314692132998,5.026314692133001,1.0,0.24
main,v040,LOLO-nes-f3,secondary,LOLO,nested,3,A,Shared-PPO|wcnc2027_ablation/shared_ppo_seed42/mappo_best.pt,Shared-PPO,42,R,wcnc2027_ablation 2026-09-14 (supplementary ablation),8,-1363.0303451620262,378.722702362026,972.0,0.6826428,11.625,205.3254710634368,205.1548103634368,0.035678889990089196,0.0,0.035678889990089196,0.035678889990089196,0.017839444995044598,36,3.4251734390485633,36,5.026314692133003,5.026314692133001,1.0,0.24
main,v040,LOLO-nes-f3,secondary,LOLO,nested,3,A,Shared-PPO|wcnc2027_ablation/shared_ppo_seed42/mappo_best.pt,Shared-PPO,42,R,wcnc2027_ablation 2026-09-14 (supplementary ablation),9,-458.98117259002515,80.98117259002511,378.0,0.0,0.0,207.50261079819256,207.50261079819256,0.013875123885034688,0.013875123885034688,0.0,0.013875123885034688,0.0,0,0.0,14,33.64230108722876,144.2987835964076,1.0,0.24
main,v040,LOLO-nes-f3,secondary,LOLO,nested,3,A,MAPPO|wcnc2027_ablation/mappo_seed64/mappo_best.pt,MAPPO,64,R,wcnc2027_ablation 2026-09-14,all,-25295.543235886646,5336.807550486645,19683.0,13.235685400000001,262.5,2028.8615770285192,2025.5526556785194,0.07224975222993063,0.0014866204162537165,0.07076313181367691,0.07224975222993063,0.03617443012884044,698,6.641030723488603,729,5.578553774652903,144.2987835964076,1.0,0.24
main,v040,LOLO-nes-f3,secondary,LOLO,nested,3,A,MAPPO|wcnc2027_ablation/mappo_seed64/mappo_best.pt,MAPPO,64,R,wcnc2027_ablation 2026-09-14,0,-5924.794747082054,1101.207382282054,4752.0,3.3373647999999996,68.25,196.0503018115283,195.21596061152832,0.17443012884043607,0.0,0.17443012884043607,0.17443012884043607,0.08721506442021804,176,16.745292368681863,176,5.026314692133,5.026314692133001,1.0,0.24
main,v040,LOLO-nes-f3,secondary,LOLO,nested,3,A,MAPPO|wcnc2027_ablation/mappo_seed64/mappo_best.pt,MAPPO,64,R,wcnc2027_ablation 2026-09-14,1,-3438.170043386479,670.3988133864792,2727.0,1.89623,38.875,200.91367332520764,200.43961582520762,0.10009910802775025,0.0,0.10009910802775025,0.10009910802775025,0.05054509415262636,100,9.514370664023787,101,5.026314692132999,5.026314692133001,1.0,0.24
main,v040,LOLO-nes-f3,secondary,LOLO,nested,3,A,MAPPO|wcnc2027_ablation/mappo_seed64/mappo_best.pt,MAPPO,64,R,wcnc2027_ablation 2026-09-14,2,-499.3802622002722,281.22856380027224,216.0,0.1516984,2.0,206.7838607599364,206.74593615993638,0.007928642220019821,0.0,0.007928642220019821,0.007928642220019821,0.003964321110009911,8,0.761149653121903,8,5.026314692133001,5.026314692133001,1.0,0.24
main,v040,LOLO-nes-f3,secondary,LOLO,nested,3,A,MAPPO|wcnc2027_ablation/mappo_seed64/mappo_best.pt,MAPPO,64,R,wcnc2027_ablation 2026-09-14,3,-164.86014599751928,137.86014599751928,27.0,0.0,0.0,207.40031374291866,207.40031374291866,0.0009910802775024777,0.0009910802775024777,0.0,0.0009910802775024777,0.0,0,0.0,1,6.9847963178015355,6.9847963178015355,1.0,0.24
main,v040,LOLO-nes-f3,secondary,LOLO,nested,3,A,MAPPO|wcnc2027_ablation/mappo_seed64/mappo_best.pt,MAPPO,64,R,wcnc2027_ablation 2026-09-14,4,-4068.258414760073,806.7708633600728,3213.0,2.2375514,46.25,199.5536530387533,198.9942651887533,0.11793855302279485,0.0,0.11793855302279485,0.11793855302279485,0.05946481665014866,118,11.226957383548068,119,5.026314692133003,5.026314692133001,1.0,0.24
main,v040,LOLO-nes-f3,secondary,LOLO,nested,3,A,MAPPO|wcnc2027_ablation/mappo_seed64/mappo_best.pt,MAPPO,64,R,wcnc2027_ablation 2026-09-14,5,-1740.7614459067286,402.8400293067284,1323.0,0.7964166,14.125,204.19218644500802,203.993082295008,0.048562933597621406,0.0,0.048562933597621406,0.048562933597621406,0.027750247770069375,42,3.9960356788899905,49,5.026314692133001,5.026314692133001,1.0,0.24
main,v040,LOLO-nes-f3,secondary,LOLO,nested,3,A,MAPPO|wcnc2027_ablation/mappo_seed64/mappo_best.pt,MAPPO,64,R,wcnc2027_ablation 2026-09-14,6,-4366.074612120216,781.7232869202168,3537.0,2.3513252000000002,45.0,198.88596048036374,198.29812918036373,0.12983151635282458,0.0,0.12983151635282458,0.12983151635282458,0.06838453914767097,124,11.797819623389495,131,5.026314692132999,5.026314692133001,1.0,0.24
main,v040,LOLO-nes-f3,secondary,LOLO,nested,3,A,MAPPO|wcnc2027_ablation/mappo_seed64/mappo_best.pt,MAPPO,64,R,wcnc2027_ablation 2026-09-14,7,-3377.887962218952,692.5296568189519,2646.0,1.8583054,37.5,202.09313879040405,201.6285624404041,0.09712586719524281,0.0,0.09712586719524281,0.09712586719524281,0.048562933597621406,98,9.32408325074331,98,5.026314692132999,5.026314692133001,1.0,0.24
main,v040,LOLO-nes-f3,secondary,LOLO,nested,3,A,MAPPO|wcnc2027_ablation/mappo_seed64/mappo_best.pt,MAPPO,64,R,wcnc2027_ablation 2026-09-14,8,-1256.374429624325,381.26763602432516,864.0,0.6067936,10.5,205.48587783620673,205.33417943620668,0.031714568880079286,0.0,0.031714568880079286,0.031714568880079286,0.015857284440039643,32,3.044598612487612,32,5.026314692133001,5.026314692133001,1.0,0.24
main,v040,LOLO-nes-f3,secondary,LOLO,nested,3,A,MAPPO|wcnc2027_ablation/mappo_seed64/mappo_best.pt,MAPPO,64,R,wcnc2027_ablation 2026-09-14,9,-458.98117259002515,80.98117259002511,378.0,0.0,0.0,207.50261079819256,207.50261079819256,0.013875123885034688,0.013875123885034688,0.0,0.013875123885034688,0.0,0,0.0,14,33.64230108722876,144.2987835964076,1.0,0.24
main,v040,LOLO-nes-f3,secondary,LOLO,nested,3,A,Centralized PPO|wcnc2027_ablation/central_seed64/ppo_multi_site.zip,Centralized PPO,64,R,wcnc2027_ablation 2026-09-14,all,-20462.873857957806,5541.629326357806,14904.0,1.7445316,15.5,2057.1655935487775,2056.729460648777,0.05470763131813677,0.0031714568880079285,0.053221010901883054,0.05470763131813677,0.0487611496531219,89,0.846778989098117,552,5.7556304369826545,144.2987835964076,1.0,0.66
main,v040,LOLO-nes-f3,secondary,LOLO,nested,3,A,Centralized PPO|wcnc2027_ablation/central_seed64/ppo_multi_site.zip,Centralized PPO,64,R,wcnc2027_ablation 2026-09-14,0,-6194.996081425727,1091.5789108257277,5103.0,0.41717060000000006,0.0,198.21959553552816,198.11530288552814,0.18731417244796827,0.0019821605550049554,0.18731417244796827,0.18731417244796827,0.1774033696729435,21,1.9980178394449952,189,5.026314692132999,5.026314692133001,1.0,0.66
main,v040,LOLO-nes-f3,secondary,LOLO,nested,3,A,Centralized PPO|wcnc2027_ablation/central_seed64/ppo_multi_site.zip,Centralized PPO,64,R,wcnc2027_ablation 2026-09-14,1,-868.3910531176041,868.3910531176041,0.0,0.0,0.0,206.89220781057955,206.89220781057955,0.0,0.0,0.0,0.0,0.0,0,0.0,0,0.0,0.0,0.0,0.66
main,v040,LOLO-nes-f3,secondary,LOLO,nested,3,A,Centralized PPO|wcnc2027_ablation/central_seed64/ppo_multi_site.zip,Centralized PPO,64,R,wcnc2027_ablation 2026-09-14,2,-285.1954378476655,285.1954378476655,0.0,0.0,0.0,207.09884096626072,207.09884096626072,0.0,0.0,0.0,0.0,0.0,0,0.0,0,0.0,0.0,0.0,0.66
main,v040,LOLO-nes-f3,secondary,LOLO,nested,3,A,Centralized PPO|wcnc2027_ablation/central_seed64/ppo_multi_site.zip,Centralized PPO,64,R,wcnc2027_ablation 2026-09-14,3,-164.86014599751928,137.86014599751928,27.0,0.0,0.0,207.40031374291866,207.40031374291866,0.0009910802775024777,0.0009910802775024777,0.0,0.0009910802775024777,0.0,0,0.0,1,6.9847963178015355,6.9847963178015355,1.0,0.66
main,v040,LOLO-nes-f3,secondary,LOLO,nested,3,A,Centralized PPO|wcnc2027_ablation/central_seed64/ppo_multi_site.zip,Centralized PPO,64,R,wcnc2027_ablation 2026-09-14,4,-9316.77175477666,582.497790576661,8721.0,1.0239642,12.25,204.32719478984467,204.0712037398447,0.3201189296333003,0.014866204162537165,0.3201189296333003,0.3201189296333003,0.2933597621407334,53,5.042616451932607,323,5.026314692133,5.026314692133001,1.0,0.66
main,v040,LOLO-nes-f3,secondary,LOLO,nested,3,A,Centralized PPO|wcnc2027_ablation/central_seed64/ppo_multi_site.zip,Centralized PPO,64,R,wcnc2027_ablation 2026-09-14,5,-443.0774283086022,443.0774283086022,0.0,0.0,0.0,206.98878670227145,206.98878670227145,0.0,0.0,0.0,0.0,0.0,0,0.0,0,0.0,0.0,0.0,0.66
main,v040,LOLO-nes-f3,secondary,LOLO,nested,3,A,Centralized PPO|wcnc2027_ablation/central_seed64/ppo_multi_site.zip,Centralized PPO,64,R,wcnc2027_ablation 2026-09-14,6,-1571.3656438273665,892.8122470273667,675.0,0.3033968,3.25,204.95921960946254,204.88337040946251,0.024777006937561942,0.0,0.024777006937561942,0.024777006937561942,0.01684836471754212,15,1.4271555996035679,25,5.026314692133001,5.026314692133001,1.0,0.66
main,v040,LOLO-nes-f3,secondary,LOLO,nested,3,A,Centralized PPO|wcnc2027_ablation/central_seed64/ppo_multi_site.zip,Centralized PPO,64,R,wcnc2027_ablation 2026-09-14,7,-757.4698178396243,757.4698178396243,0.0,0.0,0.0,206.7931468757224,206.7931468757224,0.0,0.0,0.0,0.0,0.0,0,0.0,0,0.0,0.0,0.0,0.66
main,v040,LOLO-nes-f3,secondary,LOLO,nested,3,A,Centralized PPO|wcnc2027_ablation/central_seed64/ppo_multi_site.zip,Centralized PPO,64,R,wcnc2027_ablation 2026-09-14,8,-401.76532222701053,401.76532222701053,0.0,0.0,0.0,206.9836767179966,206.9836767179966,0.0,0.0,0.0,0.0,0.0,0,0.0,0,0.0,0.0,0.0,0.66
main,v040,LOLO-nes-f3,secondary,LOLO,nested,3,A,Centralized PPO|wcnc2027_ablation/central_seed64/ppo_multi_site.zip,Centralized PPO,64,R,wcnc2027_ablation 2026-09-14,9,-458.98117259002515,80.98117259002511,378.0,0.0,0.0,207.50261079819256,207.50261079819256,0.013875123885034688,0.013875123885034688,0.0,0.013875123885034688,0.0,0,0.0,14,33.64230108722876,144.2987835964076,1.0,0.66
main,v040,LOLO-nes-f3,secondary,LOLO,nested,3,A,Shared-PPO|wcnc2027_ablation/shared_ppo_seed64/mappo_best.pt,Shared-PPO,64,R,wcnc2027_ablation 2026-09-14 (supplementary ablation),all,-26659.347675175784,5096.179346975785,21276.0,13.9183282,273.25,2024.2209610602704,2020.7413790102705,0.07809712586719525,0.0014866204162537165,0.07661050545094153,0.07809712586719525,0.0402378592666006,734,6.98354806739346,788,5.537205924565753,144.2987835964076,1.0,0.24
main,v040,LOLO-nes-f3,secondary,LOLO,nested,3,A,Shared-PPO|wcnc2027_ablation/shared_ppo_seed64/mappo_best.pt,Shared-PPO,64,R,wcnc2027_ablation 2026-09-14 (supplementary ablation),0,-6556.073962444318,1052.5202762443173,5427.0,3.6786862,72.875,194.48418567959396,193.564514129594,0.199207135777998,0.0,0.199207135777998,0.199207135777998,0.10307234886025768,194,18.457879088206145,201,5.026314692133001,5.026314692133001,1.0,0.24
main,v040,LOLO-nes-f3,secondary,LOLO,nested,3,A,Shared-PPO|wcnc2027_ablation/shared_ppo_seed64/mappo_best.pt,Shared-PPO,64,R,wcnc2027_ablation 2026-09-14 (supplementary ablation),1,-3502.519150536901,574.035845136901,2889.0,1.8583054000000003,37.625,199.5753755136291,199.11079916362908,0.10604558969276512,0.0,0.10604558969276512,0.10604558969276512,0.057482656095143705,98,9.32408325074331,107,5.026314692133002,5.026314692133001,1.0,0.24
main,v040,LOLO-nes-f3,secondary,LOLO,nested,3,A,Shared-PPO|wcnc2027_ablation/shared_ppo_seed64/mappo_best.pt,Shared-PPO,64,R,wcnc2027_ablation 2026-09-14 (supplementary ablation),2,-553.6450235483555,280.95540054835556,270.0,0.189623,2.5,206.74724869000403,206.69984294000403,0.009910802775024777,0.0,0.009910802775024777,0.009910802775024777,0.004955401387512388,10,0.9514370664023787,10,5.026314692133001,5.026314692133001,1.0,0.24
main,v040,LOLO-nes-f3,secondary,LOLO,nested,3,A,Shared-PPO|wcnc2027_ablation/shared_ppo_seed64/mappo_best.pt,Shared-PPO,64,R,wcnc2027_ablation 2026-09-14 (supplementary ablation),3,-164.86014599751928,137.86014599751928,27.0,0.0,0.0,207.40031374291866,207.40031374291866,0.0009910802775024777,0.0009910802775024777,0.0,0.0009910802775024777,0.0,0,0.0,1,6.9847963178015355,6.9847963178015355,1.0,0.24
main,v040,LOLO-nes-f3,secondary,LOLO,nested,3,A,Shared-PPO|wcnc2027_ablation/shared_ppo_seed64/mappo_best.pt,Shared-PPO,64,R,wcnc2027_ablation 2026-09-14 (supplementary ablation),4,-4041.598411249353,730.262558249353,3267.0,2.085853,42.25,198.2675221070122,197.7460588570122,0.1199207135777998,0.0,0.1199207135777998,0.1199207135777998,0.06541129831516353,110,10.465807730426166,121,5.026314692133,5.026314692133001,1.0,0.24
main,v040,LOLO-nes-f3,secondary,LOLO,nested,3,A,Shared-PPO|wcnc2027_ablation/shared_ppo_seed64/mappo_best.pt,Shared-PPO,64,R,wcnc2027_ablation 2026-09-14 (supplementary ablation),5,-1990.6816164635463,403.1197276635464,1566.0,1.0618888000000002,20.5,204.203575802083,203.938103602083,0.057482656095143705,0.0,0.057482656095143705,0.057482656095143705,0.02973240832507433,56,5.32804757185332,58,5.026314692133,5.026314692133001,1.0,0.24
main,v040,LOLO-nes-f3,secondary,LOLO,nested,3,A,Shared-PPO|wcnc2027_ablation/shared_ppo_seed64/mappo_best.pt,Shared-PPO,64,R,wcnc2027_ablation 2026-09-14 (supplementary ablation),6,-4351.549345103916,768.7359445039158,3537.0,2.3134006000000005,43.5,198.67664957745563,198.09829942745563,0.12983151635282458,0.0,0.12983151635282458,0.12983151635282458,0.06937561942517344,122,11.607532210109019,131,5.026314692132999,5.026314692133001,1.0,0.24
main,v040,LOLO-nes-f3,secondary,LOLO,nested,3,A,Shared-PPO|wcnc2027_ablation/shared_ppo_seed64/mappo_best.pt,Shared-PPO,64,R,wcnc2027_ablation 2026-09-14 (supplementary ablation),7,-3674.4114532261165,687.1135248261164,2943.0,2.0479284,42.25,201.95426895168742,201.4422868516874,0.10802775024777007,0.0,0.10802775024777007,0.10802775024777007,0.05450941526263627,108,10.27552031714569,109,5.026314692133002,5.026314692133001,1.0,0.24
main,v040,LOLO-nes-f3,secondary,LOLO,nested,3,A,Shared-PPO|wcnc2027_ablation/shared_ppo_seed64/mappo_best.pt,Shared-PPO,64,R,wcnc2027_ablation 2026-09-14 (supplementary ablation),8,-1365.0273940157358,380.59475121573564,972.0,0.6826428,11.75,205.40921019769405,205.23854949769407,0.035678889990089196,0.0,0.035678889990089196,0.035678889990089196,0.017839444995044598,36,3.4251734390485633,36,5.026314692133003,5.026314692133001,1.0,0.24
main,v040,LOLO-nes-f3,secondary,LOLO,nested,3,A,Shared-PPO|wcnc2027_ablation/shared_ppo_seed64/mappo_best.pt,Shared-PPO,64,R,wcnc2027_ablation 2026-09-14 (supplementary ablation),9,-458.98117259002515,80.98117259002511,378.0,0.0,0.0,207.50261079819256,207.50261079819256,0.013875123885034688,0.013875123885034688,0.0,0.013875123885034688,0.0,0,0.0,14,33.64230108722876,144.2987835964076,1.0,0.24
main,v040,LOLO-nes-f3,secondary,LOLO,nested,3,A,MAPPO|wcnc2027_ablation/mappo_seed77/mappo_best.pt,MAPPO,77,R,wcnc2027_ablation 2026-09-14,all,-24303.73041925035,5383.161904450353,18657.0,12.818514799999999,250.75,2031.59197167949,2028.3873429794899,0.06848364717542121,0.0014866204162537165,0.0669970267591675,0.06848364717542121,0.03349851337958375,676,6.431714568880079,691,5.608922928250234,144.2987835964076,1.0,0.24
main,v040,LOLO-nes-f3,secondary,LOLO,nested,3,A,MAPPO|wcnc2027_ablation/mappo_seed77/mappo_best.pt,MAPPO,77,R,wcnc2027_ablation 2026-09-14,0,-6195.754476403796,1100.4774886037958,5022.0,3.5269878,69.75,195.88323976227508,195.00149281227507,0.18434093161546086,0.0,0.18434093161546086,0.18434093161546086,0.09217046580773043,186,17.696729435084244,186,5.026314692133,5.026314692133001,1.0,0.24
main,v040,LOLO-nes-f3,secondary,LOLO,nested,3,A,MAPPO|wcnc2027_ablation/mappo_seed77/mappo_best.pt,MAPPO,77,R,wcnc2027_ablation 2026-09-14,1,-3194.1228090525915,672.7532774525914,2484.0,1.7445316,35.625,201.35511413078575,200.91898123078573,0.09117938553022795,0.0,0.09117938553022795,0.09117938553022795,0.04558969276511397,92,8.753221010901884,92,5.026314692132999,5.026314692133001,1.0,0.24
main,v040,LOLO-nes-f3,secondary,LOLO,nested,3,A,MAPPO|wcnc2027_ablation/mappo_seed77/mappo_best.pt,MAPPO,77,R,wcnc2027_ablation 2026-09-14,2,-499.3802622002722,281.22856380027224,216.0,0.1516984,2.0,206.7838607599364,206.74593615993638,0.007928642220019821,0.0,0.007928642220019821,0.007928642220019821,0.003964321110009911,8,0.761149653121903,8,5.026314692133001,5.026314692133001,1.0,0.24
main,v040,LOLO-nes-f3,secondary,LOLO,nested,3,A,MAPPO|wcnc2027_ablation/mappo_seed77/mappo_best.pt,MAPPO,77,R,wcnc2027_ablation 2026-09-14,3,-164.86014599751928,137.86014599751928,27.0,0.0,0.0,207.40031374291866,207.40031374291866,0.0009910802775024777,0.0009910802775024777,0.0,0.0009910802775024777,0.0,0,0.0,1,6.9847963178015355,6.9847963178015355,1.0,0.24
main,v040,LOLO-nes-f3,secondary,LOLO,nested,3,A,MAPPO|wcnc2027_ablation/mappo_seed77/mappo_best.pt,MAPPO,77,R,wcnc2027_ablation 2026-09-14,4,-3927.0364075184098,802.4997053184093,3078.0,2.1617022,44.375,199.61545610919836,199.07503055919835,0.11298315163528246,0.0,0.11298315163528246,0.11298315163528246,0.05649157581764123,114,10.846382556987116,114,5.026314692133001,5.026314692133001,1.0,0.24
main,v040,LOLO-nes-f3,secondary,LOLO,nested,3,A,MAPPO|wcnc2027_ablation/mappo_seed77/mappo_best.pt,MAPPO,77,R,wcnc2027_ablation 2026-09-14,5,-1616.936491317806,412.602150117806,1188.0,0.8343412000000001,15.5,204.7308063625855,204.5222210625855,0.04360753221010902,0.0,0.04360753221010902,0.04360753221010902,0.02180376610505451,44,4.186323092170466,44,5.026314692133002,5.026314692133001,1.0,0.24
main,v040,LOLO-nes-f3,secondary,LOLO,nested,3,A,MAPPO|wcnc2027_ablation/mappo_seed77/mappo_best.pt,MAPPO,77,R,wcnc2027_ablation 2026-09-14,6,-3826.330067500893,815.1192145008929,2970.0,2.085853,39.125,200.38092810019012,199.8594648501901,0.10901883052527254,0.0,0.10901883052527254,0.10901883052527254,0.05450941526263627,110,10.465807730426166,110,5.026314692133003,5.026314692133001,1.0,0.24
main,v040,LOLO-nes-f3,secondary,LOLO,nested,3,A,MAPPO|wcnc2027_ablation/mappo_seed77/mappo_best.pt,MAPPO,77,R,wcnc2027_ablation 2026-09-14,7,-3220.3026662723487,699.8081346723487,2484.0,1.7445316000000002,34.75,202.45260318205044,202.01647028205042,0.09117938553022795,0.0,0.09117938553022795,0.09117938553022795,0.04558969276511397,92,8.753221010901884,92,5.026314692132999,5.026314692133001,1.0,0.24
main,v040,LOLO-nes-f3,secondary,LOLO,nested,3,A,MAPPO|wcnc2027_ablation/mappo_seed77/mappo_best.pt,MAPPO,77,R,wcnc2027_ablation 2026-09-14,8,-1200.025920396692,379.8320513966921,810.0,0.5688690000000001,9.625,205.48703873135713,205.34482148135714,0.02973240832507433,0.0,0.02973240832507433,0.02973240832507433,0.014866204162537165,30,2.8543111992071357,30,5.026314692133003,5.026314692133001,1.0,0.24
main,v040,LOLO-nes-f3,secondary,LOLO,nested,3,A,MAPPO|wcnc2027_ablation/mappo_seed77/mappo_best.pt,MAPPO,77,R,wcnc2027_ablation 2026-09-14,9,-458.98117259002515,80.98117259002511,378.0,0.0,0.0,207.50261079819256,207.50261079819256,0.013875123885034688,0.013875123885034688,0.0,0.013875123885034688,0.0,0,0.0,14,33.64230108722876,144.2987835964076,1.0,0.24
main,v040,LOLO-nes-f3,secondary,LOLO,nested,3,A,Centralized PPO|wcnc2027_ablation/central_seed77/ppo_multi_site.zip,Centralized PPO,77,R,wcnc2027_ablation 2026-09-14,all,-67707.41946308914,5461.659418089155,62235.0,2.010045,8.75,2314.874060549909,2314.3715492999086,0.2284440039643211,0.026461843409316156,0.22685827552031715,0.2284440039643211,0.22646184340931616,104,0.9894945490584738,2305,17.304908340171522,2316.89596872039,1.0,0.64
main,v040,LOLO-nes-f3,secondary,LOLO,nested,3,A,Centralized PPO|wcnc2027_ablation/central_seed77/ppo_multi_site.zip,Centralized PPO,77,R,wcnc2027_ablation 2026-09-14,0,-28083.255049578118,921.2550289781191,27162.0,2.06e-05,0.0,240.92437356039767,240.92436841039768,0.9970267591674926,0.023785926660059464,0.9970267591674926,0.9970267591674926,1.0,0,0.0,1006,7.876639535915376,1438.7397111146686,1.0,0.64
main,v040,LOLO-nes-f3,secondary,LOLO,nested,3,A,Centralized PPO|wcnc2027_ablation/central_seed77/ppo_multi_site.zip,Centralized PPO,77,R,wcnc2027_ablation 2026-09-14,1,-6268.228119707053,487.86009990705304,5778.0,0.49301980000000006,1.875,204.11072977413545,203.98747482413546,0.21209117938553024,0.005946481665014866,0.21209117938553024,0.21209117938553024,0.20218037661050545,25,2.3785926660059467,214,5.026314692133002,5.026314692133001,1.0,0.64
main,v040,LOLO-nes-f3,secondary,LOLO,nested,3,A,Centralized PPO|wcnc2027_ablation/central_seed77/ppo_multi_site.zip,Centralized PPO,77,R,wcnc2027_ablation 2026-09-14,2,-285.1954378476655,285.1954378476655,0.0,0.0,0.0,207.09884096626072,207.09884096626072,0.0,0.0,0.0,0.0,0.0,0,0.0,0,0.0,0.0,0.0,0.64
main,v040,LOLO-nes-f3,secondary,LOLO,nested,3,A,Centralized PPO|wcnc2027_ablation/central_seed77/ppo_multi_site.zip,Centralized PPO,77,R,wcnc2027_ablation 2026-09-14,3,-164.86014599751928,137.86014599751928,27.0,0.0,0.0,207.40031374291866,207.40031374291866,0.0009910802775024777,0.0009910802775024777,0.0,0.0009910802775024777,0.0,0,0.0,1,6.9847963178015355,6.9847963178015355,1.0,0.64
main,v040,LOLO-nes-f3,secondary,LOLO,nested,3,A,Centralized PPO|wcnc2027_ablation/central_seed77/ppo_multi_site.zip,Centralized PPO,77,R,wcnc2027_ablation 2026-09-14,4,-5360.409141109465,714.7040459094645,4644.0,0.45509520000000003,1.25,204.34597676394122,204.23220296394123,0.17046580773042616,0.005946481665014866,0.17046580773042616,0.17046580773042616,0.15857284440039643,23,2.188305252725471,172,5.026314692132999,5.026314692133001,1.0,0.64
main,v040,LOLO-nes-f3,secondary,LOLO,nested,3,A,Centralized PPO|wcnc2027_ablation/central_seed77/ppo_multi_site.zip,Centralized PPO,77,R,wcnc2027_ablation 2026-09-14,5,-443.0774283086022,443.0774283086022,0.0,0.0,0.0,206.98878670227145,206.98878670227145,0.0,0.0,0.0,0.0,0.0,0,0.0,0,0.0,0.0,0.0,0.64
main,v040,LOLO-nes-f3,secondary,LOLO,nested,3,A,Centralized PPO|wcnc2027_ablation/central_seed77/ppo_multi_site.zip,Centralized PPO,77,R,wcnc2027_ablation 2026-09-14,6,-3868.225679605559,1000.993886005559,2862.0,0.6067936,4.625,243.45452348596604,243.30282508596605,0.10505450941526263,0.040634291377601585,0.10505450941526263,0.10505450941526263,0.09910802775024777,32,3.044598612487612,106,148.1280812764227,2316.89596872039,1.0,0.64
main,v040,LOLO-nes-f3,secondary,LOLO,nested,3,A,Centralized PPO|wcnc2027_ablation/central_seed77/ppo_multi_site.zip,Centralized PPO,77,R,wcnc2027_ablation 2026-09-14,7,-22318.23912319698,987.3219319969833,21330.0,0.41719120000000004,0.5,385.44530310314985,385.3410053031499,0.7829534192269574,0.17244796828543113,0.7819623389494549,0.7829534192269574,0.8037661050545094,23,2.188305252725471,790,17.511583067819082,2316.89596872039,1.0,0.64
main,v040,LOLO-nes-f3,secondary,LOLO,nested,3,A,Centralized PPO|wcnc2027_ablation/central_seed77/ppo_multi_site.zip,Centralized PPO,77,R,wcnc2027_ablation 2026-09-14,8,-456.9481651481639,402.410240548164,54.0,0.0379246,0.5,207.60260165267488,207.59312050267488,0.0019821605550049554,0.0009910802775024777,0.0019821605550049554,0.0019821605550049554,0.0009910802775024777,1,0.09514370664023787,2,5.026314692133001,5.026314692133001,1.0,0.64
main,v040,LOLO-nes-f3,secondary,LOLO,nested,3,A,Centralized PPO|wcnc2027_ablation/central_seed77/ppo_multi_site.zip,Centralized PPO,77,R,wcnc2027_ablation 2026-09-14,9,-458.98117259002515,80.98117259002511,378.0,0.0,0.0,207.50261079819256,207.50261079819256,0.013875123885034688,0.013875123885034688,0.0,0.013875123885034688,0.0,0,0.0,14,33.64230108722876,144.2987835964076,1.0,0.64
main,v040,LOLO-nes-f3,secondary,LOLO,nested,3,A,MAPPO|mappo_pool_off_seed1_20260526T162327/mappo_best.pt,MAPPO,1,T,search-only (scenario-variant sweep dir); traced to Table I,all,-22590.834695998616,5424.229768398616,16929.0,11.6049276,226.0,2033.7652422626613,2030.8640103626612,0.06214073339940535,0.0014866204162537165,0.06065411298315163,0.06214073339940535,0.030327056491575816,612,5.822794846382558,627,5.668391711522169,144.2987835964076,1.0,0.29
main,v040,LOLO-nes-f3,secondary,LOLO,nested,3,A,MAPPO|mappo_pool_off_seed1_20260526T162327/mappo_best.pt,MAPPO,1,T,search-only (scenario-variant sweep dir); traced to Table I,0,-5553.692178184281,1115.1202855842805,4374.0,3.0718926,61.5,197.03351156377292,196.26553841377293,0.1605550049554014,0.0,0.1605550049554014,0.1605550049554014,0.0802775024777007,162,15.413280475718533,162,5.026314692133,5.026314692133001,1.0,0.29
main,v040,LOLO-nes-f3,secondary,LOLO,nested,3,A,MAPPO|mappo_pool_off_seed1_20260526T162327/mappo_best.pt,MAPPO,1,T,search-only (scenario-variant sweep dir); traced to Table I,1,-2892.7488800158703,702.4818960158702,2160.0,1.516984,28.75,202.04255164361766,201.66330564361766,0.07928642220019821,0.0,0.07928642220019821,0.07928642220019821,0.03964321110009911,80,7.6114965312190295,80,5.026314692133,5.026314692133001,1.0,0.29
main,v040,LOLO-nes-f3,secondary,LOLO,nested,3,A,MAPPO|mappo_pool_off_seed1_20260526T162327/mappo_best.pt,MAPPO,1,T,search-only (scenario-variant sweep dir); traced to Table I,2,-444.92725015998496,281.313476359985,162.0,0.11377380000000001,1.5,206.82786658174987,206.79942313174988,0.005946481665014866,0.0,0.005946481665014866,0.005946481665014866,0.002973240832507433,6,0.5708622398414271,6,5.026314692133,5.026314692133001,1.0,0.29
main,v040,LOLO-nes-f3,secondary,LOLO,nested,3,A,MAPPO|mappo_pool_off_seed1_20260526T162327/mappo_best.pt,MAPPO,1,T,search-only (scenario-variant sweep dir); traced to Table I,3,-164.86014599751928,137.86014599751928,27.0,0.0,0.0,207.40031374291866,207.40031374291866,0.0009910802775024777,0.0009910802775024777,0.0,0.0009910802775024777,0.0,0,0.0,1,6.9847963178015355,6.9847963178015355,1.0,0.29
main,v040,LOLO-nes-f3,secondary,LOLO,nested,3,A,MAPPO|mappo_pool_off_seed1_20260526T162327/mappo_best.pt,MAPPO,1,T,search-only (scenario-variant sweep dir); traced to Table I,4,-3823.771931746657,808.8110787466571,2970.0,2.085853,42.875,199.7268327315806,199.2053694815806,0.10901883052527254,0.0,0.10901883052527254,0.10901883052527254,0.05450941526263627,110,10.465807730426166,110,5.026314692133003,5.026314692133001,1.0,0.29
main,v040,LOLO-nes-f3,secondary,LOLO,nested,3,A,MAPPO|mappo_pool_off_seed1_20260526T162327/mappo_best.pt,MAPPO,1,T,search-only (scenario-variant sweep dir); traced to Table I,5,-1507.735373296293,413.47688129629285,1080.0,0.758492,13.5,204.86268777999433,204.67306477999432,0.03964321110009911,0.0,0.03964321110009911,0.03964321110009911,0.019821605550049554,40,3.8057482656095147,40,5.026314692133001,5.026314692133001,1.0,0.29
main,v040,LOLO-nes-f3,secondary,LOLO,nested,3,A,MAPPO|mappo_pool_off_seed1_20260526T162327/mappo_best.pt,MAPPO,1,T,search-only (scenario-variant sweep dir); traced to Table I,6,-3657.5530847973077,809.831005597308,2808.0,1.9720792,37.75,200.33085961979285,199.83783981979286,0.10307234886025768,0.0,0.10307234886025768,0.10307234886025768,0.05153617443012884,104,9.894945490584737,104,5.026314692133,5.026314692133001,1.0,0.29
main,v040,LOLO-nes-f3,secondary,LOLO,nested,3,A,MAPPO|mappo_pool_off_seed1_20260526T162327/mappo_best.pt,MAPPO,1,T,search-only (scenario-variant sweep dir); traced to Table I,7,-2993.281936238147,691.9391030381471,2268.0,1.5928332000000003,31.75,202.41957083156697,202.02136253156695,0.08325074331020813,0.0,0.08325074331020813,0.08325074331020813,0.04162537165510406,84,7.992071357779981,84,5.026314692132999,5.026314692133001,1.0,0.29
main,v040,LOLO-nes-f3,secondary,LOLO,nested,3,A,MAPPO|mappo_pool_off_seed1_20260526T162327/mappo_best.pt,MAPPO,1,T,search-only (scenario-variant sweep dir); traced to Table I,8,-1093.282742972531,382.4147231725309,702.0,0.49301980000000006,8.375,205.61843696947489,205.4951820194749,0.02576808721506442,0.0,0.02576808721506442,0.02576808721506442,0.01288404360753221,26,2.4737363726461843,26,5.026314692133001,5.026314692133001,1.0,0.29
main,v040,LOLO-nes-f3,secondary,LOLO,nested,3,A,MAPPO|mappo_pool_off_seed1_20260526T162327/mappo_best.pt,MAPPO,1,T,search-only (scenario-variant sweep dir); traced to Table I,9,-458.98117259002515,80.98117259002511,378.0,0.0,0.0,207.50261079819256,207.50261079819256,0.013875123885034688,0.013875123885034688,0.0,0.013875123885034688,0.0,0,0.0,14,33.64230108722876,144.2987835964076,1.0,0.29
main,v040,LOLO-nes-f3,secondary,LOLO,nested,3,A,MAPPO|mappo_pool_off_seed7_20260526T162327/mappo_best.pt,MAPPO,7,T,search-only (scenario-variant sweep dir); traced to Table I,all,-32724.567594730615,4229.734186530614,28431.0,6.333408200000001,57.5,1972.5691250682341,1970.9857730182343,0.1043607532210109,0.0014866204162537165,0.10287413280475718,0.1043607532210109,0.08632309217046581,334,3.1777998017839444,1053,5.4086340569544715,144.2987835964076,1.0,0.29
main,v040,LOLO-nes-f3,secondary,LOLO,nested,3,A,MAPPO|mappo_pool_off_seed7_20260526T162327/mappo_best.pt,MAPPO,7,T,search-only (scenario-variant sweep dir); traced to Table I,0,-7807.951385400038,803.124024400038,6993.0,1.327361,10.5,179.8640271803705,179.53218693037053,0.2566897918731417,0.0,0.2566897918731417,0.2566897918731417,0.222001982160555,70,6.6600594648166505,259,5.026314692133,5.026314692133001,1.0,0.29
main,v040,LOLO-nes-f3,secondary,LOLO,nested,3,A,MAPPO|mappo_pool_off_seed7_20260526T162327/mappo_best.pt,MAPPO,7,T,search-only (scenario-variant sweep dir); traced to Table I,1,-4246.702747873696,456.12963287369655,3780.0,0.948115,9.625,193.0364457421165,192.7994169921165,0.13875123885034688,0.0,0.13875123885034688,0.13875123885034688,0.11397423191278494,50,4.757185332011893,140,5.026314692132999,5.026314692133001,1.0,0.29
main,v040,LOLO-nes-f3,secondary,LOLO,nested,3,A,MAPPO|mappo_pool_off_seed7_20260526T162327/mappo_best.pt,MAPPO,7,T,search-only (scenario-variant sweep dir); traced to Table I,2,-822.9384503548034,279.92297815480345,540.0,0.26547220000000005,2.75,206.75872263287638,206.69235458287636,0.019821605550049554,0.0,0.019821605550049554,0.019821605550049554,0.01288404360753221,14,1.33201189296333,20,5.026314692133001,5.026314692133001,1.0,0.29
main,v040,LOLO-nes-f3,secondary,LOLO,nested,3,A,MAPPO|mappo_pool_off_seed7_20260526T162327/mappo_best.pt,MAPPO,7,T,search-only (scenario-variant sweep dir); traced to Table I,3,-164.86014599751928,137.86014599751928,27.0,0.0,0.0,207.40031374291866,207.40031374291866,0.0009910802775024777,0.0009910802775024777,0.0,0.0009910802775024777,0.0,0,0.0,1,6.9847963178015355,6.9847963178015355,1.0,0.29
main,v040,LOLO-nes-f3,secondary,LOLO,nested,3,A,MAPPO|mappo_pool_off_seed7_20260526T162327/mappo_best.pt,MAPPO,7,T,search-only (scenario-variant sweep dir); traced to Table I,4,-5238.93542913796,535.5898617379607,4698.0,0.7205674,4.625,187.17362070801397,186.993478858014,0.17244796828543113,0.0,0.17244796828543113,0.17244796828543113,0.15361744301288405,38,3.615460852329039,174,5.026314692132999,5.026314692133001,1.0,0.29
main,v040,LOLO-nes-f3,secondary,LOLO,nested,3,A,MAPPO|mappo_pool_off_seed7_20260526T162327/mappo_best.pt,MAPPO,7,T,search-only (scenario-variant sweep dir); traced to Table I,5,-2476.5605709518613,364.7417019518614,2106.0,0.5688690000000001,5.25,201.19241134085038,201.0501940908504,0.07730426164519326,0.0,0.07730426164519326,0.07730426164519326,0.062438057482656094,30,2.8543111992071357,78,5.026314692132999,5.026314692133001,1.0,0.29
main,v040,LOLO-nes-f3,secondary,LOLO,nested,3,A,MAPPO|mappo_pool_off_seed7_20260526T162327/mappo_best.pt,MAPPO,7,T,search-only (scenario-variant sweep dir); traced to Table I,6,-5266.478342642833,635.8897554428328,4617.0,1.2135872,12.375,191.13035964331763,190.82696284331763,0.1694747274529237,0.0,0.1694747274529237,0.1694747274529237,0.1377601585728444,64,6.089197224975224,171,5.026314692133,5.026314692133001,1.0,0.29
main,v040,LOLO-nes-f3,secondary,LOLO,nested,3,A,MAPPO|mappo_pool_off_seed7_20260526T162327/mappo_best.pt,MAPPO,7,T,search-only (scenario-variant sweep dir); traced to Table I,7,-4492.284842889165,569.9013508891646,3915.0,0.7584919999999999,6.625,194.28330211887186,194.09367911887185,0.14370664023785926,0.0,0.14370664023785926,0.14370664023785926,0.12388503468780972,40,3.8057482656095147,145,5.026314692133,5.026314692133001,1.0,0.29
main,v040,LOLO-nes-f3,secondary,LOLO,nested,3,A,MAPPO|mappo_pool_off_seed7_20260526T162327/mappo_best.pt,MAPPO,7,T,search-only (scenario-variant sweep dir); traced to Table I,8,-1748.8745068927124,365.5935624927124,1377.0,0.5309444,5.75,204.2273111607057,204.0945750607057,0.05054509415262636,0.0,0.05054509415262636,0.05054509415262636,0.036669970267591674,28,2.66402378592666,51,5.026314692133001,5.026314692133001,1.0,0.29
main,v040,LOLO-nes-f3,secondary,LOLO,nested,3,A,MAPPO|mappo_pool_off_seed7_20260526T162327/mappo_best.pt,MAPPO,7,T,search-only (scenario-variant sweep dir); traced to Table I,9,-458.98117259002515,80.98117259002511,378.0,0.0,0.0,207.50261079819256,207.50261079819256,0.013875123885034688,0.013875123885034688,0.0,0.013875123885034688,0.0,0,0.0,14,33.64230108722876,144.2987835964076,1.0,0.29
main,v040,LOLO-nes-f3,secondary,LOLO,nested,3,A,MAPPO|mappo_pool_off_seed13_20260526T162327/mappo_best.pt,MAPPO,13,T,search-only (scenario-variant sweep dir); traced to Table I,all,-23096.269402933052,5378.285229333052,17469.0,11.9841736,237.0,2032.463992631546,2029.4679492315458,0.0641228939544103,0.0014866204162537165,0.0626362735381566,0.0641228939544103,0.0313181367690783,632,6.013082259663033,647,5.648543890211839,144.2987835964076,1.0,0.29
main,v040,LOLO-nes-f3,secondary,LOLO,nested,3,A,MAPPO|mappo_pool_off_seed13_20260526T162327/mappo_best.pt,MAPPO,13,T,search-only (scenario-variant sweep dir); traced to Table I,0,-5660.58664080394,1111.1888990039406,4482.0,3.1477418,64.25,196.5275831951671,195.7406477451671,0.1645193260654113,0.0,0.1645193260654113,0.1645193260654113,0.08225966303270565,166,15.793855302279486,166,5.026314692132999,5.026314692133001,1.0,0.29
main,v040,LOLO-nes-f3,secondary,LOLO,nested,3,A,MAPPO|mappo_pool_off_seed13_20260526T162327/mappo_best.pt,MAPPO,13,T,search-only (scenario-variant sweep dir); traced to Table I,1,-3074.2822308232917,663.1135484232916,2376.0,1.6686824,33.5,201.46887552037356,201.05170492037354,0.08721506442021804,0.0,0.08721506442021804,0.08721506442021804,0.04360753221010902,88,8.372646184340931,88,5.026314692133,5.026314692133001,1.0,0.29
main,v040,LOLO-nes-f3,secondary,LOLO,nested,3,A,MAPPO|mappo_pool_off_seed13_20260526T162327/mappo_best.pt,MAPPO,13,T,search-only (scenario-variant sweep dir); traced to Table I,2,-391.5308535177726,282.45500431777253,108.0,0.0758492,1.0,206.92118991508517,206.90222761508514,0.003964321110009911,0.0,0.003964321110009911,0.003964321110009911,0.0019821605550049554,4,0.3805748265609515,4,5.026314692133001,5.026314692133001,1.0,0.29
main,v040,LOLO-nes-f3,secondary,LOLO,nested,3,A,MAPPO|mappo_pool_off_seed13_20260526T162327/mappo_best.pt,MAPPO,13,T,search-only (scenario-variant sweep dir); traced to Table I,3,-164.86014599751928,137.86014599751928,27.0,0.0,0.0,207.40031374291866,207.40031374291866,0.0009910802775024777,0.0009910802775024777,0.0,0.0009910802775024777,0.0,0,0.0,1,6.9847963178015355,6.9847963178015355,1.0,0.29
main,v040,LOLO-nes-f3,secondary,LOLO,nested,3,A,MAPPO|mappo_pool_off_seed13_20260526T162327/mappo_best.pt,MAPPO,13,T,search-only (scenario-variant sweep dir); traced to Table I,4,-3929.9703991420556,805.4336969420551,3078.0,2.1617022,44.375,199.7491786882825,199.20875313828253,0.11298315163528246,0.0,0.11298315163528246,0.11298315163528246,0.05649157581764123,114,10.846382556987116,114,5.026314692133001,5.026314692133001,1.0,0.29
main,v040,LOLO-nes-f3,secondary,LOLO,nested,3,A,MAPPO|mappo_pool_off_seed13_20260526T162327/mappo_best.pt,MAPPO,13,T,search-only (scenario-variant sweep dir); traced to Table I,5,-1565.4373099488703,415.6408933488701,1134.0,0.7964166,15.0,204.85827516514047,204.65917101514046,0.04162537165510406,0.0,0.04162537165510406,0.04162537165510406,0.02081268582755203,42,3.9960356788899905,42,5.026314692133001,5.026314692133001,1.0,0.29
main,v040,LOLO-nes-f3,secondary,LOLO,nested,3,A,MAPPO|mappo_pool_off_seed13_20260526T162327/mappo_best.pt,MAPPO,13,T,search-only (scenario-variant sweep dir); traced to Table I,6,-3761.7050983983536,804.7821699983538,2916.0,2.0479284,38.875,200.01668839171904,199.50470629171906,0.10703666997026759,0.0,0.10703666997026759,0.10703666997026759,0.053518334985133795,108,10.27552031714569,108,5.026314692133002,5.026314692133001,1.0,0.29
main,v040,LOLO-nes-f3,secondary,LOLO,nested,3,A,MAPPO|mappo_pool_off_seed13_20260526T162327/mappo_best.pt,MAPPO,13,T,search-only (scenario-variant sweep dir); traced to Table I,7,-2941.892722043994,695.4628134439939,2214.0,1.5549086,30.875,202.49128687139438,202.10255972139436,0.08126858275520317,0.0,0.08126858275520317,0.08126858275520317,0.040634291377601585,82,7.801783944499505,82,5.026314692132999,5.026314692133001,1.0,0.29
main,v040,LOLO-nes-f3,secondary,LOLO,nested,3,A,MAPPO|mappo_pool_off_seed13_20260526T162327/mappo_best.pt,MAPPO,13,T,search-only (scenario-variant sweep dir); traced to Table I,8,-1147.02282966723,381.3668852672301,756.0,0.5309444000000001,9.125,205.52799034327245,205.39525424327243,0.027750247770069375,0.0,0.027750247770069375,0.027750247770069375,0.013875123885034688,28,2.66402378592666,28,5.026314692133002,5.026314692133001,1.0,0.29
main,v040,LOLO-nes-f3,secondary,LOLO,nested,3,A,MAPPO|mappo_pool_off_seed13_20260526T162327/mappo_best.pt,MAPPO,13,T,search-only (scenario-variant sweep dir); traced to Table I,9,-458.98117259002515,80.98117259002511,378.0,0.0,0.0,207.50261079819256,207.50261079819256,0.013875123885034688,0.013875123885034688,0.0,0.013875123885034688,0.0,0,0.0,14,33.64230108722876,144.2987835964076,1.0,0.29
main,v040,LOLO-nes-f3,secondary,LOLO,nested,3,A,MAPPO|mappo_pool_off_seed77_20260526T162327/mappo_best.pt,MAPPO,77,T,search-only (scenario-variant sweep dir); traced to Table I,all,-21757.732231580907,5412.696172980908,16119.0,11.0360586,215.0,2033.96373716481,2031.2047225148099,0.05916749256689792,0.0014866204162537165,0.0576808721506442,0.05916749256689792,0.0288404360753221,582,5.537363726461844,597,5.700656888375896,144.2987835964076,1.0,0.29
main,v040,LOLO-nes-f3,secondary,LOLO,nested,3,A,MAPPO|mappo_pool_off_seed77_20260526T162327/mappo_best.pt,MAPPO,77,T,search-only (scenario-variant sweep dir); traced to Table I,0,-5227.0779393841685,1116.2335943841688,4050.0,2.844345,58.0,197.24462524786264,196.53353899786265,0.14866204162537167,0.0,0.14866204162537167,0.14866204162537167,0.07433102081268583,150,14.27155599603568,150,5.026314692132999,5.026314692133001,1.0,0.29
main,v040,LOLO-nes-f3,secondary,LOLO,nested,3,A,MAPPO|mappo_pool_off_seed77_20260526T162327/mappo_best.pt,MAPPO,77,T,search-only (scenario-variant sweep dir); traced to Table I,1,-2878.638174816536,687.6211908165359,2160.0,1.516984,29.5,201.67339448568364,201.29414848568365,0.07928642220019821,0.0,0.07928642220019821,0.07928642220019821,0.03964321110009911,80,7.6114965312190295,80,5.026314692133,5.026314692133001,1.0,0.29
main,v040,LOLO-nes-f3,secondary,LOLO,nested,3,A,MAPPO|mappo_pool_off_seed77_20260526T162327/mappo_best.pt,MAPPO,77,T,search-only (scenario-variant sweep dir); traced to Table I,2,-445.6531930280498,282.03941922804984,162.0,0.11377380000000001,1.5,206.8772081122123,206.8487646622123,0.005946481665014866,0.0,0.005946481665014866,0.005946481665014866,0.002973240832507433,6,0.5708622398414271,6,5.026314692133,5.026314692133001,1.0,0.29
main,v040,LOLO-nes-f3,secondary,LOLO,nested,3,A,MAPPO|mappo_pool_off_seed77_20260526T162327/mappo_best.pt,MAPPO,77,T,search-only (scenario-variant sweep dir); traced to Table I,3,-164.86014599751928,137.86014599751928,27.0,0.0,0.0,207.40031374291866,207.40031374291866,0.0009910802775024777,0.0009910802775024777,0.0,0.0009910802775024777,0.0,0,0.0,1,6.9847963178015355,6.9847963178015355,1.0,0.29
main,v040,LOLO-nes-f3,secondary,LOLO,nested,3,A,MAPPO|mappo_pool_off_seed77_20260526T162327/mappo_best.pt,MAPPO,77,T,search-only (scenario-variant sweep dir); traced to Table I,4,-3769.825726637646,809.5277982376456,2916.0,2.0479284,42.25,199.75524191482788,199.24325981482787,0.10703666997026759,0.0,0.10703666997026759,0.10703666997026759,0.053518334985133795,108,10.27552031714569,108,5.026314692133002,5.026314692133001,1.0,0.29
main,v040,LOLO-nes-f3,secondary,LOLO,nested,3,A,MAPPO|mappo_pool_off_seed77_20260526T162327/mappo_best.pt,MAPPO,77,T,search-only (scenario-variant sweep dir); traced to Table I,5,-1400.6733961993277,415.6157533993276,972.0,0.6826428,12.375,205.0456279248887,204.8749672248887,0.035678889990089196,0.0,0.035678889990089196,0.035678889990089196,0.017839444995044598,36,3.4251734390485633,36,5.026314692133003,5.026314692133001,1.0,0.29
main,v040,LOLO-nes-f3,secondary,LOLO,nested,3,A,MAPPO|mappo_pool_off_seed77_20260526T162327/mappo_best.pt,MAPPO,77,T,search-only (scenario-variant sweep dir); traced to Table I,6,-3545.246212309189,807.849982309189,2700.0,1.89623,35.5,200.3173984420221,199.8433409420221,0.09910802775024777,0.0,0.09910802775024777,0.09910802775024777,0.049554013875123884,100,9.514370664023787,100,5.026314692132999,5.026314692133001,1.0,0.29
main,v040,LOLO-nes-f3,secondary,LOLO,nested,3,A,MAPPO|mappo_pool_off_seed77_20260526T162327/mappo_best.pt,MAPPO,77,T,search-only (scenario-variant sweep dir); traced to Table I,7,-2880.312751968517,689.7957679685173,2160.0,1.516984,29.0,202.31258886498324,201.93334286498322,0.07928642220019821,0.0,0.07928642220019821,0.07928642220019821,0.03964321110009911,80,7.6114965312190295,80,5.026314692133,5.026314692133001,1.0,0.29
main,v040,LOLO-nes-f3,secondary,LOLO,nested,3,A,MAPPO|mappo_pool_off_seed77_20260526T162327/mappo_best.pt,MAPPO,77,T,search-only (scenario-variant sweep dir); traced to Table I,8,-986.4635186499294,385.1713480499294,594.0,0.4171706,6.875,205.83472763121836,205.73043498121837,0.02180376610505451,0.0,0.02180376610505451,0.02180376610505451,0.010901883052527254,22,2.093161546085233,22,5.026314692133,5.026314692133001,1.0,0.29
main,v040,LOLO-nes-f3,secondary,LOLO,nested,3,A,MAPPO|mappo_pool_off_seed77_20260526T162327/mappo_best.pt,MAPPO,77,T,search-only (scenario-variant sweep dir); traced to Table I,9,-458.98117259002515,80.98117259002511,378.0,0.0,0.0,207.50261079819256,207.50261079819256,0.013875123885034688,0.013875123885034688,0.0,0.013875123885034688,0.0,0,0.0,14,33.64230108722876,144.2987835964076,1.0,0.29
main,v040,LOLO-nes-f3,secondary,LOLO,nested,3,A,"Hysteresis (fixed, t_up=81, b=50 Mbps)|-",Hysteresis (fixed),0,baseline,baseline,all,-26860.612371789022,4581.863594189019,22275.0,2.1237776,1.625,2003.2340386740993,2002.7030942740994,0.0817641228939544,0.0018830525272547076,0.0802775024777007,0.0817641228939544,0.07472745292368682,111,1.0560951437066404,825,5.514293226868769,144.2987835964076,1.0,0.22
main,v040,LOLO-nes-f3,secondary,LOLO,nested,3,A,"Hysteresis (fixed, t_up=81, b=50 Mbps)|-",Hysteresis (fixed),0,baseline,baseline,0,-7307.1695579334955,853.5894627334966,6453.0,0.45509520000000003,0.125,185.4039575871862,185.29018378718615,0.23686818632309217,0.0,0.23686818632309217,0.23686818632309217,0.22497522299306244,23,2.188305252725471,239,5.026314692133001,5.026314692133001,1.0,0.22
main,v040,LOLO-nes-f3,secondary,LOLO,nested,3,A,"Hysteresis (fixed, t_up=81, b=50 Mbps)|-",Hysteresis (fixed),0,baseline,baseline,1,-4188.110843387441,488.73159738744084,3699.0,0.379246,0.0,196.19242190514868,196.09761040514869,0.13577799801783944,0.0019821605550049554,0.13577799801783944,0.13577799801783944,0.12586719524281467,20,1.9028741328047574,137,5.026314692132999,5.026314692133001,1.0,0.22
main,v040,LOLO-nes-f3,secondary,LOLO,nested,3,A,"Hysteresis (fixed, t_up=81, b=50 Mbps)|-",Hysteresis (fixed),0,baseline,baseline,2,-285.1954378476655,285.1954378476655,0.0,0.0,0.0,207.09884096626072,207.09884096626072,0.0,0.0,0.0,0.0,0.0,0,0.0,0,0.0,0.0,0.0,0.22
main,v040,LOLO-nes-f3,secondary,LOLO,nested,3,A,"Hysteresis (fixed, t_up=81, b=50 Mbps)|-",Hysteresis (fixed),0,baseline,baseline,3,-164.86014599751928,137.86014599751928,27.0,0.0,0.0,207.40031374291866,207.40031374291866,0.0009910802775024777,0.0009910802775024777,0.0,0.0009910802775024777,0.0,0,0.0,1,6.9847963178015355,6.9847963178015355,1.0,0.22
main,v040,LOLO-nes-f3,secondary,LOLO,nested,3,A,"Hysteresis (fixed, t_up=81, b=50 Mbps)|-",Hysteresis (fixed),0,baseline,baseline,4,-4922.696522743403,574.654352143403,4347.0,0.4171706,0.625,191.41429148215744,191.30999883215742,0.1595639246778989,0.0009910802775024777,0.1595639246778989,0.1595639246778989,0.14866204162537167,22,2.093161546085233,161,5.026314692133,5.026314692133001,1.0,0.22
main,v040,LOLO-nes-f3,secondary,LOLO,nested,3,A,"Hysteresis (fixed, t_up=81, b=50 Mbps)|-",Hysteresis (fixed),0,baseline,baseline,5,-985.2587065311099,418.1828573311098,567.0,0.0758492,0.0,205.34743759837312,205.32847529837312,0.02081268582755203,0.0,0.02081268582755203,0.02081268582755203,0.018830525272547076,4,0.3805748265609515,21,5.026314692133001,5.026314692133001,1.0,0.22
main,v040,LOLO-nes-f3,secondary,LOLO,nested,3,A,"Hysteresis (fixed, t_up=81, b=50 Mbps)|-",Hysteresis (fixed),0,baseline,baseline,6,-4421.741260639053,721.4111654390523,3699.0,0.4550952,0.875,197.6747479620448,197.5609741620448,0.13577799801783944,0.0009910802775024777,0.13577799801783944,0.13577799801783944,0.12388503468780972,24,2.2834489593657086,137,5.026314692132999,5.026314692133001,1.0,0.22
main,v040,LOLO-nes-f3,secondary,LOLO,nested,3,A,"Hysteresis (fixed, t_up=81, b=50 Mbps)|-",Hysteresis (fixed),0,baseline,baseline,7,-3724.833401892295,619.4920804922948,3105.0,0.3413214,0.0,198.21573991382064,198.13040956382065,0.11397423191278494,0.0,0.11397423191278494,0.11397423191278494,0.10505450941526263,18,1.7125867195242817,115,5.026314692133001,5.026314692133001,1.0,0.22
main,v040,LOLO-nes-f3,secondary,LOLO,nested,3,A,"Hysteresis (fixed, t_up=81, b=50 Mbps)|-",Hysteresis (fixed),0,baseline,baseline,8,-401.76532222701053,401.76532222701053,0.0,0.0,0.0,206.9836767179966,206.9836767179966,0.0,0.0,0.0,0.0,0.0,0,0.0,0,0.0,0.0,0.0,0.22
main,v040,LOLO-nes-f3,secondary,LOLO,nested,3,A,"Hysteresis (fixed, t_up=81, b=50 Mbps)|-",Hysteresis (fixed),0,baseline,baseline,9,-458.98117259002515,80.98117259002511,378.0,0.0,0.0,207.50261079819256,207.50261079819256,0.013875123885034688,0.013875123885034688,0.0,0.013875123885034688,0.0,0,0.0,14,33.64230108722876,144.2987835964076,1.0,0.22
main,v040,LOLO-nes-f3,secondary,LOLO,nested,3,A,Always-DPDK|-,Always-DPDK,0,baseline,baseline,all,-6612.2734640633125,6207.2734640633125,405.0,0.0,0.0,2069.9981956623033,2069.9981956623033,0.0014866204162537165,0.0014866204162537165,0.0,0.0014866204162537165,0.0,0,0.0,15,31.865134102600276,144.2987835964076,1.0,0.21
main,v040,LOLO-nes-f3,secondary,LOLO,nested,3,A,Always-DPDK|-,Always-DPDK,0,baseline,baseline,0,-1321.0761379987202,1321.0761379987202,0.0,0.0,0.0,206.73522957948546,206.73522957948546,0.0,0.0,0.0,0.0,0.0,0,0.0,0,0.0,0.0,0.0,0.21
main,v040,LOLO-nes-f3,secondary,LOLO,nested,3,A,Always-DPDK|-,Always-DPDK,0,baseline,baseline,1,-868.3910531176041,868.3910531176041,0.0,0.0,0.0,206.89220781057955,206.89220781057955,0.0,0.0,0.0,0.0,0.0,0,0.0,0,0.0,0.0,0.0,0.21
main,v040,LOLO-nes-f3,secondary,LOLO,nested,3,A,Always-DPDK|-,Always-DPDK,0,baseline,baseline,2,-285.1954378476655,285.1954378476655,0.0,0.0,0.0,207.09884096626072,207.09884096626072,0.0,0.0,0.0,0.0,0.0,0,0.0,0,0.0,0.0,0.0,0.21
main,v040,LOLO-nes-f3,secondary,LOLO,nested,3,A,Always-DPDK|-,Always-DPDK,0,baseline,baseline,3,-164.86014599751928,137.86014599751928,27.0,0.0,0.0,207.40031374291866,207.40031374291866,0.0009910802775024777,0.0009910802775024777,0.0,0.0009910802775024777,0.0,0,0.0,1,6.9847963178015355,6.9847963178015355,1.0,0.21
main,v040,LOLO-nes-f3,secondary,LOLO,nested,3,A,Always-DPDK|-,Always-DPDK,0,baseline,baseline,4,-955.63323163784,955.63323163784,0.0,0.0,0.0,206.80396286803608,206.80396286803608,0.0,0.0,0.0,0.0,0.0,0,0.0,0,0.0,0.0,0.0,0.21
main,v040,LOLO-nes-f3,secondary,LOLO,nested,3,A,Always-DPDK|-,Always-DPDK,0,baseline,baseline,5,-443.0774283086022,443.0774283086022,0.0,0.0,0.0,206.98878670227145,206.98878670227145,0.0,0.0,0.0,0.0,0.0,0,0.0,0,0.0,0.0,0.0,0.21
main,v040,LOLO-nes-f3,secondary,LOLO,nested,3,A,Always-DPDK|-,Always-DPDK,0,baseline,baseline,6,-955.8237164987011,955.8237164987011,0.0,0.0,0.0,206.79941960083954,206.79941960083954,0.0,0.0,0.0,0.0,0.0,0,0.0,0,0.0,0.0,0.0,0.21
main,v040,LOLO-nes-f3,secondary,LOLO,nested,3,A,Always-DPDK|-,Always-DPDK,0,baseline,baseline,7,-757.4698178396243,757.4698178396243,0.0,0.0,0.0,206.7931468757224,206.7931468757224,0.0,0.0,0.0,0.0,0.0,0,0.0,0,0.0,0.0,0.0,0.21
main,v040,LOLO-nes-f3,secondary,LOLO,nested,3,A,Always-DPDK|-,Always-DPDK,0,baseline,baseline,8,-401.76532222701053,401.76532222701053,0.0,0.0,0.0,206.9836767179966,206.9836767179966,0.0,0.0,0.0,0.0,0.0,0,0.0,0,0.0,0.0,0.0,0.21
main,v040,LOLO-nes-f3,secondary,LOLO,nested,3,A,Always-DPDK|-,Always-DPDK,0,baseline,baseline,9,-458.98117259002515,80.98117259002511,378.0,0.0,0.0,207.50261079819256,207.50261079819256,0.013875123885034688,0.013875123885034688,0.0,0.013875123885034688,0.0,0,0.0,14,33.64230108722876,144.2987835964076,1.0,0.21
main,v040,LOLO-nes-f3,secondary,LOLO,nested,3,A,Always-USR|-,Always-USR (supplementary),0,baseline,baseline,all,-260952.71544952044,7314.715243520446,253638.0,0.000206,0.0,5369.046246884311,5369.0461953843105,0.9310208126858276,0.4029732408325074,0.9266600594648167,0.9310208126858276,1.0,0,0.0,9394,2675.5909650206736,173641.25271981518,1.0,0.22
main,v040,LOLO-nes-f3,secondary,LOLO,nested,3,A,Always-USR|-,Always-USR (supplementary),0,baseline,baseline,0,-28083.255049578118,921.2550289781191,27162.0,2.06e-05,0.0,240.92437356039767,240.92436841039768,0.9970267591674926,0.023785926660059464,0.9970267591674926,0.9970267591674926,1.0,0,0.0,1006,7.876639535915376,1438.7397111146686,1.0,0.22
main,v040,LOLO-nes-f3,secondary,LOLO,nested,3,A,Always-USR|-,Always-USR (supplementary),0,baseline,baseline,1,-26266.189865168453,805.1898445684501,25461.0,2.06e-05,0.0,511.71677159142445,511.7167664414244,0.9345887016848364,0.36174430128840435,0.929633300297324,0.9345887016848364,1.0,0,0.0,943,235.4266259386631,2762.937123672912,1.0,0.22
main,v040,LOLO-nes-f3,secondary,LOLO,nested,3,A,Always-USR|-,Always-USR (supplementary),0,baseline,baseline,2,-24370.54196333637,718.5419427363722,23652.0,2.06e-05,0.0,692.2583975475258,692.2583923975258,0.8681863230921705,0.5262636273538157,0.8572844400396432,0.8681863230921705,1.0,0,0.0,876,727.8165921688463,2762.937123672912,1.0,0.22
main,v040,LOLO-nes-f3,secondary,LOLO,nested,3,A,Always-USR|-,Always-USR (supplementary),0,baseline,baseline,3,-26163.650934195473,432.65091359547154,25731.0,2.06e-05,0.0,733.8924967096052,733.8924915596052,0.9444995044598612,0.7670961347869177,0.9385530227948464,0.9444995044598612,1.0,0,0.0,953,3542.6169506773313,124872.05350666186,1.0,0.22
main,v040,LOLO-nes-f3,secondary,LOLO,nested,3,A,Always-USR|-,Always-USR (supplementary),0,baseline,baseline,4,-26871.226646949977,843.2266263499764,26028.0,2.06e-05,0.0,406.4963104978708,406.4963053478708,0.9554013875123885,0.2398414271555996,0.9534192269573836,0.9554013875123885,1.0,0,0.0,964,44.85687102205252,2762.937123672912,1.0,0.22
main,v040,LOLO-nes-f3,secondary,LOLO,nested,3,A,Always-USR|-,Always-USR (supplementary),0,baseline,baseline,5,-23735.508691562252,785.5086709622534,22950.0,2.06e-05,0.0,617.9789065740147,617.9789014240147,0.8424182358771061,0.42120911793855303,0.8364717542120912,0.8424182358771061,1.0,0,0.0,850,377.48621275977763,2762.937123672912,1.0,0.22
main,v040,LOLO-nes-f3,secondary,LOLO,nested,3,A,Always-USR|-,Always-USR (supplementary),0,baseline,baseline,6,-27226.21679636623,874.2167757662276,26352.0,2.06e-05,0.0,366.5760459392261,366.5760407892261,0.9672943508424182,0.1645193260654113,0.9653121902874133,0.9672943508424182,1.0,0,0.0,976,70.50578401061072,2316.89596872039,1.0,0.22
main,v040,LOLO-nes-f3,secondary,LOLO,nested,3,A,Always-USR|-,Always-USR (supplementary),0,baseline,baseline,7,-27236.25259407213,857.2525734721326,26379.0,2.06e-05,0.0,384.8526942158835,384.8526890658835,0.9682854311199207,0.1774033696729435,0.9672943508424182,0.9682854311199207,1.0,0,0.0,977,16.58933968007009,2316.89596872039,1.0,0.22
main,v040,LOLO-nes-f3,secondary,LOLO,nested,3,A,Always-USR|-,Always-USR (supplementary),0,baseline,baseline,8,-24366.276892531372,795.2768719313735,23571.0,2.06e-05,0.0,625.5670344585104,625.5670293085104,0.865213082259663,0.4489593657086224,0.8572844400396432,0.865213082259663,1.0,0,0.0,873,411.4696051534711,44740.9058710846,1.0,0.22
main,v040,LOLO-nes-f3,secondary,LOLO,nested,3,A,Always-USR|-,Always-USR (supplementary),0,baseline,baseline,9,-26633.59601576007,281.59599516007034,26352.0,2.06e-05,0.0,788.7832157898524,788.7832106398523,0.9672943508424182,0.8989098116947473,0.9643211100099108,0.9672943508424182,1.0,0,0.0,976,20576.382509389015,173641.25271981518,1.0,0.22
main,v040,LOLO-nes-f3,secondary,LOLO,nested,3,A,MAPPO|mappo_seed77_20260517T110908/mappo_best.pt,MAPPO,77,P,"May 2026, pre-781c90c reward",all,-21378.54586780062,5418.525281400623,15741.0,10.7705864,208.25,2035.195545094885,2032.502898494885,0.05777998017839445,0.0014866204162537165,0.056293359762140734,0.05777998017839445,0.028146679881070367,568,5.404162537165511,583,5.7168503544949365,144.2987835964076,1.0,0.24
main,v040,LOLO-nes-f3,secondary,LOLO,nested,3,A,MAPPO|mappo_seed77_20260517T110908/mappo_best.pt,MAPPO,77,P,"May 2026, pre-781c90c reward",0,-5279.9770155077795,1115.0947459077797,4104.0,2.8822696,58.0,197.15242761415217,196.43186021415218,0.1506442021803766,0.0,0.1506442021803766,0.1506442021803766,0.0753221010901883,152,14.461843409316156,152,5.026314692133,5.026314692133001,1.0,0.24
main,v040,LOLO-nes-f3,secondary,LOLO,nested,3,A,MAPPO|mappo_seed77_20260517T110908/mappo_best.pt,MAPPO,77,P,"May 2026, pre-781c90c reward",1,-2765.7991310262923,685.1079962262924,2052.0,1.4411348000000002,27.25,202.03899801084924,201.67871431084922,0.0753221010901883,0.0,0.0753221010901883,0.0753221010901883,0.03766105054509415,76,7.230921704658078,76,5.026314692132999,5.026314692133001,1.0,0.24
main,v040,LOLO-nes-f3,secondary,LOLO,nested,3,A,MAPPO|mappo_seed77_20260517T110908/mappo_best.pt,MAPPO,77,P,"May 2026, pre-781c90c reward",2,-391.8615260477825,282.7856768477825,108.0,0.0758492,1.0,206.92116589614452,206.90220359614452,0.003964321110009911,0.0,0.003964321110009911,0.003964321110009911,0.0019821605550049554,4,0.3805748265609515,4,5.026314692133001,5.026314692133001,1.0,0.24
main,v040,LOLO-nes-f3,secondary,LOLO,nested,3,A,MAPPO|mappo_seed77_20260517T110908/mappo_best.pt,MAPPO,77,P,"May 2026, pre-781c90c reward",3,-164.86014599751928,137.86014599751928,27.0,0.0,0.0,207.40031374291866,207.40031374291866,0.0009910802775024777,0.0009910802775024777,0.0,0.0009910802775024777,0.0,0,0.0,1,6.9847963178015355,6.9847963178015355,1.0,0.24
main,v040,LOLO-nes-f3,secondary,LOLO,nested,3,A,MAPPO|mappo_seed77_20260517T110908/mappo_best.pt,MAPPO,77,P,"May 2026, pre-781c90c reward",4,-3652.0421247551876,801.9450455551876,2808.0,1.9720792,40.125,199.81049486329334,199.31747506329333,0.10307234886025768,0.0,0.10307234886025768,0.10307234886025768,0.05153617443012884,104,9.894945490584737,104,5.026314692133,5.026314692133001,1.0,0.24
main,v040,LOLO-nes-f3,secondary,LOLO,nested,3,A,MAPPO|mappo_seed77_20260517T110908/mappo_best.pt,MAPPO,77,P,"May 2026, pre-781c90c reward",5,-1403.2324119195596,417.9247691195595,972.0,0.6826428000000001,12.625,205.13504421481238,204.9643835148124,0.035678889990089196,0.0,0.035678889990089196,0.035678889990089196,0.017839444995044598,36,3.4251734390485633,36,5.026314692133003,5.026314692133001,1.0,0.24
main,v040,LOLO-nes-f3,secondary,LOLO,nested,3,A,MAPPO|mappo_seed77_20260517T110908/mappo_best.pt,MAPPO,77,P,"May 2026, pre-781c90c reward",6,-3501.8457961472895,819.2374907472895,2646.0,1.8583054000000003,34.75,200.83149198582953,200.36691563582954,0.09712586719524281,0.0,0.09712586719524281,0.09712586719524281,0.048562933597621406,98,9.32408325074331,98,5.026314692132999,5.026314692133001,1.0,0.24
main,v040,LOLO-nes-f3,secondary,LOLO,nested,3,A,MAPPO|mappo_seed77_20260517T110908/mappo_best.pt,MAPPO,77,P,"May 2026, pre-781c90c reward",7,-2775.642442045329,694.5763072453293,2052.0,1.4411348,27.625,202.64776240438962,202.28747870438963,0.0753221010901883,0.0,0.0753221010901883,0.0753221010901883,0.03766105054509415,76,7.230921704658078,76,5.026314692132999,5.026314692133001,1.0,0.24
main,v040,LOLO-nes-f3,secondary,LOLO,nested,3,A,MAPPO|mappo_seed77_20260517T110908/mappo_best.pt,MAPPO,77,P,"May 2026, pre-781c90c reward",8,-984.3041017638576,383.01193116385764,594.0,0.41717060000000006,6.875,205.7552355643029,205.65094291430287,0.02180376610505451,0.0,0.02180376610505451,0.02180376610505451,0.010901883052527254,22,2.093161546085233,22,5.026314692133,5.026314692133001,1.0,0.24
main,v040,LOLO-nes-f3,secondary,LOLO,nested,3,A,MAPPO|mappo_seed77_20260517T110908/mappo_best.pt,MAPPO,77,P,"May 2026, pre-781c90c reward",9,-458.98117259002515,80.98117259002511,378.0,0.0,0.0,207.50261079819256,207.50261079819256,0.013875123885034688,0.013875123885034688,0.0,0.013875123885034688,0.0,0,0.0,14,33.64230108722876,144.2987835964076,1.0,0.24
main,v040,LOLO-nes-f3,secondary,LOLO,nested,3,A,MAPPO|mappo_seed99_20260517T003433/mappo_best.pt,MAPPO,99,P,"May 2026, pre-781c90c reward",all,-21512.487362410247,5387.228002210249,15903.0,10.8843602,211.375,2034.2546815205599,2031.53359147056,0.058374628344895936,0.0014866204162537165,0.05688800792864222,0.058374628344895936,0.02844400396432111,574,5.461248761149653,589,5.709816035353728,144.2987835964076,1.0,0.24
main,v040,LOLO-nes-f3,secondary,LOLO,nested,3,A,MAPPO|mappo_seed99_20260517T003433/mappo_best.pt,MAPPO,99,P,"May 2026, pre-781c90c reward",0,-5118.623717343692,1117.605221543692,3942.0,2.7684958,56.25,197.42747662863303,196.73535267863306,0.14469772051536176,0.0,0.14469772051536176,0.14469772051536176,0.07234886025768088,146,13.890981169474728,146,5.026314692133,5.026314692133001,1.0,0.24
main,v040,LOLO-nes-f3,secondary,LOLO,nested,3,A,MAPPO|mappo_seed99_20260517T003433/mappo_best.pt,MAPPO,99,P,"May 2026, pre-781c90c reward",1,-2803.410516570336,667.5564571703358,2106.0,1.4790594000000001,28.375,201.82123439174035,201.45146954174032,0.07730426164519326,0.0,0.07730426164519326,0.07730426164519326,0.03865213082259663,78,7.421209117938553,78,5.026314692132999,5.026314692133001,1.0,0.24
main,v040,LOLO-nes-f3,secondary,LOLO,nested,3,A,MAPPO|mappo_seed99_20260517T003433/mappo_best.pt,MAPPO,99,P,"May 2026, pre-781c90c reward",2,-499.84635226578007,281.6946538657801,216.0,0.1516984,2.0,206.84868552526535,206.81076092526536,0.007928642220019821,0.0,0.007928642220019821,0.007928642220019821,0.003964321110009911,8,0.761149653121903,8,5.026314692133001,5.026314692133001,1.0,0.24
main,v040,LOLO-nes-f3,secondary,LOLO,nested,3,A,MAPPO|mappo_seed99_20260517T003433/mappo_best.pt,MAPPO,99,P,"May 2026, pre-781c90c reward",3,-164.86014599751928,137.86014599751928,27.0,0.0,0.0,207.40031374291866,207.40031374291866,0.0009910802775024777,0.0009910802775024777,0.0,0.0009910802775024777,0.0,0,0.0,1,6.9847963178015355,6.9847963178015355,1.0,0.24
main,v040,LOLO-nes-f3,secondary,LOLO,nested,3,A,MAPPO|mappo_seed99_20260517T003433/mappo_best.pt,MAPPO,99,P,"May 2026, pre-781c90c reward",4,-3656.898478883215,806.8013996832149,2808.0,1.9720792,40.125,199.87474496123184,199.38172516123183,0.10307234886025768,0.0,0.10307234886025768,0.10307234886025768,0.05153617443012884,104,9.894945490584737,104,5.026314692133,5.026314692133001,1.0,0.24
main,v040,LOLO-nes-f3,secondary,LOLO,nested,3,A,MAPPO|mappo_seed99_20260517T003433/mappo_best.pt,MAPPO,99,P,"May 2026, pre-781c90c reward",5,-1455.102172944381,415.1316055443808,1026.0,0.7205674000000001,13.25,204.95254115609933,204.77239930609935,0.03766105054509415,0.0,0.03766105054509415,0.03766105054509415,0.018830525272547076,38,3.615460852329039,38,5.026314692133003,5.026314692133001,1.0,0.24
main,v040,LOLO-nes-f3,secondary,LOLO,nested,3,A,MAPPO|mappo_seed99_20260517T003433/mappo_best.pt,MAPPO,99,P,"May 2026, pre-781c90c reward",6,-3494.603634722646,811.2453293226461,2646.0,1.8583054000000003,35.5,200.54410461495868,200.0795282649587,0.09712586719524281,0.0,0.09712586719524281,0.09712586719524281,0.048562933597621406,98,9.32408325074331,98,5.026314692132999,5.026314692133001,1.0,0.24
main,v040,LOLO-nes-f3,secondary,LOLO,nested,3,A,MAPPO|mappo_seed99_20260517T003433/mappo_best.pt,MAPPO,99,P,"May 2026, pre-781c90c reward",7,-2821.7270779774954,685.9980185774957,2106.0,1.4790594000000001,28.25,202.22479220411827,201.8550273541183,0.07730426164519326,0.0,0.07730426164519326,0.07730426164519326,0.03865213082259663,78,7.421209117938553,78,5.026314692132999,5.026314692133001,1.0,0.24
main,v040,LOLO-nes-f3,secondary,LOLO,nested,3,A,MAPPO|mappo_seed99_20260517T003433/mappo_best.pt,MAPPO,99,P,"May 2026, pre-781c90c reward",8,-1038.4340931151587,382.3539979151587,648.0,0.45509520000000003,7.625,205.65817749740188,205.54440369740186,0.023785926660059464,0.0,0.023785926660059464,0.023785926660059464,0.011892963330029732,24,2.2834489593657086,24,5.026314692133001,5.026314692133001,1.0,0.24
main,v040,LOLO-nes-f3,secondary,LOLO,nested,3,A,MAPPO|mappo_seed99_20260517T003433/mappo_best.pt,MAPPO,99,P,"May 2026, pre-781c90c reward",9,-458.98117259002515,80.98117259002511,378.0,0.0,0.0,207.50261079819256,207.50261079819256,0.013875123885034688,0.013875123885034688,0.0,0.013875123885034688,0.0,0,0.0,14,33.64230108722876,144.2987835964076,1.0,0.24
main,v040,LOLO-nes-f3,secondary,LOLO,nested,3,A,Centralized PPO|ppo_multi_site_seed7_20260517T004954/ppo_multi_site.zip,Centralized PPO,7,P,"May 2026, pre-781c90c reward",all,-23257.826045831236,5878.9786772312345,17307.0,5.3473686,66.5,2106.0841184659557,2104.747276315956,0.06352824578790882,0.006442021803766105,0.06194251734390486,0.06352824578790882,0.0487611496531219,281,2.673538156590684,641,16.92727055933667,1486.087880334539,1.0,0.65
main,v040,LOLO-nes-f3,secondary,LOLO,nested,3,A,Centralized PPO|ppo_multi_site_seed7_20260517T004954/ppo_multi_site.zip,Centralized PPO,7,P,"May 2026, pre-781c90c reward",0,-3804.4054266319913,1326.5401410319912,2457.0,1.3652856,19.5,212.37122417497142,212.02990277497142,0.09018830525272548,0.0009910802775024777,0.09018830525272548,0.09018830525272548,0.05550049554013875,72,6.850346878097127,91,5.026314692132999,5.026314692133001,1.0,0.65
main,v040,LOLO-nes-f3,secondary,LOLO,nested,3,A,Centralized PPO|ppo_multi_site_seed7_20260517T004954/ppo_multi_site.zip,Centralized PPO,7,P,"May 2026, pre-781c90c reward",1,-868.3910531176041,868.3910531176041,0.0,0.0,0.0,206.89220781057955,206.89220781057955,0.0,0.0,0.0,0.0,0.0,0,0.0,0,0.0,0.0,0.0,0.65
main,v040,LOLO-nes-f3,secondary,LOLO,nested,3,A,Centralized PPO|ppo_multi_site_seed7_20260517T004954/ppo_multi_site.zip,Centralized PPO,7,P,"May 2026, pre-781c90c reward",2,-285.1954378476655,285.1954378476655,0.0,0.0,0.0,207.09884096626072,207.09884096626072,0.0,0.0,0.0,0.0,0.0,0,0.0,0,0.0,0.0,0.0,0.65
main,v040,LOLO-nes-f3,secondary,LOLO,nested,3,A,Centralized PPO|ppo_multi_site_seed7_20260517T004954/ppo_multi_site.zip,Centralized PPO,7,P,"May 2026, pre-781c90c reward",3,-164.86014599751928,137.86014599751928,27.0,0.0,0.0,207.40031374291866,207.40031374291866,0.0009910802775024777,0.0009910802775024777,0.0,0.0009910802775024777,0.0,0,0.0,1,6.9847963178015355,6.9847963178015355,1.0,0.65
main,v040,LOLO-nes-f3,secondary,LOLO,nested,3,A,Centralized PPO|ppo_multi_site_seed7_20260517T004954/ppo_multi_site.zip,Centralized PPO,7,P,"May 2026, pre-781c90c reward",4,-12438.229496145108,614.3290201451091,11799.0,2.275476,22.625,227.82774976093435,227.25888076093437,0.43310208126858274,0.03865213082259663,0.43310208126858274,0.43310208126858274,0.3785926660059465,120,11.417244796828543,437,18.25789765531381,1486.087880334539,1.0,0.65
main,v040,LOLO-nes-f3,secondary,LOLO,nested,3,A,Centralized PPO|ppo_multi_site_seed7_20260517T004954/ppo_multi_site.zip,Centralized PPO,7,P,"May 2026, pre-781c90c reward",5,-443.0774283086022,443.0774283086022,0.0,0.0,0.0,206.98878670227145,206.98878670227145,0.0,0.0,0.0,0.0,0.0,0,0.0,0,0.0,0.0,0.0,0.65
main,v040,LOLO-nes-f3,secondary,LOLO,nested,3,A,Centralized PPO|ppo_multi_site_seed7_20260517T004954/ppo_multi_site.zip,Centralized PPO,7,P,"May 2026, pre-781c90c reward",6,-955.8237164987011,955.8237164987011,0.0,0.0,0.0,206.79941960083954,206.79941960083954,0.0,0.0,0.0,0.0,0.0,0,0.0,0,0.0,0.0,0.0,0.65
main,v040,LOLO-nes-f3,secondary,LOLO,nested,3,A,Centralized PPO|ppo_multi_site_seed7_20260517T004954/ppo_multi_site.zip,Centralized PPO,7,P,"May 2026, pre-781c90c reward",7,-3437.096846467007,765.015239467007,2646.0,1.7066070000000002,24.375,216.21928819099088,215.79263644099092,0.09712586719524281,0.009910802775024777,0.09613478691774034,0.09712586719524281,0.053518334985133795,89,8.46778989098117,98,19.758239843260846,1438.7397111146686,1.0,0.65
main,v040,LOLO-nes-f3,secondary,LOLO,nested,3,A,Centralized PPO|ppo_multi_site_seed7_20260517T004954/ppo_multi_site.zip,Centralized PPO,7,P,"May 2026, pre-781c90c reward",8,-401.76532222701053,401.76532222701053,0.0,0.0,0.0,206.9836767179966,206.9836767179966,0.0,0.0,0.0,0.0,0.0,0,0.0,0,0.0,0.0,0.0,0.65
main,v040,LOLO-nes-f3,secondary,LOLO,nested,3,A,Centralized PPO|ppo_multi_site_seed7_20260517T004954/ppo_multi_site.zip,Centralized PPO,7,P,"May 2026, pre-781c90c reward",9,-458.98117259002515,80.98117259002511,378.0,0.0,0.0,207.50261079819256,207.50261079819256,0.013875123885034688,0.013875123885034688,0.0,0.013875123885034688,0.0,0,0.0,14,33.64230108722876,144.2987835964076,1.0,0.65
main,v040,LOLO-nes-f3,secondary,LOLO,nested,3,A,Centralized PPO|ppo_multi_site_seed13_20260517T004954/ppo_multi_site.zip,Centralized PPO,13,P,"May 2026, pre-781c90c reward",all,-22876.50716476832,6132.646125168318,16740.0,0.9860396,2.875,2124.452818622329,2124.2063087223287,0.061446977205153616,0.00713577799801784,0.0599603567888999,0.061446977205153616,0.0578790882061447,51,0.48523290386521306,620,10.300522892136353,1438.7397111146686,1.0,0.65
main,v040,LOLO-nes-f3,secondary,LOLO,nested,3,A,Centralized PPO|ppo_multi_site_seed13_20260517T004954/ppo_multi_site.zip,Centralized PPO,13,P,"May 2026, pre-781c90c reward",0,-1321.0761379987202,1321.0761379987202,0.0,0.0,0.0,206.73522957948546,206.73522957948546,0.0,0.0,0.0,0.0,0.0,0,0.0,0,0.0,0.0,0.0,0.65
main,v040,LOLO-nes-f3,secondary,LOLO,nested,3,A,Centralized PPO|ppo_multi_site_seed13_20260517T004954/ppo_multi_site.zip,Centralized PPO,13,P,"May 2026, pre-781c90c reward",1,-868.3910531176041,868.3910531176041,0.0,0.0,0.0,206.89220781057955,206.89220781057955,0.0,0.0,0.0,0.0,0.0,0,0.0,0,0.0,0.0,0.0,0.65
main,v040,LOLO-nes-f3,secondary,LOLO,nested,3,A,Centralized PPO|ppo_multi_site_seed13_20260517T004954/ppo_multi_site.zip,Centralized PPO,13,P,"May 2026, pre-781c90c reward",2,-285.1954378476655,285.1954378476655,0.0,0.0,0.0,207.09884096626072,207.09884096626072,0.0,0.0,0.0,0.0,0.0,0,0.0,0,0.0,0.0,0.0,0.65
main,v040,LOLO-nes-f3,secondary,LOLO,nested,3,A,Centralized PPO|ppo_multi_site_seed13_20260517T004954/ppo_multi_site.zip,Centralized PPO,13,P,"May 2026, pre-781c90c reward",3,-164.86014599751928,137.86014599751928,27.0,0.0,0.0,207.40031374291866,207.40031374291866,0.0009910802775024777,0.0009910802775024777,0.0,0.0009910802775024777,0.0,0,0.0,1,6.9847963178015355,6.9847963178015355,1.0,0.65
main,v040,LOLO-nes-f3,secondary,LOLO,nested,3,A,Centralized PPO|ppo_multi_site_seed13_20260517T004954/ppo_multi_site.zip,Centralized PPO,13,P,"May 2026, pre-781c90c reward",4,-1311.4172784818986,959.3035046818986,351.0,0.11377380000000001,1.0,209.31445711200033,209.28601366200033,0.01288404360753221,0.002973240832507433,0.01288404360753221,0.01288404360753221,0.010901883052527254,6,0.5708622398414271,13,115.31196057078957,1438.7397111146686,1.0,0.65
main,v040,LOLO-nes-f3,secondary,LOLO,nested,3,A,Centralized PPO|ppo_multi_site_seed13_20260517T004954/ppo_multi_site.zip,Centralized PPO,13,P,"May 2026, pre-781c90c reward",5,-443.0774283086022,443.0774283086022,0.0,0.0,0.0,206.98878670227145,206.98878670227145,0.0,0.0,0.0,0.0,0.0,0,0.0,0,0.0,0.0,0.0,0.65
main,v040,LOLO-nes-f3,secondary,LOLO,nested,3,A,Centralized PPO|ppo_multi_site_seed13_20260517T004954/ppo_multi_site.zip,Centralized PPO,13,P,"May 2026, pre-781c90c reward",6,-955.8237164987011,955.8237164987011,0.0,0.0,0.0,206.79941960083954,206.79941960083954,0.0,0.0,0.0,0.0,0.0,0,0.0,0,0.0,0.0,0.0,0.65
main,v040,LOLO-nes-f3,secondary,LOLO,nested,3,A,Centralized PPO|ppo_multi_site_seed13_20260517T004954/ppo_multi_site.zip,Centralized PPO,13,P,"May 2026, pre-781c90c reward",7,-16665.91947170057,679.1722059005713,15984.0,0.8722657999999999,1.875,258.7372755917836,258.5192091417836,0.5867195242814668,0.053518334985133795,0.5867195242814668,0.5867195242814668,0.5678889990089198,45,4.281466798810704,592,7.448127861765661,1438.7397111146686,1.0,0.65
main,v040,LOLO-nes-f3,secondary,LOLO,nested,3,A,Centralized PPO|ppo_multi_site_seed13_20260517T004954/ppo_multi_site.zip,Centralized PPO,13,P,"May 2026, pre-781c90c reward",8,-401.76532222701053,401.76532222701053,0.0,0.0,0.0,206.9836767179966,206.9836767179966,0.0,0.0,0.0,0.0,0.0,0,0.0,0,0.0,0.0,0.0,0.65
main,v040,LOLO-nes-f3,secondary,LOLO,nested,3,A,Centralized PPO|ppo_multi_site_seed13_20260517T004954/ppo_multi_site.zip,Centralized PPO,13,P,"May 2026, pre-781c90c reward",9,-458.98117259002515,80.98117259002511,378.0,0.0,0.0,207.50261079819256,207.50261079819256,0.013875123885034688,0.013875123885034688,0.0,0.013875123885034688,0.0,0,0.0,14,33.64230108722876,144.2987835964076,1.0,0.65
main,v040,LOLO-nes-f3,secondary,LOLO,nested,3,A,Centralized PPO|ppo_multi_site_seed42_20260517T004954/ppo_multi_site.zip,Centralized PPO,42,P,"May 2026, pre-781c90c reward",all,-28284.20725800121,5662.38807900121,22572.0,3.944179,45.875,2090.649832752788,2089.6637880027884,0.08285431119920714,0.0044598612487611496,0.08136769078295342,0.08285431119920714,0.07106045589692765,205,1.9504459861248762,836,7.222840634213795,1438.7397111146686,1.0,0.65
main,v040,LOLO-nes-f3,secondary,LOLO,nested,3,A,Centralized PPO|ppo_multi_site_seed42_20260517T004954/ppo_multi_site.zip,Centralized PPO,42,P,"May 2026, pre-781c90c reward",0,-6499.230098713178,1358.4673401131781,5130.0,1.1377586000000002,9.625,225.04237824783405,224.75793859783408,0.18830525272547077,0.008919722497522299,0.18830525272547077,0.18830525272547077,0.15857284440039643,60,5.708622398414271,190,5.026314692133,5.026314692133001,1.0,0.65
main,v040,LOLO-nes-f3,secondary,LOLO,nested,3,A,Centralized PPO|ppo_multi_site_seed42_20260517T004954/ppo_multi_site.zip,Centralized PPO,42,P,"May 2026, pre-781c90c reward",1,-5433.263679153973,518.8337705539725,4887.0,1.5549086,25.875,199.6231459039222,199.23441875392223,0.17938553022794845,0.002973240832507433,0.17938553022794845,0.17938553022794845,0.13875123885034688,81,7.706640237859267,181,5.026314692133,5.026314692133001,1.0,0.65
main,v040,LOLO-nes-f3,secondary,LOLO,nested,3,A,Centralized PPO|ppo_multi_site_seed42_20260517T004954/ppo_multi_site.zip,Centralized PPO,42,P,"May 2026, pre-781c90c reward",2,-285.1954378476655,285.1954378476655,0.0,0.0,0.0,207.09884096626072,207.09884096626072,0.0,0.0,0.0,0.0,0.0,0,0.0,0,0.0,0.0,0.0,0.65
main,v040,LOLO-nes-f3,secondary,LOLO,nested,3,A,Centralized PPO|ppo_multi_site_seed42_20260517T004954/ppo_multi_site.zip,Centralized PPO,42,P,"May 2026, pre-781c90c reward",3,-164.86014599751928,137.86014599751928,27.0,0.0,0.0,207.40031374291866,207.40031374291866,0.0009910802775024777,0.0009910802775024777,0.0,0.0009910802775024777,0.0,0,0.0,1,6.9847963178015355,6.9847963178015355,1.0,0.65
main,v040,LOLO-nes-f3,secondary,LOLO,nested,3,A,Centralized PPO|ppo_multi_site_seed42_20260517T004954/ppo_multi_site.zip,Centralized PPO,42,P,"May 2026, pre-781c90c reward",4,-955.63323163784,955.63323163784,0.0,0.0,0.0,206.80396286803608,206.80396286803608,0.0,0.0,0.0,0.0,0.0,0,0.0,0,0.0,0.0,0.0,0.65
main,v040,LOLO-nes-f3,secondary,LOLO,nested,3,A,Centralized PPO|ppo_multi_site_seed42_20260517T004954/ppo_multi_site.zip,Centralized PPO,42,P,"May 2026, pre-781c90c reward",5,-443.0774283086022,443.0774283086022,0.0,0.0,0.0,206.98878670227145,206.98878670227145,0.0,0.0,0.0,0.0,0.0,0,0.0,0,0.0,0.0,0.0,0.65
main,v040,LOLO-nes-f3,secondary,LOLO,nested,3,A,Centralized PPO|ppo_multi_site_seed42_20260517T004954/ppo_multi_site.zip,Centralized PPO,42,P,"May 2026, pre-781c90c reward",6,-2380.9551642128235,861.7233706128234,1512.0,0.6067936,6.625,203.86155339762746,203.70985499762745,0.05550049554013875,0.0,0.05550049554013875,0.05550049554013875,0.03964321110009911,31,2.949454905847374,56,5.026314692133,5.026314692133001,1.0,0.65
main,v040,LOLO-nes-f3,secondary,LOLO,nested,3,A,Centralized PPO|ppo_multi_site_seed42_20260517T004954/ppo_multi_site.zip,Centralized PPO,42,P,"May 2026, pre-781c90c reward",7,-11261.245577312573,618.8508591125732,10638.0,0.6447182,3.75,219.34456340772834,219.1833838577283,0.3904856293359762,0.017839444995044598,0.3904856293359762,0.3904856293359762,0.3736372646184341,33,3.1397423191278495,394,8.665181180515066,1438.7397111146686,1.0,0.65
main,v040,LOLO-nes-f3,secondary,LOLO,nested,3,A,Centralized PPO|ppo_multi_site_seed42_20260517T004954/ppo_multi_site.zip,Centralized PPO,42,P,"May 2026, pre-781c90c reward",8,-401.76532222701053,401.76532222701053,0.0,0.0,0.0,206.9836767179966,206.9836767179966,0.0,0.0,0.0,0.0,0.0,0,0.0,0,0.0,0.0,0.0,0.65
main,v040,LOLO-nes-f3,secondary,LOLO,nested,3,A,Centralized PPO|ppo_multi_site_seed42_20260517T004954/ppo_multi_site.zip,Centralized PPO,42,P,"May 2026, pre-781c90c reward",9,-458.98117259002515,80.98117259002511,378.0,0.0,0.0,207.50261079819256,207.50261079819256,0.013875123885034688,0.013875123885034688,0.0,0.013875123885034688,0.0,0,0.0,14,33.64230108722876,144.2987835964076,1.0,0.65
main,v040,LOLO-nes-f3,secondary,LOLO,nested,3,A,Centralized PPO|ppo_multi_site_seed99_20260517T004954/ppo_multi_site.zip,Centralized PPO,99,P,"May 2026, pre-781c90c reward",all,-52676.45923884248,5290.110627242479,47358.0,3.2236116,25.125,2249.857982793445,2249.052079893445,0.1738354806739346,0.023488602576808723,0.1717542120911794,0.1738354806739346,0.1688800792864222,168,1.5984142715559961,1754,91.46270924808162,2316.89596872039,1.0,0.65
main,v040,LOLO-nes-f3,secondary,LOLO,nested,3,A,Centralized PPO|ppo_multi_site_seed99_20260517T004954/ppo_multi_site.zip,Centralized PPO,99,P,"May 2026, pre-781c90c reward",0,-13220.724856757715,834.2415513577166,12366.0,1.8583053999999999,18.625,191.66109025721317,191.19651390721316,0.45391476709613476,0.003964321110009911,0.45391476709613476,0.45391476709613476,0.40634291377601583,97,9.228939544103072,458,8.15669328694203,1438.7397111146686,1.0,0.65
main,v040,LOLO-nes-f3,secondary,LOLO,nested,3,A,Centralized PPO|ppo_multi_site_seed99_20260517T004954/ppo_multi_site.zip,Centralized PPO,99,P,"May 2026, pre-781c90c reward",1,-868.3910531176041,868.3910531176041,0.0,0.0,0.0,206.89220781057955,206.89220781057955,0.0,0.0,0.0,0.0,0.0,0,0.0,0,0.0,0.0,0.0,0.65
main,v040,LOLO-nes-f3,secondary,LOLO,nested,3,A,Centralized PPO|ppo_multi_site_seed99_20260517T004954/ppo_multi_site.zip,Centralized PPO,99,P,"May 2026, pre-781c90c reward",2,-285.1954378476655,285.1954378476655,0.0,0.0,0.0,207.09884096626072,207.09884096626072,0.0,0.0,0.0,0.0,0.0,0,0.0,0,0.0,0.0,0.0,0.65
main,v040,LOLO-nes-f3,secondary,LOLO,nested,3,A,Centralized PPO|ppo_multi_site_seed99_20260517T004954/ppo_multi_site.zip,Centralized PPO,99,P,"May 2026, pre-781c90c reward",3,-164.86014599751928,137.86014599751928,27.0,0.0,0.0,207.40031374291866,207.40031374291866,0.0009910802775024777,0.0009910802775024777,0.0,0.0009910802775024777,0.0,0,0.0,1,6.9847963178015355,6.9847963178015355,1.0,0.65
main,v040,LOLO-nes-f3,secondary,LOLO,nested,3,A,Centralized PPO|ppo_multi_site_seed99_20260517T004954/ppo_multi_site.zip,Centralized PPO,99,P,"May 2026, pre-781c90c reward",4,-7103.196626879901,568.3286070798997,6534.0,0.4930198,0.375,196.3620313226923,196.2387763726923,0.2398414271555996,0.004955401387512388,0.2398414271555996,0.2398414271555996,0.22695738354806738,25,2.3785926660059467,242,5.026314692133,5.026314692133001,1.0,0.65
main,v040,LOLO-nes-f3,secondary,LOLO,nested,3,A,Centralized PPO|ppo_multi_site_seed99_20260517T004954/ppo_multi_site.zip,Centralized PPO,99,P,"May 2026, pre-781c90c reward",5,-443.0774283086022,443.0774283086022,0.0,0.0,0.0,206.98878670227145,206.98878670227145,0.0,0.0,0.0,0.0,0.0,0,0.0,0,0.0,0.0,0.0,0.65
main,v040,LOLO-nes-f3,secondary,LOLO,nested,3,A,Centralized PPO|ppo_multi_site_seed99_20260517T004954/ppo_multi_site.zip,Centralized PPO,99,P,"May 2026, pre-781c90c reward",6,-27075.487086446774,879.4069706467753,26190.0,0.45511579999999996,5.625,364.3039380927982,364.19015914279817,0.9613478691774033,0.16253716551040634,0.9593657086223984,0.9613478691774033,0.9821605550049554,24,2.2834489593657086,970,70.91081165587966,2316.89596872039,1.0,0.65
main,v040,LOLO-nes-f3,secondary,LOLO,nested,3,A,Centralized PPO|ppo_multi_site_seed99_20260517T004954/ppo_multi_site.zip,Centralized PPO,99,P,"May 2026, pre-781c90c reward",7,-757.4698178396243,757.4698178396243,0.0,0.0,0.0,206.7931468757224,206.7931468757224,0.0,0.0,0.0,0.0,0.0,0,0.0,0,0.0,0.0,0.0,0.65
main,v040,LOLO-nes-f3,secondary,LOLO,nested,3,A,Centralized PPO|ppo_multi_site_seed99_20260517T004954/ppo_multi_site.zip,Centralized PPO,99,P,"May 2026, pre-781c90c reward",8,-2299.0756130570467,435.15844245704665,1863.0,0.41717060000000006,0.5,254.85501622479597,254.75072357479598,0.06838453914767097,0.048562933597621406,0.06442021803766106,0.06838453914767097,0.07333994053518335,22,2.093161546085233,69,1249.4491887315548,2316.89596872039,1.0,0.65
main,v040,LOLO-nes-f3,secondary,LOLO,nested,3,A,Centralized PPO|ppo_multi_site_seed99_20260517T004954/ppo_multi_site.zip,Centralized PPO,99,P,"May 2026, pre-781c90c reward",9,-458.98117259002515,80.98117259002511,378.0,0.0,0.0,207.50261079819256,207.50261079819256,0.013875123885034688,0.013875123885034688,0.0,0.013875123885034688,0.0,0,0.0,14,33.64230108722876,144.2987835964076,1.0,0.65
main,v040,LOLO-nes-f3,secondary,LOLO,nested,3,A,MAPPO|mappo_nr_seed23/mappo_best.pt,MAPPO,23,T,"June 2026, current reward",all,-26225.622864363468,5410.2649131634635,20520.0,14.1079512,281.25,2038.78716655703,2035.2601787570302,0.0753221010901883,0.002180376610505451,0.07452923686818633,0.0753221010901883,0.03766105054509415,744,7.078691774033698,760,2426.785320742692,131778.55922178866,1.0,0.24
main,v040,LOLO-nes-f3,secondary,LOLO,nested,3,A,MAPPO|mappo_nr_seed23/mappo_best.pt,MAPPO,23,T,"June 2026, current reward",0,-6360.675702733298,1099.2849411332984,5184.0,3.6407616000000003,73.75,195.75976555164902,194.849575151649,0.19028741328047571,0.0,0.19028741328047571,0.19028741328047571,0.09514370664023786,192,18.26759167492567,192,5.026314692133,5.026314692133001,1.0,0.24
main,v040,LOLO-nes-f3,secondary,LOLO,nested,3,A,MAPPO|mappo_nr_seed23/mappo_best.pt,MAPPO,23,T,"June 2026, current reward",1,-3491.8969888827905,695.837834282791,2754.0,1.9341546000000003,40.125,200.87212445742426,200.38858580742428,0.10109018830525272,0.0,0.10109018830525272,0.10109018830525272,0.05054509415262636,102,9.704658077304263,102,5.026314692132999,5.026314692133001,1.0,0.24
main,v040,LOLO-nes-f3,secondary,LOLO,nested,3,A,MAPPO|mappo_nr_seed23/mappo_best.pt,MAPPO,23,T,"June 2026, current reward",2,-499.3802622002722,281.22856380027224,216.0,0.1516984,2.0,206.7838607599364,206.74593615993638,0.007928642220019821,0.0,0.007928642220019821,0.007928642220019821,0.003964321110009911,8,0.761149653121903,8,5.026314692133001,5.026314692133001,1.0,0.24
main,v040,LOLO-nes-f3,secondary,LOLO,nested,3,A,MAPPO|mappo_nr_seed23/mappo_best.pt,MAPPO,23,T,"June 2026, current reward",3,-164.86014599751928,137.86014599751928,27.0,0.0,0.0,207.40031374291866,207.40031374291866,0.0009910802775024777,0.0009910802775024777,0.0,0.0009910802775024777,0.0,0,0.0,1,6.9847963178015355,6.9847963178015355,1.0,0.24
main,v040,LOLO-nes-f3,secondary,LOLO,nested,3,A,MAPPO|mappo_nr_seed23/mappo_best.pt,MAPPO,23,T,"June 2026, current reward",4,-4149.5502526357395,804.4868520357393,3294.0,2.3134006000000005,48.75,199.4963717056238,198.91802155562382,0.12091179385530228,0.0,0.12091179385530228,0.12091179385530228,0.06045589692765114,122,11.607532210109019,122,5.026314692133001,5.026314692133001,1.0,0.24
main,v040,LOLO-nes-f3,secondary,LOLO,nested,3,A,MAPPO|mappo_nr_seed23/mappo_best.pt,MAPPO,23,T,"June 2026, current reward",5,-1834.3301267898592,410.46908718985907,1404.0,0.9860396000000001,18.875,204.59185285494894,204.34534295494893,0.05153617443012884,0.0,0.05153617443012884,0.05153617443012884,0.02576808721506442,52,4.947472745292369,52,5.026314692133,5.026314692133001,1.0,0.24
main,v040,LOLO-nes-f3,secondary,LOLO,nested,3,A,MAPPO|mappo_nr_seed23/mappo_best.pt,MAPPO,23,T,"June 2026, current reward",6,-4159.754640204851,818.5662396048513,3294.0,2.3134006000000005,44.875,200.18713790328206,199.60878775328206,0.12091179385530228,0.0,0.12091179385530228,0.12091179385530228,0.06045589692765114,122,11.607532210109019,122,5.026314692133001,5.026314692133001,1.0,0.24
main,v040,LOLO-nes-f3,secondary,LOLO,nested,3,A,MAPPO|mappo_nr_seed23/mappo_best.pt,MAPPO,23,T,"June 2026, current reward",7,-3497.6718185386794,701.6126639386794,2754.0,1.9341546,40.125,202.44664989580957,201.96311124580959,0.10109018830525272,0.0,0.10109018830525272,0.10109018830525272,0.05054509415262636,102,9.704658077304263,102,5.026314692132999,5.026314692133001,1.0,0.24
main,v040,LOLO-nes-f3,secondary,LOLO,nested,3,A,MAPPO|mappo_nr_seed23/mappo_best.pt,MAPPO,23,T,"June 2026, current reward",8,-1308.8502377121422,379.08051951214225,918.0,0.6447182,11.125,205.36825599825005,205.20707644825006,0.03369672943508424,0.0,0.03369672943508424,0.03369672943508424,0.01684836471754212,34,3.2348860257680876,34,5.026314692133002,5.026314692133001,1.0,0.24
main,v040,LOLO-nes-f3,secondary,LOLO,nested,3,A,MAPPO|mappo_nr_seed23/mappo_best.pt,MAPPO,23,T,"June 2026, current reward",9,-758.6526886683121,81.83806566831197,675.0,0.18962299999999999,1.625,215.8808336871874,215.8334279371874,0.024777006937561942,0.02081268582755203,0.017839444995044598,0.024777006937561942,0.01288404360753221,10,0.9514370664023787,25,73626.42175936408,131778.55922178866,1.0,0.24
main,v040,LOLO-nes-f3,secondary,LOLO,nested,3,A,MAPPO|mappo_nr_seed64/mappo_best.pt,MAPPO,64,T,"June 2026, current reward",all,-23168.357321504547,5292.286072504549,17631.0,11.946249,233.125,2030.5945221420377,2027.6079598920378,0.0647175421209118,0.0014866204162537165,0.06323092170465808,0.0647175421209118,0.03201189296333003,630,5.994053518334986,653,5.642826623460731,144.2987835964076,1.0,0.24
main,v040,LOLO-nes-f3,secondary,LOLO,nested,3,A,MAPPO|mappo_nr_seed64/mappo_best.pt,MAPPO,64,T,"June 2026, current reward",0,-5444.251325395728,1088.4182065957275,4293.0,2.9581188000000003,59.875,196.5174188990338,195.77788919903378,0.15758176412289396,0.0,0.15758176412289396,0.15758176412289396,0.0802775024777007,156,14.842418235877107,159,5.026314692133,5.026314692133001,1.0,0.24
main,v040,LOLO-nes-f3,secondary,LOLO,nested,3,A,MAPPO|mappo_nr_seed64/mappo_best.pt,MAPPO,64,T,"June 2026, current reward",1,-3052.624806185977,643.2440483859766,2376.0,1.6307578,31.75,201.02637639051673,200.6186869405167,0.08721506442021804,0.0,0.08721506442021804,0.08721506442021804,0.044598612487611496,86,8.182358771060457,88,5.026314692133,5.026314692133001,1.0,0.24
main,v040,LOLO-nes-f3,secondary,LOLO,nested,3,A,MAPPO|mappo_nr_seed64/mappo_best.pt,MAPPO,64,T,"June 2026, current reward",2,-499.0495896702623,280.89789127026233,216.0,0.1516984,2.0,206.78388477887702,206.745960178877,0.007928642220019821,0.0,0.007928642220019821,0.007928642220019821,0.003964321110009911,8,0.761149653121903,8,5.026314692133001,5.026314692133001,1.0,0.24
main,v040,LOLO-nes-f3,secondary,LOLO,nested,3,A,MAPPO|mappo_nr_seed64/mappo_best.pt,MAPPO,64,T,"June 2026, current reward",3,-164.86014599751928,137.86014599751928,27.0,0.0,0.0,207.40031374291866,207.40031374291866,0.0009910802775024777,0.0009910802775024777,0.0,0.0009910802775024777,0.0,0,0.0,1,6.9847963178015355,6.9847963178015355,1.0,0.24
main,v040,LOLO-nes-f3,secondary,LOLO,nested,3,A,MAPPO|mappo_nr_seed64/mappo_best.pt,MAPPO,64,T,"June 2026, current reward",4,-3928.64217421431,778.0183966143104,3105.0,2.1237776000000004,43.5,199.0971188986917,198.56617449869168,0.11397423191278494,0.0,0.11397423191278494,0.11397423191278494,0.05847373637264618,112,10.65609514370664,115,5.026314692133001,5.026314692133001,1.0,0.24
main,v040,LOLO-nes-f3,secondary,LOLO,nested,3,A,MAPPO|mappo_nr_seed64/mappo_best.pt,MAPPO,64,T,"June 2026, current reward",5,-1558.222480297607,409.176063697607,1134.0,0.7964166000000001,14.25,204.67681133420814,204.47770718420816,0.04162537165510406,0.0,0.04162537165510406,0.04162537165510406,0.02081268582755203,42,3.9960356788899905,42,5.026314692133001,5.026314692133001,1.0,0.24
main,v040,LOLO-nes-f3,secondary,LOLO,nested,3,A,MAPPO|mappo_nr_seed64/mappo_best.pt,MAPPO,64,T,"June 2026, current reward",6,-3880.2857228280527,813.4119452280527,3024.0,2.1237776000000004,40.75,200.10076767036992,199.5698232703699,0.1110009910802775,0.0,0.1110009910802775,0.1110009910802775,0.05550049554013875,112,10.65609514370664,112,5.026314692133,5.026314692133001,1.0,0.24
main,v040,LOLO-nes-f3,secondary,LOLO,nested,3,A,MAPPO|mappo_nr_seed64/mappo_best.pt,MAPPO,64,T,"June 2026, current reward",7,-3088.6506649243265,678.6069825243262,2376.0,1.6686824,32.375,201.91972049268665,201.5025498926867,0.08721506442021804,0.0,0.08721506442021804,0.08721506442021804,0.04360753221010902,88,8.372646184340931,88,5.026314692133,5.026314692133001,1.0,0.24
main,v040,LOLO-nes-f3,secondary,LOLO,nested,3,A,MAPPO|mappo_nr_seed64/mappo_best.pt,MAPPO,64,T,"June 2026, current reward",8,-1092.7892394007426,381.67121960074263,702.0,0.49301980000000006,8.625,205.56949913654256,205.44624418654254,0.02576808721506442,0.0,0.02576808721506442,0.02576808721506442,0.01288404360753221,26,2.4737363726461843,26,5.026314692133001,5.026314692133001,1.0,0.24
main,v040,LOLO-nes-f3,secondary,LOLO,nested,3,A,MAPPO|mappo_nr_seed64/mappo_best.pt,MAPPO,64,T,"June 2026, current reward",9,-458.98117259002515,80.98117259002511,378.0,0.0,0.0,207.50261079819256,207.50261079819256,0.013875123885034688,0.013875123885034688,0.0,0.013875123885034688,0.0,0,0.0,14,33.64230108722876,144.2987835964076,1.0,0.24
main,v040,LOLO-nes-f3,secondary,LOLO,nested,3,A,MAPPO|mappo_nr_seed99/mappo_best.pt,MAPPO,99,T,"June 2026, current reward",all,-22822.41176919528,5383.24221859528,17199.0,11.7945506,228.375,2031.9835379025762,2029.0349002525763,0.06313181367690783,0.0014866204162537165,0.06164519326065411,0.06313181367690783,0.030822596630327055,622,5.917938553022795,637,5.658312009490942,144.2987835964076,1.0,0.24
main,v040,LOLO-nes-f3,secondary,LOLO,nested,3,A,MAPPO|mappo_nr_seed99/mappo_best.pt,MAPPO,99,T,"June 2026, current reward",0,-5442.536138292011,1113.415094892011,4266.0,2.9960434,60.125,196.78647973690477,196.03746888690478,0.1565906838453915,0.0,0.1565906838453915,0.1565906838453915,0.07829534192269574,158,15.032705649157583,158,5.026314692132999,5.026314692133001,1.0,0.24
main,v040,LOLO-nes-f3,secondary,LOLO,nested,3,A,MAPPO|mappo_nr_seed99/mappo_best.pt,MAPPO,99,T,"June 2026, current reward",1,-3098.5951184561254,688.1764360561257,2376.0,1.6686824000000002,32.75,201.29682311982293,200.8796525198229,0.08721506442021804,0.0,0.08721506442021804,0.08721506442021804,0.04360753221010902,88,8.372646184340931,88,5.026314692133,5.026314692133001,1.0,0.24
main,v040,LOLO-nes-f3,secondary,LOLO,nested,3,A,MAPPO|mappo_nr_seed99/mappo_best.pt,MAPPO,99,T,"June 2026, current reward",2,-499.3802622002722,281.22856380027224,216.0,0.1516984,2.0,206.7838607599364,206.74593615993638,0.007928642220019821,0.0,0.007928642220019821,0.007928642220019821,0.003964321110009911,8,0.761149653121903,8,5.026314692133001,5.026314692133001,1.0,0.24
main,v040,LOLO-nes-f3,secondary,LOLO,nested,3,A,MAPPO|mappo_nr_seed99/mappo_best.pt,MAPPO,99,T,"June 2026, current reward",3,-164.86014599751928,137.86014599751928,27.0,0.0,0.0,207.40031374291866,207.40031374291866,0.0009910802775024777,0.0009910802775024777,0.0,0.0009910802775024777,0.0,0,0.0,1,6.9847963178015355,6.9847963178015355,1.0,0.24
main,v040,LOLO-nes-f3,secondary,LOLO,nested,3,A,MAPPO|mappo_nr_seed99/mappo_best.pt,MAPPO,99,T,"June 2026, current reward",4,-3816.875154615658,802.2893016156579,2970.0,2.085853,42.5,199.7236270850911,199.2021638350911,0.10901883052527254,0.0,0.10901883052527254,0.10901883052527254,0.05450941526263627,110,10.465807730426166,110,5.026314692133003,5.026314692133001,1.0,0.24
main,v040,LOLO-nes-f3,secondary,LOLO,nested,3,A,MAPPO|mappo_nr_seed99/mappo_best.pt,MAPPO,99,T,"June 2026, current reward",5,-1561.3038322781167,412.13241567811656,1134.0,0.7964166000000001,14.375,204.7637787596446,204.5646746096446,0.04162537165510406,0.0,0.04162537165510406,0.04162537165510406,0.02081268582755203,42,3.9960356788899905,42,5.026314692133001,5.026314692133001,1.0,0.24
main,v040,LOLO-nes-f3,secondary,LOLO,nested,3,A,MAPPO|mappo_nr_seed99/mappo_best.pt,MAPPO,99,T,"June 2026, current reward",6,-3598.5665871169385,806.6324325169385,2754.0,1.9341546,36.0,200.23816821718577,199.7546295671858,0.10109018830525272,0.0,0.10109018830525272,0.10109018830525272,0.05054509415262636,102,9.704658077304263,102,5.026314692132999,5.026314692133001,1.0,0.24
main,v040,LOLO-nes-f3,secondary,LOLO,nested,3,A,MAPPO|mappo_nr_seed99/mappo_best.pt,MAPPO,99,T,"June 2026, current reward",7,-3035.7567143019933,680.7509565019938,2322.0,1.6307578,31.375,202.00245375762108,201.59476430762106,0.08523290386521308,0.0,0.08523290386521308,0.08523290386521308,0.04261645193260654,86,8.182358771060457,86,5.026314692132999,5.026314692133001,1.0,0.24
main,v040,LOLO-nes-f3,secondary,LOLO,nested,3,A,MAPPO|mappo_nr_seed99/mappo_best.pt,MAPPO,99,T,"June 2026, current reward",8,-1145.5566433466208,379.7756989466208,756.0,0.5309444000000001,9.25,205.48542192525838,205.3526858252584,0.027750247770069375,0.0,0.027750247770069375,0.027750247770069375,0.013875123885034688,28,2.66402378592666,28,5.026314692133002,5.026314692133001,1.0,0.24
main,v040,LOLO-nes-f3,secondary,LOLO,nested,3,A,MAPPO|mappo_nr_seed99/mappo_best.pt,MAPPO,99,T,"June 2026, current reward",9,-458.98117259002515,80.98117259002511,378.0,0.0,0.0,207.50261079819256,207.50261079819256,0.013875123885034688,0.013875123885034688,0.0,0.013875123885034688,0.0,0,0.0,14,33.64230108722876,144.2987835964076,1.0,0.24
main,v040,LOLO-nes-f3,secondary,LOLO,nested,3,A,MAPPO|mappo_seed7_20260516T092249/mappo_best.pt,MAPPO,7,L,"May 2026, pre-781c90c reward",all,-22804.26278621589,5366.881160215891,17199.0,11.756625999999999,226.625,2032.521856000739,2029.582699500739,0.06313181367690783,0.0014866204162537165,0.06164519326065411,0.06313181367690783,0.030921704658077306,620,5.898909811694748,637,5.658312009490942,144.2987835964076,1.0,0.24
main,v040,LOLO-nes-f3,secondary,LOLO,nested,3,A,MAPPO|mappo_seed7_20260516T092249/mappo_best.pt,MAPPO,7,L,"May 2026, pre-781c90c reward",0,-5604.735250792489,1111.1254335924887,4428.0,3.1098172,62.5,196.51529871667134,195.73784441667135,0.16253716551040634,0.0,0.16253716551040634,0.16253716551040634,0.08126858275520317,164,15.60356788899901,164,5.026314692132999,5.026314692133001,1.0,0.24
main,v040,LOLO-nes-f3,secondary,LOLO,nested,3,A,MAPPO|mappo_seed7_20260516T092249/mappo_best.pt,MAPPO,7,L,"May 2026, pre-781c90c reward",1,-2964.4238569613726,663.7060237613723,2268.0,1.5928332,31.125,201.64725988599798,201.24905158599796,0.08325074331020813,0.0,0.08325074331020813,0.08325074331020813,0.04162537165510406,84,7.992071357779981,84,5.026314692132999,5.026314692133001,1.0,0.24
main,v040,LOLO-nes-f3,secondary,LOLO,nested,3,A,MAPPO|mappo_seed7_20260516T092249/mappo_best.pt,MAPPO,7,L,"May 2026, pre-781c90c reward",2,-445.25792268999487,281.6441488899949,162.0,0.11377380000000001,1.5,206.82784256280925,206.79939911280925,0.005946481665014866,0.0,0.005946481665014866,0.005946481665014866,0.002973240832507433,6,0.5708622398414271,6,5.026314692133,5.026314692133001,1.0,0.24
main,v040,LOLO-nes-f3,secondary,LOLO,nested,3,A,MAPPO|mappo_seed7_20260516T092249/mappo_best.pt,MAPPO,7,L,"May 2026, pre-781c90c reward",3,-164.86014599751928,137.86014599751928,27.0,0.0,0.0,207.40031374291866,207.40031374291866,0.0009910802775024777,0.0009910802775024777,0.0,0.0009910802775024777,0.0,0,0.0,1,6.9847963178015355,6.9847963178015355,1.0,0.24
main,v040,LOLO-nes-f3,secondary,LOLO,nested,3,A,MAPPO|mappo_seed7_20260516T092249/mappo_best.pt,MAPPO,7,L,"May 2026, pre-781c90c reward",4,-3818.8147334139194,804.2288804139195,2970.0,2.085853,42.5,199.80146643473262,199.2800031847326,0.10901883052527254,0.0,0.10901883052527254,0.10901883052527254,0.05450941526263627,110,10.465807730426166,110,5.026314692133003,5.026314692133001,1.0,0.24
main,v040,LOLO-nes-f3,secondary,LOLO,nested,3,A,MAPPO|mappo_seed7_20260516T092249/mappo_best.pt,MAPPO,7,L,"May 2026, pre-781c90c reward",5,-1535.417813526124,414.15932152612413,1107.0,0.758492,13.5,204.84104457848375,204.65142157848373,0.040634291377601585,0.0,0.040634291377601585,0.040634291377601585,0.02081268582755203,40,3.8057482656095147,41,5.026314692133001,5.026314692133001,1.0,0.24
main,v040,LOLO-nes-f3,secondary,LOLO,nested,3,A,MAPPO|mappo_seed7_20260516T092249/mappo_best.pt,MAPPO,7,L,"May 2026, pre-781c90c reward",6,-3676.747185675201,803.275106475201,2835.0,1.9720792,36.5,200.23198910896133,199.73896930896132,0.10406342913776016,0.0,0.10406342913776016,0.10406342913776016,0.05252725470763132,104,9.894945490584737,105,5.026314692133001,5.026314692133001,1.0,0.24
main,v040,LOLO-nes-f3,secondary,LOLO,nested,3,A,MAPPO|mappo_seed7_20260516T092249/mappo_best.pt,MAPPO,7,L,"May 2026, pre-781c90c reward",7,-2988.7655788406073,688.7977456406073,2268.0,1.5928332,30.375,202.22880671030504,201.83059841030504,0.08325074331020813,0.0,0.08325074331020813,0.08325074331020813,0.04162537165510406,84,7.992071357779981,84,5.026314692132999,5.026314692133001,1.0,0.24
main,v040,LOLO-nes-f3,secondary,LOLO,nested,3,A,MAPPO|mappo_seed7_20260516T092249/mappo_best.pt,MAPPO,7,L,"May 2026, pre-781c90c reward",8,-1146.259125728639,381.1031813286388,756.0,0.5309444000000001,8.625,205.52522346166643,205.39248736166644,0.027750247770069375,0.0,0.027750247770069375,0.027750247770069375,0.013875123885034688,28,2.66402378592666,28,5.026314692133002,5.026314692133001,1.0,0.24
main,v040,LOLO-nes-f3,secondary,LOLO,nested,3,A,MAPPO|mappo_seed7_20260516T092249/mappo_best.pt,MAPPO,7,L,"May 2026, pre-781c90c reward",9,-458.98117259002515,80.98117259002511,378.0,0.0,0.0,207.50261079819256,207.50261079819256,0.013875123885034688,0.013875123885034688,0.0,0.013875123885034688,0.0,0,0.0,14,33.64230108722876,144.2987835964076,1.0,0.24
main,v040,LOLO-nes-f3,secondary,LOLO,nested,3,A,MAPPO|mappo_seed13_20260516T092252/mappo_best.pt,MAPPO,13,L,"May 2026, pre-781c90c reward",all,-22274.649806814654,5431.147426814652,16605.0,11.37738,227.125,2034.4994641335281,2031.6551191335284,0.06095143706640238,0.0014866204162537165,0.05946481665014866,0.06095143706640238,0.02973240832507433,600,5.708622398414271,615,5.680920043607812,144.2987835964076,1.0,0.28
main,v040,LOLO-nes-f3,secondary,LOLO,nested,3,A,MAPPO|mappo_seed13_20260516T092252/mappo_best.pt,MAPPO,13,L,"May 2026, pre-781c90c reward",0,-5298.738050834381,1132.6057812343809,4104.0,2.8822696,59.25,197.12484117199938,196.40427377199939,0.1506442021803766,0.0,0.1506442021803766,0.1506442021803766,0.0753221010901883,152,14.461843409316156,152,5.026314692133,5.026314692133001,1.0,0.28
main,v040,LOLO-nes-f3,secondary,LOLO,nested,3,A,MAPPO|mappo_seed13_20260516T092252/mappo_best.pt,MAPPO,13,L,"May 2026, pre-781c90c reward",1,-3037.011566852373,681.2558090523733,2322.0,1.6307578,32.125,201.73939075468638,201.3317013046864,0.08523290386521308,0.0,0.08523290386521308,0.08523290386521308,0.04261645193260654,86,8.182358771060457,86,5.026314692132999,5.026314692133001,1.0,0.28
main,v040,LOLO-nes-f3,secondary,LOLO,nested,3,A,MAPPO|mappo_seed13_20260516T092252/mappo_best.pt,MAPPO,13,L,"May 2026, pre-781c90c reward",2,-391.5308535177726,282.45500431777253,108.0,0.0758492,1.0,206.92118991508517,206.90222761508514,0.003964321110009911,0.0,0.003964321110009911,0.003964321110009911,0.0019821605550049554,4,0.3805748265609515,4,5.026314692133001,5.026314692133001,1.0,0.28
main,v040,LOLO-nes-f3,secondary,LOLO,nested,3,A,MAPPO|mappo_seed13_20260516T092252/mappo_best.pt,MAPPO,13,L,"May 2026, pre-781c90c reward",3,-164.86014599751928,137.86014599751928,27.0,0.0,0.0,207.40031374291866,207.40031374291866,0.0009910802775024777,0.0009910802775024777,0.0,0.0009910802775024777,0.0,0,0.0,1,6.9847963178015355,6.9847963178015355,1.0,0.28
main,v040,LOLO-nes-f3,secondary,LOLO,nested,3,A,MAPPO|mappo_seed13_20260516T092252/mappo_best.pt,MAPPO,13,L,"May 2026, pre-781c90c reward",4,-3772.216784528343,812.1688561283431,2916.0,2.0479284000000004,42.0,199.91555470124587,199.40357260124586,0.10703666997026759,0.0,0.10703666997026759,0.10703666997026759,0.053518334985133795,108,10.27552031714569,108,5.026314692133002,5.026314692133001,1.0,0.28
main,v040,LOLO-nes-f3,secondary,LOLO,nested,3,A,MAPPO|mappo_seed13_20260516T092252/mappo_best.pt,MAPPO,13,L,"May 2026, pre-781c90c reward",5,-1514.7779872690305,419.2694952690305,1080.0,0.758492,14.75,205.07931606268505,204.88969306268507,0.03964321110009911,0.0,0.03964321110009911,0.03964321110009911,0.019821605550049554,40,3.8057482656095147,40,5.026314692133001,5.026314692133001,1.0,0.28
main,v040,LOLO-nes-f3,secondary,LOLO,nested,3,A,MAPPO|mappo_seed13_20260516T092252/mappo_best.pt,MAPPO,13,L,"May 2026, pre-781c90c reward",6,-3608.42506831075,814.36591371075,2754.0,1.9341546,38.125,200.64413830375776,200.16059965375777,0.10109018830525272,0.0,0.10109018830525272,0.10109018830525272,0.05054509415262636,102,9.704658077304263,102,5.026314692132999,5.026314692133001,1.0,0.28
main,v040,LOLO-nes-f3,secondary,LOLO,nested,3,A,MAPPO|mappo_seed13_20260516T092252/mappo_best.pt,MAPPO,13,L,"May 2026, pre-781c90c reward",7,-2987.777147813067,686.059314613067,2268.0,1.5928332000000003,32.125,202.4170375473633,202.0188292473633,0.08325074331020813,0.0,0.08325074331020813,0.08325074331020813,0.04162537165510406,84,7.992071357779981,84,5.026314692132999,5.026314692133001,1.0,0.28
main,v040,LOLO-nes-f3,secondary,LOLO,nested,3,A,MAPPO|mappo_seed13_20260516T092252/mappo_best.pt,MAPPO,13,L,"May 2026, pre-781c90c reward",8,-1040.3310291013909,384.1259339013908,648.0,0.45509520000000003,7.75,205.75507113559408,205.64129733559406,0.023785926660059464,0.0,0.023785926660059464,0.023785926660059464,0.011892963330029732,24,2.2834489593657086,24,5.026314692133001,5.026314692133001,1.0,0.28
main,v040,LOLO-nes-f3,secondary,LOLO,nested,3,A,MAPPO|mappo_seed13_20260516T092252/mappo_best.pt,MAPPO,13,L,"May 2026, pre-781c90c reward",9,-458.98117259002515,80.98117259002511,378.0,0.0,0.0,207.50261079819256,207.50261079819256,0.013875123885034688,0.013875123885034688,0.0,0.013875123885034688,0.0,0,0.0,14,33.64230108722876,144.2987835964076,1.0,0.28
main,v040,LOLO-nes-f3,secondary,LOLO,nested,3,A,MAPPO|mappo_seed42_20260516T081859/mappo_best.pt,MAPPO,42,L,"May 2026, pre-781c90c reward",all,-21591.750695099538,5410.453410299541,15957.0,10.922284799999998,213.375,2034.8176016966509,2032.0870304966506,0.05857284440039643,0.0014866204162537165,0.05708622398414272,0.05857284440039643,0.02854311199207136,576,5.480277502477701,591,5.707503002043337,144.2987835964076,1.0,0.28
main,v040,LOLO-nes-f3,secondary,LOLO,nested,3,A,MAPPO|mappo_seed42_20260516T081859/mappo_best.pt,MAPPO,42,L,"May 2026, pre-781c90c reward",0,-5025.793246768701,1134.8506001687,3834.0,2.6926466000000002,54.25,197.49381249052462,196.82065084052465,0.14073339940535184,0.0,0.14073339940535184,0.14073339940535184,0.07036669970267592,142,13.510406342913777,142,5.026314692132999,5.026314692133001,1.0,0.28
main,v040,LOLO-nes-f3,secondary,LOLO,nested,3,A,MAPPO|mappo_seed42_20260516T081859/mappo_best.pt,MAPPO,42,L,"May 2026, pre-781c90c reward",1,-2908.3271900606974,662.5222814606974,2214.0,1.5549086,30.25,201.68617328720484,201.29744613720487,0.08126858275520317,0.0,0.08126858275520317,0.08126858275520317,0.040634291377601585,82,7.801783944499505,82,5.026314692132999,5.026314692133001,1.0,0.28
main,v040,LOLO-nes-f3,secondary,LOLO,nested,3,A,MAPPO|mappo_seed42_20260516T081859/mappo_best.pt,MAPPO,42,L,"May 2026, pre-781c90c reward",2,-391.5308535177726,282.45500431777253,108.0,0.0758492,1.0,206.92118991508517,206.90222761508514,0.003964321110009911,0.0,0.003964321110009911,0.003964321110009911,0.0019821605550049554,4,0.3805748265609515,4,5.026314692133001,5.026314692133001,1.0,0.28
main,v040,LOLO-nes-f3,secondary,LOLO,nested,3,A,MAPPO|mappo_seed42_20260516T081859/mappo_best.pt,MAPPO,42,L,"May 2026, pre-781c90c reward",3,-164.86014599751928,137.86014599751928,27.0,0.0,0.0,207.40031374291866,207.40031374291866,0.0009910802775024777,0.0009910802775024777,0.0,0.0009910802775024777,0.0,0,0.0,1,6.9847963178015355,6.9847963178015355,1.0,0.28
main,v040,LOLO-nes-f3,secondary,LOLO,nested,3,A,MAPPO|mappo_seed42_20260516T081859/mappo_best.pt,MAPPO,42,L,"May 2026, pre-781c90c reward",4,-3764.33447259571,804.1615441957101,2916.0,2.0479284,42.125,199.85884110263035,199.34685900263037,0.10703666997026759,0.0,0.10703666997026759,0.10703666997026759,0.053518334985133795,108,10.27552031714569,108,5.026314692133002,5.026314692133001,1.0,0.28
main,v040,LOLO-nes-f3,secondary,LOLO,nested,3,A,MAPPO|mappo_seed42_20260516T081859/mappo_best.pt,MAPPO,42,L,"May 2026, pre-781c90c reward",5,-1619.9348238069292,415.3504826069294,1188.0,0.8343412000000001,15.75,204.88744074755516,204.67885544755518,0.04360753221010902,0.0,0.04360753221010902,0.04360753221010902,0.02180376610505451,44,4.186323092170466,44,5.026314692133002,5.026314692133001,1.0,0.28
main,v040,LOLO-nes-f3,secondary,LOLO,nested,3,A,MAPPO|mappo_seed42_20260516T081859/mappo_best.pt,MAPPO,42,L,"May 2026, pre-781c90c reward",6,-3552.233662533419,814.0874325334191,2700.0,1.89623,36.25,200.59309681205366,200.11903931205364,0.09910802775024777,0.0,0.09910802775024777,0.09910802775024777,0.049554013875123884,100,9.514370664023787,100,5.026314692132999,5.026314692133001,1.0,0.28
main,v040,LOLO-nes-f3,secondary,LOLO,nested,3,A,MAPPO|mappo_seed42_20260516T081859/mappo_best.pt,MAPPO,42,L,"May 2026, pre-781c90c reward",7,-2666.8856603185454,695.1453747185456,1944.0,1.3652856000000002,26.375,202.77149623428588,202.43017483428585,0.07135777998017839,0.0,0.07135777998017839,0.07135777998017839,0.035678889990089196,72,6.850346878097127,72,5.026314692133,5.026314692133001,1.0,0.28
main,v040,LOLO-nes-f3,secondary,LOLO,nested,3,A,MAPPO|mappo_seed42_20260516T081859/mappo_best.pt,MAPPO,42,L,"May 2026, pre-781c90c reward",8,-1038.8694669102224,383.0393717102226,648.0,0.45509520000000003,7.375,205.7026265662,205.58885276619998,0.023785926660059464,0.0,0.023785926660059464,0.023785926660059464,0.011892963330029732,24,2.2834489593657086,24,5.026314692133001,5.026314692133001,1.0,0.28
main,v040,LOLO-nes-f3,secondary,LOLO,nested,3,A,MAPPO|mappo_seed42_20260516T081859/mappo_best.pt,MAPPO,42,L,"May 2026, pre-781c90c reward",9,-458.98117259002515,80.98117259002511,378.0,0.0,0.0,207.50261079819256,207.50261079819256,0.013875123885034688,0.013875123885034688,0.0,0.013875123885034688,0.0,0,0.0,14,33.64230108722876,144.2987835964076,1.0,0.28
main,v040,LOLO-nes-f3,secondary,LOLO,nested,3,A,MAPPO|mappo_seed42_20260517T003433/mappo_best.pt,MAPPO,42,L,"May 2026, pre-781c90c reward",all,-21662.036134641883,4856.404798041882,16659.0,8.381336600000001,138.25,2016.522387496795,2014.4270533467952,0.061149653121902875,0.0014866204162537165,0.059663032705649155,0.061149653121902875,0.0377601585728444,442,4.205351833498514,617,5.678798146196224,144.2987835964076,1.0,0.28
main,v040,LOLO-nes-f3,secondary,LOLO,nested,3,A,MAPPO|mappo_seed42_20260517T003433/mappo_best.pt,MAPPO,42,L,"May 2026, pre-781c90c reward",0,-5099.9815375049875,987.596533704987,4077.0,2.0100038,33.375,192.50545247486983,192.00295152486984,0.14965312190287414,0.0,0.14965312190287414,0.14965312190287414,0.09712586719524281,106,10.085232903865213,151,5.026314692132999,5.026314692133001,1.0,0.28
main,v040,LOLO-nes-f3,secondary,LOLO,nested,3,A,MAPPO|mappo_seed42_20260517T003433/mappo_best.pt,MAPPO,42,L,"May 2026, pre-781c90c reward",1,-2877.31525206107,537.5904386610702,2322.0,1.0998134000000002,16.625,198.3856457565517,198.11069240655172,0.08523290386521308,0.0,0.08523290386521308,0.08523290386521308,0.05649157581764123,58,5.518334985133796,86,5.026314692132999,5.026314692133001,1.0,0.28
main,v040,LOLO-nes-f3,secondary,LOLO,nested,3,A,MAPPO|mappo_seed42_20260517T003433/mappo_best.pt,MAPPO,42,L,"May 2026, pre-781c90c reward",2,-338.3254736428546,283.7875490428546,54.0,0.0379246,0.5,207.01547249425465,207.00599134425465,0.0019821605550049554,0.0,0.0019821605550049554,0.0019821605550049554,0.0009910802775024777,2,0.19028741328047574,2,5.026314692133001,5.026314692133001,1.0,0.28
main,v040,LOLO-nes-f3,secondary,LOLO,nested,3,A,MAPPO|mappo_seed42_20260517T003433/mappo_best.pt,MAPPO,42,L,"May 2026, pre-781c90c reward",3,-164.86014599751928,137.86014599751928,27.0,0.0,0.0,207.40031374291866,207.40031374291866,0.0009910802775024777,0.0009910802775024777,0.0,0.0009910802775024777,0.0,0,0.0,1,6.9847963178015355,6.9847963178015355,1.0,0.28
main,v040,LOLO-nes-f3,secondary,LOLO,nested,3,A,MAPPO|mappo_seed42_20260517T003433/mappo_best.pt,MAPPO,42,L,"May 2026, pre-781c90c reward",4,-3986.4900047532797,665.97302075328,3294.0,1.5169839999999999,25.0,194.85970785558774,194.48046185558775,0.12091179385530228,0.0,0.12091179385530228,0.12091179385530228,0.08126858275520317,80,7.6114965312190295,122,5.026314692133001,5.026314692133001,1.0,0.28
main,v040,LOLO-nes-f3,secondary,LOLO,nested,3,A,MAPPO|mappo_seed42_20260517T003433/mappo_best.pt,MAPPO,42,L,"May 2026, pre-781c90c reward",5,-1227.144652712337,407.90163291233694,810.0,0.49301980000000006,8.75,204.95574503041843,204.83249008041844,0.02973240832507433,0.0,0.02973240832507433,0.02973240832507433,0.01684836471754212,26,2.4737363726461843,30,5.026314692133003,5.026314692133001,1.0,0.28
main,v040,LOLO-nes-f3,secondary,LOLO,nested,3,A,MAPPO|mappo_seed42_20260517T003433/mappo_best.pt,MAPPO,42,L,"May 2026, pre-781c90c reward",6,-3669.969782535449,726.6648739354494,2916.0,1.5549086,25.75,197.52074304648875,197.13201589648872,0.10703666997026759,0.0,0.10703666997026759,0.10703666997026759,0.06640237859266601,82,7.801783944499505,108,5.026314692133002,5.026314692133001,1.0,0.28
main,v040,LOLO-nes-f3,secondary,LOLO,nested,3,A,MAPPO|mappo_seed42_20260517T003433/mappo_best.pt,MAPPO,42,L,"May 2026, pre-781c90c reward",7,-2881.0112234879707,643.3467870879707,2214.0,1.2894364,22.375,200.5543915198461,200.23203241984612,0.08126858275520317,0.0,0.08126858275520317,0.08126858275520317,0.04757185332011893,68,6.469772051536175,82,5.026314692132999,5.026314692133001,1.0,0.28
main,v040,LOLO-nes-f3,secondary,LOLO,nested,3,A,MAPPO|mappo_seed42_20260517T003433/mappo_best.pt,MAPPO,42,L,"May 2026, pre-781c90c reward",8,-957.956889356389,384.702643356389,567.0,0.379246,5.875,205.82230477766672,205.72749327766672,0.02081268582755203,0.0,0.02081268582755203,0.02081268582755203,0.010901883052527254,20,1.9028741328047574,21,5.026314692133001,5.026314692133001,1.0,0.28
main,v040,LOLO-nes-f3,secondary,LOLO,nested,3,A,MAPPO|mappo_seed42_20260517T003433/mappo_best.pt,MAPPO,42,L,"May 2026, pre-781c90c reward",9,-458.98117259002515,80.98117259002511,378.0,0.0,0.0,207.50261079819256,207.50261079819256,0.013875123885034688,0.013875123885034688,0.0,0.013875123885034688,0.0,0,0.0,14,33.64230108722876,144.2987835964076,1.0,0.28
main,v040,LOLO-nes-f3,secondary,LOLO,nested,3,A,MAPPO|mappo_seed42_20260526T143428/mappo_best.pt,MAPPO,42,L,"May 2026, pre-781c90c reward",all,-23294.660373671013,5409.937426271013,17631.0,12.097947399999999,241.625,2033.0269982828213,2030.0025114328214,0.0647175421209118,0.0014866204162537165,0.06323092170465808,0.0647175421209118,0.03161546085232904,638,6.070168483647175,653,5.642826623460731,144.2987835964076,1.0,0.28
main,v040,LOLO-nes-f3,secondary,LOLO,nested,3,A,MAPPO|mappo_seed42_20260526T143428/mappo_best.pt,MAPPO,42,L,"May 2026, pre-781c90c reward",0,-5515.338630517936,1130.3046625179354,4320.0,3.033968,62.0,196.86685144438735,196.10835944438736,0.15857284440039643,0.0,0.15857284440039643,0.15857284440039643,0.07928642220019821,160,15.222993062438059,160,5.026314692133,5.026314692133001,1.0,0.28
main,v040,LOLO-nes-f3,secondary,LOLO,nested,3,A,MAPPO|mappo_seed42_20260526T143428/mappo_best.pt,MAPPO,42,L,"May 2026, pre-781c90c reward",1,-3183.3748824837007,662.5053508837008,2484.0,1.7445316,35.125,201.37412179476058,200.93798889476057,0.09117938553022795,0.0,0.09117938553022795,0.09117938553022795,0.04558969276511397,92,8.753221010901884,92,5.026314692132999,5.026314692133001,1.0,0.28
main,v040,LOLO-nes-f3,secondary,LOLO,nested,3,A,MAPPO|mappo_seed42_20260526T143428/mappo_best.pt,MAPPO,42,L,"May 2026, pre-781c90c reward",2,-391.5308535177726,282.45500431777253,108.0,0.0758492,1.0,206.92118991508517,206.90222761508514,0.003964321110009911,0.0,0.003964321110009911,0.003964321110009911,0.0019821605550049554,4,0.3805748265609515,4,5.026314692133001,5.026314692133001,1.0,0.28
main,v040,LOLO-nes-f3,secondary,LOLO,nested,3,A,MAPPO|mappo_seed42_20260526T143428/mappo_best.pt,MAPPO,42,L,"May 2026, pre-781c90c reward",3,-164.86014599751928,137.86014599751928,27.0,0.0,0.0,207.40031374291866,207.40031374291866,0.0009910802775024777,0.0009910802775024777,0.0,0.0009910802775024777,0.0,0,0.0,1,6.9847963178015355,6.9847963178015355,1.0,0.28
main,v040,LOLO-nes-f3,secondary,LOLO,nested,3,A,MAPPO|mappo_seed42_20260526T143428/mappo_best.pt,MAPPO,42,L,"May 2026, pre-781c90c reward",4,-3880.8381338392173,811.2143562392168,3024.0,2.1237776,43.5,199.77650017664354,199.24555577664353,0.1110009910802775,0.0,0.1110009910802775,0.1110009910802775,0.05550049554013875,112,10.65609514370664,112,5.026314692133,5.026314692133001,1.0,0.28
main,v040,LOLO-nes-f3,secondary,LOLO,nested,3,A,MAPPO|mappo_seed42_20260526T143428/mappo_best.pt,MAPPO,42,L,"May 2026, pre-781c90c reward",5,-1674.0387009799492,414.1664351799493,1242.0,0.8722658000000001,17.0,204.73846516165355,204.52039871165354,0.04558969276511397,0.0,0.04558969276511397,0.04558969276511397,0.022794846382556987,46,4.376610505450942,46,5.026314692133002,5.026314692133001,1.0,0.28
main,v040,LOLO-nes-f3,secondary,LOLO,nested,3,A,MAPPO|mappo_seed42_20260526T143428/mappo_best.pt,MAPPO,42,L,"May 2026, pre-781c90c reward",6,-3830.105227201206,817.2693742012062,2970.0,2.085853,40.75,200.58440255781812,200.06293930781817,0.10901883052527254,0.0,0.10901883052527254,0.10901883052527254,0.05450941526263627,110,10.465807730426166,110,5.026314692133003,5.026314692133001,1.0,0.28
main,v040,LOLO-nes-f3,secondary,LOLO,nested,3,A,MAPPO|mappo_seed42_20260526T143428/mappo_best.pt,MAPPO,42,L,"May 2026, pre-781c90c reward",7,-3049.989104662124,692.7333468621239,2322.0,1.6307578,33.625,202.3308593009184,201.92316985091838,0.08523290386521308,0.0,0.08523290386521308,0.08523290386521308,0.04261645193260654,86,8.182358771060457,86,5.026314692132999,5.026314692133001,1.0,0.28
main,v040,LOLO-nes-f3,secondary,LOLO,nested,3,A,MAPPO|mappo_seed42_20260526T143428/mappo_best.pt,MAPPO,42,L,"May 2026, pre-781c90c reward",8,-1145.6035218815637,380.44757748156354,756.0,0.5309444000000001,8.625,205.53168339044365,205.39894729044363,0.027750247770069375,0.0,0.027750247770069375,0.027750247770069375,0.013875123885034688,28,2.66402378592666,28,5.026314692133002,5.026314692133001,1.0,0.28
main,v040,LOLO-nes-f3,secondary,LOLO,nested,3,A,MAPPO|mappo_seed42_20260526T143428/mappo_best.pt,MAPPO,42,L,"May 2026, pre-781c90c reward",9,-458.98117259002515,80.98117259002511,378.0,0.0,0.0,207.50261079819256,207.50261079819256,0.013875123885034688,0.013875123885034688,0.0,0.013875123885034688,0.0,0,0.0,14,33.64230108722876,144.2987835964076,1.0,0.28
main,v040,LOLO-nes-f3,secondary,LOLO,nested,3,A,MAPPO|mappo_seed99_20260516T092254/mappo_best.pt,MAPPO,99,L,"May 2026, pre-781c90c reward",all,-23086.182933659882,5400.073760059884,17442.0,11.984173599999998,232.125,2033.7583927914566,2030.7623493914568,0.06402378592666005,0.0014866204162537165,0.06273538156590684,0.06402378592666005,0.031417244796828545,632,6.013082259663033,646,499.7617128311041,131778.55922178866,1.0,0.28
main,v040,LOLO-nes-f3,secondary,LOLO,nested,3,A,MAPPO|mappo_seed99_20260516T092254/mappo_best.pt,MAPPO,99,L,"May 2026, pre-781c90c reward",0,-5606.7101944210235,1113.3503772210242,4428.0,3.1098172,62.25,196.82811151779606,196.05065721779604,0.16253716551040634,0.0,0.16253716551040634,0.16253716551040634,0.08126858275520317,164,15.60356788899901,164,5.026314692132999,5.026314692133001,1.0,0.28
main,v040,LOLO-nes-f3,secondary,LOLO,nested,3,A,MAPPO|mappo_seed99_20260516T092254/mappo_best.pt,MAPPO,99,L,"May 2026, pre-781c90c reward",1,-3043.8887297288106,688.3829719288108,2322.0,1.6307578,31.875,201.4656546504596,201.0579652004596,0.08523290386521308,0.0,0.08523290386521308,0.08523290386521308,0.04261645193260654,86,8.182358771060457,86,5.026314692132999,5.026314692133001,1.0,0.28
main,v040,LOLO-nes-f3,secondary,LOLO,nested,3,A,MAPPO|mappo_seed99_20260516T092254/mappo_best.pt,MAPPO,99,L,"May 2026, pre-781c90c reward",2,-553.2427489079926,280.5531259079926,270.0,0.189623,2.5,206.7553621919301,206.7079564419301,0.009910802775024777,0.0,0.009910802775024777,0.009910802775024777,0.004955401387512388,10,0.9514370664023787,10,5.026314692133001,5.026314692133001,1.0,0.28
main,v040,LOLO-nes-f3,secondary,LOLO,nested,3,A,MAPPO|mappo_seed99_20260516T092254/mappo_best.pt,MAPPO,99,L,"May 2026, pre-781c90c reward",3,-164.86014599751928,137.86014599751928,27.0,0.0,0.0,207.40031374291866,207.40031374291866,0.0009910802775024777,0.0009910802775024777,0.0,0.0009910802775024777,0.0,0,0.0,1,6.9847963178015355,6.9847963178015355,1.0,0.28
main,v040,LOLO-nes-f3,secondary,LOLO,nested,3,A,MAPPO|mappo_seed99_20260516T092254/mappo_best.pt,MAPPO,99,L,"May 2026, pre-781c90c reward",4,-3816.026762200799,801.5659092007993,2970.0,2.085853,42.375,199.6718893372144,199.15042608721444,0.10901883052527254,0.0,0.10901883052527254,0.10901883052527254,0.05450941526263627,110,10.465807730426166,110,5.026314692133003,5.026314692133001,1.0,0.28
main,v040,LOLO-nes-f3,secondary,LOLO,nested,3,A,MAPPO|mappo_seed99_20260516T092254/mappo_best.pt,MAPPO,99,L,"May 2026, pre-781c90c reward",5,-1562.2333367864449,413.0619201864448,1134.0,0.7964166000000001,14.375,204.76714096093264,204.56803681093265,0.04162537165510406,0.0,0.04162537165510406,0.04162537165510406,0.02081268582755203,42,3.9960356788899905,42,5.026314692133001,5.026314692133001,1.0,0.28
main,v040,LOLO-nes-f3,secondary,LOLO,nested,3,A,MAPPO|mappo_seed99_20260516T092254/mappo_best.pt,MAPPO,99,L,"May 2026, pre-781c90c reward",6,-3665.2685155163044,818.4214363163047,2808.0,1.9720792,36.875,200.51348164427304,200.02046184427303,0.10307234886025768,0.0,0.10307234886025768,0.10307234886025768,0.05153617443012884,104,9.894945490584737,104,5.026314692133,5.026314692133001,1.0,0.28
main,v040,LOLO-nes-f3,secondary,LOLO,nested,3,A,MAPPO|mappo_seed99_20260516T092254/mappo_best.pt,MAPPO,99,L,"May 2026, pre-781c90c reward",7,-2987.5127496960845,686.4199164960845,2268.0,1.5928332,31.5,202.14760921003943,201.74940091003944,0.08325074331020813,0.0,0.08325074331020813,0.08325074331020813,0.04162537165510406,84,7.992071357779981,84,5.026314692132999,5.026314692133001,1.0,0.28
main,v040,LOLO-nes-f3,secondary,LOLO,nested,3,A,MAPPO|mappo_seed99_20260516T092254/mappo_best.pt,MAPPO,99,L,"May 2026, pre-781c90c reward",8,-1199.9385797451769,379.3697107451768,810.0,0.5688690000000001,10.0,205.44133370397196,205.29911645397198,0.02973240832507433,0.0,0.02973240832507433,0.02973240832507433,0.014866204162537165,30,2.8543111992071357,30,5.026314692133003,5.026314692133001,1.0,0.28
main,v040,LOLO-nes-f3,secondary,LOLO,nested,3,A,MAPPO|mappo_seed99_20260516T092254/mappo_best.pt,MAPPO,99,L,"May 2026, pre-781c90c reward",9,-486.5011706597277,81.08824605972768,405.0,0.0379246,0.375,208.76749583192083,208.75801468192083,0.014866204162537165,0.013875123885034688,0.002973240832507433,0.014866204162537165,0.0019821605550049554,2,0.19028741328047574,15,21311.50022910211,131778.55922178866,1.0,0.28
main,v040,LOLO-nes-f3,secondary,LOLO,nested,3,A,Centralized PPO|central_nr_seed1/ppo_multi_site.zip,Centralized PPO,1,L,"June 2026, current reward",all,-69051.76047321354,5581.987400813523,63369.0,6.5230724,94.25,2261.2334652304035,2259.6026971304036,0.23270564915758177,0.02101090188305253,0.23102081268582755,0.2326065411298315,0.21813676907829535,342,3.253914767096135,2347,13.776097950871035,2316.89596872039,1.0,0.69
main,v040,LOLO-nes-f3,secondary,LOLO,nested,3,A,Centralized PPO|central_nr_seed1/ppo_multi_site.zip,Centralized PPO,1,L,"June 2026, current reward",0,-24684.587734104443,875.7448803044407,23787.0,1.5928537999999999,20.25,220.2392293371862,219.8410158871862,0.8731417244796829,0.013875123885034688,0.8731417244796829,0.8731417244796829,0.8344895936570862,84,7.992071357779981,881,8.281055660175078,1438.7397111146686,1.0,0.69
main,v040,LOLO-nes-f3,secondary,LOLO,nested,3,A,Centralized PPO|central_nr_seed1/ppo_multi_site.zip,Centralized PPO,1,L,"June 2026, current reward",1,-923.1483651151245,868.6104405151245,54.0,0.0379246,0.5,206.9878435417882,206.9783623917882,0.0019821605550049554,0.0,0.0019821605550049554,0.0019821605550049554,0.0009910802775024777,1,0.09514370664023787,2,5.026314692133001,5.026314692133001,1.0,0.69
main,v040,LOLO-nes-f3,secondary,LOLO,nested,3,A,Centralized PPO|central_nr_seed1/ppo_multi_site.zip,Centralized PPO,1,L,"June 2026, current reward",2,-285.1954378476655,285.1954378476655,0.0,0.0,0.0,207.09884096626072,207.09884096626072,0.0,0.0,0.0,0.0,0.0,0,0.0,0,0.0,0.0,0.0,0.69
main,v040,LOLO-nes-f3,secondary,LOLO,nested,3,A,Centralized PPO|central_nr_seed1/ppo_multi_site.zip,Centralized PPO,1,L,"June 2026, current reward",3,-164.86014599751928,137.86014599751928,27.0,0.0,0.0,207.40031374291866,207.40031374291866,0.0009910802775024777,0.0009910802775024777,0.0,0.0009910802775024777,0.0,0,0.0,1,6.9847963178015355,6.9847963178015355,1.0,0.69
main,v040,LOLO-nes-f3,secondary,LOLO,nested,3,A,Centralized PPO|central_nr_seed1/ppo_multi_site.zip,Centralized PPO,1,L,"June 2026, current reward",4,-955.63323163784,955.63323163784,0.0,0.0,0.0,206.80396286803608,206.80396286803608,0.0,0.0,0.0,0.0,0.0,0,0.0,0,0.0,0.0,0.0,0.69
main,v040,LOLO-nes-f3,secondary,LOLO,nested,3,A,Centralized PPO|central_nr_seed1/ppo_multi_site.zip,Centralized PPO,1,L,"June 2026, current reward",5,-443.0774283086022,443.0774283086022,0.0,0.0,0.0,206.98878670227145,206.98878670227145,0.0,0.0,0.0,0.0,0.0,0,0.0,0,0.0,0.0,0.0,0.69
main,v040,LOLO-nes-f3,secondary,LOLO,nested,3,A,Centralized PPO|central_nr_seed1/ppo_multi_site.zip,Centralized PPO,1,L,"June 2026, current reward",6,-14221.919688020304,681.0416644203032,13500.0,2.5030236,38.375,219.2776136916384,218.6518577916384,0.4965312190287413,0.015857284440039643,0.49554013875123887,0.49554013875123887,0.4370664023785927,131,12.46382556987116,500,16.963628314216102,1625.1947672462072,1.0,0.69
main,v040,LOLO-nes-f3,secondary,LOLO,nested,3,A,Centralized PPO|central_nr_seed1/ppo_multi_site.zip,Centralized PPO,1,L,"June 2026, current reward",7,-26512.591947364992,852.0776769649922,25623.0,2.3892704,35.125,371.95058686411465,371.3532692641146,0.9405351833498513,0.16551040634291378,0.9395441030723488,0.9405351833498513,0.908820614469772,126,11.988107036669971,949,16.930503747153583,2316.89596872039,1.0,0.69
main,v040,LOLO-nes-f3,secondary,LOLO,nested,3,A,Centralized PPO|central_nr_seed1/ppo_multi_site.zip,Centralized PPO,1,L,"June 2026, current reward",8,-401.76532222701053,401.76532222701053,0.0,0.0,0.0,206.9836767179966,206.9836767179966,0.0,0.0,0.0,0.0,0.0,0,0.0,0,0.0,0.0,0.0,0.69
main,v040,LOLO-nes-f3,secondary,LOLO,nested,3,A,Centralized PPO|central_nr_seed1/ppo_multi_site.zip,Centralized PPO,1,L,"June 2026, current reward",9,-458.98117259002515,80.98117259002511,378.0,0.0,0.0,207.50261079819256,207.50261079819256,0.013875123885034688,0.013875123885034688,0.0,0.013875123885034688,0.0,0,0.0,14,33.64230108722876,144.2987835964076,1.0,0.69
main,v040,LOLO-nes-f3,secondary,LOLO,nested,3,A,Centralized PPO|central_nr_seed7/ppo_multi_site.zip,Centralized PPO,7,L,"June 2026, current reward",all,-7051.228745780786,6211.126198180787,837.0,0.2275476,2.875,2072.5696314314287,2072.5127445314283,0.003072348860257681,0.0015857284440039642,0.0015857284440039642,0.003072348860257681,0.0010901883052527254,12,0.11417244796828543,31,18.01284021332685,144.2987835964076,1.0,0.69
main,v040,LOLO-nes-f3,secondary,LOLO,nested,3,A,Centralized PPO|central_nr_seed7/ppo_multi_site.zip,Centralized PPO,7,L,"June 2026, current reward",0,-1321.0761379987202,1321.0761379987202,0.0,0.0,0.0,206.73522957948546,206.73522957948546,0.0,0.0,0.0,0.0,0.0,0,0.0,0,0.0,0.0,0.0,0.69
main,v040,LOLO-nes-f3,secondary,LOLO,nested,3,A,Centralized PPO|central_nr_seed7/ppo_multi_site.zip,Centralized PPO,7,L,"June 2026, current reward",1,-868.3910531176041,868.3910531176041,0.0,0.0,0.0,206.89220781057955,206.89220781057955,0.0,0.0,0.0,0.0,0.0,0,0.0,0,0.0,0.0,0.0,0.69
main,v040,LOLO-nes-f3,secondary,LOLO,nested,3,A,Centralized PPO|central_nr_seed7/ppo_multi_site.zip,Centralized PPO,7,L,"June 2026, current reward",2,-285.1954378476655,285.1954378476655,0.0,0.0,0.0,207.09884096626072,207.09884096626072,0.0,0.0,0.0,0.0,0.0,0,0.0,0,0.0,0.0,0.0,0.69
main,v040,LOLO-nes-f3,secondary,LOLO,nested,3,A,Centralized PPO|central_nr_seed7/ppo_multi_site.zip,Centralized PPO,7,L,"June 2026, current reward",3,-164.86014599751928,137.86014599751928,27.0,0.0,0.0,207.40031374291866,207.40031374291866,0.0009910802775024777,0.0009910802775024777,0.0,0.0009910802775024777,0.0,0,0.0,1,6.9847963178015355,6.9847963178015355,1.0,0.69
main,v040,LOLO-nes-f3,secondary,LOLO,nested,3,A,Centralized PPO|central_nr_seed7/ppo_multi_site.zip,Centralized PPO,7,L,"June 2026, current reward",4,-1010.5003672839075,955.9624426839075,54.0,0.0379246,0.5,207.01309684622115,207.00361569622115,0.0019821605550049554,0.0,0.0019821605550049554,0.0019821605550049554,0.0009910802775024777,2,0.19028741328047574,2,5.026314692133001,5.026314692133001,1.0,0.69
main,v040,LOLO-nes-f3,secondary,LOLO,nested,3,A,Centralized PPO|central_nr_seed7/ppo_multi_site.zip,Centralized PPO,7,L,"June 2026, current reward",5,-443.0774283086022,443.0774283086022,0.0,0.0,0.0,206.98878670227145,206.98878670227145,0.0,0.0,0.0,0.0,0.0,0,0.0,0,0.0,0.0,0.0,0.69
main,v040,LOLO-nes-f3,secondary,LOLO,nested,3,A,Centralized PPO|central_nr_seed7/ppo_multi_site.zip,Centralized PPO,7,L,"June 2026, current reward",6,-955.8237164987011,955.8237164987011,0.0,0.0,0.0,206.79941960083954,206.79941960083954,0.0,0.0,0.0,0.0,0.0,0,0.0,0,0.0,0.0,0.0,0.69
main,v040,LOLO-nes-f3,secondary,LOLO,nested,3,A,Centralized PPO|central_nr_seed7/ppo_multi_site.zip,Centralized PPO,7,L,"June 2026, current reward",7,-1141.5579639110315,760.9933409110314,378.0,0.189623,2.375,209.1554486666629,209.1080429166629,0.013875123885034688,0.0009910802775024777,0.013875123885034688,0.013875123885034688,0.009910802775024777,10,0.9514370664023787,14,5.026314692133,5.026314692133001,1.0,0.69
main,v040,LOLO-nes-f3,secondary,LOLO,nested,3,A,Centralized PPO|central_nr_seed7/ppo_multi_site.zip,Centralized PPO,7,L,"June 2026, current reward",8,-401.76532222701053,401.76532222701053,0.0,0.0,0.0,206.9836767179966,206.9836767179966,0.0,0.0,0.0,0.0,0.0,0,0.0,0,0.0,0.0,0.0,0.69
main,v040,LOLO-nes-f3,secondary,LOLO,nested,3,A,Centralized PPO|central_nr_seed7/ppo_multi_site.zip,Centralized PPO,7,L,"June 2026, current reward",9,-458.98117259002515,80.98117259002511,378.0,0.0,0.0,207.50261079819256,207.50261079819256,0.013875123885034688,0.013875123885034688,0.0,0.013875123885034688,0.0,0,0.0,14,33.64230108722876,144.2987835964076,1.0,0.69
main,v040,LOLO-nes-f3,secondary,LOLO,nested,3,A,Centralized PPO|central_nr_seed13/ppo_multi_site.zip,Centralized PPO,13,L,"June 2026, current reward",all,-14697.36816759083,5782.637596390832,8883.0,2.7305712000000004,29.0,2063.3823141688717,2062.699671368872,0.032606541129831516,0.002477700693756194,0.0311199207135778,0.032606541129831516,0.023984142715559962,143,1.3605550049554016,329,10.607760551037389,1438.7397111146686,1.0,0.69
main,v040,LOLO-nes-f3,secondary,LOLO,nested,3,A,Centralized PPO|central_nr_seed13/ppo_multi_site.zip,Centralized PPO,13,L,"June 2026, current reward",0,-1321.0761379987202,1321.0761379987202,0.0,0.0,0.0,206.73522957948546,206.73522957948546,0.0,0.0,0.0,0.0,0.0,0,0.0,0,0.0,0.0,0.0,0.69
main,v040,LOLO-nes-f3,secondary,LOLO,nested,3,A,Centralized PPO|central_nr_seed13/ppo_multi_site.zip,Centralized PPO,13,L,"June 2026, current reward",1,-4379.675119027748,558.2494564277488,3807.0,1.1756626000000001,13.25,200.50929537123443,200.21537972123446,0.13974231912784935,0.0019821605550049554,0.13974231912784935,0.13974231912784935,0.10901883052527254,61,5.8037661050545095,141,5.026314692132999,5.026314692133001,1.0,0.69
main,v040,LOLO-nes-f3,secondary,LOLO,nested,3,A,Centralized PPO|central_nr_seed13/ppo_multi_site.zip,Centralized PPO,13,L,"June 2026, current reward",2,-285.1954378476655,285.1954378476655,0.0,0.0,0.0,207.09884096626072,207.09884096626072,0.0,0.0,0.0,0.0,0.0,0,0.0,0,0.0,0.0,0.0,0.69
main,v040,LOLO-nes-f3,secondary,LOLO,nested,3,A,Centralized PPO|central_nr_seed13/ppo_multi_site.zip,Centralized PPO,13,L,"June 2026, current reward",3,-164.86014599751928,137.86014599751928,27.0,0.0,0.0,207.40031374291866,207.40031374291866,0.0009910802775024777,0.0009910802775024777,0.0,0.0009910802775024777,0.0,0,0.0,1,6.9847963178015355,6.9847963178015355,1.0,0.69
main,v040,LOLO-nes-f3,secondary,LOLO,nested,3,A,Centralized PPO|central_nr_seed13/ppo_multi_site.zip,Centralized PPO,13,L,"June 2026, current reward",4,-2669.925584798964,938.1825649989637,1728.0,0.49301980000000006,3.25,208.93253795699525,208.80928300699526,0.06342913776015857,0.003964321110009911,0.06342913776015857,0.06342913776015857,0.05054509415262636,26,2.4737363726461843,64,5.026314692133,5.026314692133001,1.0,0.69
main,v040,LOLO-nes-f3,secondary,LOLO,nested,3,A,Centralized PPO|central_nr_seed13/ppo_multi_site.zip,Centralized PPO,13,L,"June 2026, current reward",5,-443.0774283086022,443.0774283086022,0.0,0.0,0.0,206.98878670227145,206.98878670227145,0.0,0.0,0.0,0.0,0.0,0,0.0,0,0.0,0.0,0.0,0.69
main,v040,LOLO-nes-f3,secondary,LOLO,nested,3,A,Centralized PPO|central_nr_seed13/ppo_multi_site.zip,Centralized PPO,13,L,"June 2026, current reward",6,-1010.9802393898232,956.4423147898232,54.0,0.0379246,0.5,207.43483894083334,207.42535779083335,0.0019821605550049554,0.0,0.0019821605550049554,0.0019821605550049554,0.0009910802775024777,2,0.19028741328047574,2,5.026314692133001,5.026314692133001,1.0,0.69
main,v040,LOLO-nes-f3,secondary,LOLO,nested,3,A,Centralized PPO|central_nr_seed13/ppo_multi_site.zip,Centralized PPO,13,L,"June 2026, current reward",7,-3561.8315794047535,659.8076152047533,2889.0,1.0239642,12.0,203.79618339268336,203.54019234268338,0.10604558969276512,0.003964321110009911,0.10604558969276512,0.10604558969276512,0.07928642220019821,54,5.137760158572845,107,18.425505312904356,1438.7397111146686,1.0,0.69
main,v040,LOLO-nes-f3,secondary,LOLO,nested,3,A,Centralized PPO|central_nr_seed13/ppo_multi_site.zip,Centralized PPO,13,L,"June 2026, current reward",8,-401.76532222701053,401.76532222701053,0.0,0.0,0.0,206.9836767179966,206.9836767179966,0.0,0.0,0.0,0.0,0.0,0,0.0,0,0.0,0.0,0.0,0.69
main,v040,LOLO-nes-f3,secondary,LOLO,nested,3,A,Centralized PPO|central_nr_seed13/ppo_multi_site.zip,Centralized PPO,13,L,"June 2026, current reward",9,-458.98117259002515,80.98117259002511,378.0,0.0,0.0,207.50261079819256,207.50261079819256,0.013875123885034688,0.013875123885034688,0.0,0.013875123885034688,0.0,0,0.0,14,33.64230108722876,144.2987835964076,1.0,0.69
main,v040,LOLO-nes-f3,secondary,LOLO,nested,3,A,Centralized PPO|central_nr_seed42/ppo_multi_site.zip,Centralized PPO,42,L,"June 2026, current reward",all,-33374.45237564271,5807.452355042711,27567.0,2.06e-05,0.0,2104.187339643215,2104.187334493215,0.10118929633300297,0.003865213082259663,0.09970267591674925,0.10118929633300297,0.1,0,0.0,1021,8.229065998697234,1438.7397111146686,1.0,0.7
main,v040,LOLO-nes-f3,secondary,LOLO,nested,3,A,Centralized PPO|central_nr_seed42/ppo_multi_site.zip,Centralized PPO,42,L,"June 2026, current reward",0,-28083.255049578118,921.2550289781191,27162.0,2.06e-05,0.0,240.92437356039767,240.92436841039768,0.9970267591674926,0.023785926660059464,0.9970267591674926,0.9970267591674926,1.0,0,0.0,1006,7.876639535915376,1438.7397111146686,1.0,0.7
main,v040,LOLO-nes-f3,secondary,LOLO,nested,3,A,Centralized PPO|central_nr_seed42/ppo_multi_site.zip,Centralized PPO,42,L,"June 2026, current reward",1,-868.3910531176041,868.3910531176041,0.0,0.0,0.0,206.89220781057955,206.89220781057955,0.0,0.0,0.0,0.0,0.0,0,0.0,0,0.0,0.0,0.0,0.7
main,v040,LOLO-nes-f3,secondary,LOLO,nested,3,A,Centralized PPO|central_nr_seed42/ppo_multi_site.zip,Centralized PPO,42,L,"June 2026, current reward",2,-285.1954378476655,285.1954378476655,0.0,0.0,0.0,207.09884096626072,207.09884096626072,0.0,0.0,0.0,0.0,0.0,0,0.0,0,0.0,0.0,0.0,0.7
main,v040,LOLO-nes-f3,secondary,LOLO,nested,3,A,Centralized PPO|central_nr_seed42/ppo_multi_site.zip,Centralized PPO,42,L,"June 2026, current reward",3,-164.86014599751928,137.86014599751928,27.0,0.0,0.0,207.40031374291866,207.40031374291866,0.0009910802775024777,0.0009910802775024777,0.0,0.0009910802775024777,0.0,0,0.0,1,6.9847963178015355,6.9847963178015355,1.0,0.7
main,v040,LOLO-nes-f3,secondary,LOLO,nested,3,A,Centralized PPO|central_nr_seed42/ppo_multi_site.zip,Centralized PPO,42,L,"June 2026, current reward",4,-955.63323163784,955.63323163784,0.0,0.0,0.0,206.80396286803608,206.80396286803608,0.0,0.0,0.0,0.0,0.0,0,0.0,0,0.0,0.0,0.0,0.7
main,v040,LOLO-nes-f3,secondary,LOLO,nested,3,A,Centralized PPO|central_nr_seed42/ppo_multi_site.zip,Centralized PPO,42,L,"June 2026, current reward",5,-443.0774283086022,443.0774283086022,0.0,0.0,0.0,206.98878670227145,206.98878670227145,0.0,0.0,0.0,0.0,0.0,0,0.0,0,0.0,0.0,0.0,0.7
main,v040,LOLO-nes-f3,secondary,LOLO,nested,3,A,Centralized PPO|central_nr_seed42/ppo_multi_site.zip,Centralized PPO,42,L,"June 2026, current reward",6,-955.8237164987011,955.8237164987011,0.0,0.0,0.0,206.79941960083954,206.79941960083954,0.0,0.0,0.0,0.0,0.0,0,0.0,0,0.0,0.0,0.0,0.7
main,v040,LOLO-nes-f3,secondary,LOLO,nested,3,A,Centralized PPO|central_nr_seed42/ppo_multi_site.zip,Centralized PPO,42,L,"June 2026, current reward",7,-757.4698178396243,757.4698178396243,0.0,0.0,0.0,206.7931468757224,206.7931468757224,0.0,0.0,0.0,0.0,0.0,0,0.0,0,0.0,0.0,0.0,0.7
main,v040,LOLO-nes-f3,secondary,LOLO,nested,3,A,Centralized PPO|central_nr_seed42/ppo_multi_site.zip,Centralized PPO,42,L,"June 2026, current reward",8,-401.76532222701053,401.76532222701053,0.0,0.0,0.0,206.9836767179966,206.9836767179966,0.0,0.0,0.0,0.0,0.0,0,0.0,0,0.0,0.0,0.0,0.7
main,v040,LOLO-nes-f3,secondary,LOLO,nested,3,A,Centralized PPO|central_nr_seed42/ppo_multi_site.zip,Centralized PPO,42,L,"June 2026, current reward",9,-458.98117259002515,80.98117259002511,378.0,0.0,0.0,207.50261079819256,207.50261079819256,0.013875123885034688,0.013875123885034688,0.0,0.013875123885034688,0.0,0,0.0,14,33.64230108722876,144.2987835964076,1.0,0.7
main,v040,LOLO-nes-f3,secondary,LOLO,nested,3,A,Centralized PPO|central_nr_seed23/ppo_multi_site.zip,Centralized PPO,23,L,"Aug 2026, current reward",all,-77167.28163801439,4961.220661614403,72117.0,6.5609764,82.5,2241.8216000852362,2240.181355985236,0.2647175421209118,0.021605550049554015,0.2630327056491576,0.2647175421209118,0.24965312190287414,342,3.253914767096135,2671,30.17718370704739,2316.89596872039,1.0,0.72
main,v040,LOLO-nes-f3,secondary,LOLO,nested,3,A,Centralized PPO|central_nr_seed23/ppo_multi_site.zip,Centralized PPO,23,L,"Aug 2026, current reward",0,-28139.53877170621,925.8151807062109,27162.0,3.223591,48.5,234.48115349577307,233.6752557457731,0.9970267591674926,0.019821605550049554,0.9970267591674926,0.9970267591674926,0.9157581764122894,169,16.079286422200198,1006,7.876639535915376,1438.7397111146686,1.0,0.72
main,v040,LOLO-nes-f3,secondary,LOLO,nested,3,A,Centralized PPO|central_nr_seed23/ppo_multi_site.zip,Centralized PPO,23,L,"Aug 2026, current reward",1,-2957.4720234968863,651.012682296886,2295.0,0.8343412,10.625,201.53073107830102,201.32214577830104,0.08424182358771061,0.0009910802775024777,0.08424182358771061,0.08424182358771061,0.062438057482656094,43,4.0911793855302285,85,5.026314692132999,5.026314692133001,1.0,0.72
main,v040,LOLO-nes-f3,secondary,LOLO,nested,3,A,Centralized PPO|central_nr_seed23/ppo_multi_site.zip,Centralized PPO,23,L,"Aug 2026, current reward",2,-285.1954378476655,285.1954378476655,0.0,0.0,0.0,207.09884096626072,207.09884096626072,0.0,0.0,0.0,0.0,0.0,0,0.0,0,0.0,0.0,0.0,0.72
main,v040,LOLO-nes-f3,secondary,LOLO,nested,3,A,Centralized PPO|central_nr_seed23/ppo_multi_site.zip,Centralized PPO,23,L,"Aug 2026, current reward",3,-164.86014599751928,137.86014599751928,27.0,0.0,0.0,207.40031374291866,207.40031374291866,0.0009910802775024777,0.0009910802775024777,0.0,0.0009910802775024777,0.0,0,0.0,1,6.9847963178015355,6.9847963178015355,1.0,0.72
main,v040,LOLO-nes-f3,secondary,LOLO,nested,3,A,Centralized PPO|central_nr_seed23/ppo_multi_site.zip,Centralized PPO,23,L,"Aug 2026, current reward",4,-6106.792308974849,587.6700431748496,5508.0,0.8722658,10.25,194.2695625536217,194.05149610362173,0.20218037661050545,0.0019821605550049554,0.20218037661050545,0.20218037661050545,0.17938553022794845,45,4.281466798810704,204,5.026314692133001,5.026314692133001,1.0,0.72
main,v040,LOLO-nes-f3,secondary,LOLO,nested,3,A,Centralized PPO|central_nr_seed23/ppo_multi_site.zip,Centralized PPO,23,L,"Aug 2026, current reward",5,-2132.6175757711126,403.0262543711122,1728.0,0.3413214,1.25,205.1084934039385,205.0231630539385,0.06342913776015857,0.0,0.06342913776015857,0.06342913776015857,0.05450941526263627,17,1.6174430128840438,64,5.026314692133,5.026314692133001,1.0,0.72
main,v040,LOLO-nes-f3,secondary,LOLO,nested,3,A,Centralized PPO|central_nr_seed23/ppo_multi_site.zip,Centralized PPO,23,L,"Aug 2026, current reward",6,-26949.437042654823,892.4973990548214,26055.0,0.1896436,1.75,367.24975775486354,367.20234685486355,0.956392467789891,0.1645193260654113,0.9544103072348861,0.956392467789891,0.9841427155599604,11,1.0465807730426164,965,71.25218210646902,2316.89596872039,1.0,0.72
main,v040,LOLO-nes-f3,secondary,LOLO,nested,3,A,Centralized PPO|central_nr_seed23/ppo_multi_site.zip,Centralized PPO,23,L,"Aug 2026, current reward",7,-9570.621836748302,595.3970233483024,8964.0,1.0998134,10.125,210.19645957336962,209.92150622336965,0.3290386521308226,0.013875123885034688,0.3290386521308226,0.3290386521308226,0.3002973240832507,57,5.423191278493558,332,5.026314692132999,5.026314692133001,1.0,0.72
main,v040,LOLO-nes-f3,secondary,LOLO,nested,3,A,Centralized PPO|central_nr_seed23/ppo_multi_site.zip,Centralized PPO,23,L,"Aug 2026, current reward",8,-401.76532222701053,401.76532222701053,0.0,0.0,0.0,206.9836767179966,206.9836767179966,0.0,0.0,0.0,0.0,0.0,0,0.0,0,0.0,0.0,0.0,0.72
main,v040,LOLO-nes-f3,secondary,LOLO,nested,3,A,Centralized PPO|central_nr_seed23/ppo_multi_site.zip,Centralized PPO,23,L,"Aug 2026, current reward",9,-458.98117259002515,80.98117259002511,378.0,0.0,0.0,207.50261079819256,207.50261079819256,0.013875123885034688,0.013875123885034688,0.0,0.013875123885034688,0.0,0,0.0,14,33.64230108722876,144.2987835964076,1.0,0.72
main,v040,LOLO-nes-f3,secondary,LOLO,nested,3,A,Centralized PPO|central_nr_seed64/ppo_multi_site.zip,Centralized PPO,64,L,"Aug 2026, current reward",all,-59784.0989440494,5490.2403286494055,54216.0,5.2336154,72.625,2253.998113058962,2252.689709208962,0.19910802775024777,0.021407333994053517,0.19742319127849356,0.1990089197224975,0.188800792864222,275,2.6164519326065414,2008,23.582496758840747,2762.937123672912,1.0,0.68
main,v040,LOLO-nes-f3,secondary,LOLO,nested,3,A,Centralized PPO|central_nr_seed64/ppo_multi_site.zip,Centralized PPO,64,L,"Aug 2026, current reward",0,-28083.255049578118,921.2550289781191,27162.0,2.06e-05,0.0,240.92437356039767,240.92436841039768,0.9970267591674926,0.023785926660059464,0.9970267591674926,0.9970267591674926,1.0,0,0.0,1006,7.876639535915376,1438.7397111146686,1.0,0.68
main,v040,LOLO-nes-f3,secondary,LOLO,nested,3,A,Centralized PPO|central_nr_seed64/ppo_multi_site.zip,Centralized PPO,64,L,"Aug 2026, current reward",1,-10300.255674620164,503.4886906201633,9774.0,1.5169839999999999,21.25,221.4786700770813,221.09942407708132,0.3587710604558969,0.02081268582755203,0.3587710604558969,0.3587710604558969,0.3260654112983152,79,7.516352824578791,362,5.026314692133,5.026314692133001,1.0,0.68
main,v040,LOLO-nes-f3,secondary,LOLO,nested,3,A,Centralized PPO|central_nr_seed64/ppo_multi_site.zip,Centralized PPO,64,L,"Aug 2026, current reward",2,-285.1954378476655,285.1954378476655,0.0,0.0,0.0,207.09884096626072,207.09884096626072,0.0,0.0,0.0,0.0,0.0,0,0.0,0,0.0,0.0,0.0,0.68
main,v040,LOLO-nes-f3,secondary,LOLO,nested,3,A,Centralized PPO|central_nr_seed64/ppo_multi_site.zip,Centralized PPO,64,L,"Aug 2026, current reward",3,-164.86014599751928,137.86014599751928,27.0,0.0,0.0,207.40031374291866,207.40031374291866,0.0009910802775024777,0.0009910802775024777,0.0,0.0009910802775024777,0.0,0,0.0,1,6.9847963178015355,6.9847963178015355,1.0,0.68
main,v040,LOLO-nes-f3,secondary,LOLO,nested,3,A,Centralized PPO|central_nr_seed64/ppo_multi_site.zip,Centralized PPO,64,L,"Aug 2026, current reward",4,-17933.415178541974,1003.3235677419751,16875.0,3.7166107999999998,51.375,342.02827401728155,341.0991213172815,0.6204162537165511,0.15460852329038652,0.6184340931615461,0.6194251734390486,0.5619425173439049,196,18.64816650148662,625,59.41160190164833,2762.937123672912,1.0,0.68
main,v040,LOLO-nes-f3,secondary,LOLO,nested,3,A,Centralized PPO|central_nr_seed64/ppo_multi_site.zip,Centralized PPO,64,L,"Aug 2026, current reward",5,-443.0774283086022,443.0774283086022,0.0,0.0,0.0,206.98878670227145,206.98878670227145,0.0,0.0,0.0,0.0,0.0,0,0.0,0,0.0,0.0,0.0,0.68
main,v040,LOLO-nes-f3,secondary,LOLO,nested,3,A,Centralized PPO|central_nr_seed64/ppo_multi_site.zip,Centralized PPO,64,L,"Aug 2026, current reward",6,-955.8237164987011,955.8237164987011,0.0,0.0,0.0,206.79941960083954,206.79941960083954,0.0,0.0,0.0,0.0,0.0,0,0.0,0,0.0,0.0,0.0,0.68
main,v040,LOLO-nes-f3,secondary,LOLO,nested,3,A,Centralized PPO|central_nr_seed64/ppo_multi_site.zip,Centralized PPO,64,L,"Aug 2026, current reward",7,-757.4698178396243,757.4698178396243,0.0,0.0,0.0,206.7931468757224,206.7931468757224,0.0,0.0,0.0,0.0,0.0,0,0.0,0,0.0,0.0,0.0,0.68
main,v040,LOLO-nes-f3,secondary,LOLO,nested,3,A,Centralized PPO|central_nr_seed64/ppo_multi_site.zip,Centralized PPO,64,L,"Aug 2026, current reward",8,-401.76532222701053,401.76532222701053,0.0,0.0,0.0,206.9836767179966,206.9836767179966,0.0,0.0,0.0,0.0,0.0,0,0.0,0,0.0,0.0,0.0,0.68
main,v040,LOLO-nes-f3,secondary,LOLO,nested,3,A,Centralized PPO|central_nr_seed64/ppo_multi_site.zip,Centralized PPO,64,L,"Aug 2026, current reward",9,-458.98117259002515,80.98117259002511,378.0,0.0,0.0,207.50261079819256,207.50261079819256,0.013875123885034688,0.013875123885034688,0.0,0.013875123885034688,0.0,0,0.0,14,33.64230108722876,144.2987835964076,1.0,0.68
main,v040,LOLO-nes-f3,secondary,LOLO,nested,3,A,Centralized PPO|central_nr_seed77/ppo_multi_site.zip,Centralized PPO,77,L,"Aug 2026, current reward",all,-66704.72178014621,5015.649866946216,61668.0,3.0719132,18.0,2201.6222261720904,2200.854247872091,0.22646184340931616,0.017046580773042618,0.22487611496531218,0.2263627353815659,0.21912784935579782,160,1.522299306243806,2284,12.313518598987493,1625.1947672462072,1.0,0.68
main,v040,LOLO-nes-f3,secondary,LOLO,nested,3,A,Centralized PPO|central_nr_seed77/ppo_multi_site.zip,Centralized PPO,77,L,"Aug 2026, current reward",0,-28083.255049578118,921.2550289781191,27162.0,2.06e-05,0.0,240.92437356039767,240.92436841039768,0.9970267591674926,0.023785926660059464,0.9970267591674926,0.9970267591674926,1.0,0,0.0,1006,7.876639535915376,1438.7397111146686,1.0,0.68
main,v040,LOLO-nes-f3,secondary,LOLO,nested,3,A,Centralized PPO|central_nr_seed77/ppo_multi_site.zip,Centralized PPO,77,L,"Aug 2026, current reward",1,-7457.953447330065,489.1345783300654,6966.0,0.5688690000000001,2.25,206.93586665440213,206.79364940440215,0.2556987115956392,0.006937561942517344,0.2556987115956392,0.2556987115956392,0.24380574826560952,29,2.759167492566898,258,5.026314692133,5.026314692133001,1.0,0.68
main,v040,LOLO-nes-f3,secondary,LOLO,nested,3,A,Centralized PPO|central_nr_seed77/ppo_multi_site.zip,Centralized PPO,77,L,"Aug 2026, current reward",2,-285.1954378476655,285.1954378476655,0.0,0.0,0.0,207.09884096626072,207.09884096626072,0.0,0.0,0.0,0.0,0.0,0,0.0,0,0.0,0.0,0.0,0.68
main,v040,LOLO-nes-f3,secondary,LOLO,nested,3,A,Centralized PPO|central_nr_seed77/ppo_multi_site.zip,Centralized PPO,77,L,"Aug 2026, current reward",3,-164.86014599751928,137.86014599751928,27.0,0.0,0.0,207.40031374291866,207.40031374291866,0.0009910802775024777,0.0009910802775024777,0.0,0.0009910802775024777,0.0,0,0.0,1,6.9847963178015355,6.9847963178015355,1.0,0.68
main,v040,LOLO-nes-f3,secondary,LOLO,nested,3,A,Centralized PPO|central_nr_seed77/ppo_multi_site.zip,Centralized PPO,77,L,"Aug 2026, current reward",4,-20886.65654358676,706.4766349867582,20169.0,1.5549086,9.625,294.13573800353095,293.747010853531,0.7413280475718533,0.1110009910802775,0.7403369672943508,0.7403369672943508,0.7135777998017839,81,7.706640237859267,747,14.812943192497508,1486.087880334539,1.0,0.68
main,v040,LOLO-nes-f3,secondary,LOLO,nested,3,A,Centralized PPO|central_nr_seed77/ppo_multi_site.zip,Centralized PPO,77,L,"Aug 2026, current reward",5,-443.0774283086022,443.0774283086022,0.0,0.0,0.0,206.98878670227145,206.98878670227145,0.0,0.0,0.0,0.0,0.0,0,0.0,0,0.0,0.0,0.0,0.68
main,v040,LOLO-nes-f3,secondary,LOLO,nested,3,A,Centralized PPO|central_nr_seed77/ppo_multi_site.zip,Centralized PPO,77,L,"Aug 2026, current reward",6,-7765.507414840828,792.434299840827,6966.0,0.948115,6.125,216.85887215039727,216.62184340039727,0.2556987115956392,0.013875123885034688,0.2556987115956392,0.2556987115956392,0.23389494549058473,50,4.757185332011893,258,28.527683488572112,1625.1947672462072,1.0,0.68
main,v040,LOLO-nes-f3,secondary,LOLO,nested,3,A,Centralized PPO|central_nr_seed77/ppo_multi_site.zip,Centralized PPO,77,L,"Aug 2026, current reward",7,-757.4698178396243,757.4698178396243,0.0,0.0,0.0,206.7931468757224,206.7931468757224,0.0,0.0,0.0,0.0,0.0,0,0.0,0,0.0,0.0,0.0,0.68
main,v040,LOLO-nes-f3,secondary,LOLO,nested,3,A,Centralized PPO|central_nr_seed77/ppo_multi_site.zip,Centralized PPO,77,L,"Aug 2026, current reward",8,-401.76532222701053,401.76532222701053,0.0,0.0,0.0,206.9836767179966,206.9836767179966,0.0,0.0,0.0,0.0,0.0,0,0.0,0,0.0,0.0,0.0,0.68
main,v040,LOLO-nes-f3,secondary,LOLO,nested,3,A,Centralized PPO|central_nr_seed77/ppo_multi_site.zip,Centralized PPO,77,L,"Aug 2026, current reward",9,-458.98117259002515,80.98117259002511,378.0,0.0,0.0,207.50261079819256,207.50261079819256,0.013875123885034688,0.013875123885034688,0.0,0.013875123885034688,0.0,0,0.0,14,33.64230108722876,144.2987835964076,1.0,0.68
main,v040,LOLO-nes-f3,secondary,LOLO,nested,3,A,Centralized PPO|ppo_multi_site_seed42_20260515T234034/ppo_multi_site.zip,Centralized PPO,42,L,"May 2026, pre-781c90c reward",all,-45937.64203561668,5705.131990616676,40203.0,2.010045,27.5,2157.0019906050816,2156.4994793550813,0.14757185332011893,0.010406342913776016,0.14608523290386521,0.14757185332011893,0.14321110009910804,106,1.0085232903865213,1489,24.308172151951926,2316.89596872039,1.0,0.67
main,v040,LOLO-nes-f3,secondary,LOLO,nested,3,A,Centralized PPO|ppo_multi_site_seed42_20260515T234034/ppo_multi_site.zip,Centralized PPO,42,L,"May 2026, pre-781c90c reward",0,-28083.255049578118,921.2550289781191,27162.0,2.06e-05,0.0,240.92437356039767,240.92436841039768,0.9970267591674926,0.023785926660059464,0.9970267591674926,0.9970267591674926,1.0,0,0.0,1006,7.876639535915376,1438.7397111146686,1.0,0.67
main,v040,LOLO-nes-f3,secondary,LOLO,nested,3,A,Centralized PPO|ppo_multi_site_seed42_20260515T234034/ppo_multi_site.zip,Centralized PPO,42,L,"May 2026, pre-781c90c reward",1,-868.3910531176041,868.3910531176041,0.0,0.0,0.0,206.89220781057955,206.89220781057955,0.0,0.0,0.0,0.0,0.0,0,0.0,0,0.0,0.0,0.0,0.67
main,v040,LOLO-nes-f3,secondary,LOLO,nested,3,A,Centralized PPO|ppo_multi_site_seed42_20260515T234034/ppo_multi_site.zip,Centralized PPO,42,L,"May 2026, pre-781c90c reward",2,-285.1954378476655,285.1954378476655,0.0,0.0,0.0,207.09884096626072,207.09884096626072,0.0,0.0,0.0,0.0,0.0,0,0.0,0,0.0,0.0,0.0,0.67
main,v040,LOLO-nes-f3,secondary,LOLO,nested,3,A,Centralized PPO|ppo_multi_site_seed42_20260515T234034/ppo_multi_site.zip,Centralized PPO,42,L,"May 2026, pre-781c90c reward",3,-164.86014599751928,137.86014599751928,27.0,0.0,0.0,207.40031374291866,207.40031374291866,0.0009910802775024777,0.0009910802775024777,0.0,0.0009910802775024777,0.0,0,0.0,1,6.9847963178015355,6.9847963178015355,1.0,0.67
main,v040,LOLO-nes-f3,secondary,LOLO,nested,3,A,Centralized PPO|ppo_multi_site_seed42_20260515T234034/ppo_multi_site.zip,Centralized PPO,42,L,"May 2026, pre-781c90c reward",4,-3137.0497804359893,1000.8446646359894,2133.0,0.45511579999999996,2.75,249.35551545400023,249.24173650400022,0.07829534192269574,0.04558969276511397,0.07829534192269574,0.07829534192269574,0.08721506442021804,25,2.3785926660059467,79,308.9119257965097,2316.89596872039,1.0,0.67
main,v040,LOLO-nes-f3,secondary,LOLO,nested,3,A,Centralized PPO|ppo_multi_site_seed42_20260515T234034/ppo_multi_site.zip,Centralized PPO,42,L,"May 2026, pre-781c90c reward",5,-443.0774283086022,443.0774283086022,0.0,0.0,0.0,206.98878670227145,206.98878670227145,0.0,0.0,0.0,0.0,0.0,0,0.0,0,0.0,0.0,0.0,0.67
main,v040,LOLO-nes-f3,secondary,LOLO,nested,3,A,Centralized PPO|ppo_multi_site_seed42_20260515T234034/ppo_multi_site.zip,Centralized PPO,42,L,"May 2026, pre-781c90c reward",6,-955.8237164987011,955.8237164987011,0.0,0.0,0.0,206.79941960083954,206.79941960083954,0.0,0.0,0.0,0.0,0.0,0,0.0,0,0.0,0.0,0.0,0.67
main,v040,LOLO-nes-f3,secondary,LOLO,nested,3,A,Centralized PPO|ppo_multi_site_seed42_20260515T234034/ppo_multi_site.zip,Centralized PPO,42,L,"May 2026, pre-781c90c reward",7,-11139.24292901544,609.93802041544,10503.0,1.5549085999999999,24.75,217.05624525162466,216.66751810162467,0.3855302279484638,0.019821605550049554,0.3855302279484638,0.3855302279484638,0.34489593657086226,81,7.706640237859267,389,8.711953243347741,1438.7397111146686,1.0,0.67
main,v040,LOLO-nes-f3,secondary,LOLO,nested,3,A,Centralized PPO|ppo_multi_site_seed42_20260515T234034/ppo_multi_site.zip,Centralized PPO,42,L,"May 2026, pre-781c90c reward",8,-401.76532222701053,401.76532222701053,0.0,0.0,0.0,206.9836767179966,206.9836767179966,0.0,0.0,0.0,0.0,0.0,0,0.0,0,0.0,0.0,0.0,0.67
main,v040,LOLO-nes-f3,secondary,LOLO,nested,3,A,Centralized PPO|ppo_multi_site_seed42_20260515T234034/ppo_multi_site.zip,Centralized PPO,42,L,"May 2026, pre-781c90c reward",9,-458.98117259002515,80.98117259002511,378.0,0.0,0.0,207.50261079819256,207.50261079819256,0.013875123885034688,0.013875123885034688,0.0,0.013875123885034688,0.0,0,0.0,14,33.64230108722876,144.2987835964076,1.0,0.67
main,v040,LOLO-nes-f3,secondary,LOLO,nested,3,A,Centralized PPO|ppo_multi_site_seed7_20260516T092256/ppo_multi_site.zip,Centralized PPO,7,L,"May 2026, pre-781c90c reward",all,-9516.246160333503,6139.014366733503,3375.0,0.6067936,1.625,2071.3691824872917,2071.217484087292,0.012388503468780971,0.0019821605550049554,0.010901883052527254,0.012388503468780971,0.009316154608523291,30,0.28543111992071357,125,44.90530569210016,1625.1947672462072,1.0,0.67
main,v040,LOLO-nes-f3,secondary,LOLO,nested,3,A,Centralized PPO|ppo_multi_site_seed7_20260516T092256/ppo_multi_site.zip,Centralized PPO,7,L,"May 2026, pre-781c90c reward",0,-1321.0761379987202,1321.0761379987202,0.0,0.0,0.0,206.73522957948546,206.73522957948546,0.0,0.0,0.0,0.0,0.0,0,0.0,0,0.0,0.0,0.0,0.67
main,v040,LOLO-nes-f3,secondary,LOLO,nested,3,A,Centralized PPO|ppo_multi_site_seed7_20260516T092256/ppo_multi_site.zip,Centralized PPO,7,L,"May 2026, pre-781c90c reward",1,-1517.683865035257,842.2821666352571,675.0,0.1516984,0.25,205.84903505096867,205.81111045096867,0.024777006937561942,0.0009910802775024777,0.024777006937561942,0.024777006937561942,0.02081268582755203,8,0.761149653121903,25,5.026314692133001,5.026314692133001,1.0,0.67
main,v040,LOLO-nes-f3,secondary,LOLO,nested,3,A,Centralized PPO|ppo_multi_site_seed7_20260516T092256/ppo_multi_site.zip,Centralized PPO,7,L,"May 2026, pre-781c90c reward",2,-285.1954378476655,285.1954378476655,0.0,0.0,0.0,207.09884096626072,207.09884096626072,0.0,0.0,0.0,0.0,0.0,0,0.0,0,0.0,0.0,0.0,0.67
main,v040,LOLO-nes-f3,secondary,LOLO,nested,3,A,Centralized PPO|ppo_multi_site_seed7_20260516T092256/ppo_multi_site.zip,Centralized PPO,7,L,"May 2026, pre-781c90c reward",3,-164.86014599751928,137.86014599751928,27.0,0.0,0.0,207.40031374291866,207.40031374291866,0.0009910802775024777,0.0009910802775024777,0.0,0.0009910802775024777,0.0,0,0.0,1,6.9847963178015355,6.9847963178015355,1.0,0.67
main,v040,LOLO-nes-f3,secondary,LOLO,nested,3,A,Centralized PPO|ppo_multi_site_seed7_20260516T092256/ppo_multi_site.zip,Centralized PPO,7,L,"May 2026, pre-781c90c reward",4,-955.63323163784,955.63323163784,0.0,0.0,0.0,206.80396286803608,206.80396286803608,0.0,0.0,0.0,0.0,0.0,0,0.0,0,0.0,0.0,0.0,0.67
main,v040,LOLO-nes-f3,secondary,LOLO,nested,3,A,Centralized PPO|ppo_multi_site_seed7_20260516T092256/ppo_multi_site.zip,Centralized PPO,7,L,"May 2026, pre-781c90c reward",5,-2441.294099132565,415.577777732565,2025.0,0.3413214,0.375,208.5283114877129,208.44298113771288,0.07433102081268583,0.002973240832507433,0.07433102081268583,0.07433102081268583,0.06541129831516353,17,1.6174430128840438,75,5.026314692132999,5.026314692133001,1.0,0.67
main,v040,LOLO-nes-f3,secondary,LOLO,nested,3,A,Centralized PPO|ppo_multi_site_seed7_20260516T092256/ppo_multi_site.zip,Centralized PPO,7,L,"May 2026, pre-781c90c reward",6,-1075.239938337068,940.0770137370681,135.0,0.0379246,0.125,206.03859907486088,206.02911792486088,0.004955401387512388,0.0,0.004955401387512388,0.004955401387512388,0.003964321110009911,2,0.19028741328047574,5,5.026314692133001,5.026314692133001,1.0,0.67
main,v040,LOLO-nes-f3,secondary,LOLO,nested,3,A,Centralized PPO|ppo_multi_site_seed7_20260516T092256/ppo_multi_site.zip,Centralized PPO,7,L,"May 2026, pre-781c90c reward",7,-812.27589826371,757.73797366371,54.0,0.0379246,0.5,206.94700112299552,206.93751997299552,0.0019821605550049554,0.0,0.0019821605550049554,0.0019821605550049554,0.0009910802775024777,1,0.09514370664023787,2,5.026314692133001,5.026314692133001,1.0,0.67
main,v040,LOLO-nes-f3,secondary,LOLO,nested,3,A,Centralized PPO|ppo_multi_site_seed7_20260516T092256/ppo_multi_site.zip,Centralized PPO,7,L,"May 2026, pre-781c90c reward",8,-484.00623349313327,402.59330889313327,81.0,0.0379246,0.375,208.46527779586043,208.45579664586043,0.002973240832507433,0.0009910802775024777,0.002973240832507433,0.002973240832507433,0.0019821605550049554,2,0.19028741328047574,3,1532.4568426384285,1625.1947672462072,1.0,0.67
main,v040,LOLO-nes-f3,secondary,LOLO,nested,3,A,Centralized PPO|ppo_multi_site_seed7_20260516T092256/ppo_multi_site.zip,Centralized PPO,7,L,"May 2026, pre-781c90c reward",9,-458.98117259002515,80.98117259002511,378.0,0.0,0.0,207.50261079819256,207.50261079819256,0.013875123885034688,0.013875123885034688,0.0,0.013875123885034688,0.0,0,0.0,14,33.64230108722876,144.2987835964076,1.0,0.67
main,v040,LOLO-nes-f3,secondary,LOLO,nested,3,A,Centralized PPO|ppo_multi_site_seed13_20260516T092257/ppo_multi_site.zip,Centralized PPO,13,L,"May 2026, pre-781c90c reward",all,-35060.70295820736,5812.473878207364,29241.0,1.47908,5.75,2206.750262783148,2206.3804927831484,0.10733399405351833,0.01774033696729435,0.10545094152626362,0.10733399405351833,0.10535183349851338,78,0.7421209117938553,1083,54.60233555496709,2316.89596872039,1.0,0.67
main,v040,LOLO-nes-f3,secondary,LOLO,nested,3,A,Centralized PPO|ppo_multi_site_seed13_20260516T092257/ppo_multi_site.zip,Centralized PPO,13,L,"May 2026, pre-781c90c reward",0,-1321.0761379987202,1321.0761379987202,0.0,0.0,0.0,206.73522957948546,206.73522957948546,0.0,0.0,0.0,0.0,0.0,0,0.0,0,0.0,0.0,0.0,0.67
main,v040,LOLO-nes-f3,secondary,LOLO,nested,3,A,Centralized PPO|ppo_multi_site_seed13_20260516T092257/ppo_multi_site.zip,Centralized PPO,13,L,"May 2026, pre-781c90c reward",1,-1834.3669221097218,889.1772991097217,945.0,0.18962299999999999,0.0,225.82117118156657,225.77376543156657,0.03468780971258672,0.024777006937561942,0.03369672943508424,0.03468780971258672,0.03468780971258672,10,0.9514370664023787,35,170.5182296435046,1486.087880334539,1.0,0.67
main,v040,LOLO-nes-f3,secondary,LOLO,nested,3,A,Centralized PPO|ppo_multi_site_seed13_20260516T092257/ppo_multi_site.zip,Centralized PPO,13,L,"May 2026, pre-781c90c reward",2,-285.1954378476655,285.1954378476655,0.0,0.0,0.0,207.09884096626072,207.09884096626072,0.0,0.0,0.0,0.0,0.0,0,0.0,0,0.0,0.0,0.0,0.67
main,v040,LOLO-nes-f3,secondary,LOLO,nested,3,A,Centralized PPO|ppo_multi_site_seed13_20260516T092257/ppo_multi_site.zip,Centralized PPO,13,L,"May 2026, pre-781c90c reward",3,-164.86014599751928,137.86014599751928,27.0,0.0,0.0,207.40031374291866,207.40031374291866,0.0009910802775024777,0.0009910802775024777,0.0,0.0009910802775024777,0.0,0,0.0,1,6.9847963178015355,6.9847963178015355,1.0,0.67
main,v040,LOLO-nes-f3,secondary,LOLO,nested,3,A,Centralized PPO|ppo_multi_site_seed13_20260516T092257/ppo_multi_site.zip,Centralized PPO,13,L,"May 2026, pre-781c90c reward",4,-6731.368732583131,546.9136373831307,6183.0,0.45509520000000003,1.0,192.53506126463355,192.42128746463356,0.22695738354806738,0.0009910802775024777,0.22695738354806738,0.22695738354806738,0.21704658077304262,24,2.2834489593657086,229,5.026314692133002,5.026314692133001,1.0,0.67
main,v040,LOLO-nes-f3,secondary,LOLO,nested,3,A,Centralized PPO|ppo_multi_site_seed13_20260516T092257/ppo_multi_site.zip,Centralized PPO,13,L,"May 2026, pre-781c90c reward",5,-443.0774283086022,443.0774283086022,0.0,0.0,0.0,206.98878670227145,206.98878670227145,0.0,0.0,0.0,0.0,0.0,0,0.0,0,0.0,0.0,0.0,0.67
main,v040,LOLO-nes-f3,secondary,LOLO,nested,3,A,Centralized PPO|ppo_multi_site_seed13_20260516T092257/ppo_multi_site.zip,Centralized PPO,13,L,"May 2026, pre-781c90c reward",6,-22414.076805752753,944.4812177527539,21465.0,0.720588,3.875,334.8416017864378,334.66145478643784,0.7879088206144698,0.13181367690782952,0.7859266600594648,0.7879088206144698,0.7938553022794846,38,3.615460852329039,795,64.75715244258119,2316.89596872039,1.0,0.67
main,v040,LOLO-nes-f3,secondary,LOLO,nested,3,A,Centralized PPO|ppo_multi_site_seed13_20260516T092257/ppo_multi_site.zip,Centralized PPO,13,L,"May 2026, pre-781c90c reward",7,-1005.9348527922148,761.9460789922148,243.0,0.11377380000000001,0.875,210.84297004338478,210.81452659338478,0.008919722497522299,0.004955401387512388,0.007928642220019821,0.008919722497522299,0.007928642220019821,6,0.5708622398414271,9,6.1391222907989516,15.041583080126559,1.0,0.67
main,v040,LOLO-nes-f3,secondary,LOLO,nested,3,A,Centralized PPO|ppo_multi_site_seed13_20260516T092257/ppo_multi_site.zip,Centralized PPO,13,L,"May 2026, pre-781c90c reward",8,-401.76532222701053,401.76532222701053,0.0,0.0,0.0,206.9836767179966,206.9836767179966,0.0,0.0,0.0,0.0,0.0,0,0.0,0,0.0,0.0,0.0,0.67
main,v040,LOLO-nes-f3,secondary,LOLO,nested,3,A,Centralized PPO|ppo_multi_site_seed13_20260516T092257/ppo_multi_site.zip,Centralized PPO,13,L,"May 2026, pre-781c90c reward",9,-458.98117259002515,80.98117259002511,378.0,0.0,0.0,207.50261079819256,207.50261079819256,0.013875123885034688,0.013875123885034688,0.0,0.013875123885034688,0.0,0,0.0,14,33.64230108722876,144.2987835964076,1.0,0.67
main,v040,LOLO-nes-f3,secondary,LOLO,nested,3,A,Centralized PPO|ppo_multi_site_seed99_20260516T092259/ppo_multi_site.zip,Centralized PPO,99,L,"May 2026, pre-781c90c reward",all,-16876.65525004098,5849.6270398409815,11016.0,1.4032102,9.625,2062.9959584367552,2062.645155886755,0.04043607532210109,0.002477700693756194,0.03894945490584737,0.04043607532210109,0.03528245787908821,73,0.6945490584737364,408,9.527039416592666,1438.7397111146686,1.0,0.68
main,v040,LOLO-nes-f3,secondary,LOLO,nested,3,A,Centralized PPO|ppo_multi_site_seed99_20260516T092259/ppo_multi_site.zip,Centralized PPO,99,L,"May 2026, pre-781c90c reward",0,-1321.0761379987202,1321.0761379987202,0.0,0.0,0.0,206.73522957948546,206.73522957948546,0.0,0.0,0.0,0.0,0.0,0,0.0,0,0.0,0.0,0.0,0.68
main,v040,LOLO-nes-f3,secondary,LOLO,nested,3,A,Centralized PPO|ppo_multi_site_seed99_20260516T092259/ppo_multi_site.zip,Centralized PPO,99,L,"May 2026, pre-781c90c reward",1,-868.3910531176041,868.3910531176041,0.0,0.0,0.0,206.89220781057955,206.89220781057955,0.0,0.0,0.0,0.0,0.0,0,0.0,0,0.0,0.0,0.0,0.68
main,v040,LOLO-nes-f3,secondary,LOLO,nested,3,A,Centralized PPO|ppo_multi_site_seed99_20260516T092259/ppo_multi_site.zip,Centralized PPO,99,L,"May 2026, pre-781c90c reward",2,-285.1954378476655,285.1954378476655,0.0,0.0,0.0,207.09884096626072,207.09884096626072,0.0,0.0,0.0,0.0,0.0,0,0.0,0,0.0,0.0,0.0,0.68
main,v040,LOLO-nes-f3,secondary,LOLO,nested,3,A,Centralized PPO|ppo_multi_site_seed99_20260516T092259/ppo_multi_site.zip,Centralized PPO,99,L,"May 2026, pre-781c90c reward",3,-164.86014599751928,137.86014599751928,27.0,0.0,0.0,207.40031374291866,207.40031374291866,0.0009910802775024777,0.0009910802775024777,0.0,0.0009910802775024777,0.0,0,0.0,1,6.9847963178015355,6.9847963178015355,1.0,0.68
main,v040,LOLO-nes-f3,secondary,LOLO,nested,3,A,Centralized PPO|ppo_multi_site_seed99_20260516T092259/ppo_multi_site.zip,Centralized PPO,99,L,"May 2026, pre-781c90c reward",4,-955.63323163784,955.63323163784,0.0,0.0,0.0,206.80396286803608,206.80396286803608,0.0,0.0,0.0,0.0,0.0,0,0.0,0,0.0,0.0,0.0,0.68
main,v040,LOLO-nes-f3,secondary,LOLO,nested,3,A,Centralized PPO|ppo_multi_site_seed99_20260516T092259/ppo_multi_site.zip,Centralized PPO,99,L,"May 2026, pre-781c90c reward",5,-443.0774283086022,443.0774283086022,0.0,0.0,0.0,206.98878670227145,206.98878670227145,0.0,0.0,0.0,0.0,0.0,0,0.0,0,0.0,0.0,0.0,0.68
main,v040,LOLO-nes-f3,secondary,LOLO,nested,3,A,Centralized PPO|ppo_multi_site_seed99_20260516T092259/ppo_multi_site.zip,Centralized PPO,99,L,"May 2026, pre-781c90c reward",6,-4038.4226628617153,764.2512462617153,3267.0,0.7964166,6.375,201.18288338248897,200.98377923248898,0.1199207135777998,0.0,0.1199207135777998,0.1199207135777998,0.09910802775024777,42,3.9960356788899905,121,5.026314692133,5.026314692133001,1.0,0.68
main,v040,LOLO-nes-f3,secondary,LOLO,nested,3,A,Centralized PPO|ppo_multi_site_seed99_20260516T092259/ppo_multi_site.zip,Centralized PPO,99,L,"May 2026, pre-781c90c reward",7,-7939.252657454279,591.3958638542792,7344.0,0.6067936,3.25,205.40744586852506,205.25574746852504,0.26957383548067393,0.009910802775024777,0.26957383548067393,0.26957383548067393,0.2537165510406343,31,2.949454905847374,272,10.29731982603938,1438.7397111146686,1.0,0.68
main,v040,LOLO-nes-f3,secondary,LOLO,nested,3,A,Centralized PPO|ppo_multi_site_seed99_20260516T092259/ppo_multi_site.zip,Centralized PPO,99,L,"May 2026, pre-781c90c reward",8,-401.76532222701053,401.76532222701053,0.0,0.0,0.0,206.9836767179966,206.9836767179966,0.0,0.0,0.0,0.0,0.0,0,0.0,0,0.0,0.0,0.0,0.68
main,v040,LOLO-nes-f3,secondary,LOLO,nested,3,A,Centralized PPO|ppo_multi_site_seed99_20260516T092259/ppo_multi_site.zip,Centralized PPO,99,L,"May 2026, pre-781c90c reward",9,-458.98117259002515,80.98117259002511,378.0,0.0,0.0,207.50261079819256,207.50261079819256,0.013875123885034688,0.013875123885034688,0.0,0.013875123885034688,0.0,0,0.0,14,33.64230108722876,144.2987835964076,1.0,0.68
main,v040,LOLO-nes-f3,secondary,LOLO,nested,3,A,Centralized PPO|ppo_multi_site_seed7_20260517T003435/best_model.zip,Centralized PPO,7,L,"May 2026, pre-781c90c reward; run has no final save (best_model.zip only)",all,-73325.25778800943,5561.712552609431,67716.0,2.9202354,44.625,2322.997406828234,2322.267347978234,0.2485629335976214,0.030029732408325075,0.2468780971258672,0.2485629335976214,0.24430128840436074,154,1.4652130822596632,2508,22.211473696306467,2762.937123672912,1.0,0.68
main,v040,LOLO-nes-f3,secondary,LOLO,nested,3,A,Centralized PPO|ppo_multi_site_seed7_20260517T003435/best_model.zip,Centralized PPO,7,L,"May 2026, pre-781c90c reward; run has no final save (best_model.zip only)",0,-28083.255049578118,921.2550289781191,27162.0,2.06e-05,0.0,240.92437356039767,240.92436841039768,0.9970267591674926,0.023785926660059464,0.9970267591674926,0.9970267591674926,1.0,0,0.0,1006,7.876639535915376,1438.7397111146686,1.0,0.68
main,v040,LOLO-nes-f3,secondary,LOLO,nested,3,A,Centralized PPO|ppo_multi_site_seed7_20260517T003435/best_model.zip,Centralized PPO,7,L,"May 2026, pre-781c90c reward; run has no final save (best_model.zip only)",1,-868.3910531176041,868.3910531176041,0.0,0.0,0.0,206.89220781057955,206.89220781057955,0.0,0.0,0.0,0.0,0.0,0,0.0,0,0.0,0.0,0.0,0.68
main,v040,LOLO-nes-f3,secondary,LOLO,nested,3,A,Centralized PPO|ppo_multi_site_seed7_20260517T003435/best_model.zip,Centralized PPO,7,L,"May 2026, pre-781c90c reward; run has no final save (best_model.zip only)",2,-1675.021814063467,290.8658696634668,1377.0,0.5309444,6.625,210.75318162913183,210.62044552913184,0.05054509415262636,0.002973240832507433,0.05054509415262636,0.05054509415262636,0.036669970267591674,28,2.66402378592666,51,5.026314692133001,5.026314692133001,1.0,0.68
main,v040,LOLO-nes-f3,secondary,LOLO,nested,3,A,Centralized PPO|ppo_multi_site_seed7_20260517T003435/best_model.zip,Centralized PPO,7,L,"May 2026, pre-781c90c reward; run has no final save (best_model.zip only)",3,-164.86014599751928,137.86014599751928,27.0,0.0,0.0,207.40031374291866,207.40031374291866,0.0009910802775024777,0.0009910802775024777,0.0,0.0009910802775024777,0.0,0,0.0,1,6.9847963178015355,6.9847963178015355,1.0,0.68
main,v040,LOLO-nes-f3,secondary,LOLO,nested,3,A,Centralized PPO|ppo_multi_site_seed7_20260517T003435/best_model.zip,Centralized PPO,7,L,"May 2026, pre-781c90c reward; run has no final save (best_model.zip only)",4,-26871.226646949977,843.2266263499764,26028.0,2.06e-05,0.0,406.4963104978708,406.4963053478708,0.9554013875123885,0.2398414271555996,0.9534192269573836,0.9554013875123885,1.0,0,0.0,964,44.85687102205252,2762.937123672912,1.0,0.68
main,v040,LOLO-nes-f3,secondary,LOLO,nested,3,A,Centralized PPO|ppo_multi_site_seed7_20260517T003435/best_model.zip,Centralized PPO,7,L,"May 2026, pre-781c90c reward; run has no final save (best_model.zip only)",5,-443.0774283086022,443.0774283086022,0.0,0.0,0.0,206.98878670227145,206.98878670227145,0.0,0.0,0.0,0.0,0.0,0,0.0,0,0.0,0.0,0.0,0.68
main,v040,LOLO-nes-f3,secondary,LOLO,nested,3,A,Centralized PPO|ppo_multi_site_seed7_20260517T003435/best_model.zip,Centralized PPO,7,L,"May 2026, pre-781c90c reward; run has no final save (best_model.zip only)",6,-955.8237164987011,955.8237164987011,0.0,0.0,0.0,206.79941960083954,206.79941960083954,0.0,0.0,0.0,0.0,0.0,0,0.0,0,0.0,0.0,0.0,0.68
main,v040,LOLO-nes-f3,secondary,LOLO,nested,3,A,Centralized PPO|ppo_multi_site_seed7_20260517T003435/best_model.zip,Centralized PPO,7,L,"May 2026, pre-781c90c reward; run has no final save (best_model.zip only)",7,-13402.855438678407,618.4661888784071,12744.0,2.3892498,38.0,222.2565257680353,221.65921331803528,0.46778989098116946,0.018830525272547076,0.46778989098116946,0.46778989098116946,0.40634291377601583,126,11.988107036669971,472,8.063843074384133,1438.7397111146686,1.0,0.68
main,v040,LOLO-nes-f3,secondary,LOLO,nested,3,A,Centralized PPO|ppo_multi_site_seed7_20260517T003435/best_model.zip,Centralized PPO,7,L,"May 2026, pre-781c90c reward; run has no final save (best_model.zip only)",8,-401.76532222701053,401.76532222701053,0.0,0.0,0.0,206.9836767179966,206.9836767179966,0.0,0.0,0.0,0.0,0.0,0,0.0,0,0.0,0.0,0.0,0.68
main,v040,LOLO-nes-f3,secondary,LOLO,nested,3,A,Centralized PPO|ppo_multi_site_seed7_20260517T003435/best_model.zip,Centralized PPO,7,L,"May 2026, pre-781c90c reward; run has no final save (best_model.zip only)",9,-458.98117259002515,80.98117259002511,378.0,0.0,0.0,207.50261079819256,207.50261079819256,0.013875123885034688,0.013875123885034688,0.0,0.013875123885034688,0.0,0,0.0,14,33.64230108722876,144.2987835964076,1.0,0.68
main,v040,LOLO-nes-f3,secondary,LOLO,nested,3,A,Centralized PPO|ppo_multi_site_seed13_20260517T003435/best_model.zip,Centralized PPO,13,L,"May 2026, pre-781c90c reward; run has no final save (best_model.zip only)",all,-68959.54859364562,5287.12958064561,63585.0,5.044013,82.375,2312.6760875069426,2311.4150842569425,0.2333994053518335,0.02923686818632309,0.23161546085232904,0.2333994053518335,0.2244796828543112,265,2.5213082259663033,2355,27.370268850053115,2316.89596872039,1.0,0.68
main,v040,LOLO-nes-f3,secondary,LOLO,nested,3,A,Centralized PPO|ppo_multi_site_seed13_20260517T003435/best_model.zip,Centralized PPO,13,L,"May 2026, pre-781c90c reward; run has no final save (best_model.zip only)",0,-7289.783397256146,860.7145282561464,6426.0,0.5688690000000001,2.5,185.88683142358954,185.74461417358953,0.2358771060455897,0.0,0.2358771060455897,0.2358771060455897,0.22101090188305253,30,2.8543111992071357,238,5.026314692133001,5.026314692133001,1.0,0.68
main,v040,LOLO-nes-f3,secondary,LOLO,nested,3,A,Centralized PPO|ppo_multi_site_seed13_20260517T003435/best_model.zip,Centralized PPO,13,L,"May 2026, pre-781c90c reward; run has no final save (best_model.zip only)",1,-868.3910531176041,868.3910531176041,0.0,0.0,0.0,206.89220781057955,206.89220781057955,0.0,0.0,0.0,0.0,0.0,0,0.0,0,0.0,0.0,0.0,0.68
main,v040,LOLO-nes-f3,secondary,LOLO,nested,3,A,Centralized PPO|ppo_multi_site_seed13_20260517T003435/best_model.zip,Centralized PPO,13,L,"May 2026, pre-781c90c reward; run has no final save (best_model.zip only)",2,-285.1954378476655,285.1954378476655,0.0,0.0,0.0,207.09884096626072,207.09884096626072,0.0,0.0,0.0,0.0,0.0,0,0.0,0,0.0,0.0,0.0,0.68
main,v040,LOLO-nes-f3,secondary,LOLO,nested,3,A,Centralized PPO|ppo_multi_site_seed13_20260517T003435/best_model.zip,Centralized PPO,13,L,"May 2026, pre-781c90c reward; run has no final save (best_model.zip only)",3,-164.86014599751928,137.86014599751928,27.0,0.0,0.0,207.40031374291866,207.40031374291866,0.0009910802775024777,0.0009910802775024777,0.0,0.0009910802775024777,0.0,0,0.0,1,6.9847963178015355,6.9847963178015355,1.0,0.68
main,v040,LOLO-nes-f3,secondary,LOLO,nested,3,A,Centralized PPO|ppo_multi_site_seed13_20260517T003435/best_model.zip,Centralized PPO,13,L,"May 2026, pre-781c90c reward; run has no final save (best_model.zip only)",4,-7826.688493655127,552.1533032551267,7263.0,0.9101904000000001,10.625,194.71937144325406,194.49182384325405,0.2666005946481665,0.002973240832507433,0.2666005946481665,0.2666005946481665,0.24281466798810702,47,4.47175421209118,269,5.026314692132999,5.026314692133001,1.0,0.68
main,v040,LOLO-nes-f3,secondary,LOLO,nested,3,A,Centralized PPO|ppo_multi_site_seed13_20260517T003435/best_model.zip,Centralized PPO,13,L,"May 2026, pre-781c90c reward; run has no final save (best_model.zip only)",5,-443.0774283086022,443.0774283086022,0.0,0.0,0.0,206.98878670227145,206.98878670227145,0.0,0.0,0.0,0.0,0.0,0,0.0,0,0.0,0.0,0.0,0.68
main,v040,LOLO-nes-f3,secondary,LOLO,nested,3,A,Centralized PPO|ppo_multi_site_seed13_20260517T003435/best_model.zip,Centralized PPO,13,L,"May 2026, pre-781c90c reward; run has no final save (best_model.zip only)",6,-23984.55354857378,799.7386155737777,23112.0,3.5649330000000004,69.25,304.35075368599615,303.4595204359962,0.848364717542121,0.09712586719524281,0.846382556987116,0.848364717542121,0.7809712586719524,188,17.88701684836472,856,52.83046695560301,2316.89596872039,1.0,0.68
main,v040,LOLO-nes-f3,secondary,LOLO,nested,3,A,Centralized PPO|ppo_multi_site_seed13_20260517T003435/best_model.zip,Centralized PPO,13,L,"May 2026, pre-781c90c reward; run has no final save (best_model.zip only)",7,-27236.25259407213,857.2525734721326,26379.0,2.06e-05,0.0,384.8526942158835,384.8526890658835,0.9682854311199207,0.1774033696729435,0.9672943508424182,0.9682854311199207,1.0,0,0.0,977,16.58933968007009,2316.89596872039,1.0,0.68
main,v040,LOLO-nes-f3,secondary,LOLO,nested,3,A,Centralized PPO|ppo_multi_site_seed13_20260517T003435/best_model.zip,Centralized PPO,13,L,"May 2026, pre-781c90c reward; run has no final save (best_model.zip only)",8,-401.76532222701053,401.76532222701053,0.0,0.0,0.0,206.9836767179966,206.9836767179966,0.0,0.0,0.0,0.0,0.0,0,0.0,0,0.0,0.0,0.0,0.68
main,v040,LOLO-nes-f3,secondary,LOLO,nested,3,A,Centralized PPO|ppo_multi_site_seed13_20260517T003435/best_model.zip,Centralized PPO,13,L,"May 2026, pre-781c90c reward; run has no final save (best_model.zip only)",9,-458.98117259002515,80.98117259002511,378.0,0.0,0.0,207.50261079819256,207.50261079819256,0.013875123885034688,0.013875123885034688,0.0,0.013875123885034688,0.0,0,0.0,14,33.64230108722876,144.2987835964076,1.0,0.68
main,v040,LOLO-nes-f3,secondary,LOLO,nested,3,A,Centralized PPO|ppo_multi_site_seed42_20260517T003436/best_model.zip,Centralized PPO,42,L,"May 2026, pre-781c90c reward; run has no final save (best_model.zip only)",all,-79662.57454307406,5885.718641274068,73683.0,6.1059018,87.75,2618.4826619246023,2616.956186474603,0.27046580773042617,0.06630327056491576,0.26818632309217044,0.27046580773042617,0.26610505450941524,321,3.0541129831516356,2729,83.33168735635745,2762.937123672912,1.0,0.7
main,v040,LOLO-nes-f3,secondary,LOLO,nested,3,A,Centralized PPO|ppo_multi_site_seed42_20260517T003436/best_model.zip,Centralized PPO,42,L,"May 2026, pre-781c90c reward; run has no final save (best_model.zip only)",0,-11535.932729576041,834.1096145760432,10692.0,0.948115,8.875,190.272464283008,190.03543553300796,0.3924677898909812,0.003964321110009911,0.3924677898909812,0.3924677898909812,0.3686818632309217,49,4.662041625371655,396,8.646803066937382,1438.7397111146686,1.0,0.7
main,v040,LOLO-nes-f3,secondary,LOLO,nested,3,A,Centralized PPO|ppo_multi_site_seed42_20260517T003436/best_model.zip,Centralized PPO,42,L,"May 2026, pre-781c90c reward; run has no final save (best_model.zip only)",1,-24538.528836504047,747.1550589040477,23760.0,2.1237776,29.25,447.10637373753485,446.5754293375348,0.8721506442021804,0.30426164519326065,0.867195242814668,0.8721506442021804,0.8701684836471755,111,10.560951437066404,880,193.30246795114851,2762.937123672912,1.0,0.7
main,v040,LOLO-nes-f3,secondary,LOLO,nested,3,A,Centralized PPO|ppo_multi_site_seed42_20260517T003436/best_model.zip,Centralized PPO,42,L,"May 2026, pre-781c90c reward; run has no final save (best_model.zip only)",2,-285.1954378476655,285.1954378476655,0.0,0.0,0.0,207.09884096626072,207.09884096626072,0.0,0.0,0.0,0.0,0.0,0,0.0,0,0.0,0.0,0.0,0.7
main,v040,LOLO-nes-f3,secondary,LOLO,nested,3,A,Centralized PPO|ppo_multi_site_seed42_20260517T003436/best_model.zip,Centralized PPO,42,L,"May 2026, pre-781c90c reward; run has no final save (best_model.zip only)",3,-164.86014599751928,137.86014599751928,27.0,0.0,0.0,207.40031374291866,207.40031374291866,0.0009910802775024777,0.0009910802775024777,0.0,0.0009910802775024777,0.0,0,0.0,1,6.9847963178015355,6.9847963178015355,1.0,0.7
main,v040,LOLO-nes-f3,secondary,LOLO,nested,3,A,Centralized PPO|ppo_multi_site_seed42_20260517T003436/best_model.zip,Centralized PPO,42,L,"May 2026, pre-781c90c reward; run has no final save (best_model.zip only)",4,-12738.786580256194,1131.6430638561928,11556.0,2.7685164,48.375,344.7260277043516,344.03389860435163,0.4241823587710605,0.15361744301288405,0.4222001982160555,0.4241823587710605,0.39345887016848363,147,13.986124876114966,428,81.11768473398472,2762.937123672912,1.0,0.7
main,v040,LOLO-nes-f3,secondary,LOLO,nested,3,A,Centralized PPO|ppo_multi_site_seed42_20260517T003436/best_model.zip,Centralized PPO,42,L,"May 2026, pre-781c90c reward; run has no final save (best_model.zip only)",5,-443.0774283086022,443.0774283086022,0.0,0.0,0.0,206.98878670227145,206.98878670227145,0.0,0.0,0.0,0.0,0.0,0,0.0,0,0.0,0.0,0.0,0.7
main,v040,LOLO-nes-f3,secondary,LOLO,nested,3,A,Centralized PPO|ppo_multi_site_seed42_20260517T003436/best_model.zip,Centralized PPO,42,L,"May 2026, pre-781c90c reward; run has no final save (best_model.zip only)",6,-1723.1919165681807,966.6272935681807,756.0,0.189623,0.375,215.08619497970008,215.0387892297001,0.027750247770069375,0.007928642220019821,0.027750247770069375,0.027750247770069375,0.02576808721506442,10,0.9514370664023787,28,87.59308805028503,2316.89596872039,1.0,0.7
main,v040,LOLO-nes-f3,secondary,LOLO,nested,3,A,Centralized PPO|ppo_multi_site_seed42_20260517T003436/best_model.zip,Centralized PPO,42,L,"May 2026, pre-781c90c reward; run has no final save (best_model.zip only)",7,-27236.25259407213,857.2525734721326,26379.0,2.06e-05,0.0,384.8526942158835,384.8526890658835,0.9682854311199207,0.1774033696729435,0.9672943508424182,0.9682854311199207,1.0,0,0.0,977,16.58933968007009,2316.89596872039,1.0,0.7
main,v040,LOLO-nes-f3,secondary,LOLO,nested,3,A,Centralized PPO|ppo_multi_site_seed42_20260517T003436/best_model.zip,Centralized PPO,42,L,"May 2026, pre-781c90c reward; run has no final save (best_model.zip only)",8,-537.7677013536586,401.8168521536586,135.0,0.0758492,0.875,207.44835479448128,207.42939249448128,0.004955401387512388,0.0009910802775024777,0.004955401387512388,0.004955401387512388,0.002973240832507433,4,0.3805748265609515,5,5.026314692133001,5.026314692133001,1.0,0.7
main,v040,LOLO-nes-f3,secondary,LOLO,nested,3,A,Centralized PPO|ppo_multi_site_seed42_20260517T003436/best_model.zip,Centralized PPO,42,L,"May 2026, pre-781c90c reward; run has no final save (best_model.zip only)",9,-458.98117259002515,80.98117259002511,378.0,0.0,0.0,207.50261079819256,207.50261079819256,0.013875123885034688,0.013875123885034688,0.0,0.013875123885034688,0.0,0,0.0,14,33.64230108722876,144.2987835964076,1.0,0.7
main,v040,LOLO-nes-f3,secondary,LOLO,nested,3,A,Centralized PPO|ppo_multi_site_seed99_20260517T003436/best_model.zip,Centralized PPO,99,L,"May 2026, pre-781c90c reward; run has no final save (best_model.zip only)",all,-92219.65392975193,5395.7977179519385,86670.0,9.4812118,144.375,2478.812630487646,2476.4423275376457,0.3183349851337958,0.043706640237859265,0.3163528245787909,0.31813676907829536,0.30673934588701685,498,4.738156590683845,3210,73.62887927270634,2762.937123672912,1.0,0.69
main,v040,LOLO-nes-f3,secondary,LOLO,nested,3,A,Centralized PPO|ppo_multi_site_seed99_20260517T003436/best_model.zip,Centralized PPO,99,L,"May 2026, pre-781c90c reward; run has no final save (best_model.zip only)",0,-28083.255049578118,921.2550289781191,27162.0,2.06e-05,0.0,240.92437356039767,240.92436841039768,0.9970267591674926,0.023785926660059464,0.9970267591674926,0.9970267591674926,1.0,0,0.0,1006,7.876639535915376,1438.7397111146686,1.0,0.69
main,v040,LOLO-nes-f3,secondary,LOLO,nested,3,A,Centralized PPO|ppo_multi_site_seed99_20260517T003436/best_model.zip,Centralized PPO,99,L,"May 2026, pre-781c90c reward; run has no final save (best_model.zip only)",1,-14635.344393306787,586.0042737067872,14013.0,2.4651196,33.875,287.972616849142,287.356336949142,0.514370664023786,0.08721506442021804,0.5133795837462835,0.514370664023786,0.48166501486620417,130,12.368681863230922,519,105.47792585591132,2762.937123672912,1.0,0.69
main,v040,LOLO-nes-f3,secondary,LOLO,nested,3,A,Centralized PPO|ppo_multi_site_seed99_20260517T003436/best_model.zip,Centralized PPO,99,L,"May 2026, pre-781c90c reward; run has no final save (best_model.zip only)",2,-285.1954378476655,285.1954378476655,0.0,0.0,0.0,207.09884096626072,207.09884096626072,0.0,0.0,0.0,0.0,0.0,0,0.0,0,0.0,0.0,0.0,0.69
main,v040,LOLO-nes-f3,secondary,LOLO,nested,3,A,Centralized PPO|ppo_multi_site_seed99_20260517T003436/best_model.zip,Centralized PPO,99,L,"May 2026, pre-781c90c reward; run has no final save (best_model.zip only)",3,-164.86014599751928,137.86014599751928,27.0,0.0,0.0,207.40031374291866,207.40031374291866,0.0009910802775024777,0.0009910802775024777,0.0,0.0009910802775024777,0.0,0,0.0,1,6.9847963178015355,6.9847963178015355,1.0,0.69
main,v040,LOLO-nes-f3,secondary,LOLO,nested,3,A,Centralized PPO|ppo_multi_site_seed99_20260517T003436/best_model.zip,Centralized PPO,99,L,"May 2026, pre-781c90c reward; run has no final save (best_model.zip only)",4,-1187.057678698014,943.6068294980139,243.0,0.0758492,0.375,207.31434666459586,207.29538436459586,0.008919722497522299,0.0019821605550049554,0.008919722497522299,0.008919722497522299,0.006937561942517344,4,0.3805748265609515,9,5.026314692133001,5.026314692133001,1.0,0.69
main,v040,LOLO-nes-f3,secondary,LOLO,nested,3,A,Centralized PPO|ppo_multi_site_seed99_20260517T003436/best_model.zip,Centralized PPO,99,L,"May 2026, pre-781c90c reward; run has no final save (best_model.zip only)",5,-12905.311402312454,559.5019583124538,12258.0,5.309444,82.5,344.16251911979316,342.83515811979316,0.4519326065411298,0.1377601585728444,0.4499504459861249,0.4499504459861249,0.3924677898909812,279,26.545094152626366,454,227.2771406190122,2316.89596872039,1.0,0.69
main,v040,LOLO-nes-f3,secondary,LOLO,nested,3,A,Centralized PPO|ppo_multi_site_seed99_20260517T003436/best_model.zip,Centralized PPO,99,L,"May 2026, pre-781c90c reward; run has no final save (best_model.zip only)",6,-27226.137991361407,887.4061771614095,26325.0,0.6068142000000001,13.125,366.6046923708114,366.4529888208114,0.9663032705649157,0.1635282457879088,0.9643211100099108,0.9663032705649157,0.9831516352824579,32,3.044598612487612,975,70.57294244068096,2316.89596872039,1.0,0.69
main,v040,LOLO-nes-f3,secondary,LOLO,nested,3,A,Centralized PPO|ppo_multi_site_seed99_20260517T003436/best_model.zip,Centralized PPO,99,L,"May 2026, pre-781c90c reward; run has no final save (best_model.zip only)",7,-6871.745335832935,592.221371632935,6264.0,1.0239642,14.5,202.848639697537,202.592648647537,0.22993062438057482,0.007928642220019821,0.22993062438057482,0.22993062438057482,0.20317145688800792,53,5.042616451932607,232,5.026314692133001,5.026314692133001,1.0,0.69
main,v040,LOLO-nes-f3,secondary,LOLO,nested,3,A,Centralized PPO|ppo_multi_site_seed99_20260517T003436/best_model.zip,Centralized PPO,99,L,"May 2026, pre-781c90c reward; run has no final save (best_model.zip only)",8,-401.76532222701053,401.76532222701053,0.0,0.0,0.0,206.9836767179966,206.9836767179966,0.0,0.0,0.0,0.0,0.0,0,0.0,0,0.0,0.0,0.0,0.69
main,v040,LOLO-nes-f3,secondary,LOLO,nested,3,A,Centralized PPO|ppo_multi_site_seed99_20260517T003436/best_model.zip,Centralized PPO,99,L,"May 2026, pre-781c90c reward; run has no final save (best_model.zip only)",9,-458.98117259002515,80.98117259002511,378.0,0.0,0.0,207.50261079819256,207.50261079819256,0.013875123885034688,0.013875123885034688,0.0,0.013875123885034688,0.0,0,0.0,14,33.64230108722876,144.2987835964076,1.0,0.69
main,v040,LOLO-nes-f3,secondary,LOLO,nested,3,A,IPPO|wcnc2027_ablation/ippo_seed1,IPPO,1,R,wcnc2027_ablation 2026-09-14,all,-23212.135164060674,4980.984109260677,18063.0,9.0260548,159.125,2018.981767606163,2016.7252539061633,0.06630327056491576,0.0014866204162537165,0.06501486620416254,0.06630327056491576,0.04142715559960357,475,4.519326065411299,669,621.3252291762379,173641.25271981518,1.0,168.03
main,v040,LOLO-nes-f3,secondary,LOLO,nested,3,A,IPPO|wcnc2027_ablation/ippo_seed1,IPPO,1,R,wcnc2027_ablation 2026-09-14,0,-5836.556557180121,1074.397589180121,4698.0,3.0339679999999998,61.125,195.40182625453116,194.6433342545311,0.17244796828543113,0.0,0.17244796828543113,0.17244796828543113,0.0931615460852329,159,15.12784935579782,174,5.026314692132999,5.026314692133001,1.0,168.03
main,v040,LOLO-nes-f3,secondary,LOLO,nested,3,A,IPPO|wcnc2027_ablation/ippo_seed1,IPPO,1,R,wcnc2027_ablation 2026-09-14,1,-3031.02434345444,625.5452840544402,2376.0,1.4790594000000001,28.0,200.1025812793314,199.73281642933136,0.08721506442021804,0.0,0.08721506442021804,0.08721506442021804,0.048562933597621406,78,7.421209117938553,88,5.026314692133,5.026314692133001,1.0,168.03
main,v040,LOLO-nes-f3,secondary,LOLO,nested,3,A,IPPO|wcnc2027_ablation/ippo_seed1,IPPO,1,R,wcnc2027_ablation 2026-09-14,2,-285.1954378476655,285.1954378476655,0.0,0.0,0.0,207.09884096626072,207.09884096626072,0.0,0.0,0.0,0.0,0.0,0,0.0,0,0.0,0.0,0.0,168.03
main,v040,LOLO-nes-f3,secondary,LOLO,nested,3,A,IPPO|wcnc2027_ablation/ippo_seed1,IPPO,1,R,wcnc2027_ablation 2026-09-14,3,-164.86014599751928,137.86014599751928,27.0,0.0,0.0,207.40031374291866,207.40031374291866,0.0009910802775024777,0.0009910802775024777,0.0,0.0009910802775024777,0.0,0,0.0,1,6.9847963178015355,6.9847963178015355,1.0,168.03
main,v040,LOLO-nes-f3,secondary,LOLO,nested,3,A,IPPO|wcnc2027_ablation/ippo_seed1,IPPO,1,R,wcnc2027_ablation 2026-09-14,4,-3962.410484776738,623.4848221767379,3321.0,1.1756626000000001,16.75,193.11152386323533,192.81760821323533,0.12190287413280476,0.0,0.12190287413280476,0.12190287413280476,0.09117938553022795,62,5.898909811694748,123,5.026314692133001,5.026314692133001,1.0,168.03
main,v040,LOLO-nes-f3,secondary,LOLO,nested,3,A,IPPO|wcnc2027_ablation/ippo_seed1,IPPO,1,R,wcnc2027_ablation 2026-09-14,5,-1411.2519396890134,407.0847690890132,999.0,0.4171706,4.75,204.71420833386333,204.60991568386333,0.036669970267591674,0.0,0.036669970267591674,0.036669970267591674,0.02576808721506442,22,2.093161546085233,37,5.026314692133003,5.026314692133001,1.0,168.03
main,v040,LOLO-nes-f3,secondary,LOLO,nested,3,A,IPPO|wcnc2027_ablation/ippo_seed1,IPPO,1,R,wcnc2027_ablation 2026-09-14,6,-4616.899968768627,657.6105323686272,3942.0,1.2894364,16.0,192.81876018001412,192.4964010800141,0.14469772051536176,0.0,0.14469772051536176,0.14469772051536176,0.1110009910802775,68,6.469772051536175,146,5.026314692133,5.026314692133001,1.0,168.03
main,v040,LOLO-nes-f3,secondary,LOLO,nested,3,A,IPPO|wcnc2027_ablation/ippo_seed1,IPPO,1,R,wcnc2027_ablation 2026-09-14,7,-3015.686898559744,686.9690653597438,2295.0,1.5928332000000003,32.125,202.65229377310644,202.25408547310644,0.08424182358771061,0.0,0.08424182358771061,0.08424182358771061,0.04261645193260654,84,7.992071357779981,85,5.026314692132999,5.026314692133001,1.0,168.03
main,v040,LOLO-nes-f3,secondary,LOLO,nested,3,A,IPPO|wcnc2027_ablation/ippo_seed1,IPPO,1,R,wcnc2027_ablation 2026-09-14,8,-401.76532222701053,401.76532222701053,0.0,0.0,0.0,206.9836767179966,206.9836767179966,0.0,0.0,0.0,0.0,0.0,0,0.0,0,0.0,0.0,0.0,168.03
main,v040,LOLO-nes-f3,secondary,LOLO,nested,3,A,IPPO|wcnc2027_ablation/ippo_seed1,IPPO,1,R,wcnc2027_ablation 2026-09-14,9,-486.48406555979693,81.0711409597969,405.0,0.0379246,0.375,208.6977424949055,208.6882613449055,0.014866204162537165,0.013875123885034688,0.002973240832507433,0.014866204162537165,0.0019821605550049554,2,0.19028741328047574,15,27491.827335241494,173641.25271981518,1.0,168.03
main,v040,LOLO-nes-f3,secondary,LOLO,nested,3,A,IPPO|wcnc2027_ablation/ippo_seed7,IPPO,7,R,wcnc2027_ablation 2026-09-14,all,-22350.656294923247,5029.717315523248,17145.0,9.063979400000001,166.875,2022.011983312048,2019.745988462048,0.06293359762140734,0.0014866204162537165,0.061446977205153616,0.06293359762140734,0.0377601585728444,477,4.538354806739346,635,5.6603025522227775,144.2987835964076,1.0,169.04
main,v040,LOLO-nes-f3,secondary,LOLO,nested,3,A,IPPO|wcnc2027_ablation/ippo_seed7,IPPO,7,R,wcnc2027_ablation 2026-09-14,0,-5728.522321866729,914.012318066729,4779.0,2.0100038000000002,33.5,189.2196711480193,188.7171701980193,0.17542120911793854,0.0,0.17542120911793854,0.17542120911793854,0.12289395441030723,105,9.990089197224975,177,5.026314692133,5.026314692133001,1.0,169.04
main,v040,LOLO-nes-f3,secondary,LOLO,nested,3,A,IPPO|wcnc2027_ablation/ippo_seed7,IPPO,7,R,wcnc2027_ablation 2026-09-14,1,-3754.5949418577957,634.4978626577958,3078.0,1.9720792,40.125,199.64343042081973,199.1504106208197,0.11298315163528246,0.0,0.11298315163528246,0.11298315163528246,0.061446977205153616,104,9.894945490584737,114,5.026314692133001,5.026314692133001,1.0,169.04
main,v040,LOLO-nes-f3,secondary,LOLO,nested,3,A,IPPO|wcnc2027_ablation/ippo_seed7,IPPO,7,R,wcnc2027_ablation 2026-09-14,2,-285.1954378476655,285.1954378476655,0.0,0.0,0.0,207.09884096626072,207.09884096626072,0.0,0.0,0.0,0.0,0.0,0,0.0,0,0.0,0.0,0.0,169.04
main,v040,LOLO-nes-f3,secondary,LOLO,nested,3,A,IPPO|wcnc2027_ablation/ippo_seed7,IPPO,7,R,wcnc2027_ablation 2026-09-14,3,-164.86014599751928,137.86014599751928,27.0,0.0,0.0,207.40031374291866,207.40031374291866,0.0009910802775024777,0.0009910802775024777,0.0,0.0009910802775024777,0.0,0,0.0,1,6.9847963178015355,6.9847963178015355,1.0,169.04
main,v040,LOLO-nes-f3,secondary,LOLO,nested,3,A,IPPO|wcnc2027_ablation/ippo_seed7,IPPO,7,R,wcnc2027_ablation 2026-09-14,4,-3790.065412048645,637.188900248645,3132.0,1.2515118,19.625,194.3101706156699,193.99729266566993,0.11496531219028741,0.0,0.11496531219028741,0.11496531219028741,0.08225966303270565,66,6.279484638255699,116,5.026314692133002,5.026314692133001,1.0,169.04
main,v040,LOLO-nes-f3,secondary,LOLO,nested,3,A,IPPO|wcnc2027_ablation/ippo_seed7,IPPO,7,R,wcnc2027_ablation 2026-09-14,5,-989.2963471509829,420.0687995509828,567.0,0.22754760000000002,2.0,205.68732180262393,205.63043490262393,0.02081268582755203,0.0,0.02081268582755203,0.02081268582755203,0.014866204162537165,12,1.1417244796828543,21,5.026314692133001,5.026314692133001,1.0,169.04
main,v040,LOLO-nes-f3,secondary,LOLO,nested,3,A,IPPO|wcnc2027_ablation/ippo_seed7,IPPO,7,R,wcnc2027_ablation 2026-09-14,6,-2918.4165152207615,837.2253804207612,2052.0,1.4411348,27.75,201.98636123022095,201.62607753022098,0.0753221010901883,0.0,0.0753221010901883,0.0753221010901883,0.03766105054509415,76,7.230921704658078,76,5.026314692132999,5.026314692133001,1.0,169.04
main,v040,LOLO-nes-f3,secondary,LOLO,nested,3,A,IPPO|wcnc2027_ablation/ippo_seed7,IPPO,7,R,wcnc2027_ablation 2026-09-14,7,-3858.9586781161133,680.9219759161133,3132.0,2.1617022,43.875,202.17958586932573,201.63916031932573,0.11496531219028741,0.0,0.11496531219028741,0.11496531219028741,0.05847373637264618,114,10.846382556987116,116,5.026314692133002,5.026314692133001,1.0,169.04
main,v040,LOLO-nes-f3,secondary,LOLO,nested,3,A,IPPO|wcnc2027_ablation/ippo_seed7,IPPO,7,R,wcnc2027_ablation 2026-09-14,8,-401.76532222701053,401.76532222701053,0.0,0.0,0.0,206.9836767179966,206.9836767179966,0.0,0.0,0.0,0.0,0.0,0,0.0,0,0.0,0.0,0.0,169.04
main,v040,LOLO-nes-f3,secondary,LOLO,nested,3,A,IPPO|wcnc2027_ablation/ippo_seed7,IPPO,7,R,wcnc2027_ablation 2026-09-14,9,-458.98117259002515,80.98117259002511,378.0,0.0,0.0,207.50261079819256,207.50261079819256,0.013875123885034688,0.013875123885034688,0.0,0.013875123885034688,0.0,0,0.0,14,33.64230108722876,144.2987835964076,1.0,169.04
main,v040,LOLO-nes-f3,secondary,LOLO,nested,3,A,IPPO|wcnc2027_ablation/ippo_seed13,IPPO,13,R,wcnc2027_ablation 2026-09-14,all,-21341.96317251234,5192.03117331234,15957.0,9.5569992,183.375,2029.5413197962905,2027.1520699962905,0.05857284440039643,0.0014866204162537165,0.05708622398414272,0.05857284440039643,0.032111000991080274,503,4.785728444003964,591,5.707503002043337,144.2987835964076,1.0,168.28
main,v040,LOLO-nes-f3,secondary,LOLO,nested,3,A,IPPO|wcnc2027_ablation/ippo_seed13,IPPO,13,R,wcnc2027_ablation 2026-09-14,0,-6025.202373095806,953.949349495806,5022.0,2.5030236,46.75,190.8032960075908,190.1775401075908,0.18434093161546086,0.0,0.18434093161546086,0.18434093161546086,0.11892963330029732,131,12.46382556987116,186,5.026314692133,5.026314692133001,1.0,168.28
main,v040,LOLO-nes-f3,secondary,LOLO,nested,3,A,IPPO|wcnc2027_ablation/ippo_seed13,IPPO,13,R,wcnc2027_ablation 2026-09-14,1,-2968.035555928773,641.4806473287733,2295.0,1.5549086,30.0,201.58532778202792,201.19660063202792,0.08424182358771061,0.0,0.08424182358771061,0.08424182358771061,0.04360753221010902,82,7.801783944499505,85,5.026314692132999,5.026314692133001,1.0,168.28
main,v040,LOLO-nes-f3,secondary,LOLO,nested,3,A,IPPO|wcnc2027_ablation/ippo_seed13,IPPO,13,R,wcnc2027_ablation 2026-09-14,2,-285.1954378476655,285.1954378476655,0.0,0.0,0.0,207.09884096626072,207.09884096626072,0.0,0.0,0.0,0.0,0.0,0,0.0,0,0.0,0.0,0.0,168.28
main,v040,LOLO-nes-f3,secondary,LOLO,nested,3,A,IPPO|wcnc2027_ablation/ippo_seed13,IPPO,13,R,wcnc2027_ablation 2026-09-14,3,-164.86014599751928,137.86014599751928,27.0,0.0,0.0,207.40031374291866,207.40031374291866,0.0009910802775024777,0.0009910802775024777,0.0,0.0009910802775024777,0.0,0,0.0,1,6.9847963178015355,6.9847963178015355,1.0,168.28
main,v040,LOLO-nes-f3,secondary,LOLO,nested,3,A,IPPO|wcnc2027_ablation/ippo_seed13,IPPO,13,R,wcnc2027_ablation 2026-09-14,4,-3917.431569763667,793.4327921636669,3078.0,2.1237776000000004,43.875,199.84484272010795,199.31389832010797,0.11298315163528246,0.0,0.11298315163528246,0.11298315163528246,0.057482656095143705,112,10.65609514370664,114,5.026314692133001,5.026314692133001,1.0,168.28
main,v040,LOLO-nes-f3,secondary,LOLO,nested,3,A,IPPO|wcnc2027_ablation/ippo_seed13,IPPO,13,R,wcnc2027_ablation 2026-09-14,5,-909.3508946370225,420.08542243702254,486.0,0.2654722,3.0,205.72898796416072,205.66261991416073,0.017839444995044598,0.0,0.017839444995044598,0.017839444995044598,0.010901883052527254,14,1.33201189296333,18,5.026314692133001,5.026314692133001,1.0,168.28
main,v040,LOLO-nes-f3,secondary,LOLO,nested,3,A,IPPO|wcnc2027_ablation/ippo_seed13,IPPO,13,R,wcnc2027_ablation 2026-09-14,6,-3230.7745995243386,796.5946909243388,2403.0,1.5549086,29.625,200.26474743669888,199.8760202866989,0.08820614469772052,0.0,0.08820614469772052,0.08820614469772052,0.04757185332011893,82,7.801783944499505,89,5.026314692133,5.026314692133001,1.0,168.28
main,v040,LOLO-nes-f3,secondary,LOLO,nested,3,A,IPPO|wcnc2027_ablation/ippo_seed13,IPPO,13,R,wcnc2027_ablation 2026-09-14,7,-2928.2184875288676,683.076503528868,2214.0,1.516984,29.625,202.47053174107714,202.09128574107712,0.08126858275520317,0.0,0.08126858275520317,0.08126858275520317,0.04162537165510406,80,7.6114965312190295,82,5.026314692132999,5.026314692133001,1.0,168.28
main,v040,LOLO-nes-f3,secondary,LOLO,nested,3,A,IPPO|wcnc2027_ablation/ippo_seed13,IPPO,13,R,wcnc2027_ablation 2026-09-14,8,-453.91293559865426,399.37501099865426,54.0,0.0379246,0.5,206.8418206372553,206.8323394872553,0.0019821605550049554,0.0,0.0019821605550049554,0.0019821605550049554,0.0009910802775024777,2,0.19028741328047574,2,5.026314692133001,5.026314692133001,1.0,168.28
main,v040,LOLO-nes-f3,secondary,LOLO,nested,3,A,IPPO|wcnc2027_ablation/ippo_seed13,IPPO,13,R,wcnc2027_ablation 2026-09-14,9,-458.98117259002515,80.98117259002511,378.0,0.0,0.0,207.50261079819256,207.50261079819256,0.013875123885034688,0.013875123885034688,0.0,0.013875123885034688,0.0,0,0.0,14,33.64230108722876,144.2987835964076,1.0,168.28
main,v040,LOLO-nes-f3,secondary,LOLO,nested,3,A,IPPO|wcnc2027_ablation/ippo_seed23,IPPO,23,R,wcnc2027_ablation 2026-09-14,all,-25128.908926374763,4811.325228774764,20142.0,9.7086976,165.875,2011.1090807254145,2008.6819063254145,0.07393458870168483,0.0014866204162537165,0.07244796828543112,0.07393458870168483,0.04707631318136769,511,4.861843409316155,746,5.565969237919875,144.2987835964076,1.0,168.7
main,v040,LOLO-nes-f3,secondary,LOLO,nested,3,A,IPPO|wcnc2027_ablation/ippo_seed23,IPPO,23,R,wcnc2027_ablation 2026-09-14,0,-7395.983485366599,909.3469697665992,6426.0,3.2615156,57.375,187.92813048414186,187.11275158414185,0.2358771060455897,0.0,0.2358771060455897,0.2358771060455897,0.1506442021803766,171,16.269573835480674,238,5.026314692133001,5.026314692133001,1.0,168.7
main,v040,LOLO-nes-f3,secondary,LOLO,nested,3,A,IPPO|wcnc2027_ablation/ippo_seed23,IPPO,23,R,wcnc2027_ablation 2026-09-14,1,-3352.4063832373804,506.78411743738076,2835.0,0.8722658,9.75,195.70862640156847,195.49055995156849,0.10406342913776016,0.0,0.10406342913776016,0.10406342913776016,0.08126858275520317,46,4.376610505450942,105,5.026314692133001,5.026314692133001,1.0,168.7
main,v040,LOLO-nes-f3,secondary,LOLO,nested,3,A,IPPO|wcnc2027_ablation/ippo_seed23,IPPO,23,R,wcnc2027_ablation 2026-09-14,2,-285.1954378476655,285.1954378476655,0.0,0.0,0.0,207.09884096626072,207.09884096626072,0.0,0.0,0.0,0.0,0.0,0,0.0,0,0.0,0.0,0.0,168.7
main,v040,LOLO-nes-f3,secondary,LOLO,nested,3,A,IPPO|wcnc2027_ablation/ippo_seed23,IPPO,23,R,wcnc2027_ablation 2026-09-14,3,-164.86014599751928,137.86014599751928,27.0,0.0,0.0,207.40031374291866,207.40031374291866,0.0009910802775024777,0.0009910802775024777,0.0,0.0009910802775024777,0.0,0,0.0,1,6.9847963178015355,6.9847963178015355,1.0,168.7
main,v040,LOLO-nes-f3,secondary,LOLO,nested,3,A,IPPO|wcnc2027_ablation/ippo_seed23,IPPO,23,R,wcnc2027_ablation 2026-09-14,4,-3765.7954156891387,666.0059792891388,3078.0,1.2894364,20.5,195.02807786157905,194.70571876157905,0.11298315163528246,0.0,0.11298315163528246,0.11298315163528246,0.07928642220019821,68,6.469772051536175,114,5.026314692133001,5.026314692133001,1.0,168.7
main,v040,LOLO-nes-f3,secondary,LOLO,nested,3,A,IPPO|wcnc2027_ablation/ippo_seed23,IPPO,23,R,wcnc2027_ablation 2026-09-14,5,-1110.7720041013395,407.0823811013395,702.0,0.18962299999999999,1.5,204.7198128945306,204.67240714453058,0.02576808721506442,0.0,0.02576808721506442,0.02576808721506442,0.02081268582755203,10,0.9514370664023787,26,5.026314692133001,5.026314692133001,1.0,168.7
main,v040,LOLO-nes-f3,secondary,LOLO,nested,3,A,IPPO|wcnc2027_ablation/ippo_seed23,IPPO,23,R,wcnc2027_ablation 2026-09-14,6,-4229.287343294723,739.5540378947229,3456.0,1.8583053999999999,31.875,196.90883543723885,196.44425908723886,0.12685827552031714,0.0,0.12685827552031714,0.12685827552031714,0.07829534192269574,98,9.32408325074331,128,5.026314692133,5.026314692133001,1.0,168.7
main,v040,LOLO-nes-f3,secondary,LOLO,nested,3,A,IPPO|wcnc2027_ablation/ippo_seed23,IPPO,23,R,wcnc2027_ablation 2026-09-14,7,-3858.289251488398,680.2525492883976,3132.0,2.1617022,43.875,202.06542693724717,201.52500138724716,0.11496531219028741,0.0,0.11496531219028741,0.11496531219028741,0.05847373637264618,114,10.846382556987116,116,5.026314692133002,5.026314692133001,1.0,168.7
main,v040,LOLO-nes-f3,secondary,LOLO,nested,3,A,IPPO|wcnc2027_ablation/ippo_seed23,IPPO,23,R,wcnc2027_ablation 2026-09-14,8,-507.33828676197413,398.2624375619741,108.0,0.0758492,1.0,206.74840520173663,206.72944290173663,0.003964321110009911,0.0,0.003964321110009911,0.003964321110009911,0.0019821605550049554,4,0.3805748265609515,4,5.026314692133001,5.026314692133001,1.0,168.7
main,v040,LOLO-nes-f3,secondary,LOLO,nested,3,A,IPPO|wcnc2027_ablation/ippo_seed23,IPPO,23,R,wcnc2027_ablation 2026-09-14,9,-458.98117259002515,80.98117259002511,378.0,0.0,0.0,207.50261079819256,207.50261079819256,0.013875123885034688,0.013875123885034688,0.0,0.013875123885034688,0.0,0,0.0,14,33.64230108722876,144.2987835964076,1.0,168.7
main,v040,LOLO-nes-f3,secondary,LOLO,nested,3,A,IPPO|wcnc2027_ablation/ippo_seed42,IPPO,42,R,wcnc2027_ablation 2026-09-14,all,-23848.26831962685,4899.9079236268535,18765.0,9.860396000000001,173.5,2017.2942852206668,2014.8291862206665,0.0688800792864222,0.0014866204162537165,0.06739345887016848,0.0688800792864222,0.04162537165510406,518,4.928444003964321,695,5.605569787322941,144.2987835964076,1.0,168.31
main,v040,LOLO-nes-f3,secondary,LOLO,nested,3,A,IPPO|wcnc2027_ablation/ippo_seed42,IPPO,42,R,wcnc2027_ablation 2026-09-14,0,-6480.854457459655,943.1842632596554,5481.0,2.9201942,53.75,190.5474638604797,189.8174153104797,0.20118929633300298,0.0,0.20118929633300298,0.20118929633300298,0.12487611496531219,153,14.556987115956394,203,5.026314692133001,5.026314692133001,1.0,168.31
main,v040,LOLO-nes-f3,secondary,LOLO,nested,3,A,IPPO|wcnc2027_ablation/ippo_seed42,IPPO,42,R,wcnc2027_ablation 2026-09-14,1,-3293.9212454807302,543.0559598807304,2727.0,1.3652856,22.5,198.08315167289172,197.74183027289172,0.10009910802775025,0.0,0.10009910802775025,0.10009910802775025,0.06442021803766106,72,6.850346878097127,101,5.026314692132999,5.026314692133001,1.0,168.31
main,v040,LOLO-nes-f3,secondary,LOLO,nested,3,A,IPPO|wcnc2027_ablation/ippo_seed42,IPPO,42,R,wcnc2027_ablation 2026-09-14,2,-285.1954378476655,285.1954378476655,0.0,0.0,0.0,207.09884096626072,207.09884096626072,0.0,0.0,0.0,0.0,0.0,0,0.0,0,0.0,0.0,0.0,168.31
main,v040,LOLO-nes-f3,secondary,LOLO,nested,3,A,IPPO|wcnc2027_ablation/ippo_seed42,IPPO,42,R,wcnc2027_ablation 2026-09-14,3,-164.86014599751928,137.86014599751928,27.0,0.0,0.0,207.40031374291866,207.40031374291866,0.0009910802775024777,0.0009910802775024777,0.0,0.0009910802775024777,0.0,0,0.0,1,6.9847963178015355,6.9847963178015355,1.0,168.31
main,v040,LOLO-nes-f3,secondary,LOLO,nested,3,A,IPPO|wcnc2027_ablation/ippo_seed42,IPPO,42,R,wcnc2027_ablation 2026-09-14,4,-3685.499362209118,643.736624209118,3024.0,1.1377380000000001,16.625,194.3226562154562,194.0382217154562,0.1110009910802775,0.0,0.1110009910802775,0.1110009910802775,0.08126858275520317,60,5.708622398414271,112,5.026314692133,5.026314692133001,1.0,168.31
main,v040,LOLO-nes-f3,secondary,LOLO,nested,3,A,IPPO|wcnc2027_ablation/ippo_seed42,IPPO,42,R,wcnc2027_ablation 2026-09-14,5,-1352.237461371281,404.1840645712807,945.0,0.30339679999999997,2.75,204.44800873473827,204.37215953473827,0.03468780971258672,0.0,0.03468780971258672,0.03468780971258672,0.026759167492566897,16,1.522299306243806,35,5.026314692133002,5.026314692133001,1.0,168.31
main,v040,LOLO-nes-f3,secondary,LOLO,nested,3,A,IPPO|wcnc2027_ablation/ippo_seed42,IPPO,42,R,wcnc2027_ablation 2026-09-14,6,-4062.0588858321216,805.3592590321218,3213.0,2.1996268000000003,41.5,200.0461022769491,199.4961955769491,0.11793855302279485,0.0,0.11793855302279485,0.11793855302279485,0.06045589692765114,115,10.941526263627354,119,5.026314692133003,5.026314692133001,1.0,168.31
main,v040,LOLO-nes-f3,secondary,LOLO,nested,3,A,IPPO|wcnc2027_ablation/ippo_seed42,IPPO,42,R,wcnc2027_ablation 2026-09-14,7,-3213.7177716402475,668.0490892402477,2511.0,1.6686824000000002,33.0,201.7699935029674,201.35282290296743,0.09217046580773043,0.0,0.09217046580773043,0.09217046580773043,0.048562933597621406,88,8.372646184340931,93,5.026314692132999,5.026314692133001,1.0,168.31
main,v040,LOLO-nes-f3,secondary,LOLO,nested,3,A,IPPO|wcnc2027_ablation/ippo_seed42,IPPO,42,R,wcnc2027_ablation 2026-09-14,8,-850.9423791984896,388.3019069984896,459.0,0.26547220000000005,3.375,206.07514344981237,206.00877539981238,0.01684836471754212,0.0,0.01684836471754212,0.01684836471754212,0.009910802775024777,14,1.33201189296333,17,5.026314692133001,5.026314692133001,1.0,168.31
main,v040,LOLO-nes-f3,secondary,LOLO,nested,3,A,IPPO|wcnc2027_ablation/ippo_seed42,IPPO,42,R,wcnc2027_ablation 2026-09-14,9,-458.98117259002515,80.98117259002511,378.0,0.0,0.0,207.50261079819256,207.50261079819256,0.013875123885034688,0.013875123885034688,0.0,0.013875123885034688,0.0,0,0.0,14,33.64230108722876,144.2987835964076,1.0,168.31
main,v040,LOLO-nes-f3,secondary,LOLO,nested,3,A,IPPO|wcnc2027_ablation/ippo_seed64,IPPO,64,R,wcnc2027_ablation 2026-09-14,all,-20444.292873803297,5101.358140403296,15174.0,8.684733399999999,160.25,2028.1242694459618,2025.9530860959617,0.055698711595639244,0.0014866204162537165,0.05421209117938553,0.055698711595639244,0.03151635282457879,457,4.34806739345887,562,5.742653288497785,144.2987835964076,1.0,168.59
main,v040,LOLO-nes-f3,secondary,LOLO,nested,3,A,IPPO|wcnc2027_ablation/ippo_seed64,IPPO,64,R,wcnc2027_ablation 2026-09-14,0,-5929.957863748403,1013.1514433484022,4860.0,2.8064204,54.0,192.94625377448094,192.24464867448097,0.17839444995044598,0.0,0.17839444995044598,0.17839444995044598,0.10505450941526263,147,13.986124876114966,180,5.026314692132999,5.026314692133001,1.0,168.59
main,v040,LOLO-nes-f3,secondary,LOLO,nested,3,A,IPPO|wcnc2027_ablation/ippo_seed64,IPPO,64,R,wcnc2027_ablation 2026-09-14,1,-2879.8407666179373,539.6159532179374,2322.0,1.0998134,17.125,198.8407419381977,198.56578858819773,0.08523290386521308,0.0,0.08523290386521308,0.08523290386521308,0.05649157581764123,58,5.518334985133796,86,5.026314692132999,5.026314692133001,1.0,168.59
main,v040,LOLO-nes-f3,secondary,LOLO,nested,3,A,IPPO|wcnc2027_ablation/ippo_seed64,IPPO,64,R,wcnc2027_ablation 2026-09-14,2,-285.1954378476655,285.1954378476655,0.0,0.0,0.0,207.09884096626072,207.09884096626072,0.0,0.0,0.0,0.0,0.0,0,0.0,0,0.0,0.0,0.0,168.59
main,v040,LOLO-nes-f3,secondary,LOLO,nested,3,A,IPPO|wcnc2027_ablation/ippo_seed64,IPPO,64,R,wcnc2027_ablation 2026-09-14,3,-164.86014599751928,137.86014599751928,27.0,0.0,0.0,207.40031374291866,207.40031374291866,0.0009910802775024777,0.0009910802775024777,0.0,0.0009910802775024777,0.0,0,0.0,1,6.9847963178015355,6.9847963178015355,1.0,168.59
main,v040,LOLO-nes-f3,secondary,LOLO,nested,3,A,IPPO|wcnc2027_ablation/ippo_seed64,IPPO,64,R,wcnc2027_ablation 2026-09-14,4,-3608.7436268585407,715.7757936585407,2862.0,1.5928331999999998,29.375,197.76899060690903,197.37078230690906,0.10505450941526263,0.0,0.10505450941526263,0.10505450941526263,0.06342913776015857,84,7.992071357779981,106,5.026314692133001,5.026314692133001,1.0,168.59
main,v040,LOLO-nes-f3,secondary,LOLO,nested,3,A,IPPO|wcnc2027_ablation/ippo_seed64,IPPO,64,R,wcnc2027_ablation 2026-09-14,5,-588.0408279671102,426.0029033671102,162.0,0.0379246,0.0,206.21442183142614,206.20494068142614,0.005946481665014866,0.0,0.005946481665014866,0.005946481665014866,0.004955401387512388,2,0.19028741328047574,6,5.026314692133,5.026314692133001,1.0,168.59
main,v040,LOLO-nes-f3,secondary,LOLO,nested,3,A,IPPO|wcnc2027_ablation/ippo_seed64,IPPO,64,R,wcnc2027_ablation 2026-09-14,6,-3131.5189025401355,832.7139939401357,2268.0,1.5549086,29.25,201.4107747168701,201.02204756687007,0.08325074331020813,0.0,0.08325074331020813,0.08325074331020813,0.04261645193260654,82,7.801783944499505,84,5.026314692132999,5.026314692133001,1.0,168.59
main,v040,LOLO-nes-f3,secondary,LOLO,nested,3,A,IPPO|wcnc2027_ablation/ippo_seed64,IPPO,64,R,wcnc2027_ablation 2026-09-14,7,-2781.938135144931,672.9970003449308,2079.0,1.4411348,28.5,202.33714280783235,201.97685910783235,0.07631318136769079,0.0,0.07631318136769079,0.07631318136769079,0.03865213082259663,76,7.230921704658078,77,5.026314692132999,5.026314692133001,1.0,168.59
main,v040,LOLO-nes-f3,secondary,LOLO,nested,3,A,IPPO|wcnc2027_ablation/ippo_seed64,IPPO,64,R,wcnc2027_ablation 2026-09-14,8,-615.215994491029,397.06429609102906,216.0,0.1516984,2.0,206.60417826287357,206.56625366287358,0.007928642220019821,0.0,0.007928642220019821,0.007928642220019821,0.003964321110009911,8,0.761149653121903,8,5.026314692133001,5.026314692133001,1.0,168.59
main,v040,LOLO-nes-f3,secondary,LOLO,nested,3,A,IPPO|wcnc2027_ablation/ippo_seed64,IPPO,64,R,wcnc2027_ablation 2026-09-14,9,-458.98117259002515,80.98117259002511,378.0,0.0,0.0,207.50261079819256,207.50261079819256,0.013875123885034688,0.013875123885034688,0.0,0.013875123885034688,0.0,0,0.0,14,33.64230108722876,144.2987835964076,1.0,168.59
main,v040,LOLO-nes-f3,secondary,LOLO,nested,3,A,IPPO|wcnc2027_ablation/ippo_seed77,IPPO,77,R,wcnc2027_ablation 2026-09-14,all,-22887.701806678124,4942.133581278122,17766.0,9.4432254,170.125,2021.3302073185328,2018.969400968533,0.06521308225966303,0.0014866204162537165,0.0639246778989098,0.06521308225966303,0.03924677898909812,497,4.728642220019822,658,631.6280985673096,173641.25271981518,1.0,168.35
main,v040,LOLO-nes-f3,secondary,LOLO,nested,3,A,IPPO|wcnc2027_ablation/ippo_seed77,IPPO,77,R,wcnc2027_ablation 2026-09-14,0,-5960.617917316438,943.3648937164388,4968.0,2.5030236,46.75,190.6760025598423,190.0502466598423,0.1823587710604559,0.0,0.1823587710604559,0.1823587710604559,0.11694747274529237,131,12.46382556987116,184,5.026314692133,5.026314692133001,1.0,168.35
main,v040,LOLO-nes-f3,secondary,LOLO,nested,3,A,IPPO|wcnc2027_ablation/ippo_seed77,IPPO,77,R,wcnc2027_ablation 2026-09-14,1,-3063.5155403967315,534.5028023967315,2511.0,1.1377380000000001,16.875,198.0461311724817,197.7616966724817,0.09217046580773043,0.0,0.09217046580773043,0.09217046580773043,0.062438057482656094,60,5.708622398414271,93,5.026314692132999,5.026314692133001,1.0,168.35
main,v040,LOLO-nes-f3,secondary,LOLO,nested,3,A,IPPO|wcnc2027_ablation/ippo_seed77,IPPO,77,R,wcnc2027_ablation 2026-09-14,2,-285.1954378476655,285.1954378476655,0.0,0.0,0.0,207.09884096626072,207.09884096626072,0.0,0.0,0.0,0.0,0.0,0,0.0,0,0.0,0.0,0.0,168.35
main,v040,LOLO-nes-f3,secondary,LOLO,nested,3,A,IPPO|wcnc2027_ablation/ippo_seed77,IPPO,77,R,wcnc2027_ablation 2026-09-14,3,-164.86014599751928,137.86014599751928,27.0,0.0,0.0,207.40031374291866,207.40031374291866,0.0009910802775024777,0.0009910802775024777,0.0,0.0009910802775024777,0.0,0,0.0,1,6.9847963178015355,6.9847963178015355,1.0,168.35
main,v040,LOLO-nes-f3,secondary,LOLO,nested,3,A,IPPO|wcnc2027_ablation/ippo_seed77,IPPO,77,R,wcnc2027_ablation 2026-09-14,4,-3680.133567381091,776.9494127810913,2862.0,1.9341546,39.25,199.8815311604839,199.39799251048387,0.10505450941526263,0.0,0.10505450941526263,0.10505450941526263,0.05450941526263627,102,9.704658077304263,106,5.026314692133001,5.026314692133001,1.0,168.35
main,v040,LOLO-nes-f3,secondary,LOLO,nested,3,A,IPPO|wcnc2027_ablation/ippo_seed77,IPPO,77,R,wcnc2027_ablation 2026-09-14,5,-1326.9542039205094,405.11288252050923,918.0,0.3413214,3.5,204.54581575060485,204.46048540060485,0.03369672943508424,0.0,0.03369672943508424,0.03369672943508424,0.024777006937561942,18,1.7125867195242817,34,5.026314692133002,5.026314692133001,1.0,168.35
main,v040,LOLO-nes-f3,secondary,LOLO,nested,3,A,IPPO|wcnc2027_ablation/ippo_seed77,IPPO,77,R,wcnc2027_ablation 2026-09-14,6,-4042.570262225002,695.6024290250017,3321.0,1.5928332,24.375,195.97251076339103,195.574302463391,0.12190287413280476,0.0,0.12190287413280476,0.12190287413280476,0.0802775024777007,84,7.992071357779981,123,5.026314692133001,5.026314692133001,1.0,168.35
main,v040,LOLO-nes-f3,secondary,LOLO,nested,3,A,IPPO|wcnc2027_ablation/ippo_seed77,IPPO,77,R,wcnc2027_ablation 2026-09-14,7,-3475.6053438063573,680.7091138063572,2754.0,1.89623,39.0,202.02764198964758,201.55358448964756,0.10109018830525272,0.0,0.10109018830525272,0.10109018830525272,0.05153617443012884,100,9.514370664023787,102,5.026314692132999,5.026314692133001,1.0,168.35
main,v040,LOLO-nes-f3,secondary,LOLO,nested,3,A,IPPO|wcnc2027_ablation/ippo_seed77,IPPO,77,R,wcnc2027_ablation 2026-09-14,8,-401.76532222701053,401.76532222701053,0.0,0.0,0.0,206.9836767179966,206.9836767179966,0.0,0.0,0.0,0.0,0.0,0,0.0,0,0.0,0.0,0.0,168.35
main,v040,LOLO-nes-f3,secondary,LOLO,nested,3,A,IPPO|wcnc2027_ablation/ippo_seed77,IPPO,77,R,wcnc2027_ablation 2026-09-14,9,-486.48406555979693,81.0711409597969,405.0,0.0379246,0.375,208.6977424949055,208.6882613449055,0.014866204162537165,0.013875123885034688,0.002973240832507433,0.014866204162537165,0.0019821605550049554,2,0.19028741328047574,15,27491.827335241494,173641.25271981518,1.0,168.35
main,v040,LOLO-nes-f3,secondary,LOLO,nested,3,A,IPPO|wcnc2027_ablation/ippo_seed99,IPPO,99,R,wcnc2027_ablation 2026-09-14,all,-42063.9601739215,5149.126476321499,36747.0,9.7086976,158.125,2398.952255289278,2396.5250808892783,0.13488602576808723,0.05431119920713578,0.13290386521308226,0.13488602576808723,0.11318136769078295,511,4.861843409316155,1361,987.8899621990719,44740.9058710846,1.0,168.55
main,v040,LOLO-nes-f3,secondary,LOLO,nested,3,A,IPPO|wcnc2027_ablation/ippo_seed99,IPPO,99,R,wcnc2027_ablation 2026-09-14,0,-6392.998635099044,1056.4604210990444,5265.0,3.413214,68.125,194.53517513307656,193.68187163307658,0.19326065411298315,0.0,0.19326065411298315,0.19326065411298315,0.10406342913776016,179,17.03072348860258,195,5.026314692132999,5.026314692133001,1.0,168.55
main,v040,LOLO-nes-f3,secondary,LOLO,nested,3,A,IPPO|wcnc2027_ablation/ippo_seed99,IPPO,99,R,wcnc2027_ablation 2026-09-14,1,-3227.7752287614676,540.2512645614675,2673.0,1.0239642,13.5,196.85424158602808,196.5982505360281,0.0981169474727453,0.0,0.0981169474727453,0.0981169474727453,0.07135777998017839,54,5.137760158572845,99,5.026314692132999,5.026314692133001,1.0,168.55
main,v040,LOLO-nes-f3,secondary,LOLO,nested,3,A,IPPO|wcnc2027_ablation/ippo_seed99,IPPO,99,R,wcnc2027_ablation 2026-09-14,2,-285.1954378476655,285.1954378476655,0.0,0.0,0.0,207.09884096626072,207.09884096626072,0.0,0.0,0.0,0.0,0.0,0,0.0,0,0.0,0.0,0.0,168.55
main,v040,LOLO-nes-f3,secondary,LOLO,nested,3,A,IPPO|wcnc2027_ablation/ippo_seed99,IPPO,99,R,wcnc2027_ablation 2026-09-14,3,-19414.28092250138,378.63620430137996,19035.0,0.6447182,0.0,588.922004797661,588.7608252476609,0.6987115956392468,0.5292368681863231,0.6927651139742319,0.6987115956392468,0.7324083250743311,34,3.2348860257680876,705,1901.872840149456,44740.9058710846,1.0,168.55
main,v040,LOLO-nes-f3,secondary,LOLO,nested,3,A,IPPO|wcnc2027_ablation/ippo_seed99,IPPO,99,R,wcnc2027_ablation 2026-09-14,4,-4085.6433865135805,586.6685731135798,3483.0,1.0998134000000002,14.875,191.85645058710818,191.58149723710818,0.1278493557978196,0.0,0.1278493557978196,0.1278493557978196,0.09910802775024777,58,5.518334985133796,129,5.026314692133,5.026314692133001,1.0,168.55
main,v040,LOLO-nes-f3,secondary,LOLO,nested,3,A,IPPO|wcnc2027_ablation/ippo_seed99,IPPO,99,R,wcnc2027_ablation 2026-09-14,5,-987.3250627311648,416.5216659311649,567.0,0.30339679999999997,3.5,205.49001949040294,205.41417029040295,0.02081268582755203,0.0,0.02081268582755203,0.02081268582755203,0.01288404360753221,16,1.522299306243806,21,5.026314692133001,5.026314692133001,1.0,168.55
main,v040,LOLO-nes-f3,secondary,LOLO,nested,3,A,IPPO|wcnc2027_ablation/ippo_seed99,IPPO,99,R,wcnc2027_ablation 2026-09-14,6,-4019.5160674988724,720.1086112988723,3267.0,1.7824562,30.625,197.06431313258932,196.61869908258933,0.1199207135777998,0.0,0.1199207135777998,0.1199207135777998,0.07333994053518335,94,8.94350842418236,121,5.026314692133,5.026314692133001,1.0,168.55
main,v040,LOLO-nes-f3,secondary,LOLO,nested,3,A,IPPO|wcnc2027_ablation/ippo_seed99,IPPO,99,R,wcnc2027_ablation 2026-09-14,7,-2714.491576171995,687.9633659719948,1998.0,1.4032102000000002,27.125,202.97476441238788,202.6239618623879,0.07333994053518335,0.0,0.07333994053518335,0.07333994053518335,0.036669970267591674,74,7.040634291377602,74,5.026314692132999,5.026314692133001,1.0,168.55
main,v040,LOLO-nes-f3,secondary,LOLO,nested,3,A,IPPO|wcnc2027_ablation/ippo_seed99,IPPO,99,R,wcnc2027_ablation 2026-09-14,8,-477.7526842063038,396.3397596063038,81.0,0.0379246,0.375,206.65383438557095,206.64435323557095,0.002973240832507433,0.0,0.002973240832507433,0.002973240832507433,0.0019821605550049554,2,0.19028741328047574,3,5.026314692133001,5.026314692133001,1.0,168.55
main,v040,LOLO-nes-f3,secondary,LOLO,nested,3,A,IPPO|wcnc2027_ablation/ippo_seed99,IPPO,99,R,wcnc2027_ablation 2026-09-14,9,-458.98117259002515,80.98117259002511,378.0,0.0,0.0,207.50261079819256,207.50261079819256,0.013875123885034688,0.013875123885034688,0.0,0.013875123885034688,0.0,0,0.0,14,33.64230108722876,144.2987835964076,1.0,168.55
main,v040,LOLO-nes-f3,secondary,LOLO,nested,3,A,IPPO|ppo_single_site_ensemble_seed1_20260517T110907,IPPO,1,P,"May 2026, pre-781c90c reward",all,-21383.470904583693,4968.524944983694,16254.0,8.570959600000002,152.375,2021.5413015578142,2019.3985616578143,0.059663032705649155,0.0014866204162537165,0.05817641228939544,0.059663032705649155,0.035777998017839444,451,4.290981169474728,602,5.6950560395698915,144.2987835964076,1.0,168.55
main,v040,LOLO-nes-f3,secondary,LOLO,nested,3,A,IPPO|ppo_single_site_ensemble_seed1_20260517T110907,IPPO,1,P,"May 2026, pre-781c90c reward",0,-5647.413165324089,957.936840124089,4644.0,2.3513252,43.125,191.6962244963208,191.1083931963208,0.17046580773042616,0.0,0.17046580773042616,0.17046580773042616,0.10901883052527254,123,11.702675916749257,172,5.026314692132999,5.026314692133001,1.0,168.55
main,v040,LOLO-nes-f3,secondary,LOLO,nested,3,A,IPPO|ppo_single_site_ensemble_seed1_20260517T110907,IPPO,1,P,"May 2026, pre-781c90c reward",1,-2873.1549178712867,609.1534060712868,2241.0,1.2515118,21.75,199.6430687245827,199.33019077458272,0.08225966303270565,0.0,0.08225966303270565,0.08225966303270565,0.049554013875123884,66,6.279484638255699,83,5.026314692132999,5.026314692133001,1.0,168.55
main,v040,LOLO-nes-f3,secondary,LOLO,nested,3,A,IPPO|ppo_single_site_ensemble_seed1_20260517T110907,IPPO,1,P,"May 2026, pre-781c90c reward",2,-285.1954378476655,285.1954378476655,0.0,0.0,0.0,207.09884096626072,207.09884096626072,0.0,0.0,0.0,0.0,0.0,0,0.0,0,0.0,0.0,0.0,168.55
main,v040,LOLO-nes-f3,secondary,LOLO,nested,3,A,IPPO|ppo_single_site_ensemble_seed1_20260517T110907,IPPO,1,P,"May 2026, pre-781c90c reward",3,-164.86014599751928,137.86014599751928,27.0,0.0,0.0,207.40031374291866,207.40031374291866,0.0009910802775024777,0.0009910802775024777,0.0,0.0009910802775024777,0.0,0,0.0,1,6.9847963178015355,6.9847963178015355,1.0,168.55
main,v040,LOLO-nes-f3,secondary,LOLO,nested,3,A,IPPO|ppo_single_site_ensemble_seed1_20260517T110907,IPPO,1,P,"May 2026, pre-781c90c reward",4,-3619.576713892314,702.7226544923141,2889.0,1.4790594,26.375,196.97612407097702,196.606359220977,0.10604558969276512,0.0,0.10604558969276512,0.10604558969276512,0.06739345887016848,78,7.421209117938553,107,5.026314692133002,5.026314692133001,1.0,168.55
main,v040,LOLO-nes-f3,secondary,LOLO,nested,3,A,IPPO|ppo_single_site_ensemble_seed1_20260517T110907,IPPO,1,P,"May 2026, pre-781c90c reward",5,-957.3978964450489,414.9203488450488,540.0,0.22754760000000002,2.25,205.43562297520717,205.37873607520717,0.019821605550049554,0.0,0.019821605550049554,0.019821605550049554,0.013875123885034688,12,1.1417244796828543,20,5.026314692133001,5.026314692133001,1.0,168.55
main,v040,LOLO-nes-f3,secondary,LOLO,nested,3,A,IPPO|ppo_single_site_ensemble_seed1_20260517T110907,IPPO,1,P,"May 2026, pre-781c90c reward",6,-4054.457358705493,702.0878271054928,3321.0,1.7445316000000002,29.625,196.57960693698595,196.14347403698594,0.12190287413280476,0.0,0.12190287413280476,0.12190287413280476,0.07631318136769079,92,8.753221010901884,123,5.026314692133001,5.026314692133001,1.0,168.55
main,v040,LOLO-nes-f3,secondary,LOLO,nested,3,A,IPPO|ppo_single_site_ensemble_seed1_20260517T110907,IPPO,1,P,"May 2026, pre-781c90c reward",7,-2791.256060540628,682.4399257406282,2079.0,1.4411348,28.375,202.64846989631647,202.28818619631645,0.07631318136769079,0.0,0.07631318136769079,0.07631318136769079,0.03865213082259663,76,7.230921704658078,77,5.026314692132999,5.026314692133001,1.0,168.55
main,v040,LOLO-nes-f3,secondary,LOLO,nested,3,A,IPPO|ppo_single_site_ensemble_seed1_20260517T110907,IPPO,1,P,"May 2026, pre-781c90c reward",8,-531.1780353696236,395.2271861696236,135.0,0.0758492,0.875,206.56041895005228,206.54145665005228,0.004955401387512388,0.0,0.004955401387512388,0.004955401387512388,0.002973240832507433,4,0.3805748265609515,5,5.026314692133001,5.026314692133001,1.0,168.55
main,v040,LOLO-nes-f3,secondary,LOLO,nested,3,A,IPPO|ppo_single_site_ensemble_seed1_20260517T110907,IPPO,1,P,"May 2026, pre-781c90c reward",9,-458.98117259002515,80.98117259002511,378.0,0.0,0.0,207.50261079819256,207.50261079819256,0.013875123885034688,0.013875123885034688,0.0,0.013875123885034688,0.0,0,0.0,14,33.64230108722876,144.2987835964076,1.0,168.55
main,v040,LOLO-nes-f3,secondary,LOLO,nested,3,A,IPPO|ppo_single_site_ensemble_seed7_20260517T091403,IPPO,7,P,"May 2026, pre-781c90c reward",all,-23216.69892018065,4933.2374883806515,18117.0,8.8364318,157.625,2016.1268627595541,2013.9177548095543,0.06650148662041626,0.0014866204162537165,0.06501486620416254,0.06650148662041626,0.041922695738354804,465,4.424182358771061,671,5.626288300414682,144.2987835964076,1.0,168.32
main,v040,LOLO-nes-f3,secondary,LOLO,nested,3,A,IPPO|ppo_single_site_ensemble_seed7_20260517T091403,IPPO,7,P,"May 2026, pre-781c90c reward",0,-6210.226608896934,881.3036804969336,5292.0,2.0479284,34.875,187.12726854436966,186.61528644436964,0.19425173439048563,0.0,0.19425173439048563,0.19425173439048563,0.14073339940535184,107,10.180376610505451,196,5.026314692132999,5.026314692133001,1.0,168.32
main,v040,LOLO-nes-f3,secondary,LOLO,nested,3,A,IPPO|ppo_single_site_ensemble_seed7_20260517T091403,IPPO,7,P,"May 2026, pre-781c90c reward",1,-3887.621944232117,631.324015832117,3213.0,2.0479284,41.25,199.53603899652768,199.02405689652767,0.11793855302279485,0.0,0.11793855302279485,0.11793855302279485,0.06442021803766106,108,10.27552031714569,119,5.026314692133003,5.026314692133001,1.0,168.32
main,v040,LOLO-nes-f3,secondary,LOLO,nested,3,A,IPPO|ppo_single_site_ensemble_seed7_20260517T091403,IPPO,7,P,"May 2026, pre-781c90c reward",2,-285.1954378476655,285.1954378476655,0.0,0.0,0.0,207.09884096626072,207.09884096626072,0.0,0.0,0.0,0.0,0.0,0,0.0,0,0.0,0.0,0.0,168.32
main,v040,LOLO-nes-f3,secondary,LOLO,nested,3,A,IPPO|ppo_single_site_ensemble_seed7_20260517T091403,IPPO,7,P,"May 2026, pre-781c90c reward",3,-164.86014599751928,137.86014599751928,27.0,0.0,0.0,207.40031374291866,207.40031374291866,0.0009910802775024777,0.0009910802775024777,0.0,0.0009910802775024777,0.0,0,0.0,1,6.9847963178015355,6.9847963178015355,1.0,168.32
main,v040,LOLO-nes-f3,secondary,LOLO,nested,3,A,IPPO|ppo_single_site_ensemble_seed7_20260517T091403,IPPO,7,P,"May 2026, pre-781c90c reward",4,-4173.815173938034,597.3670589380336,3564.0,0.948115,11.5,191.51522454398219,191.2781957939822,0.13082259663032705,0.0,0.13082259663032705,0.13082259663032705,0.10604558969276512,50,4.757185332011893,132,5.026314692132999,5.026314692133001,1.0,168.32
main,v040,LOLO-nes-f3,secondary,LOLO,nested,3,A,IPPO|ppo_single_site_ensemble_seed7_20260517T091403,IPPO,7,P,"May 2026, pre-781c90c reward",5,-904.8804662168932,416.2779186168931,486.0,0.22754760000000002,2.375,205.59477896695563,205.53789206695564,0.017839444995044598,0.0,0.017839444995044598,0.017839444995044598,0.011892963330029732,12,1.1417244796828543,18,5.026314692133001,5.026314692133001,1.0,168.32
main,v040,LOLO-nes-f3,secondary,LOLO,nested,3,A,IPPO|ppo_single_site_ensemble_seed7_20260517T091403,IPPO,7,P,"May 2026, pre-781c90c reward",6,-4011.5276019807693,809.0779751807692,3159.0,2.1996268000000003,41.25,200.3736918390378,199.8237851390378,0.1159563924677899,0.0,0.1159563924677899,0.1159563924677899,0.05847373637264618,116,11.036669970267592,117,5.026314692133002,5.026314692133001,1.0,168.32
main,v040,LOLO-nes-f3,secondary,LOLO,nested,3,A,IPPO|ppo_single_site_ensemble_seed7_20260517T091403,IPPO,7,P,"May 2026, pre-781c90c reward",7,-2717.8250462536835,692.0847606536838,1998.0,1.3652856,26.375,202.9944176433129,202.65309624331286,0.07333994053518335,0.0,0.07333994053518335,0.07333994053518335,0.03766105054509415,72,6.850346878097127,74,5.026314692132999,5.026314692133001,1.0,168.32
main,v040,LOLO-nes-f3,secondary,LOLO,nested,3,A,IPPO|ppo_single_site_ensemble_seed7_20260517T091403,IPPO,7,P,"May 2026, pre-781c90c reward",8,-401.76532222701053,401.76532222701053,0.0,0.0,0.0,206.9836767179966,206.9836767179966,0.0,0.0,0.0,0.0,0.0,0,0.0,0,0.0,0.0,0.0,168.32
main,v040,LOLO-nes-f3,secondary,LOLO,nested,3,A,IPPO|ppo_single_site_ensemble_seed7_20260517T091403,IPPO,7,P,"May 2026, pre-781c90c reward",9,-458.98117259002515,80.98117259002511,378.0,0.0,0.0,207.50261079819256,207.50261079819256,0.013875123885034688,0.013875123885034688,0.0,0.013875123885034688,0.0,0,0.0,14,33.64230108722876,144.2987835964076,1.0,168.32
main,v040,LOLO-nes-f3,secondary,LOLO,nested,3,A,IPPO|ppo_single_site_ensemble_seed13_20260517T091403,IPPO,13,P,"May 2026, pre-781c90c reward",all,-22133.406744318057,5187.08002691806,16740.0,10.2017174,196.125,2029.6082370775657,2027.0578077275654,0.061446977205153616,0.0014866204162537165,0.0599603567888999,0.061446977205153616,0.03330029732408325,537,5.109217046580774,620,5.675640968192693,144.2987835964076,1.0,168.45
main,v040,LOLO-nes-f3,secondary,LOLO,nested,3,A,IPPO|ppo_single_site_ensemble_seed13_20260517T091403,IPPO,13,P,"May 2026, pre-781c90c reward",0,-6093.8186474425775,960.4743024425771,5076.0,2.844345,54.5,191.73989948102923,191.02881323102923,0.1863230921704658,0.0,0.1863230921704658,0.1863230921704658,0.11199207135777998,149,14.176412289395442,188,5.026314692132999,5.026314692133001,1.0,168.45
main,v040,LOLO-nes-f3,secondary,LOLO,nested,3,A,IPPO|ppo_single_site_ensemble_seed13_20260517T091403,IPPO,13,P,"May 2026, pre-781c90c reward",1,-3411.2992629291102,597.2555805291107,2781.0,1.6686824,31.375,199.71985236893352,199.30268176893352,0.10208126858275521,0.0,0.10208126858275521,0.10208126858275521,0.05847373637264618,88,8.372646184340931,103,5.026314692133,5.026314692133001,1.0,168.45
main,v040,LOLO-nes-f3,secondary,LOLO,nested,3,A,IPPO|ppo_single_site_ensemble_seed13_20260517T091403,IPPO,13,P,"May 2026, pre-781c90c reward",2,-285.1954378476655,285.1954378476655,0.0,0.0,0.0,207.09884096626072,207.09884096626072,0.0,0.0,0.0,0.0,0.0,0,0.0,0,0.0,0.0,0.0,168.45
main,v040,LOLO-nes-f3,secondary,LOLO,nested,3,A,IPPO|ppo_single_site_ensemble_seed13_20260517T091403,IPPO,13,P,"May 2026, pre-781c90c reward",3,-164.86014599751928,137.86014599751928,27.0,0.0,0.0,207.40031374291866,207.40031374291866,0.0009910802775024777,0.0009910802775024777,0.0,0.0009910802775024777,0.0,0,0.0,1,6.9847963178015355,6.9847963178015355,1.0,168.45
main,v040,LOLO-nes-f3,secondary,LOLO,nested,3,A,IPPO|ppo_single_site_ensemble_seed13_20260517T091403,IPPO,13,P,"May 2026, pre-781c90c reward",4,-3443.3389582806376,812.0185774806378,2592.0,1.8203808000000001,37.5,200.7517383764863,200.29664317648627,0.09514370664023786,0.0,0.09514370664023786,0.09514370664023786,0.04757185332011893,96,9.133795837462834,96,5.026314692133,5.026314692133001,1.0,168.45
main,v040,LOLO-nes-f3,secondary,LOLO,nested,3,A,IPPO|ppo_single_site_ensemble_seed13_20260517T091403,IPPO,13,P,"May 2026, pre-781c90c reward",5,-962.6380009541055,421.0733779541054,540.0,0.18962299999999999,1.375,205.79413609877736,205.74673034877736,0.019821605550049554,0.0,0.019821605550049554,0.019821605550049554,0.014866204162537165,10,0.9514370664023787,20,5.026314692133001,5.026314692133001,1.0,168.45
main,v040,LOLO-nes-f3,secondary,LOLO,nested,3,A,IPPO|ppo_single_site_ensemble_seed13_20260517T091403,IPPO,13,P,"May 2026, pre-781c90c reward",6,-3801.2747584889503,816.9768300889502,2943.0,2.0479284,39.25,200.60574804464989,200.0937659446499,0.10802775024777007,0.0,0.10802775024777007,0.10802775024777007,0.05450941526263627,108,10.27552031714569,109,5.026314692133002,5.026314692133001,1.0,168.45
main,v040,LOLO-nes-f3,secondary,LOLO,nested,3,A,IPPO|ppo_single_site_ensemble_seed13_20260517T091403,IPPO,13,P,"May 2026, pre-781c90c reward",7,-2980.577603125041,678.9847699250412,2268.0,1.5928332000000003,32.0,202.32526528141574,201.92705698141575,0.08325074331020813,0.0,0.08325074331020813,0.08325074331020813,0.04162537165510406,84,7.992071357779981,84,5.026314692132999,5.026314692133001,1.0,168.45
main,v040,LOLO-nes-f3,secondary,LOLO,nested,3,A,IPPO|ppo_single_site_ensemble_seed13_20260517T091403,IPPO,13,P,"May 2026, pre-781c90c reward",8,-531.4227566624273,396.25983206242734,135.0,0.0379246,0.125,206.66983191890165,206.66035076890165,0.004955401387512388,0.0,0.004955401387512388,0.004955401387512388,0.003964321110009911,2,0.19028741328047574,5,5.026314692133001,5.026314692133001,1.0,168.45
main,v040,LOLO-nes-f3,secondary,LOLO,nested,3,A,IPPO|ppo_single_site_ensemble_seed13_20260517T091403,IPPO,13,P,"May 2026, pre-781c90c reward",9,-458.98117259002515,80.98117259002511,378.0,0.0,0.0,207.50261079819256,207.50261079819256,0.013875123885034688,0.013875123885034688,0.0,0.013875123885034688,0.0,0,0.0,14,33.64230108722876,144.2987835964076,1.0,168.45
main,v040,LOLO-nes-f3,secondary,LOLO,nested,3,A,IPPO|ppo_single_site_ensemble_seed23_20260517T110907,IPPO,23,P,"May 2026, pre-781c90c reward",all,-24906.231415826092,4763.705361026091,19980.0,9.0260548,153.5,2009.1251266541994,2006.8686129541998,0.07333994053518335,0.0014866204162537165,0.07185332011892963,0.07333994053518335,0.048265609514370665,475,4.519326065411299,740,5.5703448153181485,144.2987835964076,1.0,168.05
main,v040,LOLO-nes-f3,secondary,LOLO,nested,3,A,IPPO|ppo_single_site_ensemble_seed23_20260517T110907,IPPO,23,P,"May 2026, pre-781c90c reward",0,-6289.959344256829,941.2779238568298,5292.0,2.8064204,53.875,190.91021624080855,190.20861114080856,0.19425173439048563,0.0,0.19425173439048563,0.19425173439048563,0.12091179385530228,147,13.986124876114966,196,5.026314692132999,5.026314692133001,1.0,168.05
main,v040,LOLO-nes-f3,secondary,LOLO,nested,3,A,IPPO|ppo_single_site_ensemble_seed23_20260517T110907,IPPO,23,P,"May 2026, pre-781c90c reward",1,-3557.9843693682706,498.0250281682703,3051.0,0.8343412000000001,8.125,194.85800991042467,194.6494246104247,0.11199207135777998,0.0,0.11199207135777998,0.11199207135777998,0.09018830525272548,44,4.186323092170466,113,5.026314692133001,5.026314692133001,1.0,168.05
main,v040,LOLO-nes-f3,secondary,LOLO,nested,3,A,IPPO|ppo_single_site_ensemble_seed23_20260517T110907,IPPO,23,P,"May 2026, pre-781c90c reward",2,-285.1954378476655,285.1954378476655,0.0,0.0,0.0,207.09884096626072,207.09884096626072,0.0,0.0,0.0,0.0,0.0,0,0.0,0,0.0,0.0,0.0,168.05
main,v040,LOLO-nes-f3,secondary,LOLO,nested,3,A,IPPO|ppo_single_site_ensemble_seed23_20260517T110907,IPPO,23,P,"May 2026, pre-781c90c reward",3,-164.86014599751928,137.86014599751928,27.0,0.0,0.0,207.40031374291866,207.40031374291866,0.0009910802775024777,0.0009910802775024777,0.0,0.0009910802775024777,0.0,0,0.0,1,6.9847963178015355,6.9847963178015355,1.0,168.05
main,v040,LOLO-nes-f3,secondary,LOLO,nested,3,A,IPPO|ppo_single_site_ensemble_seed23_20260517T110907,IPPO,23,P,"May 2026, pre-781c90c reward",4,-4062.849568231145,616.8368302311451,3429.0,1.1377380000000001,15.875,192.65840345120728,192.37396895120727,0.12586719524281467,0.0,0.12586719524281467,0.12586719524281467,0.09613478691774034,60,5.708622398414271,127,5.026314692133003,5.026314692133001,1.0,168.05
main,v040,LOLO-nes-f3,secondary,LOLO,nested,3,A,IPPO|ppo_single_site_ensemble_seed23_20260517T110907,IPPO,23,P,"May 2026, pre-781c90c reward",5,-1732.2266860698458,381.6241384698456,1350.0,0.22754760000000002,0.375,202.7356458156581,202.6787589156581,0.049554013875123884,0.0,0.049554013875123884,0.049554013875123884,0.04360753221010902,12,1.1417244796828543,50,5.026314692133001,5.026314692133001,1.0,168.05
main,v040,LOLO-nes-f3,secondary,LOLO,nested,3,A,IPPO|ppo_single_site_ensemble_seed23_20260517T110907,IPPO,23,P,"May 2026, pre-781c90c reward",6,-4313.986308462471,741.139229262471,3537.0,1.9720792,33.875,197.06614665792443,196.57312685792445,0.12983151635282458,0.0,0.12983151635282458,0.12983151635282458,0.07829534192269574,104,9.894945490584737,131,5.026314692132999,5.026314692133001,1.0,168.05
main,v040,LOLO-nes-f3,secondary,LOLO,nested,3,A,IPPO|ppo_single_site_ensemble_seed23_20260517T110907,IPPO,23,P,"May 2026, pre-781c90c reward",7,-3532.850096240345,682.503017040345,2808.0,1.9720792,40.375,202.14653386906795,201.65351406906797,0.10307234886025768,0.0,0.10307234886025768,0.10307234886025768,0.05153617443012884,104,9.894945490584737,104,5.026314692133,5.026314692133001,1.0,168.05
main,v040,LOLO-nes-f3,secondary,LOLO,nested,3,A,IPPO|ppo_single_site_ensemble_seed23_20260517T110907,IPPO,23,P,"May 2026, pre-781c90c reward",8,-507.33828676197413,398.2624375619741,108.0,0.0758492,1.0,206.74840520173663,206.72944290173663,0.003964321110009911,0.0,0.003964321110009911,0.003964321110009911,0.0019821605550049554,4,0.3805748265609515,4,5.026314692133001,5.026314692133001,1.0,168.05
main,v040,LOLO-nes-f3,secondary,LOLO,nested,3,A,IPPO|ppo_single_site_ensemble_seed23_20260517T110907,IPPO,23,P,"May 2026, pre-781c90c reward",9,-458.98117259002515,80.98117259002511,378.0,0.0,0.0,207.50261079819256,207.50261079819256,0.013875123885034688,0.013875123885034688,0.0,0.013875123885034688,0.0,0,0.0,14,33.64230108722876,144.2987835964076,1.0,168.05
main,v040,LOLO-nes-f3,secondary,LOLO,nested,3,A,IPPO|ppo_single_site_ensemble_seed42_20260517T091403,IPPO,42,P,"May 2026, pre-781c90c reward",all,-23233.746701702497,4832.865365102498,18252.0,8.381336600000001,140.5,2014.1760969841903,2012.0807628341902,0.0669970267591675,0.0014866204162537165,0.06551040634291377,0.0669970267591675,0.04360753221010902,440,4.186323092170466,676,5.621850625797214,144.2987835964076,1.0,168.61
main,v040,LOLO-nes-f3,secondary,LOLO,nested,3,A,IPPO|ppo_single_site_ensemble_seed42_20260517T091403,IPPO,42,P,"May 2026, pre-781c90c reward",0,-6033.095209006517,918.6722806065161,5076.0,2.0479284,36.375,188.65269555176044,188.14071345176046,0.1863230921704658,0.0,0.1863230921704658,0.1863230921704658,0.13280475718533202,107,10.180376610505451,188,5.026314692132999,5.026314692133001,1.0,168.61
main,v040,LOLO-nes-f3,secondary,LOLO,nested,3,A,IPPO|ppo_single_site_ensemble_seed42_20260517T091403,IPPO,42,P,"May 2026, pre-781c90c reward",1,-3061.350847165369,510.0277321653691,2538.0,0.9481149999999999,12.375,197.03125559151084,196.79422684151086,0.0931615460852329,0.0,0.0931615460852329,0.0931615460852329,0.06838453914767097,50,4.757185332011893,94,5.026314692132999,5.026314692133001,1.0,168.61
main,v040,LOLO-nes-f3,secondary,LOLO,nested,3,A,IPPO|ppo_single_site_ensemble_seed42_20260517T091403,IPPO,42,P,"May 2026, pre-781c90c reward",2,-422.0019183769672,286.0510691769672,135.0,0.0758492,0.875,207.43749991437437,207.41853761437437,0.004955401387512388,0.0,0.004955401387512388,0.004955401387512388,0.002973240832507433,4,0.3805748265609515,5,5.026314692133001,5.026314692133001,1.0,168.61
main,v040,LOLO-nes-f3,secondary,LOLO,nested,3,A,IPPO|ppo_single_site_ensemble_seed42_20260517T091403,IPPO,42,P,"May 2026, pre-781c90c reward",3,-164.86014599751928,137.86014599751928,27.0,0.0,0.0,207.40031374291866,207.40031374291866,0.0009910802775024777,0.0009910802775024777,0.0,0.0009910802775024777,0.0,0,0.0,1,6.9847963178015355,6.9847963178015355,1.0,168.61
main,v040,LOLO-nes-f3,secondary,LOLO,nested,3,A,IPPO|ppo_single_site_ensemble_seed42_20260517T091403,IPPO,42,P,"May 2026, pre-781c90c reward",4,-3750.2645789442968,675.2742933442966,3051.0,1.3652856,22.625,195.41166076395513,195.0703393639551,0.11199207135777998,0.0,0.11199207135777998,0.11199207135777998,0.07631318136769079,72,6.850346878097127,113,5.026314692133001,5.026314692133001,1.0,168.61
main,v040,LOLO-nes-f3,secondary,LOLO,nested,3,A,IPPO|ppo_single_site_ensemble_seed42_20260517T091403,IPPO,42,P,"May 2026, pre-781c90c reward",5,-1842.665794695818,382.0744732958178,1458.0,0.3413214,2.25,202.8519929573755,202.7666626073755,0.053518334985133795,0.0,0.053518334985133795,0.053518334985133795,0.044598612487611496,18,1.7125867195242817,54,5.026314692133,5.026314692133001,1.0,168.61
main,v040,LOLO-nes-f3,secondary,LOLO,nested,3,A,IPPO|ppo_single_site_ensemble_seed42_20260517T091403,IPPO,42,P,"May 2026, pre-781c90c reward",6,-4101.826984684098,770.3169808840973,3294.0,2.0100038000000002,35.5,198.83454122160504,198.33204027160505,0.12091179385530228,0.0,0.12091179385530228,0.12091179385530228,0.06838453914767097,105,9.990089197224975,122,5.026314692133001,5.026314692133001,1.0,168.61
main,v040,LOLO-nes-f3,secondary,LOLO,nested,3,A,IPPO|ppo_single_site_ensemble_seed42_20260517T091403,IPPO,42,P,"May 2026, pre-781c90c reward",7,-2730.200209931819,676.0469997318187,2025.0,1.4032102000000002,27.75,202.54434011199697,202.19353756199698,0.07433102081268583,0.0,0.07433102081268583,0.07433102081268583,0.03766105054509415,74,7.040634291377602,75,5.026314692132999,5.026314692133001,1.0,168.61
main,v040,LOLO-nes-f3,secondary,LOLO,nested,3,A,IPPO|ppo_single_site_ensemble_seed42_20260517T091403,IPPO,42,P,"May 2026, pre-781c90c reward",8,-668.4998403100699,395.56021731007,270.0,0.189623,2.75,206.50918633050077,206.46178058050077,0.009910802775024777,0.0,0.009910802775024777,0.009910802775024777,0.004955401387512388,10,0.9514370664023787,10,5.026314692133001,5.026314692133001,1.0,168.61
main,v040,LOLO-nes-f3,secondary,LOLO,nested,3,A,IPPO|ppo_single_site_ensemble_seed42_20260517T091403,IPPO,42,P,"May 2026, pre-781c90c reward",9,-458.98117259002515,80.98117259002511,378.0,0.0,0.0,207.50261079819256,207.50261079819256,0.013875123885034688,0.013875123885034688,0.0,0.013875123885034688,0.0,0,0.0,14,33.64230108722876,144.2987835964076,1.0,168.61
main,v040,LOLO-nes-f3,secondary,LOLO,nested,3,A,IPPO|ppo_single_site_ensemble_seed64_20260517T110907,IPPO,64,P,"May 2026, pre-781c90c reward",all,-23430.606465079294,5059.665973879293,18171.0,10.3154912,189.625,2023.7158770449928,2021.1370042449928,0.06669970267591675,0.0014866204162537165,0.06521308225966303,0.06669970267591675,0.03825569871159564,543,5.1663032705649155,673,5.624505317923504,144.2987835964076,1.0,167.64
main,v040,LOLO-nes-f3,secondary,LOLO,nested,3,A,IPPO|ppo_single_site_ensemble_seed64_20260517T110907,IPPO,64,P,"May 2026, pre-781c90c reward",0,-7078.553683655916,1030.4353744559153,5967.0,3.8683092,77.25,194.09631584177748,193.12923854177748,0.21902874132804756,0.0,0.21902874132804756,0.21902874132804756,0.11793855302279485,203,19.314172447968286,221,5.026314692133001,5.026314692133001,1.0,167.64
main,v040,LOLO-nes-f3,secondary,LOLO,nested,3,A,IPPO|ppo_single_site_ensemble_seed64_20260517T110907,IPPO,64,P,"May 2026, pre-781c90c reward",1,-3053.441122537877,532.481781337877,2511.0,0.8343412,9.125,196.74931505957596,196.54072975957592,0.09217046580773043,0.0,0.09217046580773043,0.09217046580773043,0.07036669970267592,44,4.186323092170466,93,5.026314692132999,5.026314692133001,1.0,167.64
main,v040,LOLO-nes-f3,secondary,LOLO,nested,3,A,IPPO|ppo_single_site_ensemble_seed64_20260517T110907,IPPO,64,P,"May 2026, pre-781c90c reward",2,-285.1954378476655,285.1954378476655,0.0,0.0,0.0,207.09884096626072,207.09884096626072,0.0,0.0,0.0,0.0,0.0,0,0.0,0,0.0,0.0,0.0,167.64
main,v040,LOLO-nes-f3,secondary,LOLO,nested,3,A,IPPO|ppo_single_site_ensemble_seed64_20260517T110907,IPPO,64,P,"May 2026, pre-781c90c reward",3,-164.86014599751928,137.86014599751928,27.0,0.0,0.0,207.40031374291866,207.40031374291866,0.0009910802775024777,0.0009910802775024777,0.0,0.0009910802775024777,0.0,0,0.0,1,6.9847963178015355,6.9847963178015355,1.0,167.64
main,v040,LOLO-nes-f3,secondary,LOLO,nested,3,A,IPPO|ppo_single_site_ensemble_seed64_20260517T110907,IPPO,64,P,"May 2026, pre-781c90c reward",4,-3760.6388091502927,682.284749750293,3051.0,1.4790594,25.875,195.94577422726428,195.5760093772643,0.11199207135777998,0.0,0.11199207135777998,0.11199207135777998,0.07333994053518335,78,7.421209117938553,113,5.026314692133001,5.026314692133001,1.0,167.64
main,v040,LOLO-nes-f3,secondary,LOLO,nested,3,A,IPPO|ppo_single_site_ensemble_seed64_20260517T110907,IPPO,64,P,"May 2026, pre-781c90c reward",5,-1198.90958306445,409.07948786445013,783.0,0.4550952,6.375,205.10104347840405,204.98726967840406,0.028741328047571853,0.0,0.028741328047571853,0.028741328047571853,0.01684836471754212,24,2.2834489593657086,29,5.026314692133003,5.026314692133001,1.0,167.64
main,v040,LOLO-nes-f3,secondary,LOLO,nested,3,A,IPPO|ppo_single_site_ensemble_seed64_20260517T110907,IPPO,64,P,"May 2026, pre-781c90c reward",6,-3223.8509117264884,818.3339277264884,2376.0,1.516984,28.0,201.02645336922478,200.64720736922482,0.08721506442021804,0.0,0.08721506442021804,0.08721506442021804,0.04757185332011893,80,7.6114965312190295,88,5.026314692133,5.026314692133001,1.0,167.64
main,v040,LOLO-nes-f3,secondary,LOLO,nested,3,A,IPPO|ppo_single_site_ensemble_seed64_20260517T110907,IPPO,64,P,"May 2026, pre-781c90c reward",7,-3538.5614898245876,688.0894106245876,2808.0,1.9720792,40.5,202.2926296905386,201.7996098905386,0.10307234886025768,0.0,0.10307234886025768,0.10307234886025768,0.05153617443012884,104,9.894945490584737,104,5.026314692133,5.026314692133001,1.0,167.64
main,v040,LOLO-nes-f3,secondary,LOLO,nested,3,A,IPPO|ppo_single_site_ensemble_seed64_20260517T110907,IPPO,64,P,"May 2026, pre-781c90c reward",8,-667.6141086844721,394.9244856844722,270.0,0.189623,2.5,206.50257987083575,206.45517412083575,0.009910802775024777,0.0,0.009910802775024777,0.009910802775024777,0.004955401387512388,10,0.9514370664023787,10,5.026314692133001,5.026314692133001,1.0,167.64
main,v040,LOLO-nes-f3,secondary,LOLO,nested,3,A,IPPO|ppo_single_site_ensemble_seed64_20260517T110907,IPPO,64,P,"May 2026, pre-781c90c reward",9,-458.98117259002515,80.98117259002511,378.0,0.0,0.0,207.50261079819256,207.50261079819256,0.013875123885034688,0.013875123885034688,0.0,0.013875123885034688,0.0,0,0.0,14,33.64230108722876,144.2987835964076,1.0,167.64
main,v040,LOLO-nes-f3,secondary,LOLO,nested,3,A,IPPO|ppo_single_site_ensemble_seed77_20260517T110907,IPPO,77,P,"May 2026, pre-781c90c reward",all,-22207.77881015087,4992.123509350869,17037.0,9.4053008,169.25,2026.7142481197552,2024.3629229197554,0.06253716551040635,0.0014866204162537165,0.06164519326065411,0.06253716551040635,0.03706640237859267,495,4.709613478691774,631,1618.565832539725,173641.25271981518,1.0,168.72
main,v040,LOLO-nes-f3,secondary,LOLO,nested,3,A,IPPO|ppo_single_site_ensemble_seed77_20260517T110907,IPPO,77,P,"May 2026, pre-781c90c reward",0,-5476.306611809099,999.716512809099,4428.0,2.4650990000000004,46.125,193.38006829904066,192.76379354904066,0.16253716551040634,0.0,0.16253716551040634,0.16253716551040634,0.0981169474727453,129,12.273538156590684,164,5.026314692132999,5.026314692133001,1.0,168.72
main,v040,LOLO-nes-f3,secondary,LOLO,nested,3,A,IPPO|ppo_single_site_ensemble_seed77_20260517T110907,IPPO,77,P,"May 2026, pre-781c90c reward",1,-2748.9046240795014,566.1531122795016,2160.0,1.2515118,21.5,199.8482955620459,199.53541761204593,0.07928642220019821,0.0,0.07928642220019821,0.07928642220019821,0.04658077304261645,66,6.279484638255699,80,5.026314692133,5.026314692133001,1.0,168.72
main,v040,LOLO-nes-f3,secondary,LOLO,nested,3,A,IPPO|ppo_single_site_ensemble_seed77_20260517T110907,IPPO,77,P,"May 2026, pre-781c90c reward",2,-285.1954378476655,285.1954378476655,0.0,0.0,0.0,207.09884096626072,207.09884096626072,0.0,0.0,0.0,0.0,0.0,0,0.0,0,0.0,0.0,0.0,168.72
main,v040,LOLO-nes-f3,secondary,LOLO,nested,3,A,IPPO|ppo_single_site_ensemble_seed77_20260517T110907,IPPO,77,P,"May 2026, pre-781c90c reward",3,-164.86014599751928,137.86014599751928,27.0,0.0,0.0,207.40031374291866,207.40031374291866,0.0009910802775024777,0.0009910802775024777,0.0,0.0009910802775024777,0.0,0,0.0,1,6.9847963178015355,6.9847963178015355,1.0,168.72
main,v040,LOLO-nes-f3,secondary,LOLO,nested,3,A,IPPO|ppo_single_site_ensemble_seed77_20260517T110907,IPPO,77,P,"May 2026, pre-781c90c reward",4,-3643.955167390536,722.4494095905361,2889.0,1.6307578,30.875,197.95199970954994,197.54431025954995,0.10604558969276512,0.0,0.10604558969276512,0.10604558969276512,0.06342913776015857,86,8.182358771060457,107,5.026314692133002,5.026314692133001,1.0,168.72
main,v040,LOLO-nes-f3,secondary,LOLO,nested,3,A,IPPO|ppo_single_site_ensemble_seed77_20260517T110907,IPPO,77,P,"May 2026, pre-781c90c reward",5,-1671.1407489587282,396.2727291587281,1269.0,0.4930198,5.375,203.9794715751908,203.85621662519077,0.04658077304261645,0.0,0.04658077304261645,0.04658077304261645,0.03369672943508424,26,2.4737363726461843,47,5.026314692133003,5.026314692133001,1.0,168.72
main,v040,LOLO-nes-f3,secondary,LOLO,nested,3,A,IPPO|ppo_single_site_ensemble_seed77_20260517T110907,IPPO,77,P,"May 2026, pre-781c90c reward",6,-3876.8885544263594,716.2577966263595,3132.0,1.6307578,27.0,196.84116165644167,196.43347220644165,0.11496531219028741,0.0,0.11496531219028741,0.11496531219028741,0.07234886025768088,86,8.182358771060457,116,5.026314692133002,5.026314692133001,1.0,168.72
main,v040,LOLO-nes-f3,secondary,LOLO,nested,3,A,IPPO|ppo_single_site_ensemble_seed77_20260517T110907,IPPO,77,P,"May 2026, pre-781c90c reward",7,-3424.896387246003,685.163081846003,2700.0,1.8583054,37.875,201.98000056188613,201.5154242118861,0.09910802775024777,0.0,0.09910802775024777,0.09910802775024777,0.05054509415262636,98,9.32408325074331,100,5.026314692132999,5.026314692133001,1.0,168.72
main,v040,LOLO-nes-f3,secondary,LOLO,nested,3,A,IPPO|ppo_single_site_ensemble_seed77_20260517T110907,IPPO,77,P,"May 2026, pre-781c90c reward",8,-401.76532222701053,401.76532222701053,0.0,0.0,0.0,206.9836767179966,206.9836767179966,0.0,0.0,0.0,0.0,0.0,0,0.0,0,0.0,0.0,0.0,168.72
main,v040,LOLO-nes-f3,secondary,LOLO,nested,3,A,IPPO|ppo_single_site_ensemble_seed77_20260517T110907,IPPO,77,P,"May 2026, pre-781c90c reward",9,-513.8658101684473,81.28996096844725,432.0,0.0758492,0.5,211.25041932842436,211.23145702842436,0.015857284440039643,0.013875123885034688,0.007928642220019821,0.015857284440039643,0.005946481665014866,4,0.3805748265609515,16,63638.868644704926,173641.25271981518,1.0,168.72
main,v040,LOLO-nes-f3,secondary,LOLO,nested,3,A,IPPO|ppo_single_site_ensemble_seed99_20260517T091403,IPPO,99,P,"May 2026, pre-781c90c reward",all,-22228.926339664504,4942.264058664501,17118.0,8.912281,159.75,2020.0351812039464,2017.8071109539462,0.06283448959365709,0.0014866204162537165,0.06134786917740337,0.06283448959365709,0.03805748265609515,469,4.462239841427156,634,5.661302533074655,144.2987835964076,1.0,167.33
main,v040,LOLO-nes-f3,secondary,LOLO,nested,3,A,IPPO|ppo_single_site_ensemble_seed99_20260517T091403,IPPO,99,P,"May 2026, pre-781c90c reward",0,-5752.322387319724,978.8572883197243,4725.0,2.4650990000000004,46.0,192.2593330465922,191.64305829659222,0.1734390485629336,0.0,0.1734390485629336,0.1734390485629336,0.10901883052527254,129,12.273538156590684,175,5.026314692132999,5.026314692133001,1.0,167.33
main,v040,LOLO-nes-f3,secondary,LOLO,nested,3,A,IPPO|ppo_single_site_ensemble_seed99_20260517T091403,IPPO,99,P,"May 2026, pre-781c90c reward",1,-3472.061426547397,537.5107639473965,2916.0,1.1756626,17.375,196.66246872918143,196.36855307918145,0.10703666997026759,0.0,0.10703666997026759,0.10703666997026759,0.07631318136769079,62,5.898909811694748,108,5.026314692133002,5.026314692133001,1.0,167.33
main,v040,LOLO-nes-f3,secondary,LOLO,nested,3,A,IPPO|ppo_single_site_ensemble_seed99_20260517T091403,IPPO,99,P,"May 2026, pre-781c90c reward",2,-285.1954378476655,285.1954378476655,0.0,0.0,0.0,207.09884096626072,207.09884096626072,0.0,0.0,0.0,0.0,0.0,0,0.0,0,0.0,0.0,0.0,167.33
main,v040,LOLO-nes-f3,secondary,LOLO,nested,3,A,IPPO|ppo_single_site_ensemble_seed99_20260517T091403,IPPO,99,P,"May 2026, pre-781c90c reward",3,-164.86014599751928,137.86014599751928,27.0,0.0,0.0,207.40031374291866,207.40031374291866,0.0009910802775024777,0.0009910802775024777,0.0,0.0009910802775024777,0.0,0,0.0,1,6.9847963178015355,6.9847963178015355,1.0,167.33
main,v040,LOLO-nes-f3,secondary,LOLO,nested,3,A,IPPO|ppo_single_site_ensemble_seed99_20260517T091403,IPPO,99,P,"May 2026, pre-781c90c reward",4,-3780.807477082684,675.0784176826842,3078.0,1.4790594000000001,26.25,195.74562218499966,195.37585733499964,0.11298315163528246,0.0,0.11298315163528246,0.11298315163528246,0.07433102081268583,78,7.421209117938553,114,5.026314692133001,5.026314692133001,1.0,167.33
main,v040,LOLO-nes-f3,secondary,LOLO,nested,3,A,IPPO|ppo_single_site_ensemble_seed99_20260517T091403,IPPO,99,P,"May 2026, pre-781c90c reward",5,-933.4188357782638,417.0283635782637,513.0,0.26547220000000005,3.125,205.5299589562607,205.46359090626072,0.018830525272547076,0.0,0.018830525272547076,0.018830525272547076,0.011892963330029732,14,1.33201189296333,19,5.026314692133001,5.026314692133001,1.0,167.33
main,v040,LOLO-nes-f3,secondary,LOLO,nested,3,A,IPPO|ppo_single_site_ensemble_seed99_20260517T091403,IPPO,99,P,"May 2026, pre-781c90c reward",6,-4036.26745988077,731.2953806807698,3267.0,1.9720792,36.0,198.00815713112138,197.5151373311214,0.1199207135777998,0.0,0.1199207135777998,0.1199207135777998,0.06838453914767097,104,9.894945490584737,121,5.026314692133,5.026314692133001,1.0,167.33
main,v040,LOLO-nes-f3,secondary,LOLO,nested,3,A,IPPO|ppo_single_site_ensemble_seed99_20260517T091403,IPPO,99,P,"May 2026, pre-781c90c reward",7,-2837.673709858479,700.1946504584789,2106.0,1.4790594000000001,30.0,203.07947044668228,202.70970559668228,0.07730426164519326,0.0,0.07730426164519326,0.07730426164519326,0.03865213082259663,78,7.421209117938553,78,5.026314692132999,5.026314692133001,1.0,167.33
main,v040,LOLO-nes-f3,secondary,LOLO,nested,3,A,IPPO|ppo_single_site_ensemble_seed99_20260517T091403,IPPO,99,P,"May 2026, pre-781c90c reward",8,-507.33828676197413,398.2624375619741,108.0,0.0758492,1.0,206.74840520173663,206.72944290173663,0.003964321110009911,0.0,0.003964321110009911,0.003964321110009911,0.0019821605550049554,4,0.3805748265609515,4,5.026314692133001,5.026314692133001,1.0,167.33
main,v040,LOLO-nes-f3,secondary,LOLO,nested,3,A,IPPO|ppo_single_site_ensemble_seed99_20260517T091403,IPPO,99,P,"May 2026, pre-781c90c reward",9,-458.98117259002515,80.98117259002511,378.0,0.0,0.0,207.50261079819256,207.50261079819256,0.013875123885034688,0.013875123885034688,0.0,0.013875123885034688,0.0,0,0.0,14,33.64230108722876,144.2987835964076,1.0,167.33
main,v040,LOLO-nes-f3,secondary,LOLO,nested,3,A,IPPO|ippo_nr_seed1,IPPO,1,T,"June 2026, current reward",all,-21757.683992522267,4898.481052722265,16713.0,8.077939800000001,138.125,2025.8777533920656,2023.8582684420655,0.06134786917740337,0.002477700693756194,0.059861248761149656,0.06134786917740337,0.03875123885034688,425,4.0436075322101095,619,41.06861622457811,2762.937123672912,1.0,168.74
main,v040,LOLO-nes-f3,secondary,LOLO,nested,3,A,IPPO|ippo_nr_seed1,IPPO,1,T,"June 2026, current reward",0,-5551.993073421965,972.4675974219653,4536.0,2.2754760000000003,41.25,192.00345327108315,191.43458427108314,0.16650148662041625,0.0,0.16650148662041625,0.16650148662041625,0.10703666997026759,119,11.322101090188307,168,5.026314692133,5.026314692133001,1.0,168.74
main,v040,LOLO-nes-f3,secondary,LOLO,nested,3,A,IPPO|ippo_nr_seed1,IPPO,1,T,"June 2026, current reward",1,-3085.177987771245,533.3169481712453,2538.0,0.9860396,12.875,197.46445285312467,197.21794295312463,0.0931615460852329,0.0,0.0931615460852329,0.0931615460852329,0.06739345887016848,52,4.947472745292369,94,5.026314692132999,5.026314692133001,1.0,168.74
main,v040,LOLO-nes-f3,secondary,LOLO,nested,3,A,IPPO|ippo_nr_seed1,IPPO,1,T,"June 2026, current reward",2,-285.1954378476655,285.1954378476655,0.0,0.0,0.0,207.09884096626072,207.09884096626072,0.0,0.0,0.0,0.0,0.0,0,0.0,0,0.0,0.0,0.0,168.74
main,v040,LOLO-nes-f3,secondary,LOLO,nested,3,A,IPPO|ippo_nr_seed1,IPPO,1,T,"June 2026, current reward",3,-492.7091240301731,141.67119943017306,351.0,0.0379246,0.0,214.37924643577801,214.36976528577802,0.01288404360753221,0.010901883052527254,0.011892963330029732,0.01288404360753221,0.010901883052527254,2,0.19028741328047574,13,1690.377148465378,2762.937123672912,1.0,168.74
main,v040,LOLO-nes-f3,secondary,LOLO,nested,3,A,IPPO|ippo_nr_seed1,IPPO,1,T,"June 2026, current reward",4,-3809.1627400706816,654.5853790706817,3132.0,1.327361,21.25,194.7120440709217,194.38020382092168,0.11496531219028741,0.0,0.11496531219028741,0.11496531219028741,0.0802775024777007,70,6.6600594648166505,116,5.026314692133002,5.026314692133001,1.0,168.74
main,v040,LOLO-nes-f3,secondary,LOLO,nested,3,A,IPPO|ippo_nr_seed1,IPPO,1,T,"June 2026, current reward",5,-959.2351186679084,416.8825710679084,540.0,0.22754760000000002,2.125,205.63510743476985,205.57822053476986,0.019821605550049554,0.0,0.019821605550049554,0.019821605550049554,0.013875123885034688,12,1.1417244796828543,20,5.026314692133001,5.026314692133001,1.0,168.74
main,v040,LOLO-nes-f3,secondary,LOLO,nested,3,A,IPPO|ippo_nr_seed1,IPPO,1,T,"June 2026, current reward",6,-3502.6831231967494,722.4540637967496,2754.0,1.4790594000000001,24.75,197.77287449995046,197.40310964995047,0.10109018830525272,0.0,0.10109018830525272,0.10109018830525272,0.062438057482656094,78,7.421209117938553,102,5.026314692132999,5.026314692133001,1.0,168.74
main,v040,LOLO-nes-f3,secondary,LOLO,nested,3,A,IPPO|ippo_nr_seed1,IPPO,1,T,"June 2026, current reward",7,-3210.780892698841,689.1613610988409,2484.0,1.7445316000000002,35.875,202.32544634398778,201.8893134439878,0.09117938553022795,0.0,0.09117938553022795,0.09117938553022795,0.04558969276511397,92,8.753221010901884,92,5.026314692132999,5.026314692133001,1.0,168.74
main,v040,LOLO-nes-f3,secondary,LOLO,nested,3,A,IPPO|ippo_nr_seed1,IPPO,1,T,"June 2026, current reward",8,-401.76532222701053,401.76532222701053,0.0,0.0,0.0,206.9836767179966,206.9836767179966,0.0,0.0,0.0,0.0,0.0,0,0.0,0,0.0,0.0,0.0,168.74
main,v040,LOLO-nes-f3,secondary,LOLO,nested,3,A,IPPO|ippo_nr_seed1,IPPO,1,T,"June 2026, current reward",9,-458.98117259002515,80.98117259002511,378.0,0.0,0.0,207.50261079819256,207.50261079819256,0.013875123885034688,0.013875123885034688,0.0,0.013875123885034688,0.0,0,0.0,14,33.64230108722876,144.2987835964076,1.0,168.74
main,v040,LOLO-nes-f3,secondary,LOLO,nested,3,A,IPPO|ippo_nr_seed7,IPPO,7,T,"June 2026, current reward",all,-22596.528532838813,4962.517950238811,17469.0,8.7605826,156.25,2019.818328162776,2017.628182512776,0.0641228939544103,0.0014866204162537165,0.0626362735381566,0.0641228939544103,0.039742319127849354,461,4.386124876114966,647,5.648543890211839,144.2987835964076,1.0,167.24
main,v040,LOLO-nes-f3,secondary,LOLO,nested,3,A,IPPO|ippo_nr_seed7,IPPO,7,T,"June 2026, current reward",0,-6018.432150380939,881.9109203809383,5103.0,1.89623,31.625,187.2370990879495,186.7630415879495,0.18731417244796827,0.0,0.18731417244796827,0.18731417244796827,0.1377601585728444,99,9.419226957383549,189,5.026314692132999,5.026314692133001,1.0,167.24
main,v040,LOLO-nes-f3,secondary,LOLO,nested,3,A,IPPO|ippo_nr_seed7,IPPO,7,T,"June 2026, current reward",1,-3034.7234422039487,539.4761764039486,2484.0,0.8722658000000001,10.375,197.13470055717647,196.9166341071765,0.09117938553022795,0.0,0.09117938553022795,0.09117938553022795,0.06838453914767097,46,4.376610505450942,92,5.026314692132999,5.026314692133001,1.0,167.24
main,v040,LOLO-nes-f3,secondary,LOLO,nested,3,A,IPPO|ippo_nr_seed7,IPPO,7,T,"June 2026, current reward",2,-285.1954378476655,285.1954378476655,0.0,0.0,0.0,207.09884096626072,207.09884096626072,0.0,0.0,0.0,0.0,0.0,0,0.0,0,0.0,0.0,0.0,167.24
main,v040,LOLO-nes-f3,secondary,LOLO,nested,3,A,IPPO|ippo_nr_seed7,IPPO,7,T,"June 2026, current reward",3,-219.71352875216257,138.17560415216258,81.0,0.0379246,0.5,207.55687285858133,207.5473917085813,0.002973240832507433,0.0009910802775024777,0.0019821605550049554,0.002973240832507433,0.0009910802775024777,2,0.19028741328047574,3,5.679141900689179,6.9847963178015355,1.0,167.24
main,v040,LOLO-nes-f3,secondary,LOLO,nested,3,A,IPPO|ippo_nr_seed7,IPPO,7,T,"June 2026, current reward",4,-3750.487623204871,719.2810162048715,2997.0,1.706607,32.5,197.77734563917787,197.35069388917788,0.11000991080277503,0.0,0.11000991080277503,0.11000991080277503,0.06541129831516353,90,8.562933597621408,111,5.026314692133003,5.026314692133001,1.0,167.24
main,v040,LOLO-nes-f3,secondary,LOLO,nested,3,A,IPPO|ippo_nr_seed7,IPPO,7,T,"June 2026, current reward",5,-961.8291460935907,421.05244769359075,540.0,0.1516984,0.625,205.9157880447023,205.8778634447023,0.019821605550049554,0.0,0.019821605550049554,0.019821605550049554,0.015857284440039643,8,0.761149653121903,20,5.026314692133001,5.026314692133001,1.0,167.24
main,v040,LOLO-nes-f3,secondary,LOLO,nested,3,A,IPPO|ippo_nr_seed7,IPPO,7,T,"June 2026, current reward",6,-4207.729742894335,811.6284176943346,3348.0,2.3513252000000002,45.75,200.3148567163655,199.72702541636554,0.12289395441030723,0.0,0.12289395441030723,0.12289395441030723,0.061446977205153616,124,11.797819623389495,124,5.026314692133002,5.026314692133001,1.0,167.24
main,v040,LOLO-nes-f3,secondary,LOLO,nested,3,A,IPPO|ippo_nr_seed7,IPPO,7,T,"June 2026, current reward",7,-3128.2582535016504,689.5895711016506,2403.0,1.6686824000000002,34.0,202.71979454431727,202.30262394431728,0.08820614469772052,0.0,0.08820614469772052,0.08820614469772052,0.044598612487611496,88,8.372646184340931,89,5.026314692133,5.026314692133001,1.0,167.24
main,v040,LOLO-nes-f3,secondary,LOLO,nested,3,A,IPPO|ippo_nr_seed7,IPPO,7,T,"June 2026, current reward",8,-531.1780353696236,395.2271861696236,135.0,0.0758492,0.875,206.56041895005228,206.54145665005228,0.004955401387512388,0.0,0.004955401387512388,0.004955401387512388,0.002973240832507433,4,0.3805748265609515,5,5.026314692133001,5.026314692133001,1.0,167.24
main,v040,LOLO-nes-f3,secondary,LOLO,nested,3,A,IPPO|ippo_nr_seed7,IPPO,7,T,"June 2026, current reward",9,-458.98117259002515,80.98117259002511,378.0,0.0,0.0,207.50261079819256,207.50261079819256,0.013875123885034688,0.013875123885034688,0.0,0.013875123885034688,0.0,0,0.0,14,33.64230108722876,144.2987835964076,1.0,167.24
main,v040,LOLO-nes-f3,secondary,LOLO,nested,3,A,IPPO|ippo_nr_seed13,IPPO,13,T,"June 2026, current reward",all,-22008.89614948322,5202.747828883223,16605.0,9.8983206,191.25,2028.8743550350127,2026.3997748850124,0.06095143706640238,0.0014866204162537165,0.05946481665014866,0.06095143706640238,0.033597621407333994,521,4.956987115956393,615,5.680920043607812,144.2987835964076,1.0,168.75
main,v040,LOLO-nes-f3,secondary,LOLO,nested,3,A,IPPO|ippo_nr_seed13,IPPO,13,T,"June 2026, current reward",0,-5692.524773360323,973.7225989603229,4671.0,2.4271744,45.375,192.1111043777472,191.5043107777472,0.17145688800792863,0.0,0.17145688800792863,0.17145688800792863,0.10802775024777007,127,12.08325074331021,173,5.026314692132999,5.026314692133001,1.0,168.75
main,v040,LOLO-nes-f3,secondary,LOLO,nested,3,A,IPPO|ippo_nr_seed13,IPPO,13,T,"June 2026, current reward",1,-3297.972670634853,620.8798374348527,2646.0,1.5928332,29.5,199.732231315248,199.33402301524796,0.09712586719524281,0.0,0.09712586719524281,0.09712586719524281,0.05550049554013875,84,7.992071357779981,98,5.026314692132999,5.026314692133001,1.0,168.75
main,v040,LOLO-nes-f3,secondary,LOLO,nested,3,A,IPPO|ippo_nr_seed13,IPPO,13,T,"June 2026, current reward",2,-285.1954378476655,285.1954378476655,0.0,0.0,0.0,207.09884096626072,207.09884096626072,0.0,0.0,0.0,0.0,0.0,0,0.0,0,0.0,0.0,0.0,168.75
main,v040,LOLO-nes-f3,secondary,LOLO,nested,3,A,IPPO|ippo_nr_seed13,IPPO,13,T,"June 2026, current reward",3,-164.86014599751928,137.86014599751928,27.0,0.0,0.0,207.40031374291866,207.40031374291866,0.0009910802775024777,0.0009910802775024777,0.0,0.0009910802775024777,0.0,0,0.0,1,6.9847963178015355,6.9847963178015355,1.0,168.75
main,v040,LOLO-nes-f3,secondary,LOLO,nested,3,A,IPPO|ippo_nr_seed13,IPPO,13,T,"June 2026, current reward",4,-3535.0679482158484,795.4596428158491,2700.0,1.8583054,37.75,200.45535625553094,199.99077990553096,0.09910802775024777,0.0,0.09910802775024777,0.09910802775024777,0.05054509415262636,98,9.32408325074331,100,5.026314692132999,5.026314692133001,1.0,168.75
main,v040,LOLO-nes-f3,secondary,LOLO,nested,3,A,IPPO|ippo_nr_seed13,IPPO,13,T,"June 2026, current reward",5,-952.377995231354,411.76422143135403,540.0,0.1137738,0.5,205.06771462612946,205.03927117612943,0.019821605550049554,0.0,0.019821605550049554,0.019821605550049554,0.01684836471754212,6,0.5708622398414271,20,5.026314692133001,5.026314692133001,1.0,168.75
main,v040,LOLO-nes-f3,secondary,LOLO,nested,3,A,IPPO|ippo_nr_seed13,IPPO,13,T,"June 2026, current reward",6,-3985.6777200574647,809.5160178574649,3132.0,2.1617022,42.0,199.99060825267742,199.45018270267744,0.11496531219028741,0.0,0.11496531219028741,0.11496531219028741,0.05847373637264618,114,10.846382556987116,116,5.026314692133002,5.026314692133001,1.0,168.75
main,v040,LOLO-nes-f3,secondary,LOLO,nested,3,A,IPPO|ippo_nr_seed13,IPPO,13,T,"June 2026, current reward",7,-3234.472963321158,685.6034317211581,2511.0,1.7445316000000002,36.125,202.53189798231105,202.09576508231106,0.09217046580773043,0.0,0.09217046580773043,0.09217046580773043,0.04658077304261645,92,8.753221010901884,93,5.026314692132999,5.026314692133001,1.0,168.75
main,v040,LOLO-nes-f3,secondary,LOLO,nested,3,A,IPPO|ippo_nr_seed13,IPPO,13,T,"June 2026, current reward",8,-401.76532222701053,401.76532222701053,0.0,0.0,0.0,206.9836767179966,206.9836767179966,0.0,0.0,0.0,0.0,0.0,0,0.0,0,0.0,0.0,0.0,168.75
main,v040,LOLO-nes-f3,secondary,LOLO,nested,3,A,IPPO|ippo_nr_seed13,IPPO,13,T,"June 2026, current reward",9,-458.98117259002515,80.98117259002511,378.0,0.0,0.0,207.50261079819256,207.50261079819256,0.013875123885034688,0.013875123885034688,0.0,0.013875123885034688,0.0,0,0.0,14,33.64230108722876,144.2987835964076,1.0,168.75
main,v040,LOLO-nes-f3,secondary,LOLO,nested,3,A,IPPO|ippo_nr_seed23,IPPO,23,T,"June 2026, current reward",all,-22560.310071227676,4851.500337827677,17550.0,8.6847334,150.125,2016.8706466794324,2014.6994633294323,0.06442021803766106,0.0014866204162537165,0.06293359762140734,0.06442021803766106,0.0402378592666006,457,4.34806739345887,650,5.645672063143783,144.2987835964076,1.0,167.08
main,v040,LOLO-nes-f3,secondary,LOLO,nested,3,A,IPPO|ippo_nr_seed23,IPPO,23,T,"June 2026, current reward",0,-6787.486647967604,947.7139061676039,5778.0,3.1477418,58.625,190.89483772858793,190.10790227858791,0.21209117938553024,0.0,0.21209117938553024,0.21209117938553024,0.12983151635282458,165,15.698711595639248,214,5.026314692133002,5.026314692133001,1.0,167.08
main,v040,LOLO-nes-f3,secondary,LOLO,nested,3,A,IPPO|ippo_nr_seed23,IPPO,23,T,"June 2026, current reward",1,-3391.1210672956354,513.3091784956353,2862.0,1.0618888000000002,14.75,196.38782937302426,196.12235717302423,0.10505450941526263,0.0,0.10505450941526263,0.10505450941526263,0.07730426164519326,56,5.32804757185332,106,5.026314692133001,5.026314692133001,1.0,167.08
main,v040,LOLO-nes-f3,secondary,LOLO,nested,3,A,IPPO|ippo_nr_seed23,IPPO,23,T,"June 2026, current reward",2,-285.1954378476655,285.1954378476655,0.0,0.0,0.0,207.09884096626072,207.09884096626072,0.0,0.0,0.0,0.0,0.0,0,0.0,0,0.0,0.0,0.0,167.08
main,v040,LOLO-nes-f3,secondary,LOLO,nested,3,A,IPPO|ippo_nr_seed23,IPPO,23,T,"June 2026, current reward",3,-164.86014599751928,137.86014599751928,27.0,0.0,0.0,207.40031374291866,207.40031374291866,0.0009910802775024777,0.0009910802775024777,0.0,0.0009910802775024777,0.0,0,0.0,1,6.9847963178015355,6.9847963178015355,1.0,167.08
main,v040,LOLO-nes-f3,secondary,LOLO,nested,3,A,IPPO|ippo_nr_seed23,IPPO,23,T,"June 2026, current reward",4,-3704.6072624483086,635.9695244483083,3051.0,1.1377380000000001,16.5,194.22880387003568,193.9443693700357,0.11199207135777998,0.0,0.11199207135777998,0.11199207135777998,0.08225966303270565,60,5.708622398414271,113,5.026314692133001,5.026314692133001,1.0,167.08
main,v040,LOLO-nes-f3,secondary,LOLO,nested,3,A,IPPO|ippo_nr_seed23,IPPO,23,T,"June 2026, current reward",5,-1065.469917050414,411.84067105041424,648.0,0.379246,5.25,205.32754898223953,205.23273748223954,0.023785926660059464,0.0,0.023785926660059464,0.023785926660059464,0.013875123885034688,20,1.9028741328047574,24,5.026314692133001,5.026314692133001,1.0,167.08
main,v040,LOLO-nes-f3,secondary,LOLO,nested,3,A,IPPO|ippo_nr_seed23,IPPO,23,T,"June 2026, current reward",6,-2988.387495075228,755.1247570752278,2214.0,1.1377380000000001,18.125,198.8380477500887,198.55361325008872,0.08126858275520317,0.0,0.08126858275520317,0.08126858275520317,0.05153617443012884,60,5.708622398414271,82,5.026314692132999,5.026314692133001,1.0,167.08
main,v040,LOLO-nes-f3,secondary,LOLO,nested,3,A,IPPO|ippo_nr_seed23,IPPO,23,T,"June 2026, current reward",7,-3153.554601815728,686.472994815728,2430.0,1.706607,35.375,202.53865656673133,202.11200481673131,0.08919722497522299,0.0,0.08919722497522299,0.08919722497522299,0.044598612487611496,90,8.562933597621408,90,5.026314692132999,5.026314692133001,1.0,167.08
main,v040,LOLO-nes-f3,secondary,LOLO,nested,3,A,IPPO|ippo_nr_seed23,IPPO,23,T,"June 2026, current reward",8,-560.6463231395492,397.0325493395492,162.0,0.11377380000000001,1.5,206.65315690135282,206.62471345135282,0.005946481665014866,0.0,0.005946481665014866,0.005946481665014866,0.002973240832507433,6,0.5708622398414271,6,5.026314692133,5.026314692133001,1.0,167.08
main,v040,LOLO-nes-f3,secondary,LOLO,nested,3,A,IPPO|ippo_nr_seed23,IPPO,23,T,"June 2026, current reward",9,-458.98117259002515,80.98117259002511,378.0,0.0,0.0,207.50261079819256,207.50261079819256,0.013875123885034688,0.013875123885034688,0.0,0.013875123885034688,0.0,0,0.0,14,33.64230108722876,144.2987835964076,1.0,167.08
main,v040,LOLO-nes-f3,secondary,LOLO,nested,3,A,IPPO|ippo_nr_seed42,IPPO,42,T,"June 2026, current reward",all,-23285.102297552323,4883.473695152319,18225.0,9.2536024,167.375,2017.3269112877156,2015.0135106877156,0.06689791873141725,0.0014866204162537165,0.06541129831516353,0.06689791873141725,0.041228939544103074,487,4.6334985133795845,675,5.622732901254496,144.2987835964076,1.0,168.79
main,v040,LOLO-nes-f3,secondary,LOLO,nested,3,A,IPPO|ippo_nr_seed42,IPPO,42,T,"June 2026, current reward",0,-6499.015711257172,892.7514614571724,5562.0,2.3892498,41.875,187.53926106757118,186.94194861757117,0.20416253716551042,0.0,0.20416253716551042,0.20416253716551042,0.14172447968285432,125,11.892963330029733,206,5.026314692133001,5.026314692133001,1.0,168.79
main,v040,LOLO-nes-f3,secondary,LOLO,nested,3,A,IPPO|ippo_nr_seed42,IPPO,42,T,"June 2026, current reward",1,-3312.3362091815193,533.470923581519,2754.0,1.3652856,23.5,198.07920610956802,197.737884709568,0.10109018830525272,0.0,0.10109018830525272,0.10109018830525272,0.06541129831516353,72,6.850346878097127,102,5.026314692132999,5.026314692133001,1.0,168.79
main,v040,LOLO-nes-f3,secondary,LOLO,nested,3,A,IPPO|ippo_nr_seed42,IPPO,42,T,"June 2026, current reward",2,-285.1954378476655,285.1954378476655,0.0,0.0,0.0,207.09884096626072,207.09884096626072,0.0,0.0,0.0,0.0,0.0,0,0.0,0,0.0,0.0,0.0,168.79
main,v040,LOLO-nes-f3,secondary,LOLO,nested,3,A,IPPO|ippo_nr_seed42,IPPO,42,T,"June 2026, current reward",3,-164.86014599751928,137.86014599751928,27.0,0.0,0.0,207.40031374291866,207.40031374291866,0.0009910802775024777,0.0009910802775024777,0.0,0.0009910802775024777,0.0,0,0.0,1,6.9847963178015355,6.9847963178015355,1.0,168.79
main,v040,LOLO-nes-f3,secondary,LOLO,nested,3,A,IPPO|ippo_nr_seed42,IPPO,42,T,"June 2026, current reward",4,-3568.762750767045,704.745766767045,2835.0,1.5169839999999999,27.5,197.55371866019271,197.1744726601927,0.10406342913776016,0.0,0.10406342913776016,0.10406342913776016,0.06442021803766106,80,7.6114965312190295,105,5.026314692133001,5.026314692133001,1.0,168.79
main,v040,LOLO-nes-f3,secondary,LOLO,nested,3,A,IPPO|ippo_nr_seed42,IPPO,42,T,"June 2026, current reward",5,-948.9503548253094,408.8745056253093,540.0,0.0758492,0.0,204.89279218753967,204.87382988753967,0.019821605550049554,0.0,0.019821605550049554,0.019821605550049554,0.017839444995044598,4,0.3805748265609515,20,5.026314692133001,5.026314692133001,1.0,168.79
main,v040,LOLO-nes-f3,secondary,LOLO,nested,3,A,IPPO|ippo_nr_seed42,IPPO,42,T,"June 2026, current reward",6,-3969.4914134651935,748.0081080651937,3186.0,1.8583053999999999,33.625,197.95240359693804,197.48782724693802,0.11694747274529237,0.0,0.11694747274529237,0.11694747274529237,0.06838453914767097,98,9.32408325074331,118,5.026314692133003,5.026314692133001,1.0,168.79
main,v040,LOLO-nes-f3,secondary,LOLO,nested,3,A,IPPO|ippo_nr_seed42,IPPO,42,T,"June 2026, current reward",7,-3406.5116784835263,693.6533730835264,2673.0,1.8583054000000003,38.0,202.55727004626993,202.09269369626995,0.0981169474727453,0.0,0.0981169474727453,0.0981169474727453,0.049554013875123884,98,9.32408325074331,99,5.026314692132999,5.026314692133001,1.0,168.79
main,v040,LOLO-nes-f3,secondary,LOLO,nested,3,A,IPPO|ippo_nr_seed42,IPPO,42,T,"June 2026, current reward",8,-670.9974231373437,397.93280013734363,270.0,0.189623,2.875,206.75049411226416,206.70308836226414,0.009910802775024777,0.0,0.009910802775024777,0.009910802775024777,0.004955401387512388,10,0.9514370664023787,10,5.026314692133001,5.026314692133001,1.0,168.79
main,v040,LOLO-nes-f3,secondary,LOLO,nested,3,A,IPPO|ippo_nr_seed42,IPPO,42,T,"June 2026, current reward",9,-458.98117259002515,80.98117259002511,378.0,0.0,0.0,207.50261079819256,207.50261079819256,0.013875123885034688,0.013875123885034688,0.0,0.013875123885034688,0.0,0,0.0,14,33.64230108722876,144.2987835964076,1.0,168.79
main,v040,LOLO-nes-f3,secondary,LOLO,nested,3,A,IPPO|ippo_nr_seed64,IPPO,64,T,"June 2026, current reward",all,-24186.924867711597,5136.857864711597,18819.0,11.567003,219.5,2027.4883963145107,2024.5966455645107,0.0690782953419227,0.0014866204162537165,0.06759167492566898,0.0690782953419227,0.03736372646184341,609,5.794251734390486,697,5.603907649316657,144.2987835964076,1.0,166.92
main,v040,LOLO-nes-f3,secondary,LOLO,nested,3,A,IPPO|ippo_nr_seed64,IPPO,64,T,"June 2026, current reward",0,-6942.44451707191,1031.02705707191,5832.0,3.79246,75.625,194.32688087452595,193.37876587452595,0.21407333994053518,0.0,0.21407333994053518,0.21407333994053518,0.11496531219028741,199,18.933597621407333,216,5.026314692133,5.026314692133001,1.0,166.92
main,v040,LOLO-nes-f3,secondary,LOLO,nested,3,A,IPPO|ippo_nr_seed64,IPPO,64,T,"June 2026, current reward",1,-3069.967900313017,538.6293131130171,2511.0,1.2135872,19.125,198.35433751944962,198.0509407194496,0.09217046580773043,0.0,0.09217046580773043,0.09217046580773043,0.06045589692765114,64,6.089197224975224,93,5.026314692132999,5.026314692133001,1.0,166.92
main,v040,LOLO-nes-f3,secondary,LOLO,nested,3,A,IPPO|ippo_nr_seed64,IPPO,64,T,"June 2026, current reward",2,-448.9147009206394,285.30092712063947,162.0,0.11377380000000001,1.5,207.17615634063466,207.14771289063466,0.005946481665014866,0.0,0.005946481665014866,0.005946481665014866,0.002973240832507433,6,0.5708622398414271,6,5.026314692133,5.026314692133001,1.0,166.92
main,v040,LOLO-nes-f3,secondary,LOLO,nested,3,A,IPPO|ippo_nr_seed64,IPPO,64,T,"June 2026, current reward",3,-164.86014599751928,137.86014599751928,27.0,0.0,0.0,207.40031374291866,207.40031374291866,0.0009910802775024777,0.0009910802775024777,0.0,0.0009910802775024777,0.0,0,0.0,1,6.9847963178015355,6.9847963178015355,1.0,166.92
main,v040,LOLO-nes-f3,secondary,LOLO,nested,3,A,IPPO|ippo_nr_seed64,IPPO,64,T,"June 2026, current reward",4,-3668.1435101111,790.5464309111006,2835.0,1.9720792,40.625,199.9653223921933,199.47230259219327,0.10406342913776016,0.0,0.10406342913776016,0.10406342913776016,0.05252725470763132,104,9.894945490584737,105,5.026314692133001,5.026314692133001,1.0,166.92
main,v040,LOLO-nes-f3,secondary,LOLO,nested,3,A,IPPO|ippo_nr_seed64,IPPO,64,T,"June 2026, current reward",5,-1509.5310174953345,397.8638468953345,1107.0,0.41717060000000006,4.25,204.1206977656575,204.01640511565748,0.040634291377601585,0.0,0.040634291377601585,0.040634291377601585,0.02973240832507433,22,2.093161546085233,41,5.026314692133001,5.026314692133001,1.0,166.92
main,v040,LOLO-nes-f3,secondary,LOLO,nested,3,A,IPPO|ippo_nr_seed64,IPPO,64,T,"June 2026, current reward",6,-3342.1655602748065,797.6218778748066,2511.0,1.6686824,31.875,200.30553982043523,199.8883692204352,0.09217046580773043,0.0,0.09217046580773043,0.09217046580773043,0.048562933597621406,88,8.372646184340931,93,5.026314692132999,5.026314692133001,1.0,166.92
main,v040,LOLO-nes-f3,secondary,LOLO,nested,3,A,IPPO|ippo_nr_seed64,IPPO,64,T,"June 2026, current reward",7,-3754.857486601616,686.6466336016164,3024.0,2.085853,42.125,202.15417625301262,201.63271300301264,0.1110009910802775,0.0,0.1110009910802775,0.1110009910802775,0.05649157581764123,110,10.465807730426166,112,5.026314692133,5.026314692133001,1.0,166.92
main,v040,LOLO-nes-f3,secondary,LOLO,nested,3,A,IPPO|ippo_nr_seed64,IPPO,64,T,"June 2026, current reward",8,-827.0588563356283,390.38045953562835,432.0,0.3033968,4.375,206.18236080749062,206.1065116074906,0.015857284440039643,0.0,0.015857284440039643,0.015857284440039643,0.007928642220019821,16,1.522299306243806,16,5.026314692133001,5.026314692133001,1.0,166.92
main,v040,LOLO-nes-f3,secondary,LOLO,nested,3,A,IPPO|ippo_nr_seed64,IPPO,64,T,"June 2026, current reward",9,-458.98117259002515,80.98117259002511,378.0,0.0,0.0,207.50261079819256,207.50261079819256,0.013875123885034688,0.013875123885034688,0.0,0.013875123885034688,0.0,0,0.0,14,33.64230108722876,144.2987835964076,1.0,166.92
main,v040,LOLO-nes-f3,secondary,LOLO,nested,3,A,IPPO|ippo_nr_seed77,IPPO,77,T,"June 2026, current reward",all,-23719.38801587354,5278.80554067354,18198.0,11.832475200000001,230.75,2034.456813175509,2031.498694375509,0.066798810703667,0.0014866204162537165,0.06560951437066402,0.066798810703667,0.03468780971258672,623,5.927452923686818,674,664.4686528347434,131778.55922178866,1.0,168.81
main,v040,LOLO-nes-f3,secondary,LOLO,nested,3,A,IPPO|ippo_nr_seed77,IPPO,77,T,"June 2026, current reward",0,-6770.700854176195,1124.6696203761962,5562.0,3.9062338,80.125,196.5909790392458,195.6144205892458,0.20416253716551042,0.0,0.20416253716551042,0.20416253716551042,0.10208126858275521,205,19.504459861248762,206,5.026314692133001,5.026314692133001,1.0,168.81
main,v040,LOLO-nes-f3,secondary,LOLO,nested,3,A,IPPO|ippo_nr_seed77,IPPO,77,T,"June 2026, current reward",1,-3469.845532599856,572.9760009998564,2862.0,1.7445316000000002,33.125,199.2989708551729,198.8628379551729,0.10505450941526263,0.0,0.10505450941526263,0.10505450941526263,0.05946481665014866,92,8.753221010901884,106,5.026314692133001,5.026314692133001,1.0,168.81
main,v040,LOLO-nes-f3,secondary,LOLO,nested,3,A,IPPO|ippo_nr_seed77,IPPO,77,T,"June 2026, current reward",2,-285.1954378476655,285.1954378476655,0.0,0.0,0.0,207.09884096626072,207.09884096626072,0.0,0.0,0.0,0.0,0.0,0,0.0,0,0.0,0.0,0.0,168.81
main,v040,LOLO-nes-f3,secondary,LOLO,nested,3,A,IPPO|ippo_nr_seed77,IPPO,77,T,"June 2026, current reward",3,-164.86014599751928,137.86014599751928,27.0,0.0,0.0,207.40031374291866,207.40031374291866,0.0009910802775024777,0.0009910802775024777,0.0,0.0009910802775024777,0.0,0,0.0,1,6.9847963178015355,6.9847963178015355,1.0,168.81
main,v040,LOLO-nes-f3,secondary,LOLO,nested,3,A,IPPO|ippo_nr_seed77,IPPO,77,T,"June 2026, current reward",4,-3924.8587699089435,799.4470677089435,3078.0,2.1617022,45.25,200.44277484672773,199.90234929672772,0.11298315163528246,0.0,0.11298315163528246,0.11298315163528246,0.05649157581764123,114,10.846382556987116,114,5.026314692133001,5.026314692133001,1.0,168.81
main,v040,LOLO-nes-f3,secondary,LOLO,nested,3,A,IPPO|ippo_nr_seed77,IPPO,77,T,"June 2026, current reward",5,-1175.1676721437786,415.32635074377856,756.0,0.3413214,3.5,205.24248124630623,205.15715089630623,0.027750247770069375,0.0,0.027750247770069375,0.027750247770069375,0.018830525272547076,18,1.7125867195242817,28,5.026314692133002,5.026314692133001,1.0,168.81
main,v040,LOLO-nes-f3,secondary,LOLO,nested,3,A,IPPO|ippo_nr_seed77,IPPO,77,T,"June 2026, current reward",6,-4052.4718965167253,771.5981189167253,3240.0,2.1237776000000004,38.75,199.26909077232136,198.73814637232135,0.11892963330029732,0.0,0.11892963330029732,0.11892963330029732,0.06342913776015857,112,10.65609514370664,120,5.026314692133,5.026314692133001,1.0,168.81
main,v040,LOLO-nes-f3,secondary,LOLO,nested,3,A,IPPO|ippo_nr_seed77,IPPO,77,T,"June 2026, current reward",7,-2988.0859981574467,688.8190141574469,2268.0,1.516984,29.75,202.72405483041948,202.34480883041948,0.08325074331020813,0.0,0.08325074331020813,0.08325074331020813,0.04360753221010902,80,7.6114965312190295,84,5.026314692132999,5.026314692133001,1.0,168.81
main,v040,LOLO-nes-f3,secondary,LOLO,nested,3,A,IPPO|ippo_nr_seed77,IPPO,77,T,"June 2026, current reward",8,-401.76532222701053,401.76532222701053,0.0,0.0,0.0,206.9836767179966,206.9836767179966,0.0,0.0,0.0,0.0,0.0,0,0.0,0,0.0,0.0,0.0,168.81
main,v040,LOLO-nes-f3,secondary,LOLO,nested,3,A,IPPO|ippo_nr_seed77,IPPO,77,T,"June 2026, current reward",9,-486.4363862983987,81.14846169839876,405.0,0.0379246,0.25,209.40563015813973,209.39614900813973,0.014866204162537165,0.013875123885034688,0.003964321110009911,0.014866204162537165,0.002973240832507433,2,0.19028741328047574,15,29635.83814312505,131778.55922178866,1.0,168.81
main,v040,LOLO-nes-f3,secondary,LOLO,nested,3,A,IPPO|ippo_nr_seed99,IPPO,99,T,"June 2026, current reward",all,-23229.90883834417,4914.356085144172,18144.0,9.1777532,162.375,2017.646331039877,2015.3518927398768,0.0666005946481665,0.0014866204162537165,0.06511397423191279,0.0666005946481665,0.04112983151635283,483,4.595441030723489,672,5.625395482545216,144.2987835964076,1.0,166.8
main,v040,LOLO-nes-f3,secondary,LOLO,nested,3,A,IPPO|ippo_nr_seed99,IPPO,99,T,"June 2026, current reward",0,-5679.633238333065,1036.6035163330644,4590.0,2.6547220000000005,50.375,194.00794193702944,193.34426143702945,0.16848364717542122,0.0,0.16848364717542122,0.16848364717542122,0.09910802775024777,139,13.224975222993063,170,5.026314692133,5.026314692133001,1.0,166.8
main,v040,LOLO-nes-f3,secondary,LOLO,nested,3,A,IPPO|ippo_nr_seed99,IPPO,99,T,"June 2026, current reward",1,-3120.2157990526875,516.593533252688,2592.0,0.8722658000000001,10.75,196.5419683968937,196.32390194689373,0.09514370664023786,0.0,0.09514370664023786,0.09514370664023786,0.07234886025768088,46,4.376610505450942,96,5.026314692133,5.026314692133001,1.0,166.8
main,v040,LOLO-nes-f3,secondary,LOLO,nested,3,A,IPPO|ippo_nr_seed99,IPPO,99,T,"June 2026, current reward",2,-285.1954378476655,285.1954378476655,0.0,0.0,0.0,207.09884096626072,207.09884096626072,0.0,0.0,0.0,0.0,0.0,0,0.0,0,0.0,0.0,0.0,166.8
main,v040,LOLO-nes-f3,secondary,LOLO,nested,3,A,IPPO|ippo_nr_seed99,IPPO,99,T,"June 2026, current reward",3,-164.86014599751928,137.86014599751928,27.0,0.0,0.0,207.40031374291866,207.40031374291866,0.0009910802775024777,0.0009910802775024777,0.0,0.0009910802775024777,0.0,0,0.0,1,6.9847963178015355,6.9847963178015355,1.0,166.8
main,v040,LOLO-nes-f3,secondary,LOLO,nested,3,A,IPPO|ippo_nr_seed99,IPPO,99,T,"June 2026, current reward",4,-4089.5037979757653,659.1988893757654,3402.0,1.5549086,26.75,194.7755210385865,194.3867938885865,0.12487611496531219,0.0,0.12487611496531219,0.12487611496531219,0.08424182358771061,82,7.801783944499505,126,5.026314692133002,5.026314692133001,1.0,166.8
main,v040,LOLO-nes-f3,secondary,LOLO,nested,3,A,IPPO|ippo_nr_seed99,IPPO,99,T,"June 2026, current reward",5,-642.1734888328307,425.5976396328307,216.0,0.0758492,0.5,206.16877643808917,206.14981413808917,0.007928642220019821,0.0,0.007928642220019821,0.007928642220019821,0.005946481665014866,4,0.3805748265609515,8,5.026314692133001,5.026314692133001,1.0,166.8
main,v040,LOLO-nes-f3,secondary,LOLO,nested,3,A,IPPO|ippo_nr_seed99,IPPO,99,T,"June 2026, current reward",6,-4024.179849124969,745.2948453249694,3240.0,2.0100038,36.875,198.27052653019462,197.7680255801946,0.11892963330029732,0.0,0.11892963330029732,0.11892963330029732,0.06640237859266601,106,10.085232903865213,120,5.026314692133,5.026314692133001,1.0,166.8
main,v040,LOLO-nes-f3,secondary,LOLO,nested,3,A,IPPO|ippo_nr_seed99,IPPO,99,T,"June 2026, current reward",7,-4256.901400729095,627.8422461290947,3591.0,1.9341546000000003,36.125,199.08888334290305,198.60534469290303,0.13181367690782952,0.0,0.13181367690782952,0.13181367690782952,0.08126858275520317,102,9.704658077304263,133,5.026314692133,5.026314692133001,1.0,166.8
main,v040,LOLO-nes-f3,secondary,LOLO,nested,3,A,IPPO|ippo_nr_seed99,IPPO,99,T,"June 2026, current reward",8,-508.2645078605492,399.1886586605492,108.0,0.0758492,1.0,206.79094784880846,206.77198554880846,0.003964321110009911,0.0,0.003964321110009911,0.003964321110009911,0.0019821605550049554,4,0.3805748265609515,4,5.026314692133001,5.026314692133001,1.0,166.8
main,v040,LOLO-nes-f3,secondary,LOLO,nested,3,A,IPPO|ippo_nr_seed99,IPPO,99,T,"June 2026, current reward",9,-458.98117259002515,80.98117259002511,378.0,0.0,0.0,207.50261079819256,207.50261079819256,0.013875123885034688,0.013875123885034688,0.0,0.013875123885034688,0.0,0,0.0,14,33.64230108722876,144.2987835964076,1.0,166.8
