tag,twin,world,tier,protocol,config,fold,experiment,ckpt_id,family,seed,cohorts,source,cluster,reward,energy_penalty,qos_penalty,switch_penalty,cooldown_penalty,energy_wh,energy_wh_steady,qos_violation_rate,delay_violation_rate,loss_violation_rate,qscore_below_tau_rate,usr_share,switches,switches_per_cluster_day,n_budget_violations,severity_mean,severity_max,q_shortfall_mean,seconds
main,v040,LOLO-nes-f2,secondary,LOLO,nested,2,A,Shared-PPO|wcnc2027_ablation/shared_ppo_seed77/mappo_best.pt,Shared-PPO,77,R,wcnc2027_ablation 2026-09-14 (supplementary ablation),all,-25007.010482407026,5591.600646207026,19143.0,13.159836199999999,259.25,2042.7188838044895,2039.4289247544893,0.07026759167492568,0.0014866204162537165,0.06878097125867196,0.07026759167492568,0.03439048562933598,694,6.602973240832508,709,6836.566709464516,6983.677244222132,1.0,0.26
main,v040,LOLO-nes-f2,secondary,LOLO,nested,2,A,Shared-PPO|wcnc2027_ablation/shared_ppo_seed77/mappo_best.pt,Shared-PPO,77,R,wcnc2027_ablation 2026-09-14 (supplementary ablation),0,-5974.8860559888235,1152.2986911888229,4752.0,3.3373648,67.25,199.13640244201895,198.30206124201897,0.17443012884043607,0.0,0.17443012884043607,0.17443012884043607,0.08721506442021804,176,16.745292368681863,176,6983.677244222132,6983.677244222132,1.0,0.26
main,v040,LOLO-nes-f2,secondary,LOLO,nested,2,A,Shared-PPO|wcnc2027_ablation/shared_ppo_seed77/mappo_best.pt,Shared-PPO,77,R,wcnc2027_ablation 2026-09-14 (supplementary ablation),1,-3347.058495216087,716.7381144160869,2592.0,1.8203808000000001,36.5,202.85655992338266,202.40146472338267,0.09514370664023786,0.0,0.09514370664023786,0.09514370664023786,0.04757185332011893,96,9.133795837462834,96,6983.677244222131,6983.677244222132,1.0,0.26
main,v040,LOLO-nes-f2,secondary,LOLO,nested,2,A,Shared-PPO|wcnc2027_ablation/shared_ppo_seed77/mappo_best.pt,Shared-PPO,77,R,wcnc2027_ablation 2026-09-14 (supplementary ablation),2,-554.228004363085,281.538381363085,270.0,0.189623,2.5,206.8022449483224,206.7548391983224,0.009910802775024777,0.0,0.009910802775024777,0.009910802775024777,0.004955401387512388,10,0.9514370664023787,10,6983.677244222132,6983.677244222132,1.0,0.26
main,v040,LOLO-nes-f2,secondary,LOLO,nested,2,A,Shared-PPO|wcnc2027_ablation/shared_ppo_seed77/mappo_best.pt,Shared-PPO,77,R,wcnc2027_ablation 2026-09-14 (supplementary ablation),3,-164.82538383489316,137.82538383489316,27.0,0.0,0.0,207.34812914198812,207.34812914198812,0.0009910802775024777,0.0009910802775024777,0.0,0.0009910802775024777,0.0,0,0.0,1,4.163245459378105,4.163245459378105,1.0,0.26
main,v040,LOLO-nes-f2,secondary,LOLO,nested,2,A,Shared-PPO|wcnc2027_ablation/shared_ppo_seed77/mappo_best.pt,Shared-PPO,77,R,wcnc2027_ablation 2026-09-14 (supplementary ablation),4,-3917.8775842158752,848.1288066158756,3024.0,2.1237776000000004,43.625,201.89938956860567,201.36844516860566,0.1110009910802775,0.0,0.1110009910802775,0.1110009910802775,0.05550049554013875,112,10.65609514370664,112,6983.677244222131,6983.677244222132,1.0,0.26
main,v040,LOLO-nes-f2,secondary,LOLO,nested,2,A,Shared-PPO|wcnc2027_ablation/shared_ppo_seed77/mappo_best.pt,Shared-PPO,77,R,wcnc2027_ablation 2026-09-14 (supplementary ablation),5,-1901.0556779701155,422.9067137701155,1458.0,1.0239642,19.125,205.57620918019867,205.32021813019867,0.053518334985133795,0.0,0.053518334985133795,0.053518334985133795,0.026759167492566897,54,5.137760158572845,54,6983.677244222134,6983.677244222132,1.0,0.26
main,v040,LOLO-nes-f2,secondary,LOLO,nested,2,A,Shared-PPO|wcnc2027_ablation/shared_ppo_seed77/mappo_best.pt,Shared-PPO,77,R,wcnc2027_ablation 2026-09-14 (supplementary ablation),6,-4138.555275699839,853.0297996998381,3240.0,2.2754760000000003,43.25,202.01879913255087,201.4499301325509,0.11892963330029732,0.0,0.11892963330029732,0.11892963330029732,0.05946481665014866,120,11.417244796828543,120,6983.67724422213,6983.677244222132,1.0,0.26
main,v040,LOLO-nes-f2,secondary,LOLO,nested,2,A,Shared-PPO|wcnc2027_ablation/shared_ppo_seed77/mappo_best.pt,Shared-PPO,77,R,wcnc2027_ablation 2026-09-14 (supplementary ablation),7,-3345.825138190849,714.7547573908489,2592.0,1.8203808000000001,37.25,203.88305679661812,203.4279615966181,0.09514370664023786,0.0,0.09514370664023786,0.09514370664023786,0.04757185332011893,96,9.133795837462834,96,6983.677244222131,6983.677244222132,1.0,0.26
main,v040,LOLO-nes-f2,secondary,LOLO,nested,2,A,Shared-PPO|wcnc2027_ablation/shared_ppo_seed77/mappo_best.pt,Shared-PPO,77,R,wcnc2027_ablation 2026-09-14 (supplementary ablation),8,-1203.7344363856155,383.4155673856153,810.0,0.5688690000000001,9.75,205.73345795879743,205.59124070879744,0.02973240832507433,0.0,0.02973240832507433,0.02973240832507433,0.014866204162537165,30,2.8543111992071357,30,6983.677244222133,6983.677244222132,1.0,0.26
main,v040,LOLO-nes-f2,secondary,LOLO,nested,2,A,Shared-PPO|wcnc2027_ablation/shared_ppo_seed77/mappo_best.pt,Shared-PPO,77,R,wcnc2027_ablation 2026-09-14 (supplementary ablation),9,-458.96443054184465,80.96443054184468,378.0,0.0,0.0,207.46463471200627,207.46463471200627,0.013875123885034688,0.013875123885034688,0.0,0.013875123885034688,0.0,0,0.0,14,32.11616248022194,158.24556367822564,1.0,0.26
main,v040,LOLO-nes-f2,secondary,LOLO,nested,2,A,MAPPO|wcnc2027_ablation/mappo_seed99/mappo_best.pt,MAPPO,99,R,wcnc2027_ablation 2026-09-14,all,-23012.66521170873,5574.658585708728,17199.0,11.756626,227.25,2042.5878588425794,2039.6487023425796,0.06313181367690783,0.0014866204162537165,0.06164519326065411,0.06313181367690783,0.030921704658077306,620,5.898909811694748,637,6819.938831124566,6983.677244222132,1.0,0.26
main,v040,LOLO-nes-f2,secondary,LOLO,nested,2,A,MAPPO|wcnc2027_ablation/mappo_seed99/mappo_best.pt,MAPPO,99,R,wcnc2027_ablation 2026-09-14,0,-5490.954133243353,1161.9580898433533,4266.0,2.9960434,60.0,199.5957426271276,198.8467317771276,0.1565906838453915,0.0,0.1565906838453915,0.1565906838453915,0.07829534192269574,158,15.032705649157583,158,6983.677244222134,6983.677244222132,1.0,0.26
main,v040,LOLO-nes-f2,secondary,LOLO,nested,2,A,MAPPO|wcnc2027_ablation/mappo_seed99/mappo_best.pt,MAPPO,99,R,wcnc2027_ablation 2026-09-14,1,-3132.6994493871744,722.5307669871745,2376.0,1.6686824,32.5,202.89265028266004,202.47547968266002,0.08721506442021804,0.0,0.08721506442021804,0.08721506442021804,0.04360753221010902,88,8.372646184340931,88,6983.677244222132,6983.677244222132,1.0,0.26
main,v040,LOLO-nes-f2,secondary,LOLO,nested,2,A,MAPPO|wcnc2027_ablation/mappo_seed99/mappo_best.pt,MAPPO,99,R,wcnc2027_ablation 2026-09-14,2,-500.21609133111735,282.06439293111737,216.0,0.1516984,2.0,206.86030981110815,206.82238521110816,0.007928642220019821,0.0,0.007928642220019821,0.007928642220019821,0.003964321110009911,8,0.761149653121903,8,6983.677244222132,6983.677244222132,1.0,0.26
main,v040,LOLO-nes-f2,secondary,LOLO,nested,2,A,MAPPO|wcnc2027_ablation/mappo_seed99/mappo_best.pt,MAPPO,99,R,wcnc2027_ablation 2026-09-14,3,-164.82538383489316,137.82538383489316,27.0,0.0,0.0,207.34812914198812,207.34812914198812,0.0009910802775024777,0.0009910802775024777,0.0,0.0009910802775024777,0.0,0,0.0,1,4.163245459378105,4.163245459378105,1.0,0.26
main,v040,LOLO-nes-f2,secondary,LOLO,nested,2,A,MAPPO|wcnc2027_ablation/mappo_seed99/mappo_best.pt,MAPPO,99,R,wcnc2027_ablation 2026-09-14,4,-3855.3741093750023,840.6632563750024,2970.0,2.085853,42.625,201.81106593454328,201.28960268454327,0.10901883052527254,0.0,0.10901883052527254,0.10901883052527254,0.05450941526263627,110,10.465807730426166,110,6983.677244222132,6983.677244222132,1.0,0.26
main,v040,LOLO-nes-f2,secondary,LOLO,nested,2,A,MAPPO|wcnc2027_ablation/mappo_seed99/mappo_best.pt,MAPPO,99,R,wcnc2027_ablation 2026-09-14,5,-1455.364487082074,416.806844282074,1026.0,0.6826428,11.875,205.27952452880544,205.10886382880545,0.03766105054509415,0.0,0.03766105054509415,0.03766105054509415,0.019821605550049554,36,3.4251734390485633,38,6983.677244222134,6983.677244222132,1.0,0.26
main,v040,LOLO-nes-f2,secondary,LOLO,nested,2,A,MAPPO|wcnc2027_ablation/mappo_seed99/mappo_best.pt,MAPPO,99,R,wcnc2027_ablation 2026-09-14,6,-3686.107746353392,839.5106671533921,2808.0,1.9720792,36.625,201.91889841867766,201.42587861867764,0.10307234886025768,0.0,0.10307234886025768,0.10307234886025768,0.05153617443012884,104,9.894945490584737,104,6983.677244222131,6983.677244222132,1.0,0.26
main,v040,LOLO-nes-f2,secondary,LOLO,nested,2,A,MAPPO|wcnc2027_ablation/mappo_seed99/mappo_best.pt,MAPPO,99,R,wcnc2027_ablation 2026-09-14,7,-3064.158536487581,708.9027786875811,2322.0,1.6307578,31.625,203.6822912673798,203.2746018173798,0.08523290386521308,0.0,0.08523290386521308,0.08523290386521308,0.04261645193260654,86,8.182358771060457,86,6983.677244222133,6983.677244222132,1.0,0.26
main,v040,LOLO-nes-f2,secondary,LOLO,nested,2,A,MAPPO|wcnc2027_ablation/mappo_seed99/mappo_best.pt,MAPPO,99,R,wcnc2027_ablation 2026-09-14,8,-1204.0008440722963,383.4319750722961,810.0,0.5688690000000001,10.0,205.73461211828305,205.59239486828307,0.02973240832507433,0.0,0.02973240832507433,0.02973240832507433,0.014866204162537165,30,2.8543111992071357,30,6983.677244222133,6983.677244222132,1.0,0.26
main,v040,LOLO-nes-f2,secondary,LOLO,nested,2,A,MAPPO|wcnc2027_ablation/mappo_seed99/mappo_best.pt,MAPPO,99,R,wcnc2027_ablation 2026-09-14,9,-458.96443054184465,80.96443054184468,378.0,0.0,0.0,207.46463471200627,207.46463471200627,0.013875123885034688,0.013875123885034688,0.0,0.013875123885034688,0.0,0,0.0,14,32.11616248022194,158.24556367822564,1.0,0.26
main,v040,LOLO-nes-f2,secondary,LOLO,nested,2,A,Centralized PPO|wcnc2027_ablation/central_seed99/ppo_multi_site.zip,Centralized PPO,99,R,wcnc2027_ablation 2026-09-14,all,-38424.194472142524,6171.13078214252,32184.0,5.68869,63.375,2219.587730539436,2218.165558039436,0.11813676907829535,0.0033696729435084244,0.11665014866204163,0.11813676907829535,0.10178394449950447,299,2.844796828543112,1192,6899.942475732147,7468.644993958343,1.0,0.66
main,v040,LOLO-nes-f2,secondary,LOLO,nested,2,A,Centralized PPO|wcnc2027_ablation/central_seed99/ppo_multi_site.zip,Centralized PPO,99,R,wcnc2027_ablation 2026-09-14,0,-20282.063028519253,1248.0964177192523,18981.0,3.7166107999999998,49.25,261.8325690456049,260.9034163456049,0.6967294350842418,0.0009910802775024777,0.6967294350842418,0.6967294350842418,0.599603567888999,195,18.553022794846385,703,6983.93617072888,7165.702578465347,1.0,0.66
main,v040,LOLO-nes-f2,secondary,LOLO,nested,2,A,Centralized PPO|wcnc2027_ablation/central_seed99/ppo_multi_site.zip,Centralized PPO,99,R,wcnc2027_ablation 2026-09-14,1,-868.0915634667572,868.0915634667572,0.0,0.0,0.0,206.8419494141882,206.8419494141882,0.0,0.0,0.0,0.0,0.0,0,0.0,0,0.0,0.0,0.0,0.66
main,v040,LOLO-nes-f2,secondary,LOLO,nested,2,A,Centralized PPO|wcnc2027_ablation/central_seed99/ppo_multi_site.zip,Centralized PPO,99,R,wcnc2027_ablation 2026-09-14,2,-285.1260769824414,285.1260769824414,0.0,0.0,0.0,207.06012287456912,207.06012287456912,0.0,0.0,0.0,0.0,0.0,0,0.0,0,0.0,0.0,0.0,0.66
main,v040,LOLO-nes-f2,secondary,LOLO,nested,2,A,Centralized PPO|wcnc2027_ablation/central_seed99/ppo_multi_site.zip,Centralized PPO,99,R,wcnc2027_ablation 2026-09-14,3,-164.82538383489316,137.82538383489316,27.0,0.0,0.0,207.34812914198812,207.34812914198812,0.0009910802775024777,0.0009910802775024777,0.0,0.0009910802775024777,0.0,0,0.0,1,4.163245459378105,4.163245459378105,1.0,0.66
main,v040,LOLO-nes-f2,secondary,LOLO,nested,2,A,Centralized PPO|wcnc2027_ablation/central_seed99/ppo_multi_site.zip,Centralized PPO,99,R,wcnc2027_ablation 2026-09-14,4,-1864.2784090578684,971.5887860578684,891.0,0.18962299999999999,1.5,222.1771899584042,222.1297842084042,0.03270564915758176,0.005946481665014866,0.03270564915758176,0.03270564915758176,0.027750247770069375,10,0.9514370664023787,33,7016.772759539081,7165.702578465347,1.0,0.66
main,v040,LOLO-nes-f2,secondary,LOLO,nested,2,A,Centralized PPO|wcnc2027_ablation/central_seed99/ppo_multi_site.zip,Centralized PPO,99,R,wcnc2027_ablation 2026-09-14,5,-442.9269920292966,442.9269920292966,0.0,0.0,0.0,206.94560538958177,206.94560538958177,0.0,0.0,0.0,0.0,0.0,0,0.0,0,0.0,0.0,0.0,0.66
main,v040,LOLO-nes-f2,secondary,LOLO,nested,2,A,Centralized PPO|wcnc2027_ablation/central_seed99/ppo_multi_site.zip,Centralized PPO,99,R,wcnc2027_ablation 2026-09-14,6,-1010.832513690697,956.2945890906971,54.0,0.0379246,0.5,207.133971781654,207.124490631654,0.0019821605550049554,0.0,0.0019821605550049554,0.0019821605550049554,0.0009910802775024777,2,0.19028741328047574,2,6983.677244222132,6983.677244222132,1.0,0.66
main,v040,LOLO-nes-f2,secondary,LOLO,nested,2,A,Centralized PPO|wcnc2027_ablation/central_seed99/ppo_multi_site.zip,Centralized PPO,99,R,wcnc2027_ablation 2026-09-14,7,-7555.125042470307,711.2218322703063,6831.0,1.4032102000000002,11.5,231.7962367617034,231.4454342117034,0.25074331020812685,0.0009910802775024777,0.25074331020812685,0.25074331020812685,0.21407333994053518,74,7.040634291377602,253,6985.116179670695,7165.702578465347,1.0,0.66
main,v040,LOLO-nes-f2,secondary,LOLO,nested,2,A,Centralized PPO|wcnc2027_ablation/central_seed99/ppo_multi_site.zip,Centralized PPO,99,R,wcnc2027_ablation 2026-09-14,8,-5491.961031549163,468.99471014916287,5022.0,0.3413214,0.625,260.98732145973577,260.9019911097358,0.18434093161546086,0.010901883052527254,0.18434093161546086,0.18434093161546086,0.17542120911793854,18,1.7125867195242817,186,6999.006798495777,7468.644993958343,1.0,0.66
main,v040,LOLO-nes-f2,secondary,LOLO,nested,2,A,Centralized PPO|wcnc2027_ablation/central_seed99/ppo_multi_site.zip,Centralized PPO,99,R,wcnc2027_ablation 2026-09-14,9,-458.96443054184465,80.96443054184468,378.0,0.0,0.0,207.46463471200627,207.46463471200627,0.013875123885034688,0.013875123885034688,0.0,0.013875123885034688,0.0,0,0.0,14,32.11616248022194,158.24556367822564,1.0,0.66
main,v040,LOLO-nes-f2,secondary,LOLO,nested,2,A,Shared-PPO|wcnc2027_ablation/shared_ppo_seed99/mappo_best.pt,Shared-PPO,99,R,wcnc2027_ablation 2026-09-14 (supplementary ablation),all,-26119.781924311843,5607.238596111845,20223.0,13.9183282,275.625,2043.047326671458,2039.5677446214581,0.07423191278493559,0.0014866204162537165,0.07274529236868187,0.07423191278493559,0.03637264618434093,734,6.98354806739346,749,6844.423079812052,6983.677244222132,1.0,0.25
main,v040,LOLO-nes-f2,secondary,LOLO,nested,2,A,Shared-PPO|wcnc2027_ablation/shared_ppo_seed99/mappo_best.pt,Shared-PPO,99,R,wcnc2027_ablation 2026-09-14 (supplementary ablation),0,-6413.396562852633,1152.0058012526324,5184.0,3.6407616000000003,73.75,199.0627156717323,198.1525252717323,0.19028741328047571,0.0,0.19028741328047571,0.19028741328047571,0.09514370664023786,192,18.26759167492567,192,6983.677244222131,6983.677244222132,1.0,0.25
main,v040,LOLO-nes-f2,secondary,LOLO,nested,2,A,Shared-PPO|wcnc2027_ablation/shared_ppo_seed99/mappo_best.pt,Shared-PPO,99,R,wcnc2027_ablation 2026-09-14 (supplementary ablation),1,-3478.1660626968505,737.2698326968507,2700.0,1.89623,39.0,202.9772676582071,202.50321015820708,0.09910802775024777,0.0,0.09910802775024777,0.09910802775024777,0.049554013875123884,100,9.514370664023787,100,6983.677244222132,6983.677244222132,1.0,0.25
main,v040,LOLO-nes-f2,secondary,LOLO,nested,2,A,Shared-PPO|wcnc2027_ablation/shared_ppo_seed99/mappo_best.pt,Shared-PPO,99,R,wcnc2027_ablation 2026-09-14 (supplementary ablation),2,-608.9245133151179,281.6969657151179,324.0,0.22754760000000002,3.0,206.83982292802116,206.78293602802117,0.011892963330029732,0.0,0.011892963330029732,0.011892963330029732,0.005946481665014866,12,1.1417244796828543,12,6983.677244222131,6983.677244222132,1.0,0.25
main,v040,LOLO-nes-f2,secondary,LOLO,nested,2,A,Shared-PPO|wcnc2027_ablation/shared_ppo_seed99/mappo_best.pt,Shared-PPO,99,R,wcnc2027_ablation 2026-09-14 (supplementary ablation),3,-164.82538383489316,137.82538383489316,27.0,0.0,0.0,207.34812914198812,207.34812914198812,0.0009910802775024777,0.0009910802775024777,0.0,0.0009910802775024777,0.0,0,0.0,1,4.163245459378105,4.163245459378105,1.0,0.25
main,v040,LOLO-nes-f2,secondary,LOLO,nested,2,A,Shared-PPO|wcnc2027_ablation/shared_ppo_seed99/mappo_best.pt,Shared-PPO,99,R,wcnc2027_ablation 2026-09-14 (supplementary ablation),4,-3967.4048485671856,842.7431463671853,3078.0,2.1617022,44.5,201.88469735358598,201.34427180358597,0.11298315163528246,0.0,0.11298315163528246,0.11298315163528246,0.05649157581764123,114,10.846382556987116,114,6983.677244222131,6983.677244222132,1.0,0.25
main,v040,LOLO-nes-f2,secondary,LOLO,nested,2,A,Shared-PPO|wcnc2027_ablation/shared_ppo_seed99/mappo_best.pt,Shared-PPO,99,R,wcnc2027_ablation 2026-09-14 (supplementary ablation),5,-2010.7436735397707,423.26886013977065,1566.0,1.0998134,20.375,205.6103538146561,205.3354004646561,0.057482656095143705,0.0,0.057482656095143705,0.057482656095143705,0.028741328047571853,58,5.518334985133796,58,6983.677244222133,6983.677244222132,1.0,0.25
main,v040,LOLO-nes-f2,secondary,LOLO,nested,2,A,Shared-PPO|wcnc2027_ablation/shared_ppo_seed99/mappo_best.pt,Shared-PPO,99,R,wcnc2027_ablation 2026-09-14 (supplementary ablation),6,-4135.884250566158,849.858774566158,3240.0,2.2754760000000003,43.75,202.07213567036246,201.50326667036245,0.11892963330029732,0.0,0.11892963330029732,0.11892963330029732,0.05946481665014866,120,11.417244796828543,120,6983.67724422213,6983.677244222132,1.0,0.25
main,v040,LOLO-nes-f2,secondary,LOLO,nested,2,A,Shared-PPO|wcnc2027_ablation/shared_ppo_seed99/mappo_best.pt,Shared-PPO,99,R,wcnc2027_ablation 2026-09-14 (supplementary ablation),7,-3568.414810641687,718.442731441687,2808.0,1.9720792,40.0,204.06492524977534,203.57190544977533,0.10307234886025768,0.0,0.10307234886025768,0.10307234886025768,0.05153617443012884,104,9.894945490584737,104,6983.677244222131,6983.677244222132,1.0,0.25
main,v040,LOLO-nes-f2,secondary,LOLO,nested,2,A,Shared-PPO|wcnc2027_ablation/shared_ppo_seed99/mappo_best.pt,Shared-PPO,99,R,wcnc2027_ablation 2026-09-14 (supplementary ablation),8,-1313.0573877557053,383.16266955570546,918.0,0.6447182,11.25,205.7226444711232,205.56146492112322,0.03369672943508424,0.0,0.03369672943508424,0.03369672943508424,0.01684836471754212,34,3.2348860257680876,34,6983.677244222133,6983.677244222132,1.0,0.25
main,v040,LOLO-nes-f2,secondary,LOLO,nested,2,A,Shared-PPO|wcnc2027_ablation/shared_ppo_seed99/mappo_best.pt,Shared-PPO,99,R,wcnc2027_ablation 2026-09-14 (supplementary ablation),9,-458.96443054184465,80.96443054184468,378.0,0.0,0.0,207.46463471200627,207.46463471200627,0.013875123885034688,0.013875123885034688,0.0,0.013875123885034688,0.0,0,0.0,14,32.11616248022194,158.24556367822564,1.0,0.25
main,v040,LOLO-nes-f2,secondary,LOLO,nested,2,A,MAPPO|mappo_seed1_20260517T110908/mappo_best.pt,MAPPO,1,P,"May 2026, pre-781c90c reward",all,-21442.984151928555,5540.501490128555,15687.0,10.732661799999999,204.75,2043.4171444952983,2040.7339790452984,0.05758176412289395,0.0014866204162537165,0.05609514370664024,0.05758176412289395,0.02804757185332012,566,5.385133795837463,581,6804.156815404319,6983.677244222132,1.0,0.26
main,v040,LOLO-nes-f2,secondary,LOLO,nested,2,A,MAPPO|mappo_seed1_20260517T110908/mappo_best.pt,MAPPO,1,P,"May 2026, pre-781c90c reward",0,-5154.437907937605,1155.044412137604,3942.0,2.7684958,54.625,199.79918701870008,199.10706306870006,0.14469772051536176,0.0,0.14469772051536176,0.14469772051536176,0.07234886025768088,146,13.890981169474728,146,6983.677244222133,6983.677244222132,1.0,0.26
main,v040,LOLO-nes-f2,secondary,LOLO,nested,2,A,MAPPO|mappo_seed1_20260517T110908/mappo_best.pt,MAPPO,1,P,"May 2026, pre-781c90c reward",1,-2776.2447360298947,695.553601229895,2052.0,1.4411348,27.25,203.11648495903358,202.7562012590336,0.0753221010901883,0.0,0.0753221010901883,0.0753221010901883,0.03766105054509415,76,7.230921704658078,76,6983.677244222134,6983.677244222132,1.0,0.26
main,v040,LOLO-nes-f2,secondary,LOLO,nested,2,A,MAPPO|mappo_seed1_20260517T110908/mappo_best.pt,MAPPO,1,P,"May 2026, pre-781c90c reward",2,-445.41304195661854,281.7992681566185,162.0,0.11377380000000001,1.5,206.8374091291505,206.8089656791505,0.005946481665014866,0.0,0.005946481665014866,0.005946481665014866,0.002973240832507433,6,0.5708622398414271,6,6983.677244222133,6983.677244222132,1.0,0.26
main,v040,LOLO-nes-f2,secondary,LOLO,nested,2,A,MAPPO|mappo_seed1_20260517T110908/mappo_best.pt,MAPPO,1,P,"May 2026, pre-781c90c reward",3,-164.82538383489316,137.82538383489316,27.0,0.0,0.0,207.34812914198812,207.34812914198812,0.0009910802775024777,0.0009910802775024777,0.0,0.0009910802775024777,0.0,0,0.0,1,4.163245459378105,4.163245459378105,1.0,0.26
main,v040,LOLO-nes-f2,secondary,LOLO,nested,2,A,MAPPO|mappo_seed1_20260517T110908/mappo_best.pt,MAPPO,1,P,"May 2026, pre-781c90c reward",4,-3580.0232337844063,840.127003784406,2700.0,1.89623,38.0,201.9560498130823,201.4819923130823,0.09910802775024777,0.0,0.09910802775024777,0.09910802775024777,0.049554013875123884,100,9.514370664023787,100,6983.677244222132,6983.677244222132,1.0,0.26
main,v040,LOLO-nes-f2,secondary,LOLO,nested,2,A,MAPPO|mappo_seed1_20260517T110908/mappo_best.pt,MAPPO,1,P,"May 2026, pre-781c90c reward",5,-1405.4484646373505,420.6408218373504,972.0,0.6826428,12.125,205.50498507829406,205.33432437829407,0.035678889990089196,0.0,0.035678889990089196,0.035678889990089196,0.017839444995044598,36,3.4251734390485633,36,6983.677244222133,6983.677244222132,1.0,0.26
main,v040,LOLO-nes-f2,secondary,LOLO,nested,2,A,MAPPO|mappo_seed1_20260517T110908/mappo_best.pt,MAPPO,1,P,"May 2026, pre-781c90c reward",6,-3575.386756615758,837.8655266157575,2700.0,1.89623,35.625,201.89160740243622,201.4175499024362,0.09910802775024777,0.0,0.09910802775024777,0.09910802775024777,0.049554013875123884,100,9.514370664023787,100,6983.677244222132,6983.677244222132,1.0,0.26
main,v040,LOLO-nes-f2,secondary,LOLO,nested,2,A,MAPPO|mappo_seed1_20260517T110908/mappo_best.pt,MAPPO,1,P,"May 2026, pre-781c90c reward",7,-2840.175242195455,704.5711827954551,2106.0,1.4790594000000001,28.125,203.60853755486238,203.23877270486238,0.07730426164519326,0.0,0.07730426164519326,0.07730426164519326,0.03865213082259663,78,7.421209117938553,78,6983.677244222134,6983.677244222132,1.0,0.26
main,v040,LOLO-nes-f2,secondary,LOLO,nested,2,A,MAPPO|mappo_seed1_20260517T110908/mappo_best.pt,MAPPO,1,P,"May 2026, pre-781c90c reward",8,-1042.0649543947304,386.1098591947305,648.0,0.45509520000000003,7.5,205.89011968574474,205.77634588574475,0.023785926660059464,0.0,0.023785926660059464,0.023785926660059464,0.011892963330029732,24,2.2834489593657086,24,6983.677244222131,6983.677244222132,1.0,0.26
main,v040,LOLO-nes-f2,secondary,LOLO,nested,2,A,MAPPO|mappo_seed1_20260517T110908/mappo_best.pt,MAPPO,1,P,"May 2026, pre-781c90c reward",9,-458.96443054184465,80.96443054184468,378.0,0.0,0.0,207.46463471200627,207.46463471200627,0.013875123885034688,0.013875123885034688,0.0,0.013875123885034688,0.0,0,0.0,14,32.11616248022194,158.24556367822564,1.0,0.26
main,v040,LOLO-nes-f2,secondary,LOLO,nested,2,A,MAPPO|mappo_seed7_20260517T003433/mappo_best.pt,MAPPO,7,P,"May 2026, pre-781c90c reward",all,-23034.069438957536,5595.774888357535,17199.0,11.794550599999997,227.5,2043.5939469288,2040.6453092788001,0.06313181367690783,0.0014866204162537165,0.06164519326065411,0.06313181367690783,0.030822596630327055,622,5.917938553022795,637,6819.938831124566,6983.677244222132,1.0,0.26
main,v040,LOLO-nes-f2,secondary,LOLO,nested,2,A,MAPPO|mappo_seed7_20260517T003433/mappo_best.pt,MAPPO,7,P,"May 2026, pre-781c90c reward",0,-5560.1510002865125,1177.1170322865128,4320.0,3.0339679999999998,60.0,199.63349316310146,198.87500116310144,0.15857284440039643,0.0,0.15857284440039643,0.15857284440039643,0.07928642220019821,160,15.222993062438059,160,6983.677244222132,6983.677244222132,1.0,0.26
main,v040,LOLO-nes-f2,secondary,LOLO,nested,2,A,MAPPO|mappo_seed7_20260517T003433/mappo_best.pt,MAPPO,7,P,"May 2026, pre-781c90c reward",1,-2964.340759506821,718.4108509068212,2214.0,1.5549086,30.375,202.96810582711677,202.57937867711675,0.08126858275520317,0.0,0.08126858275520317,0.08126858275520317,0.040634291377601585,82,7.801783944499505,82,6983.677244222133,6983.677244222132,1.0,0.26
main,v040,LOLO-nes-f2,secondary,LOLO,nested,2,A,MAPPO|mappo_seed7_20260517T003433/mappo_best.pt,MAPPO,7,P,"May 2026, pre-781c90c reward",2,-446.15098301291266,282.5372092129126,162.0,0.11377380000000001,1.5,206.90214035393245,206.87369690393245,0.005946481665014866,0.0,0.005946481665014866,0.005946481665014866,0.002973240832507433,6,0.5708622398414271,6,6983.677244222133,6983.677244222132,1.0,0.26
main,v040,LOLO-nes-f2,secondary,LOLO,nested,2,A,MAPPO|mappo_seed7_20260517T003433/mappo_best.pt,MAPPO,7,P,"May 2026, pre-781c90c reward",3,-164.82538383489316,137.82538383489316,27.0,0.0,0.0,207.34812914198812,207.34812914198812,0.0009910802775024777,0.0009910802775024777,0.0,0.0009910802775024777,0.0,0,0.0,1,4.163245459378105,4.163245459378105,1.0,0.26
main,v040,LOLO-nes-f2,secondary,LOLO,nested,2,A,MAPPO|mappo_seed7_20260517T003433/mappo_best.pt,MAPPO,7,P,"May 2026, pre-781c90c reward",4,-3804.833721083678,845.035792683678,2916.0,2.0479284,41.75,201.8620180201944,201.3500359201944,0.10703666997026759,0.0,0.10703666997026759,0.10703666997026759,0.053518334985133795,108,10.27552031714569,108,6983.677244222131,6983.677244222132,1.0,0.26
main,v040,LOLO-nes-f2,secondary,LOLO,nested,2,A,MAPPO|mappo_seed7_20260517T003433/mappo_best.pt,MAPPO,7,P,"May 2026, pre-781c90c reward",5,-1630.1787028104136,425.84436161041367,1188.0,0.8343412000000001,15.5,205.6759996063552,205.46741430635518,0.04360753221010902,0.0,0.04360753221010902,0.04360753221010902,0.02180376610505451,44,4.186323092170466,44,6983.677244222133,6983.677244222132,1.0,0.26
main,v040,LOLO-nes-f2,secondary,LOLO,nested,2,A,MAPPO|mappo_seed7_20260517T003433/mappo_best.pt,MAPPO,7,P,"May 2026, pre-781c90c reward",6,-3687.7102595410233,841.2381803410234,2808.0,1.9720792,36.5,202.05514812952464,201.56212832952465,0.10307234886025768,0.0,0.10307234886025768,0.10307234886025768,0.05153617443012884,104,9.894945490584737,104,6983.677244222131,6983.677244222132,1.0,0.26
main,v040,LOLO-nes-f2,secondary,LOLO,nested,2,A,MAPPO|mappo_seed7_20260517T003433/mappo_best.pt,MAPPO,7,P,"May 2026, pre-781c90c reward",7,-3111.416106827716,701.3724244277156,2376.0,1.6686823999999998,32.375,203.82411576628283,203.40694516628284,0.08721506442021804,0.0,0.08721506442021804,0.08721506442021804,0.04360753221010902,88,8.372646184340931,88,6983.677244222132,6983.677244222132,1.0,0.26
main,v040,LOLO-nes-f2,secondary,LOLO,nested,2,A,MAPPO|mappo_seed7_20260517T003433/mappo_best.pt,MAPPO,7,P,"May 2026, pre-781c90c reward",8,-1205.4980915117205,385.4292225117206,810.0,0.5688690000000001,9.5,205.86016220829768,205.7179449582977,0.02973240832507433,0.0,0.02973240832507433,0.02973240832507433,0.014866204162537165,30,2.8543111992071357,30,6983.677244222133,6983.677244222132,1.0,0.26
main,v040,LOLO-nes-f2,secondary,LOLO,nested,2,A,MAPPO|mappo_seed7_20260517T003433/mappo_best.pt,MAPPO,7,P,"May 2026, pre-781c90c reward",9,-458.96443054184465,80.96443054184468,378.0,0.0,0.0,207.46463471200627,207.46463471200627,0.013875123885034688,0.013875123885034688,0.0,0.013875123885034688,0.0,0,0.0,14,32.11616248022194,158.24556367822564,1.0,0.26
main,v040,LOLO-nes-f2,secondary,LOLO,nested,2,A,MAPPO|mappo_seed13_20260517T003433/mappo_best.pt,MAPPO,13,P,"May 2026, pre-781c90c reward",all,-27700.542424920142,5601.274283320143,21789.0,15.0181416,295.25,2041.5478308775005,2037.7932954775006,0.07998017839444994,0.0014866204162537165,0.07849355797819624,0.07998017839444994,0.03924677898909812,792,7.535381565906839,807,6854.431433635825,6983.677244222132,1.0,0.26
main,v040,LOLO-nes-f2,secondary,LOLO,nested,2,A,MAPPO|mappo_seed13_20260517T003433/mappo_best.pt,MAPPO,13,P,"May 2026, pre-781c90c reward",0,-6745.874718496632,1156.0064092966313,5508.0,3.8683092,78.0,198.6558636382876,197.6887863382876,0.20218037661050545,0.0,0.20218037661050545,0.20218037661050545,0.10109018830525272,204,19.409316154608526,204,6983.677244222132,6983.677244222132,1.0,0.26
main,v040,LOLO-nes-f2,secondary,LOLO,nested,2,A,MAPPO|mappo_seed13_20260517T003433/mappo_best.pt,MAPPO,13,P,"May 2026, pre-781c90c reward",1,-3472.4305063887723,731.7842763887725,2700.0,1.89623,38.75,202.86802331922436,202.39396581922435,0.09910802775024777,0.0,0.09910802775024777,0.09910802775024777,0.049554013875123884,100,9.514370664023787,100,6983.677244222132,6983.677244222132,1.0,0.26
main,v040,LOLO-nes-f2,secondary,LOLO,nested,2,A,MAPPO|mappo_seed13_20260517T003433/mappo_best.pt,MAPPO,13,P,"May 2026, pre-781c90c reward",2,-663.2235805120056,281.45810831200566,378.0,0.26547220000000005,3.5,206.8235258673643,206.75715781736432,0.013875123885034688,0.0,0.013875123885034688,0.013875123885034688,0.006937561942517344,14,1.33201189296333,14,6983.677244222131,6983.677244222132,1.0,0.26
main,v040,LOLO-nes-f2,secondary,LOLO,nested,2,A,MAPPO|mappo_seed13_20260517T003433/mappo_best.pt,MAPPO,13,P,"May 2026, pre-781c90c reward",3,-164.82538383489316,137.82538383489316,27.0,0.0,0.0,207.34812914198812,207.34812914198812,0.0009910802775024777,0.0009910802775024777,0.0,0.0009910802775024777,0.0,0,0.0,1,4.163245459378105,4.163245459378105,1.0,0.26
main,v040,LOLO-nes-f2,secondary,LOLO,nested,2,A,MAPPO|mappo_seed13_20260517T003433/mappo_best.pt,MAPPO,13,P,"May 2026, pre-781c90c reward",4,-4131.347431376513,842.3219553765127,3240.0,2.2754760000000003,46.75,201.7712092873091,201.20234028730908,0.11892963330029732,0.0,0.11892963330029732,0.11892963330029732,0.05946481665014866,120,11.417244796828543,120,6983.67724422213,6983.677244222132,1.0,0.26
main,v040,LOLO-nes-f2,secondary,LOLO,nested,2,A,MAPPO|mappo_seed13_20260517T003433/mappo_best.pt,MAPPO,13,P,"May 2026, pre-781c90c reward",5,-2119.0114463208683,421.96078372086833,1674.0,1.1756626000000001,21.875,205.53679643134802,205.24288078134805,0.061446977205153616,0.0,0.061446977205153616,0.061446977205153616,0.030723488602576808,62,5.898909811694748,62,6983.677244222134,6983.677244222132,1.0,0.26
main,v040,LOLO-nes-f2,secondary,LOLO,nested,2,A,MAPPO|mappo_seed13_20260517T003433/mappo_best.pt,MAPPO,13,P,"May 2026, pre-781c90c reward",6,-4683.459709189565,850.0549871895646,3780.0,2.6547220000000005,50.75,201.69363627698567,201.02995577698567,0.13875123885034688,0.0,0.13875123885034688,0.13875123885034688,0.06937561942517344,140,13.320118929633301,140,6983.677244222133,6983.677244222132,1.0,0.26
main,v040,LOLO-nes-f2,secondary,LOLO,nested,2,A,MAPPO|mappo_seed13_20260517T003433/mappo_best.pt,MAPPO,13,P,"May 2026, pre-781c90c reward",7,-3782.417132615173,713.793355015173,3024.0,2.1237776000000004,42.5,203.6356727109135,203.10472831091352,0.1110009910802775,0.0,0.1110009910802775,0.1110009910802775,0.05550049554013875,112,10.65609514370664,112,6983.677244222131,6983.677244222132,1.0,0.26
main,v040,LOLO-nes-f2,secondary,LOLO,nested,2,A,MAPPO|mappo_seed13_20260517T003433/mappo_best.pt,MAPPO,13,P,"May 2026, pre-781c90c reward",8,-1478.9880856438763,385.1045936438763,1080.0,0.758492,13.125,205.75033949207335,205.56071649207337,0.03964321110009911,0.0,0.03964321110009911,0.03964321110009911,0.019821605550049554,40,3.8057482656095147,40,6983.677244222132,6983.677244222132,1.0,0.26
main,v040,LOLO-nes-f2,secondary,LOLO,nested,2,A,MAPPO|mappo_seed13_20260517T003433/mappo_best.pt,MAPPO,13,P,"May 2026, pre-781c90c reward",9,-458.96443054184465,80.96443054184468,378.0,0.0,0.0,207.46463471200627,207.46463471200627,0.013875123885034688,0.013875123885034688,0.0,0.013875123885034688,0.0,0,0.0,14,32.11616248022194,158.24556367822564,1.0,0.26
main,v040,LOLO-nes-f2,secondary,LOLO,nested,2,A,MAPPO|mappo_seed23_20260517T110908/mappo_best.pt,MAPPO,23,P,"May 2026, pre-781c90c reward",all,-26417.75319615272,5577.232320352719,20547.0,14.1458758,279.375,2041.1978231890062,2037.661354239006,0.07542120911793855,0.0014866204162537165,0.07393458870168483,0.07542120911793855,0.036967294350842415,746,7.097720515361744,761,6846.618940486062,6983.677244222132,1.0,0.26
main,v040,LOLO-nes-f2,secondary,LOLO,nested,2,A,MAPPO|mappo_seed23_20260517T110908/mappo_best.pt,MAPPO,23,P,"May 2026, pre-781c90c reward",0,-6749.368722410538,1160.500413210537,5508.0,3.8683092,77.0,198.85584487942486,197.88876757942487,0.20218037661050545,0.0,0.20218037661050545,0.20218037661050545,0.10109018830525272,204,19.409316154608526,204,6983.677244222132,6983.677244222132,1.0,0.26
main,v040,LOLO-nes-f2,secondary,LOLO,nested,2,A,MAPPO|mappo_seed23_20260517T110908/mappo_best.pt,MAPPO,23,P,"May 2026, pre-781c90c reward",1,-3455.7614491002246,715.1152191002246,2700.0,1.89623,38.75,202.5857487999745,202.11169129997452,0.09910802775024777,0.0,0.09910802775024777,0.09910802775024777,0.049554013875123884,100,9.514370664023787,100,6983.677244222132,6983.677244222132,1.0,0.26
main,v040,LOLO-nes-f2,secondary,LOLO,nested,2,A,MAPPO|mappo_seed23_20260517T110908/mappo_best.pt,MAPPO,23,P,"May 2026, pre-781c90c reward",2,-554.228004363085,281.538381363085,270.0,0.189623,2.5,206.8022449483224,206.7548391983224,0.009910802775024777,0.0,0.009910802775024777,0.009910802775024777,0.004955401387512388,10,0.9514370664023787,10,6983.677244222132,6983.677244222132,1.0,0.26
main,v040,LOLO-nes-f2,secondary,LOLO,nested,2,A,MAPPO|mappo_seed23_20260517T110908/mappo_best.pt,MAPPO,23,P,"May 2026, pre-781c90c reward",3,-164.82538383489316,137.82538383489316,27.0,0.0,0.0,207.34812914198812,207.34812914198812,0.0009910802775024777,0.0009910802775024777,0.0,0.0009910802775024777,0.0,0,0.0,1,4.163245459378105,4.163245459378105,1.0,0.26
main,v040,LOLO-nes-f2,secondary,LOLO,nested,2,A,MAPPO|mappo_seed23_20260517T110908/mappo_best.pt,MAPPO,23,P,"May 2026, pre-781c90c reward",4,-4075.2838509559824,840.9212995559826,3186.0,2.2375514,46.125,201.71555568566697,201.15616783566696,0.11694747274529237,0.0,0.11694747274529237,0.11694747274529237,0.05847373637264618,118,11.226957383548068,118,6983.677244222131,6983.677244222132,1.0,0.26
main,v040,LOLO-nes-f2,secondary,LOLO,nested,2,A,MAPPO|mappo_seed23_20260517T110908/mappo_best.pt,MAPPO,23,P,"May 2026, pre-781c90c reward",5,-1846.396323181969,422.53528358196866,1404.0,0.9860396000000001,18.875,205.44034794377205,205.19383804377208,0.05153617443012884,0.0,0.05153617443012884,0.05153617443012884,0.02576808721506442,52,4.947472745292369,52,6983.677244222133,6983.677244222132,1.0,0.26
main,v040,LOLO-nes-f2,secondary,LOLO,nested,2,A,MAPPO|mappo_seed23_20260517T110908/mappo_best.pt,MAPPO,23,P,"May 2026, pre-781c90c reward",6,-4288.959843100808,838.6955933008082,3402.0,2.3892498,45.875,201.5087633622129,200.9114509122129,0.12487611496531219,0.0,0.12487611496531219,0.12487611496531219,0.062438057482656094,126,11.988107036669971,126,6983.677244222131,6983.677244222132,1.0,0.26
main,v040,LOLO-nes-f2,secondary,LOLO,nested,2,A,MAPPO|mappo_seed23_20260517T110908/mappo_best.pt,MAPPO,23,P,"May 2026, pre-781c90c reward",7,-3511.3793150538468,716.1951604538468,2754.0,1.9341546,39.25,203.79336758598816,203.30982893598815,0.10109018830525272,0.0,0.10109018830525272,0.10109018830525272,0.05054509415262636,102,9.704658077304263,102,6983.677244222132,6983.677244222132,1.0,0.26
main,v040,LOLO-nes-f2,secondary,LOLO,nested,2,A,MAPPO|mappo_seed23_20260517T110908/mappo_best.pt,MAPPO,23,P,"May 2026, pre-781c90c reward",8,-1312.5858736095283,382.94115540952816,918.0,0.6447182,11.0,205.6831861296498,205.5220065796498,0.03369672943508424,0.0,0.03369672943508424,0.03369672943508424,0.01684836471754212,34,3.2348860257680876,34,6983.677244222133,6983.677244222132,1.0,0.26
main,v040,LOLO-nes-f2,secondary,LOLO,nested,2,A,MAPPO|mappo_seed23_20260517T110908/mappo_best.pt,MAPPO,23,P,"May 2026, pre-781c90c reward",9,-458.96443054184465,80.96443054184468,378.0,0.0,0.0,207.46463471200627,207.46463471200627,0.013875123885034688,0.013875123885034688,0.0,0.013875123885034688,0.0,0,0.0,14,32.11616248022194,158.24556367822564,1.0,0.26
main,v040,LOLO-nes-f2,secondary,LOLO,nested,2,A,MAPPO|mappo_seed42_20260526T143637/mappo_best.pt,MAPPO,42,P+T,"May 2026, pre-781c90c reward",all,-25368.13789781478,4960.55268841478,20196.0,10.960209399999998,200.625,2023.320546408324,2020.580494058324,0.07413280475718534,0.0014866204162537165,0.07264618434093162,0.07413280475718534,0.04400396432111001,578,5.499306243805749,748,6844.236911143054,6983.677244222132,1.0,0.26
main,v040,LOLO-nes-f2,secondary,LOLO,nested,2,A,MAPPO|mappo_seed42_20260526T143637/mappo_best.pt,MAPPO,42,P+T,"May 2026, pre-781c90c reward",0,-6031.622024212408,1012.0052268124078,4968.0,2.6167974000000003,49.0,194.29461035406902,193.64041100406902,0.1823587710604559,0.0,0.1823587710604559,0.1823587710604559,0.11397423191278494,138,13.129831516352825,184,6983.677244222131,6983.677244222132,1.0,0.26
main,v040,LOLO-nes-f2,secondary,LOLO,nested,2,A,MAPPO|mappo_seed42_20260526T143637/mappo_best.pt,MAPPO,42,P+T,"May 2026, pre-781c90c reward",1,-3348.96205803667,567.5209232366697,2754.0,1.4411348,26.0,199.72747103438246,199.36718733438244,0.10109018830525272,0.0,0.10109018830525272,0.10109018830525272,0.06342913776015857,76,7.230921704658078,102,6983.677244222132,6983.677244222132,1.0,0.26
main,v040,LOLO-nes-f2,secondary,LOLO,nested,2,A,MAPPO|mappo_seed42_20260526T143637/mappo_best.pt,MAPPO,42,P+T,"May 2026, pre-781c90c reward",2,-554.228004363085,281.538381363085,270.0,0.189623,2.5,206.8022449483224,206.7548391983224,0.009910802775024777,0.0,0.009910802775024777,0.009910802775024777,0.004955401387512388,10,0.9514370664023787,10,6983.677244222132,6983.677244222132,1.0,0.26
main,v040,LOLO-nes-f2,secondary,LOLO,nested,2,A,MAPPO|mappo_seed42_20260526T143637/mappo_best.pt,MAPPO,42,P+T,"May 2026, pre-781c90c reward",3,-164.82538383489316,137.82538383489316,27.0,0.0,0.0,207.34812914198812,207.34812914198812,0.0009910802775024777,0.0009910802775024777,0.0,0.0009910802775024777,0.0,0,0.0,1,4.163245459378105,4.163245459378105,1.0,0.26
main,v040,LOLO-nes-f2,secondary,LOLO,nested,2,A,MAPPO|mappo_seed42_20260526T143637/mappo_best.pt,MAPPO,42,P+T,"May 2026, pre-781c90c reward",4,-4475.038819513599,683.8925895135992,3753.0,1.89623,36.25,196.71047989844982,196.23642239844986,0.1377601585728444,0.0,0.1377601585728444,0.1377601585728444,0.08820614469772052,100,9.514370664023787,139,6983.677244222134,6983.677244222132,1.0,0.26
main,v040,LOLO-nes-f2,secondary,LOLO,nested,2,A,MAPPO|mappo_seed42_20260526T143637/mappo_best.pt,MAPPO,42,P+T,"May 2026, pre-781c90c reward",5,-1557.8936427074414,410.67307530744125,1134.0,0.7205674000000001,12.5,204.9810415458258,204.80089969582582,0.04162537165510406,0.0,0.04162537165510406,0.04162537165510406,0.022794846382556987,38,3.615460852329039,42,6983.677244222133,6983.677244222132,1.0,0.26
main,v040,LOLO-nes-f2,secondary,LOLO,nested,2,A,MAPPO|mappo_seed42_20260526T143637/mappo_best.pt,MAPPO,42,P+T,"May 2026, pre-781c90c reward",6,-4261.918080440597,743.2339258405968,3483.0,1.9341546,33.75,198.53577311028562,198.0522344602856,0.1278493557978196,0.0,0.1278493557978196,0.1278493557978196,0.07730426164519326,102,9.704658077304263,129,6983.677244222133,6983.677244222132,1.0,0.26
main,v040,LOLO-nes-f2,secondary,LOLO,nested,2,A,MAPPO|mappo_seed42_20260526T143637/mappo_best.pt,MAPPO,42,P+T,"May 2026, pre-781c90c reward",7,-3364.1661885728763,658.4104307728763,2673.0,1.6307578,31.125,201.70132460636108,201.29363515636106,0.0981169474727453,0.0,0.0981169474727453,0.0981169474727453,0.05550049554013875,86,8.182358771060457,99,6983.677244222132,6983.677244222132,1.0,0.26
main,v040,LOLO-nes-f2,secondary,LOLO,nested,2,A,MAPPO|mappo_seed42_20260526T143637/mappo_best.pt,MAPPO,42,P+T,"May 2026, pre-781c90c reward",8,-1150.5192655913672,384.4883211913673,756.0,0.5309444000000001,9.5,205.75483705663325,205.62210095663323,0.027750247770069375,0.0,0.027750247770069375,0.027750247770069375,0.013875123885034688,28,2.66402378592666,28,6983.677244222133,6983.677244222132,1.0,0.26
main,v040,LOLO-nes-f2,secondary,LOLO,nested,2,A,MAPPO|mappo_seed42_20260526T143637/mappo_best.pt,MAPPO,42,P+T,"May 2026, pre-781c90c reward",9,-458.96443054184465,80.96443054184468,378.0,0.0,0.0,207.46463471200627,207.46463471200627,0.013875123885034688,0.013875123885034688,0.0,0.013875123885034688,0.0,0,0.0,14,32.11616248022194,158.24556367822564,1.0,0.26
main,v040,LOLO-nes-f2,secondary,LOLO,nested,2,A,MAPPO|mappo_seed64_20260517T110908/mappo_best.pt,MAPPO,64,P,"May 2026, pre-781c90c reward",all,-21315.373429739484,5548.667466339484,15552.0,10.580963399999998,204.125,2043.6869638085896,2041.0417229585896,0.05708622398414272,0.0014866204162537165,0.055599603567889,0.05708622398414272,0.027948463825569873,558,5.309018830525273,576,6802.598478348609,6983.677244222132,1.0,0.26
main,v040,LOLO-nes-f2,secondary,LOLO,nested,2,A,MAPPO|mappo_seed64_20260517T110908/mappo_best.pt,MAPPO,64,P,"May 2026, pre-781c90c reward",0,-5076.925850453288,1185.9832038532875,3834.0,2.6926466000000002,54.25,200.0646470510061,199.3914854010061,0.14073339940535184,0.0,0.14073339940535184,0.14073339940535184,0.07036669970267592,142,13.510406342913777,142,6983.677244222133,6983.677244222132,1.0,0.26
main,v040,LOLO-nes-f2,secondary,LOLO,nested,2,A,MAPPO|mappo_seed64_20260517T110908/mappo_best.pt,MAPPO,64,P,"May 2026, pre-781c90c reward",1,-2721.7527688000787,669.7624832000788,2025.0,1.3652856,25.625,202.97647800993235,202.63515660993238,0.07433102081268583,0.0,0.07433102081268583,0.07433102081268583,0.03865213082259663,72,6.850346878097127,75,6983.677244222133,6983.677244222132,1.0,0.26
main,v040,LOLO-nes-f2,secondary,LOLO,nested,2,A,MAPPO|mappo_seed64_20260517T110908/mappo_best.pt,MAPPO,64,P,"May 2026, pre-781c90c reward",2,-391.63927628830595,282.56342708830596,108.0,0.0758492,1.0,206.89671391948755,206.87775161948755,0.003964321110009911,0.0,0.003964321110009911,0.003964321110009911,0.0019821605550049554,4,0.3805748265609515,4,6983.677244222132,6983.677244222132,1.0,0.26
main,v040,LOLO-nes-f2,secondary,LOLO,nested,2,A,MAPPO|mappo_seed64_20260517T110908/mappo_best.pt,MAPPO,64,P,"May 2026, pre-781c90c reward",3,-164.82538383489316,137.82538383489316,27.0,0.0,0.0,207.34812914198812,207.34812914198812,0.0009910802775024777,0.0009910802775024777,0.0,0.0009910802775024777,0.0,0,0.0,1,4.163245459378105,4.163245459378105,1.0,0.26
main,v040,LOLO-nes-f2,secondary,LOLO,nested,2,A,MAPPO|mappo_seed64_20260517T110908/mappo_best.pt,MAPPO,64,P,"May 2026, pre-781c90c reward",4,-3800.2227152671276,840.4247868671279,2916.0,2.0479284,41.75,201.78316612646375,201.27118402646377,0.10703666997026759,0.0,0.10703666997026759,0.10703666997026759,0.053518334985133795,108,10.27552031714569,108,6983.677244222131,6983.677244222132,1.0,0.26
main,v040,LOLO-nes-f2,secondary,LOLO,nested,2,A,MAPPO|mappo_seed64_20260517T110908/mappo_best.pt,MAPPO,64,P,"May 2026, pre-781c90c reward",5,-1407.10558168017,422.0479388801701,972.0,0.6826428000000001,12.375,205.58134396970235,205.41068326970236,0.035678889990089196,0.0,0.035678889990089196,0.035678889990089196,0.017839444995044598,36,3.4251734390485633,36,6983.677244222133,6983.677244222132,1.0,0.26
main,v040,LOLO-nes-f2,secondary,LOLO,nested,2,A,MAPPO|mappo_seed64_20260517T110908/mappo_best.pt,MAPPO,64,P,"May 2026, pre-781c90c reward",6,-3413.7460851445408,839.9636289445405,2538.0,1.7824562,34.0,202.01561596854998,201.57000191854996,0.0931615460852329,0.0,0.0931615460852329,0.0931615460852329,0.04658077304261645,94,8.94350842418236,94,6983.677244222132,6983.677244222132,1.0,0.26
main,v040,LOLO-nes-f2,secondary,LOLO,nested,2,A,MAPPO|mappo_seed64_20260517T110908/mappo_best.pt,MAPPO,64,P,"May 2026, pre-781c90c reward",7,-2838.263084516999,703.1590251169987,2106.0,1.4790594000000001,27.625,203.6575209028166,203.2877560528166,0.07730426164519326,0.0,0.07730426164519326,0.07730426164519326,0.03865213082259663,78,7.421209117938553,78,6983.677244222134,6983.677244222132,1.0,0.26
main,v040,LOLO-nes-f2,secondary,LOLO,nested,2,A,MAPPO|mappo_seed64_20260517T110908/mappo_best.pt,MAPPO,64,P,"May 2026, pre-781c90c reward",8,-1041.928253212236,385.9731580122361,648.0,0.45509520000000003,7.5,205.89871400663628,205.7849402066363,0.023785926660059464,0.0,0.023785926660059464,0.023785926660059464,0.011892963330029732,24,2.2834489593657086,24,6983.677244222131,6983.677244222132,1.0,0.26
main,v040,LOLO-nes-f2,secondary,LOLO,nested,2,A,MAPPO|mappo_seed64_20260517T110908/mappo_best.pt,MAPPO,64,P,"May 2026, pre-781c90c reward",9,-458.96443054184465,80.96443054184468,378.0,0.0,0.0,207.46463471200627,207.46463471200627,0.013875123885034688,0.013875123885034688,0.0,0.013875123885034688,0.0,0,0.0,14,32.11616248022194,158.24556367822564,1.0,0.26
main,v040,LOLO-nes-f2,secondary,LOLO,nested,2,A,MAPPO|wcnc2027_ablation/mappo_seed1/mappo_best.pt,MAPPO,1,R,wcnc2027_ablation 2026-09-14,all,-22511.22672216628,5539.0614175662795,16740.0,11.415304599999999,220.75,2042.8893957191149,2040.0355695691148,0.061446977205153616,0.0014866204162537165,0.0599603567888999,0.061446977205153616,0.030128840436075322,602,5.72765113974232,620,6815.449229475117,6983.677244222132,1.0,0.26
main,v040,LOLO-nes-f2,secondary,LOLO,nested,2,A,MAPPO|wcnc2027_ablation/mappo_seed1/mappo_best.pt,MAPPO,1,R,wcnc2027_ablation 2026-09-14,0,-5546.811597454335,1162.6526294543348,4320.0,3.033968,61.125,199.6017970525094,198.8433050525094,0.15857284440039643,0.0,0.15857284440039643,0.15857284440039643,0.07928642220019821,160,15.222993062438059,160,6983.677244222132,6983.677244222132,1.0,0.26
main,v040,LOLO-nes-f2,secondary,LOLO,nested,2,A,MAPPO|wcnc2027_ablation/mappo_seed1/mappo_best.pt,MAPPO,1,R,wcnc2027_ablation 2026-09-14,1,-2834.6517838919203,698.6727244919205,2106.0,1.4790594000000001,28.5,203.21803086450782,202.84826601450783,0.07730426164519326,0.0,0.07730426164519326,0.07730426164519326,0.03865213082259663,78,7.421209117938553,78,6983.677244222134,6983.677244222132,1.0,0.26
main,v040,LOLO-nes-f2,secondary,LOLO,nested,2,A,MAPPO|wcnc2027_ablation/mappo_seed1/mappo_best.pt,MAPPO,1,R,wcnc2027_ablation 2026-09-14,2,-445.41304195661854,281.7992681566185,162.0,0.11377380000000001,1.5,206.8374091291505,206.8089656791505,0.005946481665014866,0.0,0.005946481665014866,0.005946481665014866,0.002973240832507433,6,0.5708622398414271,6,6983.677244222133,6983.677244222132,1.0,0.26
main,v040,LOLO-nes-f2,secondary,LOLO,nested,2,A,MAPPO|wcnc2027_ablation/mappo_seed1/mappo_best.pt,MAPPO,1,R,wcnc2027_ablation 2026-09-14,3,-164.82538383489316,137.82538383489316,27.0,0.0,0.0,207.34812914198812,207.34812914198812,0.0009910802775024777,0.0009910802775024777,0.0,0.0009910802775024777,0.0,0,0.0,1,4.163245459378105,4.163245459378105,1.0,0.26
main,v040,LOLO-nes-f2,secondary,LOLO,nested,2,A,MAPPO|wcnc2027_ablation/mappo_seed1/mappo_best.pt,MAPPO,1,R,wcnc2027_ablation 2026-09-14,4,-3750.095067644527,845.0850638445268,2862.0,2.0100038,41.0,201.82026420942148,201.31776325942147,0.10505450941526263,0.0,0.10505450941526263,0.10505450941526263,0.05252725470763132,106,10.085232903865213,106,6983.677244222131,6983.677244222132,1.0,0.26
main,v040,LOLO-nes-f2,secondary,LOLO,nested,2,A,MAPPO|wcnc2027_ablation/mappo_seed1/mappo_best.pt,MAPPO,1,R,wcnc2027_ablation 2026-09-14,5,-1518.7063795092226,424.0728875092227,1080.0,0.758492,13.875,205.58140441882205,205.39178141882206,0.03964321110009911,0.0,0.03964321110009911,0.03964321110009911,0.019821605550049554,40,3.8057482656095147,40,6983.677244222132,6983.677244222132,1.0,0.26
main,v040,LOLO-nes-f2,secondary,LOLO,nested,2,A,MAPPO|wcnc2027_ablation/mappo_seed1/mappo_best.pt,MAPPO,1,R,wcnc2027_ablation 2026-09-14,6,-3695.955629441273,823.0214748412725,2835.0,1.9341546000000003,36.0,201.48630867928,201.00277002927996,0.10406342913776016,0.0,0.10406342913776016,0.10406342913776016,0.053518334985133795,102,9.704658077304263,105,6983.677244222131,6983.677244222132,1.0,0.26
main,v040,LOLO-nes-f2,secondary,LOLO,nested,2,A,MAPPO|wcnc2027_ablation/mappo_seed1/mappo_best.pt,MAPPO,1,R,wcnc2027_ablation 2026-09-14,7,-2946.3959357633503,701.0910271633504,2214.0,1.5549086,29.75,203.77574366266643,203.3870165126664,0.08126858275520317,0.0,0.08126858275520317,0.08126858275520317,0.040634291377601585,82,7.801783944499505,82,6983.677244222133,6983.677244222132,1.0,0.26
main,v040,LOLO-nes-f2,secondary,LOLO,nested,2,A,MAPPO|wcnc2027_ablation/mappo_seed1/mappo_best.pt,MAPPO,1,R,wcnc2027_ablation 2026-09-14,8,-1149.4074721282955,383.8765277282955,756.0,0.5309444000000001,9.0,205.7556738487627,205.6229377487627,0.027750247770069375,0.0,0.027750247770069375,0.027750247770069375,0.013875123885034688,28,2.66402378592666,28,6983.677244222133,6983.677244222132,1.0,0.26
main,v040,LOLO-nes-f2,secondary,LOLO,nested,2,A,MAPPO|wcnc2027_ablation/mappo_seed1/mappo_best.pt,MAPPO,1,R,wcnc2027_ablation 2026-09-14,9,-458.96443054184465,80.96443054184468,378.0,0.0,0.0,207.46463471200627,207.46463471200627,0.013875123885034688,0.013875123885034688,0.0,0.013875123885034688,0.0,0,0.0,14,32.11616248022194,158.24556367822564,1.0,0.26
main,v040,LOLO-nes-f2,secondary,LOLO,nested,2,A,Centralized PPO|wcnc2027_ablation/central_seed1/ppo_multi_site.zip,Centralized PPO,1,R,wcnc2027_ablation 2026-09-14,all,-43847.01342002555,6209.501883825549,37584.0,3.2615362,50.25,2324.584352893815,2323.7689688438145,0.1379583746283449,0.0020812685827552033,0.13647175421209118,0.1379583746283449,0.12794846382556987,170,1.6174430128840438,1392,6910.011853378948,7468.644993958343,1.0,0.66
main,v040,LOLO-nes-f2,secondary,LOLO,nested,2,A,Centralized PPO|wcnc2027_ablation/central_seed1/ppo_multi_site.zip,Centralized PPO,1,R,wcnc2027_ablation 2026-09-14,0,-11444.177151537351,979.5491279373512,10422.0,2.5030236,40.125,203.34840800617312,202.72265210617314,0.38255698711595637,0.0,0.38255698711595637,0.38255698711595637,0.31714568880079286,131,12.46382556987116,386,6983.677244222132,6983.677244222132,1.0,0.66
main,v040,LOLO-nes-f2,secondary,LOLO,nested,2,A,Centralized PPO|wcnc2027_ablation/central_seed1/ppo_multi_site.zip,Centralized PPO,1,R,wcnc2027_ablation 2026-09-14,1,-868.0915634667572,868.0915634667572,0.0,0.0,0.0,206.8419494141882,206.8419494141882,0.0,0.0,0.0,0.0,0.0,0,0.0,0,0.0,0.0,0.0,0.66
main,v040,LOLO-nes-f2,secondary,LOLO,nested,2,A,Centralized PPO|wcnc2027_ablation/central_seed1/ppo_multi_site.zip,Centralized PPO,1,R,wcnc2027_ablation 2026-09-14,2,-285.1260769824414,285.1260769824414,0.0,0.0,0.0,207.06012287456912,207.06012287456912,0.0,0.0,0.0,0.0,0.0,0,0.0,0,0.0,0.0,0.0,0.66
main,v040,LOLO-nes-f2,secondary,LOLO,nested,2,A,Centralized PPO|wcnc2027_ablation/central_seed1/ppo_multi_site.zip,Centralized PPO,1,R,wcnc2027_ablation 2026-09-14,3,-164.82538383489316,137.82538383489316,27.0,0.0,0.0,207.34812914198812,207.34812914198812,0.0009910802775024777,0.0009910802775024777,0.0,0.0009910802775024777,0.0,0,0.0,1,4.163245459378105,4.163245459378105,1.0,0.66
main,v040,LOLO-nes-f2,secondary,LOLO,nested,2,A,Centralized PPO|wcnc2027_ablation/central_seed1/ppo_multi_site.zip,Centralized PPO,1,R,wcnc2027_ablation 2026-09-14,4,-955.2158570730161,955.2158570730161,0.0,0.0,0.0,206.7402966006959,206.7402966006959,0.0,0.0,0.0,0.0,0.0,0,0.0,0,0.0,0.0,0.0,0.66
main,v040,LOLO-nes-f2,secondary,LOLO,nested,2,A,Centralized PPO|wcnc2027_ablation/central_seed1/ppo_multi_site.zip,Centralized PPO,1,R,wcnc2027_ablation 2026-09-14,5,-442.9269920292966,442.9269920292966,0.0,0.0,0.0,206.94560538958177,206.94560538958177,0.0,0.0,0.0,0.0,0.0,0,0.0,0,0.0,0.0,0.0,0.66
main,v040,LOLO-nes-f2,secondary,LOLO,nested,2,A,Centralized PPO|wcnc2027_ablation/central_seed1/ppo_multi_site.zip,Centralized PPO,1,R,wcnc2027_ablation 2026-09-14,6,-1010.1991103367177,955.6611857367177,54.0,0.0379246,0.5,206.80315956046587,206.79367841046587,0.0019821605550049554,0.0,0.0019821605550049554,0.0019821605550049554,0.0009910802775024777,1,0.09514370664023787,2,6983.677244222132,6983.677244222132,1.0,0.66
main,v040,LOLO-nes-f2,secondary,LOLO,nested,2,A,Centralized PPO|wcnc2027_ablation/central_seed1/ppo_multi_site.zip,Centralized PPO,1,R,wcnc2027_ablation 2026-09-14,7,-27815.84674084455,1102.501152844549,26703.0,0.720588,9.625,465.0908757205363,464.9107287205363,0.9801783944499505,0.005946481665014866,0.9801783944499505,0.9801783944499505,0.9613478691774033,38,3.615460852329039,989,6985.455955131572,7468.644993958343,1.0,0.66
main,v040,LOLO-nes-f2,secondary,LOLO,nested,2,A,Centralized PPO|wcnc2027_ablation/central_seed1/ppo_multi_site.zip,Centralized PPO,1,R,wcnc2027_ablation 2026-09-14,8,-401.6401133786817,401.6401133786817,0.0,0.0,0.0,206.94117147360993,206.94117147360993,0.0,0.0,0.0,0.0,0.0,0,0.0,0,0.0,0.0,0.0,0.66
main,v040,LOLO-nes-f2,secondary,LOLO,nested,2,A,Centralized PPO|wcnc2027_ablation/central_seed1/ppo_multi_site.zip,Centralized PPO,1,R,wcnc2027_ablation 2026-09-14,9,-458.96443054184465,80.96443054184468,378.0,0.0,0.0,207.46463471200627,207.46463471200627,0.013875123885034688,0.013875123885034688,0.0,0.013875123885034688,0.0,0,0.0,14,32.11616248022194,158.24556367822564,1.0,0.66
main,v040,LOLO-nes-f2,secondary,LOLO,nested,2,A,Shared-PPO|wcnc2027_ablation/shared_ppo_seed1/mappo_best.pt,Shared-PPO,1,R,wcnc2027_ablation 2026-09-14 (supplementary ablation),all,-27130.191969434218,5580.30307383422,21249.0,14.638895600000001,286.25,2043.8968932607818,2040.237169360782,0.07799801783944499,0.0014866204162537165,0.07651139742319128,0.07799801783944499,0.03825569871159564,772,7.345094152626364,787,6851.146914942398,6983.677244222132,1.0,0.26
main,v040,LOLO-nes-f2,secondary,LOLO,nested,2,A,Shared-PPO|wcnc2027_ablation/shared_ppo_seed1/mappo_best.pt,Shared-PPO,1,R,wcnc2027_ablation 2026-09-14 (supplementary ablation),0,-6849.940952652483,1152.3717942524831,5616.0,3.9441584,77.625,199.26722854028014,198.28118894028012,0.20614469772051536,0.0,0.20614469772051536,0.20614469772051536,0.10307234886025768,208,19.789890981169474,208,6983.677244222131,6983.677244222132,1.0,0.26
main,v040,LOLO-nes-f2,secondary,LOLO,nested,2,A,Shared-PPO|wcnc2027_ablation/shared_ppo_seed1/mappo_best.pt,Shared-PPO,1,R,wcnc2027_ablation 2026-09-14 (supplementary ablation),1,-3415.510443680751,729.9021382807507,2646.0,1.8583053999999999,37.75,202.9727626903097,202.5081863403097,0.09712586719524281,0.0,0.09712586719524281,0.09712586719524281,0.048562933597621406,98,9.32408325074331,98,6983.677244222132,6983.677244222132,1.0,0.26
main,v040,LOLO-nes-f2,secondary,LOLO,nested,2,A,Shared-PPO|wcnc2027_ablation/shared_ppo_seed1/mappo_best.pt,Shared-PPO,1,R,wcnc2027_ablation 2026-09-14 (supplementary ablation),2,-610.2883587464103,282.9358111464103,324.0,0.22754760000000002,3.125,207.00438916571682,206.94750226571682,0.011892963330029732,0.0,0.011892963330029732,0.011892963330029732,0.005946481665014866,12,1.1417244796828543,12,6983.677244222131,6983.677244222132,1.0,0.26
main,v040,LOLO-nes-f2,secondary,LOLO,nested,2,A,Shared-PPO|wcnc2027_ablation/shared_ppo_seed1/mappo_best.pt,Shared-PPO,1,R,wcnc2027_ablation 2026-09-14 (supplementary ablation),3,-219.62913366012822,138.09120906012822,81.0,0.0379246,0.5,207.4073931358439,207.3979119858439,0.002973240832507433,0.0009910802775024777,0.0019821605550049554,0.002973240832507433,0.0009910802775024777,2,0.19028741328047574,3,4657.172577967881,6983.677244222132,1.0,0.26
main,v040,LOLO-nes-f2,secondary,LOLO,nested,2,A,Shared-PPO|wcnc2027_ablation/shared_ppo_seed1/mappo_best.pt,Shared-PPO,1,R,wcnc2027_ablation 2026-09-14 (supplementary ablation),4,-4079.159391748769,845.0468403487691,3186.0,2.2375514,45.875,202.10589905622942,201.5465112062294,0.11694747274529237,0.0,0.11694747274529237,0.11694747274529237,0.05847373637264618,118,11.226957383548068,118,6983.677244222131,6983.677244222132,1.0,0.26
main,v040,LOLO-nes-f2,secondary,LOLO,nested,2,A,Shared-PPO|wcnc2027_ablation/shared_ppo_seed1/mappo_best.pt,Shared-PPO,1,R,wcnc2027_ablation 2026-09-14 (supplementary ablation),5,-1956.6359418271236,423.44905302712357,1512.0,1.0618888000000002,20.125,205.89149902664042,205.62602682664044,0.05550049554013875,0.0,0.05550049554013875,0.05550049554013875,0.027750247770069375,56,5.32804757185332,56,6983.677244222133,6983.677244222132,1.0,0.26
main,v040,LOLO-nes-f2,secondary,LOLO,nested,2,A,Shared-PPO|wcnc2027_ablation/shared_ppo_seed1/mappo_best.pt,Shared-PPO,1,R,wcnc2027_ablation 2026-09-14 (supplementary ablation),6,-4401.580027984984,842.4899289849839,3510.0,2.4650990000000004,46.625,202.094821332365,201.47854658236497,0.1288404360753221,0.0,0.1288404360753221,0.1288404360753221,0.06442021803766106,130,12.368681863230922,130,6983.677244222133,6983.677244222132,1.0,0.26
main,v040,LOLO-nes-f2,secondary,LOLO,nested,2,A,Shared-PPO|wcnc2027_ablation/shared_ppo_seed1/mappo_best.pt,Shared-PPO,1,R,wcnc2027_ablation 2026-09-14 (supplementary ablation),7,-3769.605689128375,700.7319115283751,3024.0,2.1237776,42.75,203.81173848638025,203.28079408638024,0.1110009910802775,0.0,0.1110009910802775,0.1110009910802775,0.05550049554013875,112,10.65609514370664,112,6983.677244222131,6983.677244222132,1.0,0.26
main,v040,LOLO-nes-f2,secondary,LOLO,nested,2,A,Shared-PPO|wcnc2027_ablation/shared_ppo_seed1/mappo_best.pt,Shared-PPO,1,R,wcnc2027_ablation 2026-09-14 (supplementary ablation),8,-1368.8775994633513,384.31995666335126,972.0,0.6826428,11.875,205.87652711500994,205.70586641500995,0.035678889990089196,0.0,0.035678889990089196,0.035678889990089196,0.017839444995044598,36,3.4251734390485633,36,6983.677244222133,6983.677244222132,1.0,0.26
main,v040,LOLO-nes-f2,secondary,LOLO,nested,2,A,Shared-PPO|wcnc2027_ablation/shared_ppo_seed1/mappo_best.pt,Shared-PPO,1,R,wcnc2027_ablation 2026-09-14 (supplementary ablation),9,-458.96443054184465,80.96443054184468,378.0,0.0,0.0,207.46463471200627,207.46463471200627,0.013875123885034688,0.013875123885034688,0.0,0.013875123885034688,0.0,0,0.0,14,32.11616248022194,158.24556367822564,1.0,0.26
main,v040,LOLO-nes-f2,secondary,LOLO,nested,2,A,MAPPO|wcnc2027_ablation/mappo_seed7/mappo_best.pt,MAPPO,7,R,wcnc2027_ablation 2026-09-14,all,-24062.64687159058,5580.631753590581,18225.0,12.515118000000001,244.5,2042.9007691424458,2039.771989642446,0.06689791873141725,0.0014866204162537165,0.06541129831516353,0.06689791873141725,0.03270564915758176,660,6.279484638255699,675,6829.156697343392,6983.677244222132,1.0,0.26
main,v040,LOLO-nes-f2,secondary,LOLO,nested,2,A,MAPPO|wcnc2027_ablation/mappo_seed7/mappo_best.pt,MAPPO,7,R,wcnc2027_ablation 2026-09-14,0,-5873.827975919166,1161.5664603191667,4644.0,3.2615156,65.0,199.46741648930634,198.65203758930636,0.17046580773042616,0.0,0.17046580773042616,0.17046580773042616,0.08523290386521308,172,16.364717542120914,172,6983.677244222133,6983.677244222132,1.0,0.26
main,v040,LOLO-nes-f2,secondary,LOLO,nested,2,A,MAPPO|wcnc2027_ablation/mappo_seed7/mappo_best.pt,MAPPO,7,R,wcnc2027_ablation 2026-09-14,1,-3127.4082281829315,717.1145457829316,2376.0,1.6686824,32.625,202.86824026311268,202.45106966311266,0.08721506442021804,0.0,0.08721506442021804,0.08721506442021804,0.04360753221010902,88,8.372646184340931,88,6983.677244222132,6983.677244222132,1.0,0.26
main,v040,LOLO-nes-f2,secondary,LOLO,nested,2,A,MAPPO|wcnc2027_ablation/mappo_seed7/mappo_best.pt,MAPPO,7,R,wcnc2027_ablation 2026-09-14,2,-499.9247486812252,281.77305028122515,216.0,0.1516984,2.0,206.8428355635954,206.8049109635954,0.007928642220019821,0.0,0.007928642220019821,0.007928642220019821,0.003964321110009911,8,0.761149653121903,8,6983.677244222132,6983.677244222132,1.0,0.26
main,v040,LOLO-nes-f2,secondary,LOLO,nested,2,A,MAPPO|wcnc2027_ablation/mappo_seed7/mappo_best.pt,MAPPO,7,R,wcnc2027_ablation 2026-09-14,3,-164.82538383489316,137.82538383489316,27.0,0.0,0.0,207.34812914198812,207.34812914198812,0.0009910802775024777,0.0009910802775024777,0.0,0.0009910802775024777,0.0,0,0.0,1,4.163245459378105,4.163245459378105,1.0,0.26
main,v040,LOLO-nes-f2,secondary,LOLO,nested,2,A,MAPPO|wcnc2027_ablation/mappo_seed7/mappo_best.pt,MAPPO,7,R,wcnc2027_ablation 2026-09-14,4,-3912.9207925196743,843.5470149196742,3024.0,2.1237776,43.25,201.7408401587142,201.2098957587142,0.1110009910802775,0.0,0.1110009910802775,0.1110009910802775,0.05550049554013875,112,10.65609514370664,112,6983.677244222131,6983.677244222132,1.0,0.26
main,v040,LOLO-nes-f2,secondary,LOLO,nested,2,A,MAPPO|wcnc2027_ablation/mappo_seed7/mappo_best.pt,MAPPO,7,R,wcnc2027_ablation 2026-09-14,5,-1684.723613337152,425.35134753715226,1242.0,0.8722658000000001,16.5,205.61931519261194,205.40124874261193,0.04558969276511397,0.0,0.04558969276511397,0.04558969276511397,0.022794846382556987,46,4.376610505450942,46,6983.677244222134,6983.677244222132,1.0,0.26
main,v040,LOLO-nes-f2,secondary,LOLO,nested,2,A,MAPPO|wcnc2027_ablation/mappo_seed7/mappo_best.pt,MAPPO,7,R,wcnc2027_ablation 2026-09-14,6,-3966.937619069753,845.4009168697528,3078.0,2.1617022,41.375,201.89337990720486,201.35295435720485,0.11298315163528246,0.0,0.11298315163528246,0.11298315163528246,0.05649157581764123,114,10.846382556987116,114,6983.677244222131,6983.677244222132,1.0,0.26
main,v040,LOLO-nes-f2,secondary,LOLO,nested,2,A,MAPPO|wcnc2027_ablation/mappo_seed7/mappo_best.pt,MAPPO,7,R,wcnc2027_ablation 2026-09-14,7,-3112.21705161007,701.42336921007,2376.0,1.6686824,33.125,203.75813688522652,203.3409662852265,0.08721506442021804,0.0,0.08721506442021804,0.08721506442021804,0.04360753221010902,88,8.372646184340931,88,6983.677244222132,6983.677244222132,1.0,0.26
main,v040,LOLO-nes-f2,secondary,LOLO,nested,2,A,MAPPO|wcnc2027_ablation/mappo_seed7/mappo_best.pt,MAPPO,7,R,wcnc2027_ablation 2026-09-14,8,-1260.8970278938702,385.66523429387024,864.0,0.6067936,10.625,205.89784082867956,205.74614242867958,0.031714568880079286,0.0,0.031714568880079286,0.031714568880079286,0.015857284440039643,32,3.044598612487612,32,6983.677244222132,6983.677244222132,1.0,0.26
main,v040,LOLO-nes-f2,secondary,LOLO,nested,2,A,MAPPO|wcnc2027_ablation/mappo_seed7/mappo_best.pt,MAPPO,7,R,wcnc2027_ablation 2026-09-14,9,-458.96443054184465,80.96443054184468,378.0,0.0,0.0,207.46463471200627,207.46463471200627,0.013875123885034688,0.013875123885034688,0.0,0.013875123885034688,0.0,0,0.0,14,32.11616248022194,158.24556367822564,1.0,0.26
main,v040,LOLO-nes-f2,secondary,LOLO,nested,2,A,Centralized PPO|wcnc2027_ablation/central_seed7/ppo_multi_site.zip,Centralized PPO,7,R,wcnc2027_ablation 2026-09-14,all,-33639.38644748001,6097.272653080014,27540.0,0.11379440000000002,2.0,2173.5651281524333,2173.5366795524333,0.10109018830525272,0.0016848364717542122,0.099603567888999,0.10109018830525272,0.09930624380574826,7,0.0666005946481665,1020,6881.777912384226,7165.702578465347,1.0,0.65
main,v040,LOLO-nes-f2,secondary,LOLO,nested,2,A,Centralized PPO|wcnc2027_ablation/central_seed7/ppo_multi_site.zip,Centralized PPO,7,R,wcnc2027_ablation 2026-09-14,0,-28349.996850294745,1212.8830558947425,27135.0,0.11379439999999999,2.0,310.7607063637956,310.7322577637956,0.9960356788899901,0.0019821605550049554,0.9960356788899901,0.9960356788899901,0.9930624380574826,7,0.666005946481665,1005,6984.039483693261,7165.702578465347,1.0,0.65
main,v040,LOLO-nes-f2,secondary,LOLO,nested,2,A,Centralized PPO|wcnc2027_ablation/central_seed7/ppo_multi_site.zip,Centralized PPO,7,R,wcnc2027_ablation 2026-09-14,1,-868.0915634667572,868.0915634667572,0.0,0.0,0.0,206.8419494141882,206.8419494141882,0.0,0.0,0.0,0.0,0.0,0,0.0,0,0.0,0.0,0.0,0.65
main,v040,LOLO-nes-f2,secondary,LOLO,nested,2,A,Centralized PPO|wcnc2027_ablation/central_seed7/ppo_multi_site.zip,Centralized PPO,7,R,wcnc2027_ablation 2026-09-14,2,-285.1260769824414,285.1260769824414,0.0,0.0,0.0,207.06012287456912,207.06012287456912,0.0,0.0,0.0,0.0,0.0,0,0.0,0,0.0,0.0,0.0,0.65
main,v040,LOLO-nes-f2,secondary,LOLO,nested,2,A,Centralized PPO|wcnc2027_ablation/central_seed7/ppo_multi_site.zip,Centralized PPO,7,R,wcnc2027_ablation 2026-09-14,3,-164.82538383489316,137.82538383489316,27.0,0.0,0.0,207.34812914198812,207.34812914198812,0.0009910802775024777,0.0009910802775024777,0.0,0.0009910802775024777,0.0,0,0.0,1,4.163245459378105,4.163245459378105,1.0,0.65
main,v040,LOLO-nes-f2,secondary,LOLO,nested,2,A,Centralized PPO|wcnc2027_ablation/central_seed7/ppo_multi_site.zip,Centralized PPO,7,R,wcnc2027_ablation 2026-09-14,4,-955.2158570730161,955.2158570730161,0.0,0.0,0.0,206.7402966006959,206.7402966006959,0.0,0.0,0.0,0.0,0.0,0,0.0,0,0.0,0.0,0.0,0.65
main,v040,LOLO-nes-f2,secondary,LOLO,nested,2,A,Centralized PPO|wcnc2027_ablation/central_seed7/ppo_multi_site.zip,Centralized PPO,7,R,wcnc2027_ablation 2026-09-14,5,-442.9269920292966,442.9269920292966,0.0,0.0,0.0,206.94560538958177,206.94560538958177,0.0,0.0,0.0,0.0,0.0,0,0.0,0,0.0,0.0,0.0,0.65
main,v040,LOLO-nes-f2,secondary,LOLO,nested,2,A,Centralized PPO|wcnc2027_ablation/central_seed7/ppo_multi_site.zip,Centralized PPO,7,R,wcnc2027_ablation 2026-09-14,6,-955.4339728394466,955.4339728394466,0.0,0.0,0.0,206.73204604069127,206.73204604069127,0.0,0.0,0.0,0.0,0.0,0,0.0,0,0.0,0.0,0.0,0.65
main,v040,LOLO-nes-f2,secondary,LOLO,nested,2,A,Centralized PPO|wcnc2027_ablation/central_seed7/ppo_multi_site.zip,Centralized PPO,7,R,wcnc2027_ablation 2026-09-14,7,-757.1652070388939,757.1652070388939,0.0,0.0,0.0,206.7304661413072,206.7304661413072,0.0,0.0,0.0,0.0,0.0,0,0.0,0,0.0,0.0,0.0,0.65
main,v040,LOLO-nes-f2,secondary,LOLO,nested,2,A,Centralized PPO|wcnc2027_ablation/central_seed7/ppo_multi_site.zip,Centralized PPO,7,R,wcnc2027_ablation 2026-09-14,8,-401.6401133786817,401.6401133786817,0.0,0.0,0.0,206.94117147360993,206.94117147360993,0.0,0.0,0.0,0.0,0.0,0,0.0,0,0.0,0.0,0.0,0.65
main,v040,LOLO-nes-f2,secondary,LOLO,nested,2,A,Centralized PPO|wcnc2027_ablation/central_seed7/ppo_multi_site.zip,Centralized PPO,7,R,wcnc2027_ablation 2026-09-14,9,-458.96443054184465,80.96443054184468,378.0,0.0,0.0,207.46463471200627,207.46463471200627,0.013875123885034688,0.013875123885034688,0.0,0.013875123885034688,0.0,0,0.0,14,32.11616248022194,158.24556367822564,1.0,0.65
main,v040,LOLO-nes-f2,secondary,LOLO,nested,2,A,Shared-PPO|wcnc2027_ablation/shared_ppo_seed7/mappo_best.pt,Shared-PPO,7,R,wcnc2027_ablation 2026-09-14 (supplementary ablation),all,-23210.64274950164,5552.196500501641,17415.0,11.946249,231.5,2042.8479761328394,2039.8614138828395,0.0639246778989098,0.0014866204162537165,0.062438057482656094,0.0639246778989098,0.031219028741328047,630,5.994053518334986,645,6821.969695162987,6983.677244222132,1.0,0.26
main,v040,LOLO-nes-f2,secondary,LOLO,nested,2,A,Shared-PPO|wcnc2027_ablation/shared_ppo_seed7/mappo_best.pt,Shared-PPO,7,R,wcnc2027_ablation 2026-09-14 (supplementary ablation),0,-5757.121753883715,1154.4360874837157,4536.0,3.1856664,63.5,199.30413559883974,198.50771899883975,0.16650148662041625,0.0,0.16650148662041625,0.16650148662041625,0.08325074331020813,168,15.984142715559962,168,6983.677244222133,6983.677244222132,1.0,0.26
main,v040,LOLO-nes-f2,secondary,LOLO,nested,2,A,Shared-PPO|wcnc2027_ablation/shared_ppo_seed7/mappo_best.pt,Shared-PPO,7,R,wcnc2027_ablation 2026-09-14 (supplementary ablation),1,-3000.4996166919227,699.7817834919226,2268.0,1.5928332,31.125,203.1583829088231,202.76017460882312,0.08325074331020813,0.0,0.08325074331020813,0.08325074331020813,0.04162537165510406,84,7.992071357779981,84,6983.677244222133,6983.677244222132,1.0,0.26
main,v040,LOLO-nes-f2,secondary,LOLO,nested,2,A,Shared-PPO|wcnc2027_ablation/shared_ppo_seed7/mappo_best.pt,Shared-PPO,7,R,wcnc2027_ablation 2026-09-14 (supplementary ablation),2,-499.91537623242124,281.76367783242125,216.0,0.1516984,2.0,206.81348704031402,206.77556244031402,0.007928642220019821,0.0,0.007928642220019821,0.007928642220019821,0.003964321110009911,8,0.761149653121903,8,6983.677244222132,6983.677244222132,1.0,0.26
main,v040,LOLO-nes-f2,secondary,LOLO,nested,2,A,Shared-PPO|wcnc2027_ablation/shared_ppo_seed7/mappo_best.pt,Shared-PPO,7,R,wcnc2027_ablation 2026-09-14 (supplementary ablation),3,-164.82538383489316,137.82538383489316,27.0,0.0,0.0,207.34812914198812,207.34812914198812,0.0009910802775024777,0.0009910802775024777,0.0,0.0009910802775024777,0.0,0,0.0,1,4.163245459378105,4.163245459378105,1.0,0.26
main,v040,LOLO-nes-f2,secondary,LOLO,nested,2,A,Shared-PPO|wcnc2027_ablation/shared_ppo_seed7/mappo_best.pt,Shared-PPO,7,R,wcnc2027_ablation 2026-09-14 (supplementary ablation),4,-3800.6365496878925,841.0886212878925,2916.0,2.0479284,41.5,201.87269170866927,201.36070960866925,0.10703666997026759,0.0,0.10703666997026759,0.10703666997026759,0.053518334985133795,108,10.27552031714569,108,6983.677244222131,6983.677244222132,1.0,0.26
main,v040,LOLO-nes-f2,secondary,LOLO,nested,2,A,Shared-PPO|wcnc2027_ablation/shared_ppo_seed7/mappo_best.pt,Shared-PPO,7,R,wcnc2027_ablation 2026-09-14 (supplementary ablation),5,-1625.5038798580156,421.16953865801554,1188.0,0.8343412000000001,15.5,205.4549639742968,205.2463786742968,0.04360753221010902,0.0,0.04360753221010902,0.04360753221010902,0.02180376610505451,44,4.186323092170466,44,6983.677244222133,6983.677244222132,1.0,0.26
main,v040,LOLO-nes-f2,secondary,LOLO,nested,2,A,Shared-PPO|wcnc2027_ablation/shared_ppo_seed7/mappo_best.pt,Shared-PPO,7,R,wcnc2027_ablation 2026-09-14 (supplementary ablation),6,-3632.0812624469518,840.1471078469518,2754.0,1.9341546,36.0,201.94908383720997,201.46554518720993,0.10109018830525272,0.0,0.10109018830525272,0.10109018830525272,0.05054509415262636,102,9.704658077304263,102,6983.677244222132,6983.677244222132,1.0,0.26
main,v040,LOLO-nes-f2,secondary,LOLO,nested,2,A,Shared-PPO|wcnc2027_ablation/shared_ppo_seed7/mappo_best.pt,Shared-PPO,7,R,wcnc2027_ablation 2026-09-14 (supplementary ablation),7,-3067.3600599383685,711.6043021383686,2322.0,1.6307578,32.125,203.74900925189476,203.34131980189477,0.08523290386521308,0.0,0.08523290386521308,0.08523290386521308,0.04261645193260654,86,8.182358771060457,86,6983.677244222133,6983.677244222132,1.0,0.26
main,v040,LOLO-nes-f2,secondary,LOLO,nested,2,A,Shared-PPO|wcnc2027_ablation/shared_ppo_seed7/mappo_best.pt,Shared-PPO,7,R,wcnc2027_ablation 2026-09-14 (supplementary ablation),8,-1203.7344363856155,383.4155673856153,810.0,0.5688690000000001,9.75,205.73345795879743,205.59124070879744,0.02973240832507433,0.0,0.02973240832507433,0.02973240832507433,0.014866204162537165,30,2.8543111992071357,30,6983.677244222133,6983.677244222132,1.0,0.26
main,v040,LOLO-nes-f2,secondary,LOLO,nested,2,A,Shared-PPO|wcnc2027_ablation/shared_ppo_seed7/mappo_best.pt,Shared-PPO,7,R,wcnc2027_ablation 2026-09-14 (supplementary ablation),9,-458.96443054184465,80.96443054184468,378.0,0.0,0.0,207.46463471200627,207.46463471200627,0.013875123885034688,0.013875123885034688,0.0,0.013875123885034688,0.0,0,0.0,14,32.11616248022194,158.24556367822564,1.0,0.26
main,v040,LOLO-nes-f2,secondary,LOLO,nested,2,A,MAPPO|wcnc2027_ablation/mappo_seed13/mappo_best.pt,MAPPO,13,R,wcnc2027_ablation 2026-09-14,all,-23009.89709662411,5566.852546024108,17199.0,11.794550599999999,232.25,2043.3654419259217,2040.4168042759218,0.06313181367690783,0.0014866204162537165,0.06164519326065411,0.06313181367690783,0.030822596630327055,622,5.917938553022795,637,6819.938831124566,6983.677244222132,1.0,0.26
main,v040,LOLO-nes-f2,secondary,LOLO,nested,2,A,MAPPO|wcnc2027_ablation/mappo_seed13/mappo_best.pt,MAPPO,13,R,wcnc2027_ablation 2026-09-14,0,-5600.299615537682,1161.3527229376818,4374.0,3.0718926,61.875,199.69334661163802,198.925373461638,0.1605550049554014,0.0,0.1605550049554014,0.1605550049554014,0.0802775024777007,162,15.413280475718533,162,6983.677244222133,6983.677244222132,1.0,0.26
main,v040,LOLO-nes-f2,secondary,LOLO,nested,2,A,MAPPO|wcnc2027_ablation/mappo_seed13/mappo_best.pt,MAPPO,13,R,wcnc2027_ablation 2026-09-14,1,-3051.781221746747,695.9004639467472,2322.0,1.6307578,32.25,202.99837788965115,202.59068843965113,0.08523290386521308,0.0,0.08523290386521308,0.08523290386521308,0.04261645193260654,86,8.182358771060457,86,6983.677244222133,6983.677244222132,1.0,0.26
main,v040,LOLO-nes-f2,secondary,LOLO,nested,2,A,MAPPO|wcnc2027_ablation/mappo_seed13/mappo_best.pt,MAPPO,13,R,wcnc2027_ablation 2026-09-14,2,-445.41304195661854,281.7992681566185,162.0,0.11377380000000001,1.5,206.8374091291505,206.8089656791505,0.005946481665014866,0.0,0.005946481665014866,0.005946481665014866,0.002973240832507433,6,0.5708622398414271,6,6983.677244222133,6983.677244222132,1.0,0.26
main,v040,LOLO-nes-f2,secondary,LOLO,nested,2,A,MAPPO|wcnc2027_ablation/mappo_seed13/mappo_best.pt,MAPPO,13,R,wcnc2027_ablation 2026-09-14,3,-164.82538383489316,137.82538383489316,27.0,0.0,0.0,207.34812914198812,207.34812914198812,0.0009910802775024777,0.0009910802775024777,0.0,0.0009910802775024777,0.0,0,0.0,1,4.163245459378105,4.163245459378105,1.0,0.26
main,v040,LOLO-nes-f2,secondary,LOLO,nested,2,A,MAPPO|wcnc2027_ablation/mappo_seed13/mappo_best.pt,MAPPO,13,R,wcnc2027_ablation 2026-09-14,4,-3859.3916399343143,844.6807869343147,2970.0,2.085853,42.625,201.78711022578767,201.26564697578766,0.10901883052527254,0.0,0.10901883052527254,0.10901883052527254,0.05450941526263627,110,10.465807730426166,110,6983.677244222132,6983.677244222132,1.0,0.26
main,v040,LOLO-nes-f2,secondary,LOLO,nested,2,A,MAPPO|wcnc2027_ablation/mappo_seed13/mappo_best.pt,MAPPO,13,R,wcnc2027_ablation 2026-09-14,5,-1572.2341265277034,422.93770992770345,1134.0,0.7964166,14.5,205.5248728844361,205.3257687344361,0.04162537165510406,0.0,0.04162537165510406,0.04162537165510406,0.02081268582755203,42,3.9960356788899905,42,6983.677244222133,6983.677244222132,1.0,0.26
main,v040,LOLO-nes-f2,secondary,LOLO,nested,2,A,MAPPO|wcnc2027_ablation/mappo_seed13/mappo_best.pt,MAPPO,13,R,wcnc2027_ablation 2026-09-14,6,-3747.957668870955,845.5726650709548,2862.0,2.0100038,38.375,202.15096502117865,201.64846407117864,0.10505450941526263,0.0,0.10505450941526263,0.10505450941526263,0.05252725470763132,106,10.085232903865213,106,6983.677244222131,6983.677244222132,1.0,0.26
main,v040,LOLO-nes-f2,secondary,LOLO,nested,2,A,MAPPO|wcnc2027_ablation/mappo_seed13/mappo_best.pt,MAPPO,13,R,wcnc2027_ablation 2026-09-14,7,-2958.8715454827143,711.691636882714,2214.0,1.5549086,31.625,203.76928491902007,203.38055776902007,0.08126858275520317,0.0,0.08126858275520317,0.08126858275520317,0.040634291377601585,82,7.801783944499505,82,6983.677244222133,6983.677244222132,1.0,0.26
main,v040,LOLO-nes-f2,secondary,LOLO,nested,2,A,MAPPO|wcnc2027_ablation/mappo_seed13/mappo_best.pt,MAPPO,13,R,wcnc2027_ablation 2026-09-14,8,-1150.1584221906355,384.12747779063534,756.0,0.5309444000000001,9.5,205.79131139106505,205.65857529106506,0.027750247770069375,0.0,0.027750247770069375,0.027750247770069375,0.013875123885034688,28,2.66402378592666,28,6983.677244222133,6983.677244222132,1.0,0.26
main,v040,LOLO-nes-f2,secondary,LOLO,nested,2,A,MAPPO|wcnc2027_ablation/mappo_seed13/mappo_best.pt,MAPPO,13,R,wcnc2027_ablation 2026-09-14,9,-458.96443054184465,80.96443054184468,378.0,0.0,0.0,207.46463471200627,207.46463471200627,0.013875123885034688,0.013875123885034688,0.0,0.013875123885034688,0.0,0,0.0,14,32.11616248022194,158.24556367822564,1.0,0.26
main,v040,LOLO-nes-f2,secondary,LOLO,nested,2,A,Centralized PPO|wcnc2027_ablation/central_seed13/ppo_multi_site.zip,Centralized PPO,13,R,wcnc2027_ablation 2026-09-14,all,-33282.36913043441,6032.915237034408,27216.0,2.5788934,30.875,2157.127008351141,2156.4822850011406,0.09990089197224976,0.0016848364717542122,0.09841427155599604,0.09990089197224976,0.09167492566897918,136,1.293954410307235,1008,6880.56482510044,7165.702578465347,1.0,0.66
main,v040,LOLO-nes-f2,secondary,LOLO,nested,2,A,Centralized PPO|wcnc2027_ablation/central_seed13/ppo_multi_site.zip,Centralized PPO,13,R,wcnc2027_ablation 2026-09-14,0,-26715.013940755074,1169.6022179550712,25515.0,2.1617228,28.25,293.1109370881768,292.57050638817674,0.9365708622398414,0.0019821605550049554,0.9365708622398414,0.9365708622398414,0.8800792864222002,114,10.846382556987116,945,6984.062483024762,7165.702578465347,1.0,0.66
main,v040,LOLO-nes-f2,secondary,LOLO,nested,2,A,Centralized PPO|wcnc2027_ablation/central_seed13/ppo_multi_site.zip,Centralized PPO,13,R,wcnc2027_ablation 2026-09-14,1,-868.0915634667572,868.0915634667572,0.0,0.0,0.0,206.8419494141882,206.8419494141882,0.0,0.0,0.0,0.0,0.0,0,0.0,0,0.0,0.0,0.0,0.66
main,v040,LOLO-nes-f2,secondary,LOLO,nested,2,A,Centralized PPO|wcnc2027_ablation/central_seed13/ppo_multi_site.zip,Centralized PPO,13,R,wcnc2027_ablation 2026-09-14,2,-285.1260769824414,285.1260769824414,0.0,0.0,0.0,207.06012287456912,207.06012287456912,0.0,0.0,0.0,0.0,0.0,0,0.0,0,0.0,0.0,0.0,0.66
main,v040,LOLO-nes-f2,secondary,LOLO,nested,2,A,Centralized PPO|wcnc2027_ablation/central_seed13/ppo_multi_site.zip,Centralized PPO,13,R,wcnc2027_ablation 2026-09-14,3,-164.82538383489316,137.82538383489316,27.0,0.0,0.0,207.34812914198812,207.34812914198812,0.0009910802775024777,0.0009910802775024777,0.0,0.0009910802775024777,0.0,0,0.0,1,4.163245459378105,4.163245459378105,1.0,0.66
main,v040,LOLO-nes-f2,secondary,LOLO,nested,2,A,Centralized PPO|wcnc2027_ablation/central_seed13/ppo_multi_site.zip,Centralized PPO,13,R,wcnc2027_ablation 2026-09-14,4,-955.2158570730161,955.2158570730161,0.0,0.0,0.0,206.7402966006959,206.7402966006959,0.0,0.0,0.0,0.0,0.0,0,0.0,0,0.0,0.0,0.0,0.66
main,v040,LOLO-nes-f2,secondary,LOLO,nested,2,A,Centralized PPO|wcnc2027_ablation/central_seed13/ppo_multi_site.zip,Centralized PPO,13,R,wcnc2027_ablation 2026-09-14,5,-442.9269920292966,442.9269920292966,0.0,0.0,0.0,206.94560538958177,206.94560538958177,0.0,0.0,0.0,0.0,0.0,0,0.0,0,0.0,0.0,0.0,0.66
main,v040,LOLO-nes-f2,secondary,LOLO,nested,2,A,Centralized PPO|wcnc2027_ablation/central_seed13/ppo_multi_site.zip,Centralized PPO,13,R,wcnc2027_ablation 2026-09-14,6,-955.4339728394466,955.4339728394466,0.0,0.0,0.0,206.73204604069127,206.73204604069127,0.0,0.0,0.0,0.0,0.0,0,0.0,0,0.0,0.0,0.0,0.66
main,v040,LOLO-nes-f2,secondary,LOLO,nested,2,A,Centralized PPO|wcnc2027_ablation/central_seed13/ppo_multi_site.zip,Centralized PPO,13,R,wcnc2027_ablation 2026-09-14,7,-2035.1307995329596,736.0886289329596,1296.0,0.4171706,2.625,207.94211561563327,207.83782296563325,0.04757185332011893,0.0,0.04757185332011893,0.04757185332011893,0.036669970267591674,22,2.093161546085233,48,6983.677244222133,6983.677244222132,1.0,0.66
main,v040,LOLO-nes-f2,secondary,LOLO,nested,2,A,Centralized PPO|wcnc2027_ablation/central_seed13/ppo_multi_site.zip,Centralized PPO,13,R,wcnc2027_ablation 2026-09-14,8,-401.6401133786817,401.6401133786817,0.0,0.0,0.0,206.94117147360993,206.94117147360993,0.0,0.0,0.0,0.0,0.0,0,0.0,0,0.0,0.0,0.0,0.66
main,v040,LOLO-nes-f2,secondary,LOLO,nested,2,A,Centralized PPO|wcnc2027_ablation/central_seed13/ppo_multi_site.zip,Centralized PPO,13,R,wcnc2027_ablation 2026-09-14,9,-458.96443054184465,80.96443054184468,378.0,0.0,0.0,207.46463471200627,207.46463471200627,0.013875123885034688,0.013875123885034688,0.0,0.013875123885034688,0.0,0,0.0,14,32.11616248022194,158.24556367822564,1.0,0.66
main,v040,LOLO-nes-f2,secondary,LOLO,nested,2,A,Shared-PPO|wcnc2027_ablation/shared_ppo_seed13/mappo_best.pt,Shared-PPO,13,R,wcnc2027_ablation 2026-09-14 (supplementary ablation),all,-19134.366339196895,5584.139435196896,13365.0,9.101904,176.125,2046.413115245028,2044.137639245028,0.04905847373637265,0.0014866204162537165,0.04757185332011893,0.04905847373637265,0.023785926660059464,480,4.566897918731417,495,6772.967407569305,6983.677244222132,1.0,0.26
main,v040,LOLO-nes-f2,secondary,LOLO,nested,2,A,Shared-PPO|wcnc2027_ablation/shared_ppo_seed13/mappo_best.pt,Shared-PPO,13,R,wcnc2027_ablation 2026-09-14 (supplementary ablation),0,-4583.724140973944,1185.8728157739436,3348.0,2.3513252000000002,47.5,200.60728186184184,200.01945056184184,0.12289395441030723,0.0,0.12289395441030723,0.12289395441030723,0.061446977205153616,124,11.797819623389495,124,6983.677244222131,6983.677244222132,1.0,0.26
main,v040,LOLO-nes-f2,secondary,LOLO,nested,2,A,Shared-PPO|wcnc2027_ablation/shared_ppo_seed13/mappo_best.pt,Shared-PPO,13,R,wcnc2027_ablation 2026-09-14 (supplementary ablation),1,-2558.1573499160736,696.6179135160734,1836.0,1.2894364,24.25,203.38404578415816,203.0616866841582,0.06739345887016848,0.0,0.06739345887016848,0.06739345887016848,0.03369672943508424,68,6.469772051536175,68,6983.677244222134,6983.677244222132,1.0,0.26
main,v040,LOLO-nes-f2,secondary,LOLO,nested,2,A,Shared-PPO|wcnc2027_ablation/shared_ppo_seed13/mappo_best.pt,Shared-PPO,13,R,wcnc2027_ablation 2026-09-14 (supplementary ablation),2,-391.63927628830595,282.56342708830596,108.0,0.0758492,1.0,206.89671391948755,206.87775161948755,0.003964321110009911,0.0,0.003964321110009911,0.003964321110009911,0.0019821605550049554,4,0.3805748265609515,4,6983.677244222132,6983.677244222132,1.0,0.26
main,v040,LOLO-nes-f2,secondary,LOLO,nested,2,A,Shared-PPO|wcnc2027_ablation/shared_ppo_seed13/mappo_best.pt,Shared-PPO,13,R,wcnc2027_ablation 2026-09-14 (supplementary ablation),3,-164.82538383489316,137.82538383489316,27.0,0.0,0.0,207.34812914198812,207.34812914198812,0.0009910802775024777,0.0009910802775024777,0.0,0.0009910802775024777,0.0,0,0.0,1,4.163245459378105,4.163245459378105,1.0,0.26
main,v040,LOLO-nes-f2,secondary,LOLO,nested,2,A,Shared-PPO|wcnc2027_ablation/shared_ppo_seed13/mappo_best.pt,Shared-PPO,13,R,wcnc2027_ablation 2026-09-14 (supplementary ablation),4,-3466.44370399086,835.74832319086,2592.0,1.8203808000000001,36.875,201.89552843880585,201.44043323880584,0.09514370664023786,0.0,0.09514370664023786,0.09514370664023786,0.04757185332011893,96,9.133795837462834,96,6983.677244222131,6983.677244222132,1.0,0.26
main,v040,LOLO-nes-f2,secondary,LOLO,nested,2,A,Shared-PPO|wcnc2027_ablation/shared_ppo_seed13/mappo_best.pt,Shared-PPO,13,R,wcnc2027_ablation 2026-09-14 (supplementary ablation),5,-1136.640440069984,425.14742026998385,702.0,0.49301980000000006,9.0,205.84205147916302,205.71879652916303,0.02576808721506442,0.0,0.02576808721506442,0.02576808721506442,0.01288404360753221,26,2.4737363726461843,26,6983.677244222132,6983.677244222132,1.0,0.26
main,v040,LOLO-nes-f2,secondary,LOLO,nested,2,A,Shared-PPO|wcnc2027_ablation/shared_ppo_seed13/mappo_best.pt,Shared-PPO,13,R,wcnc2027_ablation 2026-09-14 (supplementary ablation),6,-3200.5260190709087,845.645261270909,2322.0,1.6307578,31.25,202.66880408947856,202.26111463947854,0.08523290386521308,0.0,0.08523290386521308,0.08523290386521308,0.04261645193260654,86,8.182358771060457,86,6983.677244222133,6983.677244222132,1.0,0.26
main,v040,LOLO-nes-f2,secondary,LOLO,nested,2,A,Shared-PPO|wcnc2027_ablation/shared_ppo_seed13/mappo_best.pt,Shared-PPO,13,R,wcnc2027_ablation 2026-09-14 (supplementary ablation),7,-2400.021232694183,702.5955700941827,1674.0,1.1756626,22.25,204.0103011772153,203.71638552721532,0.061446977205153616,0.0,0.061446977205153616,0.061446977205153616,0.030723488602576808,62,5.898909811694748,62,6983.677244222134,6983.677244222132,1.0,0.26
main,v040,LOLO-nes-f2,secondary,LOLO,nested,2,A,Shared-PPO|wcnc2027_ablation/shared_ppo_seed13/mappo_best.pt,Shared-PPO,13,R,wcnc2027_ablation 2026-09-14 (supplementary ablation),8,-773.4243618158994,391.1588896158994,378.0,0.26547220000000005,4.0,206.2956246408831,206.2292565908831,0.013875123885034688,0.0,0.013875123885034688,0.013875123885034688,0.006937561942517344,14,1.33201189296333,14,6983.677244222131,6983.677244222132,1.0,0.26
main,v040,LOLO-nes-f2,secondary,LOLO,nested,2,A,Shared-PPO|wcnc2027_ablation/shared_ppo_seed13/mappo_best.pt,Shared-PPO,13,R,wcnc2027_ablation 2026-09-14 (supplementary ablation),9,-458.96443054184465,80.96443054184468,378.0,0.0,0.0,207.46463471200627,207.46463471200627,0.013875123885034688,0.013875123885034688,0.0,0.013875123885034688,0.0,0,0.0,14,32.11616248022194,158.24556367822564,1.0,0.26
main,v040,LOLO-nes-f2,secondary,LOLO,nested,2,A,MAPPO|wcnc2027_ablation/mappo_seed23/mappo_best.pt,MAPPO,23,R,wcnc2027_ablation 2026-09-14,all,-23785.3507136446,5575.7752186446,17955.0,12.325495,242.25,2042.293460755827,2039.212087005827,0.06590683845391476,0.0014866204162537165,0.06442021803766106,0.06590683845391476,0.03221010901883053,650,6.184340931615461,665,6826.833080097096,6983.677244222132,1.0,0.26
main,v040,LOLO-nes-f2,secondary,LOLO,nested,2,A,MAPPO|wcnc2027_ablation/mappo_seed23/mappo_best.pt,MAPPO,23,R,wcnc2027_ablation 2026-09-14,0,-5758.960498143328,1155.3998317433277,4536.0,3.1856663999999997,64.375,199.38676777487564,198.59035117487565,0.16650148662041625,0.0,0.16650148662041625,0.16650148662041625,0.08325074331020813,168,15.984142715559962,168,6983.677244222133,6983.677244222132,1.0,0.26
main,v040,LOLO-nes-f2,secondary,LOLO,nested,2,A,MAPPO|wcnc2027_ablation/mappo_seed23/mappo_best.pt,MAPPO,23,R,wcnc2027_ablation 2026-09-14,1,-3184.336323837,718.3797168369996,2430.0,1.706607,34.25,202.82127553249438,202.39462378249436,0.08919722497522299,0.0,0.08919722497522299,0.08919722497522299,0.044598612487611496,90,8.562933597621408,90,6983.677244222132,6983.677244222132,1.0,0.26
main,v040,LOLO-nes-f2,secondary,LOLO,nested,2,A,MAPPO|wcnc2027_ablation/mappo_seed23/mappo_best.pt,MAPPO,23,R,wcnc2027_ablation 2026-09-14,2,-499.6772288687661,281.5255304687662,216.0,0.1516984,2.0,206.81224711276272,206.77432251276272,0.007928642220019821,0.0,0.007928642220019821,0.007928642220019821,0.003964321110009911,8,0.761149653121903,8,6983.677244222132,6983.677244222132,1.0,0.26
main,v040,LOLO-nes-f2,secondary,LOLO,nested,2,A,MAPPO|wcnc2027_ablation/mappo_seed23/mappo_best.pt,MAPPO,23,R,wcnc2027_ablation 2026-09-14,3,-164.82538383489316,137.82538383489316,27.0,0.0,0.0,207.34812914198812,207.34812914198812,0.0009910802775024777,0.0009910802775024777,0.0,0.0009910802775024777,0.0,0,0.0,1,4.163245459378105,4.163245459378105,1.0,0.26
main,v040,LOLO-nes-f2,secondary,LOLO,nested,2,A,MAPPO|wcnc2027_ablation/mappo_seed23/mappo_best.pt,MAPPO,23,R,wcnc2027_ablation 2026-09-14,4,-3913.3211522547076,843.6973746547078,3024.0,2.1237776,43.5,201.68975222382804,201.15880782382803,0.1110009910802775,0.0,0.1110009910802775,0.1110009910802775,0.05550049554013875,112,10.65609514370664,112,6983.677244222131,6983.677244222132,1.0,0.26
main,v040,LOLO-nes-f2,secondary,LOLO,nested,2,A,MAPPO|wcnc2027_ablation/mappo_seed23/mappo_best.pt,MAPPO,23,R,wcnc2027_ablation 2026-09-14,5,-1572.7618693947334,423.46545279473327,1134.0,0.7964166000000001,14.5,205.52505977217703,205.32595562217705,0.04162537165510406,0.0,0.04162537165510406,0.04162537165510406,0.02081268582755203,42,3.9960356788899905,42,6983.677244222133,6983.677244222132,1.0,0.26
main,v040,LOLO-nes-f2,secondary,LOLO,nested,2,A,MAPPO|wcnc2027_ablation/mappo_seed23/mappo_best.pt,MAPPO,23,R,wcnc2027_ablation 2026-09-14,6,-3853.964077704982,842.1282247049824,2970.0,2.085853,39.75,201.87475878526675,201.35329553526677,0.10901883052527254,0.0,0.10901883052527254,0.10901883052527254,0.05450941526263627,110,10.465807730426166,110,6983.677244222132,6983.677244222132,1.0,0.26
main,v040,LOLO-nes-f2,secondary,LOLO,nested,2,A,MAPPO|wcnc2027_ablation/mappo_seed23/mappo_best.pt,MAPPO,23,R,wcnc2027_ablation 2026-09-14,7,-3174.807459356228,708.9758523562275,2430.0,1.706607,34.125,203.6373789879794,203.2107272379794,0.08919722497522299,0.0,0.08919722497522299,0.08919722497522299,0.044598612487611496,90,8.562933597621408,90,6983.677244222132,6983.677244222132,1.0,0.26
main,v040,LOLO-nes-f2,secondary,LOLO,nested,2,A,MAPPO|wcnc2027_ablation/mappo_seed23/mappo_best.pt,MAPPO,23,R,wcnc2027_ablation 2026-09-14,8,-1203.7322897081176,383.41342070811737,810.0,0.5688690000000001,9.75,205.73345671244846,205.59123946244847,0.02973240832507433,0.0,0.02973240832507433,0.02973240832507433,0.014866204162537165,30,2.8543111992071357,30,6983.677244222133,6983.677244222132,1.0,0.26
main,v040,LOLO-nes-f2,secondary,LOLO,nested,2,A,MAPPO|wcnc2027_ablation/mappo_seed23/mappo_best.pt,MAPPO,23,R,wcnc2027_ablation 2026-09-14,9,-458.96443054184465,80.96443054184468,378.0,0.0,0.0,207.46463471200627,207.46463471200627,0.013875123885034688,0.013875123885034688,0.0,0.013875123885034688,0.0,0,0.0,14,32.11616248022194,158.24556367822564,1.0,0.26
main,v040,LOLO-nes-f2,secondary,LOLO,nested,2,A,Centralized PPO|wcnc2027_ablation/central_seed23/ppo_multi_site.zip,Centralized PPO,23,R,wcnc2027_ablation 2026-09-14,all,-62172.360907434195,5784.30237583419,56187.0,10.808531599999998,190.25,2298.384731313132,2295.682598413132,0.20624380574826562,0.0045589692765113975,0.2047571853320119,0.20624380574826562,0.17651139742319127,568,5.404162537165511,2081,6937.841239121359,7468.644993958343,1.0,0.66
main,v040,LOLO-nes-f2,secondary,LOLO,nested,2,A,Centralized PPO|wcnc2027_ablation/central_seed23/ppo_multi_site.zip,Centralized PPO,23,R,wcnc2027_ablation 2026-09-14,0,-25840.63908017196,1142.6833855719615,24543.0,7.205694599999999,147.75,267.1407263042024,265.33930265420247,0.9008919722497523,0.0009910802775024777,0.9008919722497523,0.9008919722497523,0.7125867195242814,380,36.15460852329039,909,6984.077740007045,7165.702578465347,1.0,0.66
main,v040,LOLO-nes-f2,secondary,LOLO,nested,2,A,Centralized PPO|wcnc2027_ablation/central_seed23/ppo_multi_site.zip,Centralized PPO,23,R,wcnc2027_ablation 2026-09-14,1,-8970.467024998656,599.3490051986562,8370.0,0.4930198,0.625,228.8979594865345,228.7747045365345,0.3072348860257681,0.0,0.3072348860257681,0.3072348860257681,0.2943508424182359,25,2.3785926660059467,310,6983.677244222133,6983.677244222132,1.0,0.66
main,v040,LOLO-nes-f2,secondary,LOLO,nested,2,A,Centralized PPO|wcnc2027_ablation/central_seed23/ppo_multi_site.zip,Centralized PPO,23,R,wcnc2027_ablation 2026-09-14,2,-285.1260769824414,285.1260769824414,0.0,0.0,0.0,207.06012287456912,207.06012287456912,0.0,0.0,0.0,0.0,0.0,0,0.0,0,0.0,0.0,0.0,0.66
main,v040,LOLO-nes-f2,secondary,LOLO,nested,2,A,Centralized PPO|wcnc2027_ablation/central_seed23/ppo_multi_site.zip,Centralized PPO,23,R,wcnc2027_ablation 2026-09-14,3,-164.82538383489316,137.82538383489316,27.0,0.0,0.0,207.34812914198812,207.34812914198812,0.0009910802775024777,0.0009910802775024777,0.0,0.0009910802775024777,0.0,0,0.0,1,4.163245459378105,4.163245459378105,1.0,0.66
main,v040,LOLO-nes-f2,secondary,LOLO,nested,2,A,Centralized PPO|wcnc2027_ablation/central_seed23/ppo_multi_site.zip,Centralized PPO,23,R,wcnc2027_ablation 2026-09-14,4,-1010.2577475082595,955.7198229082595,54.0,0.0379246,0.5,207.4451445972702,207.4356634472702,0.0019821605550049554,0.0009910802775024777,0.0019821605550049554,0.0019821605550049554,0.0009910802775024777,2,0.19028741328047574,2,7074.689911343739,7165.702578465347,1.0,0.66
main,v040,LOLO-nes-f2,secondary,LOLO,nested,2,A,Centralized PPO|wcnc2027_ablation/central_seed23/ppo_multi_site.zip,Centralized PPO,23,R,wcnc2027_ablation 2026-09-14,5,-661.8495483590011,445.2736991590011,216.0,0.0758492,0.5,211.23332357494388,211.21436127494388,0.007928642220019821,0.005946481665014866,0.007928642220019821,0.007928642220019821,0.005946481665014866,4,0.3805748265609515,8,7180.817213621569,7468.644993958343,1.0,0.66
main,v040,LOLO-nes-f2,secondary,LOLO,nested,2,A,Centralized PPO|wcnc2027_ablation/central_seed23/ppo_multi_site.zip,Centralized PPO,23,R,wcnc2027_ablation 2026-09-14,6,-23376.09692485415,976.2638060541506,22356.0,2.9581188000000003,40.875,345.99724181414115,345.2577121141411,0.8206144697720515,0.02180376610505451,0.8206144697720515,0.8206144697720515,0.7433102081268583,155,14.747274529236869,828,6991.6620527200475,7468.644993958343,1.0,0.66
main,v040,LOLO-nes-f2,secondary,LOLO,nested,2,A,Centralized PPO|wcnc2027_ablation/central_seed23/ppo_multi_site.zip,Centralized PPO,23,R,wcnc2027_ablation 2026-09-14,7,-757.1652070388939,757.1652070388939,0.0,0.0,0.0,206.7304661413072,206.7304661413072,0.0,0.0,0.0,0.0,0.0,0,0.0,0,0.0,0.0,0.0,0.66
main,v040,LOLO-nes-f2,secondary,LOLO,nested,2,A,Centralized PPO|wcnc2027_ablation/central_seed23/ppo_multi_site.zip,Centralized PPO,23,R,wcnc2027_ablation 2026-09-14,8,-646.9694831440878,403.9315585440877,243.0,0.0379246,0.0,209.06698266616928,209.05750151616928,0.008919722497522299,0.0009910802775024777,0.008919722497522299,0.008919722497522299,0.007928642220019821,2,0.19028741328047574,9,7003.902281360267,7165.702578465347,1.0,0.66
main,v040,LOLO-nes-f2,secondary,LOLO,nested,2,A,Centralized PPO|wcnc2027_ablation/central_seed23/ppo_multi_site.zip,Centralized PPO,23,R,wcnc2027_ablation 2026-09-14,9,-458.96443054184465,80.96443054184468,378.0,0.0,0.0,207.46463471200627,207.46463471200627,0.013875123885034688,0.013875123885034688,0.0,0.013875123885034688,0.0,0,0.0,14,32.11616248022194,158.24556367822564,1.0,0.66
main,v040,LOLO-nes-f2,secondary,LOLO,nested,2,A,Shared-PPO|wcnc2027_ablation/shared_ppo_seed23/mappo_best.pt,Shared-PPO,23,R,wcnc2027_ablation 2026-09-14 (supplementary ablation),all,-25682.941836872924,5611.701905472926,19791.0,13.6149314,266.625,2042.9843056233608,2039.580572773361,0.07264618434093162,0.0014866204162537165,0.0711595639246779,0.07264618434093162,0.03557978196233895,718,6.831318136769078,733,6841.383425472951,6983.677244222132,1.0,0.26
main,v040,LOLO-nes-f2,secondary,LOLO,nested,2,A,Shared-PPO|wcnc2027_ablation/shared_ppo_seed23/mappo_best.pt,Shared-PPO,23,R,wcnc2027_ablation 2026-09-14 (supplementary ablation),0,-6206.391364276621,1165.527301076621,4968.0,3.4890632,69.375,199.25278009748558,198.38051429748558,0.1823587710604559,0.0,0.1823587710604559,0.1823587710604559,0.09117938553022795,184,17.506442021803768,184,6983.677244222131,6983.677244222132,1.0,0.26
main,v040,LOLO-nes-f2,secondary,LOLO,nested,2,A,Shared-PPO|wcnc2027_ablation/shared_ppo_seed23/mappo_best.pt,Shared-PPO,23,R,wcnc2027_ablation 2026-09-14 (supplementary ablation),1,-3523.394915807289,728.2107612072891,2754.0,1.9341546000000003,39.25,202.79725325430059,202.31371460430057,0.10109018830525272,0.0,0.10109018830525272,0.10109018830525272,0.05054509415262636,102,9.704658077304263,102,6983.677244222132,6983.677244222132,1.0,0.26
main,v040,LOLO-nes-f2,secondary,LOLO,nested,2,A,Shared-PPO|wcnc2027_ablation/shared_ppo_seed23/mappo_best.pt,Shared-PPO,23,R,wcnc2027_ablation 2026-09-14 (supplementary ablation),2,-609.1235919090608,281.8960443090608,324.0,0.22754760000000002,3.0,206.85649145445768,206.7996045544577,0.011892963330029732,0.0,0.011892963330029732,0.011892963330029732,0.005946481665014866,12,1.1417244796828543,12,6983.677244222131,6983.677244222132,1.0,0.26
main,v040,LOLO-nes-f2,secondary,LOLO,nested,2,A,Shared-PPO|wcnc2027_ablation/shared_ppo_seed23/mappo_best.pt,Shared-PPO,23,R,wcnc2027_ablation 2026-09-14 (supplementary ablation),3,-164.82538383489316,137.82538383489316,27.0,0.0,0.0,207.34812914198812,207.34812914198812,0.0009910802775024777,0.0009910802775024777,0.0,0.0009910802775024777,0.0,0,0.0,1,4.163245459378105,4.163245459378105,1.0,0.26
main,v040,LOLO-nes-f2,secondary,LOLO,nested,2,A,Shared-PPO|wcnc2027_ablation/shared_ppo_seed23/mappo_best.pt,Shared-PPO,23,R,wcnc2027_ablation 2026-09-14 (supplementary ablation),4,-3913.339766108576,843.5909885085763,3024.0,2.1237776000000004,43.625,201.8932460386381,201.3623016386381,0.1110009910802775,0.0,0.1110009910802775,0.1110009910802775,0.05550049554013875,112,10.65609514370664,112,6983.677244222131,6983.677244222132,1.0,0.26
main,v040,LOLO-nes-f2,secondary,LOLO,nested,2,A,Shared-PPO|wcnc2027_ablation/shared_ppo_seed23/mappo_best.pt,Shared-PPO,23,R,wcnc2027_ablation 2026-09-14 (supplementary ablation),5,-1900.1858286080983,421.6618644080982,1458.0,1.0239642,19.5,205.528442442104,205.27245139210396,0.053518334985133795,0.0,0.053518334985133795,0.053518334985133795,0.026759167492566897,54,5.137760158572845,54,6983.677244222134,6983.677244222132,1.0,0.26
main,v040,LOLO-nes-f2,secondary,LOLO,nested,2,A,Shared-PPO|wcnc2027_ablation/shared_ppo_seed23/mappo_best.pt,Shared-PPO,23,R,wcnc2027_ablation 2026-09-14 (supplementary ablation),6,-4141.401185635028,855.7507096350276,3240.0,2.2754760000000003,43.375,202.14153486301646,201.57266586301645,0.11892963330029732,0.0,0.11892963330029732,0.11892963330029732,0.05946481665014866,120,11.417244796828543,120,6983.67724422213,6983.677244222132,1.0,0.26
main,v040,LOLO-nes-f2,secondary,LOLO,nested,2,A,Shared-PPO|wcnc2027_ablation/shared_ppo_seed23/mappo_best.pt,Shared-PPO,23,R,wcnc2027_ablation 2026-09-14 (supplementary ablation),7,-3397.958209063894,713.3499036638941,2646.0,1.8583053999999999,36.75,204.00428565273248,203.53970930273246,0.09712586719524281,0.0,0.09712586719524281,0.09712586719524281,0.048562933597621406,98,9.32408325074331,98,6983.677244222132,6983.677244222132,1.0,0.26
main,v040,LOLO-nes-f2,secondary,LOLO,nested,2,A,Shared-PPO|wcnc2027_ablation/shared_ppo_seed23/mappo_best.pt,Shared-PPO,23,R,wcnc2027_ablation 2026-09-14 (supplementary ablation),8,-1367.357161087621,382.9245182876209,972.0,0.6826428,11.75,205.69750796663146,205.52684726663148,0.035678889990089196,0.0,0.035678889990089196,0.035678889990089196,0.017839444995044598,36,3.4251734390485633,36,6983.677244222133,6983.677244222132,1.0,0.26
main,v040,LOLO-nes-f2,secondary,LOLO,nested,2,A,Shared-PPO|wcnc2027_ablation/shared_ppo_seed23/mappo_best.pt,Shared-PPO,23,R,wcnc2027_ablation 2026-09-14 (supplementary ablation),9,-458.96443054184465,80.96443054184468,378.0,0.0,0.0,207.46463471200627,207.46463471200627,0.013875123885034688,0.013875123885034688,0.0,0.013875123885034688,0.0,0,0.0,14,32.11616248022194,158.24556367822564,1.0,0.26
main,v040,LOLO-nes-f2,secondary,LOLO,nested,2,A,MAPPO|wcnc2027_ablation/mappo_seed42/mappo_best.pt,MAPPO,42,R,wcnc2027_ablation 2026-09-14,all,-21972.451730630542,5244.9214298305415,16551.0,9.4053008,167.125,2034.8896029030025,2032.5382777030027,0.06075322101090188,0.0015857284440039642,0.05926660059464817,0.06075322101090188,0.03468780971258672,496,4.719127849355798,613,6933.954562210713,43894.35977929722,1.0,0.26
main,v040,LOLO-nes-f2,secondary,LOLO,nested,2,A,MAPPO|wcnc2027_ablation/mappo_seed42/mappo_best.pt,MAPPO,42,R,wcnc2027_ablation 2026-09-14,0,-4988.8132267237,1108.8748261236992,3834.0,2.3134006,43.625,197.99716262405997,197.41881247405996,0.14073339940535184,0.0,0.14073339940535184,0.14073339940535184,0.0802775024777007,122,11.607532210109019,142,6983.677244222133,6983.677244222132,1.0,0.26
main,v040,LOLO-nes-f2,secondary,LOLO,nested,2,A,MAPPO|wcnc2027_ablation/mappo_seed42/mappo_best.pt,MAPPO,42,R,wcnc2027_ablation 2026-09-14,1,-2963.224111753053,619.8855245530527,2322.0,1.2135872,20.125,201.0570575903576,200.75366079035757,0.08523290386521308,0.0,0.08523290386521308,0.08523290386521308,0.053518334985133795,64,6.089197224975224,86,6983.677244222133,6983.677244222132,1.0,0.26
main,v040,LOLO-nes-f2,secondary,LOLO,nested,2,A,MAPPO|wcnc2027_ablation/mappo_seed42/mappo_best.pt,MAPPO,42,R,wcnc2027_ablation 2026-09-14,2,-445.9519044189698,282.3381306189698,162.0,0.11377380000000001,1.5,206.88547182749593,206.85702837749594,0.005946481665014866,0.0,0.005946481665014866,0.005946481665014866,0.002973240832507433,6,0.5708622398414271,6,6983.677244222133,6983.677244222132,1.0,0.26
main,v040,LOLO-nes-f2,secondary,LOLO,nested,2,A,MAPPO|wcnc2027_ablation/mappo_seed42/mappo_best.pt,MAPPO,42,R,wcnc2027_ablation 2026-09-14,3,-164.82538383489316,137.82538383489316,27.0,0.0,0.0,207.34812914198812,207.34812914198812,0.0009910802775024777,0.0009910802775024777,0.0,0.0009910802775024777,0.0,0,0.0,1,4.163245459378105,4.163245459378105,1.0,0.26
main,v040,LOLO-nes-f2,secondary,LOLO,nested,2,A,MAPPO|wcnc2027_ablation/mappo_seed42/mappo_best.pt,MAPPO,42,R,wcnc2027_ablation 2026-09-14,4,-3921.114543536479,756.2829365364789,3132.0,1.706607,31.125,199.3882142312733,198.9615624812733,0.11496531219028741,0.0,0.11496531219028741,0.11496531219028741,0.07036669970267592,90,8.562933597621408,116,6983.677244222131,6983.677244222132,1.0,0.26
main,v040,LOLO-nes-f2,secondary,LOLO,nested,2,A,MAPPO|wcnc2027_ablation/mappo_seed42/mappo_best.pt,MAPPO,42,R,wcnc2027_ablation 2026-09-14,5,-1422.5215435034652,412.41474990346535,999.0,0.6067936,10.5,205.15376108635814,205.00206268635816,0.036669970267591674,0.0,0.036669970267591674,0.036669970267591674,0.02081268582755203,32,3.044598612487612,37,6983.677244222133,6983.677244222132,1.0,0.26
main,v040,LOLO-nes-f2,secondary,LOLO,nested,2,A,MAPPO|wcnc2027_ablation/mappo_seed42/mappo_best.pt,MAPPO,42,R,wcnc2027_ablation 2026-09-14,6,-3592.6012645421793,782.1334313421788,2781.0,1.5928331999999998,27.875,200.38143263995272,199.98322433995273,0.10208126858275521,0.0,0.10208126858275521,0.10208126858275521,0.06045589692765114,84,7.992071357779981,103,6983.677244222132,6983.677244222132,1.0,0.26
main,v040,LOLO-nes-f2,secondary,LOLO,nested,2,A,MAPPO|wcnc2027_ablation/mappo_seed42/mappo_best.pt,MAPPO,42,R,wcnc2027_ablation 2026-09-14,7,-2919.0111338433207,679.3958482433209,2214.0,1.3652856,24.25,202.71818652982847,202.3768651298285,0.08126858275520317,0.0,0.08126858275520317,0.08126858275520317,0.04558969276511397,72,6.850346878097127,82,6983.677244222133,6983.677244222132,1.0,0.26
main,v040,LOLO-nes-f2,secondary,LOLO,nested,2,A,MAPPO|wcnc2027_ablation/mappo_seed42/mappo_best.pt,MAPPO,42,R,wcnc2027_ablation 2026-09-14,8,-1040.8034936405377,384.72339844053766,648.0,0.45509520000000003,7.625,205.8371543084332,205.72338050843322,0.023785926660059464,0.0,0.023785926660059464,0.023785926660059464,0.011892963330029732,24,2.2834489593657086,24,6983.677244222131,6983.677244222132,1.0,0.26
main,v040,LOLO-nes-f2,secondary,LOLO,nested,2,A,MAPPO|wcnc2027_ablation/mappo_seed42/mappo_best.pt,MAPPO,42,R,wcnc2027_ablation 2026-09-14,9,-513.585124833945,81.04720023394509,432.0,0.0379246,0.5,208.12303292325475,208.11355177325476,0.015857284440039643,0.014866204162537165,0.0019821605550049554,0.015857284440039643,0.0009910802775024777,2,0.19028741328047574,16,5514.896614582347,43894.35977929722,1.0,0.26
main,v040,LOLO-nes-f2,secondary,LOLO,nested,2,A,Centralized PPO|wcnc2027_ablation/central_seed42/ppo_multi_site.zip,Centralized PPO,42,R,wcnc2027_ablation 2026-09-14,all,-10638.750119356977,6012.165778156976,4617.0,0.8343412000000001,8.75,2069.2522619677366,2069.043676667737,0.016947472745292368,0.0014866204162537165,0.015460852329038653,0.016947472745292368,0.013280475718533202,43,0.4091179385530228,171,6373.727717069211,6983.677244222132,1.0,0.65
main,v040,LOLO-nes-f2,secondary,LOLO,nested,2,A,Centralized PPO|wcnc2027_ablation/central_seed42/ppo_multi_site.zip,Centralized PPO,42,R,wcnc2027_ablation 2026-09-14,0,-1320.4769098140657,1320.4769098140657,0.0,0.0,0.0,206.65209354533326,206.65209354533326,0.0,0.0,0.0,0.0,0.0,0,0.0,0,0.0,0.0,0.0,0.65
main,v040,LOLO-nes-f2,secondary,LOLO,nested,2,A,Centralized PPO|wcnc2027_ablation/central_seed42/ppo_multi_site.zip,Centralized PPO,42,R,wcnc2027_ablation 2026-09-14,1,-868.0915634667572,868.0915634667572,0.0,0.0,0.0,206.8419494141882,206.8419494141882,0.0,0.0,0.0,0.0,0.0,0,0.0,0,0.0,0.0,0.0,0.65
main,v040,LOLO-nes-f2,secondary,LOLO,nested,2,A,Centralized PPO|wcnc2027_ablation/central_seed42/ppo_multi_site.zip,Centralized PPO,42,R,wcnc2027_ablation 2026-09-14,2,-285.1260769824414,285.1260769824414,0.0,0.0,0.0,207.06012287456912,207.06012287456912,0.0,0.0,0.0,0.0,0.0,0,0.0,0,0.0,0.0,0.0,0.65
main,v040,LOLO-nes-f2,secondary,LOLO,nested,2,A,Centralized PPO|wcnc2027_ablation/central_seed42/ppo_multi_site.zip,Centralized PPO,42,R,wcnc2027_ablation 2026-09-14,3,-164.82538383489316,137.82538383489316,27.0,0.0,0.0,207.34812914198812,207.34812914198812,0.0009910802775024777,0.0009910802775024777,0.0,0.0009910802775024777,0.0,0,0.0,1,4.163245459378105,4.163245459378105,1.0,0.65
main,v040,LOLO-nes-f2,secondary,LOLO,nested,2,A,Centralized PPO|wcnc2027_ablation/central_seed42/ppo_multi_site.zip,Centralized PPO,42,R,wcnc2027_ablation 2026-09-14,4,-4984.0994694306555,762.5151282306554,4212.0,0.8343411999999999,8.75,206.53604323446166,206.32745793446168,0.15460852329038652,0.0,0.15460852329038652,0.15460852329038652,0.13280475718533202,43,4.0911793855302285,156,6983.677244222132,6983.677244222132,1.0,0.65
main,v040,LOLO-nes-f2,secondary,LOLO,nested,2,A,Centralized PPO|wcnc2027_ablation/central_seed42/ppo_multi_site.zip,Centralized PPO,42,R,wcnc2027_ablation 2026-09-14,5,-442.9269920292966,442.9269920292966,0.0,0.0,0.0,206.94560538958177,206.94560538958177,0.0,0.0,0.0,0.0,0.0,0,0.0,0,0.0,0.0,0.0,0.65
main,v040,LOLO-nes-f2,secondary,LOLO,nested,2,A,Centralized PPO|wcnc2027_ablation/central_seed42/ppo_multi_site.zip,Centralized PPO,42,R,wcnc2027_ablation 2026-09-14,6,-955.4339728394466,955.4339728394466,0.0,0.0,0.0,206.73204604069127,206.73204604069127,0.0,0.0,0.0,0.0,0.0,0,0.0,0,0.0,0.0,0.0,0.65
main,v040,LOLO-nes-f2,secondary,LOLO,nested,2,A,Centralized PPO|wcnc2027_ablation/central_seed42/ppo_multi_site.zip,Centralized PPO,42,R,wcnc2027_ablation 2026-09-14,7,-757.1652070388939,757.1652070388939,0.0,0.0,0.0,206.7304661413072,206.7304661413072,0.0,0.0,0.0,0.0,0.0,0,0.0,0,0.0,0.0,0.0,0.65
main,v040,LOLO-nes-f2,secondary,LOLO,nested,2,A,Centralized PPO|wcnc2027_ablation/central_seed42/ppo_multi_site.zip,Centralized PPO,42,R,wcnc2027_ablation 2026-09-14,8,-401.6401133786817,401.6401133786817,0.0,0.0,0.0,206.94117147360993,206.94117147360993,0.0,0.0,0.0,0.0,0.0,0,0.0,0,0.0,0.0,0.0,0.65
main,v040,LOLO-nes-f2,secondary,LOLO,nested,2,A,Centralized PPO|wcnc2027_ablation/central_seed42/ppo_multi_site.zip,Centralized PPO,42,R,wcnc2027_ablation 2026-09-14,9,-458.96443054184465,80.96443054184468,378.0,0.0,0.0,207.46463471200627,207.46463471200627,0.013875123885034688,0.013875123885034688,0.0,0.013875123885034688,0.0,0,0.0,14,32.11616248022194,158.24556367822564,1.0,0.65
main,v040,LOLO-nes-f2,secondary,LOLO,nested,2,A,Shared-PPO|wcnc2027_ablation/shared_ppo_seed42/mappo_best.pt,Shared-PPO,42,R,wcnc2027_ablation 2026-09-14 (supplementary ablation),all,-26446.732757418697,5220.8074490187,20952.0,13.4253084,260.5,2034.367516730152,2031.0111896301519,0.07690782953419227,0.0014866204162537165,0.07542120911793855,0.07690782953419227,0.040336967294350844,708,6.73617443012884,776,6849.268263367557,6983.677244222132,1.0,0.26
main,v040,LOLO-nes-f2,secondary,LOLO,nested,2,A,Shared-PPO|wcnc2027_ablation/shared_ppo_seed42/mappo_best.pt,Shared-PPO,42,R,wcnc2027_ablation 2026-09-14 (supplementary ablation),0,-6637.516760788274,1079.2130745882741,5481.0,3.6786862,73.625,197.50917342216323,196.58950187216323,0.20118929633300298,0.0,0.20118929633300298,0.20118929633300298,0.10505450941526263,194,18.457879088206145,203,6983.677244222131,6983.677244222132,1.0,0.26
main,v040,LOLO-nes-f2,secondary,LOLO,nested,2,A,Shared-PPO|wcnc2027_ablation/shared_ppo_seed42/mappo_best.pt,Shared-PPO,42,R,wcnc2027_ablation 2026-09-14 (supplementary ablation),1,-3539.3748123252344,613.3423561252343,2889.0,1.7824562,35.25,201.13909023677184,200.69347618677182,0.10604558969276512,0.0,0.10604558969276512,0.10604558969276512,0.05946481665014866,94,8.94350842418236,107,6983.677244222131,6983.677244222132,1.0,0.26
main,v040,LOLO-nes-f2,secondary,LOLO,nested,2,A,Shared-PPO|wcnc2027_ablation/shared_ppo_seed42/mappo_best.pt,Shared-PPO,42,R,wcnc2027_ablation 2026-09-14 (supplementary ablation),2,-554.3737378207991,281.6841148207991,270.0,0.189623,2.5,206.84982509246151,206.8024193424615,0.009910802775024777,0.0,0.009910802775024777,0.009910802775024777,0.004955401387512388,10,0.9514370664023787,10,6983.677244222132,6983.677244222132,1.0,0.26
main,v040,LOLO-nes-f2,secondary,LOLO,nested,2,A,Shared-PPO|wcnc2027_ablation/shared_ppo_seed42/mappo_best.pt,Shared-PPO,42,R,wcnc2027_ablation 2026-09-14 (supplementary ablation),3,-164.82538383489316,137.82538383489316,27.0,0.0,0.0,207.34812914198812,207.34812914198812,0.0009910802775024777,0.0009910802775024777,0.0,0.0009910802775024777,0.0,0,0.0,1,4.163245459378105,4.163245459378105,1.0,0.26
main,v040,LOLO-nes-f2,secondary,LOLO,nested,2,A,Shared-PPO|wcnc2027_ablation/shared_ppo_seed42/mappo_best.pt,Shared-PPO,42,R,wcnc2027_ablation 2026-09-14 (supplementary ablation),4,-4346.059003176193,735.8973009761937,3564.0,2.1617021999999997,44.0,199.02103092020846,198.48060537020845,0.13082259663032705,0.0,0.13082259663032705,0.13082259663032705,0.07433102081268583,114,10.846382556987116,132,6983.677244222133,6983.677244222132,1.0,0.26
main,v040,LOLO-nes-f2,secondary,LOLO,nested,2,A,Shared-PPO|wcnc2027_ablation/shared_ppo_seed42/mappo_best.pt,Shared-PPO,42,R,wcnc2027_ablation 2026-09-14 (supplementary ablation),5,-1781.0748000747124,414.7025342747123,1350.0,0.8722658000000001,15.5,205.2408836483935,205.0228171983935,0.049554013875123884,0.0,0.049554013875123884,0.049554013875123884,0.026759167492566897,46,4.376610505450942,50,6983.677244222133,6983.677244222132,1.0,0.26
main,v040,LOLO-nes-f2,secondary,LOLO,nested,2,A,Shared-PPO|wcnc2027_ablation/shared_ppo_seed42/mappo_best.pt,Shared-PPO,42,R,wcnc2027_ablation 2026-09-14 (supplementary ablation),6,-4265.206518474354,790.4310424743538,3429.0,2.2754760000000003,43.5,200.5571846534512,199.9883156534512,0.12586719524281467,0.0,0.12586719524281467,0.12586719524281467,0.06640237859266601,120,11.417244796828543,127,6983.677244222131,6983.677244222132,1.0,0.26
main,v040,LOLO-nes-f2,secondary,LOLO,nested,2,A,Shared-PPO|wcnc2027_ablation/shared_ppo_seed42/mappo_best.pt,Shared-PPO,42,R,wcnc2027_ablation 2026-09-14 (supplementary ablation),7,-3331.841828654987,703.5593724549866,2592.0,1.7824562,34.5,203.5354536617215,203.08983961172152,0.09514370664023786,0.0,0.09514370664023786,0.09514370664023786,0.048562933597621406,94,8.94350842418236,96,6983.677244222131,6983.677244222132,1.0,0.26
main,v040,LOLO-nes-f2,secondary,LOLO,nested,2,A,Shared-PPO|wcnc2027_ablation/shared_ppo_seed42/mappo_best.pt,Shared-PPO,42,R,wcnc2027_ablation 2026-09-14 (supplementary ablation),8,-1367.4954817274083,383.18783892740817,972.0,0.6826428,11.625,205.7021112409863,205.5314505409863,0.035678889990089196,0.0,0.035678889990089196,0.035678889990089196,0.017839444995044598,36,3.4251734390485633,36,6983.677244222133,6983.677244222132,1.0,0.26
main,v040,LOLO-nes-f2,secondary,LOLO,nested,2,A,Shared-PPO|wcnc2027_ablation/shared_ppo_seed42/mappo_best.pt,Shared-PPO,42,R,wcnc2027_ablation 2026-09-14 (supplementary ablation),9,-458.96443054184465,80.96443054184468,378.0,0.0,0.0,207.46463471200627,207.46463471200627,0.013875123885034688,0.013875123885034688,0.0,0.013875123885034688,0.0,0,0.0,14,32.11616248022194,158.24556367822564,1.0,0.26
main,v040,LOLO-nes-f2,secondary,LOLO,nested,2,A,MAPPO|wcnc2027_ablation/mappo_seed64/mappo_best.pt,MAPPO,64,R,wcnc2027_ablation 2026-09-14,all,-25485.97963744009,5527.243952040091,19683.0,13.235685400000001,262.5,2040.3941672025808,2037.0852458525808,0.07224975222993063,0.0014866204162537165,0.07076313181367691,0.07224975222993063,0.03617443012884044,698,6.641030723488603,729,6840.602663778854,6983.677244222132,1.0,0.26
main,v040,LOLO-nes-f2,secondary,LOLO,nested,2,A,MAPPO|wcnc2027_ablation/mappo_seed64/mappo_best.pt,MAPPO,64,R,wcnc2027_ablation 2026-09-14,0,-5976.758186669205,1153.1708218692054,4752.0,3.3373647999999996,68.25,199.16358443211078,198.3292432321108,0.17443012884043607,0.0,0.17443012884043607,0.17443012884043607,0.08721506442021804,176,16.745292368681863,176,6983.677244222132,6983.677244222132,1.0,0.26
main,v040,LOLO-nes-f2,secondary,LOLO,nested,2,A,MAPPO|wcnc2027_ablation/mappo_seed64/mappo_best.pt,MAPPO,64,R,wcnc2027_ablation 2026-09-14,1,-3473.6957506197496,705.9245206197495,2727.0,1.89623,38.875,202.681777754664,202.207720254664,0.10009910802775025,0.0,0.10009910802775025,0.10009910802775025,0.05054509415262636,100,9.514370664023787,101,6983.677244222132,6983.677244222132,1.0,0.26
main,v040,LOLO-nes-f2,secondary,LOLO,nested,2,A,MAPPO|wcnc2027_ablation/mappo_seed64/mappo_best.pt,MAPPO,64,R,wcnc2027_ablation 2026-09-14,2,-499.91537623242124,281.76367783242125,216.0,0.1516984,2.0,206.81348704031402,206.77556244031402,0.007928642220019821,0.0,0.007928642220019821,0.007928642220019821,0.003964321110009911,8,0.761149653121903,8,6983.677244222132,6983.677244222132,1.0,0.26
main,v040,LOLO-nes-f2,secondary,LOLO,nested,2,A,MAPPO|wcnc2027_ablation/mappo_seed64/mappo_best.pt,MAPPO,64,R,wcnc2027_ablation 2026-09-14,3,-164.82538383489316,137.82538383489316,27.0,0.0,0.0,207.34812914198812,207.34812914198812,0.0009910802775024777,0.0009910802775024777,0.0,0.0009910802775024777,0.0,0,0.0,1,4.163245459378105,4.163245459378105,1.0,0.26
main,v040,LOLO-nes-f2,secondary,LOLO,nested,2,A,MAPPO|wcnc2027_ablation/mappo_seed64/mappo_best.pt,MAPPO,64,R,wcnc2027_ablation 2026-09-14,4,-4104.588020762405,843.100469362405,3213.0,2.2375514,46.25,201.71926419995273,201.15987634995273,0.11793855302279485,0.0,0.11793855302279485,0.11793855302279485,0.05946481665014866,118,11.226957383548068,119,6983.677244222131,6983.677244222132,1.0,0.26
main,v040,LOLO-nes-f2,secondary,LOLO,nested,2,A,MAPPO|wcnc2027_ablation/mappo_seed64/mappo_best.pt,MAPPO,64,R,wcnc2027_ablation 2026-09-14,5,-1749.5849078982023,411.66349129820253,1323.0,0.7964166,14.125,204.9077363936313,204.7086322436313,0.048562933597621406,0.0,0.048562933597621406,0.048562933597621406,0.027750247770069375,42,3.9960356788899905,49,6983.677244222133,6983.677244222132,1.0,0.26
main,v040,LOLO-nes-f2,secondary,LOLO,nested,2,A,MAPPO|wcnc2027_ablation/mappo_seed64/mappo_best.pt,MAPPO,64,R,wcnc2027_ablation 2026-09-14,6,-4402.682941255352,818.3316160553511,3537.0,2.3513252000000002,45.0,200.99706427663932,200.40923297663932,0.12983151635282458,0.0,0.12983151635282458,0.12983151635282458,0.06838453914767097,124,11.797819623389495,131,6983.677244222133,6983.677244222132,1.0,0.26
main,v040,LOLO-nes-f2,secondary,LOLO,nested,2,A,MAPPO|wcnc2027_ablation/mappo_seed64/mappo_best.pt,MAPPO,64,R,wcnc2027_ablation 2026-09-14,7,-3395.946582159492,710.5882767594924,2646.0,1.8583054,37.5,203.58471132197957,203.12013497197955,0.09712586719524281,0.0,0.09712586719524281,0.09712586719524281,0.048562933597621406,98,9.32408325074331,98,6983.677244222132,6983.677244222132,1.0,0.26
main,v040,LOLO-nes-f2,secondary,LOLO,nested,2,A,MAPPO|wcnc2027_ablation/mappo_seed64/mappo_best.pt,MAPPO,64,R,wcnc2027_ablation 2026-09-14,8,-1259.0180574665267,383.9112638665267,864.0,0.6067936,10.5,205.71377792929445,205.56207952929446,0.031714568880079286,0.0,0.031714568880079286,0.031714568880079286,0.015857284440039643,32,3.044598612487612,32,6983.677244222132,6983.677244222132,1.0,0.26
main,v040,LOLO-nes-f2,secondary,LOLO,nested,2,A,MAPPO|wcnc2027_ablation/mappo_seed64/mappo_best.pt,MAPPO,64,R,wcnc2027_ablation 2026-09-14,9,-458.96443054184465,80.96443054184468,378.0,0.0,0.0,207.46463471200627,207.46463471200627,0.013875123885034688,0.013875123885034688,0.0,0.013875123885034688,0.0,0,0.0,14,32.11616248022194,158.24556367822564,1.0,0.26
main,v040,LOLO-nes-f2,secondary,LOLO,nested,2,A,Centralized PPO|wcnc2027_ablation/central_seed64/ppo_multi_site.zip,Centralized PPO,64,R,wcnc2027_ablation 2026-09-14,all,-20697.28838451769,5749.043852917693,14931.0,1.7445316,15.5,2082.7603721649266,2082.3242392649263,0.054806739345887014,0.0014866204162537165,0.0533201189296333,0.054806739345887014,0.0487611496531219,89,0.846778989098117,553,6795.067173438861,6983.677244222132,1.0,0.66
main,v040,LOLO-nes-f2,secondary,LOLO,nested,2,A,Centralized PPO|wcnc2027_ablation/central_seed64/ppo_multi_site.zip,Centralized PPO,64,R,wcnc2027_ablation 2026-09-14,0,-6290.426913174312,1160.0097425743115,5130.0,0.41717060000000006,0.0,206.3031513142499,206.1988586642499,0.18830525272547077,0.0,0.18830525272547077,0.18830525272547077,0.1774033696729435,21,1.9980178394449952,190,6983.677244222133,6983.677244222132,1.0,0.66
main,v040,LOLO-nes-f2,secondary,LOLO,nested,2,A,Centralized PPO|wcnc2027_ablation/central_seed64/ppo_multi_site.zip,Centralized PPO,64,R,wcnc2027_ablation 2026-09-14,1,-868.0915634667572,868.0915634667572,0.0,0.0,0.0,206.8419494141882,206.8419494141882,0.0,0.0,0.0,0.0,0.0,0,0.0,0,0.0,0.0,0.0,0.66
main,v040,LOLO-nes-f2,secondary,LOLO,nested,2,A,Centralized PPO|wcnc2027_ablation/central_seed64/ppo_multi_site.zip,Centralized PPO,64,R,wcnc2027_ablation 2026-09-14,2,-285.1260769824414,285.1260769824414,0.0,0.0,0.0,207.06012287456912,207.06012287456912,0.0,0.0,0.0,0.0,0.0,0,0.0,0,0.0,0.0,0.0,0.66
main,v040,LOLO-nes-f2,secondary,LOLO,nested,2,A,Centralized PPO|wcnc2027_ablation/central_seed64/ppo_multi_site.zip,Centralized PPO,64,R,wcnc2027_ablation 2026-09-14,3,-164.82538383489316,137.82538383489316,27.0,0.0,0.0,207.34812914198812,207.34812914198812,0.0009910802775024777,0.0009910802775024777,0.0,0.0009910802775024777,0.0,0,0.0,1,4.163245459378105,4.163245459378105,1.0,0.66
main,v040,LOLO-nes-f2,secondary,LOLO,nested,2,A,Centralized PPO|wcnc2027_ablation/central_seed64/ppo_multi_site.zip,Centralized PPO,64,R,wcnc2027_ablation 2026-09-14,4,-9442.414175914939,708.1402117149378,8721.0,1.0239642,12.25,221.40145286474757,221.14546181474756,0.3201189296333003,0.0,0.3201189296333003,0.3201189296333003,0.2933597621407334,53,5.042616451932607,323,6983.677244222132,6983.677244222132,1.0,0.66
main,v040,LOLO-nes-f2,secondary,LOLO,nested,2,A,Centralized PPO|wcnc2027_ablation/central_seed64/ppo_multi_site.zip,Centralized PPO,64,R,wcnc2027_ablation 2026-09-14,5,-442.9269920292966,442.9269920292966,0.0,0.0,0.0,206.94560538958177,206.94560538958177,0.0,0.0,0.0,0.0,0.0,0,0.0,0,0.0,0.0,0.0,0.66
main,v040,LOLO-nes-f2,secondary,LOLO,nested,2,A,Centralized PPO|wcnc2027_ablation/central_seed64/ppo_multi_site.zip,Centralized PPO,64,R,wcnc2027_ablation 2026-09-14,6,-1585.7075281556351,907.1541313556352,675.0,0.3033968,3.25,205.7236888386784,205.6478396386784,0.024777006937561942,0.0,0.024777006937561942,0.024777006937561942,0.01684836471754212,15,1.4271555996035679,25,6983.677244222132,6983.677244222132,1.0,0.66
main,v040,LOLO-nes-f2,secondary,LOLO,nested,2,A,Centralized PPO|wcnc2027_ablation/central_seed64/ppo_multi_site.zip,Centralized PPO,64,R,wcnc2027_ablation 2026-09-14,7,-757.1652070388939,757.1652070388939,0.0,0.0,0.0,206.7304661413072,206.7304661413072,0.0,0.0,0.0,0.0,0.0,0,0.0,0,0.0,0.0,0.0,0.66
main,v040,LOLO-nes-f2,secondary,LOLO,nested,2,A,Centralized PPO|wcnc2027_ablation/central_seed64/ppo_multi_site.zip,Centralized PPO,64,R,wcnc2027_ablation 2026-09-14,8,-401.6401133786817,401.6401133786817,0.0,0.0,0.0,206.94117147360993,206.94117147360993,0.0,0.0,0.0,0.0,0.0,0,0.0,0,0.0,0.0,0.0,0.66
main,v040,LOLO-nes-f2,secondary,LOLO,nested,2,A,Centralized PPO|wcnc2027_ablation/central_seed64/ppo_multi_site.zip,Centralized PPO,64,R,wcnc2027_ablation 2026-09-14,9,-458.96443054184465,80.96443054184468,378.0,0.0,0.0,207.46463471200627,207.46463471200627,0.013875123885034688,0.013875123885034688,0.0,0.013875123885034688,0.0,0,0.0,14,32.11616248022194,158.24556367822564,1.0,0.66
main,v040,LOLO-nes-f2,secondary,LOLO,nested,2,A,Shared-PPO|wcnc2027_ablation/shared_ppo_seed64/mappo_best.pt,Shared-PPO,64,R,wcnc2027_ablation 2026-09-14 (supplementary ablation),all,-26957.54383413428,5313.87550593428,21357.0,13.9183282,272.75,2036.5601884919156,2033.0806064419157,0.07839444995044599,0.0014866204162537165,0.07690782953419227,0.07839444995044599,0.04053518334985134,734,6.98354806739346,791,6851.817106240906,6983.677244222132,1.0,0.26
main,v040,LOLO-nes-f2,secondary,LOLO,nested,2,A,Shared-PPO|wcnc2027_ablation/shared_ppo_seed64/mappo_best.pt,Shared-PPO,64,R,wcnc2027_ablation 2026-09-14 (supplementary ablation),0,-6643.3117554541195,1113.0080692541194,5454.0,3.6786862,72.625,197.97769236144615,197.0580208114461,0.2001982160555005,0.0,0.2001982160555005,0.2001982160555005,0.10406342913776016,194,18.457879088206145,202,6983.677244222131,6983.677244222132,1.0,0.26
main,v040,LOLO-nes-f2,secondary,LOLO,nested,2,A,Shared-PPO|wcnc2027_ablation/shared_ppo_seed64/mappo_best.pt,Shared-PPO,64,R,wcnc2027_ablation 2026-09-14 (supplementary ablation),1,-3572.009723095797,616.6514176957971,2916.0,1.8583054000000003,37.5,201.47137388148997,201.00679753148995,0.10703666997026759,0.0,0.10703666997026759,0.10703666997026759,0.05847373637264618,98,9.32408325074331,108,6983.677244222131,6983.677244222132,1.0,0.26
main,v040,LOLO-nes-f2,secondary,LOLO,nested,2,A,Shared-PPO|wcnc2027_ablation/shared_ppo_seed64/mappo_best.pt,Shared-PPO,64,R,wcnc2027_ablation 2026-09-14 (supplementary ablation),2,-554.4270829570279,281.7374599570279,270.0,0.189623,2.5,206.81891347475892,206.77150772475892,0.009910802775024777,0.0,0.009910802775024777,0.009910802775024777,0.004955401387512388,10,0.9514370664023787,10,6983.677244222132,6983.677244222132,1.0,0.26
main,v040,LOLO-nes-f2,secondary,LOLO,nested,2,A,Shared-PPO|wcnc2027_ablation/shared_ppo_seed64/mappo_best.pt,Shared-PPO,64,R,wcnc2027_ablation 2026-09-14 (supplementary ablation),3,-164.82538383489316,137.82538383489316,27.0,0.0,0.0,207.34812914198812,207.34812914198812,0.0009910802775024777,0.0009910802775024777,0.0,0.0009910802775024777,0.0,0,0.0,1,4.163245459378105,4.163245459378105,1.0,0.26
main,v040,LOLO-nes-f2,secondary,LOLO,nested,2,A,Shared-PPO|wcnc2027_ablation/shared_ppo_seed64/mappo_best.pt,Shared-PPO,64,R,wcnc2027_ablation 2026-09-14 (supplementary ablation),4,-4112.3971027884545,774.1862497884547,3294.0,2.085853,42.125,200.29322007360923,199.77175682360925,0.12091179385530228,0.0,0.12091179385530228,0.12091179385530228,0.06640237859266601,110,10.465807730426166,122,6983.67724422213,6983.677244222132,1.0,0.26
main,v040,LOLO-nes-f2,secondary,LOLO,nested,2,A,Shared-PPO|wcnc2027_ablation/shared_ppo_seed64/mappo_best.pt,Shared-PPO,64,R,wcnc2027_ablation 2026-09-14 (supplementary ablation),5,-2002.5719065462672,415.01001774626695,1566.0,1.0618888000000002,20.5,205.21149565292572,204.94602345292571,0.057482656095143705,0.0,0.057482656095143705,0.057482656095143705,0.02973240832507433,56,5.32804757185332,58,6983.677244222133,6983.677244222132,1.0,0.26
main,v040,LOLO-nes-f2,secondary,LOLO,nested,2,A,Shared-PPO|wcnc2027_ablation/shared_ppo_seed64/mappo_best.pt,Shared-PPO,64,R,wcnc2027_ablation 2026-09-14 (supplementary ablation),6,-4388.850008681506,806.0366080815052,3537.0,2.3134006000000005,43.5,200.78132390087282,200.20297375087281,0.12983151635282458,0.0,0.12983151635282458,0.12983151635282458,0.06937561942517344,122,11.607532210109019,131,6983.677244222133,6983.677244222132,1.0,0.26
main,v040,LOLO-nes-f2,secondary,LOLO,nested,2,A,Shared-PPO|wcnc2027_ablation/shared_ppo_seed64/mappo_best.pt,Shared-PPO,64,R,wcnc2027_ablation 2026-09-14 (supplementary ablation),7,-3692.131270341627,704.8333419416269,2943.0,2.0479284,42.25,203.4927143669995,202.9807322669995,0.10802775024777007,0.0,0.10802775024777007,0.10802775024777007,0.05450941526263627,108,10.27552031714569,109,6983.677244222131,6983.677244222132,1.0,0.26
main,v040,LOLO-nes-f2,secondary,LOLO,nested,2,A,Shared-PPO|wcnc2027_ablation/shared_ppo_seed64/mappo_best.pt,Shared-PPO,64,R,wcnc2027_ablation 2026-09-14 (supplementary ablation),8,-1368.0551698927438,383.6225270927439,972.0,0.6826428,11.75,205.700690925819,205.530030225819,0.035678889990089196,0.0,0.035678889990089196,0.035678889990089196,0.017839444995044598,36,3.4251734390485633,36,6983.677244222133,6983.677244222132,1.0,0.26
main,v040,LOLO-nes-f2,secondary,LOLO,nested,2,A,Shared-PPO|wcnc2027_ablation/shared_ppo_seed64/mappo_best.pt,Shared-PPO,64,R,wcnc2027_ablation 2026-09-14 (supplementary ablation),9,-458.96443054184465,80.96443054184468,378.0,0.0,0.0,207.46463471200627,207.46463471200627,0.013875123885034688,0.013875123885034688,0.0,0.013875123885034688,0.0,0,0.0,14,32.11616248022194,158.24556367822564,1.0,0.26
main,v040,LOLO-nes-f2,secondary,LOLO,nested,2,A,MAPPO|wcnc2027_ablation/mappo_seed77/mappo_best.pt,MAPPO,77,R,wcnc2027_ablation 2026-09-14,all,-24488.9710413906,5568.402526590598,18657.0,12.818514799999999,250.75,2042.6379940617499,2039.4333653617498,0.06848364717542121,0.0014866204162537165,0.0669970267591675,0.06848364717542121,0.03349851337958375,676,6.431714568880079,691,6832.734597126402,6983.677244222132,1.0,0.26
main,v040,LOLO-nes-f2,secondary,LOLO,nested,2,A,MAPPO|wcnc2027_ablation/mappo_seed77/mappo_best.pt,MAPPO,77,R,wcnc2027_ablation 2026-09-14,0,-6247.202791818208,1151.9258040182085,5022.0,3.5269878,69.75,199.01828804297386,198.13654109297386,0.18434093161546086,0.0,0.18434093161546086,0.18434093161546086,0.09217046580773043,186,17.696729435084244,186,6983.677244222132,6983.677244222132,1.0,0.26
main,v040,LOLO-nes-f2,secondary,LOLO,nested,2,A,MAPPO|wcnc2027_ablation/mappo_seed77/mappo_best.pt,MAPPO,77,R,wcnc2027_ablation 2026-09-14,1,-3231.0197530030464,709.650221403046,2484.0,1.7445316,35.625,203.07972809110365,202.64359519110363,0.09117938553022795,0.0,0.09117938553022795,0.09117938553022795,0.04558969276511397,92,8.753221010901884,92,6983.677244222132,6983.677244222132,1.0,0.26
main,v040,LOLO-nes-f2,secondary,LOLO,nested,2,A,MAPPO|wcnc2027_ablation/mappo_seed77/mappo_best.pt,MAPPO,77,R,wcnc2027_ablation 2026-09-14,2,-499.91537623242124,281.76367783242125,216.0,0.1516984,2.0,206.81348704031402,206.77556244031402,0.007928642220019821,0.0,0.007928642220019821,0.007928642220019821,0.003964321110009911,8,0.761149653121903,8,6983.677244222132,6983.677244222132,1.0,0.26
main,v040,LOLO-nes-f2,secondary,LOLO,nested,2,A,MAPPO|wcnc2027_ablation/mappo_seed77/mappo_best.pt,MAPPO,77,R,wcnc2027_ablation 2026-09-14,3,-164.82538383489316,137.82538383489316,27.0,0.0,0.0,207.34812914198812,207.34812914198812,0.0009910802775024777,0.0009910802775024777,0.0,0.0009910802775024777,0.0,0,0.0,1,4.163245459378105,4.163245459378105,1.0,0.26
main,v040,LOLO-nes-f2,secondary,LOLO,nested,2,A,MAPPO|wcnc2027_ablation/mappo_seed77/mappo_best.pt,MAPPO,77,R,wcnc2027_ablation 2026-09-14,4,-3964.561005201259,840.0243030012596,3078.0,2.1617022,44.375,201.73985744154623,201.19943189154623,0.11298315163528246,0.0,0.11298315163528246,0.11298315163528246,0.05649157581764123,114,10.846382556987116,114,6983.677244222131,6983.677244222132,1.0,0.26
main,v040,LOLO-nes-f2,secondary,LOLO,nested,2,A,MAPPO|wcnc2027_ablation/mappo_seed77/mappo_best.pt,MAPPO,77,R,wcnc2027_ablation 2026-09-14,5,-1626.4868860781032,422.1525448781033,1188.0,0.8343412000000001,15.5,205.50055843424855,205.29197313424856,0.04360753221010902,0.0,0.04360753221010902,0.04360753221010902,0.02180376610505451,44,4.186323092170466,44,6983.677244222133,6983.677244222132,1.0,0.26
main,v040,LOLO-nes-f2,secondary,LOLO,nested,2,A,MAPPO|wcnc2027_ablation/mappo_seed77/mappo_best.pt,MAPPO,77,R,wcnc2027_ablation 2026-09-14,6,-3855.599754504989,844.388901504989,2970.0,2.085853,39.125,202.07169079968736,201.55022754968735,0.10901883052527254,0.0,0.10901883052527254,0.10901883052527254,0.05450941526263627,110,10.465807730426166,110,6983.677244222132,6983.677244222132,1.0,0.26
main,v040,LOLO-nes-f2,secondary,LOLO,nested,2,A,MAPPO|wcnc2027_ablation/mappo_seed77/mappo_best.pt,MAPPO,77,R,wcnc2027_ablation 2026-09-14,7,-3236.4797325899126,715.9852009899125,2484.0,1.7445316000000002,34.75,203.83860688877868,203.4024739887787,0.09117938553022795,0.0,0.09117938553022795,0.09117938553022795,0.04558969276511397,92,8.753221010901884,92,6983.677244222132,6983.677244222132,1.0,0.26
main,v040,LOLO-nes-f2,secondary,LOLO,nested,2,A,MAPPO|wcnc2027_ablation/mappo_seed77/mappo_best.pt,MAPPO,77,R,wcnc2027_ablation 2026-09-14,8,-1203.9159275859206,383.72205858592054,810.0,0.5688690000000001,9.625,205.763013469103,205.62079621910297,0.02973240832507433,0.0,0.02973240832507433,0.02973240832507433,0.014866204162537165,30,2.8543111992071357,30,6983.677244222133,6983.677244222132,1.0,0.26
main,v040,LOLO-nes-f2,secondary,LOLO,nested,2,A,MAPPO|wcnc2027_ablation/mappo_seed77/mappo_best.pt,MAPPO,77,R,wcnc2027_ablation 2026-09-14,9,-458.96443054184465,80.96443054184468,378.0,0.0,0.0,207.46463471200627,207.46463471200627,0.013875123885034688,0.013875123885034688,0.0,0.013875123885034688,0.0,0,0.0,14,32.11616248022194,158.24556367822564,1.0,0.26
main,v040,LOLO-nes-f2,secondary,LOLO,nested,2,A,Centralized PPO|wcnc2027_ablation/central_seed77/ppo_multi_site.zip,Centralized PPO,77,R,wcnc2027_ablation 2026-09-14,all,-69689.0436288568,6148.321508456787,63531.0,1.9721204,7.75,2505.0149146721496,2504.5218845721492,0.233201189296333,0.0032705649157581764,0.2317145688800793,0.233201189296333,0.2265609514370664,102,0.9704658077304261,2353,6941.43585081287,7468.644993958343,1.0,0.66
main,v040,LOLO-nes-f2,secondary,LOLO,nested,2,A,Centralized PPO|wcnc2027_ablation/central_seed77/ppo_multi_site.zip,Centralized PPO,77,R,wcnc2027_ablation 2026-09-14,0,-28452.213043535397,1209.2130229353984,27243.0,2.06e-05,0.0,310.40344354725585,310.40343839725585,1.0,0.0019821605550049554,1.0,1.0,1.0,0,0.0,1009,6984.038047659679,7165.702578465347,1.0,0.66
main,v040,LOLO-nes-f2,secondary,LOLO,nested,2,A,Centralized PPO|wcnc2027_ablation/central_seed77/ppo_multi_site.zip,Centralized PPO,77,R,wcnc2027_ablation 2026-09-14,1,-6392.59029229262,585.2222724926194,5805.0,0.49301980000000006,1.875,215.49091555613916,215.36766060613917,0.2130822596630327,0.0,0.2130822596630327,0.2130822596630327,0.2001982160555005,25,2.3785926660059467,215,6983.677244222132,6983.677244222132,1.0,0.66
main,v040,LOLO-nes-f2,secondary,LOLO,nested,2,A,Centralized PPO|wcnc2027_ablation/central_seed77/ppo_multi_site.zip,Centralized PPO,77,R,wcnc2027_ablation 2026-09-14,2,-285.1260769824414,285.1260769824414,0.0,0.0,0.0,207.06012287456912,207.06012287456912,0.0,0.0,0.0,0.0,0.0,0,0.0,0,0.0,0.0,0.0,0.66
main,v040,LOLO-nes-f2,secondary,LOLO,nested,2,A,Centralized PPO|wcnc2027_ablation/central_seed77/ppo_multi_site.zip,Centralized PPO,77,R,wcnc2027_ablation 2026-09-14,3,-164.82538383489316,137.82538383489316,27.0,0.0,0.0,207.34812914198812,207.34812914198812,0.0009910802775024777,0.0009910802775024777,0.0,0.0009910802775024777,0.0,0,0.0,1,4.163245459378105,4.163245459378105,1.0,0.66
main,v040,LOLO-nes-f2,secondary,LOLO,nested,2,A,Centralized PPO|wcnc2027_ablation/central_seed77/ppo_multi_site.zip,Centralized PPO,77,R,wcnc2027_ablation 2026-09-14,4,-5433.028219185568,787.3231239855681,4644.0,0.45509520000000003,1.25,212.6440016239007,212.53022782390065,0.17046580773042616,0.0,0.17046580773042616,0.17046580773042616,0.15857284440039643,23,2.188305252725471,172,6983.677244222133,6983.677244222132,1.0,0.66
main,v040,LOLO-nes-f2,secondary,LOLO,nested,2,A,Centralized PPO|wcnc2027_ablation/central_seed77/ppo_multi_site.zip,Centralized PPO,77,R,wcnc2027_ablation 2026-09-14,5,-442.9269920292966,442.9269920292966,0.0,0.0,0.0,206.94560538958177,206.94560538958177,0.0,0.0,0.0,0.0,0.0,0,0.0,0,0.0,0.0,0.0,0.66
main,v040,LOLO-nes-f2,secondary,LOLO,nested,2,A,Centralized PPO|wcnc2027_ablation/central_seed77/ppo_multi_site.zip,Centralized PPO,77,R,wcnc2027_ablation 2026-09-14,6,-4212.908995966616,1022.7151269666156,3186.0,0.5688690000000001,3.625,254.1712671391544,254.0290498891544,0.11694747274529237,0.008919722497522299,0.11694747274529237,0.11694747274529237,0.10208126858275521,30,2.8543111992071357,118,7008.814532590526,7468.644993958343,1.0,0.66
main,v040,LOLO-nes-f2,secondary,LOLO,nested,2,A,Centralized PPO|wcnc2027_ablation/central_seed77/ppo_multi_site.zip,Centralized PPO,77,R,wcnc2027_ablation 2026-09-14,7,-23389.65756847179,1194.7403772717907,22194.0,0.41719120000000004,0.5,475.9457799152898,475.84148211528975,0.8146679881070367,0.006937561942517344,0.8146679881070367,0.8146679881070367,0.8037661050545094,23,2.188305252725471,822,6985.595881393902,7468.644993958343,1.0,0.66
main,v040,LOLO-nes-f2,secondary,LOLO,nested,2,A,Centralized PPO|wcnc2027_ablation/central_seed77/ppo_multi_site.zip,Centralized PPO,77,R,wcnc2027_ablation 2026-09-14,8,-456.8026260163181,402.2647014163181,54.0,0.0379246,0.5,207.54101477226436,207.53153362226436,0.0019821605550049554,0.0,0.0019821605550049554,0.0019821605550049554,0.0009910802775024777,1,0.09514370664023787,2,6983.677244222132,6983.677244222132,1.0,0.66
main,v040,LOLO-nes-f2,secondary,LOLO,nested,2,A,Centralized PPO|wcnc2027_ablation/central_seed77/ppo_multi_site.zip,Centralized PPO,77,R,wcnc2027_ablation 2026-09-14,9,-458.96443054184465,80.96443054184468,378.0,0.0,0.0,207.46463471200627,207.46463471200627,0.013875123885034688,0.013875123885034688,0.0,0.013875123885034688,0.0,0,0.0,14,32.11616248022194,158.24556367822564,1.0,0.66
main,v040,LOLO-nes-f2,secondary,LOLO,nested,2,A,MAPPO|mappo_seed77_20260517T110908/mappo_best.pt,MAPPO,77,P,"May 2026, pre-781c90c reward",all,-21546.60062239342,5586.580035993422,15741.0,10.7705864,208.25,2044.4912020976126,2041.7985554976126,0.05777998017839445,0.0014866204162537165,0.056293359762140734,0.05777998017839445,0.028146679881070367,568,5.404162537165511,583,6804.772665931997,6983.677244222132,1.0,0.24
main,v040,LOLO-nes-f2,secondary,LOLO,nested,2,A,MAPPO|mappo_seed77_20260517T110908/mappo_best.pt,MAPPO,77,P,"May 2026, pre-781c90c reward",0,-5326.9877777245165,1162.1055081245163,4104.0,2.8822696,58.0,199.83384428814512,199.11327688814512,0.1506442021803766,0.0,0.1506442021803766,0.1506442021803766,0.0753221010901883,152,14.461843409316156,152,6983.677244222132,6983.677244222132,1.0,0.24
main,v040,LOLO-nes-f2,secondary,LOLO,nested,2,A,MAPPO|mappo_seed77_20260517T110908/mappo_best.pt,MAPPO,77,P,"May 2026, pre-781c90c reward",1,-2794.0027162504684,713.3115814504681,2052.0,1.4411348000000002,27.25,203.25287634382303,202.89259264382304,0.0753221010901883,0.0,0.0753221010901883,0.0753221010901883,0.03766105054509415,76,7.230921704658078,76,6983.677244222134,6983.677244222132,1.0,0.24
main,v040,LOLO-nes-f2,secondary,LOLO,nested,2,A,MAPPO|mappo_seed77_20260517T110908/mappo_best.pt,MAPPO,77,P,"May 2026, pre-781c90c reward",2,-391.87742365196107,282.8015744519611,108.0,0.0758492,1.0,206.89795384703882,206.87899154703882,0.003964321110009911,0.0,0.003964321110009911,0.003964321110009911,0.0019821605550049554,4,0.3805748265609515,4,6983.677244222132,6983.677244222132,1.0,0.24
main,v040,LOLO-nes-f2,secondary,LOLO,nested,2,A,MAPPO|mappo_seed77_20260517T110908/mappo_best.pt,MAPPO,77,P,"May 2026, pre-781c90c reward",3,-164.82538383489316,137.82538383489316,27.0,0.0,0.0,207.34812914198812,207.34812914198812,0.0009910802775024777,0.0009910802775024777,0.0,0.0009910802775024777,0.0,0,0.0,1,4.163245459378105,4.163245459378105,1.0,0.24
main,v040,LOLO-nes-f2,secondary,LOLO,nested,2,A,MAPPO|mappo_seed77_20260517T110908/mappo_best.pt,MAPPO,77,P,"May 2026, pre-781c90c reward",4,-3691.2836557089845,841.1865765089847,2808.0,1.9720792,40.125,201.95841445481167,201.46539465481166,0.10307234886025768,0.0,0.10307234886025768,0.10307234886025768,0.05153617443012884,104,9.894945490584737,104,6983.677244222131,6983.677244222132,1.0,0.24
main,v040,LOLO-nes-f2,secondary,LOLO,nested,2,A,MAPPO|mappo_seed77_20260517T110908/mappo_best.pt,MAPPO,77,P,"May 2026, pre-781c90c reward",5,-1410.3834005730675,425.0757577730675,972.0,0.6826428000000001,12.625,205.69833977433362,205.52767907433363,0.035678889990089196,0.0,0.035678889990089196,0.035678889990089196,0.017839444995044598,36,3.4251734390485633,36,6983.677244222133,6983.677244222132,1.0,0.24
main,v040,LOLO-nes-f2,secondary,LOLO,nested,2,A,MAPPO|mappo_seed77_20260517T110908/mappo_best.pt,MAPPO,77,P,"May 2026, pre-781c90c reward",6,-3527.9293694472226,845.3210640472222,2646.0,1.8583054000000003,34.75,202.20190430444336,201.73732795444334,0.09712586719524281,0.0,0.09712586719524281,0.09712586719524281,0.048562933597621406,98,9.32408325074331,98,6983.677244222132,6983.677244222132,1.0,0.24
main,v040,LOLO-nes-f2,secondary,LOLO,nested,2,A,MAPPO|mappo_seed77_20260517T110908/mappo_best.pt,MAPPO,77,P,"May 2026, pre-781c90c reward",7,-2793.5211738669714,712.4550390669709,2052.0,1.4411348,27.625,203.93320813880166,203.57292443880164,0.0753221010901883,0.0,0.0753221010901883,0.0753221010901883,0.03766105054509415,76,7.230921704658078,76,6983.677244222134,6983.677244222132,1.0,0.24
main,v040,LOLO-nes-f2,secondary,LOLO,nested,2,A,MAPPO|mappo_seed77_20260517T110908/mappo_best.pt,MAPPO,77,P,"May 2026, pre-781c90c reward",8,-986.825290793493,385.53312019349295,594.0,0.41717060000000006,6.875,205.9018970922208,205.7976044422208,0.02180376610505451,0.0,0.02180376610505451,0.02180376610505451,0.010901883052527254,22,2.093161546085233,22,6983.677244222133,6983.677244222132,1.0,0.24
main,v040,LOLO-nes-f2,secondary,LOLO,nested,2,A,MAPPO|mappo_seed77_20260517T110908/mappo_best.pt,MAPPO,77,P,"May 2026, pre-781c90c reward",9,-458.96443054184465,80.96443054184468,378.0,0.0,0.0,207.46463471200627,207.46463471200627,0.013875123885034688,0.013875123885034688,0.0,0.013875123885034688,0.0,0,0.0,14,32.11616248022194,158.24556367822564,1.0,0.24
main,v040,LOLO-nes-f2,secondary,LOLO,nested,2,A,MAPPO|mappo_seed99_20260517T003433/mappo_best.pt,MAPPO,99,P,"May 2026, pre-781c90c reward",all,-21687.099137896905,5561.839777696907,15903.0,10.8843602,211.375,2043.7346842641527,2041.0135942141528,0.058374628344895936,0.0014866204162537165,0.05688800792864222,0.058374628344895936,0.02844400396432111,574,5.461248761149653,589,6806.595123435801,6983.677244222132,1.0,0.24
main,v040,LOLO-nes-f2,secondary,LOLO,nested,2,A,MAPPO|mappo_seed99_20260517T003433/mappo_best.pt,MAPPO,99,P,"May 2026, pre-781c90c reward",0,-5163.751267065392,1162.7327712653919,3942.0,2.7684958,56.25,199.93121831516203,199.23909436516203,0.14469772051536176,0.0,0.14469772051536176,0.14469772051536176,0.07234886025768088,146,13.890981169474728,146,6983.677244222133,6983.677244222132,1.0,0.24
main,v040,LOLO-nes-f2,secondary,LOLO,nested,2,A,MAPPO|mappo_seed99_20260517T003433/mappo_best.pt,MAPPO,99,P,"May 2026, pre-781c90c reward",1,-2835.718720132226,699.864660732226,2106.0,1.4790594000000001,28.375,203.14866025077345,202.77889540077342,0.07730426164519326,0.0,0.07730426164519326,0.07730426164519326,0.03865213082259663,78,7.421209117938553,78,6983.677244222134,6983.677244222132,1.0,0.24
main,v040,LOLO-nes-f2,secondary,LOLO,nested,2,A,MAPPO|mappo_seed99_20260517T003433/mappo_best.pt,MAPPO,99,P,"May 2026, pre-781c90c reward",2,-500.21609133111735,282.06439293111737,216.0,0.1516984,2.0,206.86030981110815,206.82238521110816,0.007928642220019821,0.0,0.007928642220019821,0.007928642220019821,0.003964321110009911,8,0.761149653121903,8,6983.677244222132,6983.677244222132,1.0,0.24
main,v040,LOLO-nes-f2,secondary,LOLO,nested,2,A,MAPPO|mappo_seed99_20260517T003433/mappo_best.pt,MAPPO,99,P,"May 2026, pre-781c90c reward",3,-164.82538383489316,137.82538383489316,27.0,0.0,0.0,207.34812914198812,207.34812914198812,0.0009910802775024777,0.0009910802775024777,0.0,0.0009910802775024777,0.0,0,0.0,1,4.163245459378105,4.163245459378105,1.0,0.24
main,v040,LOLO-nes-f2,secondary,LOLO,nested,2,A,MAPPO|mappo_seed99_20260517T003433/mappo_best.pt,MAPPO,99,P,"May 2026, pre-781c90c reward",4,-3692.3770099340227,842.279930734023,2808.0,1.9720792,40.125,201.8224153032665,201.32939550326648,0.10307234886025768,0.0,0.10307234886025768,0.10307234886025768,0.05153617443012884,104,9.894945490584737,104,6983.677244222131,6983.677244222132,1.0,0.24
main,v040,LOLO-nes-f2,secondary,LOLO,nested,2,A,MAPPO|mappo_seed99_20260517T003433/mappo_best.pt,MAPPO,99,P,"May 2026, pre-781c90c reward",5,-1462.2564420297022,422.285874629702,1026.0,0.7205674000000001,13.25,205.51055218727151,205.33041033727153,0.03766105054509415,0.0,0.03766105054509415,0.03766105054509415,0.018830525272547076,38,3.615460852329039,38,6983.677244222134,6983.677244222132,1.0,0.24
main,v040,LOLO-nes-f2,secondary,LOLO,nested,2,A,MAPPO|mappo_seed99_20260517T003433/mappo_best.pt,MAPPO,99,P,"May 2026, pre-781c90c reward",6,-3523.9141454709606,840.5558400709606,2646.0,1.8583054000000003,35.5,202.042332584126,201.577756234126,0.09712586719524281,0.0,0.09712586719524281,0.09712586719524281,0.048562933597621406,98,9.32408325074331,98,6983.677244222132,6983.677244222132,1.0,0.24
main,v040,LOLO-nes-f2,secondary,LOLO,nested,2,A,MAPPO|mappo_seed99_20260517T003433/mappo_best.pt,MAPPO,99,P,"May 2026, pre-781c90c reward",7,-2843.356603925777,707.627544525777,2106.0,1.4790594000000001,28.25,203.7163395377125,203.34657468771252,0.07730426164519326,0.0,0.07730426164519326,0.07730426164519326,0.03865213082259663,78,7.421209117938553,78,6983.677244222134,6983.677244222132,1.0,0.24
main,v040,LOLO-nes-f2,secondary,LOLO,nested,2,A,MAPPO|mappo_seed99_20260517T003433/mappo_best.pt,MAPPO,99,P,"May 2026, pre-781c90c reward",8,-1041.7190436309704,385.6389484309703,648.0,0.45509520000000003,7.625,205.8900924207382,205.77631862073815,0.023785926660059464,0.0,0.023785926660059464,0.023785926660059464,0.011892963330029732,24,2.2834489593657086,24,6983.677244222131,6983.677244222132,1.0,0.24
main,v040,LOLO-nes-f2,secondary,LOLO,nested,2,A,MAPPO|mappo_seed99_20260517T003433/mappo_best.pt,MAPPO,99,P,"May 2026, pre-781c90c reward",9,-458.96443054184465,80.96443054184468,378.0,0.0,0.0,207.46463471200627,207.46463471200627,0.013875123885034688,0.013875123885034688,0.0,0.013875123885034688,0.0,0,0.0,14,32.11616248022194,158.24556367822564,1.0,0.24
main,v040,LOLO-nes-f2,secondary,LOLO,nested,2,A,Centralized PPO|ppo_multi_site_seed7_20260517T004954/ppo_multi_site.zip,Centralized PPO,7,P,"May 2026, pre-781c90c reward",all,-23711.079205155394,6060.7809873553915,17577.0,5.4232178,67.875,2147.9565028827055,2146.600698432706,0.0645193260654113,0.0019821605550049554,0.06303270564915758,0.0645193260654113,0.04886025768087215,285,2.711595639246779,651,6825.13774017038,7165.702578465347,1.0,0.64
main,v040,LOLO-nes-f2,secondary,LOLO,nested,2,A,Centralized PPO|ppo_multi_site_seed7_20260517T004954/ppo_multi_site.zip,Centralized PPO,7,P,"May 2026, pre-781c90c reward",0,-3876.711159564615,1343.9329493646155,2511.0,1.4032102,20.375,218.8390560449714,218.4882534949714,0.09217046580773043,0.0,0.09217046580773043,0.09217046580773043,0.05550049554013875,74,7.040634291377602,93,6983.677244222132,6983.677244222132,1.0,0.64
main,v040,LOLO-nes-f2,secondary,LOLO,nested,2,A,Centralized PPO|ppo_multi_site_seed7_20260517T004954/ppo_multi_site.zip,Centralized PPO,7,P,"May 2026, pre-781c90c reward",1,-868.0915634667572,868.0915634667572,0.0,0.0,0.0,206.8419494141882,206.8419494141882,0.0,0.0,0.0,0.0,0.0,0,0.0,0,0.0,0.0,0.0,0.64
main,v040,LOLO-nes-f2,secondary,LOLO,nested,2,A,Centralized PPO|ppo_multi_site_seed7_20260517T004954/ppo_multi_site.zip,Centralized PPO,7,P,"May 2026, pre-781c90c reward",2,-285.1260769824414,285.1260769824414,0.0,0.0,0.0,207.06012287456912,207.06012287456912,0.0,0.0,0.0,0.0,0.0,0,0.0,0,0.0,0.0,0.0,0.64
main,v040,LOLO-nes-f2,secondary,LOLO,nested,2,A,Centralized PPO|ppo_multi_site_seed7_20260517T004954/ppo_multi_site.zip,Centralized PPO,7,P,"May 2026, pre-781c90c reward",3,-164.82538383489316,137.82538383489316,27.0,0.0,0.0,207.34812914198812,207.34812914198812,0.0009910802775024777,0.0009910802775024777,0.0,0.0009910802775024777,0.0,0,0.0,1,4.163245459378105,4.163245459378105,1.0,0.64
main,v040,LOLO-nes-f2,secondary,LOLO,nested,2,A,Centralized PPO|ppo_multi_site_seed7_20260517T004954/ppo_multi_site.zip,Centralized PPO,7,P,"May 2026, pre-781c90c reward",4,-12780.417985813308,766.979585213309,11988.0,2.3134006,23.125,257.8046479750711,257.2262978250711,0.4400396432111001,0.002973240832507433,0.4400396432111001,0.4400396432111001,0.379583746283449,122,11.607532210109019,444,6985.317112098195,7165.702578465347,1.0,0.64
main,v040,LOLO-nes-f2,secondary,LOLO,nested,2,A,Centralized PPO|ppo_multi_site_seed7_20260517T004954/ppo_multi_site.zip,Centralized PPO,7,P,"May 2026, pre-781c90c reward",5,-442.9269920292966,442.9269920292966,0.0,0.0,0.0,206.94560538958177,206.94560538958177,0.0,0.0,0.0,0.0,0.0,0,0.0,0,0.0,0.0,0.0,0.64
main,v040,LOLO-nes-f2,secondary,LOLO,nested,2,A,Centralized PPO|ppo_multi_site_seed7_20260517T004954/ppo_multi_site.zip,Centralized PPO,7,P,"May 2026, pre-781c90c reward",6,-955.4339728394466,955.4339728394466,0.0,0.0,0.0,206.73204604069127,206.73204604069127,0.0,0.0,0.0,0.0,0.0,0,0.0,0,0.0,0.0,0.0,0.64
main,v040,LOLO-nes-f2,secondary,LOLO,nested,2,A,Centralized PPO|ppo_multi_site_seed7_20260517T004954/ppo_multi_site.zip,Centralized PPO,7,P,"May 2026, pre-781c90c reward",7,-3476.941526704106,777.8599197041058,2673.0,1.7066070000000002,24.375,221.9791398160284,221.55248806602842,0.0981169474727453,0.0019821605550049554,0.0981169474727453,0.0981169474727453,0.053518334985133795,89,8.46778989098117,99,6987.3545237017925,7165.702578465347,1.0,0.64
main,v040,LOLO-nes-f2,secondary,LOLO,nested,2,A,Centralized PPO|ppo_multi_site_seed7_20260517T004954/ppo_multi_site.zip,Centralized PPO,7,P,"May 2026, pre-781c90c reward",8,-401.6401133786817,401.6401133786817,0.0,0.0,0.0,206.94117147360993,206.94117147360993,0.0,0.0,0.0,0.0,0.0,0,0.0,0,0.0,0.0,0.0,0.64
main,v040,LOLO-nes-f2,secondary,LOLO,nested,2,A,Centralized PPO|ppo_multi_site_seed7_20260517T004954/ppo_multi_site.zip,Centralized PPO,7,P,"May 2026, pre-781c90c reward",9,-458.96443054184465,80.96443054184468,378.0,0.0,0.0,207.46463471200627,207.46463471200627,0.013875123885034688,0.013875123885034688,0.0,0.013875123885034688,0.0,0,0.0,14,32.11616248022194,158.24556367822564,1.0,0.64
main,v040,LOLO-nes-f2,secondary,LOLO,nested,2,A,Centralized PPO|ppo_multi_site_seed13_20260517T004954/ppo_multi_site.zip,Centralized PPO,13,P,"May 2026, pre-781c90c reward",all,-23178.590773883618,6299.729734283621,16875.0,0.9860396,2.875,2177.099540754582,2176.853030854582,0.06194251734390486,0.0016848364717542122,0.06045589692765114,0.06194251734390486,0.0578790882061447,51,0.48523290386521306,625,6817.377534662673,7165.702578465347,1.0,0.64
main,v040,LOLO-nes-f2,secondary,LOLO,nested,2,A,Centralized PPO|ppo_multi_site_seed13_20260517T004954/ppo_multi_site.zip,Centralized PPO,13,P,"May 2026, pre-781c90c reward",0,-1320.4769098140657,1320.4769098140657,0.0,0.0,0.0,206.65209354533326,206.65209354533326,0.0,0.0,0.0,0.0,0.0,0,0.0,0,0.0,0.0,0.0,0.64
main,v040,LOLO-nes-f2,secondary,LOLO,nested,2,A,Centralized PPO|ppo_multi_site_seed13_20260517T004954/ppo_multi_site.zip,Centralized PPO,13,P,"May 2026, pre-781c90c reward",1,-868.0915634667572,868.0915634667572,0.0,0.0,0.0,206.8419494141882,206.8419494141882,0.0,0.0,0.0,0.0,0.0,0,0.0,0,0.0,0.0,0.0,0.64
main,v040,LOLO-nes-f2,secondary,LOLO,nested,2,A,Centralized PPO|ppo_multi_site_seed13_20260517T004954/ppo_multi_site.zip,Centralized PPO,13,P,"May 2026, pre-781c90c reward",2,-285.1260769824414,285.1260769824414,0.0,0.0,0.0,207.06012287456912,207.06012287456912,0.0,0.0,0.0,0.0,0.0,0,0.0,0,0.0,0.0,0.0,0.64
main,v040,LOLO-nes-f2,secondary,LOLO,nested,2,A,Centralized PPO|ppo_multi_site_seed13_20260517T004954/ppo_multi_site.zip,Centralized PPO,13,P,"May 2026, pre-781c90c reward",3,-164.82538383489316,137.82538383489316,27.0,0.0,0.0,207.34812914198812,207.34812914198812,0.0009910802775024777,0.0009910802775024777,0.0,0.0009910802775024777,0.0,0,0.0,1,4.163245459378105,4.163245459378105,1.0,0.64
main,v040,LOLO-nes-f2,secondary,LOLO,nested,2,A,Centralized PPO|ppo_multi_site_seed13_20260517T004954/ppo_multi_site.zip,Centralized PPO,13,P,"May 2026, pre-781c90c reward",4,-1342.8088470693108,963.6950732693108,378.0,0.11377380000000001,1.0,211.40994741707635,211.38150396707636,0.013875123885034688,0.0009910802775024777,0.013875123885034688,0.013875123885034688,0.010901883052527254,6,0.5708622398414271,14,6996.679053810933,7165.702578465347,1.0,0.64
main,v040,LOLO-nes-f2,secondary,LOLO,nested,2,A,Centralized PPO|ppo_multi_site_seed13_20260517T004954/ppo_multi_site.zip,Centralized PPO,13,P,"May 2026, pre-781c90c reward",5,-442.9269920292966,442.9269920292966,0.0,0.0,0.0,206.94560538958177,206.94560538958177,0.0,0.0,0.0,0.0,0.0,0,0.0,0,0.0,0.0,0.0,0.64
main,v040,LOLO-nes-f2,secondary,LOLO,nested,2,A,Centralized PPO|ppo_multi_site_seed13_20260517T004954/ppo_multi_site.zip,Centralized PPO,13,P,"May 2026, pre-781c90c reward",6,-955.4339728394466,955.4339728394466,0.0,0.0,0.0,206.73204604069127,206.73204604069127,0.0,0.0,0.0,0.0,0.0,0,0.0,0,0.0,0.0,0.0,0.64
main,v040,LOLO-nes-f2,secondary,LOLO,nested,2,A,Centralized PPO|ppo_multi_site_seed13_20260517T004954/ppo_multi_site.zip,Centralized PPO,13,P,"May 2026, pre-781c90c reward",7,-16938.296483926883,843.5492181268826,16092.0,0.8722657999999999,1.875,309.70384074553755,309.48577429553745,0.5906838453914767,0.0009910802775024777,0.5906838453914767,0.5906838453914767,0.5678889990089198,45,4.281466798810704,596,6983.982655856768,7165.702578465347,1.0,0.64
main,v040,LOLO-nes-f2,secondary,LOLO,nested,2,A,Centralized PPO|ppo_multi_site_seed13_20260517T004954/ppo_multi_site.zip,Centralized PPO,13,P,"May 2026, pre-781c90c reward",8,-401.6401133786817,401.6401133786817,0.0,0.0,0.0,206.94117147360993,206.94117147360993,0.0,0.0,0.0,0.0,0.0,0,0.0,0,0.0,0.0,0.0,0.64
main,v040,LOLO-nes-f2,secondary,LOLO,nested,2,A,Centralized PPO|ppo_multi_site_seed13_20260517T004954/ppo_multi_site.zip,Centralized PPO,13,P,"May 2026, pre-781c90c reward",9,-458.96443054184465,80.96443054184468,378.0,0.0,0.0,207.46463471200627,207.46463471200627,0.013875123885034688,0.013875123885034688,0.0,0.013875123885034688,0.0,0,0.0,14,32.11616248022194,158.24556367822564,1.0,0.64
main,v040,LOLO-nes-f2,secondary,LOLO,nested,2,A,Centralized PPO|ppo_multi_site_seed42_20260517T004954/ppo_multi_site.zip,Centralized PPO,42,P,"May 2026, pre-781c90c reward",all,-28531.956876320153,5910.137697320155,22572.0,3.944179,45.875,2141.9531251007515,2140.9670803507515,0.08285431119920714,0.0015857284440039642,0.08136769078295342,0.08285431119920714,0.07106045589692765,205,1.9504459861248762,836,6859.132574594252,7165.702578465347,1.0,0.64
main,v040,LOLO-nes-f2,secondary,LOLO,nested,2,A,Centralized PPO|ppo_multi_site_seed42_20260517T004954/ppo_multi_site.zip,Centralized PPO,42,P,"May 2026, pre-781c90c reward",0,-6544.349167315362,1403.5864087153607,5130.0,1.1377586000000002,9.625,244.52755746982666,244.24311781982664,0.18830525272547077,0.0,0.18830525272547077,0.18830525272547077,0.15857284440039643,60,5.708622398414271,190,6983.677244222133,6983.677244222132,1.0,0.64
main,v040,LOLO-nes-f2,secondary,LOLO,nested,2,A,Centralized PPO|ppo_multi_site_seed42_20260517T004954/ppo_multi_site.zip,Centralized PPO,42,P,"May 2026, pre-781c90c reward",1,-5507.567536231195,593.1376276311951,4887.0,1.5549086,25.875,205.51276731270323,205.12404016270324,0.17938553022794845,0.0,0.17938553022794845,0.17938553022794845,0.13875123885034688,81,7.706640237859267,181,6983.677244222131,6983.677244222132,1.0,0.64
main,v040,LOLO-nes-f2,secondary,LOLO,nested,2,A,Centralized PPO|ppo_multi_site_seed42_20260517T004954/ppo_multi_site.zip,Centralized PPO,42,P,"May 2026, pre-781c90c reward",2,-285.1260769824414,285.1260769824414,0.0,0.0,0.0,207.06012287456912,207.06012287456912,0.0,0.0,0.0,0.0,0.0,0,0.0,0,0.0,0.0,0.0,0.64
main,v040,LOLO-nes-f2,secondary,LOLO,nested,2,A,Centralized PPO|ppo_multi_site_seed42_20260517T004954/ppo_multi_site.zip,Centralized PPO,42,P,"May 2026, pre-781c90c reward",3,-164.82538383489316,137.82538383489316,27.0,0.0,0.0,207.34812914198812,207.34812914198812,0.0009910802775024777,0.0009910802775024777,0.0,0.0009910802775024777,0.0,0,0.0,1,4.163245459378105,4.163245459378105,1.0,0.64
main,v040,LOLO-nes-f2,secondary,LOLO,nested,2,A,Centralized PPO|ppo_multi_site_seed42_20260517T004954/ppo_multi_site.zip,Centralized PPO,42,P,"May 2026, pre-781c90c reward",4,-955.2158570730161,955.2158570730161,0.0,0.0,0.0,206.7402966006959,206.7402966006959,0.0,0.0,0.0,0.0,0.0,0,0.0,0,0.0,0.0,0.0,0.64
main,v040,LOLO-nes-f2,secondary,LOLO,nested,2,A,Centralized PPO|ppo_multi_site_seed42_20260517T004954/ppo_multi_site.zip,Centralized PPO,42,P,"May 2026, pre-781c90c reward",5,-442.9269920292966,442.9269920292966,0.0,0.0,0.0,206.94560538958177,206.94560538958177,0.0,0.0,0.0,0.0,0.0,0,0.0,0,0.0,0.0,0.0,0.64
main,v040,LOLO-nes-f2,secondary,LOLO,nested,2,A,Centralized PPO|ppo_multi_site_seed42_20260517T004954/ppo_multi_site.zip,Centralized PPO,42,P,"May 2026, pre-781c90c reward",6,-2401.378583947438,882.1467903474379,1512.0,0.6067936,6.625,204.997505288625,204.84580688862502,0.05550049554013875,0.0,0.05550049554013875,0.05550049554013875,0.03964321110009911,31,2.949454905847374,56,6983.677244222133,6983.677244222132,1.0,0.64
main,v040,LOLO-nes-f2,secondary,LOLO,nested,2,A,Centralized PPO|ppo_multi_site_seed42_20260517T004954/ppo_multi_site.zip,Centralized PPO,42,P,"May 2026, pre-781c90c reward",7,-11369.962734985987,727.5680167859869,10638.0,0.6447182,3.75,244.41533483714534,244.25415528714535,0.3904856293359762,0.0009910802775024777,0.3904856293359762,0.3904856293359762,0.3736372646184341,33,3.1397423191278495,394,6984.139237456251,7165.702578465347,1.0,0.64
main,v040,LOLO-nes-f2,secondary,LOLO,nested,2,A,Centralized PPO|ppo_multi_site_seed42_20260517T004954/ppo_multi_site.zip,Centralized PPO,42,P,"May 2026, pre-781c90c reward",8,-401.6401133786817,401.6401133786817,0.0,0.0,0.0,206.94117147360993,206.94117147360993,0.0,0.0,0.0,0.0,0.0,0,0.0,0,0.0,0.0,0.0,0.64
main,v040,LOLO-nes-f2,secondary,LOLO,nested,2,A,Centralized PPO|ppo_multi_site_seed42_20260517T004954/ppo_multi_site.zip,Centralized PPO,42,P,"May 2026, pre-781c90c reward",9,-458.96443054184465,80.96443054184468,378.0,0.0,0.0,207.46463471200627,207.46463471200627,0.013875123885034688,0.013875123885034688,0.0,0.013875123885034688,0.0,0,0.0,14,32.11616248022194,158.24556367822564,1.0,0.64
main,v040,LOLO-nes-f2,secondary,LOLO,nested,2,A,Centralized PPO|ppo_multi_site_seed99_20260517T004954/ppo_multi_site.zip,Centralized PPO,99,P,"May 2026, pre-781c90c reward",all,-54396.2477748698,5795.687087869801,48573.0,3.1856869999999997,24.375,2358.774285335605,2357.9778635856046,0.17829534192269575,0.011199207135777997,0.17680872150644203,0.17829534192269575,0.16848364717542122,166,1.5793855302279487,1799,6937.943159926666,7468.644993958343,1.0,0.64
main,v040,LOLO-nes-f2,secondary,LOLO,nested,2,A,Centralized PPO|ppo_multi_site_seed99_20260517T004954/ppo_multi_site.zip,Centralized PPO,99,P,"May 2026, pre-781c90c reward",0,-13319.133606353515,987.1882255535152,12312.0,1.8203808,18.125,209.8036064969362,209.34851129693624,0.4519326065411298,0.0009910802775024777,0.4519326065411298,0.4519326065411298,0.4043607532210109,95,9.038652130822598,456,6984.076422586699,7165.702578465347,1.0,0.64
main,v040,LOLO-nes-f2,secondary,LOLO,nested,2,A,Centralized PPO|ppo_multi_site_seed99_20260517T004954/ppo_multi_site.zip,Centralized PPO,99,P,"May 2026, pre-781c90c reward",1,-868.0915634667572,868.0915634667572,0.0,0.0,0.0,206.8419494141882,206.8419494141882,0.0,0.0,0.0,0.0,0.0,0,0.0,0,0.0,0.0,0.0,0.64
main,v040,LOLO-nes-f2,secondary,LOLO,nested,2,A,Centralized PPO|ppo_multi_site_seed99_20260517T004954/ppo_multi_site.zip,Centralized PPO,99,P,"May 2026, pre-781c90c reward",2,-285.1260769824414,285.1260769824414,0.0,0.0,0.0,207.06012287456912,207.06012287456912,0.0,0.0,0.0,0.0,0.0,0,0.0,0,0.0,0.0,0.0,0.64
main,v040,LOLO-nes-f2,secondary,LOLO,nested,2,A,Centralized PPO|ppo_multi_site_seed99_20260517T004954/ppo_multi_site.zip,Centralized PPO,99,P,"May 2026, pre-781c90c reward",3,-164.82538383489316,137.82538383489316,27.0,0.0,0.0,207.34812914198812,207.34812914198812,0.0009910802775024777,0.0009910802775024777,0.0,0.0009910802775024777,0.0,0,0.0,1,4.163245459378105,4.163245459378105,1.0,0.64
main,v040,LOLO-nes-f2,secondary,LOLO,nested,2,A,Centralized PPO|ppo_multi_site_seed99_20260517T004954/ppo_multi_site.zip,Centralized PPO,99,P,"May 2026, pre-781c90c reward",4,-7213.021257339982,678.1532375399831,6534.0,0.4930198,0.375,208.00001533006306,207.87676038006308,0.2398414271555996,0.0,0.2398414271555996,0.2398414271555996,0.22695738354806738,25,2.3785926660059467,242,6983.67724422213,6983.677244222132,1.0,0.64
main,v040,LOLO-nes-f2,secondary,LOLO,nested,2,A,Centralized PPO|ppo_multi_site_seed99_20260517T004954/ppo_multi_site.zip,Centralized PPO,99,P,"May 2026, pre-781c90c reward",5,-442.9269920292966,442.9269920292966,0.0,0.0,0.0,206.94560538958177,206.94560538958177,0.0,0.0,0.0,0.0,0.0,0,0.0,0,0.0,0.0,0.0,0.64
main,v040,LOLO-nes-f2,secondary,LOLO,nested,2,A,Centralized PPO|ppo_multi_site_seed99_20260517T004954/ppo_multi_site.zip,Centralized PPO,99,P,"May 2026, pre-781c90c reward",6,-28153.98091045992,1121.1507946599224,27027.0,0.45511579999999996,5.375,441.47507548709734,441.3612965370973,0.9920713577799801,0.04162537165510406,0.9920713577799801,0.9920713577799801,0.9801783944499505,24,2.2834489593657086,1001,6993.3673920440415,7468.644993958343,1.0,0.64
main,v040,LOLO-nes-f2,secondary,LOLO,nested,2,A,Centralized PPO|ppo_multi_site_seed99_20260517T004954/ppo_multi_site.zip,Centralized PPO,99,P,"May 2026, pre-781c90c reward",7,-757.1652070388939,757.1652070388939,0.0,0.0,0.0,206.7304661413072,206.7304661413072,0.0,0.0,0.0,0.0,0.0,0,0.0,0,0.0,0.0,0.0,0.64
main,v040,LOLO-nes-f2,secondary,LOLO,nested,2,A,Centralized PPO|ppo_multi_site_seed99_20260517T004954/ppo_multi_site.zip,Centralized PPO,99,P,"May 2026, pre-781c90c reward",8,-2733.012346822253,437.0951762222536,2295.0,0.41717060000000006,0.5,257.10468034786754,257.0003876978675,0.08424182358771061,0.05450941526263627,0.08424182358771061,0.08424182358771061,0.07333994053518335,22,2.093161546085233,85,7126.546517064882,7468.644993958343,1.0,0.64
main,v040,LOLO-nes-f2,secondary,LOLO,nested,2,A,Centralized PPO|ppo_multi_site_seed99_20260517T004954/ppo_multi_site.zip,Centralized PPO,99,P,"May 2026, pre-781c90c reward",9,-458.96443054184465,80.96443054184468,378.0,0.0,0.0,207.46463471200627,207.46463471200627,0.013875123885034688,0.013875123885034688,0.0,0.013875123885034688,0.0,0,0.0,14,32.11616248022194,158.24556367822564,1.0,0.64
main,v040,LOLO-nes-f2,secondary,LOLO,nested,2,A,MAPPO|mappo_nr_seed23/mappo_best.pt,MAPPO,23,T,"June 2026, current reward",all,-26410.343406259977,5594.9854550599775,20520.0,14.1079512,281.25,2050.826019627929,2047.299031827929,0.0753221010901883,0.002180376610505451,0.07452923686818633,0.0753221010901883,0.03766105054509415,744,7.078691774033698,760,8420.931349423925,100391.12447365571,1.0,0.24
main,v040,LOLO-nes-f2,secondary,LOLO,nested,2,A,MAPPO|mappo_nr_seed23/mappo_best.pt,MAPPO,23,T,"June 2026, current reward",0,-6412.2941684868765,1150.9034068868766,5184.0,3.6407616000000003,73.75,198.95998462869352,198.04979422869354,0.19028741328047571,0.0,0.19028741328047571,0.19028741328047571,0.09514370664023786,192,18.26759167492567,192,6983.677244222131,6983.677244222132,1.0,0.24
main,v040,LOLO-nes-f2,secondary,LOLO,nested,2,A,MAPPO|mappo_nr_seed23/mappo_best.pt,MAPPO,23,T,"June 2026, current reward",1,-3526.960544775503,730.9013901755029,2754.0,1.9341546000000003,40.125,202.76251201877847,202.27897336877845,0.10109018830525272,0.0,0.10109018830525272,0.10109018830525272,0.05054509415262636,102,9.704658077304263,102,6983.677244222132,6983.677244222132,1.0,0.24
main,v040,LOLO-nes-f2,secondary,LOLO,nested,2,A,MAPPO|mappo_nr_seed23/mappo_best.pt,MAPPO,23,T,"June 2026, current reward",2,-499.91537623242124,281.76367783242125,216.0,0.1516984,2.0,206.81348704031402,206.77556244031402,0.007928642220019821,0.0,0.007928642220019821,0.007928642220019821,0.003964321110009911,8,0.761149653121903,8,6983.677244222132,6983.677244222132,1.0,0.24
main,v040,LOLO-nes-f2,secondary,LOLO,nested,2,A,MAPPO|mappo_nr_seed23/mappo_best.pt,MAPPO,23,T,"June 2026, current reward",3,-164.82538383489316,137.82538383489316,27.0,0.0,0.0,207.34812914198812,207.34812914198812,0.0009910802775024777,0.0009910802775024777,0.0,0.0009910802775024777,0.0,0,0.0,1,4.163245459378105,4.163245459378105,1.0,0.24
main,v040,LOLO-nes-f2,secondary,LOLO,nested,2,A,MAPPO|mappo_nr_seed23/mappo_best.pt,MAPPO,23,T,"June 2026, current reward",4,-4186.900728753651,841.837328153651,3294.0,2.3134006000000005,48.75,201.72354403976772,201.1451938897677,0.12091179385530228,0.0,0.12091179385530228,0.12091179385530228,0.06045589692765114,122,11.607532210109019,122,6983.67724422213,6983.677244222132,1.0,0.24
main,v040,LOLO-nes-f2,secondary,LOLO,nested,2,A,MAPPO|mappo_nr_seed23/mappo_best.pt,MAPPO,23,T,"June 2026, current reward",5,-1845.0797844777783,421.2187448777784,1404.0,0.9860396000000001,18.875,205.5268093790195,205.2802994790195,0.05153617443012884,0.0,0.05153617443012884,0.05153617443012884,0.02576808721506442,52,4.947472745292369,52,6983.677244222133,6983.677244222132,1.0,0.24
main,v040,LOLO-nes-f2,secondary,LOLO,nested,2,A,MAPPO|mappo_nr_seed23/mappo_best.pt,MAPPO,23,T,"June 2026, current reward",6,-4188.581741554626,847.3933409546262,3294.0,2.3134006000000005,44.875,201.96631916439947,201.3879690143995,0.12091179385530228,0.0,0.12091179385530228,0.12091179385530228,0.06045589692765114,122,11.607532210109019,122,6983.67724422213,6983.677244222132,1.0,0.24
main,v040,LOLO-nes-f2,secondary,LOLO,nested,2,A,MAPPO|mappo_nr_seed23/mappo_best.pt,MAPPO,23,T,"June 2026, current reward",7,-3513.9397793747407,717.8806247747405,2754.0,1.9341546,40.125,203.95688707124887,203.47334842124886,0.10109018830525272,0.0,0.10109018830525272,0.10109018830525272,0.05054509415262636,102,9.704658077304263,102,6983.677244222132,6983.677244222132,1.0,0.24
main,v040,LOLO-nes-f2,secondary,LOLO,nested,2,A,MAPPO|mappo_nr_seed23/mappo_best.pt,MAPPO,23,T,"June 2026, current reward",8,-1313.1957083954928,383.4259901954928,918.0,0.6447182,11.125,205.72724774547805,205.56606819547804,0.03369672943508424,0.0,0.03369672943508424,0.03369672943508424,0.01684836471754212,34,3.2348860257680876,34,6983.677244222133,6983.677244222132,1.0,0.24
main,v040,LOLO-nes-f2,secondary,LOLO,nested,2,A,MAPPO|mappo_nr_seed23/mappo_best.pt,MAPPO,23,T,"June 2026, current reward",9,-758.6501903739942,81.83556737399412,675.0,0.18962299999999999,1.625,216.04109939824133,215.99369364824133,0.024777006937561942,0.02081268582755203,0.017839444995044598,0.024777006937561942,0.01288404360753221,10,0.9514370664023787,25,50955.38260230716,100391.12447365571,1.0,0.24
main,v040,LOLO-nes-f2,secondary,LOLO,nested,2,A,MAPPO|mappo_nr_seed64/mappo_best.pt,MAPPO,64,T,"June 2026, current reward",all,-23253.489062876142,5435.9445122761435,17577.0,11.7945506,228.75,2040.594291835735,2037.6456541857349,0.0645193260654113,0.0014866204162537165,0.06303270564915758,0.0645193260654113,0.03221010901883053,622,5.917938553022795,651,6823.4600873202135,6983.677244222132,1.0,0.24
main,v040,LOLO-nes-f2,secondary,LOLO,nested,2,A,MAPPO|mappo_nr_seed64/mappo_best.pt,MAPPO,64,T,"June 2026, current reward",0,-5430.282852960098,1130.5255833600982,4239.0,2.8822696000000003,57.875,199.20672813752884,198.48616073752882,0.155599603567889,0.0,0.155599603567889,0.155599603567889,0.0802775024777007,152,14.461843409316156,157,6983.677244222133,6983.677244222132,1.0,0.24
main,v040,LOLO-nes-f2,secondary,LOLO,nested,2,A,MAPPO|mappo_nr_seed64/mappo_best.pt,MAPPO,64,T,"June 2026, current reward",1,-3036.745020512015,655.5271873120147,2349.0,1.5928332,30.625,202.51112639940928,202.11291809940928,0.08622398414271557,0.0,0.08622398414271557,0.08622398414271557,0.044598612487611496,84,7.992071357779981,87,6983.677244222133,6983.677244222132,1.0,0.24
main,v040,LOLO-nes-f2,secondary,LOLO,nested,2,A,MAPPO|mappo_nr_seed64/mappo_best.pt,MAPPO,64,T,"June 2026, current reward",2,-499.6772288687661,281.5255304687662,216.0,0.1516984,2.0,206.81224711276272,206.77432251276272,0.007928642220019821,0.0,0.007928642220019821,0.007928642220019821,0.003964321110009911,8,0.761149653121903,8,6983.677244222132,6983.677244222132,1.0,0.24
main,v040,LOLO-nes-f2,secondary,LOLO,nested,2,A,MAPPO|mappo_nr_seed64/mappo_best.pt,MAPPO,64,T,"June 2026, current reward",3,-164.82538383489316,137.82538383489316,27.0,0.0,0.0,207.34812914198812,207.34812914198812,0.0009910802775024777,0.0009910802775024777,0.0,0.0009910802775024777,0.0,0,0.0,1,4.163245459378105,4.163245459378105,1.0,0.24
main,v040,LOLO-nes-f2,secondary,LOLO,nested,2,A,MAPPO|mappo_nr_seed64/mappo_best.pt,MAPPO,64,T,"June 2026, current reward",4,-3979.5698222105743,803.2339692105743,3132.0,2.085853,42.25,200.88410274733587,200.3626394973359,0.11496531219028741,0.0,0.11496531219028741,0.11496531219028741,0.06045589692765114,110,10.465807730426166,116,6983.677244222131,6983.677244222132,1.0,0.24
main,v040,LOLO-nes-f2,secondary,LOLO,nested,2,A,MAPPO|mappo_nr_seed64/mappo_best.pt,MAPPO,64,T,"June 2026, current reward",5,-1566.6348460454583,417.58842944545825,1134.0,0.7964166000000001,14.25,205.2836579118976,205.0845537618976,0.04162537165510406,0.0,0.04162537165510406,0.04162537165510406,0.02081268582755203,42,3.9960356788899905,42,6983.677244222133,6983.677244222132,1.0,0.24
main,v040,LOLO-nes-f2,secondary,LOLO,nested,2,A,MAPPO|mappo_nr_seed64/mappo_best.pt,MAPPO,64,T,"June 2026, current reward",6,-3909.7625331057397,842.8887555057397,3024.0,2.1237776000000004,40.75,201.77476035727426,201.24381595727425,0.1110009910802775,0.0,0.1110009910802775,0.1110009910802775,0.05550049554013875,112,10.65609514370664,112,6983.677244222131,6983.677244222132,1.0,0.24
main,v040,LOLO-nes-f2,secondary,LOLO,nested,2,A,MAPPO|mappo_nr_seed64/mappo_best.pt,MAPPO,64,T,"June 2026, current reward",7,-3110.6431189523473,700.5994365523477,2376.0,1.6686824,32.375,203.47115917144356,203.05398857144354,0.08721506442021804,0.0,0.08721506442021804,0.08721506442021804,0.04360753221010902,88,8.372646184340931,88,6983.677244222132,6983.677244222132,1.0,0.24
main,v040,LOLO-nes-f2,secondary,LOLO,nested,2,A,MAPPO|mappo_nr_seed64/mappo_best.pt,MAPPO,64,T,"June 2026, current reward",8,-1096.3838258444066,385.26580604440665,702.0,0.49301980000000006,8.625,205.83774614408827,205.71449119408825,0.02576808721506442,0.0,0.02576808721506442,0.02576808721506442,0.01288404360753221,26,2.4737363726461843,26,6983.677244222132,6983.677244222132,1.0,0.24
main,v040,LOLO-nes-f2,secondary,LOLO,nested,2,A,MAPPO|mappo_nr_seed64/mappo_best.pt,MAPPO,64,T,"June 2026, current reward",9,-458.96443054184465,80.96443054184468,378.0,0.0,0.0,207.46463471200627,207.46463471200627,0.013875123885034688,0.013875123885034688,0.0,0.013875123885034688,0.0,0,0.0,14,32.11616248022194,158.24556367822564,1.0,0.24
main,v040,LOLO-nes-f2,secondary,LOLO,nested,2,A,MAPPO|mappo_nr_seed99/mappo_best.pt,MAPPO,99,T,"June 2026, current reward",all,-23007.503087143985,5568.333536543985,17199.0,11.7945506,228.375,2042.4359373648394,2039.4872997148393,0.06313181367690783,0.0014866204162537165,0.06164519326065411,0.06313181367690783,0.030822596630327055,622,5.917938553022795,637,6819.938831124566,6983.677244222132,1.0,0.24
main,v040,LOLO-nes-f2,secondary,LOLO,nested,2,A,MAPPO|mappo_nr_seed99/mappo_best.pt,MAPPO,99,T,"June 2026, current reward",0,-5491.072420668623,1161.9513772686223,4266.0,2.9960434,60.125,199.5956158412205,198.8466049912205,0.1565906838453915,0.0,0.1565906838453915,0.1565906838453915,0.07829534192269574,158,15.032705649157583,158,6983.677244222134,6983.677244222132,1.0,0.24
main,v040,LOLO-nes-f2,secondary,LOLO,nested,2,A,MAPPO|mappo_nr_seed99/mappo_best.pt,MAPPO,99,T,"June 2026, current reward",1,-3132.9251002494775,722.5064178494774,2376.0,1.6686824000000002,32.75,202.88817357851008,202.47100297851006,0.08721506442021804,0.0,0.08721506442021804,0.08721506442021804,0.04360753221010902,88,8.372646184340931,88,6983.677244222132,6983.677244222132,1.0,0.24
main,v040,LOLO-nes-f2,secondary,LOLO,nested,2,A,MAPPO|mappo_nr_seed99/mappo_best.pt,MAPPO,99,T,"June 2026, current reward",2,-499.91537623242124,281.76367783242125,216.0,0.1516984,2.0,206.81348704031402,206.77556244031402,0.007928642220019821,0.0,0.007928642220019821,0.007928642220019821,0.003964321110009911,8,0.761149653121903,8,6983.677244222132,6983.677244222132,1.0,0.24
main,v040,LOLO-nes-f2,secondary,LOLO,nested,2,A,MAPPO|mappo_nr_seed99/mappo_best.pt,MAPPO,99,T,"June 2026, current reward",3,-164.82538383489316,137.82538383489316,27.0,0.0,0.0,207.34812914198812,207.34812914198812,0.0009910802775024777,0.0009910802775024777,0.0,0.0009910802775024777,0.0,0,0.0,1,4.163245459378105,4.163245459378105,1.0,0.24
main,v040,LOLO-nes-f2,secondary,LOLO,nested,2,A,MAPPO|mappo_nr_seed99/mappo_best.pt,MAPPO,99,T,"June 2026, current reward",4,-3854.083927198083,839.4980741980833,2970.0,2.085853,42.5,201.78899949728955,201.26753624728954,0.10901883052527254,0.0,0.10901883052527254,0.10901883052527254,0.05450941526263627,110,10.465807730426166,110,6983.677244222132,6983.677244222132,1.0,0.24
main,v040,LOLO-nes-f2,secondary,LOLO,nested,2,A,MAPPO|mappo_nr_seed99/mappo_best.pt,MAPPO,99,T,"June 2026, current reward",5,-1570.6475024149786,421.47608581497843,1134.0,0.7964166000000001,14.375,205.4707061401402,205.2716019901402,0.04162537165510406,0.0,0.04162537165510406,0.04162537165510406,0.02081268582755203,42,3.9960356788899905,42,6983.677244222133,6983.677244222132,1.0,0.24
main,v040,LOLO-nes-f2,secondary,LOLO,nested,2,A,MAPPO|mappo_nr_seed99/mappo_best.pt,MAPPO,99,T,"June 2026, current reward",6,-3628.7666752257155,836.8325206257152,2754.0,1.9341546,36.0,201.80495258355566,201.32141393355562,0.10109018830525272,0.0,0.10109018830525272,0.10109018830525272,0.05054509415262636,102,9.704658077304263,102,6983.677244222132,6983.677244222132,1.0,0.24
main,v040,LOLO-nes-f2,secondary,LOLO,nested,2,A,MAPPO|mappo_nr_seed99/mappo_best.pt,MAPPO,99,T,"June 2026, current reward",7,-3056.816867999227,701.8111101992266,2322.0,1.6307578,31.375,203.50004380670197,203.092354356702,0.08523290386521308,0.0,0.08523290386521308,0.08523290386521308,0.04261645193260654,86,8.182358771060457,86,6983.677244222133,6983.677244222132,1.0,0.24
main,v040,LOLO-nes-f2,secondary,LOLO,nested,2,A,MAPPO|mappo_nr_seed99/mappo_best.pt,MAPPO,99,T,"June 2026, current reward",8,-1149.4854027787233,383.7044583787231,756.0,0.5309444000000001,9.25,205.7611950231128,205.62845892311282,0.027750247770069375,0.0,0.027750247770069375,0.027750247770069375,0.013875123885034688,28,2.66402378592666,28,6983.677244222133,6983.677244222132,1.0,0.24
main,v040,LOLO-nes-f2,secondary,LOLO,nested,2,A,MAPPO|mappo_nr_seed99/mappo_best.pt,MAPPO,99,T,"June 2026, current reward",9,-458.96443054184465,80.96443054184468,378.0,0.0,0.0,207.46463471200627,207.46463471200627,0.013875123885034688,0.013875123885034688,0.0,0.013875123885034688,0.0,0,0.0,14,32.11616248022194,158.24556367822564,1.0,0.24
main,v040,LOLO-nes-f2,secondary,LOLO,nested,2,A,MAPPO|mappo_seed7_20260516T092249/mappo_best.pt,MAPPO,7,L,"May 2026, pre-781c90c reward",all,-23015.635141641746,5550.215591041748,17226.0,11.794550599999997,227.625,2042.8769648819332,2039.9283272319333,0.06323092170465808,0.0014866204162537165,0.06174430128840436,0.06323092170465808,0.030921704658077306,622,5.917938553022795,638,6820.195474405284,6983.677244222132,1.0,0.24
main,v040,LOLO-nes-f2,secondary,LOLO,nested,2,A,MAPPO|mappo_seed7_20260516T092249/mappo_best.pt,MAPPO,7,L,"May 2026, pre-781c90c reward",0,-5654.808168740974,1161.1983515409734,4428.0,3.1098172,62.5,199.48513042266865,198.70767612266863,0.16253716551040634,0.0,0.16253716551040634,0.16253716551040634,0.08126858275520317,164,15.60356788899901,164,6983.677244222133,6983.677244222132,1.0,0.24
main,v040,LOLO-nes-f2,secondary,LOLO,nested,2,A,MAPPO|mappo_seed7_20260516T092249/mappo_best.pt,MAPPO,7,L,"May 2026, pre-781c90c reward",1,-2997.7739574968627,697.0561242968624,2268.0,1.5928332,31.125,203.08437228313994,202.68616398313992,0.08325074331020813,0.0,0.08325074331020813,0.08325074331020813,0.04162537165510406,84,7.992071357779981,84,6983.677244222133,6983.677244222132,1.0,0.24
main,v040,LOLO-nes-f2,secondary,LOLO,nested,2,A,MAPPO|mappo_seed7_20260516T092249/mappo_best.pt,MAPPO,7,L,"May 2026, pre-781c90c reward",2,-445.6511893202736,282.0374155202736,162.0,0.11377380000000001,1.5,206.8386490567018,206.8102056067018,0.005946481665014866,0.0,0.005946481665014866,0.005946481665014866,0.002973240832507433,6,0.5708622398414271,6,6983.677244222133,6983.677244222132,1.0,0.24
main,v040,LOLO-nes-f2,secondary,LOLO,nested,2,A,MAPPO|mappo_seed7_20260516T092249/mappo_best.pt,MAPPO,7,L,"May 2026, pre-781c90c reward",3,-164.82538383489316,137.82538383489316,27.0,0.0,0.0,207.34812914198812,207.34812914198812,0.0009910802775024777,0.0009910802775024777,0.0,0.0009910802775024777,0.0,0,0.0,1,4.163245459378105,4.163245459378105,1.0,0.24
main,v040,LOLO-nes-f2,secondary,LOLO,nested,2,A,MAPPO|mappo_seed7_20260516T092249/mappo_best.pt,MAPPO,7,L,"May 2026, pre-781c90c reward",4,-3855.7269129061647,841.1410599061646,2970.0,2.085853,42.5,201.85309433412056,201.33163108412054,0.10901883052527254,0.0,0.10901883052527254,0.10901883052527254,0.05450941526263627,110,10.465807730426166,110,6983.677244222132,6983.677244222132,1.0,0.24
main,v040,LOLO-nes-f2,secondary,LOLO,nested,2,A,MAPPO|mappo_seed7_20260516T092249/mappo_best.pt,MAPPO,7,L,"May 2026, pre-781c90c reward",5,-1572.7618693947334,423.46545279473327,1134.0,0.7964166000000001,14.5,205.52505977217703,205.32595562217705,0.04162537165510406,0.0,0.04162537165510406,0.04162537165510406,0.02081268582755203,42,3.9960356788899905,42,6983.677244222133,6983.677244222132,1.0,0.24
main,v040,LOLO-nes-f2,secondary,LOLO,nested,2,A,MAPPO|mappo_seed7_20260516T092249/mappo_best.pt,MAPPO,7,L,"May 2026, pre-781c90c reward",6,-3706.4852650934595,833.0131858934593,2835.0,1.9720792,36.5,201.78703895887512,201.2940191588751,0.10406342913776016,0.0,0.10406342913776016,0.10406342913776016,0.05252725470763132,104,9.894945490584737,105,6983.677244222131,6983.677244222132,1.0,0.24
main,v040,LOLO-nes-f2,secondary,LOLO,nested,2,A,MAPPO|mappo_seed7_20260516T092249/mappo_best.pt,MAPPO,7,L,"May 2026, pre-781c90c reward",7,-3009.36072590864,709.3928927086396,2268.0,1.5928332,30.375,203.73173448297288,203.3335261829729,0.08325074331020813,0.0,0.08325074331020813,0.08325074331020813,0.04162537165510406,84,7.992071357779981,84,6983.677244222133,6983.677244222132,1.0,0.24
main,v040,LOLO-nes-f2,secondary,LOLO,nested,2,A,MAPPO|mappo_seed7_20260516T092249/mappo_best.pt,MAPPO,7,L,"May 2026, pre-781c90c reward",8,-1149.277238403904,384.12129400390415,756.0,0.5309444000000001,8.625,205.75912171728294,205.62638561728295,0.027750247770069375,0.0,0.027750247770069375,0.027750247770069375,0.013875123885034688,28,2.66402378592666,28,6983.677244222133,6983.677244222132,1.0,0.24
main,v040,LOLO-nes-f2,secondary,LOLO,nested,2,A,MAPPO|mappo_seed7_20260516T092249/mappo_best.pt,MAPPO,7,L,"May 2026, pre-781c90c reward",9,-458.96443054184465,80.96443054184468,378.0,0.0,0.0,207.46463471200627,207.46463471200627,0.013875123885034688,0.013875123885034688,0.0,0.013875123885034688,0.0,0,0.0,14,32.11616248022194,158.24556367822564,1.0,0.24
main,v040,LOLO-nes-f2,secondary,LOLO,nested,2,A,MAPPO|mappo_pool_off_seed1_20260526T162327/mappo_best.pt,MAPPO,1,T,search-only (scenario-variant sweep dir); traced to Table I,all,-22761.380479319945,5594.775551719946,16929.0,11.6049276,226.0,2043.5971941829844,2040.6959622829845,0.06214073339940535,0.0014866204162537165,0.06065411298315163,0.06214073339940535,0.030327056491575816,612,5.822794846382558,627,6817.3273731804275,6983.677244222132,1.0,0.27
main,v040,LOLO-nes-f2,secondary,LOLO,nested,2,A,MAPPO|mappo_pool_off_seed1_20260526T162327/mappo_best.pt,MAPPO,1,T,search-only (scenario-variant sweep dir); traced to Table I,0,-5599.7462500729325,1161.1743574729323,4374.0,3.0718926,61.5,199.71049151795023,198.94251836795024,0.1605550049554014,0.0,0.1605550049554014,0.1605550049554014,0.0802775024777007,162,15.413280475718533,162,6983.677244222133,6983.677244222132,1.0,0.27
main,v040,LOLO-nes-f2,secondary,LOLO,nested,2,A,MAPPO|mappo_pool_off_seed1_20260526T162327/mappo_best.pt,MAPPO,1,T,search-only (scenario-variant sweep dir); traced to Table I,1,-2920.0111347130896,729.74415071309,2160.0,1.516984,28.75,203.36338989113742,202.98414389113742,0.07928642220019821,0.0,0.07928642220019821,0.07928642220019821,0.03964321110009911,80,7.6114965312190295,80,6983.677244222132,6983.677244222132,1.0,0.27
main,v040,LOLO-nes-f2,secondary,LOLO,nested,2,A,MAPPO|mappo_pool_off_seed1_20260526T162327/mappo_best.pt,MAPPO,1,T,search-only (scenario-variant sweep dir); traced to Table I,2,-445.41304195661854,281.7992681566185,162.0,0.11377380000000001,1.5,206.8374091291505,206.8089656791505,0.005946481665014866,0.0,0.005946481665014866,0.005946481665014866,0.002973240832507433,6,0.5708622398414271,6,6983.677244222133,6983.677244222132,1.0,0.27
main,v040,LOLO-nes-f2,secondary,LOLO,nested,2,A,MAPPO|mappo_pool_off_seed1_20260526T162327/mappo_best.pt,MAPPO,1,T,search-only (scenario-variant sweep dir); traced to Table I,3,-164.82538383489316,137.82538383489316,27.0,0.0,0.0,207.34812914198812,207.34812914198812,0.0009910802775024777,0.0009910802775024777,0.0,0.0009910802775024777,0.0,0,0.0,1,4.163245459378105,4.163245459378105,1.0,0.27
main,v040,LOLO-nes-f2,secondary,LOLO,nested,2,A,MAPPO|mappo_pool_off_seed1_20260526T162327/mappo_best.pt,MAPPO,1,T,search-only (scenario-variant sweep dir); traced to Table I,4,-3860.8591562157826,845.8983032157826,2970.0,2.085853,42.875,201.80950704322902,201.288043793229,0.10901883052527254,0.0,0.10901883052527254,0.10901883052527254,0.05450941526263627,110,10.465807730426166,110,6983.677244222132,6983.677244222132,1.0,0.27
main,v040,LOLO-nes-f2,secondary,LOLO,nested,2,A,MAPPO|mappo_pool_off_seed1_20260526T162327/mappo_best.pt,MAPPO,1,T,search-only (scenario-variant sweep dir); traced to Table I,5,-1515.2818632485425,421.02337124854256,1080.0,0.758492,13.5,205.44942775803221,205.25980475803223,0.03964321110009911,0.0,0.03964321110009911,0.03964321110009911,0.019821605550049554,40,3.8057482656095147,40,6983.677244222132,6983.677244222132,1.0,0.27
main,v040,LOLO-nes-f2,secondary,LOLO,nested,2,A,MAPPO|mappo_pool_off_seed1_20260526T162327/mappo_best.pt,MAPPO,1,T,search-only (scenario-variant sweep dir); traced to Table I,6,-3687.4796392685153,839.7575600685151,2808.0,1.9720792,37.75,201.91573865098337,201.42271885098336,0.10307234886025768,0.0,0.10307234886025768,0.10307234886025768,0.05153617443012884,104,9.894945490584737,104,6983.677244222131,6983.677244222132,1.0,0.27
main,v040,LOLO-nes-f2,secondary,LOLO,nested,2,A,MAPPO|mappo_pool_off_seed1_20260526T162327/mappo_best.pt,MAPPO,1,T,search-only (scenario-variant sweep dir); traced to Table I,7,-3012.16814233706,710.8253091370599,2268.0,1.5928332000000003,31.75,203.82770741976984,203.42949911976984,0.08325074331020813,0.0,0.08325074331020813,0.08325074331020813,0.04162537165510406,84,7.992071357779981,84,6983.677244222133,6983.677244222132,1.0,0.27
main,v040,LOLO-nes-f2,secondary,LOLO,nested,2,A,MAPPO|mappo_pool_off_seed1_20260526T162327/mappo_best.pt,MAPPO,1,T,search-only (scenario-variant sweep dir); traced to Table I,8,-1096.6314371306657,385.76341733066573,702.0,0.49301980000000006,8.375,205.8707589187372,205.74750396873722,0.02576808721506442,0.0,0.02576808721506442,0.02576808721506442,0.01288404360753221,26,2.4737363726461843,26,6983.677244222132,6983.677244222132,1.0,0.27
main,v040,LOLO-nes-f2,secondary,LOLO,nested,2,A,MAPPO|mappo_pool_off_seed1_20260526T162327/mappo_best.pt,MAPPO,1,T,search-only (scenario-variant sweep dir); traced to Table I,9,-458.96443054184465,80.96443054184468,378.0,0.0,0.0,207.46463471200627,207.46463471200627,0.013875123885034688,0.013875123885034688,0.0,0.013875123885034688,0.0,0,0.0,14,32.11616248022194,158.24556367822564,1.0,0.27
main,v040,LOLO-nes-f2,secondary,LOLO,nested,2,A,MAPPO|mappo_pool_off_seed7_20260526T162327/mappo_best.pt,MAPPO,7,T,search-only (scenario-variant sweep dir); traced to Table I,all,-33181.127308348674,4686.293900148673,28431.0,6.333408200000001,57.5,2001.6482359864926,2000.0648839364926,0.1043607532210109,0.0014866204162537165,0.10287413280475718,0.1043607532210109,0.08632309217046581,334,3.1777998017839444,1053,6884.625611607554,6983.677244222132,1.0,0.27
main,v040,LOLO-nes-f2,secondary,LOLO,nested,2,A,MAPPO|mappo_pool_off_seed7_20260526T162327/mappo_best.pt,MAPPO,7,T,search-only (scenario-variant sweep dir); traced to Table I,0,-7929.354200749482,924.526839749482,6993.0,1.327361,10.5,187.3649923875065,187.0331521375065,0.2566897918731417,0.0,0.2566897918731417,0.2566897918731417,0.222001982160555,70,6.6600594648166505,259,6983.677244222132,6983.677244222132,1.0,0.27
main,v040,LOLO-nes-f2,secondary,LOLO,nested,2,A,MAPPO|mappo_pool_off_seed7_20260526T162327/mappo_best.pt,MAPPO,7,T,search-only (scenario-variant sweep dir); traced to Table I,1,-4324.339226451747,533.7661114517471,3780.0,0.948115,9.625,196.94204503240272,196.7050162824027,0.13875123885034688,0.0,0.13875123885034688,0.13875123885034688,0.11397423191278494,50,4.757185332011893,140,6983.677244222133,6983.677244222132,1.0,0.27
main,v040,LOLO-nes-f2,secondary,LOLO,nested,2,A,MAPPO|mappo_pool_off_seed7_20260526T162327/mappo_best.pt,MAPPO,7,T,search-only (scenario-variant sweep dir); traced to Table I,2,-825.4178275322727,282.4023553322726,540.0,0.26547220000000005,2.75,207.11653640756379,207.0501683575638,0.019821605550049554,0.0,0.019821605550049554,0.019821605550049554,0.01288404360753221,14,1.33201189296333,20,6983.677244222132,6983.677244222132,1.0,0.27
main,v040,LOLO-nes-f2,secondary,LOLO,nested,2,A,MAPPO|mappo_pool_off_seed7_20260526T162327/mappo_best.pt,MAPPO,7,T,search-only (scenario-variant sweep dir); traced to Table I,3,-164.82538383489316,137.82538383489316,27.0,0.0,0.0,207.34812914198812,207.34812914198812,0.0009910802775024777,0.0009910802775024777,0.0,0.0009910802775024777,0.0,0,0.0,1,4.163245459378105,4.163245459378105,1.0,0.27
main,v040,LOLO-nes-f2,secondary,LOLO,nested,2,A,MAPPO|mappo_pool_off_seed7_20260526T162327/mappo_best.pt,MAPPO,7,T,search-only (scenario-variant sweep dir); traced to Table I,4,-5336.595757540559,633.2501901405587,4698.0,0.7205674,4.625,192.94411652285174,192.76397467285176,0.17244796828543113,0.0,0.17244796828543113,0.17244796828543113,0.15361744301288405,38,3.615460852329039,174,6983.677244222132,6983.677244222132,1.0,0.27
main,v040,LOLO-nes-f2,secondary,LOLO,nested,2,A,MAPPO|mappo_pool_off_seed7_20260526T162327/mappo_best.pt,MAPPO,7,T,search-only (scenario-variant sweep dir); traced to Table I,5,-2498.6017464260617,386.78287742606165,2106.0,0.5688690000000001,5.25,203.20086077709257,203.05864352709256,0.07730426164519326,0.0,0.07730426164519326,0.07730426164519326,0.062438057482656094,30,2.8543111992071357,78,6983.677244222134,6983.677244222132,1.0,0.27
main,v040,LOLO-nes-f2,secondary,LOLO,nested,2,A,MAPPO|mappo_pool_off_seed7_20260526T162327/mappo_best.pt,MAPPO,7,T,search-only (scenario-variant sweep dir); traced to Table I,6,-5340.595797880973,710.0072106809732,4617.0,1.2135872,12.375,195.8910466202816,195.5876498202816,0.1694747274529237,0.0,0.1694747274529237,0.1694747274529237,0.1377601585728444,64,6.089197224975224,171,6983.677244222132,6983.677244222132,1.0,0.27
main,v040,LOLO-nes-f2,secondary,LOLO,nested,2,A,MAPPO|mappo_pool_off_seed7_20260526T162327/mappo_best.pt,MAPPO,7,T,search-only (scenario-variant sweep dir); traced to Table I,7,-4544.692823404082,622.3093314040818,3915.0,0.7584919999999999,6.625,198.3295904209608,198.13996742096077,0.14370664023785926,0.0,0.14370664023785926,0.14370664023785926,0.12388503468780972,40,3.8057482656095147,145,6983.677244222133,6983.677244222132,1.0,0.27
main,v040,LOLO-nes-f2,secondary,LOLO,nested,2,A,MAPPO|mappo_pool_off_seed7_20260526T162327/mappo_best.pt,MAPPO,7,T,search-only (scenario-variant sweep dir); traced to Table I,8,-1757.7401139867577,374.4591695867577,1377.0,0.5309444,5.75,205.04628396383856,204.91354786383852,0.05054509415262636,0.0,0.05054509415262636,0.05054509415262636,0.036669970267591674,28,2.66402378592666,51,6983.677244222133,6983.677244222132,1.0,0.27
main,v040,LOLO-nes-f2,secondary,LOLO,nested,2,A,MAPPO|mappo_pool_off_seed7_20260526T162327/mappo_best.pt,MAPPO,7,T,search-only (scenario-variant sweep dir); traced to Table I,9,-458.96443054184465,80.96443054184468,378.0,0.0,0.0,207.46463471200627,207.46463471200627,0.013875123885034688,0.013875123885034688,0.0,0.013875123885034688,0.0,0,0.0,14,32.11616248022194,158.24556367822564,1.0,0.27
main,v040,LOLO-nes-f2,secondary,LOLO,nested,2,A,MAPPO|mappo_pool_off_seed13_20260526T162327/mappo_best.pt,MAPPO,13,T,search-only (scenario-variant sweep dir); traced to Table I,all,-23278.606096376567,5560.621922776567,17469.0,11.9841736,237.0,2042.9319194665222,2039.9358760665223,0.0641228939544103,0.0014866204162537165,0.0626362735381566,0.0641228939544103,0.0313181367690783,632,6.013082259663033,647,6822.4695639390575,6983.677244222132,1.0,0.27
main,v040,LOLO-nes-f2,secondary,LOLO,nested,2,A,MAPPO|mappo_pool_off_seed13_20260526T162327/mappo_best.pt,MAPPO,13,T,search-only (scenario-variant sweep dir); traced to Table I,0,-5709.697467221027,1160.2997254210268,4482.0,3.1477418,64.25,199.43247246186547,198.64553701186549,0.1645193260654113,0.0,0.1645193260654113,0.1645193260654113,0.08225966303270565,166,15.793855302279486,166,6983.677244222133,6983.677244222132,1.0,0.27
main,v040,LOLO-nes-f2,secondary,LOLO,nested,2,A,MAPPO|mappo_pool_off_seed13_20260526T162327/mappo_best.pt,MAPPO,13,T,search-only (scenario-variant sweep dir); traced to Table I,1,-3109.180924310677,698.012241910677,2376.0,1.6686824,33.5,203.0138804626076,202.59670986260758,0.08721506442021804,0.0,0.08721506442021804,0.08721506442021804,0.04360753221010902,88,8.372646184340931,88,6983.677244222132,6983.677244222132,1.0,0.27
main,v040,LOLO-nes-f2,secondary,LOLO,nested,2,A,MAPPO|mappo_pool_off_seed13_20260526T162327/mappo_best.pt,MAPPO,13,T,search-only (scenario-variant sweep dir); traced to Table I,2,-391.63927628830595,282.56342708830596,108.0,0.0758492,1.0,206.89671391948755,206.87775161948755,0.003964321110009911,0.0,0.003964321110009911,0.003964321110009911,0.0019821605550049554,4,0.3805748265609515,4,6983.677244222132,6983.677244222132,1.0,0.27
main,v040,LOLO-nes-f2,secondary,LOLO,nested,2,A,MAPPO|mappo_pool_off_seed13_20260526T162327/mappo_best.pt,MAPPO,13,T,search-only (scenario-variant sweep dir); traced to Table I,3,-164.82538383489316,137.82538383489316,27.0,0.0,0.0,207.34812914198812,207.34812914198812,0.0009910802775024777,0.0009910802775024777,0.0,0.0009910802775024777,0.0,0,0.0,1,4.163245459378105,4.163245459378105,1.0,0.27
main,v040,LOLO-nes-f2,secondary,LOLO,nested,2,A,MAPPO|mappo_pool_off_seed13_20260526T162327/mappo_best.pt,MAPPO,13,T,search-only (scenario-variant sweep dir); traced to Table I,4,-3966.6563283767,842.1196261767004,3078.0,2.1617022,44.375,201.83595051690367,201.29552496690366,0.11298315163528246,0.0,0.11298315163528246,0.11298315163528246,0.05649157581764123,114,10.846382556987116,114,6983.677244222131,6983.677244222132,1.0,0.27
main,v040,LOLO-nes-f2,secondary,LOLO,nested,2,A,MAPPO|mappo_pool_off_seed13_20260526T162327/mappo_best.pt,MAPPO,13,T,search-only (scenario-variant sweep dir); traced to Table I,5,-1573.5441882636067,423.74777166360667,1134.0,0.7964166,15.0,205.53232910085705,205.33322495085707,0.04162537165510406,0.0,0.04162537165510406,0.04162537165510406,0.02081268582755203,42,3.9960356788899905,42,6983.677244222133,6983.677244222132,1.0,0.27
main,v040,LOLO-nes-f2,secondary,LOLO,nested,2,A,MAPPO|mappo_pool_off_seed13_20260526T162327/mappo_best.pt,MAPPO,13,T,search-only (scenario-variant sweep dir); traced to Table I,6,-3792.5761858719325,835.6532574719325,2916.0,2.0479284,38.875,201.67348486397026,201.16150276397025,0.10703666997026759,0.0,0.10703666997026759,0.10703666997026759,0.053518334985133795,108,10.27552031714569,108,6983.677244222131,6983.677244222132,1.0,0.27
main,v040,LOLO-nes-f2,secondary,LOLO,nested,2,A,MAPPO|mappo_pool_off_seed13_20260526T162327/mappo_best.pt,MAPPO,13,T,search-only (scenario-variant sweep dir); traced to Table I,7,-2960.8001993327507,714.3702907327508,2214.0,1.5549086,30.875,203.92026588723007,203.5315387372301,0.08126858275520317,0.0,0.08126858275520317,0.08126858275520317,0.040634291377601585,82,7.801783944499505,82,6983.677244222133,6983.677244222132,1.0,0.27
main,v040,LOLO-nes-f2,secondary,LOLO,nested,2,A,MAPPO|mappo_pool_off_seed13_20260526T162327/mappo_best.pt,MAPPO,13,T,search-only (scenario-variant sweep dir); traced to Table I,8,-1150.7217123348287,385.0657679348286,756.0,0.5309444000000001,9.125,205.8140583996062,205.68132229960622,0.027750247770069375,0.0,0.027750247770069375,0.027750247770069375,0.013875123885034688,28,2.66402378592666,28,6983.677244222133,6983.677244222132,1.0,0.27
main,v040,LOLO-nes-f2,secondary,LOLO,nested,2,A,MAPPO|mappo_pool_off_seed13_20260526T162327/mappo_best.pt,MAPPO,13,T,search-only (scenario-variant sweep dir); traced to Table I,9,-458.96443054184465,80.96443054184468,378.0,0.0,0.0,207.46463471200627,207.46463471200627,0.013875123885034688,0.013875123885034688,0.0,0.013875123885034688,0.0,0,0.0,14,32.11616248022194,158.24556367822564,1.0,0.27
main,v040,LOLO-nes-f2,secondary,LOLO,nested,2,A,MAPPO|mappo_pool_off_seed77_20260526T162327/mappo_best.pt,MAPPO,77,T,search-only (scenario-variant sweep dir); traced to Table I,all,-21930.111606234634,5585.075547634635,16119.0,11.0360586,215.0,2043.4859842626797,2040.7269696126796,0.05916749256689792,0.0014866204162537165,0.0576808721506442,0.05916749256689792,0.0288404360753221,582,5.537363726461844,597,6808.968083178332,6983.677244222132,1.0,0.27
main,v040,LOLO-nes-f2,secondary,LOLO,nested,2,A,MAPPO|mappo_pool_off_seed77_20260526T162327/mappo_best.pt,MAPPO,77,T,search-only (scenario-variant sweep dir); traced to Table I,0,-5273.687730363493,1162.8433853634929,4050.0,2.844345,58.0,199.88981014379698,199.17872389379698,0.14866204162537167,0.0,0.14866204162537167,0.14866204162537167,0.07433102081268583,150,14.27155599603568,150,6983.677244222133,6983.677244222132,1.0,0.27
main,v040,LOLO-nes-f2,secondary,LOLO,nested,2,A,MAPPO|mappo_pool_off_seed77_20260526T162327/mappo_best.pt,MAPPO,77,T,search-only (scenario-variant sweep dir); traced to Table I,1,-2909.0522219296236,718.0352379296239,2160.0,1.516984,29.5,202.96042054855715,202.58117454855716,0.07928642220019821,0.0,0.07928642220019821,0.07928642220019821,0.03964321110009911,80,7.6114965312190295,80,6983.677244222132,6983.677244222132,1.0,0.27
main,v040,LOLO-nes-f2,secondary,LOLO,nested,2,A,MAPPO|mappo_pool_off_seed77_20260526T162327/mappo_best.pt,MAPPO,77,T,search-only (scenario-variant sweep dir); traced to Table I,2,-445.9034632004536,282.28968940045365,162.0,0.11377380000000001,1.5,206.87155190309977,206.84310845309977,0.005946481665014866,0.0,0.005946481665014866,0.005946481665014866,0.002973240832507433,6,0.5708622398414271,6,6983.677244222133,6983.677244222132,1.0,0.27
main,v040,LOLO-nes-f2,secondary,LOLO,nested,2,A,MAPPO|mappo_pool_off_seed77_20260526T162327/mappo_best.pt,MAPPO,77,T,search-only (scenario-variant sweep dir); traced to Table I,3,-164.82538383489316,137.82538383489316,27.0,0.0,0.0,207.34812914198812,207.34812914198812,0.0009910802775024777,0.0009910802775024777,0.0,0.0009910802775024777,0.0,0,0.0,1,4.163245459378105,4.163245459378105,1.0,0.27
main,v040,LOLO-nes-f2,secondary,LOLO,nested,2,A,MAPPO|mappo_pool_off_seed77_20260526T162327/mappo_best.pt,MAPPO,77,T,search-only (scenario-variant sweep dir); traced to Table I,4,-3806.418042667505,846.1201142675047,2916.0,2.0479284,42.25,201.8101532258532,201.2981711258532,0.10703666997026759,0.0,0.10703666997026759,0.10703666997026759,0.053518334985133795,108,10.27552031714569,108,6983.677244222131,6983.677244222132,1.0,0.27
main,v040,LOLO-nes-f2,secondary,LOLO,nested,2,A,MAPPO|mappo_pool_off_seed77_20260526T162327/mappo_best.pt,MAPPO,77,T,search-only (scenario-variant sweep dir); traced to Table I,5,-1407.6278433101124,422.57020051011233,972.0,0.6826428,12.375,205.56523387719668,205.39457317719666,0.035678889990089196,0.0,0.035678889990089196,0.035678889990089196,0.017839444995044598,36,3.4251734390485633,36,6983.677244222133,6983.677244222132,1.0,0.27
main,v040,LOLO-nes-f2,secondary,LOLO,nested,2,A,MAPPO|mappo_pool_off_seed77_20260526T162327/mappo_best.pt,MAPPO,77,T,search-only (scenario-variant sweep dir); traced to Table I,6,-3575.0384301407657,837.6422001407652,2700.0,1.89623,35.5,201.8484064502276,201.37434895022756,0.09910802775024777,0.0,0.09910802775024777,0.09910802775024777,0.049554013875123884,100,9.514370664023787,100,6983.677244222132,6983.677244222132,1.0,0.27
main,v040,LOLO-nes-f2,secondary,LOLO,nested,2,A,MAPPO|mappo_pool_off_seed77_20260526T162327/mappo_best.pt,MAPPO,77,T,search-only (scenario-variant sweep dir); traced to Table I,7,-2900.6176430453984,710.1006590453983,2160.0,1.516984,29.0,203.78262701936836,203.40338101936834,0.07928642220019821,0.0,0.07928642220019821,0.07928642220019821,0.03964321110009911,80,7.6114965312190295,80,6983.677244222132,6983.677244222132,1.0,0.27
main,v040,LOLO-nes-f2,secondary,LOLO,nested,2,A,MAPPO|mappo_pool_off_seed77_20260526T162327/mappo_best.pt,MAPPO,77,T,search-only (scenario-variant sweep dir); traced to Table I,8,-987.9764172005456,386.68424660054563,594.0,0.4171706,6.875,205.94501724058549,205.8407245905855,0.02180376610505451,0.0,0.02180376610505451,0.02180376610505451,0.010901883052527254,22,2.093161546085233,22,6983.677244222133,6983.677244222132,1.0,0.27
main,v040,LOLO-nes-f2,secondary,LOLO,nested,2,A,MAPPO|mappo_pool_off_seed77_20260526T162327/mappo_best.pt,MAPPO,77,T,search-only (scenario-variant sweep dir); traced to Table I,9,-458.96443054184465,80.96443054184468,378.0,0.0,0.0,207.46463471200627,207.46463471200627,0.013875123885034688,0.013875123885034688,0.0,0.013875123885034688,0.0,0,0.0,14,32.11616248022194,158.24556367822564,1.0,0.27
main,v040,LOLO-nes-f2,secondary,LOLO,nested,2,A,"Hysteresis (fixed, t_up=81, b=50 Mbps)|-",Hysteresis (fixed),0,baseline,baseline,all,-27253.2017257735,4974.452948173495,22275.0,2.1237776,1.625,2031.3746508202753,2030.8437064202753,0.0817641228939544,0.0014866204162537165,0.0802775024777007,0.0817641228939544,0.07472745292368682,111,1.0560951437066404,825,6857.251342230435,6983.677244222132,1.0,0.2
main,v040,LOLO-nes-f2,secondary,LOLO,nested,2,A,"Hysteresis (fixed, t_up=81, b=50 Mbps)|-",Hysteresis (fixed),0,baseline,baseline,0,-7422.6819448368615,969.1018496368615,6453.0,0.45509520000000003,0.125,194.0928296753545,193.9790558753545,0.23686818632309217,0.0,0.23686818632309217,0.23686818632309217,0.22497522299306244,23,2.188305252725471,239,6983.677244222131,6983.677244222132,1.0,0.2
main,v040,LOLO-nes-f2,secondary,LOLO,nested,2,A,"Hysteresis (fixed, t_up=81, b=50 Mbps)|-",Hysteresis (fixed),0,baseline,baseline,1,-4263.066983060951,563.6877370609516,3699.0,0.379246,0.0,200.60086963979882,200.50605813979882,0.13577799801783944,0.0,0.13577799801783944,0.13577799801783944,0.12586719524281467,20,1.9028741328047574,137,6983.677244222134,6983.677244222132,1.0,0.2
main,v040,LOLO-nes-f2,secondary,LOLO,nested,2,A,"Hysteresis (fixed, t_up=81, b=50 Mbps)|-",Hysteresis (fixed),0,baseline,baseline,2,-285.1260769824414,285.1260769824414,0.0,0.0,0.0,207.06012287456912,207.06012287456912,0.0,0.0,0.0,0.0,0.0,0,0.0,0,0.0,0.0,0.0,0.2
main,v040,LOLO-nes-f2,secondary,LOLO,nested,2,A,"Hysteresis (fixed, t_up=81, b=50 Mbps)|-",Hysteresis (fixed),0,baseline,baseline,3,-164.82538383489316,137.82538383489316,27.0,0.0,0.0,207.34812914198812,207.34812914198812,0.0009910802775024777,0.0009910802775024777,0.0,0.0009910802775024777,0.0,0,0.0,1,4.163245459378105,4.163245459378105,1.0,0.2
main,v040,LOLO-nes-f2,secondary,LOLO,nested,2,A,"Hysteresis (fixed, t_up=81, b=50 Mbps)|-",Hysteresis (fixed),0,baseline,baseline,4,-5014.824315488731,666.782144888731,4347.0,0.4171706,0.625,197.87092815373882,197.7666355037388,0.1595639246778989,0.0,0.1595639246778989,0.1595639246778989,0.14866204162537167,22,2.093161546085233,161,6983.677244222133,6983.677244222132,1.0,0.2
main,v040,LOLO-nes-f2,secondary,LOLO,nested,2,A,"Hysteresis (fixed, t_up=81, b=50 Mbps)|-",Hysteresis (fixed),0,baseline,baseline,5,-992.2868149605985,425.2109657605986,567.0,0.0758492,0.0,205.88298193174896,205.86401963174896,0.02081268582755203,0.0,0.02081268582755203,0.02081268582755203,0.018830525272547076,4,0.3805748265609515,21,6983.677244222133,6983.677244222132,1.0,0.2
main,v040,LOLO-nes-f2,secondary,LOLO,nested,2,A,"Hysteresis (fixed, t_up=81, b=50 Mbps)|-",Hysteresis (fixed),0,baseline,baseline,6,-4482.636279440435,782.3061842404343,3699.0,0.4550952,0.875,201.8673212985468,201.75354749854682,0.13577799801783944,0.0,0.13577799801783944,0.13577799801783944,0.12388503468780972,24,2.2834489593657086,137,6983.677244222134,6983.677244222132,1.0,0.2
main,v040,LOLO-nes-f2,secondary,LOLO,nested,2,A,"Hysteresis (fixed, t_up=81, b=50 Mbps)|-",Hysteresis (fixed),0,baseline,baseline,7,-3767.1493832480573,661.8080618480575,3105.0,0.3413214,0.0,202.24566191891373,202.16033156891373,0.11397423191278494,0.0,0.11397423191278494,0.11397423191278494,0.10505450941526263,18,1.7125867195242817,115,6983.677244222131,6983.677244222132,1.0,0.2
main,v040,LOLO-nes-f2,secondary,LOLO,nested,2,A,"Hysteresis (fixed, t_up=81, b=50 Mbps)|-",Hysteresis (fixed),0,baseline,baseline,8,-401.6401133786817,401.6401133786817,0.0,0.0,0.0,206.94117147360993,206.94117147360993,0.0,0.0,0.0,0.0,0.0,0,0.0,0,0.0,0.0,0.0,0.2
main,v040,LOLO-nes-f2,secondary,LOLO,nested,2,A,"Hysteresis (fixed, t_up=81, b=50 Mbps)|-",Hysteresis (fixed),0,baseline,baseline,9,-458.96443054184465,80.96443054184468,378.0,0.0,0.0,207.46463471200627,207.46463471200627,0.013875123885034688,0.013875123885034688,0.0,0.013875123885034688,0.0,0,0.0,14,32.11616248022194,158.24556367822564,1.0,0.2
main,v040,LOLO-nes-f2,secondary,LOLO,nested,2,A,Always-DPDK|-,Always-DPDK,0,baseline,baseline,all,-6609.866506999337,6204.866506999337,405.0,0.0,0.0,2069.4565153339713,2069.4565153339713,0.0014866204162537165,0.0014866204162537165,0.0,0.0014866204162537165,0.0,0,0.0,15,30.25263467883235,158.24556367822564,1.0,0.2
main,v040,LOLO-nes-f2,secondary,LOLO,nested,2,A,Always-DPDK|-,Always-DPDK,0,baseline,baseline,0,-1320.4769098140657,1320.4769098140657,0.0,0.0,0.0,206.65209354533326,206.65209354533326,0.0,0.0,0.0,0.0,0.0,0,0.0,0,0.0,0.0,0.0,0.2
main,v040,LOLO-nes-f2,secondary,LOLO,nested,2,A,Always-DPDK|-,Always-DPDK,0,baseline,baseline,1,-868.0915634667572,868.0915634667572,0.0,0.0,0.0,206.8419494141882,206.8419494141882,0.0,0.0,0.0,0.0,0.0,0,0.0,0,0.0,0.0,0.0,0.2
main,v040,LOLO-nes-f2,secondary,LOLO,nested,2,A,Always-DPDK|-,Always-DPDK,0,baseline,baseline,2,-285.1260769824414,285.1260769824414,0.0,0.0,0.0,207.06012287456912,207.06012287456912,0.0,0.0,0.0,0.0,0.0,0,0.0,0,0.0,0.0,0.0,0.2
main,v040,LOLO-nes-f2,secondary,LOLO,nested,2,A,Always-DPDK|-,Always-DPDK,0,baseline,baseline,3,-164.82538383489316,137.82538383489316,27.0,0.0,0.0,207.34812914198812,207.34812914198812,0.0009910802775024777,0.0009910802775024777,0.0,0.0009910802775024777,0.0,0,0.0,1,4.163245459378105,4.163245459378105,1.0,0.2
main,v040,LOLO-nes-f2,secondary,LOLO,nested,2,A,Always-DPDK|-,Always-DPDK,0,baseline,baseline,4,-955.2158570730161,955.2158570730161,0.0,0.0,0.0,206.7402966006959,206.7402966006959,0.0,0.0,0.0,0.0,0.0,0,0.0,0,0.0,0.0,0.0,0.2
main,v040,LOLO-nes-f2,secondary,LOLO,nested,2,A,Always-DPDK|-,Always-DPDK,0,baseline,baseline,5,-442.9269920292966,442.9269920292966,0.0,0.0,0.0,206.94560538958177,206.94560538958177,0.0,0.0,0.0,0.0,0.0,0,0.0,0,0.0,0.0,0.0,0.2
main,v040,LOLO-nes-f2,secondary,LOLO,nested,2,A,Always-DPDK|-,Always-DPDK,0,baseline,baseline,6,-955.4339728394466,955.4339728394466,0.0,0.0,0.0,206.73204604069127,206.73204604069127,0.0,0.0,0.0,0.0,0.0,0,0.0,0,0.0,0.0,0.0,0.2
main,v040,LOLO-nes-f2,secondary,LOLO,nested,2,A,Always-DPDK|-,Always-DPDK,0,baseline,baseline,7,-757.1652070388939,757.1652070388939,0.0,0.0,0.0,206.7304661413072,206.7304661413072,0.0,0.0,0.0,0.0,0.0,0,0.0,0,0.0,0.0,0.0,0.2
main,v040,LOLO-nes-f2,secondary,LOLO,nested,2,A,Always-DPDK|-,Always-DPDK,0,baseline,baseline,8,-401.6401133786817,401.6401133786817,0.0,0.0,0.0,206.94117147360993,206.94117147360993,0.0,0.0,0.0,0.0,0.0,0,0.0,0,0.0,0.0,0.0,0.2
main,v040,LOLO-nes-f2,secondary,LOLO,nested,2,A,Always-DPDK|-,Always-DPDK,0,baseline,baseline,9,-458.96443054184465,80.96443054184468,378.0,0.0,0.0,207.46463471200627,207.46463471200627,0.013875123885034688,0.013875123885034688,0.0,0.013875123885034688,0.0,0,0.0,14,32.11616248022194,158.24556367822564,1.0,0.2
main,v040,LOLO-nes-f2,secondary,LOLO,nested,2,A,Always-USR|-,Always-USR (supplementary),0,baseline,baseline,all,-281487.10023209156,9057.100026091575,272430.0,0.000206,0.0,6088.912322017541,6088.912270517541,1.0,0.2678889990089197,1.0,1.0,1.0,0,0.0,10090,8079.14464385454,112204.6179728432,1.0,0.2
main,v040,LOLO-nes-f2,secondary,LOLO,nested,2,A,Always-USR|-,Always-USR (supplementary),0,baseline,baseline,0,-28452.213043535397,1209.2130229353984,27243.0,2.06e-05,0.0,310.40344354725585,310.40343839725585,1.0,0.0019821605550049554,1.0,1.0,1.0,0,0.0,1009,6984.038047659679,7165.702578465347,1.0,0.2
main,v040,LOLO-nes-f2,secondary,LOLO,nested,2,A,Always-USR|-,Always-USR (supplementary),0,baseline,baseline,1,-28268.198675542764,1025.198654942766,27243.0,2.06e-05,0.0,581.5759111699457,581.5759060199457,1.0,0.13974231912784935,1.0,1.0,1.0,0,0.0,1009,7015.304795387619,7468.644993958343,1.0,0.2
main,v040,LOLO-nes-f2,secondary,LOLO,nested,2,A,Always-USR|-,Always-USR (supplementary),0,baseline,baseline,2,-28050.661688979613,807.6616683796126,27243.0,2.06e-05,0.0,749.1873948182463,749.1873896682463,1.0,0.3676907829534192,1.0,1.0,1.0,0,0.0,1009,7105.4855579940495,12410.617037807988,1.0,0.2
main,v040,LOLO-nes-f2,secondary,LOLO,nested,2,A,Always-USR|-,Always-USR (supplementary),0,baseline,baseline,3,-27741.54073052417,498.5407099241707,27243.0,2.06e-05,0.0,840.7688941654694,840.7688890154695,1.0,0.7938553022794846,1.0,1.0,1.0,0,0.0,1009,8207.757718983348,81206.59802314639,1.0,0.2
main,v040,LOLO-nes-f2,secondary,LOLO,nested,2,A,Always-USR|-,Always-USR (supplementary),0,baseline,baseline,4,-28366.40262291713,1123.4026023171298,27243.0,2.06e-05,0.0,492.70803952173674,492.70803437173674,1.0,0.026759167492566897,1.0,1.0,1.0,0,0.0,1009,6989.1485711354635,7468.644993958343,1.0,0.2
main,v040,LOLO-nes-f2,secondary,LOLO,nested,2,A,Always-USR|-,Always-USR (supplementary),0,baseline,baseline,5,-28159.20756503554,916.2075444355402,27243.0,2.06e-05,0.0,676.6094130742681,676.609407924268,1.0,0.2001982160555005,1.0,1.0,1.0,0,0.0,1009,7029.72127761303,7468.644993958343,1.0,0.2
main,v040,LOLO-nes-f2,secondary,LOLO,nested,2,A,Always-USR|-,Always-USR (supplementary),0,baseline,baseline,6,-28371.78411172665,1128.7840911266505,27243.0,2.06e-05,0.0,446.19186090822393,446.1918557582239,1.0,0.04162537165510406,1.0,1.0,1.0,0,0.0,1009,6993.290562328902,7468.644993958343,1.0,0.2
main,v040,LOLO-nes-f2,secondary,LOLO,nested,2,A,Always-USR|-,Always-USR (supplementary),0,baseline,baseline,7,-28370.75253858569,1127.7525179856889,27243.0,2.06e-05,0.0,486.1770030875061,486.1769979375061,1.0,0.007928642220019821,1.0,1.0,1.0,0,0.0,1009,6985.420698225539,7468.644993958343,1.0,0.2
main,v040,LOLO-nes-f2,secondary,LOLO,nested,2,A,Always-USR|-,Always-USR (supplementary),0,baseline,baseline,8,-28153.309545236523,910.3095246365241,27243.0,2.06e-05,0.0,680.3345840597281,680.3345789097281,1.0,0.20416253716551042,1.0,1.0,1.0,0,0.0,1009,7033.985238100206,13400.596135556456,1.0,0.2
main,v040,LOLO-nes-f2,secondary,LOLO,nested,2,A,Always-USR|-,Always-USR (supplementary),0,baseline,baseline,9,-27553.029710008093,310.02968940809467,27243.0,2.06e-05,0.0,824.9557776651613,824.9557725151614,1.0,0.8949454905847374,1.0,1.0,1.0,0,0.0,1009,16447.29397111755,112204.6179728432,1.0,0.2
main,v040,LOLO-nes-f2,secondary,LOLO,nested,2,A,MAPPO|mappo_seed13_20260516T092252/mappo_best.pt,MAPPO,13,L,"May 2026, pre-781c90c reward",all,-22442.269783247095,5598.767403247098,16605.0,11.37738,227.125,2044.0931176036634,2041.2487726036634,0.06095143706640238,0.0014866204162537165,0.05946481665014866,0.06095143706640238,0.02973240832507433,600,5.708622398414271,615,6814.08152203815,6983.677244222132,1.0,0.23
main,v040,LOLO-nes-f2,secondary,LOLO,nested,2,A,MAPPO|mappo_seed13_20260516T092252/mappo_best.pt,MAPPO,13,L,"May 2026, pre-781c90c reward",0,-5344.817262767996,1178.6849931679956,4104.0,2.8822696,59.25,199.87712064615073,199.1565532461507,0.1506442021803766,0.0,0.1506442021803766,0.1506442021803766,0.0753221010901883,152,14.461843409316156,152,6983.677244222132,6983.677244222132,1.0,0.23
main,v040,LOLO-nes-f2,secondary,LOLO,nested,2,A,MAPPO|mappo_seed13_20260516T092252/mappo_best.pt,MAPPO,13,L,"May 2026, pre-781c90c reward",1,-3067.586346305261,711.8305885052612,2322.0,1.6307578,32.125,203.1505309245558,202.74284147455577,0.08523290386521308,0.0,0.08523290386521308,0.08523290386521308,0.04261645193260654,86,8.182358771060457,86,6983.677244222133,6983.677244222132,1.0,0.23
main,v040,LOLO-nes-f2,secondary,LOLO,nested,2,A,MAPPO|mappo_seed13_20260516T092252/mappo_best.pt,MAPPO,13,L,"May 2026, pre-781c90c reward",2,-391.63927628830595,282.56342708830596,108.0,0.0758492,1.0,206.89671391948755,206.87775161948755,0.003964321110009911,0.0,0.003964321110009911,0.003964321110009911,0.0019821605550049554,4,0.3805748265609515,4,6983.677244222132,6983.677244222132,1.0,0.23
main,v040,LOLO-nes-f2,secondary,LOLO,nested,2,A,MAPPO|mappo_seed13_20260516T092252/mappo_best.pt,MAPPO,13,L,"May 2026, pre-781c90c reward",3,-164.82538383489316,137.82538383489316,27.0,0.0,0.0,207.34812914198812,207.34812914198812,0.0009910802775024777,0.0009910802775024777,0.0,0.0009910802775024777,0.0,0,0.0,1,4.163245459378105,4.163245459378105,1.0,0.23
main,v040,LOLO-nes-f2,secondary,LOLO,nested,2,A,MAPPO|mappo_seed13_20260516T092252/mappo_best.pt,MAPPO,13,L,"May 2026, pre-781c90c reward",4,-3807.5473502772365,847.4994218772365,2916.0,2.0479284000000004,42.0,201.91797457517697,201.40599247517696,0.10703666997026759,0.0,0.10703666997026759,0.10703666997026759,0.053518334985133795,108,10.27552031714569,108,6983.677244222131,6983.677244222132,1.0,0.23
main,v040,LOLO-nes-f2,secondary,LOLO,nested,2,A,MAPPO|mappo_seed13_20260516T092252/mappo_best.pt,MAPPO,13,L,"May 2026, pre-781c90c reward",5,-1521.5763780078505,426.0678860078508,1080.0,0.758492,14.75,205.66957998866988,205.47995698866987,0.03964321110009911,0.0,0.03964321110009911,0.03964321110009911,0.019821605550049554,40,3.8057482656095147,40,6983.677244222132,6983.677244222132,1.0,0.23
main,v040,LOLO-nes-f2,secondary,LOLO,nested,2,A,MAPPO|mappo_seed13_20260516T092252/mappo_best.pt,MAPPO,13,L,"May 2026, pre-781c90c reward",6,-3635.9552886673755,841.896134067375,2754.0,1.9341546,38.125,202.08153109676647,201.59799244676645,0.10109018830525272,0.0,0.10109018830525272,0.10109018830525272,0.05054509415262636,102,9.704658077304263,102,6983.677244222132,6983.677244222132,1.0,0.23
main,v040,LOLO-nes-f2,secondary,LOLO,nested,2,A,MAPPO|mappo_seed13_20260516T092252/mappo_best.pt,MAPPO,13,L,"May 2026, pre-781c90c reward",7,-3006.602012789589,704.8841795895887,2268.0,1.5928332000000003,32.125,203.76077085078452,203.3625625507845,0.08325074331020813,0.0,0.08325074331020813,0.08325074331020813,0.04162537165510406,84,7.992071357779981,84,6983.677244222133,6983.677244222132,1.0,0.23
main,v040,LOLO-nes-f2,secondary,LOLO,nested,2,A,MAPPO|mappo_seed13_20260516T092252/mappo_best.pt,MAPPO,13,L,"May 2026, pre-781c90c reward",8,-1042.756053766746,386.55095856674586,648.0,0.45509520000000003,7.75,205.92613174807684,205.81235794807685,0.023785926660059464,0.0,0.023785926660059464,0.023785926660059464,0.011892963330029732,24,2.2834489593657086,24,6983.677244222131,6983.677244222132,1.0,0.23
main,v040,LOLO-nes-f2,secondary,LOLO,nested,2,A,MAPPO|mappo_seed13_20260516T092252/mappo_best.pt,MAPPO,13,L,"May 2026, pre-781c90c reward",9,-458.96443054184465,80.96443054184468,378.0,0.0,0.0,207.46463471200627,207.46463471200627,0.013875123885034688,0.013875123885034688,0.0,0.013875123885034688,0.0,0,0.0,14,32.11616248022194,158.24556367822564,1.0,0.23
main,v040,LOLO-nes-f2,secondary,LOLO,nested,2,A,MAPPO|mappo_seed42_20260516T081859/mappo_best.pt,MAPPO,42,L,"May 2026, pre-781c90c reward",all,-21799.133639469183,5563.961354669182,16011.0,10.9222848,213.25,2043.9343371127009,2041.2037659127009,0.058771060455896924,0.0014866204162537165,0.05728444003964321,0.058771060455896924,0.028741328047571853,576,5.480277502477701,593,6807.789606543971,6983.677244222132,1.0,0.23
main,v040,LOLO-nes-f2,secondary,LOLO,nested,2,A,MAPPO|mappo_seed42_20260516T081859/mappo_best.pt,MAPPO,42,L,"May 2026, pre-781c90c reward",0,-5070.415724839684,1179.473078239684,3834.0,2.6926466000000002,54.25,200.0564931145587,199.3833314645587,0.14073339940535184,0.0,0.14073339940535184,0.14073339940535184,0.07036669970267592,142,13.510406342913777,142,6983.677244222133,6983.677244222132,1.0,0.23
main,v040,LOLO-nes-f2,secondary,LOLO,nested,2,A,MAPPO|mappo_seed42_20260516T081859/mappo_best.pt,MAPPO,42,L,"May 2026, pre-781c90c reward",1,-2941.1520761499733,695.3471675499732,2214.0,1.5549086,30.25,203.09603191064332,202.7073047606433,0.08126858275520317,0.0,0.08126858275520317,0.08126858275520317,0.040634291377601585,82,7.801783944499505,82,6983.677244222133,6983.677244222132,1.0,0.23
main,v040,LOLO-nes-f2,secondary,LOLO,nested,2,A,MAPPO|mappo_seed42_20260516T081859/mappo_best.pt,MAPPO,42,L,"May 2026, pre-781c90c reward",2,-391.63927628830595,282.56342708830596,108.0,0.0758492,1.0,206.89671391948755,206.87775161948755,0.003964321110009911,0.0,0.003964321110009911,0.003964321110009911,0.0019821605550049554,4,0.3805748265609515,4,6983.677244222132,6983.677244222132,1.0,0.23
main,v040,LOLO-nes-f2,secondary,LOLO,nested,2,A,MAPPO|mappo_seed42_20260516T081859/mappo_best.pt,MAPPO,42,L,"May 2026, pre-781c90c reward",3,-164.82538383489316,137.82538383489316,27.0,0.0,0.0,207.34812914198812,207.34812914198812,0.0009910802775024777,0.0009910802775024777,0.0,0.0009910802775024777,0.0,0,0.0,1,4.163245459378105,4.163245459378105,1.0,0.23
main,v040,LOLO-nes-f2,secondary,LOLO,nested,2,A,MAPPO|mappo_seed42_20260516T081859/mappo_best.pt,MAPPO,42,L,"May 2026, pre-781c90c reward",4,-3799.1442621992,838.9713337992004,2916.0,2.0479284,42.125,201.81941970963376,201.30743760963378,0.10703666997026759,0.0,0.10703666997026759,0.10703666997026759,0.053518334985133795,108,10.27552031714569,108,6983.677244222131,6983.677244222132,1.0,0.23
main,v040,LOLO-nes-f2,secondary,LOLO,nested,2,A,MAPPO|mappo_seed42_20260516T081859/mappo_best.pt,MAPPO,42,L,"May 2026, pre-781c90c reward",5,-1628.3953498796939,423.8110086796939,1188.0,0.8343412000000001,15.75,205.6068146466278,205.39822934662783,0.04360753221010902,0.0,0.04360753221010902,0.04360753221010902,0.02180376610505451,44,4.186323092170466,44,6983.677244222133,6983.677244222132,1.0,0.23
main,v040,LOLO-nes-f2,secondary,LOLO,nested,2,A,MAPPO|mappo_seed42_20260516T081859/mappo_best.pt,MAPPO,42,L,"May 2026, pre-781c90c reward",6,-3619.1454574176573,827.124227417657,2754.0,1.89623,36.125,201.79383655953274,201.31977905953272,0.10109018830525272,0.0,0.10109018830525272,0.10109018830525272,0.05153617443012884,100,9.514370664023787,102,6983.677244222132,6983.677244222132,1.0,0.23
main,v040,LOLO-nes-f2,secondary,LOLO,nested,2,A,MAPPO|mappo_seed42_20260516T081859/mappo_best.pt,MAPPO,42,L,"May 2026, pre-781c90c reward",7,-2684.5591003254185,712.8188147254184,1944.0,1.3652856000000002,26.375,204.0128290500787,203.6715076500787,0.07135777998017839,0.0,0.07135777998017839,0.07135777998017839,0.035678889990089196,72,6.850346878097127,72,6983.677244222133,6983.677244222132,1.0,0.23
main,v040,LOLO-nes-f2,secondary,LOLO,nested,2,A,MAPPO|mappo_seed42_20260516T081859/mappo_best.pt,MAPPO,42,L,"May 2026, pre-781c90c reward",8,-1040.8925779925114,385.0624827925114,648.0,0.45509520000000003,7.375,205.8394343481439,205.7256605481439,0.023785926660059464,0.0,0.023785926660059464,0.023785926660059464,0.011892963330029732,24,2.2834489593657086,24,6983.677244222131,6983.677244222132,1.0,0.23
main,v040,LOLO-nes-f2,secondary,LOLO,nested,2,A,MAPPO|mappo_seed42_20260516T081859/mappo_best.pt,MAPPO,42,L,"May 2026, pre-781c90c reward",9,-458.96443054184465,80.96443054184468,378.0,0.0,0.0,207.46463471200627,207.46463471200627,0.013875123885034688,0.013875123885034688,0.0,0.013875123885034688,0.0,0,0.0,14,32.11616248022194,158.24556367822564,1.0,0.23
main,v040,LOLO-nes-f2,secondary,LOLO,nested,2,A,MAPPO|mappo_seed42_20260517T003433/mappo_best.pt,MAPPO,42,L,"May 2026, pre-781c90c reward",all,-21976.36908560592,5117.900673605916,16713.0,8.343412,137.125,2028.9174539881692,2026.8316009881694,0.06134786917740337,0.0014866204162537165,0.059861248761149656,0.06134786917740337,0.03805748265609515,440,4.186323092170466,619,6815.177455622537,6983.677244222132,1.0,0.23
main,v040,LOLO-nes-f2,secondary,LOLO,nested,2,A,MAPPO|mappo_seed42_20260517T003433/mappo_best.pt,MAPPO,42,L,"May 2026, pre-781c90c reward",0,-5172.8251675298725,1060.4401637298722,4077.0,2.0100038,33.375,196.10436880592397,195.60186785592396,0.14965312190287414,0.0,0.14965312190287414,0.14965312190287414,0.09712586719524281,106,10.085232903865213,151,6983.677244222134,6983.677244222132,1.0,0.23
main,v040,LOLO-nes-f2,secondary,LOLO,nested,2,A,MAPPO|mappo_seed42_20260517T003433/mappo_best.pt,MAPPO,42,L,"May 2026, pre-781c90c reward",1,-2956.376387096205,589.7765736962042,2349.0,1.0998134000000002,16.5,200.33621080648254,200.06125745648256,0.08622398414271557,0.0,0.08622398414271557,0.08622398414271557,0.057482656095143705,58,5.518334985133796,87,6983.677244222133,6983.677244222132,1.0,0.23
main,v040,LOLO-nes-f2,secondary,LOLO,nested,2,A,MAPPO|mappo_seed42_20260517T003433/mappo_best.pt,MAPPO,42,L,"May 2026, pre-781c90c reward",2,-337.9918734288827,283.4539488288827,54.0,0.0379246,0.5,206.95603613445792,206.94655498445792,0.0019821605550049554,0.0,0.0019821605550049554,0.0019821605550049554,0.0009910802775024777,2,0.19028741328047574,2,6983.677244222132,6983.677244222132,1.0,0.23
main,v040,LOLO-nes-f2,secondary,LOLO,nested,2,A,MAPPO|mappo_seed42_20260517T003433/mappo_best.pt,MAPPO,42,L,"May 2026, pre-781c90c reward",3,-164.82538383489316,137.82538383489316,27.0,0.0,0.0,207.34812914198812,207.34812914198812,0.0009910802775024777,0.0009910802775024777,0.0,0.0009910802775024777,0.0,0,0.0,1,4.163245459378105,4.163245459378105,1.0,0.23
main,v040,LOLO-nes-f2,secondary,LOLO,nested,2,A,MAPPO|mappo_seed42_20260517T003433/mappo_best.pt,MAPPO,42,L,"May 2026, pre-781c90c reward",4,-4068.1296870975143,721.6506276975141,3321.0,1.4790594000000001,24.0,197.591054053574,197.22128920357397,0.12190287413280476,0.0,0.12190287413280476,0.12190287413280476,0.08325074331020813,78,7.421209117938553,123,6983.677244222131,6983.677244222132,1.0,0.23
main,v040,LOLO-nes-f2,secondary,LOLO,nested,2,A,MAPPO|mappo_seed42_20260517T003433/mappo_best.pt,MAPPO,42,L,"May 2026, pre-781c90c reward",5,-1234.414485437757,415.171465637757,810.0,0.49301980000000006,8.75,205.3786141922086,205.2553592422086,0.02973240832507433,0.0,0.02973240832507433,0.02973240832507433,0.01684836471754212,26,2.4737363726461843,30,6983.677244222133,6983.677244222132,1.0,0.23
main,v040,LOLO-nes-f2,secondary,LOLO,nested,2,A,MAPPO|mappo_seed42_20260517T003433/mappo_best.pt,MAPPO,42,L,"May 2026, pre-781c90c reward",6,-3713.129276710951,769.8243681109511,2916.0,1.5549086,25.75,199.5042020811502,199.1154749311502,0.10703666997026759,0.0,0.10703666997026759,0.10703666997026759,0.06640237859266601,82,7.801783944499505,108,6983.677244222131,6983.677244222132,1.0,0.23
main,v040,LOLO-nes-f2,secondary,LOLO,nested,2,A,MAPPO|mappo_seed42_20260517T003433/mappo_best.pt,MAPPO,42,L,"May 2026, pre-781c90c reward",7,-2910.8287579354514,673.1643215354513,2214.0,1.2894364,22.375,202.35665415886473,202.03429505886473,0.08126858275520317,0.0,0.08126858275520317,0.08126858275520317,0.04757185332011893,68,6.469772051536175,82,6983.677244222133,6983.677244222132,1.0,0.23
main,v040,LOLO-nes-f2,secondary,LOLO,nested,2,A,MAPPO|mappo_seed42_20260517T003433/mappo_best.pt,MAPPO,42,L,"May 2026, pre-781c90c reward",8,-958.883635992546,385.6293899925462,567.0,0.379246,5.875,205.87754990151268,205.7827384015127,0.02081268582755203,0.0,0.02081268582755203,0.02081268582755203,0.010901883052527254,20,1.9028741328047574,21,6983.677244222133,6983.677244222132,1.0,0.23
main,v040,LOLO-nes-f2,secondary,LOLO,nested,2,A,MAPPO|mappo_seed42_20260517T003433/mappo_best.pt,MAPPO,42,L,"May 2026, pre-781c90c reward",9,-458.96443054184465,80.96443054184468,378.0,0.0,0.0,207.46463471200627,207.46463471200627,0.013875123885034688,0.013875123885034688,0.0,0.013875123885034688,0.0,0,0.0,14,32.11616248022194,158.24556367822564,1.0,0.23
main,v040,LOLO-nes-f2,secondary,LOLO,nested,2,A,MAPPO|mappo_seed42_20260526T143428/mappo_best.pt,MAPPO,42,L,"May 2026, pre-781c90c reward",all,-23472.8764581168,5588.1535107168,17631.0,12.097947399999999,241.625,2043.5432979004402,2040.51881105044,0.0647175421209118,0.0014866204162537165,0.06323092170465808,0.0647175421209118,0.03161546085232904,638,6.070168483647175,653,6823.950798367386,6983.677244222132,1.0,0.23
main,v040,LOLO-nes-f2,secondary,LOLO,nested,2,A,MAPPO|mappo_seed42_20260526T143428/mappo_best.pt,MAPPO,42,L,"May 2026, pre-781c90c reward",0,-5562.090047535976,1177.0560795359756,4320.0,3.033968,62.0,199.71860839924102,198.960116399241,0.15857284440039643,0.0,0.15857284440039643,0.15857284440039643,0.07928642220019821,160,15.222993062438059,160,6983.677244222132,6983.677244222132,1.0,0.23
main,v040,LOLO-nes-f2,secondary,LOLO,nested,2,A,MAPPO|mappo_seed42_20260526T143428/mappo_best.pt,MAPPO,42,L,"May 2026, pre-781c90c reward",1,-3218.475711990425,697.6061803904249,2484.0,1.7445316,35.125,202.9570507232194,202.52091782321935,0.09117938553022795,0.0,0.09117938553022795,0.09117938553022795,0.04558969276511397,92,8.753221010901884,92,6983.677244222132,6983.677244222132,1.0,0.23
main,v040,LOLO-nes-f2,secondary,LOLO,nested,2,A,MAPPO|mappo_seed42_20260526T143428/mappo_best.pt,MAPPO,42,L,"May 2026, pre-781c90c reward",2,-391.63927628830595,282.56342708830596,108.0,0.0758492,1.0,206.89671391948755,206.87775161948755,0.003964321110009911,0.0,0.003964321110009911,0.003964321110009911,0.0019821605550049554,4,0.3805748265609515,4,6983.677244222132,6983.677244222132,1.0,0.23
main,v040,LOLO-nes-f2,secondary,LOLO,nested,2,A,MAPPO|mappo_seed42_20260526T143428/mappo_best.pt,MAPPO,42,L,"May 2026, pre-781c90c reward",3,-164.82538383489316,137.82538383489316,27.0,0.0,0.0,207.34812914198812,207.34812914198812,0.0009910802775024777,0.0009910802775024777,0.0,0.0009910802775024777,0.0,0,0.0,1,4.163245459378105,4.163245459378105,1.0,0.23
main,v040,LOLO-nes-f2,secondary,LOLO,nested,2,A,MAPPO|mappo_seed42_20260526T143428/mappo_best.pt,MAPPO,42,L,"May 2026, pre-781c90c reward",4,-3917.4325031344138,847.808725534414,3024.0,2.1237776,43.5,201.88123964785333,201.35029524785332,0.1110009910802775,0.0,0.1110009910802775,0.1110009910802775,0.05550049554013875,112,10.65609514370664,112,6983.677244222131,6983.677244222132,1.0,0.23
main,v040,LOLO-nes-f2,secondary,LOLO,nested,2,A,MAPPO|mappo_seed42_20260526T143428/mappo_best.pt,MAPPO,42,L,"May 2026, pre-781c90c reward",5,-1682.8027174920117,422.9304516920118,1242.0,0.8722658000000001,17.0,205.49179507218238,205.2737286221824,0.04558969276511397,0.0,0.04558969276511397,0.04558969276511397,0.022794846382556987,46,4.376610505450942,46,6983.677244222134,6983.677244222132,1.0,0.23
main,v040,LOLO-nes-f2,secondary,LOLO,nested,2,A,MAPPO|mappo_seed42_20260526T143428/mappo_best.pt,MAPPO,42,L,"May 2026, pre-781c90c reward",6,-3857.1194662853677,844.2836132853677,2970.0,2.085853,40.75,202.1196934378957,201.5982301878957,0.10901883052527254,0.0,0.10901883052527254,0.10901883052527254,0.05450941526263627,110,10.465807730426166,110,6983.677244222132,6983.677244222132,1.0,0.23
main,v040,LOLO-nes-f2,secondary,LOLO,nested,2,A,MAPPO|mappo_seed42_20260526T143428/mappo_best.pt,MAPPO,42,L,"May 2026, pre-781c90c reward",7,-3070.2188203463866,712.9630625463863,2322.0,1.6307578,33.625,203.87358489727973,203.46589544727973,0.08523290386521308,0.0,0.08523290386521308,0.08523290386521308,0.04261645193260654,86,8.182358771060457,86,6983.677244222133,6983.677244222132,1.0,0.23
main,v040,LOLO-nes-f2,secondary,LOLO,nested,2,A,MAPPO|mappo_seed42_20260526T143428/mappo_best.pt,MAPPO,42,L,"May 2026, pre-781c90c reward",8,-1149.3081006671755,384.15215626717554,756.0,0.5309444000000001,8.625,205.79184794928653,205.65911184928655,0.027750247770069375,0.0,0.027750247770069375,0.027750247770069375,0.013875123885034688,28,2.66402378592666,28,6983.677244222133,6983.677244222132,1.0,0.23
main,v040,LOLO-nes-f2,secondary,LOLO,nested,2,A,MAPPO|mappo_seed42_20260526T143428/mappo_best.pt,MAPPO,42,L,"May 2026, pre-781c90c reward",9,-458.96443054184465,80.96443054184468,378.0,0.0,0.0,207.46463471200627,207.46463471200627,0.013875123885034688,0.013875123885034688,0.0,0.013875123885034688,0.0,0,0.0,14,32.11616248022194,158.24556367822564,1.0,0.23
main,v040,LOLO-nes-f2,secondary,LOLO,nested,2,A,MAPPO|mappo_seed99_20260516T092254/mappo_best.pt,MAPPO,99,L,"May 2026, pre-781c90c reward",all,-23264.76044513627,5578.65127153627,17442.0,11.984173599999998,232.125,2044.0877542755388,2041.091710875539,0.06402378592666005,0.0014866204162537165,0.06273538156590684,0.06402378592666005,0.031417244796828545,632,6.013082259663033,646,7167.838250778032,100391.12447365571,1.0,0.23
main,v040,LOLO-nes-f2,secondary,LOLO,nested,2,A,MAPPO|mappo_seed99_20260516T092254/mappo_best.pt,MAPPO,99,L,"May 2026, pre-781c90c reward",0,-5654.080342852528,1160.7205256525278,4428.0,3.1098172,62.25,199.62407988418988,198.8466255841899,0.16253716551040634,0.0,0.16253716551040634,0.16253716551040634,0.08126858275520317,164,15.60356788899901,164,6983.677244222133,6983.677244222132,1.0,0.23
main,v040,LOLO-nes-f2,secondary,LOLO,nested,2,A,MAPPO|mappo_seed99_20260516T092254/mappo_best.pt,MAPPO,99,L,"May 2026, pre-781c90c reward",1,-3075.5769775450076,720.0712197450077,2322.0,1.6307578,31.875,202.87456077177825,202.46687132177823,0.08523290386521308,0.0,0.08523290386521308,0.08523290386521308,0.04261645193260654,86,8.182358771060457,86,6983.677244222133,6983.677244222132,1.0,0.23
main,v040,LOLO-nes-f2,secondary,LOLO,nested,2,A,MAPPO|mappo_seed99_20260516T092254/mappo_best.pt,MAPPO,99,L,"May 2026, pre-781c90c reward",2,-553.9898569994299,281.3002339994299,270.0,0.189623,2.5,206.8010050207711,206.7535992707711,0.009910802775024777,0.0,0.009910802775024777,0.009910802775024777,0.004955401387512388,10,0.9514370664023787,10,6983.677244222132,6983.677244222132,1.0,0.23
main,v040,LOLO-nes-f2,secondary,LOLO,nested,2,A,MAPPO|mappo_seed99_20260516T092254/mappo_best.pt,MAPPO,99,L,"May 2026, pre-781c90c reward",3,-164.82538383489316,137.82538383489316,27.0,0.0,0.0,207.34812914198812,207.34812914198812,0.0009910802775024777,0.0009910802775024777,0.0,0.0009910802775024777,0.0,0,0.0,1,4.163245459378105,4.163245459378105,1.0,0.23
main,v040,LOLO-nes-f2,secondary,LOLO,nested,2,A,MAPPO|mappo_seed99_20260516T092254/mappo_best.pt,MAPPO,99,L,"May 2026, pre-781c90c reward",4,-3853.476748654638,839.0158956546384,2970.0,2.085853,42.375,201.75336395222888,201.23190070222887,0.10901883052527254,0.0,0.10901883052527254,0.10901883052527254,0.05450941526263627,110,10.465807730426166,110,6983.677244222132,6983.677244222132,1.0,0.23
main,v040,LOLO-nes-f2,secondary,LOLO,nested,2,A,MAPPO|mappo_seed99_20260516T092254/mappo_best.pt,MAPPO,99,L,"May 2026, pre-781c90c reward",5,-1570.096618970741,420.9252023707409,1134.0,0.7964166000000001,14.375,205.39635027596933,205.19724612596934,0.04162537165510406,0.0,0.04162537165510406,0.04162537165510406,0.02081268582755203,42,3.9960356788899905,42,6983.677244222133,6983.677244222132,1.0,0.23
main,v040,LOLO-nes-f2,secondary,LOLO,nested,2,A,MAPPO|mappo_seed99_20260516T092254/mappo_best.pt,MAPPO,99,L,"May 2026, pre-781c90c reward",6,-3693.9989789231095,847.1518997231087,2808.0,1.9720792,36.875,202.10378437795788,201.61076457795787,0.10307234886025768,0.0,0.10307234886025768,0.10307234886025768,0.05153617443012884,104,9.894945490584737,104,6983.677244222131,6983.677244222132,1.0,0.23
main,v040,LOLO-nes-f2,secondary,LOLO,nested,2,A,MAPPO|mappo_seed99_20260516T092254/mappo_best.pt,MAPPO,99,L,"May 2026, pre-781c90c reward",7,-3008.222491345771,707.1296581457708,2268.0,1.5928332,31.5,203.62964305023743,203.23143475023744,0.08325074331020813,0.0,0.08325074331020813,0.08325074331020813,0.04162537165510406,84,7.992071357779981,84,6983.677244222133,6983.677244222132,1.0,0.23
main,v040,LOLO-nes-f2,secondary,LOLO,nested,2,A,MAPPO|mappo_seed99_20260516T092254/mappo_best.pt,MAPPO,99,L,"May 2026, pre-781c90c reward",8,-1204.0008440722963,383.4319750722961,810.0,0.5688690000000001,10.0,205.73461211828305,205.59239486828307,0.02973240832507433,0.0,0.02973240832507433,0.02973240832507433,0.014866204162537165,30,2.8543111992071357,30,6983.677244222133,6983.677244222132,1.0,0.23
main,v040,LOLO-nes-f2,secondary,LOLO,nested,2,A,MAPPO|mappo_seed99_20260516T092254/mappo_best.pt,MAPPO,99,L,"May 2026, pre-781c90c reward",9,-486.4922019378553,81.07927733785536,405.0,0.0379246,0.375,208.822225682135,208.812744532135,0.014866204162537165,0.013875123885034688,0.002973240832507433,0.014866204162537165,0.0019821605550049554,2,0.19028741328047574,15,15380.17885981371,100391.12447365571,1.0,0.23
main,v040,LOLO-nes-f2,secondary,LOLO,nested,2,A,Centralized PPO|central_nr_seed1/ppo_multi_site.zip,Centralized PPO,1,L,"June 2026, current reward",all,-70640.85985819879,6203.439333398795,64341.0,6.2955248,90.125,2427.8588735485705,2426.2849923485705,0.23617443012884043,0.0023785926660059467,0.2346878097125867,0.23617443012884043,0.21823587710604558,330,3.1397423191278495,2383,6941.1812111906565,7468.644993958343,1.0,0.64
main,v040,LOLO-nes-f2,secondary,LOLO,nested,2,A,Centralized PPO|central_nr_seed1/ppo_multi_site.zip,Centralized PPO,1,L,"June 2026, current reward",0,-24976.696185449124,1116.6300300491234,23841.0,1.4411554,17.625,268.5205918578455,268.1603030078454,0.8751238850346879,0.0019821605550049554,0.8751238850346879,0.8751238850346879,0.8374628344895937,76,7.230921704658078,883,6984.089532634912,7165.702578465347,1.0,0.64
main,v040,LOLO-nes-f2,secondary,LOLO,nested,2,A,Centralized PPO|central_nr_seed1/ppo_multi_site.zip,Centralized PPO,1,L,"June 2026, current reward",1,-923.6512158617329,869.1132912617329,54.0,0.0379246,0.5,207.25266855650221,207.24318740650222,0.0019821605550049554,0.0,0.0019821605550049554,0.0019821605550049554,0.0009910802775024777,1,0.09514370664023787,2,6983.677244222132,6983.677244222132,1.0,0.64
main,v040,LOLO-nes-f2,secondary,LOLO,nested,2,A,Centralized PPO|central_nr_seed1/ppo_multi_site.zip,Centralized PPO,1,L,"June 2026, current reward",2,-285.1260769824414,285.1260769824414,0.0,0.0,0.0,207.06012287456912,207.06012287456912,0.0,0.0,0.0,0.0,0.0,0,0.0,0,0.0,0.0,0.0,0.64
main,v040,LOLO-nes-f2,secondary,LOLO,nested,2,A,Centralized PPO|central_nr_seed1/ppo_multi_site.zip,Centralized PPO,1,L,"June 2026, current reward",3,-164.82538383489316,137.82538383489316,27.0,0.0,0.0,207.34812914198812,207.34812914198812,0.0009910802775024777,0.0009910802775024777,0.0,0.0009910802775024777,0.0,0,0.0,1,4.163245459378105,4.163245459378105,1.0,0.64
main,v040,LOLO-nes-f2,secondary,LOLO,nested,2,A,Centralized PPO|central_nr_seed1/ppo_multi_site.zip,Centralized PPO,1,L,"June 2026, current reward",4,-955.2158570730161,955.2158570730161,0.0,0.0,0.0,206.7402966006959,206.7402966006959,0.0,0.0,0.0,0.0,0.0,0,0.0,0,0.0,0.0,0.0,0.64
main,v040,LOLO-nes-f2,secondary,LOLO,nested,2,A,Centralized PPO|central_nr_seed1/ppo_multi_site.zip,Centralized PPO,1,L,"June 2026, current reward",5,-442.9269920292966,442.9269920292966,0.0,0.0,0.0,206.94560538958177,206.94560538958177,0.0,0.0,0.0,0.0,0.0,0,0.0,0,0.0,0.0,0.0,0.64
main,v040,LOLO-nes-f2,secondary,LOLO,nested,2,A,Centralized PPO|central_nr_seed1/ppo_multi_site.zip,Centralized PPO,1,L,"June 2026, current reward",6,-14461.261428246351,813.834253846351,13608.0,2.4271744,37.0,244.58240895537756,243.97561535537753,0.49950445986124875,0.0,0.49950445986124875,0.49950445986124875,0.4360753221010902,127,12.08325074331021,504,6985.483051109463,7165.702578465347,1.0,0.64
main,v040,LOLO-nes-f2,secondary,LOLO,nested,2,A,Centralized PPO|central_nr_seed1/ppo_multi_site.zip,Centralized PPO,1,L,"June 2026, current reward",7,-27570.552174801414,1100.1629044014135,26433.0,2.3892704,35.0,465.0032439863943,464.4059263863943,0.9702675916749257,0.006937561942517344,0.9702675916749257,0.9702675916749257,0.9078295341922695,126,11.988107036669971,979,6985.474123782334,7468.644993958343,1.0,0.64
main,v040,LOLO-nes-f2,secondary,LOLO,nested,2,A,Centralized PPO|central_nr_seed1/ppo_multi_site.zip,Centralized PPO,1,L,"June 2026, current reward",8,-401.6401133786817,401.6401133786817,0.0,0.0,0.0,206.94117147360993,206.94117147360993,0.0,0.0,0.0,0.0,0.0,0,0.0,0,0.0,0.0,0.0,0.64
main,v040,LOLO-nes-f2,secondary,LOLO,nested,2,A,Centralized PPO|central_nr_seed1/ppo_multi_site.zip,Centralized PPO,1,L,"June 2026, current reward",9,-458.96443054184465,80.96443054184468,378.0,0.0,0.0,207.46463471200627,207.46463471200627,0.013875123885034688,0.013875123885034688,0.0,0.013875123885034688,0.0,0,0.0,14,32.11616248022194,158.24556367822564,1.0,0.64
main,v040,LOLO-nes-f2,secondary,LOLO,nested,2,A,Centralized PPO|central_nr_seed7/ppo_multi_site.zip,Centralized PPO,7,L,"June 2026, current reward",all,-7079.822287903071,6212.719740303071,864.0,0.2275476,2.875,2074.1455559645283,2074.088669064528,0.0031714568880079285,0.0014866204162537165,0.0016848364717542122,0.0031714568880079285,0.0010901883052527254,12,0.11417244796828543,32,3724.25945849871,6983.677244222132,1.0,0.63
main,v040,LOLO-nes-f2,secondary,LOLO,nested,2,A,Centralized PPO|central_nr_seed7/ppo_multi_site.zip,Centralized PPO,7,L,"June 2026, current reward",0,-1320.4769098140657,1320.4769098140657,0.0,0.0,0.0,206.65209354533326,206.65209354533326,0.0,0.0,0.0,0.0,0.0,0,0.0,0,0.0,0.0,0.0,0.63
main,v040,LOLO-nes-f2,secondary,LOLO,nested,2,A,Centralized PPO|central_nr_seed7/ppo_multi_site.zip,Centralized PPO,7,L,"June 2026, current reward",1,-868.0915634667572,868.0915634667572,0.0,0.0,0.0,206.8419494141882,206.8419494141882,0.0,0.0,0.0,0.0,0.0,0,0.0,0,0.0,0.0,0.0,0.63
main,v040,LOLO-nes-f2,secondary,LOLO,nested,2,A,Centralized PPO|central_nr_seed7/ppo_multi_site.zip,Centralized PPO,7,L,"June 2026, current reward",2,-285.1260769824414,285.1260769824414,0.0,0.0,0.0,207.06012287456912,207.06012287456912,0.0,0.0,0.0,0.0,0.0,0,0.0,0,0.0,0.0,0.0,0.63
main,v040,LOLO-nes-f2,secondary,LOLO,nested,2,A,Centralized PPO|central_nr_seed7/ppo_multi_site.zip,Centralized PPO,7,L,"June 2026, current reward",3,-164.82538383489316,137.82538383489316,27.0,0.0,0.0,207.34812914198812,207.34812914198812,0.0009910802775024777,0.0009910802775024777,0.0,0.0009910802775024777,0.0,0,0.0,1,4.163245459378105,4.163245459378105,1.0,0.63
main,v040,LOLO-nes-f2,secondary,LOLO,nested,2,A,Centralized PPO|central_nr_seed7/ppo_multi_site.zip,Centralized PPO,7,L,"June 2026, current reward",4,-1010.4195005802301,955.8815759802301,54.0,0.0379246,0.5,207.1527381336483,207.1432569836483,0.0019821605550049554,0.0,0.0019821605550049554,0.0019821605550049554,0.0009910802775024777,2,0.19028741328047574,2,6983.677244222132,6983.677244222132,1.0,0.63
main,v040,LOLO-nes-f2,secondary,LOLO,nested,2,A,Centralized PPO|central_nr_seed7/ppo_multi_site.zip,Centralized PPO,7,L,"June 2026, current reward",5,-442.9269920292966,442.9269920292966,0.0,0.0,0.0,206.94560538958177,206.94560538958177,0.0,0.0,0.0,0.0,0.0,0,0.0,0,0.0,0.0,0.0,0.63
main,v040,LOLO-nes-f2,secondary,LOLO,nested,2,A,Centralized PPO|central_nr_seed7/ppo_multi_site.zip,Centralized PPO,7,L,"June 2026, current reward",6,-955.4339728394466,955.4339728394466,0.0,0.0,0.0,206.73204604069127,206.73204604069127,0.0,0.0,0.0,0.0,0.0,0,0.0,0,0.0,0.0,0.0,0.63
main,v040,LOLO-nes-f2,secondary,LOLO,nested,2,A,Centralized PPO|central_nr_seed7/ppo_multi_site.zip,Centralized PPO,7,L,"June 2026, current reward",7,-1171.9173444354142,764.3527214354142,405.0,0.189623,2.375,211.00706523891148,210.95965948891146,0.014866204162537165,0.0,0.014866204162537165,0.014866204162537165,0.009910802775024777,10,0.9514370664023787,15,6983.67724422213,6983.677244222132,1.0,0.63
main,v040,LOLO-nes-f2,secondary,LOLO,nested,2,A,Centralized PPO|central_nr_seed7/ppo_multi_site.zip,Centralized PPO,7,L,"June 2026, current reward",8,-401.6401133786817,401.6401133786817,0.0,0.0,0.0,206.94117147360993,206.94117147360993,0.0,0.0,0.0,0.0,0.0,0,0.0,0,0.0,0.0,0.0,0.63
main,v040,LOLO-nes-f2,secondary,LOLO,nested,2,A,Centralized PPO|central_nr_seed7/ppo_multi_site.zip,Centralized PPO,7,L,"June 2026, current reward",9,-458.96443054184465,80.96443054184468,378.0,0.0,0.0,207.46463471200627,207.46463471200627,0.013875123885034688,0.013875123885034688,0.0,0.013875123885034688,0.0,0,0.0,14,32.11616248022194,158.24556367822564,1.0,0.63
main,v040,LOLO-nes-f2,secondary,LOLO,nested,2,A,Centralized PPO|central_nr_seed13/ppo_multi_site.zip,Centralized PPO,13,L,"June 2026, current reward",all,-14798.718871842382,5883.9883006423825,8883.0,2.7305712000000004,29.0,2074.308377943354,2073.625735143354,0.032606541129831516,0.0014866204162537165,0.0311199207135778,0.032606541129831516,0.023984142715559962,143,1.3605550049554016,329,6667.205074590198,7165.702578465347,1.0,0.63
main,v040,LOLO-nes-f2,secondary,LOLO,nested,2,A,Centralized PPO|central_nr_seed13/ppo_multi_site.zip,Centralized PPO,13,L,"June 2026, current reward",0,-1320.4769098140657,1320.4769098140657,0.0,0.0,0.0,206.65209354533326,206.65209354533326,0.0,0.0,0.0,0.0,0.0,0,0.0,0,0.0,0.0,0.0,0.63
main,v040,LOLO-nes-f2,secondary,LOLO,nested,2,A,Centralized PPO|central_nr_seed13/ppo_multi_site.zip,Centralized PPO,13,L,"June 2026, current reward",1,-4439.551005289266,618.1253426892656,3807.0,1.1756626000000001,13.25,205.68640468280378,205.39248903280378,0.13974231912784935,0.0,0.13974231912784935,0.13974231912784935,0.10901883052527254,61,5.8037661050545095,141,6983.677244222134,6983.677244222132,1.0,0.63
main,v040,LOLO-nes-f2,secondary,LOLO,nested,2,A,Centralized PPO|central_nr_seed13/ppo_multi_site.zip,Centralized PPO,13,L,"June 2026, current reward",2,-285.1260769824414,285.1260769824414,0.0,0.0,0.0,207.06012287456912,207.06012287456912,0.0,0.0,0.0,0.0,0.0,0,0.0,0,0.0,0.0,0.0,0.63
main,v040,LOLO-nes-f2,secondary,LOLO,nested,2,A,Centralized PPO|central_nr_seed13/ppo_multi_site.zip,Centralized PPO,13,L,"June 2026, current reward",3,-164.82538383489316,137.82538383489316,27.0,0.0,0.0,207.34812914198812,207.34812914198812,0.0009910802775024777,0.0009910802775024777,0.0,0.0009910802775024777,0.0,0,0.0,1,4.163245459378105,4.163245459378105,1.0,0.63
main,v040,LOLO-nes-f2,secondary,LOLO,nested,2,A,Centralized PPO|central_nr_seed13/ppo_multi_site.zip,Centralized PPO,13,L,"June 2026, current reward",4,-2682.834930644056,951.0919108440562,1728.0,0.49301980000000006,3.25,211.90518334900685,211.78192839900686,0.06342913776015857,0.0,0.06342913776015857,0.06342913776015857,0.05054509415262636,26,2.4737363726461843,64,6983.677244222133,6983.677244222132,1.0,0.63
main,v040,LOLO-nes-f2,secondary,LOLO,nested,2,A,Centralized PPO|central_nr_seed13/ppo_multi_site.zip,Centralized PPO,13,L,"June 2026, current reward",5,-442.9269920292966,442.9269920292966,0.0,0.0,0.0,206.94560538958177,206.94560538958177,0.0,0.0,0.0,0.0,0.0,0,0.0,0,0.0,0.0,0.0,0.63
main,v040,LOLO-nes-f2,secondary,LOLO,nested,2,A,Centralized PPO|central_nr_seed13/ppo_multi_site.zip,Centralized PPO,13,L,"June 2026, current reward",6,-1010.6317588018692,956.0938342018692,54.0,0.0379246,0.5,207.40955379430943,207.40007264430943,0.0019821605550049554,0.0,0.0019821605550049554,0.0019821605550049554,0.0009910802775024777,2,0.19028741328047574,2,6983.677244222132,6983.677244222132,1.0,0.63
main,v040,LOLO-nes-f2,secondary,LOLO,nested,2,A,Centralized PPO|central_nr_seed13/ppo_multi_site.zip,Centralized PPO,13,L,"June 2026, current reward",7,-3591.7412705259685,689.7173063259684,2889.0,1.0239642,12.0,206.89547898014558,206.6394879301456,0.10604558969276512,0.0,0.10604558969276512,0.10604558969276512,0.07928642220019821,54,5.137760158572845,107,6985.3784155702,7165.702578465347,1.0,0.63
main,v040,LOLO-nes-f2,secondary,LOLO,nested,2,A,Centralized PPO|central_nr_seed13/ppo_multi_site.zip,Centralized PPO,13,L,"June 2026, current reward",8,-401.6401133786817,401.6401133786817,0.0,0.0,0.0,206.94117147360993,206.94117147360993,0.0,0.0,0.0,0.0,0.0,0,0.0,0,0.0,0.0,0.0,0.63
main,v040,LOLO-nes-f2,secondary,LOLO,nested,2,A,Centralized PPO|central_nr_seed13/ppo_multi_site.zip,Centralized PPO,13,L,"June 2026, current reward",9,-458.96443054184465,80.96443054184468,378.0,0.0,0.0,207.46463471200627,207.46463471200627,0.013875123885034688,0.013875123885034688,0.0,0.013875123885034688,0.0,0,0.0,14,32.11616248022194,158.24556367822564,1.0,0.63
main,v040,LOLO-nes-f2,secondary,LOLO,nested,2,A,Centralized PPO|central_nr_seed42/ppo_multi_site.zip,Centralized PPO,42,L,"June 2026, current reward",all,-33741.60264072067,6093.60262012067,27648.0,2.06e-05,0.0,2173.207865335894,2173.207860185894,0.10148662041625371,0.0016848364717542122,0.1,0.10148662041625371,0.1,0,0.0,1024,6882.1759566492165,7165.702578465347,1.0,0.63
main,v040,LOLO-nes-f2,secondary,LOLO,nested,2,A,Centralized PPO|central_nr_seed42/ppo_multi_site.zip,Centralized PPO,42,L,"June 2026, current reward",0,-28452.213043535397,1209.2130229353984,27243.0,2.06e-05,0.0,310.40344354725585,310.40343839725585,1.0,0.0019821605550049554,1.0,1.0,1.0,0,0.0,1009,6984.038047659679,7165.702578465347,1.0,0.63
main,v040,LOLO-nes-f2,secondary,LOLO,nested,2,A,Centralized PPO|central_nr_seed42/ppo_multi_site.zip,Centralized PPO,42,L,"June 2026, current reward",1,-868.0915634667572,868.0915634667572,0.0,0.0,0.0,206.8419494141882,206.8419494141882,0.0,0.0,0.0,0.0,0.0,0,0.0,0,0.0,0.0,0.0,0.63
main,v040,LOLO-nes-f2,secondary,LOLO,nested,2,A,Centralized PPO|central_nr_seed42/ppo_multi_site.zip,Centralized PPO,42,L,"June 2026, current reward",2,-285.1260769824414,285.1260769824414,0.0,0.0,0.0,207.06012287456912,207.06012287456912,0.0,0.0,0.0,0.0,0.0,0,0.0,0,0.0,0.0,0.0,0.63
main,v040,LOLO-nes-f2,secondary,LOLO,nested,2,A,Centralized PPO|central_nr_seed42/ppo_multi_site.zip,Centralized PPO,42,L,"June 2026, current reward",3,-164.82538383489316,137.82538383489316,27.0,0.0,0.0,207.34812914198812,207.34812914198812,0.0009910802775024777,0.0009910802775024777,0.0,0.0009910802775024777,0.0,0,0.0,1,4.163245459378105,4.163245459378105,1.0,0.63
main,v040,LOLO-nes-f2,secondary,LOLO,nested,2,A,Centralized PPO|central_nr_seed42/ppo_multi_site.zip,Centralized PPO,42,L,"June 2026, current reward",4,-955.2158570730161,955.2158570730161,0.0,0.0,0.0,206.7402966006959,206.7402966006959,0.0,0.0,0.0,0.0,0.0,0,0.0,0,0.0,0.0,0.0,0.63
main,v040,LOLO-nes-f2,secondary,LOLO,nested,2,A,Centralized PPO|central_nr_seed42/ppo_multi_site.zip,Centralized PPO,42,L,"June 2026, current reward",5,-442.9269920292966,442.9269920292966,0.0,0.0,0.0,206.94560538958177,206.94560538958177,0.0,0.0,0.0,0.0,0.0,0,0.0,0,0.0,0.0,0.0,0.63
main,v040,LOLO-nes-f2,secondary,LOLO,nested,2,A,Centralized PPO|central_nr_seed42/ppo_multi_site.zip,Centralized PPO,42,L,"June 2026, current reward",6,-955.4339728394466,955.4339728394466,0.0,0.0,0.0,206.73204604069127,206.73204604069127,0.0,0.0,0.0,0.0,0.0,0,0.0,0,0.0,0.0,0.0,0.63
main,v040,LOLO-nes-f2,secondary,LOLO,nested,2,A,Centralized PPO|central_nr_seed42/ppo_multi_site.zip,Centralized PPO,42,L,"June 2026, current reward",7,-757.1652070388939,757.1652070388939,0.0,0.0,0.0,206.7304661413072,206.7304661413072,0.0,0.0,0.0,0.0,0.0,0,0.0,0,0.0,0.0,0.0,0.63
main,v040,LOLO-nes-f2,secondary,LOLO,nested,2,A,Centralized PPO|central_nr_seed42/ppo_multi_site.zip,Centralized PPO,42,L,"June 2026, current reward",8,-401.6401133786817,401.6401133786817,0.0,0.0,0.0,206.94117147360993,206.94117147360993,0.0,0.0,0.0,0.0,0.0,0,0.0,0,0.0,0.0,0.0,0.63
main,v040,LOLO-nes-f2,secondary,LOLO,nested,2,A,Centralized PPO|central_nr_seed42/ppo_multi_site.zip,Centralized PPO,42,L,"June 2026, current reward",9,-458.96443054184465,80.96443054184468,378.0,0.0,0.0,207.46463471200627,207.46463471200627,0.013875123885034688,0.013875123885034688,0.0,0.013875123885034688,0.0,0,0.0,14,32.11616248022194,158.24556367822564,1.0,0.63
main,v040,LOLO-nes-f2,secondary,LOLO,nested,2,A,Centralized PPO|central_nr_seed23/ppo_multi_site.zip,Centralized PPO,23,L,"Aug 2026, current reward",all,-78760.88620995657,5718.738158156584,72954.0,6.5230518,81.625,2411.4054576166927,2409.7746946666925,0.26778989098116945,0.005748265609514371,0.26630327056491576,0.26778989098116945,0.24925668979187315,340,3.2348860257680876,2702,6948.800308432003,7468.644993958343,1.0,0.64
main,v040,LOLO-nes-f2,secondary,LOLO,nested,2,A,Centralized PPO|central_nr_seed23/ppo_multi_site.zip,Centralized PPO,23,L,"Aug 2026, current reward",0,-28485.54295712484,1190.2814415248388,27243.0,3.2615156,49.0,296.48640771795317,295.6710288179532,1.0,0.0009910802775024777,1.0,1.0,0.9147670961347869,171,16.269573835480674,1009,6984.038047659679,7165.702578465347,1.0,0.64
main,v040,LOLO-nes-f2,secondary,LOLO,nested,2,A,Centralized PPO|central_nr_seed23/ppo_multi_site.zip,Centralized PPO,23,L,"Aug 2026, current reward",1,-2998.61607152787,692.1567303278696,2295.0,0.8343412,10.625,203.91121498091644,203.70262968091643,0.08424182358771061,0.0,0.08424182358771061,0.08424182358771061,0.062438057482656094,43,4.0911793855302285,85,6983.677244222133,6983.677244222132,1.0,0.64
main,v040,LOLO-nes-f2,secondary,LOLO,nested,2,A,Centralized PPO|central_nr_seed23/ppo_multi_site.zip,Centralized PPO,23,L,"Aug 2026, current reward",2,-285.1260769824414,285.1260769824414,0.0,0.0,0.0,207.06012287456912,207.06012287456912,0.0,0.0,0.0,0.0,0.0,0,0.0,0,0.0,0.0,0.0,0.64
main,v040,LOLO-nes-f2,secondary,LOLO,nested,2,A,Centralized PPO|central_nr_seed23/ppo_multi_site.zip,Centralized PPO,23,L,"Aug 2026, current reward",3,-164.82538383489316,137.82538383489316,27.0,0.0,0.0,207.34812914198812,207.34812914198812,0.0009910802775024777,0.0009910802775024777,0.0,0.0009910802775024777,0.0,0,0.0,1,4.163245459378105,4.163245459378105,1.0,0.64
main,v040,LOLO-nes-f2,secondary,LOLO,nested,2,A,Centralized PPO|central_nr_seed23/ppo_multi_site.zip,Centralized PPO,23,L,"Aug 2026, current reward",4,-6204.128681700891,685.0064159008909,5508.0,0.8722658,10.25,202.84785818272465,202.62979173272464,0.20218037661050545,0.0,0.20218037661050545,0.20218037661050545,0.17938553022794845,45,4.281466798810704,204,6983.677244222132,6983.677244222132,1.0,0.64
main,v040,LOLO-nes-f2,secondary,LOLO,nested,2,A,Centralized PPO|central_nr_seed23/ppo_multi_site.zip,Centralized PPO,23,L,"Aug 2026, current reward",5,-2151.583032821413,421.99171142141313,1728.0,0.3413214,1.25,208.3244841818391,208.23915383183908,0.06342913776015857,0.0,0.06342913776015857,0.06342913776015857,0.05450941526263627,17,1.6174430128840438,64,6983.677244222133,6983.677244222132,1.0,0.64
main,v040,LOLO-nes-f2,secondary,LOLO,nested,2,A,Centralized PPO|central_nr_seed23/ppo_multi_site.zip,Centralized PPO,23,L,"Aug 2026, current reward",6,-28092.574174782567,1144.6345311825671,26946.0,0.1896436,1.75,446.52684078176605,446.47942988176607,0.9890981169474727,0.04162537165510406,0.9890981169474727,0.9890981169474727,0.9841427155599604,11,1.0465807730426164,998,6993.396520744908,7468.644993958343,1.0,0.64
main,v040,LOLO-nes-f2,secondary,LOLO,nested,2,A,Centralized PPO|central_nr_seed23/ppo_multi_site.zip,Centralized PPO,23,L,"Aug 2026, current reward",7,-9517.885287261146,679.1113230611443,8829.0,1.0239642,8.75,224.49459356931973,224.23860251931973,0.3240832507433102,0.0,0.3240832507433102,0.3240832507433102,0.29732408325074333,53,5.042616451932607,327,6983.677244222132,6983.677244222132,1.0,0.64
main,v040,LOLO-nes-f2,secondary,LOLO,nested,2,A,Centralized PPO|central_nr_seed23/ppo_multi_site.zip,Centralized PPO,23,L,"Aug 2026, current reward",8,-401.6401133786817,401.6401133786817,0.0,0.0,0.0,206.94117147360993,206.94117147360993,0.0,0.0,0.0,0.0,0.0,0,0.0,0,0.0,0.0,0.0,0.64
main,v040,LOLO-nes-f2,secondary,LOLO,nested,2,A,Centralized PPO|central_nr_seed23/ppo_multi_site.zip,Centralized PPO,23,L,"Aug 2026, current reward",9,-458.96443054184465,80.96443054184468,378.0,0.0,0.0,207.46463471200627,207.46463471200627,0.013875123885034688,0.013875123885034688,0.0,0.013875123885034688,0.0,0,0.0,14,32.11616248022194,158.24556367822564,1.0,0.64
main,v040,LOLO-nes-f2,secondary,LOLO,nested,2,A,Centralized PPO|central_nr_seed64/ppo_multi_site.zip,Centralized PPO,64,L,"Aug 2026, current reward",all,-61556.379690277914,6049.25984867791,55431.0,5.1198416,71.0,2397.3854066431986,2396.105446243198,0.20346878097125867,0.0037661050545094153,0.20198216055500495,0.20346878097125867,0.1886025768087215,269,2.559365708622398,2053,6935.47323758704,7468.644993958343,1.0,0.66
main,v040,LOLO-nes-f2,secondary,LOLO,nested,2,A,Centralized PPO|central_nr_seed64/ppo_multi_site.zip,Centralized PPO,64,L,"Aug 2026, current reward",0,-28452.213043535397,1209.2130229353984,27243.0,2.06e-05,0.0,310.40344354725585,310.40343839725585,1.0,0.0019821605550049554,1.0,1.0,1.0,0,0.0,1009,6984.038047659679,7165.702578465347,1.0,0.66
main,v040,LOLO-nes-f2,secondary,LOLO,nested,2,A,Centralized PPO|central_nr_seed64/ppo_multi_site.zip,Centralized PPO,64,L,"Aug 2026, current reward",1,-10510.661358366364,633.5572989663651,9855.0,1.4790594000000001,20.625,245.03928935490578,244.66952450490578,0.36174430128840435,0.0,0.36174430128840435,0.36174430128840435,0.32309217046580774,77,7.326065411298315,365,6983.677244222131,6983.677244222132,1.0,0.66
main,v040,LOLO-nes-f2,secondary,LOLO,nested,2,A,Centralized PPO|central_nr_seed64/ppo_multi_site.zip,Centralized PPO,64,L,"Aug 2026, current reward",2,-285.1260769824414,285.1260769824414,0.0,0.0,0.0,207.06012287456912,207.06012287456912,0.0,0.0,0.0,0.0,0.0,0,0.0,0,0.0,0.0,0.0,0.66
main,v040,LOLO-nes-f2,secondary,LOLO,nested,2,A,Centralized PPO|central_nr_seed64/ppo_multi_site.zip,Centralized PPO,64,L,"Aug 2026, current reward",3,-164.82538383489316,137.82538383489316,27.0,0.0,0.0,207.34812914198812,207.34812914198812,0.0009910802775024777,0.0009910802775024777,0.0,0.0009910802775024777,0.0,0,0.0,1,4.163245459378105,4.163245459378105,1.0,0.66
main,v040,LOLO-nes-f2,secondary,LOLO,nested,2,A,Centralized PPO|central_nr_seed64/ppo_multi_site.zip,Centralized PPO,64,L,"Aug 2026, current reward",4,-19127.423111730648,1145.4073501306484,17928.0,3.6407616000000003,50.375,392.7204979672829,391.8103075672829,0.6580773042616452,0.02081268582755203,0.6580773042616452,0.6580773042616452,0.5629335976214074,192,18.26759167492567,664,6991.168950325781,7468.644993958343,1.0,0.66
main,v040,LOLO-nes-f2,secondary,LOLO,nested,2,A,Centralized PPO|central_nr_seed64/ppo_multi_site.zip,Centralized PPO,64,L,"Aug 2026, current reward",5,-442.9269920292966,442.9269920292966,0.0,0.0,0.0,206.94560538958177,206.94560538958177,0.0,0.0,0.0,0.0,0.0,0,0.0,0,0.0,0.0,0.0,0.66
main,v040,LOLO-nes-f2,secondary,LOLO,nested,2,A,Centralized PPO|central_nr_seed64/ppo_multi_site.zip,Centralized PPO,64,L,"Aug 2026, current reward",6,-955.4339728394466,955.4339728394466,0.0,0.0,0.0,206.73204604069127,206.73204604069127,0.0,0.0,0.0,0.0,0.0,0,0.0,0,0.0,0.0,0.0,0.66
main,v040,LOLO-nes-f2,secondary,LOLO,nested,2,A,Centralized PPO|central_nr_seed64/ppo_multi_site.zip,Centralized PPO,64,L,"Aug 2026, current reward",7,-757.1652070388939,757.1652070388939,0.0,0.0,0.0,206.7304661413072,206.7304661413072,0.0,0.0,0.0,0.0,0.0,0,0.0,0,0.0,0.0,0.0,0.66
main,v040,LOLO-nes-f2,secondary,LOLO,nested,2,A,Centralized PPO|central_nr_seed64/ppo_multi_site.zip,Centralized PPO,64,L,"Aug 2026, current reward",8,-401.6401133786817,401.6401133786817,0.0,0.0,0.0,206.94117147360993,206.94117147360993,0.0,0.0,0.0,0.0,0.0,0,0.0,0,0.0,0.0,0.0,0.66
main,v040,LOLO-nes-f2,secondary,LOLO,nested,2,A,Centralized PPO|central_nr_seed64/ppo_multi_site.zip,Centralized PPO,64,L,"Aug 2026, current reward",9,-458.96443054184465,80.96443054184468,378.0,0.0,0.0,207.46463471200627,207.46463471200627,0.013875123885034688,0.013875123885034688,0.0,0.013875123885034688,0.0,0,0.0,14,32.11616248022194,158.24556367822564,1.0,0.66
main,v040,LOLO-nes-f2,secondary,LOLO,nested,2,A,Centralized PPO|central_nr_seed77/ppo_multi_site.zip,Centralized PPO,77,L,"Aug 2026, current reward",all,-68328.82931695692,5721.75740375693,62586.0,3.0719132,18.0,2365.623097389412,2364.8551190894123,0.22973240832507433,0.002477700693756194,0.2282457879088206,0.22973240832507433,0.22021803766105055,160,1.522299306243806,2318,6939.62329032557,7165.702578465347,1.0,0.66
main,v040,LOLO-nes-f2,secondary,LOLO,nested,2,A,Centralized PPO|central_nr_seed77/ppo_multi_site.zip,Centralized PPO,77,L,"Aug 2026, current reward",0,-28452.213043535397,1209.2130229353984,27243.0,2.06e-05,0.0,310.40344354725585,310.40343839725585,1.0,0.0019821605550049554,1.0,1.0,1.0,0,0.0,1009,6984.038047659679,7165.702578465347,1.0,0.66
main,v040,LOLO-nes-f2,secondary,LOLO,nested,2,A,Centralized PPO|central_nr_seed77/ppo_multi_site.zip,Centralized PPO,77,L,"Aug 2026, current reward",1,-7539.404913344151,597.586044344151,6939.0,0.5688690000000001,2.25,222.890776424953,222.748559174953,0.2547076313181368,0.0,0.2547076313181368,0.2547076313181368,0.2398414271555996,29,2.759167492566898,257,6983.677244222132,6983.677244222132,1.0,0.66
main,v040,LOLO-nes-f2,secondary,LOLO,nested,2,A,Centralized PPO|central_nr_seed77/ppo_multi_site.zip,Centralized PPO,77,L,"Aug 2026, current reward",2,-285.1260769824414,285.1260769824414,0.0,0.0,0.0,207.06012287456912,207.06012287456912,0.0,0.0,0.0,0.0,0.0,0,0.0,0,0.0,0.0,0.0,0.66
main,v040,LOLO-nes-f2,secondary,LOLO,nested,2,A,Centralized PPO|central_nr_seed77/ppo_multi_site.zip,Centralized PPO,77,L,"Aug 2026, current reward",3,-164.82538383489316,137.82538383489316,27.0,0.0,0.0,207.34812914198812,207.34812914198812,0.0009910802775024777,0.0009910802775024777,0.0,0.0009910802775024777,0.0,0,0.0,1,4.163245459378105,4.163245459378105,1.0,0.66
main,v040,LOLO-nes-f2,secondary,LOLO,nested,2,A,Centralized PPO|central_nr_seed77/ppo_multi_site.zip,Centralized PPO,77,L,"Aug 2026, current reward",4,-21552.432159571348,940.2522509713503,20601.0,1.5549086,9.625,357.55932834993826,357.1706011999383,0.7561942517343905,0.003964321110009911,0.7561942517343905,0.7561942517343905,0.7155599603567889,81,7.706640237859267,763,6985.108636103467,7165.702578465347,1.0,0.66
main,v040,LOLO-nes-f2,secondary,LOLO,nested,2,A,Centralized PPO|central_nr_seed77/ppo_multi_site.zip,Centralized PPO,77,L,"Aug 2026, current reward",5,-442.9269920292966,442.9269920292966,0.0,0.0,0.0,206.94560538958177,206.94560538958177,0.0,0.0,0.0,0.0,0.0,0,0.0,0,0.0,0.0,0.0,0.66
main,v040,LOLO-nes-f2,secondary,LOLO,nested,2,A,Centralized PPO|central_nr_seed77/ppo_multi_site.zip,Centralized PPO,77,L,"Aug 2026, current reward",6,-8274.13099669998,869.0578816999796,7398.0,0.948115,6.125,232.27941933420274,232.04239058420274,0.27155599603567887,0.003964321110009911,0.27155599603567887,0.27155599603567887,0.24677898909811694,50,4.757185332011893,274,6986.334548371669,7165.702578465347,1.0,0.66
main,v040,LOLO-nes-f2,secondary,LOLO,nested,2,A,Centralized PPO|central_nr_seed77/ppo_multi_site.zip,Centralized PPO,77,L,"Aug 2026, current reward",7,-757.1652070388939,757.1652070388939,0.0,0.0,0.0,206.7304661413072,206.7304661413072,0.0,0.0,0.0,0.0,0.0,0,0.0,0,0.0,0.0,0.0,0.66
main,v040,LOLO-nes-f2,secondary,LOLO,nested,2,A,Centralized PPO|central_nr_seed77/ppo_multi_site.zip,Centralized PPO,77,L,"Aug 2026, current reward",8,-401.6401133786817,401.6401133786817,0.0,0.0,0.0,206.94117147360993,206.94117147360993,0.0,0.0,0.0,0.0,0.0,0,0.0,0,0.0,0.0,0.0,0.66
main,v040,LOLO-nes-f2,secondary,LOLO,nested,2,A,Centralized PPO|central_nr_seed77/ppo_multi_site.zip,Centralized PPO,77,L,"Aug 2026, current reward",9,-458.96443054184465,80.96443054184468,378.0,0.0,0.0,207.46463471200627,207.46463471200627,0.013875123885034688,0.013875123885034688,0.0,0.013875123885034688,0.0,0,0.0,14,32.11616248022194,158.24556367822564,1.0,0.66
main,v040,LOLO-nes-f2,secondary,LOLO,nested,2,A,Centralized PPO|ppo_multi_site_seed42_20260515T234034/ppo_multi_site.zip,Centralized PPO,42,L,"May 2026, pre-781c90c reward",all,-46978.51399147132,6098.0039464713245,40851.0,2.010045,27.5,2251.2163731233272,2250.7138618733275,0.14995044598612486,0.0032705649157581764,0.14846382556987117,0.14995044598612486,0.14321110009910804,106,1.0085232903865213,1513,6917.226520245241,7468.644993958343,1.0,0.66
main,v040,LOLO-nes-f2,secondary,LOLO,nested,2,A,Centralized PPO|ppo_multi_site_seed42_20260515T234034/ppo_multi_site.zip,Centralized PPO,42,L,"May 2026, pre-781c90c reward",0,-28452.213043535397,1209.2130229353984,27243.0,2.06e-05,0.0,310.40344354725585,310.40343839725585,1.0,0.0019821605550049554,1.0,1.0,1.0,0,0.0,1009,6984.038047659679,7165.702578465347,1.0,0.66
main,v040,LOLO-nes-f2,secondary,LOLO,nested,2,A,Centralized PPO|ppo_multi_site_seed42_20260515T234034/ppo_multi_site.zip,Centralized PPO,42,L,"May 2026, pre-781c90c reward",1,-868.0915634667572,868.0915634667572,0.0,0.0,0.0,206.8419494141882,206.8419494141882,0.0,0.0,0.0,0.0,0.0,0,0.0,0,0.0,0.0,0.0,0.66
main,v040,LOLO-nes-f2,secondary,LOLO,nested,2,A,Centralized PPO|ppo_multi_site_seed42_20260515T234034/ppo_multi_site.zip,Centralized PPO,42,L,"May 2026, pre-781c90c reward",2,-285.1260769824414,285.1260769824414,0.0,0.0,0.0,207.06012287456912,207.06012287456912,0.0,0.0,0.0,0.0,0.0,0,0.0,0,0.0,0.0,0.0,0.66
main,v040,LOLO-nes-f2,secondary,LOLO,nested,2,A,Centralized PPO|ppo_multi_site_seed42_20260515T234034/ppo_multi_site.zip,Centralized PPO,42,L,"May 2026, pre-781c90c reward",3,-164.82538383489316,137.82538383489316,27.0,0.0,0.0,207.34812914198812,207.34812914198812,0.0009910802775024777,0.0009910802775024777,0.0,0.0009910802775024777,0.0,0,0.0,1,4.163245459378105,4.163245459378105,1.0,0.66
main,v040,LOLO-nes-f2,secondary,LOLO,nested,2,A,Centralized PPO|ppo_multi_site_seed42_20260515T234034/ppo_multi_site.zip,Centralized PPO,42,L,"May 2026, pre-781c90c reward",4,-3711.811517939263,1008.6064021392633,2700.0,0.45511579999999996,2.75,253.9270298813915,253.81325093139148,0.09910802775024777,0.014866204162537165,0.09910802775024777,0.09910802775024777,0.08721506442021804,25,2.3785926660059467,100,7015.830721855976,7468.644993958343,1.0,0.66
main,v040,LOLO-nes-f2,secondary,LOLO,nested,2,A,Centralized PPO|ppo_multi_site_seed42_20260515T234034/ppo_multi_site.zip,Centralized PPO,42,L,"May 2026, pre-781c90c reward",5,-442.9269920292966,442.9269920292966,0.0,0.0,0.0,206.94560538958177,206.94560538958177,0.0,0.0,0.0,0.0,0.0,0,0.0,0,0.0,0.0,0.0,0.66
main,v040,LOLO-nes-f2,secondary,LOLO,nested,2,A,Centralized PPO|ppo_multi_site_seed42_20260515T234034/ppo_multi_site.zip,Centralized PPO,42,L,"May 2026, pre-781c90c reward",6,-955.4339728394466,955.4339728394466,0.0,0.0,0.0,206.73204604069127,206.73204604069127,0.0,0.0,0.0,0.0,0.0,0,0.0,0,0.0,0.0,0.0,0.66
main,v040,LOLO-nes-f2,secondary,LOLO,nested,2,A,Centralized PPO|ppo_multi_site_seed42_20260515T234034/ppo_multi_site.zip,Centralized PPO,42,L,"May 2026, pre-781c90c reward",7,-11237.480896923302,708.175988323301,10503.0,1.5549085999999999,24.75,237.55224064804537,237.16351349804535,0.3855302279484638,0.0009910802775024777,0.3855302279484638,0.3855302279484638,0.34489593657086226,81,7.706640237859267,389,6984.145175672628,7165.702578465347,1.0,0.66
main,v040,LOLO-nes-f2,secondary,LOLO,nested,2,A,Centralized PPO|ppo_multi_site_seed42_20260515T234034/ppo_multi_site.zip,Centralized PPO,42,L,"May 2026, pre-781c90c reward",8,-401.6401133786817,401.6401133786817,0.0,0.0,0.0,206.94117147360993,206.94117147360993,0.0,0.0,0.0,0.0,0.0,0,0.0,0,0.0,0.0,0.0,0.66
main,v040,LOLO-nes-f2,secondary,LOLO,nested,2,A,Centralized PPO|ppo_multi_site_seed42_20260515T234034/ppo_multi_site.zip,Centralized PPO,42,L,"May 2026, pre-781c90c reward",9,-458.96443054184465,80.96443054184468,378.0,0.0,0.0,207.46463471200627,207.46463471200627,0.013875123885034688,0.013875123885034688,0.0,0.013875123885034688,0.0,0,0.0,14,32.11616248022194,158.24556367822564,1.0,0.66
main,v040,LOLO-nes-f2,secondary,LOLO,nested,2,A,Centralized PPO|ppo_multi_site_seed7_20260516T092256/ppo_multi_site.zip,Centralized PPO,7,L,"May 2026, pre-781c90c reward",all,-9550.838597410071,6173.606803810071,3375.0,0.6067936,1.625,2077.369393852786,2077.217695452786,0.012388503468780971,0.0016848364717542122,0.010901883052527254,0.012388503468780971,0.009316154608523291,30,0.28543111992071357,125,6153.634899098773,7165.702578465347,1.0,0.65
main,v040,LOLO-nes-f2,secondary,LOLO,nested,2,A,Centralized PPO|ppo_multi_site_seed7_20260516T092256/ppo_multi_site.zip,Centralized PPO,7,L,"May 2026, pre-781c90c reward",0,-1320.4769098140657,1320.4769098140657,0.0,0.0,0.0,206.65209354533326,206.65209354533326,0.0,0.0,0.0,0.0,0.0,0,0.0,0,0.0,0.0,0.0,0.65
main,v040,LOLO-nes-f2,secondary,LOLO,nested,2,A,Centralized PPO|ppo_multi_site_seed7_20260516T092256/ppo_multi_site.zip,Centralized PPO,7,L,"May 2026, pre-781c90c reward",1,-1526.0522204141207,850.6505220141207,675.0,0.1516984,0.25,206.51462854661122,206.47670394661122,0.024777006937561942,0.0,0.024777006937561942,0.024777006937561942,0.02081268582755203,8,0.761149653121903,25,6983.677244222132,6983.677244222132,1.0,0.65
main,v040,LOLO-nes-f2,secondary,LOLO,nested,2,A,Centralized PPO|ppo_multi_site_seed7_20260516T092256/ppo_multi_site.zip,Centralized PPO,7,L,"May 2026, pre-781c90c reward",2,-285.1260769824414,285.1260769824414,0.0,0.0,0.0,207.06012287456912,207.06012287456912,0.0,0.0,0.0,0.0,0.0,0,0.0,0,0.0,0.0,0.0,0.65
main,v040,LOLO-nes-f2,secondary,LOLO,nested,2,A,Centralized PPO|ppo_multi_site_seed7_20260516T092256/ppo_multi_site.zip,Centralized PPO,7,L,"May 2026, pre-781c90c reward",3,-164.82538383489316,137.82538383489316,27.0,0.0,0.0,207.34812914198812,207.34812914198812,0.0009910802775024777,0.0009910802775024777,0.0,0.0009910802775024777,0.0,0,0.0,1,4.163245459378105,4.163245459378105,1.0,0.65
main,v040,LOLO-nes-f2,secondary,LOLO,nested,2,A,Centralized PPO|ppo_multi_site_seed7_20260516T092256/ppo_multi_site.zip,Centralized PPO,7,L,"May 2026, pre-781c90c reward",4,-955.2158570730161,955.2158570730161,0.0,0.0,0.0,206.7402966006959,206.7402966006959,0.0,0.0,0.0,0.0,0.0,0,0.0,0,0.0,0.0,0.0,0.65
main,v040,LOLO-nes-f2,secondary,LOLO,nested,2,A,Centralized PPO|ppo_multi_site_seed7_20260516T092256/ppo_multi_site.zip,Centralized PPO,7,L,"May 2026, pre-781c90c reward",5,-2463.689927717367,437.9736063173667,2025.0,0.3413214,0.375,213.83046565121157,213.74513530121158,0.07433102081268583,0.0,0.07433102081268583,0.07433102081268583,0.06541129831516353,17,1.6174430128840438,75,6983.677244222133,6983.677244222132,1.0,0.65
main,v040,LOLO-nes-f2,secondary,LOLO,nested,2,A,Centralized PPO|ppo_multi_site_seed7_20260516T092256/ppo_multi_site.zip,Centralized PPO,7,L,"May 2026, pre-781c90c reward",6,-1080.2005525803147,945.0376279803148,135.0,0.0379246,0.125,206.23425657531504,206.22477542531504,0.004955401387512388,0.0,0.004955401387512388,0.004955401387512388,0.003964321110009911,2,0.19028741328047574,5,6983.677244222132,6983.677244222132,1.0,0.65
main,v040,LOLO-nes-f2,secondary,LOLO,nested,2,A,Centralized PPO|ppo_multi_site_seed7_20260516T092256/ppo_multi_site.zip,Centralized PPO,7,L,"May 2026, pre-781c90c reward",7,-812.4123699811983,757.8744453811983,54.0,0.0379246,0.5,207.1244194987811,207.1149383487811,0.0019821605550049554,0.0,0.0019821605550049554,0.0019821605550049554,0.0009910802775024777,1,0.09514370664023787,2,6983.677244222132,6983.677244222132,1.0,0.65
main,v040,LOLO-nes-f2,secondary,LOLO,nested,2,A,Centralized PPO|ppo_multi_site_seed7_20260516T092256/ppo_multi_site.zip,Centralized PPO,7,L,"May 2026, pre-781c90c reward",8,-483.87486847080976,402.4619438708097,81.0,0.0379246,0.375,208.4003467062737,208.3908655562737,0.002973240832507433,0.0019821605550049554,0.002973240832507433,0.002973240832507433,0.0019821605550049554,2,0.19028741328047574,3,7165.702578465348,7165.702578465347,1.0,0.65
main,v040,LOLO-nes-f2,secondary,LOLO,nested,2,A,Centralized PPO|ppo_multi_site_seed7_20260516T092256/ppo_multi_site.zip,Centralized PPO,7,L,"May 2026, pre-781c90c reward",9,-458.96443054184465,80.96443054184468,378.0,0.0,0.0,207.46463471200627,207.46463471200627,0.013875123885034688,0.013875123885034688,0.0,0.013875123885034688,0.0,0,0.0,14,32.11616248022194,158.24556367822564,1.0,0.65
main,v040,LOLO-nes-f2,secondary,LOLO,nested,2,A,Centralized PPO|ppo_multi_site_seed13_20260516T092257/ppo_multi_site.zip,Centralized PPO,13,L,"May 2026, pre-781c90c reward",all,-36510.37314980839,6101.181994408387,30402.0,1.4411554,5.75,2283.3263154923575,2282.966026642358,0.11159563924677898,0.005153617443012884,0.11010901883052528,0.11159563924677898,0.10634291377601586,76,0.7230921704658078,1126,6898.476962391426,7468.644993958343,1.0,0.65
main,v040,LOLO-nes-f2,secondary,LOLO,nested,2,A,Centralized PPO|ppo_multi_site_seed13_20260516T092257/ppo_multi_site.zip,Centralized PPO,13,L,"May 2026, pre-781c90c reward",0,-1320.4769098140657,1320.4769098140657,0.0,0.0,0.0,206.65209354533326,206.65209354533326,0.0,0.0,0.0,0.0,0.0,0,0.0,0,0.0,0.0,0.0,0.65
main,v040,LOLO-nes-f2,secondary,LOLO,nested,2,A,Centralized PPO|ppo_multi_site_seed13_20260516T092257/ppo_multi_site.zip,Centralized PPO,13,L,"May 2026, pre-781c90c reward",1,-1969.5250872892082,889.3354642892081,1080.0,0.18962299999999999,0.0,226.1822416777041,226.1348359277041,0.03964321110009911,0.004955401387512388,0.03964321110009911,0.03964321110009911,0.03468780971258672,10,0.9514370664023787,40,7006.430411002535,7165.702578465347,1.0,0.65
main,v040,LOLO-nes-f2,secondary,LOLO,nested,2,A,Centralized PPO|ppo_multi_site_seed13_20260516T092257/ppo_multi_site.zip,Centralized PPO,13,L,"May 2026, pre-781c90c reward",2,-285.1260769824414,285.1260769824414,0.0,0.0,0.0,207.06012287456912,207.06012287456912,0.0,0.0,0.0,0.0,0.0,0,0.0,0,0.0,0.0,0.0,0.65
main,v040,LOLO-nes-f2,secondary,LOLO,nested,2,A,Centralized PPO|ppo_multi_site_seed13_20260516T092257/ppo_multi_site.zip,Centralized PPO,13,L,"May 2026, pre-781c90c reward",3,-164.82538383489316,137.82538383489316,27.0,0.0,0.0,207.34812914198812,207.34812914198812,0.0009910802775024777,0.0009910802775024777,0.0,0.0009910802775024777,0.0,0,0.0,1,4.163245459378105,4.163245459378105,1.0,0.65
main,v040,LOLO-nes-f2,secondary,LOLO,nested,2,A,Centralized PPO|ppo_multi_site_seed13_20260516T092257/ppo_multi_site.zip,Centralized PPO,13,L,"May 2026, pre-781c90c reward",4,-6737.853002335401,660.6099825354004,6075.0,0.4930198,1.75,203.39249429190966,203.26923934190967,0.22299306243805747,0.0,0.22299306243805747,0.22299306243805747,0.21010901883052527,26,2.4737363726461843,225,6983.677244222131,6983.677244222132,1.0,0.65
main,v040,LOLO-nes-f2,secondary,LOLO,nested,2,A,Centralized PPO|ppo_multi_site_seed13_20260516T092257/ppo_multi_site.zip,Centralized PPO,13,L,"May 2026, pre-781c90c reward",5,-442.9269920292966,442.9269920292966,0.0,0.0,0.0,206.94560538958177,206.94560538958177,0.0,0.0,0.0,0.0,0.0,0,0.0,0,0.0,0.0,0.0,0.65
main,v040,LOLO-nes-f2,secondary,LOLO,nested,2,A,Centralized PPO|ppo_multi_site_seed13_20260516T092257/ppo_multi_site.zip,Centralized PPO,13,L,"May 2026, pre-781c90c reward",6,-23668.865126377234,1120.0953875772316,22545.0,0.6447388000000001,3.125,400.2746976026832,400.11351290268317,0.8275520317145689,0.030723488602576808,0.8275520317145689,0.8275520317145689,0.8107036669970268,34,3.2348860257680876,835,6992.388261942268,7468.644993958343,1.0,0.65
main,v040,LOLO-nes-f2,secondary,LOLO,nested,2,A,Centralized PPO|ppo_multi_site_seed13_20260516T092257/ppo_multi_site.zip,Centralized PPO,13,L,"May 2026, pre-781c90c reward",7,-1060.1700272253236,762.1812534253237,297.0,0.11377380000000001,0.875,211.06512478297222,211.03668133297222,0.010901883052527254,0.0009910802775024777,0.010901883052527254,0.010901883052527254,0.007928642220019821,6,0.5708622398414271,11,7000.225001880605,7165.702578465347,1.0,0.65
main,v040,LOLO-nes-f2,secondary,LOLO,nested,2,A,Centralized PPO|ppo_multi_site_seed13_20260516T092257/ppo_multi_site.zip,Centralized PPO,13,L,"May 2026, pre-781c90c reward",8,-401.6401133786817,401.6401133786817,0.0,0.0,0.0,206.94117147360993,206.94117147360993,0.0,0.0,0.0,0.0,0.0,0,0.0,0,0.0,0.0,0.0,0.65
main,v040,LOLO-nes-f2,secondary,LOLO,nested,2,A,Centralized PPO|ppo_multi_site_seed13_20260516T092257/ppo_multi_site.zip,Centralized PPO,13,L,"May 2026, pre-781c90c reward",9,-458.96443054184465,80.96443054184468,378.0,0.0,0.0,207.46463471200627,207.46463471200627,0.013875123885034688,0.013875123885034688,0.0,0.013875123885034688,0.0,0,0.0,14,32.11616248022194,158.24556367822564,1.0,0.65
main,v040,LOLO-nes-f2,secondary,LOLO,nested,2,A,Centralized PPO|ppo_multi_site_seed99_20260516T092259/ppo_multi_site.zip,Centralized PPO,99,L,"May 2026, pre-781c90c reward",all,-16996.434810838342,5969.406600638341,11016.0,1.4032102,9.625,2078.362842171295,2078.012039621295,0.04043607532210109,0.0014866204162537165,0.03894945490584737,0.04043607532210109,0.03528245787908821,73,0.6945490584737364,408,6728.482774102263,7165.702578465347,1.0,0.65
main,v040,LOLO-nes-f2,secondary,LOLO,nested,2,A,Centralized PPO|ppo_multi_site_seed99_20260516T092259/ppo_multi_site.zip,Centralized PPO,99,L,"May 2026, pre-781c90c reward",0,-1320.4769098140657,1320.4769098140657,0.0,0.0,0.0,206.65209354533326,206.65209354533326,0.0,0.0,0.0,0.0,0.0,0,0.0,0,0.0,0.0,0.0,0.65
main,v040,LOLO-nes-f2,secondary,LOLO,nested,2,A,Centralized PPO|ppo_multi_site_seed99_20260516T092259/ppo_multi_site.zip,Centralized PPO,99,L,"May 2026, pre-781c90c reward",1,-868.0915634667572,868.0915634667572,0.0,0.0,0.0,206.8419494141882,206.8419494141882,0.0,0.0,0.0,0.0,0.0,0,0.0,0,0.0,0.0,0.0,0.65
main,v040,LOLO-nes-f2,secondary,LOLO,nested,2,A,Centralized PPO|ppo_multi_site_seed99_20260516T092259/ppo_multi_site.zip,Centralized PPO,99,L,"May 2026, pre-781c90c reward",2,-285.1260769824414,285.1260769824414,0.0,0.0,0.0,207.06012287456912,207.06012287456912,0.0,0.0,0.0,0.0,0.0,0,0.0,0,0.0,0.0,0.0,0.65
main,v040,LOLO-nes-f2,secondary,LOLO,nested,2,A,Centralized PPO|ppo_multi_site_seed99_20260516T092259/ppo_multi_site.zip,Centralized PPO,99,L,"May 2026, pre-781c90c reward",3,-164.82538383489316,137.82538383489316,27.0,0.0,0.0,207.34812914198812,207.34812914198812,0.0009910802775024777,0.0009910802775024777,0.0,0.0009910802775024777,0.0,0,0.0,1,4.163245459378105,4.163245459378105,1.0,0.65
main,v040,LOLO-nes-f2,secondary,LOLO,nested,2,A,Centralized PPO|ppo_multi_site_seed99_20260516T092259/ppo_multi_site.zip,Centralized PPO,99,L,"May 2026, pre-781c90c reward",4,-955.2158570730161,955.2158570730161,0.0,0.0,0.0,206.7402966006959,206.7402966006959,0.0,0.0,0.0,0.0,0.0,0,0.0,0,0.0,0.0,0.0,0.65
main,v040,LOLO-nes-f2,secondary,LOLO,nested,2,A,Centralized PPO|ppo_multi_site_seed99_20260516T092259/ppo_multi_site.zip,Centralized PPO,99,L,"May 2026, pre-781c90c reward",5,-442.9269920292966,442.9269920292966,0.0,0.0,0.0,206.94560538958177,206.94560538958177,0.0,0.0,0.0,0.0,0.0,0,0.0,0,0.0,0.0,0.0,0.65
main,v040,LOLO-nes-f2,secondary,LOLO,nested,2,A,Centralized PPO|ppo_multi_site_seed99_20260516T092259/ppo_multi_site.zip,Centralized PPO,99,L,"May 2026, pre-781c90c reward",6,-4084.2764191752785,810.1050025752779,3267.0,0.7964166,6.375,205.4859219903276,205.28681784032756,0.1199207135777998,0.0,0.1199207135777998,0.1199207135777998,0.09910802775024777,42,3.9960356788899905,121,6983.67724422213,6983.677244222132,1.0,0.65
main,v040,LOLO-nes-f2,secondary,LOLO,nested,2,A,Centralized PPO|ppo_multi_site_seed99_20260516T092259/ppo_multi_site.zip,Centralized PPO,99,L,"May 2026, pre-781c90c reward",7,-8014.891064542067,667.0342709420672,7344.0,0.6067936,3.25,216.88291702899494,216.73121862899495,0.26957383548067393,0.0,0.26957383548067393,0.26957383548067393,0.2537165510406343,31,2.949454905847374,272,6984.3464550097915,7165.702578465347,1.0,0.65
main,v040,LOLO-nes-f2,secondary,LOLO,nested,2,A,Centralized PPO|ppo_multi_site_seed99_20260516T092259/ppo_multi_site.zip,Centralized PPO,99,L,"May 2026, pre-781c90c reward",8,-401.6401133786817,401.6401133786817,0.0,0.0,0.0,206.94117147360993,206.94117147360993,0.0,0.0,0.0,0.0,0.0,0,0.0,0,0.0,0.0,0.0,0.65
main,v040,LOLO-nes-f2,secondary,LOLO,nested,2,A,Centralized PPO|ppo_multi_site_seed99_20260516T092259/ppo_multi_site.zip,Centralized PPO,99,L,"May 2026, pre-781c90c reward",9,-458.96443054184465,80.96443054184468,378.0,0.0,0.0,207.46463471200627,207.46463471200627,0.013875123885034688,0.013875123885034688,0.0,0.013875123885034688,0.0,0,0.0,14,32.11616248022194,158.24556367822564,1.0,0.65
main,v040,LOLO-nes-f2,secondary,LOLO,nested,2,A,Centralized PPO|ppo_multi_site_seed7_20260517T003435/best_model.zip,Centralized PPO,7,L,"May 2026, pre-781c90c reward; run has no final save (best_model.zip only)",all,-75226.8776366821,6249.783250482109,68931.0,2.8443861999999998,43.25,2508.130696104241,2507.4195995542404,0.25302279484638257,0.0044598612487611496,0.2515361744301288,0.25302279484638257,0.24410307234886025,150,1.4271555996035679,2553,6945.199091349094,7468.644993958343,1.0,0.65
main,v040,LOLO-nes-f2,secondary,LOLO,nested,2,A,Centralized PPO|ppo_multi_site_seed7_20260517T003435/best_model.zip,Centralized PPO,7,L,"May 2026, pre-781c90c reward; run has no final save (best_model.zip only)",0,-28452.213043535397,1209.2130229353984,27243.0,2.06e-05,0.0,310.40344354725585,310.40343839725585,1.0,0.0019821605550049554,1.0,1.0,1.0,0,0.0,1009,6984.038047659679,7165.702578465347,1.0,0.65
main,v040,LOLO-nes-f2,secondary,LOLO,nested,2,A,Centralized PPO|ppo_multi_site_seed7_20260517T003435/best_model.zip,Centralized PPO,7,L,"May 2026, pre-781c90c reward; run has no final save (best_model.zip only)",1,-868.0915634667572,868.0915634667572,0.0,0.0,0.0,206.8419494141882,206.8419494141882,0.0,0.0,0.0,0.0,0.0,0,0.0,0,0.0,0.0,0.0,0.65
main,v040,LOLO-nes-f2,secondary,LOLO,nested,2,A,Centralized PPO|ppo_multi_site_seed7_20260517T003435/best_model.zip,Centralized PPO,7,L,"May 2026, pre-781c90c reward; run has no final save (best_model.zip only)",2,-1682.198450128513,298.0425057285131,1377.0,0.5309444,6.625,213.2415468428349,213.10881074283492,0.05054509415262636,0.0,0.05054509415262636,0.05054509415262636,0.036669970267591674,28,2.66402378592666,51,6983.677244222133,6983.677244222132,1.0,0.65
main,v040,LOLO-nes-f2,secondary,LOLO,nested,2,A,Centralized PPO|ppo_multi_site_seed7_20260517T003435/best_model.zip,Centralized PPO,7,L,"May 2026, pre-781c90c reward; run has no final save (best_model.zip only)",3,-164.82538383489316,137.82538383489316,27.0,0.0,0.0,207.34812914198812,207.34812914198812,0.0009910802775024777,0.0009910802775024777,0.0,0.0009910802775024777,0.0,0,0.0,1,4.163245459378105,4.163245459378105,1.0,0.65
main,v040,LOLO-nes-f2,secondary,LOLO,nested,2,A,Centralized PPO|ppo_multi_site_seed7_20260517T003435/best_model.zip,Centralized PPO,7,L,"May 2026, pre-781c90c reward; run has no final save (best_model.zip only)",4,-28366.40262291713,1123.4026023171298,27243.0,2.06e-05,0.0,492.70803952173674,492.70803437173674,1.0,0.026759167492566897,1.0,1.0,1.0,0,0.0,1009,6989.1485711354635,7468.644993958343,1.0,0.65
main,v040,LOLO-nes-f2,secondary,LOLO,nested,2,A,Centralized PPO|ppo_multi_site_seed7_20260517T003435/best_model.zip,Centralized PPO,7,L,"May 2026, pre-781c90c reward; run has no final save (best_model.zip only)",5,-442.9269920292966,442.9269920292966,0.0,0.0,0.0,206.94560538958177,206.94560538958177,0.0,0.0,0.0,0.0,0.0,0,0.0,0,0.0,0.0,0.0,0.65
main,v040,LOLO-nes-f2,secondary,LOLO,nested,2,A,Centralized PPO|ppo_multi_site_seed7_20260517T003435/best_model.zip,Centralized PPO,7,L,"May 2026, pre-781c90c reward; run has no final save (best_model.zip only)",6,-955.4339728394466,955.4339728394466,0.0,0.0,0.0,206.73204604069127,206.73204604069127,0.0,0.0,0.0,0.0,0.0,0,0.0,0,0.0,0.0,0.0,0.65
main,v040,LOLO-nes-f2,secondary,LOLO,nested,2,A,Centralized PPO|ppo_multi_site_seed7_20260517T003435/best_model.zip,Centralized PPO,7,L,"May 2026, pre-781c90c reward; run has no final save (best_model.zip only)",7,-13434.181064010148,732.242663410148,12663.0,2.3134006,36.625,249.50413002034765,248.92577987034764,0.464816650148662,0.0009910802775024777,0.464816650148662,0.464816650148662,0.4043607532210109,122,11.607532210109019,469,6984.0653579412,7165.702578465347,1.0,0.65
main,v040,LOLO-nes-f2,secondary,LOLO,nested,2,A,Centralized PPO|ppo_multi_site_seed7_20260517T003435/best_model.zip,Centralized PPO,7,L,"May 2026, pre-781c90c reward; run has no final save (best_model.zip only)",8,-401.6401133786817,401.6401133786817,0.0,0.0,0.0,206.94117147360993,206.94117147360993,0.0,0.0,0.0,0.0,0.0,0,0.0,0,0.0,0.0,0.0,0.65
main,v040,LOLO-nes-f2,secondary,LOLO,nested,2,A,Centralized PPO|ppo_multi_site_seed7_20260517T003435/best_model.zip,Centralized PPO,7,L,"May 2026, pre-781c90c reward; run has no final save (best_model.zip only)",9,-458.96443054184465,80.96443054184468,378.0,0.0,0.0,207.46463471200627,207.46463471200627,0.013875123885034688,0.013875123885034688,0.0,0.013875123885034688,0.0,0,0.0,14,32.11616248022194,158.24556367822564,1.0,0.65
main,v040,LOLO-nes-f2,secondary,LOLO,nested,2,A,Centralized PPO|ppo_multi_site_seed13_20260517T003435/best_model.zip,Centralized PPO,13,L,"May 2026, pre-781c90c reward; run has no final save (best_model.zip only)",all,-71083.92591125793,5977.181049057934,65016.0,5.1198622,85.625,2485.8651561881898,2484.5851906381895,0.23865213082259662,0.0044598612487611496,0.23716551040634293,0.23865213082259662,0.22378592666005948,269,2.559365708622398,2408,6943.637472474968,7468.644993958343,1.0,0.66
main,v040,LOLO-nes-f2,secondary,LOLO,nested,2,A,Centralized PPO|ppo_multi_site_seed13_20260517T003435/best_model.zip,Centralized PPO,13,L,"May 2026, pre-781c90c reward; run has no final save (best_model.zip only)",0,-7398.149276721666,969.080407721666,6426.0,0.5688690000000001,2.5,192.94762863867223,192.8054113886722,0.2358771060455897,0.0,0.2358771060455897,0.2358771060455897,0.22101090188305253,30,2.8543111992071357,238,6983.67724422213,6983.677244222132,1.0,0.66
main,v040,LOLO-nes-f2,secondary,LOLO,nested,2,A,Centralized PPO|ppo_multi_site_seed13_20260517T003435/best_model.zip,Centralized PPO,13,L,"May 2026, pre-781c90c reward; run has no final save (best_model.zip only)",1,-868.0915634667572,868.0915634667572,0.0,0.0,0.0,206.8419494141882,206.8419494141882,0.0,0.0,0.0,0.0,0.0,0,0.0,0,0.0,0.0,0.0,0.66
main,v040,LOLO-nes-f2,secondary,LOLO,nested,2,A,Centralized PPO|ppo_multi_site_seed13_20260517T003435/best_model.zip,Centralized PPO,13,L,"May 2026, pre-781c90c reward; run has no final save (best_model.zip only)",2,-285.1260769824414,285.1260769824414,0.0,0.0,0.0,207.06012287456912,207.06012287456912,0.0,0.0,0.0,0.0,0.0,0,0.0,0,0.0,0.0,0.0,0.66
main,v040,LOLO-nes-f2,secondary,LOLO,nested,2,A,Centralized PPO|ppo_multi_site_seed13_20260517T003435/best_model.zip,Centralized PPO,13,L,"May 2026, pre-781c90c reward; run has no final save (best_model.zip only)",3,-164.82538383489316,137.82538383489316,27.0,0.0,0.0,207.34812914198812,207.34812914198812,0.0009910802775024777,0.0009910802775024777,0.0,0.0009910802775024777,0.0,0,0.0,1,4.163245459378105,4.163245459378105,1.0,0.66
main,v040,LOLO-nes-f2,secondary,LOLO,nested,2,A,Centralized PPO|ppo_multi_site_seed13_20260517T003435/best_model.zip,Centralized PPO,13,L,"May 2026, pre-781c90c reward; run has no final save (best_model.zip only)",4,-7941.808413747782,667.2732233477822,7263.0,0.9101904000000001,10.625,206.83654979571196,206.60900219571195,0.2666005946481665,0.0,0.2666005946481665,0.2666005946481665,0.24281466798810702,47,4.47175421209118,269,6983.677244222132,6983.677244222132,1.0,0.66
main,v040,LOLO-nes-f2,secondary,LOLO,nested,2,A,Centralized PPO|ppo_multi_site_seed13_20260517T003435/best_model.zip,Centralized PPO,13,L,"May 2026, pre-781c90c reward; run has no final save (best_model.zip only)",5,-442.9269920292966,442.9269920292966,0.0,0.0,0.0,206.94560538958177,206.94560538958177,0.0,0.0,0.0,0.0,0.0,0,0.0,0,0.0,0.0,0.0,0.66
main,v040,LOLO-nes-f2,secondary,LOLO,nested,2,A,Centralized PPO|ppo_multi_site_seed13_20260517T003435/best_model.zip,Centralized PPO,13,L,"May 2026, pre-781c90c reward; run has no final save (best_model.zip only)",6,-24751.64112196888,996.5003397688811,23679.0,3.6407822,72.5,357.30236166035576,356.3921661103558,0.869177403369673,0.02180376610505451,0.869177403369673,0.869177403369673,0.7740336967294351,192,18.26759167492567,877,6990.662938277477,7468.644993958343,1.0,0.66
main,v040,LOLO-nes-f2,secondary,LOLO,nested,2,A,Centralized PPO|ppo_multi_site_seed13_20260517T003435/best_model.zip,Centralized PPO,13,L,"May 2026, pre-781c90c reward; run has no final save (best_model.zip only)",7,-28370.75253858569,1127.7525179856889,27243.0,2.06e-05,0.0,486.1770030875061,486.1769979375061,1.0,0.007928642220019821,1.0,1.0,1.0,0,0.0,1009,6985.420698225539,7468.644993958343,1.0,0.66
main,v040,LOLO-nes-f2,secondary,LOLO,nested,2,A,Centralized PPO|ppo_multi_site_seed13_20260517T003435/best_model.zip,Centralized PPO,13,L,"May 2026, pre-781c90c reward; run has no final save (best_model.zip only)",8,-401.6401133786817,401.6401133786817,0.0,0.0,0.0,206.94117147360993,206.94117147360993,0.0,0.0,0.0,0.0,0.0,0,0.0,0,0.0,0.0,0.0,0.66
main,v040,LOLO-nes-f2,secondary,LOLO,nested,2,A,Centralized PPO|ppo_multi_site_seed13_20260517T003435/best_model.zip,Centralized PPO,13,L,"May 2026, pre-781c90c reward; run has no final save (best_model.zip only)",9,-458.96443054184465,80.96443054184468,378.0,0.0,0.0,207.46463471200627,207.46463471200627,0.013875123885034688,0.013875123885034688,0.0,0.013875123885034688,0.0,0,0.0,14,32.11616248022194,158.24556367822564,1.0,0.66
main,v040,LOLO-nes-f2,secondary,LOLO,nested,2,A,Centralized PPO|ppo_multi_site_seed42_20260517T003436/best_model.zip,Centralized PPO,42,L,"May 2026, pre-781c90c reward; run has no final save (best_model.zip only)",all,-83821.23240057881,6593.266970978808,77139.0,5.8404296,83.125,2840.010191309496,2838.5500839094957,0.2831516352824579,0.014073339940535183,0.28166501486620416,0.2831516352824579,0.266402378592666,307,2.920911793855302,2857,6958.150736741829,7468.644993958343,1.0,0.66
main,v040,LOLO-nes-f2,secondary,LOLO,nested,2,A,Centralized PPO|ppo_multi_site_seed42_20260517T003436/best_model.zip,Centralized PPO,42,L,"May 2026, pre-781c90c reward; run has no final save (best_model.zip only)",0,-11628.301936516751,981.9296707167507,10638.0,0.8722658000000001,7.5,207.23631036793765,207.01824391793764,0.3904856293359762,0.0009910802775024777,0.3904856293359762,0.3904856293359762,0.3676907829534192,45,4.281466798810704,394,6984.139237456251,7165.702578465347,1.0,0.66
main,v040,LOLO-nes-f2,secondary,LOLO,nested,2,A,Centralized PPO|ppo_multi_site_seed42_20260517T003436/best_model.zip,Centralized PPO,42,L,"May 2026, pre-781c90c reward; run has no final save (best_model.zip only)",1,-26173.997437440135,950.4607352401337,25191.0,2.1617022,30.375,508.1824502907942,507.6420247407941,0.9246778989098117,0.09415262636273539,0.9246778989098117,0.9246778989098117,0.8681863230921705,113,10.751238850346878,933,7009.565273782609,7468.644993958343,1.0,0.66
main,v040,LOLO-nes-f2,secondary,LOLO,nested,2,A,Centralized PPO|ppo_multi_site_seed42_20260517T003436/best_model.zip,Centralized PPO,42,L,"May 2026, pre-781c90c reward; run has no final save (best_model.zip only)",2,-285.1260769824414,285.1260769824414,0.0,0.0,0.0,207.06012287456912,207.06012287456912,0.0,0.0,0.0,0.0,0.0,0,0.0,0,0.0,0.0,0.0,0.66
main,v040,LOLO-nes-f2,secondary,LOLO,nested,2,A,Centralized PPO|ppo_multi_site_seed42_20260517T003436/best_model.zip,Centralized PPO,42,L,"May 2026, pre-781c90c reward; run has no final save (best_model.zip only)",3,-164.82538383489316,137.82538383489316,27.0,0.0,0.0,207.34812914198812,207.34812914198812,0.0009910802775024777,0.0009910802775024777,0.0,0.0009910802775024777,0.0,0,0.0,1,4.163245459378105,4.163245459378105,1.0,0.66
main,v040,LOLO-nes-f2,secondary,LOLO,nested,2,A,Centralized PPO|ppo_multi_site_seed42_20260517T003436/best_model.zip,Centralized PPO,42,L,"May 2026, pre-781c90c reward; run has no final save (best_model.zip only)",4,-14001.89434963401,1211.6033808340094,12744.0,2.5409688,43.75,384.2408741787127,383.6056319787127,0.46778989098116946,0.02180376610505451,0.46778989098116946,0.46778989098116946,0.40138751238850345,135,12.844400396432112,472,6993.8307771004775,7468.644993958343,1.0,0.66
main,v040,LOLO-nes-f2,secondary,LOLO,nested,2,A,Centralized PPO|ppo_multi_site_seed42_20260517T003436/best_model.zip,Centralized PPO,42,L,"May 2026, pre-781c90c reward; run has no final save (best_model.zip only)",5,-442.9269920292966,442.9269920292966,0.0,0.0,0.0,206.94560538958177,206.94560538958177,0.0,0.0,0.0,0.0,0.0,0,0.0,0,0.0,0.0,0.0,0.66
main,v040,LOLO-nes-f2,secondary,LOLO,nested,2,A,Centralized PPO|ppo_multi_site_seed42_20260517T003436/best_model.zip,Centralized PPO,42,L,"May 2026, pre-781c90c reward; run has no final save (best_model.zip only)",6,-1756.630229699037,972.8156066990372,783.0,0.189623,0.625,217.97183396012315,217.92442821012315,0.028741328047571853,0.0009910802775024777,0.028741328047571853,0.028741328047571853,0.023785926660059464,10,0.9514370664023787,29,7000.400270075106,7468.644993958343,1.0,0.66
main,v040,LOLO-nes-f2,secondary,LOLO,nested,2,A,Centralized PPO|ppo_multi_site_seed42_20260517T003436/best_model.zip,Centralized PPO,42,L,"May 2026, pre-781c90c reward; run has no final save (best_model.zip only)",7,-28370.75253858569,1127.7525179856889,27243.0,2.06e-05,0.0,486.1770030875061,486.1769979375061,1.0,0.007928642220019821,1.0,1.0,1.0,0,0.0,1009,6985.420698225539,7468.644993958343,1.0,0.66
main,v040,LOLO-nes-f2,secondary,LOLO,nested,2,A,Centralized PPO|ppo_multi_site_seed42_20260517T003436/best_model.zip,Centralized PPO,42,L,"May 2026, pre-781c90c reward; run has no final save (best_model.zip only)",8,-537.813025314711,401.8621761147111,135.0,0.0758492,0.875,207.38322730627667,207.36426500627667,0.004955401387512388,0.0,0.004955401387512388,0.004955401387512388,0.002973240832507433,4,0.3805748265609515,5,6983.677244222132,6983.677244222132,1.0,0.66
main,v040,LOLO-nes-f2,secondary,LOLO,nested,2,A,Centralized PPO|ppo_multi_site_seed42_20260517T003436/best_model.zip,Centralized PPO,42,L,"May 2026, pre-781c90c reward; run has no final save (best_model.zip only)",9,-458.96443054184465,80.96443054184468,378.0,0.0,0.0,207.46463471200627,207.46463471200627,0.013875123885034688,0.013875123885034688,0.0,0.013875123885034688,0.0,0,0.0,14,32.11616248022194,158.24556367822564,1.0,0.66
main,v040,LOLO-nes-f2,secondary,LOLO,nested,2,A,Centralized PPO|ppo_multi_site_seed99_20260517T003436/best_model.zip,Centralized PPO,99,L,"May 2026, pre-781c90c reward; run has no final save (best_model.zip only)",all,-97205.7437832176,6216.209195217603,90828.0,9.784588,151.75,2698.1094798840254,2695.6633328840253,0.3333994053518335,0.013181367690782953,0.3319127849355798,0.3333994053518335,0.30634291377601586,513,4.880872150644202,3364,6962.636349927541,7468.644993958343,1.0,0.66
main,v040,LOLO-nes-f2,secondary,LOLO,nested,2,A,Centralized PPO|ppo_multi_site_seed99_20260517T003436/best_model.zip,Centralized PPO,99,L,"May 2026, pre-781c90c reward; run has no final save (best_model.zip only)",0,-28452.213043535397,1209.2130229353984,27243.0,2.06e-05,0.0,310.40344354725585,310.40343839725585,1.0,0.0019821605550049554,1.0,1.0,1.0,0,0.0,1009,6984.038047659679,7165.702578465347,1.0,0.66
main,v040,LOLO-nes-f2,secondary,LOLO,nested,2,A,Centralized PPO|ppo_multi_site_seed99_20260517T003436/best_model.zip,Centralized PPO,99,L,"May 2026, pre-781c90c reward; run has no final save (best_model.zip only)",1,-16100.159503478006,749.7168568780075,15309.0,2.6926466000000002,38.75,333.81671525105185,333.14355360105185,0.5619425173439049,0.028741328047571853,0.5619425173439049,0.5619425173439049,0.49157581764122893,141,13.415262636273539,567,6999.386614734591,7468.644993958343,1.0,0.66
main,v040,LOLO-nes-f2,secondary,LOLO,nested,2,A,Centralized PPO|ppo_multi_site_seed99_20260517T003436/best_model.zip,Centralized PPO,99,L,"May 2026, pre-781c90c reward; run has no final save (best_model.zip only)",2,-285.1260769824414,285.1260769824414,0.0,0.0,0.0,207.06012287456912,207.06012287456912,0.0,0.0,0.0,0.0,0.0,0,0.0,0,0.0,0.0,0.0,0.66
main,v040,LOLO-nes-f2,secondary,LOLO,nested,2,A,Centralized PPO|ppo_multi_site_seed99_20260517T003436/best_model.zip,Centralized PPO,99,L,"May 2026, pre-781c90c reward; run has no final save (best_model.zip only)",3,-164.82538383489316,137.82538383489316,27.0,0.0,0.0,207.34812914198812,207.34812914198812,0.0009910802775024777,0.0009910802775024777,0.0,0.0009910802775024777,0.0,0,0.0,1,4.163245459378105,4.163245459378105,1.0,0.66
main,v040,LOLO-nes-f2,secondary,LOLO,nested,2,A,Centralized PPO|ppo_multi_site_seed99_20260517T003436/best_model.zip,Centralized PPO,99,L,"May 2026, pre-781c90c reward; run has no final save (best_model.zip only)",4,-1191.2754520555582,947.8246028555583,243.0,0.0758492,0.375,207.4843661868639,207.4654038868639,0.008919722497522299,0.0,0.008919722497522299,0.008919722497522299,0.006937561942517344,4,0.3805748265609515,9,6983.677244222132,6983.677244222132,1.0,0.66
main,v040,LOLO-nes-f2,secondary,LOLO,nested,2,A,Centralized PPO|ppo_multi_site_seed99_20260517T003436/best_model.zip,Centralized PPO,99,L,"May 2026, pre-781c90c reward; run has no final save (best_model.zip only)",5,-14850.910962814116,612.5256696141165,14148.0,5.3852932000000004,85.0,361.3475696845345,360.0012463845345,0.5193260654112983,0.044598612487611496,0.5193260654112983,0.5193260654112983,0.3785926660059465,283,26.925668979187314,524,7011.441937003364,7468.644993958343,1.0,0.66
main,v040,LOLO-nes-f2,secondary,LOLO,nested,2,A,Centralized PPO|ppo_multi_site_seed99_20260517T003436/best_model.zip,Centralized PPO,99,L,"May 2026, pre-781c90c reward; run has no final save (best_model.zip only)",6,-28365.692013160395,1135.9601989603957,27216.0,0.6068142000000001,13.125,445.6181235348355,445.4664199848355,0.9990089197224975,0.04162537165510406,0.9990089197224975,0.9990089197224975,0.9831516352824579,32,3.044598612487612,1008,6993.300099350834,7468.644993958343,1.0,0.66
main,v040,LOLO-nes-f2,secondary,LOLO,nested,2,A,Centralized PPO|ppo_multi_site_seed99_20260517T003436/best_model.zip,Centralized PPO,99,L,"May 2026, pre-781c90c reward; run has no final save (best_model.zip only)",7,-6934.936803436265,655.4128392362657,6264.0,1.0239642,14.5,210.62520347731012,210.36921242731012,0.22993062438057482,0.0,0.22993062438057482,0.22993062438057482,0.20317145688800792,53,5.042616451932607,232,6983.677244222131,6983.677244222132,1.0,0.66
main,v040,LOLO-nes-f2,secondary,LOLO,nested,2,A,Centralized PPO|ppo_multi_site_seed99_20260517T003436/best_model.zip,Centralized PPO,99,L,"May 2026, pre-781c90c reward; run has no final save (best_model.zip only)",8,-401.6401133786817,401.6401133786817,0.0,0.0,0.0,206.94117147360993,206.94117147360993,0.0,0.0,0.0,0.0,0.0,0,0.0,0,0.0,0.0,0.0,0.66
main,v040,LOLO-nes-f2,secondary,LOLO,nested,2,A,Centralized PPO|ppo_multi_site_seed99_20260517T003436/best_model.zip,Centralized PPO,99,L,"May 2026, pre-781c90c reward; run has no final save (best_model.zip only)",9,-458.96443054184465,80.96443054184468,378.0,0.0,0.0,207.46463471200627,207.46463471200627,0.013875123885034688,0.013875123885034688,0.0,0.013875123885034688,0.0,0,0.0,14,32.11616248022194,158.24556367822564,1.0,0.66
main,v040,LOLO-nes-f2,secondary,LOLO,nested,2,A,IPPO|wcnc2027_ablation/ippo_seed1,IPPO,1,R,wcnc2027_ablation 2026-09-14,all,-23593.2992487925,5229.974043192498,18198.0,8.9502056,156.375,2032.5627166823415,2030.3251652823415,0.066798810703667,0.0014866204162537165,0.06551040634291377,0.066798810703667,0.042120911793855305,471,4.481268582755203,674,7244.094971182378,112204.6179728432,1.0,170.19
main,v040,LOLO-nes-f2,secondary,LOLO,nested,2,A,IPPO|wcnc2027_ablation/ippo_seed1,IPPO,1,R,wcnc2027_ablation 2026-09-14,0,-5937.91021692872,1122.1262489287192,4752.0,3.0339679999999998,60.75,198.35039626577975,197.59190426577976,0.17443012884043607,0.0,0.17443012884043607,0.17443012884043607,0.09514370664023786,159,15.12784935579782,176,6983.677244222132,6983.677244222132,1.0,170.19
main,v040,LOLO-nes-f2,secondary,LOLO,nested,2,A,IPPO|wcnc2027_ablation/ippo_seed1,IPPO,1,R,wcnc2027_ablation 2026-09-14,1,-3045.367843102368,667.926708302368,2349.0,1.4411348,27.0,201.8752333260892,201.51494962608922,0.08622398414271557,0.0,0.08622398414271557,0.08622398414271557,0.048562933597621406,76,7.230921704658078,87,6983.677244222133,6983.677244222132,1.0,170.19
main,v040,LOLO-nes-f2,secondary,LOLO,nested,2,A,IPPO|wcnc2027_ablation/ippo_seed1,IPPO,1,R,wcnc2027_ablation 2026-09-14,2,-285.1260769824414,285.1260769824414,0.0,0.0,0.0,207.06012287456912,207.06012287456912,0.0,0.0,0.0,0.0,0.0,0,0.0,0,0.0,0.0,0.0,170.19
main,v040,LOLO-nes-f2,secondary,LOLO,nested,2,A,IPPO|wcnc2027_ablation/ippo_seed1,IPPO,1,R,wcnc2027_ablation 2026-09-14,3,-164.82538383489316,137.82538383489316,27.0,0.0,0.0,207.34812914198812,207.34812914198812,0.0009910802775024777,0.0009910802775024777,0.0,0.0009910802775024777,0.0,0,0.0,1,4.163245459378105,4.163245459378105,1.0,170.19
main,v040,LOLO-nes-f2,secondary,LOLO,nested,2,A,IPPO|wcnc2027_ablation/ippo_seed1,IPPO,1,R,wcnc2027_ablation 2026-09-14,4,-4056.278124436982,691.3903864369825,3348.0,1.1377380000000001,15.75,196.29080319564713,196.00636869564715,0.12289395441030723,0.0,0.12289395441030723,0.12289395441030723,0.0931615460852329,60,5.708622398414271,124,6983.677244222131,6983.677244222132,1.0,170.19
main,v040,LOLO-nes-f2,secondary,LOLO,nested,2,A,IPPO|wcnc2027_ablation/ippo_seed1,IPPO,1,R,wcnc2027_ablation 2026-09-14,5,-1446.8644405727473,415.8222699727474,1026.0,0.4171706,4.625,205.4309024884531,205.32660983845307,0.03766105054509415,0.0,0.03766105054509415,0.03766105054509415,0.026759167492566897,22,2.093161546085233,38,6983.677244222134,6983.677244222132,1.0,170.19
main,v040,LOLO-nes-f2,secondary,LOLO,nested,2,A,IPPO|wcnc2027_ablation/ippo_seed1,IPPO,1,R,wcnc2027_ablation 2026-09-14,6,-4710.454513722152,724.2900773221515,3969.0,1.2894364,15.875,196.543859548196,196.22150044819602,0.14568880079286423,0.0,0.14568880079286423,0.14568880079286423,0.11199207135777998,68,6.469772051536175,147,6983.677244222133,6983.677244222132,1.0,170.19
main,v040,LOLO-nes-f2,secondary,LOLO,nested,2,A,IPPO|wcnc2027_ablation/ippo_seed1,IPPO,1,R,wcnc2027_ablation 2026-09-14,7,-3058.3522738172087,702.7594406172086,2322.0,1.5928332,32.0,203.88578505932628,203.48757675932626,0.08523290386521308,0.0,0.08523290386521308,0.08523290386521308,0.04360753221010902,84,7.992071357779981,86,6983.677244222133,6983.677244222132,1.0,170.19
main,v040,LOLO-nes-f2,secondary,LOLO,nested,2,A,IPPO|wcnc2027_ablation/ippo_seed1,IPPO,1,R,wcnc2027_ablation 2026-09-14,8,-401.6401133786817,401.6401133786817,0.0,0.0,0.0,206.94117147360993,206.94117147360993,0.0,0.0,0.0,0.0,0.0,0,0.0,0,0.0,0.0,0.0,170.19
main,v040,LOLO-nes-f2,secondary,LOLO,nested,2,A,IPPO|wcnc2027_ablation/ippo_seed1,IPPO,1,R,wcnc2027_ablation 2026-09-14,9,-486.4802620163052,81.06733741630518,405.0,0.0379246,0.375,208.83631330868278,208.82683215868278,0.014866204162537165,0.013875123885034688,0.002973240832507433,0.014866204162537165,0.0019821605550049554,2,0.19028741328047574,15,19150.414708886645,112204.6179728432,1.0,170.19
main,v040,LOLO-nes-f2,secondary,LOLO,nested,2,A,IPPO|wcnc2027_ablation/ippo_seed7,IPPO,7,R,wcnc2027_ablation 2026-09-14,all,-22691.146212658852,5266.108931658848,17253.0,8.912281,163.125,2034.0723920174548,2031.8443217674549,0.06333002973240832,0.0014866204162537165,0.06184340931615461,0.06333002973240832,0.03855302279484638,469,4.462239841427156,639,6820.451314420647,6983.677244222132,1.0,167.63
main,v040,LOLO-nes-f2,secondary,LOLO,nested,2,A,IPPO|wcnc2027_ablation/ippo_seed7,IPPO,7,R,wcnc2027_ablation 2026-09-14,0,-5862.955906473869,995.8967518738684,4833.0,1.9341546,32.125,193.13579014634627,192.65225149634625,0.1774033696729435,0.0,0.1774033696729435,0.1774033696729435,0.12685827552031714,101,9.609514370664025,179,6983.677244222133,6983.677244222132,1.0,167.63
main,v040,LOLO-nes-f2,secondary,LOLO,nested,2,A,IPPO|wcnc2027_ablation/ippo_seed7,IPPO,7,R,wcnc2027_ablation 2026-09-14,1,-3799.475570572141,679.3784913721413,3078.0,1.9720792,40.125,201.88189524133153,201.38887544133152,0.11298315163528246,0.0,0.11298315163528246,0.11298315163528246,0.061446977205153616,104,9.894945490584737,114,6983.677244222131,6983.677244222132,1.0,167.63
main,v040,LOLO-nes-f2,secondary,LOLO,nested,2,A,IPPO|wcnc2027_ablation/ippo_seed7,IPPO,7,R,wcnc2027_ablation 2026-09-14,2,-285.1260769824414,285.1260769824414,0.0,0.0,0.0,207.06012287456912,207.06012287456912,0.0,0.0,0.0,0.0,0.0,0,0.0,0,0.0,0.0,0.0,167.63
main,v040,LOLO-nes-f2,secondary,LOLO,nested,2,A,IPPO|wcnc2027_ablation/ippo_seed7,IPPO,7,R,wcnc2027_ablation 2026-09-14,3,-164.82538383489316,137.82538383489316,27.0,0.0,0.0,207.34812914198812,207.34812914198812,0.0009910802775024777,0.0009910802775024777,0.0,0.0009910802775024777,0.0,0,0.0,1,4.163245459378105,4.163245459378105,1.0,167.63
main,v040,LOLO-nes-f2,secondary,LOLO,nested,2,A,IPPO|wcnc2027_ablation/ippo_seed7,IPPO,7,R,wcnc2027_ablation 2026-09-14,4,-3902.88438878996,698.4587261899603,3186.0,1.1756626000000001,17.25,196.97777840450883,196.68386275450882,0.11694747274529237,0.0,0.11694747274529237,0.11694747274529237,0.08622398414271557,62,5.898909811694748,118,6983.677244222131,6983.677244222132,1.0,167.63
main,v040,LOLO-nes-f2,secondary,LOLO,nested,2,A,IPPO|wcnc2027_ablation/ippo_seed7,IPPO,7,R,wcnc2027_ablation 2026-09-14,5,-994.1173072857353,424.8897596857353,567.0,0.22754760000000002,2.0,206.06924861450457,206.01236171450458,0.02081268582755203,0.0,0.02081268582755203,0.02081268582755203,0.014866204162537165,12,1.1417244796828543,21,6983.677244222133,6983.677244222132,1.0,167.63
main,v040,LOLO-nes-f2,secondary,LOLO,nested,2,A,IPPO|wcnc2027_ablation/ippo_seed7,IPPO,7,R,wcnc2027_ablation 2026-09-14,6,-2943.3980653314993,862.2069305314994,2052.0,1.4411348,27.75,203.25820156246533,202.89791786246533,0.0753221010901883,0.0,0.0753221010901883,0.0753221010901883,0.03766105054509415,76,7.230921704658078,76,6983.677244222134,6983.677244222132,1.0,167.63
main,v040,LOLO-nes-f2,secondary,LOLO,nested,2,A,IPPO|wcnc2027_ablation/ippo_seed7,IPPO,7,R,wcnc2027_ablation 2026-09-14,7,-3877.7589694677827,699.7222672677829,3132.0,2.1617022,43.875,203.93541984612474,203.39499429612476,0.11496531219028741,0.0,0.11496531219028741,0.11496531219028741,0.05847373637264618,114,10.846382556987116,116,6983.677244222131,6983.677244222132,1.0,167.63
main,v040,LOLO-nes-f2,secondary,LOLO,nested,2,A,IPPO|wcnc2027_ablation/ippo_seed7,IPPO,7,R,wcnc2027_ablation 2026-09-14,8,-401.6401133786817,401.6401133786817,0.0,0.0,0.0,206.94117147360993,206.94117147360993,0.0,0.0,0.0,0.0,0.0,0,0.0,0,0.0,0.0,0.0,167.63
main,v040,LOLO-nes-f2,secondary,LOLO,nested,2,A,IPPO|wcnc2027_ablation/ippo_seed7,IPPO,7,R,wcnc2027_ablation 2026-09-14,9,-458.96443054184465,80.96443054184468,378.0,0.0,0.0,207.46463471200627,207.46463471200627,0.013875123885034688,0.013875123885034688,0.0,0.013875123885034688,0.0,0,0.0,14,32.11616248022194,158.24556367822564,1.0,167.63
main,v040,LOLO-nes-f2,secondary,LOLO,nested,2,A,IPPO|wcnc2027_ablation/ippo_seed13,IPPO,13,R,wcnc2027_ablation 2026-09-14,all,-21594.96811489907,5394.774889499071,16011.0,9.4432254,179.75,2038.9281405142247,2036.5673341642246,0.058771060455896924,0.0014866204162537165,0.05728444003964321,0.058771060455896924,0.032606541129831516,497,4.728642220019822,593,6807.789606543971,6983.677244222132,1.0,170.36
main,v040,LOLO-nes-f2,secondary,LOLO,nested,2,A,IPPO|wcnc2027_ablation/ippo_seed13,IPPO,13,R,wcnc2027_ablation 2026-09-14,0,-6121.588668329314,1025.661493929314,5049.0,2.4271744,44.5,194.38411646343025,193.77732286343024,0.18533201189296333,0.0,0.18533201189296333,0.18533201189296333,0.12190287413280476,127,12.08325074331021,187,6983.677244222132,6983.677244222132,1.0,170.36
main,v040,LOLO-nes-f2,secondary,LOLO,nested,2,A,IPPO|wcnc2027_ablation/ippo_seed13,IPPO,13,R,wcnc2027_ablation 2026-09-14,1,-3034.318964357578,682.1769803575778,2322.0,1.516984,28.625,202.60055619072511,202.22131019072515,0.08523290386521308,0.0,0.08523290386521308,0.08523290386521308,0.04558969276511397,80,7.6114965312190295,86,6983.677244222133,6983.677244222132,1.0,170.36
main,v040,LOLO-nes-f2,secondary,LOLO,nested,2,A,IPPO|wcnc2027_ablation/ippo_seed13,IPPO,13,R,wcnc2027_ablation 2026-09-14,2,-285.1260769824414,285.1260769824414,0.0,0.0,0.0,207.06012287456912,207.06012287456912,0.0,0.0,0.0,0.0,0.0,0,0.0,0,0.0,0.0,0.0,170.36
main,v040,LOLO-nes-f2,secondary,LOLO,nested,2,A,IPPO|wcnc2027_ablation/ippo_seed13,IPPO,13,R,wcnc2027_ablation 2026-09-14,3,-164.82538383489316,137.82538383489316,27.0,0.0,0.0,207.34812914198812,207.34812914198812,0.0009910802775024777,0.0009910802775024777,0.0,0.0009910802775024777,0.0,0,0.0,1,4.163245459378105,4.163245459378105,1.0,170.36
main,v040,LOLO-nes-f2,secondary,LOLO,nested,2,A,IPPO|wcnc2027_ablation/ippo_seed13,IPPO,13,R,wcnc2027_ablation 2026-09-14,4,-3951.100388178348,827.1016105783478,3078.0,2.1237776000000004,43.875,201.61237366322686,201.08142926322685,0.11298315163528246,0.0,0.11298315163528246,0.11298315163528246,0.057482656095143705,112,10.65609514370664,114,6983.677244222131,6983.677244222132,1.0,170.36
main,v040,LOLO-nes-f2,secondary,LOLO,nested,2,A,IPPO|wcnc2027_ablation/ippo_seed13,IPPO,13,R,wcnc2027_ablation 2026-09-14,5,-914.1411189849708,424.87564678497085,486.0,0.2654722,3.0,205.98254672102348,205.9161786710235,0.017839444995044598,0.0,0.017839444995044598,0.017839444995044598,0.010901883052527254,14,1.33201189296333,18,6983.677244222131,6983.677244222132,1.0,170.36
main,v040,LOLO-nes-f2,secondary,LOLO,nested,2,A,IPPO|wcnc2027_ablation/ippo_seed13,IPPO,13,R,wcnc2027_ablation 2026-09-14,6,-3264.1157224212,829.9358138212,2403.0,1.5549086,29.625,201.85940886928836,201.4706817192884,0.08820614469772052,0.0,0.08820614469772052,0.08820614469772052,0.04757185332011893,82,7.801783944499505,89,6983.677244222132,6983.677244222132,1.0,170.36
main,v040,LOLO-nes-f2,secondary,LOLO,nested,2,A,IPPO|wcnc2027_ablation/ippo_seed13,IPPO,13,R,wcnc2027_ablation 2026-09-14,7,-2946.622889625174,701.4809056251738,2214.0,1.516984,29.625,203.79311102009706,203.41386502009703,0.08126858275520317,0.0,0.08126858275520317,0.08126858275520317,0.04162537165510406,80,7.6114965312190295,82,6983.677244222133,6983.677244222132,1.0,170.36
main,v040,LOLO-nes-f2,secondary,LOLO,nested,2,A,IPPO|wcnc2027_ablation/ippo_seed13,IPPO,13,R,wcnc2027_ablation 2026-09-14,8,-454.1644716433074,399.6265470433074,54.0,0.0379246,0.5,206.82314085786984,206.81365970786985,0.0019821605550049554,0.0,0.0019821605550049554,0.0019821605550049554,0.0009910802775024777,2,0.19028741328047574,2,6983.677244222132,6983.677244222132,1.0,170.36
main,v040,LOLO-nes-f2,secondary,LOLO,nested,2,A,IPPO|wcnc2027_ablation/ippo_seed13,IPPO,13,R,wcnc2027_ablation 2026-09-14,9,-458.96443054184465,80.96443054184468,378.0,0.0,0.0,207.46463471200627,207.46463471200627,0.013875123885034688,0.013875123885034688,0.0,0.013875123885034688,0.0,0,0.0,14,32.11616248022194,158.24556367822564,1.0,170.36
main,v040,LOLO-nes-f2,secondary,LOLO,nested,2,A,IPPO|wcnc2027_ablation/ippo_seed23,IPPO,23,R,wcnc2027_ablation 2026-09-14,all,-25509.86951462774,5088.024590827739,20250.0,9.5949238,162.25,2026.190532612,2023.7918016620001,0.07433102081268583,0.0014866204162537165,0.07284440039643211,0.07433102081268583,0.04777006937561942,505,4.804757185332012,750,6844.608752031266,6983.677244222132,1.0,167.46
main,v040,LOLO-nes-f2,secondary,LOLO,nested,2,A,IPPO|wcnc2027_ablation/ippo_seed23,IPPO,23,R,wcnc2027_ablation 2026-09-14,0,-7514.399118524598,1000.8876029245986,6453.0,3.2615156,57.25,193.05430158904565,192.23892268904564,0.23686818632309217,0.0,0.23686818632309217,0.23686818632309217,0.15163528245787908,171,16.269573835480674,239,6983.677244222131,6983.677244222132,1.0,167.46
main,v040,LOLO-nes-f2,secondary,LOLO,nested,2,A,IPPO|wcnc2027_ablation/ippo_seed23,IPPO,23,R,wcnc2027_ablation 2026-09-14,1,-3418.174354981272,572.5520891812713,2835.0,0.8722658,9.75,198.60131447547633,198.38324802547635,0.10406342913776016,0.0,0.10406342913776016,0.10406342913776016,0.08126858275520317,46,4.376610505450942,105,6983.677244222131,6983.677244222132,1.0,167.46
main,v040,LOLO-nes-f2,secondary,LOLO,nested,2,A,IPPO|wcnc2027_ablation/ippo_seed23,IPPO,23,R,wcnc2027_ablation 2026-09-14,2,-285.1260769824414,285.1260769824414,0.0,0.0,0.0,207.06012287456912,207.06012287456912,0.0,0.0,0.0,0.0,0.0,0,0.0,0,0.0,0.0,0.0,167.46
main,v040,LOLO-nes-f2,secondary,LOLO,nested,2,A,IPPO|wcnc2027_ablation/ippo_seed23,IPPO,23,R,wcnc2027_ablation 2026-09-14,3,-164.82538383489316,137.82538383489316,27.0,0.0,0.0,207.34812914198812,207.34812914198812,0.0009910802775024777,0.0009910802775024777,0.0,0.0009910802775024777,0.0,0,0.0,1,4.163245459378105,4.163245459378105,1.0,167.46
main,v040,LOLO-nes-f2,secondary,LOLO,nested,2,A,IPPO|wcnc2027_ablation/ippo_seed23,IPPO,23,R,wcnc2027_ablation 2026-09-14,4,-3878.14251156499,724.3530751649898,3132.0,1.2894364,20.5,197.68185466550298,197.35949556550298,0.11496531219028741,0.0,0.11496531219028741,0.11496531219028741,0.08126858275520317,68,6.469772051536175,116,6983.677244222131,6983.677244222132,1.0,167.46
main,v040,LOLO-nes-f2,secondary,LOLO,nested,2,A,IPPO|wcnc2027_ablation/ippo_seed23,IPPO,23,R,wcnc2027_ablation 2026-09-14,5,-1118.2639677709847,414.57434477098457,702.0,0.18962299999999999,1.5,205.24233467897932,205.19492892897932,0.02576808721506442,0.0,0.02576808721506442,0.02576808721506442,0.02081268582755203,10,0.9514370664023787,26,6983.677244222132,6983.677244222132,1.0,167.46
main,v040,LOLO-nes-f2,secondary,LOLO,nested,2,A,IPPO|wcnc2027_ablation/ippo_seed23,IPPO,23,R,wcnc2027_ablation 2026-09-14,6,-4286.750908423033,773.6313768230323,3483.0,1.7445316000000002,28.375,199.12918462774903,198.69305172774904,0.1278493557978196,0.0,0.1278493557978196,0.1278493557978196,0.08225966303270565,92,8.753221010901884,129,6983.677244222133,6983.677244222132,1.0,167.46
main,v040,LOLO-nes-f2,secondary,LOLO,nested,2,A,IPPO|wcnc2027_ablation/ippo_seed23,IPPO,23,R,wcnc2027_ablation 2026-09-14,7,-3877.264764936634,699.2280627366342,3132.0,2.1617022,43.875,203.84481407155124,203.30438852155123,0.11496531219028741,0.0,0.11496531219028741,0.11496531219028741,0.05847373637264618,114,10.846382556987116,116,6983.677244222131,6983.677244222132,1.0,167.46
main,v040,LOLO-nes-f2,secondary,LOLO,nested,2,A,IPPO|wcnc2027_ablation/ippo_seed23,IPPO,23,R,wcnc2027_ablation 2026-09-14,8,-507.9579970670494,398.8821478670494,108.0,0.0758492,1.0,206.76384177513182,206.74487947513182,0.003964321110009911,0.0,0.003964321110009911,0.003964321110009911,0.0019821605550049554,4,0.3805748265609515,4,6983.677244222132,6983.677244222132,1.0,167.46
main,v040,LOLO-nes-f2,secondary,LOLO,nested,2,A,IPPO|wcnc2027_ablation/ippo_seed23,IPPO,23,R,wcnc2027_ablation 2026-09-14,9,-458.96443054184465,80.96443054184468,378.0,0.0,0.0,207.46463471200627,207.46463471200627,0.013875123885034688,0.013875123885034688,0.0,0.013875123885034688,0.0,0,0.0,14,32.11616248022194,158.24556367822564,1.0,167.46
main,v040,LOLO-nes-f2,secondary,LOLO,nested,2,A,IPPO|wcnc2027_ablation/ippo_seed42,IPPO,42,R,wcnc2027_ablation 2026-09-14,all,-24214.64257645812,5159.695105058122,18873.0,9.822471400000001,172.125,2030.8924219869284,2028.4368041369285,0.06927651139742319,0.0014866204162537165,0.06778989098116947,0.06927651139742319,0.042120911793855305,516,4.909415262636274,699,6834.462123845667,6983.677244222132,1.0,170.41
main,v040,LOLO-nes-f2,secondary,LOLO,nested,2,A,IPPO|wcnc2027_ablation/ippo_seed42,IPPO,42,R,wcnc2027_ablation 2026-09-14,0,-6563.620666944633,1025.9504727446324,5481.0,2.9201942,53.75,194.88929779865822,194.15924924865823,0.20118929633300298,0.0,0.20118929633300298,0.20118929633300298,0.12487611496531219,153,14.556987115956394,203,6983.677244222131,6983.677244222132,1.0,170.41
main,v040,LOLO-nes-f2,secondary,LOLO,nested,2,A,IPPO|wcnc2027_ablation/ippo_seed42,IPPO,42,R,wcnc2027_ablation 2026-09-14,1,-3396.514383779551,591.899098179551,2781.0,1.3652856,22.25,200.37396607163942,200.03264467163942,0.10208126858275521,0.0,0.10208126858275521,0.10208126858275521,0.06640237859266601,72,6.850346878097127,103,6983.677244222132,6983.677244222132,1.0,170.41
main,v040,LOLO-nes-f2,secondary,LOLO,nested,2,A,IPPO|wcnc2027_ablation/ippo_seed42,IPPO,42,R,wcnc2027_ablation 2026-09-14,2,-285.1260769824414,285.1260769824414,0.0,0.0,0.0,207.06012287456912,207.06012287456912,0.0,0.0,0.0,0.0,0.0,0,0.0,0,0.0,0.0,0.0,170.41
main,v040,LOLO-nes-f2,secondary,LOLO,nested,2,A,IPPO|wcnc2027_ablation/ippo_seed42,IPPO,42,R,wcnc2027_ablation 2026-09-14,3,-164.82538383489316,137.82538383489316,27.0,0.0,0.0,207.34812914198812,207.34812914198812,0.0009910802775024777,0.0009910802775024777,0.0,0.0009910802775024777,0.0,0,0.0,1,4.163245459378105,4.163245459378105,1.0,170.41
main,v040,LOLO-nes-f2,secondary,LOLO,nested,2,A,IPPO|wcnc2027_ablation/ippo_seed42,IPPO,42,R,wcnc2027_ablation 2026-09-14,4,-3798.3951485972975,703.7953351972981,3078.0,1.0998134000000002,15.5,196.93385095356575,196.65889760356572,0.11298315163528246,0.0,0.11298315163528246,0.11298315163528246,0.08424182358771061,58,5.518334985133796,114,6983.677244222131,6983.677244222132,1.0,170.41
main,v040,LOLO-nes-f2,secondary,LOLO,nested,2,A,IPPO|wcnc2027_ablation/ippo_seed42,IPPO,42,R,wcnc2027_ablation 2026-09-14,5,-1361.4786624354606,413.4252656354605,945.0,0.30339679999999997,2.75,205.2284484610965,205.1525992610965,0.03468780971258672,0.0,0.03468780971258672,0.03468780971258672,0.026759167492566897,16,1.522299306243806,35,6983.677244222133,6983.677244222132,1.0,170.41
main,v040,LOLO-nes-f2,secondary,LOLO,nested,2,A,IPPO|wcnc2027_ablation/ippo_seed42,IPPO,42,R,wcnc2027_ablation 2026-09-14,6,-4095.7557769108826,839.0561501108828,3213.0,2.1996268000000003,41.5,201.97126739830537,201.42136069830536,0.11793855302279485,0.0,0.11793855302279485,0.11793855302279485,0.06045589692765114,115,10.941526263627354,119,6983.677244222131,6983.677244222132,1.0,170.41
main,v040,LOLO-nes-f2,secondary,LOLO,nested,2,A,IPPO|wcnc2027_ablation/ippo_seed42,IPPO,42,R,wcnc2027_ablation 2026-09-14,7,-3236.464995162313,690.7963127623126,2511.0,1.6686824000000002,33.0,203.3765132112092,202.9593426112092,0.09217046580773043,0.0,0.09217046580773043,0.09217046580773043,0.048562933597621406,88,8.372646184340931,93,6983.677244222132,6983.677244222132,1.0,170.41
main,v040,LOLO-nes-f2,secondary,LOLO,nested,2,A,IPPO|wcnc2027_ablation/ippo_seed42,IPPO,42,R,wcnc2027_ablation 2026-09-14,8,-853.497051268806,390.85657906880607,459.0,0.26547220000000005,3.375,206.24619136389032,206.17982331389032,0.01684836471754212,0.0,0.01684836471754212,0.01684836471754212,0.009910802775024777,14,1.33201189296333,17,6983.677244222132,6983.677244222132,1.0,170.41
main,v040,LOLO-nes-f2,secondary,LOLO,nested,2,A,IPPO|wcnc2027_ablation/ippo_seed42,IPPO,42,R,wcnc2027_ablation 2026-09-14,9,-458.96443054184465,80.96443054184468,378.0,0.0,0.0,207.46463471200627,207.46463471200627,0.013875123885034688,0.013875123885034688,0.0,0.013875123885034688,0.0,0,0.0,14,32.11616248022194,158.24556367822564,1.0,170.41
main,v040,LOLO-nes-f2,secondary,LOLO,nested,2,A,IPPO|wcnc2027_ablation/ippo_seed64,IPPO,64,R,wcnc2027_ablation 2026-09-14,all,-20716.678995992308,5294.945111792309,15255.0,8.6088842,158.125,2038.2052022979833,2036.0529812479836,0.05599603567888999,0.0014866204162537165,0.05450941526263627,0.05599603567888999,0.03201189296333003,453,4.310009910802775,565,6799.073051048417,6983.677244222132,1.0,167.34
main,v040,LOLO-nes-f2,secondary,LOLO,nested,2,A,IPPO|wcnc2027_ablation/ippo_seed64,IPPO,64,R,wcnc2027_ablation 2026-09-14,0,-6020.7427497880835,1052.0121785880838,4914.0,2.7305712,52.0,196.09221624593178,195.40957344593176,0.18037661050545095,0.0,0.18037661050545095,0.18037661050545095,0.10901883052527254,143,13.605550049554015,182,6983.677244222132,6983.677244222132,1.0,167.34
main,v040,LOLO-nes-f2,secondary,LOLO,nested,2,A,IPPO|wcnc2027_ablation/ippo_seed64,IPPO,64,R,wcnc2027_ablation 2026-09-14,1,-2935.4984238130714,595.2736104130711,2322.0,1.0998134,17.125,200.9522824019049,200.6773290519049,0.08523290386521308,0.0,0.08523290386521308,0.08523290386521308,0.05649157581764123,58,5.518334985133796,86,6983.677244222133,6983.677244222132,1.0,167.34
main,v040,LOLO-nes-f2,secondary,LOLO,nested,2,A,IPPO|wcnc2027_ablation/ippo_seed64,IPPO,64,R,wcnc2027_ablation 2026-09-14,2,-285.1260769824414,285.1260769824414,0.0,0.0,0.0,207.06012287456912,207.06012287456912,0.0,0.0,0.0,0.0,0.0,0,0.0,0,0.0,0.0,0.0,167.34
main,v040,LOLO-nes-f2,secondary,LOLO,nested,2,A,IPPO|wcnc2027_ablation/ippo_seed64,IPPO,64,R,wcnc2027_ablation 2026-09-14,3,-164.82538383489316,137.82538383489316,27.0,0.0,0.0,207.34812914198812,207.34812914198812,0.0009910802775024777,0.0009910802775024777,0.0,0.0009910802775024777,0.0,0,0.0,1,4.163245459378105,4.163245459378105,1.0,167.34
main,v040,LOLO-nes-f2,secondary,LOLO,nested,2,A,IPPO|wcnc2027_ablation/ippo_seed64,IPPO,64,R,wcnc2027_ablation 2026-09-14,4,-3680.5600408349505,760.7172076349503,2889.0,1.5928331999999998,29.25,199.67926950039754,199.28106120039752,0.10604558969276512,0.0,0.10604558969276512,0.10604558969276512,0.06442021803766106,84,7.992071357779981,107,6983.677244222131,6983.677244222132,1.0,167.34
main,v040,LOLO-nes-f2,secondary,LOLO,nested,2,A,IPPO|wcnc2027_ablation/ippo_seed64,IPPO,64,R,wcnc2027_ablation 2026-09-14,5,-591.5833142458425,429.5453896458426,162.0,0.0379246,0.0,206.34046810651498,206.33098695651498,0.005946481665014866,0.0,0.005946481665014866,0.005946481665014866,0.004955401387512388,2,0.19028741328047574,6,6983.677244222133,6983.677244222132,1.0,167.34
main,v040,LOLO-nes-f2,secondary,LOLO,nested,2,A,IPPO|wcnc2027_ablation/ippo_seed64,IPPO,64,R,wcnc2027_ablation 2026-09-14,6,-3160.105529856094,861.3006212560939,2268.0,1.5549086,29.25,202.924833945465,202.53610679546497,0.08325074331020813,0.0,0.08325074331020813,0.08325074331020813,0.04261645193260654,82,7.801783944499505,84,6983.677244222133,6983.677244222132,1.0,167.34
main,v040,LOLO-nes-f2,secondary,LOLO,nested,2,A,IPPO|wcnc2027_ablation/ippo_seed64,IPPO,64,R,wcnc2027_ablation 2026-09-14,7,-2803.3305339212,694.3893991211999,2079.0,1.4411348,28.5,203.69360032891007,203.33331662891004,0.07631318136769079,0.0,0.07631318136769079,0.07631318136769079,0.03865213082259663,76,7.230921704658078,77,6983.677244222134,6983.677244222132,1.0,167.34
main,v040,LOLO-nes-f2,secondary,LOLO,nested,2,A,IPPO|wcnc2027_ablation/ippo_seed64,IPPO,64,R,wcnc2027_ablation 2026-09-14,8,-615.9425121738889,397.7908137738888,216.0,0.1516984,2.0,206.64964504029552,206.61172044029553,0.007928642220019821,0.0,0.007928642220019821,0.007928642220019821,0.003964321110009911,8,0.761149653121903,8,6983.677244222132,6983.677244222132,1.0,167.34
main,v040,LOLO-nes-f2,secondary,LOLO,nested,2,A,IPPO|wcnc2027_ablation/ippo_seed64,IPPO,64,R,wcnc2027_ablation 2026-09-14,9,-458.96443054184465,80.96443054184468,378.0,0.0,0.0,207.46463471200627,207.46463471200627,0.013875123885034688,0.013875123885034688,0.0,0.013875123885034688,0.0,0,0.0,14,32.11616248022194,158.24556367822564,1.0,167.34
main,v040,LOLO-nes-f2,secondary,LOLO,nested,2,A,IPPO|wcnc2027_ablation/ippo_seed77,IPPO,77,R,wcnc2027_ablation 2026-09-14,all,-23228.054632933476,5176.274332133474,17874.0,9.4053008,168.375,2033.6601124099334,2031.3087872099336,0.06560951437066402,0.0014866204162537165,0.06432111000991081,0.06560951437066402,0.039742319127849354,495,4.709613478691774,662,7248.815534208847,112204.6179728432,1.0,170.53
main,v040,LOLO-nes-f2,secondary,LOLO,nested,2,A,IPPO|wcnc2027_ablation/ippo_seed77,IPPO,77,R,wcnc2027_ablation 2026-09-14,0,-6067.017216527648,1022.8891929276483,4995.0,2.5030236,46.625,194.65960570462153,194.03384980462152,0.18334985133795836,0.0,0.18334985133795836,0.18334985133795836,0.11793855302279485,131,12.46382556987116,185,6983.677244222132,6983.677244222132,1.0,170.53
main,v040,LOLO-nes-f2,secondary,LOLO,nested,2,A,IPPO|wcnc2027_ablation/ippo_seed77,IPPO,77,R,wcnc2027_ablation 2026-09-14,1,-3122.208135607339,593.1953976073388,2511.0,1.1377380000000001,16.875,200.44286434479235,200.15842984479238,0.09217046580773043,0.0,0.09217046580773043,0.09217046580773043,0.062438057482656094,60,5.708622398414271,93,6983.677244222132,6983.677244222132,1.0,170.53
main,v040,LOLO-nes-f2,secondary,LOLO,nested,2,A,IPPO|wcnc2027_ablation/ippo_seed77,IPPO,77,R,wcnc2027_ablation 2026-09-14,2,-285.1260769824414,285.1260769824414,0.0,0.0,0.0,207.06012287456912,207.06012287456912,0.0,0.0,0.0,0.0,0.0,0,0.0,0,0.0,0.0,0.0,170.53
main,v040,LOLO-nes-f2,secondary,LOLO,nested,2,A,IPPO|wcnc2027_ablation/ippo_seed77,IPPO,77,R,wcnc2027_ablation 2026-09-14,3,-164.82538383489316,137.82538383489316,27.0,0.0,0.0,207.34812914198812,207.34812914198812,0.0009910802775024777,0.0009910802775024777,0.0,0.0009910802775024777,0.0,0,0.0,1,4.163245459378105,4.163245459378105,1.0,170.53
main,v040,LOLO-nes-f2,secondary,LOLO,nested,2,A,IPPO|wcnc2027_ablation/ippo_seed77,IPPO,77,R,wcnc2027_ablation 2026-09-14,4,-3773.9762878915067,791.4550578915065,2943.0,1.89623,37.625,200.86123725076607,200.38717975076605,0.10802775024777007,0.0,0.10802775024777007,0.10802775024777007,0.05847373637264618,100,9.514370664023787,109,6983.677244222131,6983.677244222132,1.0,170.53
main,v040,LOLO-nes-f2,secondary,LOLO,nested,2,A,IPPO|wcnc2027_ablation/ippo_seed77,IPPO,77,R,wcnc2027_ablation 2026-09-14,5,-1335.6153010548892,413.7739796548892,918.0,0.3413214,3.5,205.2425449179877,205.15721456798767,0.03369672943508424,0.0,0.03369672943508424,0.03369672943508424,0.024777006937561942,18,1.7125867195242817,34,6983.677244222133,6983.677244222132,1.0,170.53
main,v040,LOLO-nes-f2,secondary,LOLO,nested,2,A,IPPO|wcnc2027_ablation/ippo_seed77,IPPO,77,R,wcnc2027_ablation 2026-09-14,6,-4096.453019107549,749.4851859075493,3321.0,1.5928332,24.375,198.6071796029327,198.20897130293267,0.12190287413280476,0.0,0.12190287413280476,0.12190287413280476,0.0802775024777007,84,7.992071357779981,123,6983.677244222131,6983.677244222132,1.0,170.53
main,v040,LOLO-nes-f2,secondary,LOLO,nested,2,A,IPPO|wcnc2027_ablation/ippo_seed77,IPPO,77,R,wcnc2027_ablation 2026-09-14,7,-3494.7128365322205,699.8166065322205,2754.0,1.89623,39.0,203.66094378998315,203.18688628998314,0.10109018830525272,0.0,0.10109018830525272,0.10109018830525272,0.05153617443012884,100,9.514370664023787,102,6983.677244222132,6983.677244222132,1.0,170.53
main,v040,LOLO-nes-f2,secondary,LOLO,nested,2,A,IPPO|wcnc2027_ablation/ippo_seed77,IPPO,77,R,wcnc2027_ablation 2026-09-14,8,-401.6401133786817,401.6401133786817,0.0,0.0,0.0,206.94117147360993,206.94117147360993,0.0,0.0,0.0,0.0,0.0,0,0.0,0,0.0,0.0,0.0,170.53
main,v040,LOLO-nes-f2,secondary,LOLO,nested,2,A,IPPO|wcnc2027_ablation/ippo_seed77,IPPO,77,R,wcnc2027_ablation 2026-09-14,9,-486.4802620163052,81.06733741630518,405.0,0.0379246,0.375,208.83631330868278,208.82683215868278,0.014866204162537165,0.013875123885034688,0.002973240832507433,0.014866204162537165,0.0019821605550049554,2,0.19028741328047574,15,19150.414708886645,112204.6179728432,1.0,170.53
main,v040,LOLO-nes-f2,secondary,LOLO,nested,2,A,IPPO|wcnc2027_ablation/ippo_seed99,IPPO,99,R,wcnc2027_ablation 2026-09-14,all,-43822.72208853175,5429.740938531749,38232.0,9.48115,151.5,2489.8403999709617,2487.470112470962,0.14033696729435086,0.05450941526263627,0.13885034687809714,0.14033696729435086,0.11407333994053519,499,4.747670961347869,1416,7240.568201665814,13400.596135556456,1.0,167.27
main,v040,LOLO-nes-f2,secondary,LOLO,nested,2,A,IPPO|wcnc2027_ablation/ippo_seed99,IPPO,99,R,wcnc2027_ablation 2026-09-14,0,-6516.338005792191,1076.5764901921912,5373.0,3.2615156,63.5,197.00542076193176,196.19004186193175,0.19722497522299307,0.0,0.19722497522299307,0.19722497522299307,0.11199207135777998,171,16.269573835480674,199,6983.677244222131,6983.677244222132,1.0,167.27
main,v040,LOLO-nes-f2,secondary,LOLO,nested,2,A,IPPO|wcnc2027_ablation/ippo_seed99,IPPO,99,R,wcnc2027_ablation 2026-09-14,1,-3259.6679971528224,600.1819575528224,2646.0,0.9860396,12.5,199.4548512478067,199.20834134780668,0.09712586719524281,0.0,0.09712586719524281,0.09712586719524281,0.07135777998017839,52,4.947472745292369,98,6983.677244222132,6983.677244222132,1.0,167.27
main,v040,LOLO-nes-f2,secondary,LOLO,nested,2,A,IPPO|wcnc2027_ablation/ippo_seed99,IPPO,99,R,wcnc2027_ablation 2026-09-14,2,-285.1260769824414,285.1260769824414,0.0,0.0,0.0,207.06012287456912,207.06012287456912,0.0,0.0,0.0,0.0,0.0,0,0.0,0,0.0,0.0,0.0,167.27
main,v040,LOLO-nes-f2,secondary,LOLO,nested,2,A,IPPO|wcnc2027_ablation/ippo_seed99,IPPO,99,R,wcnc2027_ablation 2026-09-14,3,-20874.401869395362,434.75715119536335,20439.0,0.6447182,0.0,667.3848556723195,667.2236761223196,0.7502477700693756,0.5312190287413281,0.7492566897918731,0.7502477700693756,0.7324083250743311,34,3.2348860257680876,757,7592.765026104086,13400.596135556456,1.0,167.27
main,v040,LOLO-nes-f2,secondary,LOLO,nested,2,A,IPPO|wcnc2027_ablation/ippo_seed99,IPPO,99,R,wcnc2027_ablation 2026-09-14,4,-4136.29613984503,665.2342510450301,3456.0,1.0618888000000002,14.0,195.43485974833322,195.1693875483332,0.12685827552031714,0.0,0.12685827552031714,0.12685827552031714,0.09910802775024777,56,5.32804757185332,128,6983.67724422213,6983.677244222132,1.0,167.27
main,v040,LOLO-nes-f2,secondary,LOLO,nested,2,A,IPPO|wcnc2027_ablation/ippo_seed99,IPPO,99,R,wcnc2027_ablation 2026-09-14,5,-991.8441834104383,421.04078661043826,567.0,0.30339679999999997,3.5,205.74579833276886,205.66994913276886,0.02081268582755203,0.0,0.02081268582755203,0.02081268582755203,0.01288404360753221,16,1.522299306243806,21,6983.677244222133,6983.677244222132,1.0,167.27
main,v040,LOLO-nes-f2,secondary,LOLO,nested,2,A,IPPO|wcnc2027_ablation/ippo_seed99,IPPO,99,R,wcnc2027_ablation 2026-09-14,6,-4087.8821943252588,761.5997381252586,3294.0,1.7824562,30.5,199.37604624264384,198.93043219264382,0.12091179385530228,0.0,0.12091179385530228,0.12091179385530228,0.07433102081268583,94,8.94350842418236,122,6983.67724422213,6983.677244222132,1.0,167.27
main,v040,LOLO-nes-f2,secondary,LOLO,nested,2,A,IPPO|wcnc2027_ablation/ippo_seed99,IPPO,99,R,wcnc2027_ablation 2026-09-14,7,-2733.136002488457,706.607792288457,1998.0,1.4032102000000002,27.125,204.21296221342863,203.86215966342863,0.07333994053518335,0.0,0.07333994053518335,0.07333994053518335,0.036669970267591674,74,7.040634291377602,74,6983.677244222133,6983.677244222132,1.0,167.27
main,v040,LOLO-nes-f2,secondary,LOLO,nested,2,A,IPPO|wcnc2027_ablation/ippo_seed99,IPPO,99,R,wcnc2027_ablation 2026-09-14,8,-479.06518859790185,397.65226399790185,81.0,0.0379246,0.375,206.70084816515367,206.69136701515367,0.002973240832507433,0.0,0.002973240832507433,0.002973240832507433,0.0019821605550049554,2,0.19028741328047574,3,6983.677244222131,6983.677244222132,1.0,167.27
main,v040,LOLO-nes-f2,secondary,LOLO,nested,2,A,IPPO|wcnc2027_ablation/ippo_seed99,IPPO,99,R,wcnc2027_ablation 2026-09-14,9,-458.96443054184465,80.96443054184468,378.0,0.0,0.0,207.46463471200627,207.46463471200627,0.013875123885034688,0.013875123885034688,0.0,0.013875123885034688,0.0,0,0.0,14,32.11616248022194,158.24556367822564,1.0,167.27
main,v040,LOLO-nes-f2,secondary,LOLO,nested,2,A,IPPO|ppo_single_site_ensemble_seed1_20260517T110907,IPPO,1,P,"May 2026, pre-781c90c reward",all,-21703.5397115592,5158.6204503592,16389.0,8.419261200000001,147.5,2032.5697284214052,2030.4649131214053,0.0601585728444004,0.0014866204162537165,0.05867195242814668,0.0601585728444004,0.036669970267591674,443,4.214866204162537,607,6811.846323063732,6983.677244222132,1.0,170.48
main,v040,LOLO-nes-f2,secondary,LOLO,nested,2,A,IPPO|ppo_single_site_ensemble_seed1_20260517T110907,IPPO,1,P,"May 2026, pre-781c90c reward",0,-5766.711553090244,1025.8110770902435,4698.0,2.275476,40.625,195.01097076223914,194.44210176223913,0.17244796828543113,0.0,0.17244796828543113,0.17244796828543113,0.11298315163528246,119,11.322101090188307,174,6983.677244222132,6983.677244222132,1.0,170.48
main,v040,LOLO-nes-f2,secondary,LOLO,nested,2,A,IPPO|ppo_single_site_ensemble_seed1_20260517T110907,IPPO,1,P,"May 2026, pre-781c90c reward",1,-2873.782042245378,611.068455045378,2241.0,1.2135872,20.5,201.2789246535945,200.97552785359449,0.08225966303270565,0.0,0.08225966303270565,0.08225966303270565,0.05054509415262636,64,6.089197224975224,83,6983.677244222133,6983.677244222132,1.0,170.48
main,v040,LOLO-nes-f2,secondary,LOLO,nested,2,A,IPPO|ppo_single_site_ensemble_seed1_20260517T110907,IPPO,1,P,"May 2026, pre-781c90c reward",2,-285.1260769824414,285.1260769824414,0.0,0.0,0.0,207.06012287456912,207.06012287456912,0.0,0.0,0.0,0.0,0.0,0,0.0,0,0.0,0.0,0.0,170.48
main,v040,LOLO-nes-f2,secondary,LOLO,nested,2,A,IPPO|ppo_single_site_ensemble_seed1_20260517T110907,IPPO,1,P,"May 2026, pre-781c90c reward",3,-164.82538383489316,137.82538383489316,27.0,0.0,0.0,207.34812914198812,207.34812914198812,0.0009910802775024777,0.0009910802775024777,0.0,0.0009910802775024777,0.0,0,0.0,1,4.163245459378105,4.163245459378105,1.0,170.48
main,v040,LOLO-nes-f2,secondary,LOLO,nested,2,A,IPPO|ppo_single_site_ensemble_seed1_20260517T110907,IPPO,1,P,"May 2026, pre-781c90c reward",4,-3737.5795871932783,740.8884523932783,2970.0,1.4411348,25.25,198.7935863961701,198.43330269617013,0.10901883052527254,0.0,0.10901883052527254,0.10901883052527254,0.07135777998017839,76,7.230921704658078,110,6983.677244222132,6983.677244222132,1.0,170.48
main,v040,LOLO-nes-f2,secondary,LOLO,nested,2,A,IPPO|ppo_single_site_ensemble_seed1_20260517T110907,IPPO,1,P,"May 2026, pre-781c90c reward",5,-963.2331217381079,420.75557413810793,540.0,0.22754760000000002,2.25,205.77344186193528,205.7165549619353,0.019821605550049554,0.0,0.019821605550049554,0.019821605550049554,0.013875123885034688,12,1.1417244796828543,20,6983.677244222132,6983.677244222132,1.0,170.48
main,v040,LOLO-nes-f2,secondary,LOLO,nested,2,A,IPPO|ppo_single_site_ensemble_seed1_20260517T110907,IPPO,1,P,"May 2026, pre-781c90c reward",6,-4109.579362652306,757.2098310523061,3321.0,1.7445316000000002,29.625,199.27163485591217,198.83550195591215,0.12190287413280476,0.0,0.12190287413280476,0.12190287413280476,0.07631318136769079,92,8.753221010901884,123,6983.677244222131,6983.677244222132,1.0,170.48
main,v040,LOLO-nes-f2,secondary,LOLO,nested,2,A,IPPO|ppo_single_site_ensemble_seed1_20260517T110907,IPPO,1,P,"May 2026, pre-781c90c reward",7,-2810.879439259062,702.063304459062,2079.0,1.4411348,28.375,203.92673408057473,203.56645038057476,0.07631318136769079,0.0,0.07631318136769079,0.07631318136769079,0.03865213082259663,76,7.230921704658078,77,6983.677244222134,6983.677244222132,1.0,170.48
main,v040,LOLO-nes-f2,secondary,LOLO,nested,2,A,IPPO|ppo_single_site_ensemble_seed1_20260517T110907,IPPO,1,P,"May 2026, pre-781c90c reward",8,-532.8587140216439,396.90786482164384,135.0,0.0758492,0.875,206.64154908241562,206.62258678241562,0.004955401387512388,0.0,0.004955401387512388,0.004955401387512388,0.002973240832507433,4,0.3805748265609515,5,6983.677244222132,6983.677244222132,1.0,170.48
main,v040,LOLO-nes-f2,secondary,LOLO,nested,2,A,IPPO|ppo_single_site_ensemble_seed1_20260517T110907,IPPO,1,P,"May 2026, pre-781c90c reward",9,-458.96443054184465,80.96443054184468,378.0,0.0,0.0,207.46463471200627,207.46463471200627,0.013875123885034688,0.013875123885034688,0.0,0.013875123885034688,0.0,0,0.0,14,32.11616248022194,158.24556367822564,1.0,170.48
main,v040,LOLO-nes-f2,secondary,LOLO,nested,2,A,IPPO|ppo_single_site_ensemble_seed7_20260517T091403,IPPO,7,P,"May 2026, pre-781c90c reward",all,-23542.80965893437,5203.522377934368,18171.0,8.912281,159.375,2030.3134473253444,2028.0853770753442,0.06669970267591675,0.0014866204162537165,0.06521308225966303,0.06669970267591675,0.041922695738354804,469,4.462239841427156,673,6828.697498095611,6983.677244222132,1.0,167.16
main,v040,LOLO-nes-f2,secondary,LOLO,nested,2,A,IPPO|ppo_single_site_ensemble_seed7_20260517T091403,IPPO,7,P,"May 2026, pre-781c90c reward",0,-6284.061619443068,981.2257664430679,5265.0,2.085853,35.75,192.34918076478507,191.82771751478506,0.19326065411298315,0.0,0.19326065411298315,0.19326065411298315,0.13875123885034688,109,10.370664023785928,195,6983.677244222131,6983.677244222132,1.0,167.16
main,v040,LOLO-nes-f2,secondary,LOLO,nested,2,A,IPPO|ppo_single_site_ensemble_seed7_20260517T091403,IPPO,7,P,"May 2026, pre-781c90c reward",1,-3932.9642337081686,676.6663053081692,3213.0,2.0479284,41.25,201.88751351465052,201.37553141465054,0.11793855302279485,0.0,0.11793855302279485,0.11793855302279485,0.06442021803766106,108,10.27552031714569,119,6983.677244222131,6983.677244222132,1.0,167.16
main,v040,LOLO-nes-f2,secondary,LOLO,nested,2,A,IPPO|ppo_single_site_ensemble_seed7_20260517T091403,IPPO,7,P,"May 2026, pre-781c90c reward",2,-285.1260769824414,285.1260769824414,0.0,0.0,0.0,207.06012287456912,207.06012287456912,0.0,0.0,0.0,0.0,0.0,0,0.0,0,0.0,0.0,0.0,167.16
main,v040,LOLO-nes-f2,secondary,LOLO,nested,2,A,IPPO|ppo_single_site_ensemble_seed7_20260517T091403,IPPO,7,P,"May 2026, pre-781c90c reward",3,-164.82538383489316,137.82538383489316,27.0,0.0,0.0,207.34812914198812,207.34812914198812,0.0009910802775024777,0.0009910802775024777,0.0,0.0009910802775024777,0.0,0,0.0,1,4.163245459378105,4.163245459378105,1.0,167.16
main,v040,LOLO-nes-f2,secondary,LOLO,nested,2,A,IPPO|ppo_single_site_ensemble_seed7_20260517T091403,IPPO,7,P,"May 2026, pre-781c90c reward",4,-4276.7295173811635,673.4064023811634,3591.0,0.948115,11.375,195.18225806727582,194.94522931727582,0.13181367690782952,0.0,0.13181367690782952,0.13181367690782952,0.10703666997026759,50,4.757185332011893,133,6983.677244222133,6983.677244222132,1.0,167.16
main,v040,LOLO-nes-f2,secondary,LOLO,nested,2,A,IPPO|ppo_single_site_ensemble_seed7_20260517T091403,IPPO,7,P,"May 2026, pre-781c90c reward",5,-938.1537522131632,421.38828001316324,513.0,0.2654722,3.5,205.85282390653708,205.7864558565371,0.018830525272547076,0.0,0.018830525272547076,0.018830525272547076,0.011892963330029732,14,1.33201189296333,19,6983.677244222132,6983.677244222132,1.0,167.16
main,v040,LOLO-nes-f2,secondary,LOLO,nested,2,A,IPPO|ppo_single_site_ensemble_seed7_20260517T091403,IPPO,7,P,"May 2026, pre-781c90c reward",6,-4068.187305735204,838.862678935204,3186.0,2.1996268000000003,41.125,202.18273918486716,201.6328324848672,0.11694747274529237,0.0,0.11694747274529237,0.11694747274529237,0.05946481665014866,116,11.036669970267592,118,6983.677244222131,6983.677244222132,1.0,167.16
main,v040,LOLO-nes-f2,secondary,LOLO,nested,2,A,IPPO|ppo_single_site_ensemble_seed7_20260517T091403,IPPO,7,P,"May 2026, pre-781c90c reward",7,-2732.1572257157386,706.4169401157387,1998.0,1.3652856,26.375,204.0448736850551,203.70355228505508,0.07333994053518335,0.0,0.07333994053518335,0.07333994053518335,0.03766105054509415,72,6.850346878097127,74,6983.677244222133,6983.677244222132,1.0,167.16
main,v040,LOLO-nes-f2,secondary,LOLO,nested,2,A,IPPO|ppo_single_site_ensemble_seed7_20260517T091403,IPPO,7,P,"May 2026, pre-781c90c reward",8,-401.6401133786817,401.6401133786817,0.0,0.0,0.0,206.94117147360993,206.94117147360993,0.0,0.0,0.0,0.0,0.0,0,0.0,0,0.0,0.0,0.0,167.16
main,v040,LOLO-nes-f2,secondary,LOLO,nested,2,A,IPPO|ppo_single_site_ensemble_seed7_20260517T091403,IPPO,7,P,"May 2026, pre-781c90c reward",9,-458.96443054184465,80.96443054184468,378.0,0.0,0.0,207.46463471200627,207.46463471200627,0.013875123885034688,0.013875123885034688,0.0,0.013875123885034688,0.0,0,0.0,14,32.11616248022194,158.24556367822564,1.0,167.16
main,v040,LOLO-nes-f2,secondary,LOLO,nested,2,A,IPPO|ppo_single_site_ensemble_seed13_20260517T091403,IPPO,13,P,"May 2026, pre-781c90c reward",all,-22381.52892611073,5383.653057910726,16794.0,10.1258682,193.75,2039.9911490007912,2037.459681950791,0.06164519326065411,0.0014866204162537165,0.0601585728444004,0.06164519326065411,0.03369672943508424,533,5.071159563924678,622,6815.9901555675515,6983.677244222132,1.0,170.63
main,v040,LOLO-nes-f2,secondary,LOLO,nested,2,A,IPPO|ppo_single_site_ensemble_seed13_20260517T091403,IPPO,13,P,"May 2026, pre-781c90c reward",0,-6253.203392751988,1038.9840477519879,5157.0,2.844345,54.375,195.57902523537712,194.86793898537712,0.18929633300297324,0.0,0.18929633300297324,0.18929633300297324,0.11496531219028741,149,14.176412289395442,191,6983.677244222132,6983.677244222132,1.0,170.63
main,v040,LOLO-nes-f2,secondary,LOLO,nested,2,A,IPPO|ppo_single_site_ensemble_seed13_20260517T091403,IPPO,13,P,"May 2026, pre-781c90c reward",1,-3396.847400710426,639.004567510426,2727.0,1.5928332,29.25,201.65584757988103,201.25763927988103,0.10009910802775025,0.0,0.10009910802775025,0.10009910802775025,0.05847373637264618,84,7.992071357779981,101,6983.677244222132,6983.677244222132,1.0,170.63
main,v040,LOLO-nes-f2,secondary,LOLO,nested,2,A,IPPO|ppo_single_site_ensemble_seed13_20260517T091403,IPPO,13,P,"May 2026, pre-781c90c reward",2,-285.1260769824414,285.1260769824414,0.0,0.0,0.0,207.06012287456912,207.06012287456912,0.0,0.0,0.0,0.0,0.0,0,0.0,0,0.0,0.0,0.0,170.63
main,v040,LOLO-nes-f2,secondary,LOLO,nested,2,A,IPPO|ppo_single_site_ensemble_seed13_20260517T091403,IPPO,13,P,"May 2026, pre-781c90c reward",3,-164.82538383489316,137.82538383489316,27.0,0.0,0.0,207.34812914198812,207.34812914198812,0.0009910802775024777,0.0009910802775024777,0.0,0.0009910802775024777,0.0,0,0.0,1,4.163245459378105,4.163245459378105,1.0,170.63
main,v040,LOLO-nes-f2,secondary,LOLO,nested,2,A,IPPO|ppo_single_site_ensemble_seed13_20260517T091403,IPPO,13,P,"May 2026, pre-781c90c reward",4,-3493.1087493264267,834.9133685264268,2619.0,1.8203808000000001,37.375,202.0701151106669,201.6150199106669,0.09613478691774034,0.0,0.09613478691774034,0.09613478691774034,0.048562933597621406,96,9.133795837462834,97,6983.677244222131,6983.677244222132,1.0,170.63
main,v040,LOLO-nes-f2,secondary,LOLO,nested,2,A,IPPO|ppo_single_site_ensemble_seed13_20260517T091403,IPPO,13,P,"May 2026, pre-781c90c reward",5,-967.3852729306261,425.82064993062613,540.0,0.18962299999999999,1.375,206.1903411734633,206.14293542346326,0.019821605550049554,0.0,0.019821605550049554,0.019821605550049554,0.014866204162537165,10,0.9514370664023787,20,6983.677244222132,6983.677244222132,1.0,170.63
main,v040,LOLO-nes-f2,secondary,LOLO,nested,2,A,IPPO|ppo_single_site_ensemble_seed13_20260517T091403,IPPO,13,P,"May 2026, pre-781c90c reward",6,-3828.516229787197,844.2183013871968,2943.0,2.0479284,39.25,202.14425801184916,201.63227591184915,0.10802775024777007,0.0,0.10802775024777007,0.10802775024777007,0.05450941526263627,108,10.27552031714569,109,6983.677244222131,6983.677244222132,1.0,170.63
main,v040,LOLO-nes-f2,secondary,LOLO,nested,2,A,IPPO|ppo_single_site_ensemble_seed13_20260517T091403,IPPO,13,P,"May 2026, pre-781c90c reward",7,-3000.726435901236,699.133602701236,2268.0,1.5928332000000003,32.0,203.7513930288386,203.35318472883858,0.08325074331020813,0.0,0.08325074331020813,0.08325074331020813,0.04162537165510406,84,7.992071357779981,84,6983.677244222133,6983.677244222132,1.0,170.63
main,v040,LOLO-nes-f2,secondary,LOLO,nested,2,A,IPPO|ppo_single_site_ensemble_seed13_20260517T091403,IPPO,13,P,"May 2026, pre-781c90c reward",8,-532.8255533436477,397.6626287436478,135.0,0.0379246,0.125,206.7272821321514,206.7178009821514,0.004955401387512388,0.0,0.004955401387512388,0.004955401387512388,0.003964321110009911,2,0.19028741328047574,5,6983.677244222132,6983.677244222132,1.0,170.63
main,v040,LOLO-nes-f2,secondary,LOLO,nested,2,A,IPPO|ppo_single_site_ensemble_seed13_20260517T091403,IPPO,13,P,"May 2026, pre-781c90c reward",9,-458.96443054184465,80.96443054184468,378.0,0.0,0.0,207.46463471200627,207.46463471200627,0.013875123885034688,0.013875123885034688,0.0,0.013875123885034688,0.0,0,0.0,14,32.11616248022194,158.24556367822564,1.0,170.63
main,v040,LOLO-nes-f2,secondary,LOLO,nested,2,A,IPPO|ppo_single_site_ensemble_seed23_20260517T110907,IPPO,23,P,"May 2026, pre-781c90c reward",all,-25210.669055486203,5071.006774486202,19980.0,8.912281,150.75,2025.3259430909725,2023.0978728409727,0.07333994053518335,0.0014866204162537165,0.07185332011892963,0.07333994053518335,0.048562933597621406,469,4.462239841427156,740,6842.7294480827395,6983.677244222132,1.0,166.93
main,v040,LOLO-nes-f2,secondary,LOLO,nested,2,A,IPPO|ppo_single_site_ensemble_seed23_20260517T110907,IPPO,23,P,"May 2026, pre-781c90c reward",0,-6371.544528980823,1024.0260331808236,5292.0,2.7684958,52.75,195.0105105977534,194.3183866477534,0.19425173439048563,0.0,0.19425173439048563,0.19425173439048563,0.12190287413280476,145,13.79583746283449,196,6983.677244222132,6983.677244222132,1.0,166.93
main,v040,LOLO-nes-f2,secondary,LOLO,nested,2,A,IPPO|ppo_single_site_ensemble_seed23_20260517T110907,IPPO,23,P,"May 2026, pre-781c90c reward",1,-3626.8534295738264,566.8940883738264,3051.0,0.8343412000000001,8.125,198.0318777354766,197.82329243547662,0.11199207135777998,0.0,0.11199207135777998,0.11199207135777998,0.09018830525272548,44,4.186323092170466,113,6983.677244222131,6983.677244222132,1.0,166.93
main,v040,LOLO-nes-f2,secondary,LOLO,nested,2,A,IPPO|ppo_single_site_ensemble_seed23_20260517T110907,IPPO,23,P,"May 2026, pre-781c90c reward",2,-285.1260769824414,285.1260769824414,0.0,0.0,0.0,207.06012287456912,207.06012287456912,0.0,0.0,0.0,0.0,0.0,0,0.0,0,0.0,0.0,0.0,166.93
main,v040,LOLO-nes-f2,secondary,LOLO,nested,2,A,IPPO|ppo_single_site_ensemble_seed23_20260517T110907,IPPO,23,P,"May 2026, pre-781c90c reward",3,-164.82538383489316,137.82538383489316,27.0,0.0,0.0,207.34812914198812,207.34812914198812,0.0009910802775024777,0.0009910802775024777,0.0,0.0009910802775024777,0.0,0,0.0,1,4.163245459378105,4.163245459378105,1.0,166.93
main,v040,LOLO-nes-f2,secondary,LOLO,nested,2,A,IPPO|ppo_single_site_ensemble_seed23_20260517T110907,IPPO,23,P,"May 2026, pre-781c90c reward",4,-4157.301075170346,685.3262617703458,3456.0,1.0998134000000002,14.875,195.90230123138576,195.62734788138573,0.12685827552031714,0.0,0.12685827552031714,0.12685827552031714,0.0981169474727453,58,5.518334985133796,128,6983.67724422213,6983.677244222132,1.0,166.93
main,v040,LOLO-nes-f2,secondary,LOLO,nested,2,A,IPPO|ppo_single_site_ensemble_seed23_20260517T110907,IPPO,23,P,"May 2026, pre-781c90c reward",5,-1749.8851704932144,399.28262289321464,1350.0,0.22754760000000002,0.375,204.13496158097269,204.0780746809727,0.049554013875123884,0.0,0.049554013875123884,0.049554013875123884,0.04360753221010902,12,1.1417244796828543,50,6983.677244222133,6983.677244222132,1.0,166.93
main,v040,LOLO-nes-f2,secondary,LOLO,nested,2,A,IPPO|ppo_single_site_ensemble_seed23_20260517T110907,IPPO,23,P,"May 2026, pre-781c90c reward",6,-4334.900536132118,789.7163815321173,3510.0,1.9341546000000003,33.25,199.73417160023223,199.25063295023222,0.1288404360753221,0.0,0.1288404360753221,0.1288404360753221,0.07829534192269574,102,9.704658077304263,130,6983.677244222133,6983.677244222132,1.0,166.93
main,v040,LOLO-nes-f2,secondary,LOLO,nested,2,A,IPPO|ppo_single_site_ensemble_seed23_20260517T110907,IPPO,23,P,"May 2026, pre-781c90c reward",7,-3553.3104267096455,702.9633475096455,2808.0,1.9720792,40.375,203.8753918414564,203.38237204145642,0.10307234886025768,0.0,0.10307234886025768,0.10307234886025768,0.05153617443012884,104,9.894945490584737,104,6983.677244222131,6983.677244222132,1.0,166.93
main,v040,LOLO-nes-f2,secondary,LOLO,nested,2,A,IPPO|ppo_single_site_ensemble_seed23_20260517T110907,IPPO,23,P,"May 2026, pre-781c90c reward",8,-507.9579970670494,398.8821478670494,108.0,0.0758492,1.0,206.76384177513182,206.74487947513182,0.003964321110009911,0.0,0.003964321110009911,0.003964321110009911,0.0019821605550049554,4,0.3805748265609515,4,6983.677244222132,6983.677244222132,1.0,166.93
main,v040,LOLO-nes-f2,secondary,LOLO,nested,2,A,IPPO|ppo_single_site_ensemble_seed23_20260517T110907,IPPO,23,P,"May 2026, pre-781c90c reward",9,-458.96443054184465,80.96443054184468,378.0,0.0,0.0,207.46463471200627,207.46463471200627,0.013875123885034688,0.013875123885034688,0.0,0.013875123885034688,0.0,0,0.0,14,32.11616248022194,158.24556367822564,1.0,166.93
main,v040,LOLO-nes-f2,secondary,LOLO,nested,2,A,IPPO|ppo_single_site_ensemble_seed42_20260517T091403,IPPO,42,P,"May 2026, pre-781c90c reward",all,-23591.824248261426,5110.980836261425,18333.0,8.343412,139.5,2028.853627716484,2026.767774716484,0.06729435084241824,0.0014866204162537165,0.06580773042616452,0.06729435084241824,0.04400396432111001,438,4.167294350842418,679,6830.066980388334,6983.677244222132,1.0,166.9
main,v040,LOLO-nes-f2,secondary,LOLO,nested,2,A,IPPO|ppo_single_site_ensemble_seed42_20260517T091403,IPPO,42,P,"May 2026, pre-781c90c reward",0,-6119.35791952224,1004.9349911222396,5076.0,2.0479284,36.375,193.12654171709335,192.61455961709333,0.1863230921704658,0.0,0.1863230921704658,0.1863230921704658,0.13280475718533202,107,10.180376610505451,188,6983.677244222131,6983.677244222132,1.0,166.9
main,v040,LOLO-nes-f2,secondary,LOLO,nested,2,A,IPPO|ppo_single_site_ensemble_seed42_20260517T091403,IPPO,42,P,"May 2026, pre-781c90c reward",1,-3175.7957833590744,570.7226683590743,2592.0,0.9481149999999999,12.125,199.3594777665114,199.12244901651138,0.09514370664023786,0.0,0.09514370664023786,0.09514370664023786,0.07036669970267592,50,4.757185332011893,96,6983.677244222131,6983.677244222132,1.0,166.9
main,v040,LOLO-nes-f2,secondary,LOLO,nested,2,A,IPPO|ppo_single_site_ensemble_seed42_20260517T091403,IPPO,42,P,"May 2026, pre-781c90c reward",2,-423.10133829543474,287.15048909543475,135.0,0.0758492,0.875,207.9261906974353,207.9072283974353,0.004955401387512388,0.0,0.004955401387512388,0.004955401387512388,0.002973240832507433,4,0.3805748265609515,5,6983.677244222132,6983.677244222132,1.0,166.9
main,v040,LOLO-nes-f2,secondary,LOLO,nested,2,A,IPPO|ppo_single_site_ensemble_seed42_20260517T091403,IPPO,42,P,"May 2026, pre-781c90c reward",3,-164.82538383489316,137.82538383489316,27.0,0.0,0.0,207.34812914198812,207.34812914198812,0.0009910802775024777,0.0009910802775024777,0.0,0.0009910802775024777,0.0,0,0.0,1,4.163245459378105,4.163245459378105,1.0,166.9
main,v040,LOLO-nes-f2,secondary,LOLO,nested,2,A,IPPO|ppo_single_site_ensemble_seed42_20260517T091403,IPPO,42,P,"May 2026, pre-781c90c reward",4,-3827.9531063733093,726.7507453733099,3078.0,1.327361,21.875,197.9535816589583,197.62174140895831,0.11298315163528246,0.0,0.11298315163528246,0.11298315163528246,0.07829534192269574,70,6.6600594648166505,114,6983.677244222131,6983.677244222132,1.0,166.9
main,v040,LOLO-nes-f2,secondary,LOLO,nested,2,A,IPPO|ppo_single_site_ensemble_seed42_20260517T091403,IPPO,42,P,"May 2026, pre-781c90c reward",5,-1859.8614871647396,399.2701657647398,1458.0,0.3413214,2.25,204.26796409521734,204.18263374521734,0.053518334985133795,0.0,0.053518334985133795,0.053518334985133795,0.044598612487611496,18,1.7125867195242817,54,6983.677244222134,6983.677244222132,1.0,166.9
main,v040,LOLO-nes-f2,secondary,LOLO,nested,2,A,IPPO|ppo_single_site_ensemble_seed42_20260517T091403,IPPO,42,P,"May 2026, pre-781c90c reward",6,-4141.918463133487,810.4084593334873,3294.0,2.0100038000000002,35.5,201.02183899691082,200.5193380469108,0.12091179385530228,0.0,0.12091179385530228,0.12091179385530228,0.06838453914767097,105,9.990089197224975,122,6983.67724422213,6983.677244222132,1.0,166.9
main,v040,LOLO-nes-f2,secondary,LOLO,nested,2,A,IPPO|ppo_single_site_ensemble_seed42_20260517T091403,IPPO,42,P,"May 2026, pre-781c90c reward",7,-2751.036447814462,696.8832376144621,2025.0,1.4032102000000002,27.75,203.84299160559965,203.49218905559968,0.07433102081268583,0.0,0.07433102081268583,0.07433102081268583,0.03766105054509415,74,7.040634291377602,75,6983.677244222133,6983.677244222132,1.0,166.9
main,v040,LOLO-nes-f2,secondary,LOLO,nested,2,A,IPPO|ppo_single_site_ensemble_seed42_20260517T091403,IPPO,42,P,"May 2026, pre-781c90c reward",8,-669.0098882219396,396.0702652219396,270.0,0.189623,2.75,206.54227732476315,206.49487157476315,0.009910802775024777,0.0,0.009910802775024777,0.009910802775024777,0.004955401387512388,10,0.9514370664023787,10,6983.677244222132,6983.677244222132,1.0,166.9
main,v040,LOLO-nes-f2,secondary,LOLO,nested,2,A,IPPO|ppo_single_site_ensemble_seed42_20260517T091403,IPPO,42,P,"May 2026, pre-781c90c reward",9,-458.96443054184465,80.96443054184468,378.0,0.0,0.0,207.46463471200627,207.46463471200627,0.013875123885034688,0.013875123885034688,0.0,0.013875123885034688,0.0,0,0.0,14,32.11616248022194,158.24556367822564,1.0,166.9
main,v040,LOLO-nes-f2,secondary,LOLO,nested,2,A,IPPO|ppo_single_site_ensemble_seed64_20260517T110907,IPPO,64,P,"May 2026, pre-781c90c reward",all,-23766.358523163075,5266.482654963078,18306.0,10.1258682,183.75,2034.9853347750704,2032.4538677250705,0.06719524281466799,0.0014866204162537165,0.06570862239841427,0.06719524281466799,0.03924677898909812,533,5.071159563924678,678,6829.840416577368,6983.677244222132,1.0,170.63
main,v040,LOLO-nes-f2,secondary,LOLO,nested,2,A,IPPO|ppo_single_site_ensemble_seed64_20260517T110907,IPPO,64,P,"May 2026, pre-781c90c reward",0,-7198.793695731274,1073.4141603312735,6048.0,3.7545354,73.625,197.26739127631532,196.3287574263153,0.222001982160555,0.0,0.222001982160555,0.222001982160555,0.12388503468780972,197,18.74331020812686,224,6983.677244222131,6983.677244222132,1.0,170.63
main,v040,LOLO-nes-f2,secondary,LOLO,nested,2,A,IPPO|ppo_single_site_ensemble_seed64_20260517T110907,IPPO,64,P,"May 2026, pre-781c90c reward",1,-3114.849129360704,593.889788160704,2511.0,0.8343412,9.125,199.34584240529085,199.13725710529087,0.09217046580773043,0.0,0.09217046580773043,0.09217046580773043,0.07036669970267592,44,4.186323092170466,93,6983.677244222132,6983.677244222132,1.0,170.63
main,v040,LOLO-nes-f2,secondary,LOLO,nested,2,A,IPPO|ppo_single_site_ensemble_seed64_20260517T110907,IPPO,64,P,"May 2026, pre-781c90c reward",2,-285.1260769824414,285.1260769824414,0.0,0.0,0.0,207.06012287456912,207.06012287456912,0.0,0.0,0.0,0.0,0.0,0,0.0,0,0.0,0.0,0.0,170.63
main,v040,LOLO-nes-f2,secondary,LOLO,nested,2,A,IPPO|ppo_single_site_ensemble_seed64_20260517T110907,IPPO,64,P,"May 2026, pre-781c90c reward",3,-164.82538383489316,137.82538383489316,27.0,0.0,0.0,207.34812914198812,207.34812914198812,0.0009910802775024777,0.0009910802775024777,0.0,0.0009910802775024777,0.0,0,0.0,1,4.163245459378105,4.163245459378105,1.0,170.63
main,v040,LOLO-nes-f2,secondary,LOLO,nested,2,A,IPPO|ppo_single_site_ensemble_seed64_20260517T110907,IPPO,64,P,"May 2026, pre-781c90c reward",4,-3865.93809373354,734.7469589335399,3105.0,1.4411348,24.75,198.22379082796834,197.86350712796838,0.11397423191278494,0.0,0.11397423191278494,0.11397423191278494,0.07631318136769079,76,7.230921704658078,115,6983.677244222131,6983.677244222132,1.0,170.63
main,v040,LOLO-nes-f2,secondary,LOLO,nested,2,A,IPPO|ppo_single_site_ensemble_seed64_20260517T110907,IPPO,64,P,"May 2026, pre-781c90c reward",5,-1207.0659394615475,417.2358442615476,783.0,0.4550952,6.375,205.6221296331222,205.5083558331222,0.028741328047571853,0.0,0.028741328047571853,0.028741328047571853,0.01684836471754212,24,2.2834489593657086,29,6983.677244222133,6983.677244222132,1.0,170.63
main,v040,LOLO-nes-f2,secondary,LOLO,nested,2,A,IPPO|ppo_single_site_ensemble_seed64_20260517T110907,IPPO,64,P,"May 2026, pre-781c90c reward",6,-3244.4110766961453,840.0570172961454,2376.0,1.4790594000000001,26.875,202.14581418642928,201.77604933642925,0.08721506442021804,0.0,0.08721506442021804,0.08721506442021804,0.048562933597621406,78,7.421209117938553,88,6983.677244222132,6983.677244222132,1.0,170.63
main,v040,LOLO-nes-f2,secondary,LOLO,nested,2,A,IPPO|ppo_single_site_ensemble_seed64_20260517T110907,IPPO,64,P,"May 2026, pre-781c90c reward",7,-3558.8289133842636,708.3568341842633,2808.0,1.9720792,40.5,204.0282304261143,203.53521062611432,0.10307234886025768,0.0,0.10307234886025768,0.10307234886025768,0.05153617443012884,104,9.894945490584737,104,6983.677244222131,6983.677244222132,1.0,170.63
main,v040,LOLO-nes-f2,secondary,LOLO,nested,2,A,IPPO|ppo_single_site_ensemble_seed64_20260517T110907,IPPO,64,P,"May 2026, pre-781c90c reward",8,-667.5557834364242,394.86616043642425,270.0,0.189623,2.5,206.4792492912664,206.4318435412664,0.009910802775024777,0.0,0.009910802775024777,0.009910802775024777,0.004955401387512388,10,0.9514370664023787,10,6983.677244222132,6983.677244222132,1.0,170.63
main,v040,LOLO-nes-f2,secondary,LOLO,nested,2,A,IPPO|ppo_single_site_ensemble_seed64_20260517T110907,IPPO,64,P,"May 2026, pre-781c90c reward",9,-458.96443054184465,80.96443054184468,378.0,0.0,0.0,207.46463471200627,207.46463471200627,0.013875123885034688,0.013875123885034688,0.0,0.013875123885034688,0.0,0,0.0,14,32.11616248022194,158.24556367822564,1.0,170.63
main,v040,LOLO-nes-f2,secondary,LOLO,nested,2,A,IPPO|ppo_single_site_ensemble_seed77_20260517T110907,IPPO,77,P,"May 2026, pre-781c90c reward",all,-22477.30583689456,5234.775536094562,17064.0,9.4053008,169.125,2039.0347171885849,2036.6833919885848,0.0626362735381566,0.0014866204162537165,0.06174430128840436,0.0626362735381566,0.037165510406342916,495,4.709613478691774,632,7918.384713108601,112204.6179728432,1.0,166.97
main,v040,LOLO-nes-f2,secondary,LOLO,nested,2,A,IPPO|ppo_single_site_ensemble_seed77_20260517T110907,IPPO,77,P,"May 2026, pre-781c90c reward",0,-5544.831952644061,1068.2418536440603,4428.0,2.4650990000000004,46.125,196.83255368224718,196.21627893224715,0.16253716551040634,0.0,0.16253716551040634,0.16253716551040634,0.0981169474727453,129,12.273538156590684,164,6983.677244222133,6983.677244222132,1.0,166.97
main,v040,LOLO-nes-f2,secondary,LOLO,nested,2,A,IPPO|ppo_single_site_ensemble_seed77_20260517T110907,IPPO,77,P,"May 2026, pre-781c90c reward",1,-2797.765422724159,615.0139109241586,2160.0,1.2515118,21.5,201.56687935021262,201.2540014002126,0.07928642220019821,0.0,0.07928642220019821,0.07928642220019821,0.04658077304261645,66,6.279484638255699,80,6983.677244222132,6983.677244222132,1.0,166.97
main,v040,LOLO-nes-f2,secondary,LOLO,nested,2,A,IPPO|ppo_single_site_ensemble_seed77_20260517T110907,IPPO,77,P,"May 2026, pre-781c90c reward",2,-285.1260769824414,285.1260769824414,0.0,0.0,0.0,207.06012287456912,207.06012287456912,0.0,0.0,0.0,0.0,0.0,0,0.0,0,0.0,0.0,0.0,166.97
main,v040,LOLO-nes-f2,secondary,LOLO,nested,2,A,IPPO|ppo_single_site_ensemble_seed77_20260517T110907,IPPO,77,P,"May 2026, pre-781c90c reward",3,-164.82538383489316,137.82538383489316,27.0,0.0,0.0,207.34812914198812,207.34812914198812,0.0009910802775024777,0.0009910802775024777,0.0,0.0009910802775024777,0.0,0,0.0,1,4.163245459378105,4.163245459378105,1.0,166.97
main,v040,LOLO-nes-f2,secondary,LOLO,nested,2,A,IPPO|ppo_single_site_ensemble_seed77_20260517T110907,IPPO,77,P,"May 2026, pre-781c90c reward",4,-3713.3058758957013,764.9251180957015,2916.0,1.6307578,30.75,199.78786442293,199.38017497293,0.10703666997026759,0.0,0.10703666997026759,0.10703666997026759,0.06442021803766106,86,8.182358771060457,108,6983.677244222131,6983.677244222132,1.0,166.97
main,v040,LOLO-nes-f2,secondary,LOLO,nested,2,A,IPPO|ppo_single_site_ensemble_seed77_20260517T110907,IPPO,77,P,"May 2026, pre-781c90c reward",5,-1683.1210067576255,408.2529869576255,1269.0,0.4930198,5.375,204.97550030627707,204.85224535627708,0.04658077304261645,0.0,0.04658077304261645,0.04658077304261645,0.03369672943508424,26,2.4737363726461843,47,6983.677244222134,6983.677244222132,1.0,166.97
main,v040,LOLO-nes-f2,secondary,LOLO,nested,2,A,IPPO|ppo_single_site_ensemble_seed77_20260517T110907,IPPO,77,P,"May 2026, pre-781c90c reward",6,-3927.8726697341535,767.2419119341534,3132.0,1.6307578,27.0,199.317009013412,198.90931956341197,0.11496531219028741,0.0,0.11496531219028741,0.11496531219028741,0.07234886025768088,86,8.182358771060457,116,6983.677244222131,6983.677244222132,1.0,166.97
main,v040,LOLO-nes-f2,secondary,LOLO,nested,2,A,IPPO|ppo_single_site_ensemble_seed77_20260517T110907,IPPO,77,P,"May 2026, pre-781c90c reward",7,-3444.943313350422,705.2100079504219,2700.0,1.8583054,37.875,203.67589393470274,203.21131758470273,0.09910802775024777,0.0,0.09910802775024777,0.09910802775024777,0.05054509415262636,98,9.32408325074331,100,6983.677244222132,6983.677244222132,1.0,166.97
main,v040,LOLO-nes-f2,secondary,LOLO,nested,2,A,IPPO|ppo_single_site_ensemble_seed77_20260517T110907,IPPO,77,P,"May 2026, pre-781c90c reward",8,-401.6401133786817,401.6401133786817,0.0,0.0,0.0,206.94117147360993,206.94117147360993,0.0,0.0,0.0,0.0,0.0,0,0.0,0,0.0,0.0,0.0,166.97
main,v040,LOLO-nes-f2,secondary,LOLO,nested,2,A,IPPO|ppo_single_site_ensemble_seed77_20260517T110907,IPPO,77,P,"May 2026, pre-781c90c reward",9,-513.8740215924245,81.29817239242445,432.0,0.0758492,0.5,211.52959298863587,211.51063068863587,0.015857284440039643,0.013875123885034688,0.007928642220019821,0.015857284440039643,0.005946481665014866,4,0.3805748265609515,16,44340.84189016033,112204.6179728432,1.0,166.97
main,v040,LOLO-nes-f2,secondary,LOLO,nested,2,A,IPPO|ppo_single_site_ensemble_seed99_20260517T091403,IPPO,99,P,"May 2026, pre-781c90c reward",all,-22479.441543072346,5196.680960472345,17118.0,8.7605826,156.0,2032.2036891224316,2030.0135434724316,0.06283448959365709,0.0014866204162537165,0.06134786917740337,0.06283448959365709,0.038453914767096135,461,4.386124876114966,634,6819.164043680887,6983.677244222132,1.0,170.57
main,v040,LOLO-nes-f2,secondary,LOLO,nested,2,A,IPPO|ppo_single_site_ensemble_seed99_20260517T091403,IPPO,99,P,"May 2026, pre-781c90c reward",0,-5847.824130622936,1048.2719562229358,4752.0,2.4271744,45.125,195.78619681492665,195.17940321492665,0.17443012884043607,0.0,0.17443012884043607,0.17443012884043607,0.1110009910802775,127,12.08325074331021,176,6983.677244222132,6983.677244222132,1.0,170.57
main,v040,LOLO-nes-f2,secondary,LOLO,nested,2,A,IPPO|ppo_single_site_ensemble_seed99_20260517T091403,IPPO,99,P,"May 2026, pre-781c90c reward",1,-3532.018987744431,597.4683251444305,2916.0,1.1756626,17.375,199.37784061991061,199.08392496991058,0.10703666997026759,0.0,0.10703666997026759,0.10703666997026759,0.07631318136769079,62,5.898909811694748,108,6983.677244222131,6983.677244222132,1.0,170.57
main,v040,LOLO-nes-f2,secondary,LOLO,nested,2,A,IPPO|ppo_single_site_ensemble_seed99_20260517T091403,IPPO,99,P,"May 2026, pre-781c90c reward",2,-285.1260769824414,285.1260769824414,0.0,0.0,0.0,207.06012287456912,207.06012287456912,0.0,0.0,0.0,0.0,0.0,0,0.0,0,0.0,0.0,0.0,170.57
main,v040,LOLO-nes-f2,secondary,LOLO,nested,2,A,IPPO|ppo_single_site_ensemble_seed99_20260517T091403,IPPO,99,P,"May 2026, pre-781c90c reward",3,-164.82538383489316,137.82538383489316,27.0,0.0,0.0,207.34812914198812,207.34812914198812,0.0009910802775024777,0.0009910802775024777,0.0,0.0009910802775024777,0.0,0,0.0,1,4.163245459378105,4.163245459378105,1.0,170.57
main,v040,LOLO-nes-f2,secondary,LOLO,nested,2,A,IPPO|ppo_single_site_ensemble_seed99_20260517T091403,IPPO,99,P,"May 2026, pre-781c90c reward",4,-3808.7010350905166,730.8849002905167,3051.0,1.4411348,25.375,198.25623325550274,197.89594955550274,0.11199207135777998,0.0,0.11199207135777998,0.11199207135777998,0.07433102081268583,76,7.230921704658078,113,6983.677244222131,6983.677244222132,1.0,170.57
main,v040,LOLO-nes-f2,secondary,LOLO,nested,2,A,IPPO|ppo_single_site_ensemble_seed99_20260517T091403,IPPO,99,P,"May 2026, pre-781c90c reward",5,-938.093316962222,421.7028447622222,513.0,0.26547220000000005,3.125,205.77851125833575,205.71214320833576,0.018830525272547076,0.0,0.018830525272547076,0.018830525272547076,0.011892963330029732,14,1.33201189296333,19,6983.677244222132,6983.677244222132,1.0,170.57
main,v040,LOLO-nes-f2,secondary,LOLO,nested,2,A,IPPO|ppo_single_site_ensemble_seed99_20260517T091403,IPPO,99,P,"May 2026, pre-781c90c reward",6,-4080.425072931813,777.5288429318131,3267.0,1.89623,34.0,199.95401395118466,199.47995645118462,0.1199207135777998,0.0,0.1199207135777998,0.1199207135777998,0.07036669970267592,100,9.514370664023787,121,6983.67724422213,6983.677244222132,1.0,170.57
main,v040,LOLO-nes-f2,secondary,LOLO,nested,2,A,IPPO|ppo_single_site_ensemble_seed99_20260517T091403,IPPO,99,P,"May 2026, pre-781c90c reward",7,-2855.5051112941987,718.0260518941986,2106.0,1.4790594000000001,30.0,204.41416471887578,204.0443998688758,0.07730426164519326,0.0,0.07730426164519326,0.07730426164519326,0.03865213082259663,78,7.421209117938553,78,6983.677244222134,6983.677244222132,1.0,170.57
main,v040,LOLO-nes-f2,secondary,LOLO,nested,2,A,IPPO|ppo_single_site_ensemble_seed99_20260517T091403,IPPO,99,P,"May 2026, pre-781c90c reward",8,-507.9579970670494,398.8821478670494,108.0,0.0758492,1.0,206.76384177513182,206.74487947513182,0.003964321110009911,0.0,0.003964321110009911,0.003964321110009911,0.0019821605550049554,4,0.3805748265609515,4,6983.677244222132,6983.677244222132,1.0,170.57
main,v040,LOLO-nes-f2,secondary,LOLO,nested,2,A,IPPO|ppo_single_site_ensemble_seed99_20260517T091403,IPPO,99,P,"May 2026, pre-781c90c reward",9,-458.96443054184465,80.96443054184468,378.0,0.0,0.0,207.46463471200627,207.46463471200627,0.013875123885034688,0.013875123885034688,0.0,0.013875123885034688,0.0,0,0.0,14,32.11616248022194,158.24556367822564,1.0,170.57
main,v040,LOLO-nes-f2,secondary,LOLO,nested,2,A,IPPO|ippo_nr_seed1,IPPO,1,T,"June 2026, current reward",all,-22058.580730533522,5151.192413733521,16767.0,7.8883168,132.5,2038.6587753471538,2036.686696147154,0.06154608523290386,0.002576808721506442,0.06005946481665015,0.06154608523290386,0.03944499504459861,415,3.9484638255698714,621,6821.499028987115,7468.644993958343,1.0,167.23
main,v040,LOLO-nes-f2,secondary,LOLO,nested,2,A,IPPO|ippo_nr_seed1,IPPO,1,T,"June 2026, current reward",0,-5618.642110849577,1041.4424840495772,4536.0,2.1996268,39.0,195.40218473026113,194.85227803026112,0.16650148662041625,0.0,0.16650148662041625,0.16650148662041625,0.10901883052527254,115,10.941526263627354,168,6983.677244222133,6983.677244222132,1.0,167.23
main,v040,LOLO-nes-f2,secondary,LOLO,nested,2,A,IPPO|ippo_nr_seed1,IPPO,1,T,"June 2026, current reward",1,-3142.818664243261,592.2455492432605,2538.0,0.948115,11.625,199.91785456623694,199.6808258162369,0.0931615460852329,0.0,0.0931615460852329,0.0931615460852329,0.06838453914767097,50,4.757185332011893,94,6983.677244222132,6983.677244222132,1.0,167.23
main,v040,LOLO-nes-f2,secondary,LOLO,nested,2,A,IPPO|ippo_nr_seed1,IPPO,1,T,"June 2026, current reward",2,-285.1260769824414,285.1260769824414,0.0,0.0,0.0,207.06012287456912,207.06012287456912,0.0,0.0,0.0,0.0,0.0,0,0.0,0,0.0,0.0,0.0,167.23
main,v040,LOLO-nes-f2,secondary,LOLO,nested,2,A,IPPO|ippo_nr_seed1,IPPO,1,T,"June 2026, current reward",3,-492.97070150723727,141.93277690723718,351.0,0.0379246,0.0,214.94302727560952,214.93354612560952,0.01288404360753221,0.011892963330029732,0.011892963330029732,0.01288404360753221,0.010901883052527254,2,0.19028741328047574,13,6722.845204486754,7468.644993958343,1.0,167.23
main,v040,LOLO-nes-f2,secondary,LOLO,nested,2,A,IPPO|ippo_nr_seed1,IPPO,1,T,"June 2026, current reward",4,-3896.6280978369023,715.0507368369024,3159.0,1.327361,21.25,197.57834591511448,197.24650566511446,0.1159563924677899,0.0,0.1159563924677899,0.1159563924677899,0.08126858275520317,70,6.6600594648166505,117,6983.677244222131,6983.677244222132,1.0,167.23
main,v040,LOLO-nes-f2,secondary,LOLO,nested,2,A,IPPO|ippo_nr_seed1,IPPO,1,T,"June 2026, current reward",5,-965.0003808388169,422.647833238817,540.0,0.22754760000000002,2.125,206.02824625271552,205.97135935271552,0.019821605550049554,0.0,0.019821605550049554,0.019821605550049554,0.013875123885034688,12,1.1417244796828543,20,6983.677244222132,6983.677244222132,1.0,167.23
main,v040,LOLO-nes-f2,secondary,LOLO,nested,2,A,IPPO|ippo_nr_seed1,IPPO,1,T,"June 2026, current reward",6,-3567.5402327519523,762.5120225519524,2781.0,1.4032102000000002,22.625,199.49102596052242,199.14022341052242,0.10208126858275521,0.0,0.10208126858275521,0.10208126858275521,0.06541129831516353,74,7.040634291377602,103,6983.677244222132,6983.677244222132,1.0,167.23
main,v040,LOLO-nes-f2,secondary,LOLO,nested,2,A,IPPO|ippo_nr_seed1,IPPO,1,T,"June 2026, current reward",7,-3229.2499216028073,707.6303900028067,2484.0,1.7445316000000002,35.875,203.8321615865084,203.3960286865084,0.09117938553022795,0.0,0.09117938553022795,0.09117938553022795,0.04558969276511397,92,8.753221010901884,92,6983.677244222132,6983.677244222132,1.0,167.23
main,v040,LOLO-nes-f2,secondary,LOLO,nested,2,A,IPPO|ippo_nr_seed1,IPPO,1,T,"June 2026, current reward",8,-401.6401133786817,401.6401133786817,0.0,0.0,0.0,206.94117147360993,206.94117147360993,0.0,0.0,0.0,0.0,0.0,0,0.0,0,0.0,0.0,0.0,167.23
main,v040,LOLO-nes-f2,secondary,LOLO,nested,2,A,IPPO|ippo_nr_seed1,IPPO,1,T,"June 2026, current reward",9,-458.96443054184465,80.96443054184468,378.0,0.0,0.0,207.46463471200627,207.46463471200627,0.013875123885034688,0.013875123885034688,0.0,0.013875123885034688,0.0,0,0.0,14,32.11616248022194,158.24556367822564,1.0,167.23
main,v040,LOLO-nes-f2,secondary,LOLO,nested,2,A,IPPO|ippo_nr_seed7,IPPO,7,T,"June 2026, current reward",all,-22814.230633682862,5210.17090028286,17442.0,8.684733399999999,153.375,2033.0289179820898,2030.85773463209,0.06402378592666005,0.0014866204162537165,0.06253716551040635,0.06402378592666005,0.0398414271555996,457,4.34806739345887,646,6822.220016446359,6983.677244222132,1.0,170.57
main,v040,LOLO-nes-f2,secondary,LOLO,nested,2,A,IPPO|ippo_nr_seed7,IPPO,7,T,"June 2026, current reward",0,-6090.04710347893,980.9008734789297,5076.0,1.89623,31.25,192.2813092852557,191.80725178525572,0.1863230921704658,0.0,0.1863230921704658,0.1863230921704658,0.13676907829534193,99,9.419226957383549,188,6983.677244222131,6983.677244222132,1.0,170.57
main,v040,LOLO-nes-f2,secondary,LOLO,nested,2,A,IPPO|ippo_nr_seed7,IPPO,7,T,"June 2026, current reward",1,-3093.7558984785055,598.5086326785048,2484.0,0.8722658000000001,10.375,199.61264291492122,199.39457646492122,0.09117938553022795,0.0,0.09117938553022795,0.09117938553022795,0.06838453914767097,46,4.376610505450942,92,6983.677244222132,6983.677244222132,1.0,170.57
main,v040,LOLO-nes-f2,secondary,LOLO,nested,2,A,IPPO|ippo_nr_seed7,IPPO,7,T,"June 2026, current reward",2,-285.1260769824414,285.1260769824414,0.0,0.0,0.0,207.06012287456912,207.06012287456912,0.0,0.0,0.0,0.0,0.0,0,0.0,0,0.0,0.0,0.0,170.57
main,v040,LOLO-nes-f2,secondary,LOLO,nested,2,A,IPPO|ippo_nr_seed7,IPPO,7,T,"June 2026, current reward",3,-220.22363048729605,138.68570588729605,81.0,0.0379246,0.5,207.7587053114383,207.7492241614383,0.002973240832507433,0.0009910802775024777,0.0019821605550049554,0.002973240832507433,0.0009910802775024777,2,0.19028741328047574,3,4657.172577967881,6983.677244222132,1.0,170.57
main,v040,LOLO-nes-f2,secondary,LOLO,nested,2,A,IPPO|ippo_nr_seed7,IPPO,7,T,"June 2026, current reward",4,-3815.8835250000475,758.9648426000476,3024.0,1.6686824,31.25,199.62028586623035,199.20311526623033,0.1110009910802775,0.0,0.1110009910802775,0.1110009910802775,0.06739345887016848,88,8.372646184340931,112,6983.677244222131,6983.677244222132,1.0,170.57
main,v040,LOLO-nes-f2,secondary,LOLO,nested,2,A,IPPO|ippo_nr_seed7,IPPO,7,T,"June 2026, current reward",5,-967.0088179215273,426.23211952152735,540.0,0.1516984,0.625,206.5358585300408,206.4979339300408,0.019821605550049554,0.0,0.019821605550049554,0.019821605550049554,0.015857284440039643,8,0.761149653121903,20,6983.677244222132,6983.677244222132,1.0,170.57
main,v040,LOLO-nes-f2,secondary,LOLO,nested,2,A,IPPO|ippo_nr_seed7,IPPO,7,T,"June 2026, current reward",6,-4206.325415038518,838.5120144385178,3321.0,2.3134006000000005,44.5,202.06351696985928,201.48516681985927,0.12190287413280476,0.0,0.12190287413280476,0.12190287413280476,0.061446977205153616,122,11.607532210109019,123,6983.677244222131,6983.677244222132,1.0,170.57
main,v040,LOLO-nes-f2,secondary,LOLO,nested,2,A,IPPO|ippo_nr_seed7,IPPO,7,T,"June 2026, current reward",7,-3144.037021732107,705.3683393321069,2403.0,1.6686824000000002,34.0,203.9902924353529,203.57312183535288,0.08820614469772052,0.0,0.08820614469772052,0.08820614469772052,0.044598612487611496,88,8.372646184340931,89,6983.677244222132,6983.677244222132,1.0,170.57
main,v040,LOLO-nes-f2,secondary,LOLO,nested,2,A,IPPO|ippo_nr_seed7,IPPO,7,T,"June 2026, current reward",8,-532.8587140216439,396.90786482164384,135.0,0.0758492,0.875,206.64154908241562,206.62258678241562,0.004955401387512388,0.0,0.004955401387512388,0.004955401387512388,0.002973240832507433,4,0.3805748265609515,5,6983.677244222132,6983.677244222132,1.0,170.57
main,v040,LOLO-nes-f2,secondary,LOLO,nested,2,A,IPPO|ippo_nr_seed7,IPPO,7,T,"June 2026, current reward",9,-458.96443054184465,80.96443054184468,378.0,0.0,0.0,207.46463471200627,207.46463471200627,0.013875123885034688,0.013875123885034688,0.0,0.013875123885034688,0.0,0,0.0,14,32.11616248022194,158.24556367822564,1.0,170.57
main,v040,LOLO-nes-f2,secondary,LOLO,nested,2,A,IPPO|ippo_nr_seed13,IPPO,13,T,"June 2026, current reward",all,-22227.588105417333,5396.390634017333,16632.0,9.8224714,189.375,2039.1727681723232,2036.7171503223235,0.06105054509415263,0.0014866204162537165,0.05956392467789891,0.06105054509415263,0.033894945490584735,517,4.918929633300298,616,6814.356839768967,6983.677244222132,1.0,167.0
main,v040,LOLO-nes-f2,secondary,LOLO,nested,2,A,IPPO|ippo_nr_seed13,IPPO,13,T,"June 2026, current reward",0,-5791.895503853011,1047.1312540530112,4698.0,2.3892498,44.375,195.6682820660924,195.07096961609238,0.17244796828543113,0.0,0.17244796828543113,0.17244796828543113,0.11000991080277503,125,11.892963330029733,174,6983.677244222132,6983.677244222132,1.0,167.0
main,v040,LOLO-nes-f2,secondary,LOLO,nested,2,A,IPPO|ippo_nr_seed13,IPPO,13,T,"June 2026, current reward",1,-3345.414899397042,668.3220661970424,2646.0,1.5928332,29.5,201.82885268459046,201.43064438459044,0.09712586719524281,0.0,0.09712586719524281,0.09712586719524281,0.05550049554013875,84,7.992071357779981,98,6983.677244222132,6983.677244222132,1.0,167.0
main,v040,LOLO-nes-f2,secondary,LOLO,nested,2,A,IPPO|ippo_nr_seed13,IPPO,13,T,"June 2026, current reward",2,-285.1260769824414,285.1260769824414,0.0,0.0,0.0,207.06012287456912,207.06012287456912,0.0,0.0,0.0,0.0,0.0,0,0.0,0,0.0,0.0,0.0,167.0
main,v040,LOLO-nes-f2,secondary,LOLO,nested,2,A,IPPO|ippo_nr_seed13,IPPO,13,T,"June 2026, current reward",3,-164.82538383489316,137.82538383489316,27.0,0.0,0.0,207.34812914198812,207.34812914198812,0.0009910802775024777,0.0009910802775024777,0.0,0.0009910802775024777,0.0,0,0.0,1,4.163245459378105,4.163245459378105,1.0,167.0
main,v040,LOLO-nes-f2,secondary,LOLO,nested,2,A,IPPO|ippo_nr_seed13,IPPO,13,T,"June 2026, current reward",4,-3553.6037456688614,815.1583648688614,2700.0,1.8203808000000001,36.625,201.6766749966945,201.2215797966945,0.09910802775024777,0.0,0.09910802775024777,0.09910802775024777,0.05153617443012884,96,9.133795837462834,100,6983.677244222132,6983.677244222132,1.0,167.0
main,v040,LOLO-nes-f2,secondary,LOLO,nested,2,A,IPPO|ippo_nr_seed13,IPPO,13,T,"June 2026, current reward",5,-959.7810800439013,419.1673062439014,540.0,0.1137738,0.5,205.55140594651857,205.52296249651857,0.019821605550049554,0.0,0.019821605550049554,0.019821605550049554,0.01684836471754212,6,0.5708622398414271,20,6983.677244222132,6983.677244222132,1.0,167.0
main,v040,LOLO-nes-f2,secondary,LOLO,nested,2,A,IPPO|ippo_nr_seed13,IPPO,13,T,"June 2026, current reward",6,-4013.4476458953773,837.0359436953775,3132.0,2.1617022,42.25,201.62186792962254,201.0814423796225,0.11496531219028741,0.0,0.11496531219028741,0.11496531219028741,0.05847373637264618,114,10.846382556987116,116,6983.677244222131,6983.677244222132,1.0,167.0
main,v040,LOLO-nes-f2,secondary,LOLO,nested,2,A,IPPO|ippo_nr_seed13,IPPO,13,T,"June 2026, current reward",7,-3252.8892258212777,704.0196942212776,2511.0,1.7445316000000002,36.125,204.01162634663123,203.57549344663124,0.09217046580773043,0.0,0.09217046580773043,0.09217046580773043,0.04658077304261645,92,8.753221010901884,93,6983.677244222132,6983.677244222132,1.0,167.0
main,v040,LOLO-nes-f2,secondary,LOLO,nested,2,A,IPPO|ippo_nr_seed13,IPPO,13,T,"June 2026, current reward",8,-401.6401133786817,401.6401133786817,0.0,0.0,0.0,206.94117147360993,206.94117147360993,0.0,0.0,0.0,0.0,0.0,0,0.0,0,0.0,0.0,0.0,167.0
main,v040,LOLO-nes-f2,secondary,LOLO,nested,2,A,IPPO|ippo_nr_seed13,IPPO,13,T,"June 2026, current reward",9,-458.96443054184465,80.96443054184468,378.0,0.0,0.0,207.46463471200627,207.46463471200627,0.013875123885034688,0.013875123885034688,0.0,0.013875123885034688,0.0,0,0.0,14,32.11616248022194,158.24556367822564,1.0,167.0
main,v040,LOLO-nes-f2,secondary,LOLO,nested,2,A,IPPO|ippo_nr_seed23,IPPO,23,T,"June 2026, current reward",all,-22838.264240221302,5135.394129821303,17550.0,8.495110400000002,144.375,2030.5497101275464,2028.4259325275466,0.06442021803766106,0.0014866204162537165,0.06293359762140734,0.06442021803766106,0.04073339940535183,447,4.252923686818633,650,6823.213599386518,6983.677244222132,1.0,170.46
main,v040,LOLO-nes-f2,secondary,LOLO,nested,2,A,IPPO|ippo_nr_seed23,IPPO,23,T,"June 2026, current reward",0,-6874.641162021168,1034.9934202211687,5778.0,3.1477418,58.5,195.595095039431,194.808159589431,0.21209117938553024,0.0,0.21209117938553024,0.21209117938553024,0.12983151635282458,165,15.698711595639248,214,6983.677244222131,6983.677244222132,1.0,170.46
main,v040,LOLO-nes-f2,secondary,LOLO,nested,2,A,IPPO|ippo_nr_seed23,IPPO,23,T,"June 2026, current reward",1,-3478.5862073534327,575.0622431534322,2889.0,1.0239642,13.5,198.86121566481435,198.60522461481438,0.10604558969276512,0.0,0.10604558969276512,0.10604558969276512,0.07928642220019821,54,5.137760158572845,107,6983.677244222131,6983.677244222132,1.0,170.46
main,v040,LOLO-nes-f2,secondary,LOLO,nested,2,A,IPPO|ippo_nr_seed23,IPPO,23,T,"June 2026, current reward",2,-285.1260769824414,285.1260769824414,0.0,0.0,0.0,207.06012287456912,207.06012287456912,0.0,0.0,0.0,0.0,0.0,0,0.0,0,0.0,0.0,0.0,170.46
main,v040,LOLO-nes-f2,secondary,LOLO,nested,2,A,IPPO|ippo_nr_seed23,IPPO,23,T,"June 2026, current reward",3,-164.82538383489316,137.82538383489316,27.0,0.0,0.0,207.34812914198812,207.34812914198812,0.0009910802775024777,0.0009910802775024777,0.0,0.0009910802775024777,0.0,0,0.0,1,4.163245459378105,4.163245459378105,1.0,170.46
main,v040,LOLO-nes-f2,secondary,LOLO,nested,2,A,IPPO|ippo_nr_seed23,IPPO,23,T,"June 2026, current reward",4,-3793.688588906799,699.3387755067993,3078.0,1.0998134000000002,15.25,197.01576866852062,196.74081531852065,0.11298315163528246,0.0,0.11298315163528246,0.11298315163528246,0.08424182358771061,58,5.518334985133796,114,6983.677244222131,6983.677244222132,1.0,170.46
main,v040,LOLO-nes-f2,secondary,LOLO,nested,2,A,IPPO|ippo_nr_seed23,IPPO,23,T,"June 2026, current reward",5,-1073.0199690852576,419.3907230852576,648.0,0.379246,5.25,205.75632425230253,205.66151275230254,0.023785926660059464,0.0,0.023785926660059464,0.023785926660059464,0.013875123885034688,20,1.9028741328047574,24,6983.677244222131,6983.677244222132,1.0,170.46
main,v040,LOLO-nes-f2,secondary,LOLO,nested,2,A,IPPO|ippo_nr_seed23,IPPO,23,T,"June 2026, current reward",6,-2975.2277089263416,799.2037447263418,2160.0,1.0239642,15.0,200.67126706132177,200.4152760113218,0.07928642220019821,0.0,0.07928642220019821,0.07928642220019821,0.05252725470763132,54,5.137760158572845,80,6983.677244222132,6983.677244222132,1.0,170.46
main,v040,LOLO-nes-f2,secondary,LOLO,nested,2,A,IPPO|ippo_nr_seed23,IPPO,23,T,"June 2026, current reward",7,-3172.5065696933193,705.4249626933193,2430.0,1.706607,35.375,204.07262485549415,203.64597310549416,0.08919722497522299,0.0,0.08919722497522299,0.08919722497522299,0.044598612487611496,90,8.562933597621408,90,6983.677244222132,6983.677244222132,1.0,170.46
main,v040,LOLO-nes-f2,secondary,LOLO,nested,2,A,IPPO|ippo_nr_seed23,IPPO,23,T,"June 2026, current reward",8,-561.678142875805,398.06436907580485,162.0,0.11377380000000001,1.5,206.70452785709824,206.67608440709824,0.005946481665014866,0.0,0.005946481665014866,0.005946481665014866,0.002973240832507433,6,0.5708622398414271,6,6983.677244222133,6983.677244222132,1.0,170.46
main,v040,LOLO-nes-f2,secondary,LOLO,nested,2,A,IPPO|ippo_nr_seed23,IPPO,23,T,"June 2026, current reward",9,-458.96443054184465,80.96443054184468,378.0,0.0,0.0,207.46463471200627,207.46463471200627,0.013875123885034688,0.013875123885034688,0.0,0.013875123885034688,0.0,0,0.0,14,32.11616248022194,158.24556367822564,1.0,170.46
main,v040,LOLO-nes-f2,secondary,LOLO,nested,2,A,IPPO|ippo_nr_seed42,IPPO,42,T,"June 2026, current reward",all,-23657.449136173476,5125.472232173475,18360.0,9.101904000000001,162.875,2029.585777040334,2027.3103010403343,0.06739345887016848,0.0014866204162537165,0.06590683845391476,0.06739345887016848,0.042120911793855305,479,4.557383548067394,680,6830.292877835148,6983.677244222132,1.0,167.06
main,v040,LOLO-nes-f2,secondary,LOLO,nested,2,A,IPPO|ippo_nr_seed42,IPPO,42,T,"June 2026, current reward",0,-6616.202401160437,983.8510759604369,5589.0,2.3513252000000002,41.0,192.2646123149682,191.67678101496818,0.2051536174430129,0.0,0.2051536174430129,0.2051536174430129,0.14370664023785926,123,11.702675916749257,207,6983.677244222131,6983.677244222132,1.0,167.06
main,v040,LOLO-nes-f2,secondary,LOLO,nested,2,A,IPPO|ippo_nr_seed42,IPPO,42,T,"June 2026, current reward",1,-3365.7619650657534,588.0596040657535,2754.0,1.327361,22.375,200.24537423970733,199.91353398970733,0.10109018830525272,0.0,0.10109018830525272,0.10109018830525272,0.06640237859266601,70,6.6600594648166505,102,6983.677244222132,6983.677244222132,1.0,167.06
main,v040,LOLO-nes-f2,secondary,LOLO,nested,2,A,IPPO|ippo_nr_seed42,IPPO,42,T,"June 2026, current reward",2,-285.1260769824414,285.1260769824414,0.0,0.0,0.0,207.06012287456912,207.06012287456912,0.0,0.0,0.0,0.0,0.0,0,0.0,0,0.0,0.0,0.0,167.06
main,v040,LOLO-nes-f2,secondary,LOLO,nested,2,A,IPPO|ippo_nr_seed42,IPPO,42,T,"June 2026, current reward",3,-164.82538383489316,137.82538383489316,27.0,0.0,0.0,207.34812914198812,207.34812914198812,0.0009910802775024777,0.0009910802775024777,0.0,0.0009910802775024777,0.0,0,0.0,1,4.163245459378105,4.163245459378105,1.0,167.06
main,v040,LOLO-nes-f2,secondary,LOLO,nested,2,A,IPPO|ippo_nr_seed42,IPPO,42,T,"June 2026, current reward",4,-3701.3511072234855,731.9099724234857,2943.0,1.4411348,25.0,198.7719835737764,198.4116998737764,0.10802775024777007,0.0,0.10802775024777007,0.10802775024777007,0.07036669970267592,76,7.230921704658078,109,6983.677244222131,6983.677244222132,1.0,167.06
main,v040,LOLO-nes-f2,secondary,LOLO,nested,2,A,IPPO|ippo_nr_seed42,IPPO,42,T,"June 2026, current reward",5,-955.5343936428583,415.4585444428583,540.0,0.0758492,0.0,205.29686699249936,205.27790469249936,0.019821605550049554,0.0,0.019821605550049554,0.019821605550049554,0.017839444995044598,4,0.3805748265609515,20,6983.677244222132,6983.677244222132,1.0,167.06
main,v040,LOLO-nes-f2,secondary,LOLO,nested,2,A,IPPO|ippo_nr_seed42,IPPO,42,T,"June 2026, current reward",6,-4014.3405256761644,792.8572202761648,3186.0,1.8583053999999999,33.625,200.25917974759778,199.7946033975978,0.11694747274529237,0.0,0.11694747274529237,0.11694747274529237,0.06838453914767097,98,9.32408325074331,118,6983.677244222131,6983.677244222132,1.0,167.06
main,v040,LOLO-nes-f2,secondary,LOLO,nested,2,A,IPPO|ippo_nr_seed42,IPPO,42,T,"June 2026, current reward",7,-3423.9065910363297,711.0482856363293,2673.0,1.8583054000000003,38.0,204.1199766987471,203.6554003487471,0.0981169474727453,0.0,0.0981169474727453,0.0981169474727453,0.049554013875123884,98,9.32408325074331,99,6983.677244222132,6983.677244222132,1.0,167.06
main,v040,LOLO-nes-f2,secondary,LOLO,nested,2,A,IPPO|ippo_nr_seed42,IPPO,42,T,"June 2026, current reward",8,-671.4362610092675,398.3716380092674,270.0,0.189623,2.875,206.75489674447422,206.70749099447423,0.009910802775024777,0.0,0.009910802775024777,0.009910802775024777,0.004955401387512388,10,0.9514370664023787,10,6983.677244222132,6983.677244222132,1.0,167.06
main,v040,LOLO-nes-f2,secondary,LOLO,nested,2,A,IPPO|ippo_nr_seed42,IPPO,42,T,"June 2026, current reward",9,-458.96443054184465,80.96443054184468,378.0,0.0,0.0,207.46463471200627,207.46463471200627,0.013875123885034688,0.013875123885034688,0.0,0.013875123885034688,0.0,0,0.0,14,32.11616248022194,158.24556367822564,1.0,167.06
main,v040,LOLO-nes-f2,secondary,LOLO,nested,2,A,IPPO|ippo_nr_seed64,IPPO,64,T,"June 2026, current reward",all,-24380.867187540054,5335.451882940053,18819.0,11.4153046,215.0,2038.8653000589866,2036.0114739089868,0.0690782953419227,0.0014866204162537165,0.06759167492566898,0.0690782953419227,0.0377601585728444,601,5.718136769078296,697,6834.033959942146,6983.677244222132,1.0,170.34
main,v040,LOLO-nes-f2,secondary,LOLO,nested,2,A,IPPO|ippo_nr_seed64,IPPO,64,T,"June 2026, current reward",0,-7016.783213019215,1080.941602219215,5859.0,3.7166107999999998,73.125,197.696784993145,196.767632293145,0.21506442021803765,0.0,0.21506442021803765,0.21506442021803765,0.11793855302279485,195,18.553022794846385,217,6983.677244222131,6983.677244222132,1.0,170.34
main,v040,LOLO-nes-f2,secondary,LOLO,nested,2,A,IPPO|ippo_nr_seed64,IPPO,64,T,"June 2026, current reward",1,-3096.4443115163103,593.0186489163102,2484.0,1.1756626,18.25,200.56878097336124,200.27486532336127,0.09117938553022795,0.0,0.09117938553022795,0.09117938553022795,0.06045589692765114,62,5.898909811694748,92,6983.677244222132,6983.677244222132,1.0,170.34
main,v040,LOLO-nes-f2,secondary,LOLO,nested,2,A,IPPO|ippo_nr_seed64,IPPO,64,T,"June 2026, current reward",2,-449.2333655263077,285.6195917263076,162.0,0.11377380000000001,1.5,207.20476403891843,207.17632058891843,0.005946481665014866,0.0,0.005946481665014866,0.005946481665014866,0.002973240832507433,6,0.5708622398414271,6,6983.677244222133,6983.677244222132,1.0,170.34
main,v040,LOLO-nes-f2,secondary,LOLO,nested,2,A,IPPO|ippo_nr_seed64,IPPO,64,T,"June 2026, current reward",3,-164.82538383489316,137.82538383489316,27.0,0.0,0.0,207.34812914198812,207.34812914198812,0.0009910802775024777,0.0009910802775024777,0.0,0.0009910802775024777,0.0,0,0.0,1,4.163245459378105,4.163245459378105,1.0,170.34
main,v040,LOLO-nes-f2,secondary,LOLO,nested,2,A,IPPO|ippo_nr_seed64,IPPO,64,T,"June 2026, current reward",4,-3673.420754098602,823.8615994986025,2808.0,1.9341546000000003,39.625,201.58431608645208,201.10077743645206,0.10307234886025768,0.0,0.10307234886025768,0.10307234886025768,0.05252725470763132,102,9.704658077304263,104,6983.677244222131,6983.677244222132,1.0,170.34
main,v040,LOLO-nes-f2,secondary,LOLO,nested,2,A,IPPO|ippo_nr_seed64,IPPO,64,T,"June 2026, current reward",5,-1520.3109257719202,408.64375517192036,1107.0,0.41717060000000006,4.25,204.9978818041271,204.89358915412708,0.040634291377601585,0.0,0.040634291377601585,0.040634291377601585,0.02973240832507433,22,2.093161546085233,41,6983.677244222133,6983.677244222132,1.0,170.34
main,v040,LOLO-nes-f2,secondary,LOLO,nested,2,A,IPPO|ippo_nr_seed64,IPPO,64,T,"June 2026, current reward",6,-3399.950441163196,828.531758763196,2538.0,1.6686824,31.75,201.86747219735014,201.45030159735012,0.0931615460852329,0.0,0.0931615460852329,0.0931615460852329,0.049554013875123884,88,8.372646184340931,94,6983.677244222132,6983.677244222132,1.0,170.34
main,v040,LOLO-nes-f2,secondary,LOLO,nested,2,A,IPPO|ippo_nr_seed64,IPPO,64,T,"June 2026, current reward",7,-3772.4240190643413,704.2131660643413,3024.0,2.085853,42.125,203.85239560853825,203.3309323585383,0.1110009910802775,0.0,0.1110009910802775,0.1110009910802775,0.05649157581764123,110,10.465807730426166,112,6983.677244222131,6983.677244222132,1.0,170.34
main,v040,LOLO-nes-f2,secondary,LOLO,nested,2,A,IPPO|ippo_nr_seed64,IPPO,64,T,"June 2026, current reward",8,-828.5103430034219,391.83194620342204,432.0,0.3033968,4.375,206.28014050309991,206.20429130309992,0.015857284440039643,0.0,0.015857284440039643,0.015857284440039643,0.007928642220019821,16,1.522299306243806,16,6983.677244222132,6983.677244222132,1.0,170.34
main,v040,LOLO-nes-f2,secondary,LOLO,nested,2,A,IPPO|ippo_nr_seed64,IPPO,64,T,"June 2026, current reward",9,-458.96443054184465,80.96443054184468,378.0,0.0,0.0,207.46463471200627,207.46463471200627,0.013875123885034688,0.013875123885034688,0.0,0.013875123885034688,0.0,0,0.0,14,32.11616248022194,158.24556367822564,1.0,170.34
main,v040,LOLO-nes-f2,secondary,LOLO,nested,2,A,IPPO|ippo_nr_seed77,IPPO,77,T,"June 2026, current reward",all,-23896.189623579274,5458.0579975792725,18198.0,11.756626,228.375,2045.1188475579713,2042.179691057971,0.066798810703667,0.0014866204162537165,0.06560951437066402,0.066798810703667,0.03488602576808721,619,5.889395441030723,674,7280.666035042307,100391.12447365571,1.0,167.22
main,v040,LOLO-nes-f2,secondary,LOLO,nested,2,A,IPPO|ippo_nr_seed77,IPPO,77,T,"June 2026, current reward",0,-6820.983726827644,1174.9524930276452,5562.0,3.9062338,80.125,200.160857811346,199.18429936134598,0.20416253716551042,0.0,0.20416253716551042,0.20416253716551042,0.10208126858275521,205,19.504459861248762,206,6983.677244222131,6983.677244222132,1.0,167.22
main,v040,LOLO-nes-f2,secondary,LOLO,nested,2,A,IPPO|ippo_nr_seed77,IPPO,77,T,"June 2026, current reward",1,-3542.935758422429,620.3541514224291,2889.0,1.706607,31.875,201.25110666981823,200.8244549198182,0.10604558969276512,0.0,0.10604558969276512,0.10604558969276512,0.061446977205153616,90,8.562933597621408,107,6983.677244222131,6983.677244222132,1.0,167.22
main,v040,LOLO-nes-f2,secondary,LOLO,nested,2,A,IPPO|ippo_nr_seed77,IPPO,77,T,"June 2026, current reward",2,-285.1260769824414,285.1260769824414,0.0,0.0,0.0,207.06012287456912,207.06012287456912,0.0,0.0,0.0,0.0,0.0,0,0.0,0,0.0,0.0,0.0,167.22
main,v040,LOLO-nes-f2,secondary,LOLO,nested,2,A,IPPO|ippo_nr_seed77,IPPO,77,T,"June 2026, current reward",3,-164.82538383489316,137.82538383489316,27.0,0.0,0.0,207.34812914198812,207.34812914198812,0.0009910802775024777,0.0009910802775024777,0.0,0.0009910802775024777,0.0,0,0.0,1,4.163245459378105,4.163245459378105,1.0,167.22
main,v040,LOLO-nes-f2,secondary,LOLO,nested,2,A,IPPO|ippo_nr_seed77,IPPO,77,T,"June 2026, current reward",4,-3915.8756124623815,818.6268348623817,3051.0,2.1237776000000004,44.125,201.69951340597402,201.168569005974,0.11199207135777998,0.0,0.11199207135777998,0.11199207135777998,0.05649157581764123,112,10.65609514370664,113,6983.677244222131,6983.677244222132,1.0,167.22
main,v040,LOLO-nes-f2,secondary,LOLO,nested,2,A,IPPO|ippo_nr_seed77,IPPO,77,T,"June 2026, current reward",5,-1181.4692707384452,421.62794933844526,756.0,0.3413214,3.5,205.76364292466297,205.67831257466298,0.027750247770069375,0.0,0.027750247770069375,0.027750247770069375,0.018830525272547076,18,1.7125867195242817,28,6983.677244222133,6983.677244222132,1.0,167.22
main,v040,LOLO-nes-f2,secondary,LOLO,nested,2,A,IPPO|ippo_nr_seed77,IPPO,77,T,"June 2026, current reward",6,-4092.1838755913604,811.31009799136,3240.0,2.1237776000000004,38.75,201.38687521869502,200.85593081869501,0.11892963330029732,0.0,0.11892963330029732,0.11892963330029732,0.06342913776015857,112,10.65609514370664,120,6983.67724422213,6983.677244222132,1.0,167.22
main,v040,LOLO-nes-f2,secondary,LOLO,nested,2,A,IPPO|ippo_nr_seed77,IPPO,77,T,"June 2026, current reward",7,-3004.719614814976,705.4526308149759,2268.0,1.516984,29.75,204.01767931228653,203.63843331228657,0.08325074331020813,0.0,0.08325074331020813,0.08325074331020813,0.04360753221010902,80,7.6114965312190295,84,6983.677244222133,6983.677244222132,1.0,167.22
main,v040,LOLO-nes-f2,secondary,LOLO,nested,2,A,IPPO|ippo_nr_seed77,IPPO,77,T,"June 2026, current reward",8,-401.6401133786817,401.6401133786817,0.0,0.0,0.0,206.94117147360993,206.94117147360993,0.0,0.0,0.0,0.0,0.0,0,0.0,0,0.0,0.0,0.0,167.22
main,v040,LOLO-nes-f2,secondary,LOLO,nested,2,A,IPPO|ippo_nr_seed77,IPPO,77,T,"June 2026, current reward",9,-486.4301905260189,81.1422659260189,405.0,0.0379246,0.25,209.48974872502112,209.48026757502112,0.014866204162537165,0.013875123885034688,0.003964321110009911,0.014866204162537165,0.002973240832507433,2,0.19028741328047574,15,20793.674511659505,100391.12447365571,1.0,167.22
main,v040,LOLO-nes-f2,secondary,LOLO,nested,2,A,IPPO|ippo_nr_seed99,IPPO,99,T,"June 2026, current reward",all,-23516.123841896722,5176.809862496724,18171.0,9.0639794,159.25,2031.1690427291824,2028.9030478791826,0.06669970267591675,0.0014866204162537165,0.06521308225966303,0.06669970267591675,0.041526263627353815,477,4.538354806739346,673,6828.697498095609,6983.677244222132,1.0,170.22
main,v040,LOLO-nes-f2,secondary,LOLO,nested,2,A,IPPO|ippo_nr_seed99,IPPO,99,T,"June 2026, current reward",0,-5762.451551074779,1093.4597536747794,4617.0,2.6167974000000003,49.375,197.11387211917395,196.45967276917395,0.1694747274529237,0.0,0.1694747274529237,0.1694747274529237,0.10109018830525272,137,13.034687809712587,171,6983.677244222132,6983.677244222132,1.0,170.22
main,v040,LOLO-nes-f2,secondary,LOLO,nested,2,A,IPPO|ippo_nr_seed99,IPPO,99,T,"June 2026, current reward",1,-3155.7648438325077,580.4305026325078,2565.0,0.8343412000000001,9.5,199.2828045355113,199.0742192355113,0.09415262636273539,0.0,0.09415262636273539,0.09415262636273539,0.07234886025768088,44,4.186323092170466,95,6983.677244222133,6983.677244222132,1.0,170.22
main,v040,LOLO-nes-f2,secondary,LOLO,nested,2,A,IPPO|ippo_nr_seed99,IPPO,99,T,"June 2026, current reward",2,-285.1260769824414,285.1260769824414,0.0,0.0,0.0,207.06012287456912,207.06012287456912,0.0,0.0,0.0,0.0,0.0,0,0.0,0,0.0,0.0,0.0,170.22
main,v040,LOLO-nes-f2,secondary,LOLO,nested,2,A,IPPO|ippo_nr_seed99,IPPO,99,T,"June 2026, current reward",3,-164.82538383489316,137.82538383489316,27.0,0.0,0.0,207.34812914198812,207.34812914198812,0.0009910802775024777,0.0009910802775024777,0.0,0.0009910802775024777,0.0,0,0.0,1,4.163245459378105,4.163245459378105,1.0,170.22
main,v040,LOLO-nes-f2,secondary,LOLO,nested,2,A,IPPO|ippo_nr_seed99,IPPO,99,T,"June 2026, current reward",4,-4174.188340858989,717.7963568589892,3429.0,1.5169839999999999,25.875,197.46848338778662,197.08923738778665,0.12586719524281467,0.0,0.12586719524281467,0.12586719524281467,0.08622398414271557,80,7.6114965312190295,127,6983.677244222131,6983.677244222132,1.0,170.22
main,v040,LOLO-nes-f2,secondary,LOLO,nested,2,A,IPPO|ippo_nr_seed99,IPPO,99,T,"June 2026, current reward",5,-645.8530815793148,429.27723237931485,216.0,0.0758492,0.5,206.31355797415657,206.29459567415657,0.007928642220019821,0.0,0.007928642220019821,0.007928642220019821,0.005946481665014866,4,0.3805748265609515,8,6983.677244222132,6983.677244222132,1.0,170.22
main,v040,LOLO-nes-f2,secondary,LOLO,nested,2,A,IPPO|ippo_nr_seed99,IPPO,99,T,"June 2026, current reward",6,-4068.6210701295786,789.7360663295785,3240.0,2.0100038,36.875,200.52174183096764,200.0192408809676,0.11892963330029732,0.0,0.11892963330029732,0.11892963330029732,0.06640237859266601,106,10.085232903865213,120,6983.67724422213,6983.677244222132,1.0,170.22
main,v040,LOLO-nes-f2,secondary,LOLO,nested,2,A,IPPO|ippo_nr_seed99,IPPO,99,T,"June 2026, current reward",7,-4292.070233891426,663.0110792914265,3591.0,1.9341546000000003,36.125,201.8318396398529,201.3483009898529,0.13181367690782952,0.0,0.13181367690782952,0.13181367690782952,0.08126858275520317,102,9.704658077304263,133,6983.677244222133,6983.677244222132,1.0,170.22
main,v040,LOLO-nes-f2,secondary,LOLO,nested,2,A,IPPO|ippo_nr_seed99,IPPO,99,T,"June 2026, current reward",8,-508.2588291709485,399.18297997094845,108.0,0.0758492,1.0,206.76385651316986,206.74489421316986,0.003964321110009911,0.0,0.003964321110009911,0.003964321110009911,0.0019821605550049554,4,0.3805748265609515,4,6983.677244222132,6983.677244222132,1.0,170.22
main,v040,LOLO-nes-f2,secondary,LOLO,nested,2,A,IPPO|ippo_nr_seed99,IPPO,99,T,"June 2026, current reward",9,-458.96443054184465,80.96443054184468,378.0,0.0,0.0,207.46463471200627,207.46463471200627,0.013875123885034688,0.013875123885034688,0.0,0.013875123885034688,0.0,0,0.0,14,32.11616248022194,158.24556367822564,1.0,170.22
