tag,twin,world,tier,protocol,config,fold,experiment,ckpt_id,family,seed,cohorts,source,cluster,reward,energy_penalty,qos_penalty,switch_penalty,cooldown_penalty,energy_wh,energy_wh_steady,qos_violation_rate,delay_violation_rate,loss_violation_rate,qscore_below_tau_rate,usr_share,switches,switches_per_cluster_day,n_budget_violations,severity_mean,severity_max,q_shortfall_mean,seconds
main,v040,LOSO-nes-f4,secondary,LOSO,nested,4,B,IPPO|wcnc2027_ablation/ippo_seed1,IPPO,1,R,wcnc2027_ablation 2026-09-14,all,-5049.338473771228,4320.769315371228,702.0,3.9441584,22.625,1971.4810279756248,1970.4949883756249,0.002576808721506442,0.0014866204162537165,0.0014866204162537165,0.002576808721506442,0.08067393458870169,207,1.9694747274529236,26,27360.080506463597,165518.91571056363,1.0,0.55
main,v040,LOSO-nes-f4,secondary,LOSO,nested,4,B,IPPO|wcnc2027_ablation/ippo_seed1,IPPO,1,R,wcnc2027_ablation 2026-09-14,0,-834.2856207063946,802.7392041063946,27.0,0.7964165999999999,3.75,177.08430069754235,176.8851965475423,0.0009910802775024777,0.0,0.0009910802775024777,0.0009910802775024777,0.2358771060455897,41,3.9008919722497524,1,1.4152122961877123,1.4152122961877123,1.0,0.55
main,v040,LOSO-nes-f4,secondary,LOSO,nested,4,B,IPPO|wcnc2027_ablation/ippo_seed1,IPPO,1,R,wcnc2027_ablation 2026-09-14,1,-508.1231430841996,475.02757568419963,27.0,0.7205674,5.375,193.3000491922897,193.1199073422897,0.0009910802775024777,0.0,0.0009910802775024777,0.0009910802775024777,0.10307234886025768,38,3.615460852329039,1,1.4152122961877123,1.4152122961877123,1.0,0.55
main,v040,LOSO-nes-f4,secondary,LOSO,nested,4,B,IPPO|wcnc2027_ablation/ippo_seed1,IPPO,1,R,wcnc2027_ablation 2026-09-14,2,-284.9985711009401,284.9985711009401,0.0,0.0,0.0,206.8379829505226,206.8379829505226,0.0,0.0,0.0,0.0,0.0,0,0.0,0,0.0,0.0,0.0,0.55
main,v040,LOSO-nes-f4,secondary,LOSO,nested,4,B,IPPO|wcnc2027_ablation/ippo_seed1,IPPO,1,R,wcnc2027_ablation 2026-09-14,3,-164.66458906754454,137.66458906754454,27.0,0.0,0.0,207.02094994347823,207.02094994347823,0.0009910802775024777,0.0009910802775024777,0.0,0.0009910802775024777,0.0,0,0.0,1,1.8444179821527968,1.8444179821527968,1.0,0.55
main,v040,LOSO-nes-f4,secondary,LOSO,nested,4,B,IPPO|wcnc2027_ablation/ippo_seed1,IPPO,1,R,wcnc2027_ablation 2026-09-14,4,-644.2172819075962,561.7242621075962,81.0,0.4930198,1.0,187.32698939488617,187.20373444488615,0.002973240832507433,0.0,0.002973240832507433,0.002973240832507433,0.14271555996035679,26,2.4737363726461843,3,1.4152122961877123,1.4152122961877123,1.0,0.55
main,v040,LOSO-nes-f4,secondary,LOSO,nested,4,B,IPPO|wcnc2027_ablation/ippo_seed1,IPPO,1,R,wcnc2027_ablation 2026-09-14,5,-400.16180057569807,371.9834037756981,27.0,0.30339679999999997,0.875,201.4945861556394,201.41873695563942,0.0009910802775024777,0.0,0.0009910802775024777,0.0009910802775024777,0.05252725470763132,16,1.522299306243806,1,1.4152122961877123,1.4152122961877123,1.0,0.55
main,v040,LOSO-nes-f4,secondary,LOSO,nested,4,B,IPPO|wcnc2027_ablation/ippo_seed1,IPPO,1,R,wcnc2027_ablation 2026-09-14,6,-691.9497058279467,631.0395154279468,54.0,0.9101904000000001,6.0,188.8395399115027,188.6119923115027,0.0019821605550049554,0.0,0.0019821605550049554,0.0019821605550049554,0.15758176412289396,48,4.566897918731417,2,62.955020173740934,124.49482805129415,1.0,0.55
main,v040,LOSO-nes-f4,secondary,LOSO,nested,4,B,IPPO|wcnc2027_ablation/ippo_seed1,IPPO,1,R,wcnc2027_ablation 2026-09-14,7,-632.3418448474229,572.9471266474229,54.0,0.6447182,4.75,193.45085828552794,193.2896787355279,0.0019821605550049554,0.0,0.0019821605550049554,0.0019821605550049554,0.11199207135777998,34,3.2348860257680876,2,1.4152122961877123,1.4152122961877123,1.0,0.55
main,v040,LOSO-nes-f4,secondary,LOSO,nested,4,B,IPPO|wcnc2027_ablation/ippo_seed1,IPPO,1,R,wcnc2027_ablation 2026-09-14,8,-401.6059243799335,401.6059243799335,0.0,0.0,0.0,206.7979347424846,206.7979347424846,0.0,0.0,0.0,0.0,0.0,0,0.0,0,0.0,0.0,0.0,0.55
main,v040,LOSO-nes-f4,secondary,LOSO,nested,4,B,IPPO|wcnc2027_ablation/ippo_seed1,IPPO,1,R,wcnc2027_ablation 2026-09-14,9,-486.98999227355114,81.03914307355116,405.0,0.0758492,0.875,209.32783670175132,209.30887440175132,0.014866204162537165,0.013875123885034688,0.004955401387512388,0.014866204162537165,0.002973240832507433,4,0.3805748265609515,15,47414.86780075696,165518.91571056363,1.0,0.55
main,v040,LOSO-nes-f4,secondary,LOSO,nested,4,B,IPPO|wcnc2027_ablation/ippo_seed7,IPPO,7,R,wcnc2027_ablation 2026-09-14,all,-5095.108411178556,4384.039252778556,675.0,3.9441584,32.125,1972.1661958648333,1971.1801562648334,0.002576808721506442,0.0014866204162537165,0.0009910802775024777,0.002477700693756194,0.07809712586719525,207,1.9694747274529236,25,9.251927781330537,64.86442239359408,1.0,0.55
main,v040,LOSO-nes-f4,secondary,LOSO,nested,4,B,IPPO|wcnc2027_ablation/ippo_seed7,IPPO,7,R,wcnc2027_ablation 2026-09-14,0,-855.9123458460081,798.9797030460079,54.0,0.6826428,2.25,176.58577392410967,176.4151132241097,0.0019821605550049554,0.0,0.0019821605550049554,0.0019821605550049554,0.24777006937561943,35,3.3300297324083252,2,1.4152122961877123,1.4152122961877123,1.0,0.55
main,v040,LOSO-nes-f4,secondary,LOSO,nested,4,B,IPPO|wcnc2027_ablation/ippo_seed7,IPPO,7,R,wcnc2027_ablation 2026-09-14,1,-500.1697945742276,458.02083037422756,27.0,1.0239642,14.125,191.44775027432192,191.1917592243219,0.0009910802775024777,0.0,0.0009910802775024777,0.0009910802775024777,0.12289395441030723,54,5.137760158572845,1,1.4152122961877123,1.4152122961877123,1.0,0.55
main,v040,LOSO-nes-f4,secondary,LOSO,nested,4,B,IPPO|wcnc2027_ablation/ippo_seed7,IPPO,7,R,wcnc2027_ablation 2026-09-14,2,-284.9985711009401,284.9985711009401,0.0,0.0,0.0,206.8379829505226,206.8379829505226,0.0,0.0,0.0,0.0,0.0,0,0.0,0,0.0,0.0,0.0,0.55
main,v040,LOSO-nes-f4,secondary,LOSO,nested,4,B,IPPO|wcnc2027_ablation/ippo_seed7,IPPO,7,R,wcnc2027_ablation 2026-09-14,3,-164.66458906754454,137.66458906754454,27.0,0.0,0.0,207.02094994347823,207.02094994347823,0.0009910802775024777,0.0009910802775024777,0.0,0.0009910802775024777,0.0,0,0.0,1,1.8444179821527968,1.8444179821527968,1.0,0.55
main,v040,LOSO-nes-f4,secondary,LOSO,nested,4,B,IPPO|wcnc2027_ablation/ippo_seed7,IPPO,7,R,wcnc2027_ablation 2026-09-14,4,-615.8663253444447,560.3733055444446,54.0,0.4930198,1.0,187.14650370418516,187.02324875418518,0.0019821605550049554,0.0,0.0019821605550049554,0.0019821605550049554,0.14469772051536176,26,2.4737363726461843,2,1.4152122961877123,1.4152122961877123,1.0,0.55
main,v040,LOSO-nes-f4,secondary,LOSO,nested,4,B,IPPO|wcnc2027_ablation/ippo_seed7,IPPO,7,R,wcnc2027_ablation 2026-09-14,5,-427.2622829768317,398.78473537683175,27.0,0.22754760000000002,1.25,203.6610153955914,203.6041284955914,0.0009910802775024777,0.0,0.0009910802775024777,0.0009910802775024777,0.02973240832507433,12,1.1417244796828543,1,1.4152122961877123,1.4152122961877123,1.0,0.55
main,v040,LOSO-nes-f4,secondary,LOSO,nested,4,B,IPPO|wcnc2027_ablation/ippo_seed7,IPPO,7,R,wcnc2027_ablation 2026-09-14,6,-718.1814025364392,709.3849859364391,0.0,0.7964166,8.0,194.4252970248597,194.2261928748597,0.0,0.0,0.0,0.0,0.08721506442021804,42,3.9960356788899905,0,0.0,0.0,0.0,0.55
main,v040,LOSO-nes-f4,secondary,LOSO,nested,4,B,IPPO|wcnc2027_ablation/ippo_seed7,IPPO,7,R,wcnc2027_ablation 2026-09-14,7,-667.5617828937219,553.3412154937218,108.0,0.7205674,5.5,190.93199233161877,190.75185048161876,0.004955401387512388,0.0,0.003964321110009911,0.003964321110009911,0.14866204162537167,38,3.615460852329039,4,1.4152122961877123,1.4152122961877123,1.0,0.55
main,v040,LOSO-nes-f4,secondary,LOSO,nested,4,B,IPPO|wcnc2027_ablation/ippo_seed7,IPPO,7,R,wcnc2027_ablation 2026-09-14,8,-401.6059243799335,401.6059243799335,0.0,0.0,0.0,206.7979347424846,206.7979347424846,0.0,0.0,0.0,0.0,0.0,0,0.0,0,0.0,0.0,0.0,0.55
main,v040,LOSO-nes-f4,secondary,LOSO,nested,4,B,IPPO|wcnc2027_ablation/ippo_seed7,IPPO,7,R,wcnc2027_ablation 2026-09-14,9,-458.8853924584648,80.88539245846486,378.0,0.0,0.0,207.31099557366122,207.31099557366122,0.013875123885034688,0.013875123885034688,0.0,0.013875123885034688,0.0,0,0.0,14,15.378689542088106,64.86442239359408,1.0,0.55
main,v040,LOSO-nes-f4,secondary,LOSO,nested,4,B,IPPO|wcnc2027_ablation/ippo_seed13,IPPO,13,R,wcnc2027_ablation 2026-09-14,all,-5044.972273381541,4371.4073609815405,648.0,3.5649124,22.0,1973.3100918509697,1972.4188637509696,0.0023785926660059467,0.0014866204162537165,0.00089197224975223,0.0023785926660059467,0.07581764122893954,187,1.779187314172448,24,9.578457593211484,64.86442239359408,1.0,0.57
main,v040,LOSO-nes-f4,secondary,LOSO,nested,4,B,IPPO|wcnc2027_ablation/ippo_seed13,IPPO,13,R,wcnc2027_ablation 2026-09-14,0,-908.8306127921811,798.3108945921811,108.0,0.6447182,1.875,176.57731477056586,176.41613522056588,0.003964321110009911,0.0,0.003964321110009911,0.003964321110009911,0.2537165510406343,33,3.1397423191278495,4,1.4152122961877123,1.4152122961877123,1.0,0.57
main,v040,LOSO-nes-f4,secondary,LOSO,nested,4,B,IPPO|wcnc2027_ablation/ippo_seed13,IPPO,13,R,wcnc2027_ablation 2026-09-14,1,-495.62806670071114,465.39627310071114,27.0,0.6067936,2.625,192.0975984096234,191.94590000962341,0.0009910802775024777,0.0,0.0009910802775024777,0.0009910802775024777,0.11793855302279485,32,3.044598612487612,1,1.4152122961877123,1.4152122961877123,1.0,0.57
main,v040,LOSO-nes-f4,secondary,LOSO,nested,4,B,IPPO|wcnc2027_ablation/ippo_seed13,IPPO,13,R,wcnc2027_ablation 2026-09-14,2,-284.9985711009401,284.9985711009401,0.0,0.0,0.0,206.8379829505226,206.8379829505226,0.0,0.0,0.0,0.0,0.0,0,0.0,0,0.0,0.0,0.0,0.57
main,v040,LOSO-nes-f4,secondary,LOSO,nested,4,B,IPPO|wcnc2027_ablation/ippo_seed13,IPPO,13,R,wcnc2027_ablation 2026-09-14,3,-164.66458906754454,137.66458906754454,27.0,0.0,0.0,207.02094994347823,207.02094994347823,0.0009910802775024777,0.0009910802775024777,0.0,0.0009910802775024777,0.0,0,0.0,1,1.8444179821527968,1.8444179821527968,1.0,0.57
main,v040,LOSO-nes-f4,secondary,LOSO,nested,4,B,IPPO|wcnc2027_ablation/ippo_seed13,IPPO,13,R,wcnc2027_ablation 2026-09-14,4,-615.5820767348172,556.3994339348171,54.0,0.6826428,4.5,187.33620437959382,187.16554367959384,0.0019821605550049554,0.0,0.0019821605550049554,0.0019821605550049554,0.13974231912784935,36,3.4251734390485633,2,1.4152122961877123,1.4152122961877123,1.0,0.57
main,v040,LOSO-nes-f4,secondary,LOSO,nested,4,B,IPPO|wcnc2027_ablation/ippo_seed13,IPPO,13,R,wcnc2027_ablation 2026-09-14,5,-407.6965338646088,405.4689862646088,0.0,0.2275476,2.0,204.1708464884046,204.11395958840458,0.0,0.0,0.0,0.0,0.02180376610505451,12,1.1417244796828543,0,0.0,0.0,0.0,0.57
main,v040,LOSO-nes-f4,secondary,LOSO,nested,4,B,IPPO|wcnc2027_ablation/ippo_seed13,IPPO,13,R,wcnc2027_ablation 2026-09-14,6,-676.6108120393831,669.227320039383,0.0,0.7584919999999999,6.625,191.58338765576104,191.3937646557611,0.0,0.0,0.0,0.0,0.1159563924677899,40,3.8057482656095147,0,0.0,0.0,0.0,0.57
main,v040,LOSO-nes-f4,secondary,LOSO,nested,4,B,IPPO|wcnc2027_ablation/ippo_seed13,IPPO,13,R,wcnc2027_ablation 2026-09-14,7,-635.2212158818462,576.6144222818461,54.0,0.6067936,4.0,193.89158565720146,193.73988725720145,0.0019821605550049554,0.0,0.0019821605550049554,0.0019821605550049554,0.10703666997026759,32,3.044598612487612,2,1.4152122961877123,1.4152122961877123,1.0,0.57
main,v040,LOSO-nes-f4,secondary,LOSO,nested,4,B,IPPO|wcnc2027_ablation/ippo_seed13,IPPO,13,R,wcnc2027_ablation 2026-09-14,8,-396.8544027410438,396.44147814104383,0.0,0.0379246,0.375,206.4832260221575,206.4737448721575,0.0,0.0,0.0,0.0,0.0019821605550049554,2,0.19028741328047574,0,0.0,0.0,0.0,0.57
main,v040,LOSO-nes-f4,secondary,LOSO,nested,4,B,IPPO|wcnc2027_ablation/ippo_seed13,IPPO,13,R,wcnc2027_ablation 2026-09-14,9,-458.8853924584648,80.88539245846486,378.0,0.0,0.0,207.31099557366122,207.31099557366122,0.013875123885034688,0.013875123885034688,0.0,0.013875123885034688,0.0,0,0.0,14,15.378689542088106,64.86442239359408,1.0,0.57
main,v040,LOSO-nes-f4,secondary,LOSO,nested,4,B,IPPO|wcnc2027_ablation/ippo_seed23,IPPO,23,R,wcnc2027_ablation 2026-09-14,all,-5102.1858786929715,4285.123700492971,783.0,4.4371782,29.625,1962.8523596292794,1961.7430650792794,0.002973240832507433,0.0014866204162537165,0.0013875123885034688,0.0028741328047571855,0.088800792864222,233,2.216848364717542,29,16.64236688924581,124.49482805129415,1.0,0.57
main,v040,LOSO-nes-f4,secondary,LOSO,nested,4,B,IPPO|wcnc2027_ablation/ippo_seed23,IPPO,23,R,wcnc2027_ablation 2026-09-14,0,-837.3988556423399,769.0447962423399,54.0,1.4790594000000001,12.875,173.05152755906062,172.68176270906065,0.0019821605550049554,0.0,0.0019821605550049554,0.0019821605550049554,0.29137760158572845,77,7.326065411298315,2,1.4152122961877123,1.4152122961877123,1.0,0.57
main,v040,LOSO-nes-f4,secondary,LOSO,nested,4,B,IPPO|wcnc2027_ablation/ippo_seed23,IPPO,23,R,wcnc2027_ablation 2026-09-14,1,-493.2611762730856,463.6923072730856,27.0,0.5688690000000001,2.0,192.0175161005194,191.8752988505194,0.0009910802775024777,0.0,0.0009910802775024777,0.0009910802775024777,0.11793855302279485,30,2.8543111992071357,1,1.4152122961877123,1.4152122961877123,1.0,0.57
main,v040,LOSO-nes-f4,secondary,LOSO,nested,4,B,IPPO|wcnc2027_ablation/ippo_seed23,IPPO,23,R,wcnc2027_ablation 2026-09-14,2,-284.9985711009401,284.9985711009401,0.0,0.0,0.0,206.8379829505226,206.8379829505226,0.0,0.0,0.0,0.0,0.0,0,0.0,0,0.0,0.0,0.0,0.57
main,v040,LOSO-nes-f4,secondary,LOSO,nested,4,B,IPPO|wcnc2027_ablation/ippo_seed23,IPPO,23,R,wcnc2027_ablation 2026-09-14,3,-164.66458906754454,137.66458906754454,27.0,0.0,0.0,207.02094994347823,207.02094994347823,0.0009910802775024777,0.0009910802775024777,0.0,0.0009910802775024777,0.0,0,0.0,1,1.8444179821527968,1.8444179821527968,1.0,0.57
main,v040,LOSO-nes-f4,secondary,LOSO,nested,4,B,IPPO|wcnc2027_ablation/ippo_seed23,IPPO,23,R,wcnc2027_ablation 2026-09-14,4,-645.1190059561144,562.5009861561144,81.0,0.4930198,1.125,187.4231590023537,187.2999040523537,0.002973240832507433,0.0,0.002973240832507433,0.002973240832507433,0.14469772051536176,26,2.4737363726461843,3,1.4152122961877123,1.4152122961877123,1.0,0.57
main,v040,LOSO-nes-f4,secondary,LOSO,nested,4,B,IPPO|wcnc2027_ablation/ippo_seed23,IPPO,23,R,wcnc2027_ablation 2026-09-14,5,-386.7652421627557,386.2006191627557,0.0,0.18962299999999999,0.375,202.61853408574285,202.57112833574286,0.0,0.0,0.0,0.0,0.036669970267591674,10,0.9514370664023787,0,0.0,0.0,0.0,0.57
main,v040,LOSO-nes-f4,secondary,LOSO,nested,4,B,IPPO|wcnc2027_ablation/ippo_seed23,IPPO,23,R,wcnc2027_ablation 2026-09-14,6,-741.049744694544,652.6395542945438,81.0,0.9101904000000001,6.5,189.40056724217874,189.17301964217876,0.002973240832507433,0.0,0.002973240832507433,0.002973240832507433,0.1466798810703667,48,4.566897918731417,3,83.30507765289248,124.49482805129415,1.0,0.57
main,v040,LOSO-nes-f4,secondary,LOSO,nested,4,B,IPPO|wcnc2027_ablation/ippo_seed23,IPPO,23,R,wcnc2027_ablation 2026-09-14,7,-693.8823293398267,552.2867619398266,135.0,0.7205674,5.875,190.79368766353872,190.61354581353874,0.005946481665014866,0.0,0.004955401387512388,0.004955401387512388,0.14767096134786917,38,3.615460852329039,5,1.4152122961877123,1.4152122961877123,1.0,0.57
main,v040,LOSO-nes-f4,secondary,LOSO,nested,4,B,IPPO|wcnc2027_ablation/ippo_seed23,IPPO,23,R,wcnc2027_ablation 2026-09-14,8,-396.1609719973555,395.2101227973555,0.0,0.0758492,0.875,206.37743950822318,206.35847720822315,0.0,0.0,0.0,0.0,0.002973240832507433,4,0.3805748265609515,0,0.0,0.0,0.0,0.57
main,v040,LOSO-nes-f4,secondary,LOSO,nested,4,B,IPPO|wcnc2027_ablation/ippo_seed23,IPPO,23,R,wcnc2027_ablation 2026-09-14,9,-458.8853924584648,80.88539245846486,378.0,0.0,0.0,207.31099557366122,207.31099557366122,0.013875123885034688,0.013875123885034688,0.0,0.013875123885034688,0.0,0,0.0,14,15.378689542088106,64.86442239359408,1.0,0.57
main,v040,LOSO-nes-f4,secondary,LOSO,nested,4,B,IPPO|wcnc2027_ablation/ippo_seed42,IPPO,42,R,wcnc2027_ablation 2026-09-14,all,-4961.941674886377,4278.591572086376,648.0,4.4751028,30.875,1965.2385953600538,1964.1198196600537,0.0023785926660059467,0.0014866204162537165,0.00089197224975223,0.0023785926660059467,0.08414271555996036,234,2.226362735381566,24,14.686373439670144,124.00519261119555,1.0,0.54
main,v040,LOSO-nes-f4,secondary,LOSO,nested,4,B,IPPO|wcnc2027_ablation/ippo_seed42,IPPO,42,R,wcnc2027_ablation 2026-09-14,0,-825.5463986127664,789.1965852127664,27.0,1.0998134,8.25,175.42982980337172,175.1548764533717,0.0009910802775024777,0.0,0.0009910802775024777,0.0009910802775024777,0.2556987115956392,57,5.423191278493558,1,1.4152122961877123,1.4152122961877123,1.0,0.54
main,v040,LOSO-nes-f4,secondary,LOSO,nested,4,B,IPPO|wcnc2027_ablation/ippo_seed42,IPPO,42,R,wcnc2027_ablation 2026-09-14,1,-496.04946506199406,464.07889766199406,27.0,0.7205674,4.25,191.87572994276826,191.69558809276828,0.0009910802775024777,0.0,0.0009910802775024777,0.0009910802775024777,0.1199207135777998,38,3.615460852329039,1,1.4152122961877123,1.4152122961877123,1.0,0.54
main,v040,LOSO-nes-f4,secondary,LOSO,nested,4,B,IPPO|wcnc2027_ablation/ippo_seed42,IPPO,42,R,wcnc2027_ablation 2026-09-14,2,-284.9985711009401,284.9985711009401,0.0,0.0,0.0,206.8379829505226,206.8379829505226,0.0,0.0,0.0,0.0,0.0,0,0.0,0,0.0,0.0,0.0,0.54
main,v040,LOSO-nes-f4,secondary,LOSO,nested,4,B,IPPO|wcnc2027_ablation/ippo_seed42,IPPO,42,R,wcnc2027_ablation 2026-09-14,3,-164.66458906754454,137.66458906754454,27.0,0.0,0.0,207.02094994347823,207.02094994347823,0.0009910802775024777,0.0009910802775024777,0.0,0.0009910802775024777,0.0,0,0.0,1,1.8444179821527968,1.8444179821527968,1.0,0.54
main,v040,LOSO-nes-f4,secondary,LOSO,nested,4,B,IPPO|wcnc2027_ablation/ippo_seed42,IPPO,42,R,wcnc2027_ablation 2026-09-14,4,-614.3082749392993,559.2281797392993,54.0,0.45509520000000003,0.625,187.24141349622084,187.12763969622083,0.0019821605550049554,0.0,0.0019821605550049554,0.0019821605550049554,0.14271555996035679,24,2.2834489593657086,2,1.4152122961877123,1.4152122961877123,1.0,0.54
main,v040,LOSO-nes-f4,secondary,LOSO,nested,4,B,IPPO|wcnc2027_ablation/ippo_seed42,IPPO,42,R,wcnc2027_ablation 2026-09-14,5,-398.42651274316927,369.99811594316924,27.0,0.30339679999999997,1.125,201.12880612561867,201.05295692561867,0.0009910802775024777,0.0,0.0009910802775024777,0.0009910802775024777,0.05153617443012884,16,1.522299306243806,1,1.4152122961877123,1.4152122961877123,1.0,0.54
main,v040,LOSO-nes-f4,secondary,LOSO,nested,4,B,IPPO|wcnc2027_ablation/ippo_seed42,IPPO,42,R,wcnc2027_ablation 2026-09-14,6,-706.6134741719168,640.2636607719169,54.0,1.0998134,11.25,190.08479236669461,189.8098390166946,0.0019821605550049554,0.0,0.0019821605550049554,0.0019821605550049554,0.13676907829534193,57,5.423191278493558,2,62.710202453691636,124.00519261119555,1.0,0.54
main,v040,LOSO-nes-f4,secondary,LOSO,nested,4,B,IPPO|wcnc2027_ablation/ippo_seed42,IPPO,42,R,wcnc2027_ablation 2026-09-14,7,-628.3313232232181,570.5503788232181,54.0,0.5309444,3.25,193.10330011002821,192.97056401002823,0.0019821605550049554,0.0,0.0019821605550049554,0.0019821605550049554,0.11496531219028741,28,2.66402378592666,2,1.4152122961877123,1.4152122961877123,1.0,0.54
main,v040,LOSO-nes-f4,secondary,LOSO,nested,4,B,IPPO|wcnc2027_ablation/ippo_seed42,IPPO,42,R,wcnc2027_ablation 2026-09-14,8,-384.11767350706305,381.72720130706307,0.0,0.26547220000000005,2.125,205.20479504768923,205.13842699768924,0.0,0.0,0.0,0.0,0.019821605550049554,14,1.33201189296333,0,0.0,0.0,0.0,0.54
main,v040,LOSO-nes-f4,secondary,LOSO,nested,4,B,IPPO|wcnc2027_ablation/ippo_seed42,IPPO,42,R,wcnc2027_ablation 2026-09-14,9,-458.8853924584648,80.88539245846486,378.0,0.0,0.0,207.31099557366122,207.31099557366122,0.013875123885034688,0.013875123885034688,0.0,0.013875123885034688,0.0,0,0.0,14,15.378689542088106,64.86442239359408,1.0,0.54
main,v040,LOSO-nes-f4,secondary,LOSO,nested,4,B,IPPO|wcnc2027_ablation/ippo_seed64,IPPO,64,R,wcnc2027_ablation 2026-09-14,all,-5068.337331512385,4448.1853437123855,594.0,3.5269878,22.625,1979.4786058023078,1978.5968588523076,0.002180376610505451,0.0014866204162537165,0.0006937561942517344,0.002180376610505451,0.06858275520317146,185,1.7601585728444005,22,10.320570802031831,64.86442239359408,1.0,0.54
main,v040,LOSO-nes-f4,secondary,LOSO,nested,4,B,IPPO|wcnc2027_ablation/ippo_seed64,IPPO,64,R,wcnc2027_ablation 2026-09-14,0,-832.8070122130312,800.7605956130312,27.0,0.7964166,4.25,176.87965160423954,176.68054745423953,0.0009910802775024777,0.0,0.0009910802775024777,0.0009910802775024777,0.23686818632309217,41,3.9008919722497524,1,1.4152122961877123,1.4152122961877123,1.0,0.54
main,v040,LOSO-nes-f4,secondary,LOSO,nested,4,B,IPPO|wcnc2027_ablation/ippo_seed64,IPPO,64,R,wcnc2027_ablation 2026-09-14,1,-508.02913274670465,477.4223391467046,27.0,0.6067936,3.0,193.36055960335744,193.20886120335746,0.0009910802775024777,0.0,0.0009910802775024777,0.0009910802775024777,0.10604558969276512,32,3.044598612487612,1,1.4152122961877123,1.4152122961877123,1.0,0.54
main,v040,LOSO-nes-f4,secondary,LOSO,nested,4,B,IPPO|wcnc2027_ablation/ippo_seed64,IPPO,64,R,wcnc2027_ablation 2026-09-14,2,-284.9985711009401,284.9985711009401,0.0,0.0,0.0,206.8379829505226,206.8379829505226,0.0,0.0,0.0,0.0,0.0,0,0.0,0,0.0,0.0,0.0,0.54
main,v040,LOSO-nes-f4,secondary,LOSO,nested,4,B,IPPO|wcnc2027_ablation/ippo_seed64,IPPO,64,R,wcnc2027_ablation 2026-09-14,3,-164.66458906754454,137.66458906754454,27.0,0.0,0.0,207.02094994347823,207.02094994347823,0.0009910802775024777,0.0009910802775024777,0.0,0.0009910802775024777,0.0,0,0.0,1,1.8444179821527968,1.8444179821527968,1.0,0.54
main,v040,LOSO-nes-f4,secondary,LOSO,nested,4,B,IPPO|wcnc2027_ablation/ippo_seed64,IPPO,64,R,wcnc2027_ablation 2026-09-14,4,-646.7517273389042,562.6828583389042,81.0,0.5688690000000001,2.5,187.692514592137,187.550297342137,0.002973240832507433,0.0,0.002973240832507433,0.002973240832507433,0.1377601585728444,30,2.8543111992071357,3,1.4152122961877123,1.4152122961877123,1.0,0.54
main,v040,LOSO-nes-f4,secondary,LOSO,nested,4,B,IPPO|wcnc2027_ablation/ippo_seed64,IPPO,64,R,wcnc2027_ablation 2026-09-14,5,-426.3736515676047,426.3357269676047,0.0,0.0379246,0.0,205.98977747990196,205.98029632990193,0.0,0.0,0.0,0.0,0.005946481665014866,2,0.19028741328047574,0,0.0,0.0,0.0,0.54
main,v040,LOSO-nes-f4,secondary,LOSO,nested,4,B,IPPO|wcnc2027_ablation/ippo_seed64,IPPO,64,R,wcnc2027_ablation 2026-09-14,6,-712.2085445075136,703.3742033075135,0.0,0.8343412,8.0,193.80344272736863,193.59485742736865,0.0,0.0,0.0,0.0,0.09415262636273539,44,4.186323092170466,0,0.0,0.0,0.0,0.54
main,v040,LOSO-nes-f4,secondary,LOSO,nested,4,B,IPPO|wcnc2027_ablation/ippo_seed64,IPPO,64,R,wcnc2027_ablation 2026-09-14,7,-641.7991851349318,584.0182407349319,54.0,0.5309444,3.25,194.6714455315045,194.5387094315045,0.0019821605550049554,0.0,0.0019821605550049554,0.0019821605550049554,0.0981169474727453,28,2.66402378592666,2,1.4152122961877123,1.4152122961877123,1.0,0.54
main,v040,LOSO-nes-f4,secondary,LOSO,nested,4,B,IPPO|wcnc2027_ablation/ippo_seed64,IPPO,64,R,wcnc2027_ablation 2026-09-14,8,-391.81952537674573,390.04282697674574,0.0,0.1516984,1.625,205.91128579613658,205.87336119613659,0.0,0.0,0.0,0.0,0.006937561942517344,8,0.761149653121903,0,0.0,0.0,0.0,0.54
main,v040,LOSO-nes-f4,secondary,LOSO,nested,4,B,IPPO|wcnc2027_ablation/ippo_seed64,IPPO,64,R,wcnc2027_ablation 2026-09-14,9,-458.8853924584648,80.88539245846486,378.0,0.0,0.0,207.31099557366122,207.31099557366122,0.013875123885034688,0.013875123885034688,0.0,0.013875123885034688,0.0,0,0.0,14,15.378689542088106,64.86442239359408,1.0,0.54
main,v040,LOSO-nes-f4,secondary,LOSO,nested,4,B,IPPO|wcnc2027_ablation/ippo_seed77,IPPO,77,R,wcnc2027_ablation 2026-09-14,all,-5082.548573878389,4298.066490878389,756.0,3.982083,24.5,1968.15848407795,1967.16296332795,0.0028741328047571855,0.0014866204162537165,0.0014866204162537165,0.0027750247770069376,0.08394449950445985,209,1.9885034687809713,28,15615.711212242071,165518.91571056363,1.0,0.57
main,v040,LOSO-nes-f4,secondary,LOSO,nested,4,B,IPPO|wcnc2027_ablation/ippo_seed77,IPPO,77,R,wcnc2027_ablation 2026-09-14,0,-851.4208200704659,794.3631772704659,54.0,0.6826428,2.375,176.32795027537213,176.15728957537215,0.0019821605550049554,0.0,0.0019821605550049554,0.0019821605550049554,0.25074331020812685,35,3.3300297324083252,2,1.4152122961877123,1.4152122961877123,1.0,0.57
main,v040,LOSO-nes-f4,secondary,LOSO,nested,4,B,IPPO|wcnc2027_ablation/ippo_seed77,IPPO,77,R,wcnc2027_ablation 2026-09-14,1,-495.00055678075597,464.7308385807559,27.0,0.6447182,2.625,191.97300885369242,191.81182930369243,0.0009910802775024777,0.0,0.0009910802775024777,0.0009910802775024777,0.12091179385530228,34,3.2348860257680876,1,1.4152122961877123,1.4152122961877123,1.0,0.57
main,v040,LOSO-nes-f4,secondary,LOSO,nested,4,B,IPPO|wcnc2027_ablation/ippo_seed77,IPPO,77,R,wcnc2027_ablation 2026-09-14,2,-284.9985711009401,284.9985711009401,0.0,0.0,0.0,206.8379829505226,206.8379829505226,0.0,0.0,0.0,0.0,0.0,0,0.0,0,0.0,0.0,0.0,0.57
main,v040,LOSO-nes-f4,secondary,LOSO,nested,4,B,IPPO|wcnc2027_ablation/ippo_seed77,IPPO,77,R,wcnc2027_ablation 2026-09-14,3,-164.66458906754454,137.66458906754454,27.0,0.0,0.0,207.02094994347823,207.02094994347823,0.0009910802775024777,0.0009910802775024777,0.0,0.0009910802775024777,0.0,0,0.0,1,1.8444179821527968,1.8444179821527968,1.0,0.57
main,v040,LOSO-nes-f4,secondary,LOSO,nested,4,B,IPPO|wcnc2027_ablation/ippo_seed77,IPPO,77,R,wcnc2027_ablation 2026-09-14,4,-641.1672359415074,557.8862915415075,81.0,0.5309444,1.75,187.06302590589786,186.93028980589787,0.002973240832507433,0.0,0.002973240832507433,0.002973240832507433,0.14767096134786917,28,2.66402378592666,3,1.4152122961877123,1.4152122961877123,1.0,0.57
main,v040,LOSO-nes-f4,secondary,LOSO,nested,4,B,IPPO|wcnc2027_ablation/ippo_seed77,IPPO,77,R,wcnc2027_ablation 2026-09-14,5,-403.0323176627395,374.4789208627395,27.0,0.3033968,1.25,201.63485737790862,201.55900817790862,0.0009910802775024777,0.0,0.0009910802775024777,0.0009910802775024777,0.04658077304261645,16,1.522299306243806,1,1.4152122961877123,1.4152122961877123,1.0,0.57
main,v040,LOSO-nes-f4,secondary,LOSO,nested,4,B,IPPO|wcnc2027_ablation/ippo_seed77,IPPO,77,R,wcnc2027_ablation 2026-09-14,6,-726.360835790042,637.7006453900419,81.0,0.9101904000000001,6.75,189.3986590937575,189.17111149375748,0.002973240832507433,0.0,0.002973240832507433,0.002973240832507433,0.1466798810703667,48,4.566897918731417,3,83.30507765289248,124.49482805129415,1.0,0.57
main,v040,LOSO-nes-f4,secondary,LOSO,nested,4,B,IPPO|wcnc2027_ablation/ippo_seed77,IPPO,77,R,wcnc2027_ablation 2026-09-14,7,-627.8977383378358,563.6504725378358,54.0,0.8722658000000001,9.375,192.43943651202653,192.2213700620265,0.002973240832507433,0.0,0.0019821605550049554,0.0019821605550049554,0.12487611496531219,46,4.376610505450942,2,1.4152122961877123,1.4152122961877123,1.0,0.57
main,v040,LOSO-nes-f4,secondary,LOSO,nested,4,B,IPPO|wcnc2027_ablation/ippo_seed77,IPPO,77,R,wcnc2027_ablation 2026-09-14,8,-401.6059243799335,401.6059243799335,0.0,0.0,0.0,206.7979347424846,206.7979347424846,0.0,0.0,0.0,0.0,0.0,0,0.0,0,0.0,0.0,0.0,0.57
main,v040,LOSO-nes-f4,secondary,LOSO,nested,4,B,IPPO|wcnc2027_ablation/ippo_seed77,IPPO,77,R,wcnc2027_ablation 2026-09-14,9,-486.3999847466249,80.98706014662491,405.0,0.0379246,0.375,208.66467842280957,208.65519727280957,0.014866204162537165,0.013875123885034688,0.002973240832507433,0.014866204162537165,0.0019821605550049554,2,0.19028741328047574,15,29131.694492078095,165518.91571056363,1.0,0.57
main,v040,LOSO-nes-f4,secondary,LOSO,nested,4,B,IPPO|wcnc2027_ablation/ippo_seed99,IPPO,99,R,wcnc2027_ablation 2026-09-14,all,-22336.575527954457,4558.749360766344,17749.487290588113,4.5888766,23.75,2388.5906516506107,2387.4434325006105,0.07006937561942517,0.0647175421209118,0.06382556987115956,0.06531219028741328,0.1550049554013875,241,2.2929633300297327,707,2100.446598121238,10867.305094603384,0.936189046638593,0.57
main,v040,LOSO-nes-f4,secondary,LOSO,nested,4,B,IPPO|wcnc2027_ablation/ippo_seed99,IPPO,99,R,wcnc2027_ablation 2026-09-14,0,-872.3347120808401,784.2236724808402,81.0,0.9860396,6.125,175.08621824805687,174.83970834805686,0.002973240832507433,0.0,0.002973240832507433,0.002973240832507433,0.26858275520317143,51,4.852329038652131,3,1.4152122961877123,1.4152122961877123,1.0,0.57
main,v040,LOSO-nes-f4,secondary,LOSO,nested,4,B,IPPO|wcnc2027_ablation/ippo_seed99,IPPO,99,R,wcnc2027_ablation 2026-09-14,1,-499.3249249724647,469.09313137246465,27.0,0.6067936,2.625,192.4729349003877,192.32123650038773,0.0009910802775024777,0.0,0.0009910802775024777,0.0009910802775024777,0.1159563924677899,32,3.044598612487612,1,1.4152122961877123,1.4152122961877123,1.0,0.57
main,v040,LOSO-nes-f4,secondary,LOSO,nested,4,B,IPPO|wcnc2027_ablation/ippo_seed99,IPPO,99,R,wcnc2027_ablation 2026-09-14,2,-284.9985711009401,284.9985711009401,0.0,0.0,0.0,206.8379829505226,206.8379829505226,0.0,0.0,0.0,0.0,0.0,0,0.0,0,0.0,0.0,0.0,0.57
main,v040,LOSO-nes-f4,secondary,LOSO,nested,4,B,IPPO|wcnc2027_ablation/ippo_seed99,IPPO,99,R,wcnc2027_ablation 2026-09-14,3,-17437.571335838442,389.4393270503292,17047.487290588113,0.6447182,0.0,627.4087485419063,627.2475689919063,0.6749256689791873,0.6333002973240832,0.626362735381566,0.6273538156590683,0.7324083250743311,34,3.2348860257680876,681,2179.938019198974,10867.305094603384,0.933752798786322,0.57
main,v040,LOSO-nes-f4,secondary,LOSO,nested,4,B,IPPO|wcnc2027_ablation/ippo_seed99,IPPO,99,R,wcnc2027_ablation 2026-09-14,4,-639.0694468483032,554.750577848303,81.0,0.5688690000000001,2.75,186.99039709233926,186.84817984233928,0.002973240832507433,0.0,0.002973240832507433,0.002973240832507433,0.14568880079286423,30,2.8543111992071357,3,1.4152122961877123,1.4152122961877123,1.0,0.57
main,v040,LOSO-nes-f4,secondary,LOSO,nested,4,B,IPPO|wcnc2027_ablation/ippo_seed99,IPPO,99,R,wcnc2027_ablation 2026-09-14,5,-376.8717620548832,376.14421445488324,0.0,0.22754760000000002,0.5,201.77016002011405,201.71327312011402,0.0,0.0,0.0,0.0,0.04162537165510406,12,1.1417244796828543,0,0.0,0.0,0.0,0.57
main,v040,LOSO-nes-f4,secondary,LOSO,nested,4,B,IPPO|wcnc2027_ablation/ippo_seed99,IPPO,99,R,wcnc2027_ablation 2026-09-14,6,-727.2124769948348,638.9652111948349,81.0,0.8722658000000001,6.375,189.57275711070446,189.35469066070448,0.002973240832507433,0.0,0.002973240832507433,0.002973240832507433,0.14469772051536176,46,4.376610505450942,3,83.30507765289248,124.49482805129415,1.0,0.57
main,v040,LOSO-nes-f4,secondary,LOSO,nested,4,B,IPPO|wcnc2027_ablation/ippo_seed99,IPPO,99,R,wcnc2027_ablation 2026-09-14,7,-644.1790015285906,584.4092833285906,54.0,0.6447182,5.125,194.745838165991,194.58465861599097,0.0019821605550049554,0.0,0.0019821605550049554,0.0019821605550049554,0.0981169474727453,34,3.2348860257680876,2,1.4152122961877123,1.4152122961877123,1.0,0.57
main,v040,LOSO-nes-f4,secondary,LOSO,nested,4,B,IPPO|wcnc2027_ablation/ippo_seed99,IPPO,99,R,wcnc2027_ablation 2026-09-14,8,-396.1279040766931,395.8399794766931,0.0,0.0379246,0.25,206.39461904692735,206.38513789692735,0.0,0.0,0.0,0.0,0.002973240832507433,2,0.19028741328047574,0,0.0,0.0,0.0,0.57
main,v040,LOSO-nes-f4,secondary,LOSO,nested,4,B,IPPO|wcnc2027_ablation/ippo_seed99,IPPO,99,R,wcnc2027_ablation 2026-09-14,9,-458.8853924584648,80.88539245846486,378.0,0.0,0.0,207.31099557366122,207.31099557366122,0.013875123885034688,0.013875123885034688,0.0,0.013875123885034688,0.0,0,0.0,14,15.378689542088106,64.86442239359408,1.0,0.57
main,v040,LOSO-nes-f4,secondary,LOSO,nested,4,B,IPPO|ppo_single_site_ensemble_seed1_20260517T110907,IPPO,1,P,"May 2026, pre-781c90c reward",all,-4964.41276541202,4348.272003812021,594.0,3.6407616000000003,18.5,1972.8095985094396,1971.8994081094397,0.002180376610505451,0.0014866204162537165,0.0006937561942517344,0.002180376610505451,0.07621407333994054,191,1.8172447968285435,22,15.9150987909003,124.49482805129415,1.0,0.58
main,v040,LOSO-nes-f4,secondary,LOSO,nested,4,B,IPPO|ppo_single_site_ensemble_seed1_20260517T110907,IPPO,1,P,"May 2026, pre-781c90c reward",0,-860.1152152738027,803.6825724738027,54.0,0.6826428,1.75,177.13952332910708,176.9688626291071,0.0019821605550049554,0.0,0.0019821605550049554,0.0019821605550049554,0.244796828543112,35,3.3300297324083252,2,1.4152122961877123,1.4152122961877123,1.0,0.58
main,v040,LOSO-nes-f4,secondary,LOSO,nested,4,B,IPPO|ppo_single_site_ensemble_seed1_20260517T110907,IPPO,1,P,"May 2026, pre-781c90c reward",1,-509.01850596273573,478.78671236273567,27.0,0.6067936,2.625,193.54981030417986,193.39811190417987,0.0009910802775024777,0.0,0.0009910802775024777,0.0009910802775024777,0.10307234886025768,32,3.044598612487612,1,1.4152122961877123,1.4152122961877123,1.0,0.58
main,v040,LOSO-nes-f4,secondary,LOSO,nested,4,B,IPPO|ppo_single_site_ensemble_seed1_20260517T110907,IPPO,1,P,"May 2026, pre-781c90c reward",2,-284.9985711009401,284.9985711009401,0.0,0.0,0.0,206.8379829505226,206.8379829505226,0.0,0.0,0.0,0.0,0.0,0,0.0,0,0.0,0.0,0.0,0.58
main,v040,LOSO-nes-f4,secondary,LOSO,nested,4,B,IPPO|ppo_single_site_ensemble_seed1_20260517T110907,IPPO,1,P,"May 2026, pre-781c90c reward",3,-164.66458906754454,137.66458906754454,27.0,0.0,0.0,207.02094994347823,207.02094994347823,0.0009910802775024777,0.0009910802775024777,0.0,0.0009910802775024777,0.0,0,0.0,1,1.8444179821527968,1.8444179821527968,1.0,0.58
main,v040,LOSO-nes-f4,secondary,LOSO,nested,4,B,IPPO|ppo_single_site_ensemble_seed1_20260517T110907,IPPO,1,P,"May 2026, pre-781c90c reward",4,-601.425000675461,571.9811316754609,27.0,0.5688690000000001,1.875,188.62865679790139,188.4864395479014,0.0009910802775024777,0.0,0.0009910802775024777,0.0009910802775024777,0.1288404360753221,30,2.8543111992071357,1,1.4152122961877123,1.4152122961877123,1.0,0.58
main,v040,LOSO-nes-f4,secondary,LOSO,nested,4,B,IPPO|ppo_single_site_ensemble_seed1_20260517T110907,IPPO,1,P,"May 2026, pre-781c90c reward",5,-387.2190501568375,386.5294271568375,0.0,0.18962299999999999,0.5,202.62456424033647,202.57715849033647,0.0,0.0,0.0,0.0,0.03468780971258672,10,0.9514370664023787,0,0.0,0.0,0.0,0.58
main,v040,LOSO-nes-f4,secondary,LOSO,nested,4,B,IPPO|ppo_single_site_ensemble_seed1_20260517T110907,IPPO,1,P,"May 2026, pre-781c90c reward",6,-670.4039776209779,635.4937872209779,27.0,0.9101904000000001,7.0,189.4206708045565,189.19312320455646,0.0009910802775024777,0.0,0.0009910802775024777,0.0009910802775024777,0.14172447968285432,48,4.566897918731417,1,124.49482805129415,124.49482805129415,1.0,0.58
main,v040,LOSO-nes-f4,secondary,LOSO,nested,4,B,IPPO|ppo_single_site_ensemble_seed1_20260517T110907,IPPO,1,P,"May 2026, pre-781c90c reward",7,-643.253913565897,584.022119965897,54.0,0.6067936,4.625,194.74449674766478,194.59279834766477,0.0019821605550049554,0.0,0.0019821605550049554,0.0019821605550049554,0.09712586719524281,32,3.044598612487612,2,1.4152122961877123,1.4152122961877123,1.0,0.58
main,v040,LOSO-nes-f4,secondary,LOSO,nested,4,B,IPPO|ppo_single_site_ensemble_seed1_20260517T110907,IPPO,1,P,"May 2026, pre-781c90c reward",8,-384.42854952935943,384.22770032935944,0.0,0.0758492,0.125,205.53194781803154,205.51298551803154,0.0,0.0,0.0,0.0,0.011892963330029732,4,0.3805748265609515,0,0.0,0.0,0.0,0.58
main,v040,LOSO-nes-f4,secondary,LOSO,nested,4,B,IPPO|ppo_single_site_ensemble_seed1_20260517T110907,IPPO,1,P,"May 2026, pre-781c90c reward",9,-458.8853924584648,80.88539245846486,378.0,0.0,0.0,207.31099557366122,207.31099557366122,0.013875123885034688,0.013875123885034688,0.0,0.013875123885034688,0.0,0,0.0,14,15.378689542088106,64.86442239359408,1.0,0.58
main,v040,LOSO-nes-f4,secondary,LOSO,nested,4,B,IPPO|ppo_single_site_ensemble_seed7_20260517T091403,IPPO,7,P,"May 2026, pre-781c90c reward",all,-5049.687195396686,4318.193886196685,702.0,3.8683091999999997,25.625,1968.9897601427463,1968.0226828427462,0.002576808721506442,0.0014866204162537165,0.0010901883052527254,0.002576808721506442,0.08126858275520317,203,1.9314172447968287,26,18.399346265367896,124.49482805129415,1.0,0.58
main,v040,LOSO-nes-f4,secondary,LOSO,nested,4,B,IPPO|ppo_single_site_ensemble_seed7_20260517T091403,IPPO,7,P,"May 2026, pre-781c90c reward",0,-850.399377866401,792.928810466401,54.0,0.7205674000000001,2.75,176.17889378904005,175.99875193904003,0.0019821605550049554,0.0,0.0019821605550049554,0.0019821605550049554,0.2556987115956392,37,3.520317145688801,2,1.4152122961877123,1.4152122961877123,1.0,0.58
main,v040,LOSO-nes-f4,secondary,LOSO,nested,4,B,IPPO|ppo_single_site_ensemble_seed7_20260517T091403,IPPO,7,P,"May 2026, pre-781c90c reward",1,-489.5828077008845,451.79761730088444,27.0,0.9101904000000001,9.875,190.6331086191458,190.40556101914575,0.0009910802775024777,0.0,0.0009910802775024777,0.0009910802775024777,0.13181367690782952,48,4.566897918731417,1,1.4152122961877123,1.4152122961877123,1.0,0.58
main,v040,LOSO-nes-f4,secondary,LOSO,nested,4,B,IPPO|ppo_single_site_ensemble_seed7_20260517T091403,IPPO,7,P,"May 2026, pre-781c90c reward",2,-284.9985711009401,284.9985711009401,0.0,0.0,0.0,206.8379829505226,206.8379829505226,0.0,0.0,0.0,0.0,0.0,0,0.0,0,0.0,0.0,0.0,0.58
main,v040,LOSO-nes-f4,secondary,LOSO,nested,4,B,IPPO|ppo_single_site_ensemble_seed7_20260517T091403,IPPO,7,P,"May 2026, pre-781c90c reward",3,-164.66458906754454,137.66458906754454,27.0,0.0,0.0,207.02094994347823,207.02094994347823,0.0009910802775024777,0.0009910802775024777,0.0,0.0009910802775024777,0.0,0,0.0,1,1.8444179821527968,1.8444179821527968,1.0,0.58
main,v040,LOSO-nes-f4,secondary,LOSO,nested,4,B,IPPO|ppo_single_site_ensemble_seed7_20260517T091403,IPPO,7,P,"May 2026, pre-781c90c reward",4,-669.1686762822198,559.8006564822199,108.0,0.4930198,0.875,187.06652081035458,186.9432658603546,0.003964321110009911,0.0,0.003964321110009911,0.003964321110009911,0.14866204162537167,26,2.4737363726461843,4,1.4152122961877123,1.4152122961877123,1.0,0.58
main,v040,LOSO-nes-f4,secondary,LOSO,nested,4,B,IPPO|ppo_single_site_ensemble_seed7_20260517T091403,IPPO,7,P,"May 2026, pre-781c90c reward",5,-388.7096259398641,388.1450029398641,0.0,0.18962299999999999,0.375,202.83852828629978,202.79112253629978,0.0,0.0,0.0,0.0,0.03369672943508424,10,0.9514370664023787,0,0.0,0.0,0.0,0.58
main,v040,LOSO-nes-f4,secondary,LOSO,nested,4,B,IPPO|ppo_single_site_ensemble_seed7_20260517T091403,IPPO,7,P,"May 2026, pre-781c90c reward",6,-723.8111357784608,634.6130207784609,81.0,0.948115,7.25,189.27746938404323,189.04044063404325,0.002973240832507433,0.0,0.002973240832507433,0.002973240832507433,0.14767096134786917,50,4.757185332011893,3,83.30507765289248,124.49482805129415,1.0,0.58
main,v040,LOSO-nes-f4,secondary,LOSO,nested,4,B,IPPO|ppo_single_site_ensemble_seed7_20260517T091403,IPPO,7,P,"May 2026, pre-781c90c reward",7,-617.8610948219721,585.7543012219719,27.0,0.6067936,4.5,195.02737604371612,194.87567764371613,0.0009910802775024777,0.0,0.0009910802775024777,0.0009910802775024777,0.09514370664023786,32,3.044598612487612,1,1.4152122961877123,1.4152122961877123,1.0,0.58
main,v040,LOSO-nes-f4,secondary,LOSO,nested,4,B,IPPO|ppo_single_site_ensemble_seed7_20260517T091403,IPPO,7,P,"May 2026, pre-781c90c reward",8,-401.6059243799335,401.6059243799335,0.0,0.0,0.0,206.7979347424846,206.7979347424846,0.0,0.0,0.0,0.0,0.0,0,0.0,0,0.0,0.0,0.0,0.58
main,v040,LOSO-nes-f4,secondary,LOSO,nested,4,B,IPPO|ppo_single_site_ensemble_seed7_20260517T091403,IPPO,7,P,"May 2026, pre-781c90c reward",9,-458.8853924584648,80.88539245846486,378.0,0.0,0.0,207.31099557366122,207.31099557366122,0.013875123885034688,0.013875123885034688,0.0,0.013875123885034688,0.0,0,0.0,14,15.378689542088106,64.86442239359408,1.0,0.58
main,v040,LOSO-nes-f4,secondary,LOSO,nested,4,B,IPPO|ppo_single_site_ensemble_seed13_20260517T091403,IPPO,13,P,"May 2026, pre-781c90c reward",all,-4913.112903350348,4341.630820350349,540.0,3.982083,27.5,1971.689413864724,1970.6938931147242,0.0019821605550049554,0.0014866204162537165,0.0004955401387512388,0.0019821605550049554,0.07690782953419227,209,1.9885034687809713,20,11.211106652616243,64.86442239359408,1.0,0.57
main,v040,LOSO-nes-f4,secondary,LOSO,nested,4,B,IPPO|ppo_single_site_ensemble_seed13_20260517T091403,IPPO,13,P,"May 2026, pre-781c90c reward",0,-826.9440725725035,793.5338821725036,27.0,0.9101904000000001,5.5,176.30847972013046,176.08093212013046,0.0009910802775024777,0.0,0.0009910802775024777,0.0009910802775024777,0.24281466798810702,47,4.47175421209118,1,1.4152122961877123,1.4152122961877123,1.0,0.57
main,v040,LOSO-nes-f4,secondary,LOSO,nested,4,B,IPPO|ppo_single_site_ensemble_seed13_20260517T091403,IPPO,13,P,"May 2026, pre-781c90c reward",1,-494.5067380258157,460.9982460258157,27.0,0.758492,5.75,191.51085196860836,191.32122896860835,0.0009910802775024777,0.0,0.0009910802775024777,0.0009910802775024777,0.1278493557978196,40,3.8057482656095147,1,1.4152122961877123,1.4152122961877123,1.0,0.57
main,v040,LOSO-nes-f4,secondary,LOSO,nested,4,B,IPPO|ppo_single_site_ensemble_seed13_20260517T091403,IPPO,13,P,"May 2026, pre-781c90c reward",2,-284.9985711009401,284.9985711009401,0.0,0.0,0.0,206.8379829505226,206.8379829505226,0.0,0.0,0.0,0.0,0.0,0,0.0,0,0.0,0.0,0.0,0.57
main,v040,LOSO-nes-f4,secondary,LOSO,nested,4,B,IPPO|ppo_single_site_ensemble_seed13_20260517T091403,IPPO,13,P,"May 2026, pre-781c90c reward",3,-164.66458906754454,137.66458906754454,27.0,0.0,0.0,207.02094994347823,207.02094994347823,0.0009910802775024777,0.0009910802775024777,0.0,0.0009910802775024777,0.0,0,0.0,1,1.8444179821527968,1.8444179821527968,1.0,0.57
main,v040,LOSO-nes-f4,secondary,LOSO,nested,4,B,IPPO|ppo_single_site_ensemble_seed13_20260517T091403,IPPO,13,P,"May 2026, pre-781c90c reward",4,-593.6592398071421,565.5791446071421,27.0,0.4550952,0.625,187.79535413442053,187.68158033442052,0.0009910802775024777,0.0,0.0009910802775024777,0.0009910802775024777,0.1377601585728444,24,2.2834489593657086,1,1.4152122961877123,1.4152122961877123,1.0,0.57
main,v040,LOSO-nes-f4,secondary,LOSO,nested,4,B,IPPO|ppo_single_site_ensemble_seed13_20260517T091403,IPPO,13,P,"May 2026, pre-781c90c reward",5,-434.22124970930963,406.15662670930965,27.0,0.18962299999999999,0.875,204.5302334406966,204.4828276906966,0.0009910802775024777,0.0,0.0009910802775024777,0.0009910802775024777,0.024777006937561942,10,0.9514370664023787,1,1.4152122961877123,1.4152122961877123,1.0,0.57
main,v040,LOSO-nes-f4,secondary,LOSO,nested,4,B,IPPO|ppo_single_site_ensemble_seed13_20260517T091403,IPPO,13,P,"May 2026, pre-781c90c reward",6,-655.8970310892455,643.8351422892454,0.0,1.0618888,11.0,190.62690278086177,190.3614305808618,0.0,0.0,0.0,0.0,0.12190287413280476,56,5.32804757185332,0,0.0,0.0,0.0,0.57
main,v040,LOSO-nes-f4,secondary,LOSO,nested,4,B,IPPO|ppo_single_site_ensemble_seed13_20260517T091403,IPPO,13,P,"May 2026, pre-781c90c reward",7,-603.2739984542268,572.0801294542268,27.0,0.5688690000000001,3.625,193.33837457319225,193.19615732319227,0.0009910802775024777,0.0,0.0009910802775024777,0.0009910802775024777,0.11000991080277503,30,2.8543111992071357,1,1.4152122961877123,1.4152122961877123,1.0,0.57
main,v040,LOSO-nes-f4,secondary,LOSO,nested,4,B,IPPO|ppo_single_site_ensemble_seed13_20260517T091403,IPPO,13,P,"May 2026, pre-781c90c reward",8,-396.06202106515514,395.89909646515514,0.0,0.0379246,0.125,206.4092887791522,206.3998076291522,0.0,0.0,0.0,0.0,0.003964321110009911,2,0.19028741328047574,0,0.0,0.0,0.0,0.57
main,v040,LOSO-nes-f4,secondary,LOSO,nested,4,B,IPPO|ppo_single_site_ensemble_seed13_20260517T091403,IPPO,13,P,"May 2026, pre-781c90c reward",9,-458.8853924584648,80.88539245846486,378.0,0.0,0.0,207.31099557366122,207.31099557366122,0.013875123885034688,0.013875123885034688,0.0,0.013875123885034688,0.0,0,0.0,14,15.378689542088106,64.86442239359408,1.0,0.57
main,v040,LOSO-nes-f4,secondary,LOSO,nested,4,B,IPPO|ppo_single_site_ensemble_seed23_20260517T110907,IPPO,23,P,"May 2026, pre-781c90c reward",all,-5038.060483624837,4302.6387776248375,702.0,4.171706,29.25,1965.5401064754171,1964.497179975417,0.0026759167492566896,0.0014866204162537165,0.0010901883052527254,0.002576808721506442,0.08493557978196234,219,2.083647175421209,26,18.399346265367896,124.49482805129415,1.0,0.57
main,v040,LOSO-nes-f4,secondary,LOSO,nested,4,B,IPPO|ppo_single_site_ensemble_seed23_20260517T110907,IPPO,23,P,"May 2026, pre-781c90c reward",0,-851.0117476315539,791.5524064315539,54.0,0.8343412,4.625,175.98808978643288,175.77950448643287,0.0019821605550049554,0.0,0.0019821605550049554,0.0019821605550049554,0.2556987115956392,43,4.0911793855302285,2,1.4152122961877123,1.4152122961877123,1.0,0.57
main,v040,LOSO-nes-f4,secondary,LOSO,nested,4,B,IPPO|ppo_single_site_ensemble_seed23_20260517T110907,IPPO,23,P,"May 2026, pre-781c90c reward",1,-490.02345338132403,460.829584381324,27.0,0.5688690000000001,1.625,191.52151572838125,191.3792984783812,0.0009910802775024777,0.0,0.0009910802775024777,0.0009910802775024777,0.12685827552031714,30,2.8543111992071357,1,1.4152122961877123,1.4152122961877123,1.0,0.57
main,v040,LOSO-nes-f4,secondary,LOSO,nested,4,B,IPPO|ppo_single_site_ensemble_seed23_20260517T110907,IPPO,23,P,"May 2026, pre-781c90c reward",2,-284.9985711009401,284.9985711009401,0.0,0.0,0.0,206.8379829505226,206.8379829505226,0.0,0.0,0.0,0.0,0.0,0,0.0,0,0.0,0.0,0.0,0.57
main,v040,LOSO-nes-f4,secondary,LOSO,nested,4,B,IPPO|ppo_single_site_ensemble_seed23_20260517T110907,IPPO,23,P,"May 2026, pre-781c90c reward",3,-164.66458906754454,137.66458906754454,27.0,0.0,0.0,207.02094994347823,207.02094994347823,0.0009910802775024777,0.0009910802775024777,0.0,0.0009910802775024777,0.0,0,0.0,1,1.8444179821527968,1.8444179821527968,1.0,0.57
main,v040,LOSO-nes-f4,secondary,LOSO,nested,4,B,IPPO|ppo_single_site_ensemble_seed23_20260517T110907,IPPO,23,P,"May 2026, pre-781c90c reward",4,-643.2405955830588,560.7475757830589,81.0,0.4930198,1.0,187.2053396789492,187.08208472894918,0.002973240832507433,0.0,0.002973240832507433,0.002973240832507433,0.14469772051536176,26,2.4737363726461843,3,1.4152122961877123,1.4152122961877123,1.0,0.57
main,v040,LOSO-nes-f4,secondary,LOSO,nested,4,B,IPPO|ppo_single_site_ensemble_seed23_20260517T110907,IPPO,23,P,"May 2026, pre-781c90c reward",5,-377.5857712453464,376.98322364534636,0.0,0.22754760000000002,0.375,201.7947762582991,201.73788935829907,0.0,0.0,0.0,0.0,0.04558969276511397,12,1.1417244796828543,0,0.0,0.0,0.0,0.57
main,v040,LOSO-nes-f4,secondary,LOSO,nested,4,B,IPPO|ppo_single_site_ensemble_seed23_20260517T110907,IPPO,23,P,"May 2026, pre-781c90c reward",6,-738.781965765125,650.0838507651249,81.0,0.948115,6.75,189.04450908174542,188.8074803317454,0.002973240832507433,0.0,0.002973240832507433,0.002973240832507433,0.15163528245787908,50,4.757185332011893,3,83.30507765289248,124.49482805129415,1.0,0.57
main,v040,LOSO-nes-f4,secondary,LOSO,nested,4,B,IPPO|ppo_single_site_ensemble_seed23_20260517T110907,IPPO,23,P,"May 2026, pre-781c90c reward",7,-633.4339240584745,564.2849598584745,54.0,1.0239642,14.125,192.52711494095428,192.2711238909543,0.002973240832507433,0.0,0.0019821605550049554,0.0019821605550049554,0.12091179385530228,54,5.137760158572845,2,1.4152122961877123,1.4152122961877123,1.0,0.57
main,v040,LOSO-nes-f4,secondary,LOSO,nested,4,B,IPPO|ppo_single_site_ensemble_seed23_20260517T110907,IPPO,23,P,"May 2026, pre-781c90c reward",8,-395.43447333300475,394.60862413300475,0.0,0.0758492,0.75,206.28883253299298,206.26987023299296,0.0,0.0,0.0,0.0,0.003964321110009911,4,0.3805748265609515,0,0.0,0.0,0.0,0.57
main,v040,LOSO-nes-f4,secondary,LOSO,nested,4,B,IPPO|ppo_single_site_ensemble_seed23_20260517T110907,IPPO,23,P,"May 2026, pre-781c90c reward",9,-458.8853924584648,80.88539245846486,378.0,0.0,0.0,207.31099557366122,207.31099557366122,0.013875123885034688,0.013875123885034688,0.0,0.013875123885034688,0.0,0,0.0,14,15.378689542088106,64.86442239359408,1.0,0.57
main,v040,LOSO-nes-f4,secondary,LOSO,nested,4,B,IPPO|ppo_single_site_ensemble_seed42_20260517T091403,IPPO,42,P,"May 2026, pre-781c90c reward",all,-5101.948766636524,4320.656306636523,756.0,3.79246,21.5,1970.2614142918856,1969.3132992918854,0.0027750247770069376,0.0014866204162537165,0.001288404360753221,0.0027750247770069376,0.08146679881070366,198,1.8838453914767097,28,8.412279693636663,64.86442239359408,1.0,0.56
main,v040,LOSO-nes-f4,secondary,LOSO,nested,4,B,IPPO|ppo_single_site_ensemble_seed42_20260517T091403,IPPO,42,P,"May 2026, pre-781c90c reward",0,-905.9411210056352,797.1601766056351,108.0,0.5309444000000001,0.25,176.58398603376793,176.45124993376794,0.003964321110009911,0.0,0.003964321110009911,0.003964321110009911,0.25867195242814667,27,2.5688800792864224,4,1.4152122961877123,1.4152122961877123,1.0,0.56
main,v040,LOSO-nes-f4,secondary,LOSO,nested,4,B,IPPO|ppo_single_site_ensemble_seed42_20260517T091403,IPPO,42,P,"May 2026, pre-781c90c reward",1,-506.3358768169116,474.6911586169116,27.0,0.6447182,4.0,193.00202648336202,192.840846933362,0.0009910802775024777,0.0,0.0009910802775024777,0.0009910802775024777,0.1110009910802775,34,3.2348860257680876,1,1.4152122961877123,1.4152122961877123,1.0,0.56
main,v040,LOSO-nes-f4,secondary,LOSO,nested,4,B,IPPO|ppo_single_site_ensemble_seed42_20260517T091403,IPPO,42,P,"May 2026, pre-781c90c reward",2,-341.0252573334425,286.0744081334425,54.0,0.0758492,0.875,207.31167359464433,207.29271129464433,0.0019821605550049554,0.0,0.0019821605550049554,0.0019821605550049554,0.002973240832507433,4,0.3805748265609515,2,1.4152122961877123,1.4152122961877123,1.0,0.56
main,v040,LOSO-nes-f4,secondary,LOSO,nested,4,B,IPPO|ppo_single_site_ensemble_seed42_20260517T091403,IPPO,42,P,"May 2026, pre-781c90c reward",3,-164.66458906754454,137.66458906754454,27.0,0.0,0.0,207.02094994347823,207.02094994347823,0.0009910802775024777,0.0009910802775024777,0.0,0.0009910802775024777,0.0,0,0.0,1,1.8444179821527968,1.8444179821527968,1.0,0.56
main,v040,LOSO-nes-f4,secondary,LOSO,nested,4,B,IPPO|ppo_single_site_ensemble_seed42_20260517T091403,IPPO,42,P,"May 2026, pre-781c90c reward",4,-618.6314842571412,563.5513890571413,54.0,0.45509520000000003,0.625,187.5205181697416,187.4067443697416,0.0019821605550049554,0.0,0.0019821605550049554,0.0019821605550049554,0.14073339940535184,24,2.2834489593657086,2,1.4152122961877123,1.4152122961877123,1.0,0.56
main,v040,LOSO-nes-f4,secondary,LOSO,nested,4,B,IPPO|ppo_single_site_ensemble_seed42_20260517T091403,IPPO,42,P,"May 2026, pre-781c90c reward",5,-397.4359420894581,369.25754528945805,27.0,0.3033968,0.875,201.2273182357231,201.1514690357231,0.0009910802775024777,0.0,0.0009910802775024777,0.0009910802775024777,0.05550049554013875,16,1.522299306243806,1,1.4152122961877123,1.4152122961877123,1.0,0.56
main,v040,LOSO-nes-f4,secondary,LOSO,nested,4,B,IPPO|ppo_single_site_ensemble_seed42_20260517T091403,IPPO,42,P,"May 2026, pre-781c90c reward",6,-679.4985314272241,641.436642627224,27.0,1.0618888000000002,10.0,190.11734014793223,189.85186794793222,0.0009910802775024777,0.0,0.0009910802775024777,0.0009910802775024777,0.13676907829534193,55,5.232903865213083,1,1.4152122961877123,1.4152122961877123,1.0,0.56
main,v040,LOSO-nes-f4,secondary,LOSO,nested,4,B,IPPO|ppo_single_site_ensemble_seed42_20260517T091403,IPPO,42,P,"May 2026, pre-781c90c reward",7,-640.4993806797876,583.3434362797876,54.0,0.5309444000000001,2.625,194.51468433008017,194.38194823008018,0.0019821605550049554,0.0,0.0019821605550049554,0.0019821605550049554,0.10009910802775025,28,2.66402378592666,2,1.4152122961877123,1.4152122961877123,1.0,0.56
main,v040,LOSO-nes-f4,secondary,LOSO,nested,4,B,IPPO|ppo_single_site_ensemble_seed42_20260517T091403,IPPO,42,P,"May 2026, pre-781c90c reward",8,-389.03119150091464,386.59156850091466,0.0,0.189623,2.25,205.65192177949473,205.60451602949468,0.0,0.0,0.0,0.0,0.008919722497522299,10,0.9514370664023787,0,0.0,0.0,0.0,0.56
main,v040,LOSO-nes-f4,secondary,LOSO,nested,4,B,IPPO|ppo_single_site_ensemble_seed42_20260517T091403,IPPO,42,P,"May 2026, pre-781c90c reward",9,-458.8853924584648,80.88539245846486,378.0,0.0,0.0,207.31099557366122,207.31099557366122,0.013875123885034688,0.013875123885034688,0.0,0.013875123885034688,0.0,0,0.0,14,15.378689542088106,64.86442239359408,1.0,0.56
main,v040,LOSO-nes-f4,secondary,LOSO,nested,4,B,IPPO|ppo_single_site_ensemble_seed64_20260517T110907,IPPO,64,P,"May 2026, pre-781c90c reward",all,-5137.813728769825,4319.887151275768,788.2436452940567,4.0579322,25.625,1966.0975351049515,1965.0830520549514,0.003072348860257681,0.0014866204162537165,0.0014866204162537165,0.002973240832507433,0.08602576808721507,213,2.0265609514370664,30,12.010448254986306,124.49482805129415,0.9758262725489518,0.56
main,v040,LOSO-nes-f4,secondary,LOSO,nested,4,B,IPPO|ppo_single_site_ensemble_seed64_20260517T110907,IPPO,64,P,"May 2026, pre-781c90c reward",0,-889.3449347875545,766.8006268934978,113.24364529405668,1.1756626,8.125,172.88322507106915,172.58930942106912,0.004955401387512388,0.0,0.004955401387512388,0.004955401387512388,0.30822596630327054,61,5.8037661050545095,5,1.1871274722438812,1.4152122961877123,0.8549576352937113,0.56
main,v040,LOSO-nes-f4,secondary,LOSO,nested,4,B,IPPO|ppo_single_site_ensemble_seed64_20260517T110907,IPPO,64,P,"May 2026, pre-781c90c reward",1,-506.0447836609957,476.6388392609957,27.0,0.5309444000000001,1.875,193.299202437258,193.16646633725802,0.0009910802775024777,0.0,0.0009910802775024777,0.0009910802775024777,0.10703666997026759,28,2.66402378592666,1,1.4152122961877123,1.4152122961877123,1.0,0.56
main,v040,LOSO-nes-f4,secondary,LOSO,nested,4,B,IPPO|ppo_single_site_ensemble_seed64_20260517T110907,IPPO,64,P,"May 2026, pre-781c90c reward",2,-284.9985711009401,284.9985711009401,0.0,0.0,0.0,206.8379829505226,206.8379829505226,0.0,0.0,0.0,0.0,0.0,0,0.0,0,0.0,0.0,0.0,0.56
main,v040,LOSO-nes-f4,secondary,LOSO,nested,4,B,IPPO|ppo_single_site_ensemble_seed64_20260517T110907,IPPO,64,P,"May 2026, pre-781c90c reward",3,-164.66458906754454,137.66458906754454,27.0,0.0,0.0,207.02094994347823,207.02094994347823,0.0009910802775024777,0.0009910802775024777,0.0,0.0009910802775024777,0.0,0,0.0,1,1.8444179821527968,1.8444179821527968,1.0,0.56
main,v040,LOSO-nes-f4,secondary,LOSO,nested,4,B,IPPO|ppo_single_site_ensemble_seed64_20260517T110907,IPPO,64,P,"May 2026, pre-781c90c reward",4,-645.2740199461603,562.6560001461603,81.0,0.4930198,1.125,187.44163596947703,187.31838101947702,0.002973240832507433,0.0,0.002973240832507433,0.002973240832507433,0.14271555996035679,26,2.4737363726461843,3,1.4152122961877123,1.4152122961877123,1.0,0.56
main,v040,LOSO-nes-f4,secondary,LOSO,nested,4,B,IPPO|ppo_single_site_ensemble_seed64_20260517T110907,IPPO,64,P,"May 2026, pre-781c90c reward",5,-397.82672450369796,369.811252303698,27.0,0.2654722,0.75,201.16684115302098,201.100473103021,0.0009910802775024777,0.0,0.0009910802775024777,0.0009910802775024777,0.049554013875123884,14,1.33201189296333,1,1.4152122961877123,1.4152122961877123,1.0,0.56
main,v040,LOSO-nes-f4,secondary,LOSO,nested,4,B,IPPO|ppo_single_site_ensemble_seed64_20260517T110907,IPPO,64,P,"May 2026, pre-781c90c reward",6,-742.6804419286552,685.0357237286553,54.0,0.6447182,3.0,191.77788350247812,191.61670395247813,0.0019821605550049554,0.0,0.0019821605550049554,0.0019821605550049554,0.12289395441030723,34,3.2348860257680876,2,62.955020173740934,124.49482805129415,1.0,0.56
main,v040,LOSO-nes-f4,secondary,LOSO,nested,4,B,IPPO|ppo_single_site_ensemble_seed64_20260517T110907,IPPO,64,P,"May 2026, pre-781c90c reward",7,-653.1958666056161,563.1873746056161,81.0,0.758492,8.25,192.2352494893788,192.04562648937878,0.003964321110009911,0.0,0.002973240832507433,0.002973240832507433,0.12487611496531219,40,3.8057482656095147,3,1.4152122961877123,1.4152122961877123,1.0,0.56
main,v040,LOSO-nes-f4,secondary,LOSO,nested,4,B,IPPO|ppo_single_site_ensemble_seed64_20260517T110907,IPPO,64,P,"May 2026, pre-781c90c reward",8,-394.8984047101957,392.2087817101957,0.0,0.189623,2.5,206.1235690146073,206.07616326460732,0.0,0.0,0.0,0.0,0.004955401387512388,10,0.9514370664023787,0,0.0,0.0,0.0,0.56
main,v040,LOSO-nes-f4,secondary,LOSO,nested,4,B,IPPO|ppo_single_site_ensemble_seed64_20260517T110907,IPPO,64,P,"May 2026, pre-781c90c reward",9,-458.8853924584648,80.88539245846486,378.0,0.0,0.0,207.31099557366122,207.31099557366122,0.013875123885034688,0.013875123885034688,0.0,0.013875123885034688,0.0,0,0.0,14,15.378689542088106,64.86442239359408,1.0,0.56
main,v040,LOSO-nes-f4,secondary,LOSO,nested,4,B,IPPO|ppo_single_site_ensemble_seed77_20260517T110907,IPPO,77,P,"May 2026, pre-781c90c reward",all,-5203.647475451892,4312.703317051892,864.0,3.9441584,23.0,1975.4614675316911,1974.4754279316912,0.0032705649157581764,0.00178394449950446,0.002477700693756194,0.0031714568880079285,0.08275520317145689,207,1.9694747274529236,32,54857.14925566522,165518.91571056363,1.0,0.55
main,v040,LOSO-nes-f4,secondary,LOSO,nested,4,B,IPPO|ppo_single_site_ensemble_seed77_20260517T110907,IPPO,77,P,"May 2026, pre-781c90c reward",0,-833.8667056838902,803.3961382838902,27.0,0.7205674,2.75,177.10831394502029,176.92817209502027,0.0009910802775024777,0.0,0.0009910802775024777,0.0009910802775024777,0.24083250743310208,37,3.520317145688801,1,1.4152122961877123,1.4152122961877123,1.0,0.55
main,v040,LOSO-nes-f4,secondary,LOSO,nested,4,B,IPPO|ppo_single_site_ensemble_seed77_20260517T110907,IPPO,77,P,"May 2026, pre-781c90c reward",1,-500.90460741006257,470.1728138100625,27.0,0.6067936,3.125,192.6332707513505,192.4815723513505,0.0009910802775024777,0.0,0.0009910802775024777,0.0009910802775024777,0.11199207135777998,32,3.044598612487612,1,1.4152122961877123,1.4152122961877123,1.0,0.55
main,v040,LOSO-nes-f4,secondary,LOSO,nested,4,B,IPPO|ppo_single_site_ensemble_seed77_20260517T110907,IPPO,77,P,"May 2026, pre-781c90c reward",2,-284.9985711009401,284.9985711009401,0.0,0.0,0.0,206.8379829505226,206.8379829505226,0.0,0.0,0.0,0.0,0.0,0,0.0,0,0.0,0.0,0.0,0.55
main,v040,LOSO-nes-f4,secondary,LOSO,nested,4,B,IPPO|ppo_single_site_ensemble_seed77_20260517T110907,IPPO,77,P,"May 2026, pre-781c90c reward",3,-164.66458906754454,137.66458906754454,27.0,0.0,0.0,207.02094994347823,207.02094994347823,0.0009910802775024777,0.0009910802775024777,0.0,0.0009910802775024777,0.0,0,0.0,1,1.8444179821527968,1.8444179821527968,1.0,0.55
main,v040,LOSO-nes-f4,secondary,LOSO,nested,4,B,IPPO|ppo_single_site_ensemble_seed77_20260517T110907,IPPO,77,P,"May 2026, pre-781c90c reward",4,-618.434349335392,563.354254135392,54.0,0.45509520000000003,0.625,187.51703873575445,187.40326493575446,0.0019821605550049554,0.0,0.0019821605550049554,0.0019821605550049554,0.14172447968285432,24,2.2834489593657086,2,1.4152122961877123,1.4152122961877123,1.0,0.55
main,v040,LOSO-nes-f4,secondary,LOSO,nested,4,B,IPPO|ppo_single_site_ensemble_seed77_20260517T110907,IPPO,77,P,"May 2026, pre-781c90c reward",5,-394.0828694694244,364.82862346942443,27.0,0.37924599999999997,1.875,200.58468471973077,200.48987321973078,0.0009910802775024777,0.0,0.0009910802775024777,0.0009910802775024777,0.057482656095143705,20,1.9028741328047574,1,1.4152122961877123,1.4152122961877123,1.0,0.55
main,v040,LOSO-nes-f4,secondary,LOSO,nested,4,B,IPPO|ppo_single_site_ensemble_seed77_20260517T110907,IPPO,77,P,"May 2026, pre-781c90c reward",6,-728.0227181723187,640.6883769723186,81.0,0.8343412,5.5,189.76218112563996,189.55359582563995,0.002973240832507433,0.0,0.002973240832507433,0.002973240832507433,0.14172447968285432,44,4.186323092170466,3,83.30507765289248,124.49482805129415,1.0,0.55
main,v040,LOSO-nes-f4,secondary,LOSO,nested,4,B,IPPO|ppo_single_site_ensemble_seed77_20260517T110907,IPPO,77,P,"May 2026, pre-781c90c reward",7,-626.846708059016,564.425291459016,54.0,0.7964166000000001,7.625,192.49942567181807,192.30032152181803,0.002973240832507433,0.0,0.0019821605550049554,0.0019821605550049554,0.12289395441030723,42,3.9960356788899905,2,1.4152122961877123,1.4152122961877123,1.0,0.55
main,v040,LOSO-nes-f4,secondary,LOSO,nested,4,B,IPPO|ppo_single_site_ensemble_seed77_20260517T110907,IPPO,77,P,"May 2026, pre-781c90c reward",8,-401.6059243799335,401.6059243799335,0.0,0.0,0.0,206.7979347424846,206.7979347424846,0.0,0.0,0.0,0.0,0.0,0,0.0,0,0.0,0.0,0.0,0.55
main,v040,LOSO-nes-f4,secondary,LOSO,nested,4,B,IPPO|ppo_single_site_ensemble_seed77_20260517T110907,IPPO,77,P,"May 2026, pre-781c90c reward",9,-650.2204327733699,81.56873437336995,567.0,0.1516984,1.5,214.69968494589165,214.66176034589165,0.02081268582755203,0.01684836471754212,0.014866204162537165,0.02081268582755203,0.010901883052527254,8,0.761149653121903,21,83579.38619258444,165518.91571056363,1.0,0.55
main,v040,LOSO-nes-f4,secondary,LOSO,nested,4,B,IPPO|ppo_single_site_ensemble_seed99_20260517T091403,IPPO,99,P,"May 2026, pre-781c90c reward",all,-5021.3429828544295,4323.35391965443,675.0,3.4890632000000004,19.5,1969.7294447910153,1968.8571789910156,0.002477700693756194,0.0014866204162537165,0.0009910802775024777,0.002477700693756194,0.07958374628344896,183,1.741129831516353,25,14.175112411534792,124.49482805129415,1.0,0.55
main,v040,LOSO-nes-f4,secondary,LOSO,nested,4,B,IPPO|ppo_single_site_ensemble_seed99_20260517T091403,IPPO,99,P,"May 2026, pre-781c90c reward",0,-908.9651780132713,799.2713090132713,108.0,0.5688690000000001,1.125,176.88887457032894,176.74665732032892,0.003964321110009911,0.0,0.003964321110009911,0.003964321110009911,0.25173439048562934,29,2.759167492566898,4,1.4152122961877123,1.4152122961877123,1.0,0.55
main,v040,LOSO-nes-f4,secondary,LOSO,nested,4,B,IPPO|ppo_single_site_ensemble_seed99_20260517T091403,IPPO,99,P,"May 2026, pre-781c90c reward",1,-491.1856572300933,459.75301443009323,27.0,0.6826428,3.75,191.614362611255,191.44370191125498,0.0009910802775024777,0.0,0.0009910802775024777,0.0009910802775024777,0.12289395441030723,36,3.4251734390485633,1,1.4152122961877123,1.4152122961877123,1.0,0.55
main,v040,LOSO-nes-f4,secondary,LOSO,nested,4,B,IPPO|ppo_single_site_ensemble_seed99_20260517T091403,IPPO,99,P,"May 2026, pre-781c90c reward",2,-284.9985711009401,284.9985711009401,0.0,0.0,0.0,206.8379829505226,206.8379829505226,0.0,0.0,0.0,0.0,0.0,0,0.0,0,0.0,0.0,0.0,0.55
main,v040,LOSO-nes-f4,secondary,LOSO,nested,4,B,IPPO|ppo_single_site_ensemble_seed99_20260517T091403,IPPO,99,P,"May 2026, pre-781c90c reward",3,-164.66458906754454,137.66458906754454,27.0,0.0,0.0,207.02094994347823,207.02094994347823,0.0009910802775024777,0.0009910802775024777,0.0,0.0009910802775024777,0.0,0,0.0,1,1.8444179821527968,1.8444179821527968,1.0,0.55
main,v040,LOSO-nes-f4,secondary,LOSO,nested,4,B,IPPO|ppo_single_site_ensemble_seed99_20260517T091403,IPPO,99,P,"May 2026, pre-781c90c reward",4,-617.881767499967,561.8887476999671,54.0,0.4930198,1.5,187.56206409081253,187.43880914081254,0.0019821605550049554,0.0,0.0019821605550049554,0.0019821605550049554,0.13974231912784935,26,2.4737363726461843,2,1.4152122961877123,1.4152122961877123,1.0,0.55
main,v040,LOSO-nes-f4,secondary,LOSO,nested,4,B,IPPO|ppo_single_site_ensemble_seed99_20260517T091403,IPPO,99,P,"May 2026, pre-781c90c reward",5,-382.11787535548444,381.42825235548446,0.0,0.189623,0.5,202.31723825595702,202.26983250595703,0.0,0.0,0.0,0.0,0.035678889990089196,10,0.9514370664023787,0,0.0,0.0,0.0,0.55
main,v040,LOSO-nes-f4,secondary,LOSO,nested,4,B,IPPO|ppo_single_site_ensemble_seed99_20260517T091403,IPPO,99,P,"May 2026, pre-781c90c reward",6,-671.7048528404462,637.4575870404461,27.0,0.8722658,6.375,189.57006874248714,189.35200229248716,0.0009910802775024777,0.0,0.0009910802775024777,0.0009910802775024777,0.13974231912784935,46,4.376610505450942,1,124.49482805129415,124.49482805129415,1.0,0.55
main,v040,LOSO-nes-f4,secondary,LOSO,nested,4,B,IPPO|ppo_single_site_ensemble_seed99_20260517T091403,IPPO,99,P,"May 2026, pre-781c90c reward",7,-645.5046259552136,585.3978323552135,54.0,0.6067936,5.5,194.31807551951988,194.1663771195199,0.0019821605550049554,0.0,0.0019821605550049554,0.0019821605550049554,0.10208126858275521,32,3.044598612487612,2,1.4152122961877123,1.4152122961877123,1.0,0.55
main,v040,LOSO-nes-f4,secondary,LOSO,nested,4,B,IPPO|ppo_single_site_ensemble_seed99_20260517T091403,IPPO,99,P,"May 2026, pre-781c90c reward",8,-395.43447333300475,394.60862413300475,0.0,0.0758492,0.75,206.28883253299298,206.26987023299296,0.0,0.0,0.0,0.0,0.003964321110009911,4,0.3805748265609515,0,0.0,0.0,0.0,0.55
main,v040,LOSO-nes-f4,secondary,LOSO,nested,4,B,IPPO|ppo_single_site_ensemble_seed99_20260517T091403,IPPO,99,P,"May 2026, pre-781c90c reward",9,-458.8853924584648,80.88539245846486,378.0,0.0,0.0,207.31099557366122,207.31099557366122,0.013875123885034688,0.013875123885034688,0.0,0.013875123885034688,0.0,0,0.0,14,15.378689542088106,64.86442239359408,1.0,0.55
main,v040,LOSO-nes-f4,secondary,LOSO,nested,4,B,IPPO|ippo_nr_seed1,IPPO,1,T,"June 2026, current reward",all,-5329.646176004244,4362.032112804245,945.0,3.4890631999999995,19.125,1980.7457812963653,1979.8735154963654,0.003468780971258672,0.002576808721506442,0.0019821605550049554,0.003468780971258672,0.077601585728444,183,1.741129831516353,35,633.1189710508852,2899.5483855672874,1.0,0.55
main,v040,LOSO-nes-f4,secondary,LOSO,nested,4,B,IPPO|ippo_nr_seed1,IPPO,1,T,"June 2026, current reward",0,-913.326110900198,804.007241900198,108.0,0.5688690000000001,0.75,177.17490574542126,177.0326884954212,0.003964321110009911,0.0,0.003964321110009911,0.003964321110009911,0.24777006937561943,29,2.759167492566898,4,1.4152122961877123,1.4152122961877123,1.0,0.55
main,v040,LOSO-nes-f4,secondary,LOSO,nested,4,B,IPPO|ippo_nr_seed1,IPPO,1,T,"June 2026, current reward",1,-501.3091667494955,470.95237314949543,27.0,0.6067936,2.75,192.6533668292143,192.5016684292143,0.0009910802775024777,0.0,0.0009910802775024777,0.0009910802775024777,0.11496531219028741,32,3.044598612487612,1,1.4152122961877123,1.4152122961877123,1.0,0.55
main,v040,LOSO-nes-f4,secondary,LOSO,nested,4,B,IPPO|ippo_nr_seed1,IPPO,1,T,"June 2026, current reward",2,-284.9985711009401,284.9985711009401,0.0,0.0,0.0,206.8379829505226,206.8379829505226,0.0,0.0,0.0,0.0,0.0,0,0.0,0,0.0,0.0,0.0,0.55
main,v040,LOSO-nes-f4,secondary,LOSO,nested,4,B,IPPO|ippo_nr_seed1,IPPO,1,T,"June 2026, current reward",3,-492.61912413366497,141.58119953366497,351.0,0.0379246,0.0,214.29703282182123,214.28755167182123,0.01288404360753221,0.011892963330029732,0.011892963330029732,0.01288404360753221,0.010901883052527254,2,0.19028741328047574,13,1687.1185103709429,2899.5483855672874,1.0,0.55
main,v040,LOSO-nes-f4,secondary,LOSO,nested,4,B,IPPO|ippo_nr_seed1,IPPO,1,T,"June 2026, current reward",4,-591.5676761919233,561.2108825919232,27.0,0.6067936,2.75,187.84647739238272,187.6947789923827,0.0009910802775024777,0.0,0.0009910802775024777,0.0009910802775024777,0.13478691774033696,32,3.044598612487612,1,1.4152122961877123,1.4152122961877123,1.0,0.55
main,v040,LOSO-nes-f4,secondary,LOSO,nested,4,B,IPPO|ippo_nr_seed1,IPPO,1,T,"June 2026, current reward",5,-426.1880721962897,398.3734491962897,27.0,0.18962299999999999,0.625,203.76924727958865,203.72184152958866,0.0009910802775024777,0.0,0.0009910802775024777,0.0009910802775024777,0.030723488602576808,10,0.9514370664023787,1,1.4152122961877123,1.4152122961877123,1.0,0.55
main,v040,LOSO-nes-f4,secondary,LOSO,nested,4,B,IPPO|ippo_nr_seed1,IPPO,1,T,"June 2026, current reward",6,-652.6296803934225,647.6591129934226,0.0,0.7205674,4.25,190.79102521835347,190.61088336835348,0.0,0.0,0.0,0.0,0.12487611496531219,38,3.615460852329039,0,0.0,0.0,0.0,0.55
main,v040,LOSO-nes-f4,secondary,LOSO,nested,4,B,IPPO|ippo_nr_seed1,IPPO,1,T,"June 2026, current reward",7,-606.5164574999121,570.757965499912,27.0,0.7584919999999999,8.0,193.26681274291528,193.07718974291527,0.0009910802775024777,0.0,0.0009910802775024777,0.0009910802775024777,0.11199207135777998,40,3.8057482656095147,1,1.4152122961877123,1.4152122961877123,1.0,0.55
main,v040,LOSO-nes-f4,secondary,LOSO,nested,4,B,IPPO|ippo_nr_seed1,IPPO,1,T,"June 2026, current reward",8,-401.6059243799335,401.6059243799335,0.0,0.0,0.0,206.7979347424846,206.7979347424846,0.0,0.0,0.0,0.0,0.0,0,0.0,0,0.0,0.0,0.0,0.55
main,v040,LOSO-nes-f4,secondary,LOSO,nested,4,B,IPPO|ippo_nr_seed1,IPPO,1,T,"June 2026, current reward",9,-458.8853924584648,80.88539245846486,378.0,0.0,0.0,207.31099557366122,207.31099557366122,0.013875123885034688,0.013875123885034688,0.0,0.013875123885034688,0.0,0,0.0,14,15.378689542088106,64.86442239359408,1.0,0.55
main,v040,LOSO-nes-f4,secondary,LOSO,nested,4,B,IPPO|ippo_nr_seed7,IPPO,7,T,"June 2026, current reward",all,-5078.7642012856595,4324.172590485659,729.0,3.7166107999999998,21.875,1969.6362883626507,1968.7071356626507,0.0026759167492566896,0.0014866204162537165,0.0011892963330029733,0.0026759167492566896,0.08097125867195243,195,1.8553022794846383,27,17.770304266509374,124.49482805129415,1.0,0.55
main,v040,LOSO-nes-f4,secondary,LOSO,nested,4,B,IPPO|ippo_nr_seed7,IPPO,7,T,"June 2026, current reward",0,-856.0649920074485,799.1323492074484,54.0,0.6826428,2.25,176.62866033173827,176.45799963173826,0.0019821605550049554,0.0,0.0019821605550049554,0.0019821605550049554,0.24975222993062438,35,3.3300297324083252,2,1.4152122961877123,1.4152122961877123,1.0,0.55
main,v040,LOSO-nes-f4,secondary,LOSO,nested,4,B,IPPO|ippo_nr_seed7,IPPO,7,T,"June 2026, current reward",1,-505.02595493385513,475.08208593385507,27.0,0.5688690000000001,2.375,193.0600669429732,192.91784969297322,0.0009910802775024777,0.0,0.0009910802775024777,0.0009910802775024777,0.11000991080277503,30,2.8543111992071357,1,1.4152122961877123,1.4152122961877123,1.0,0.55
main,v040,LOSO-nes-f4,secondary,LOSO,nested,4,B,IPPO|ippo_nr_seed7,IPPO,7,T,"June 2026, current reward",2,-284.9985711009401,284.9985711009401,0.0,0.0,0.0,206.8379829505226,206.8379829505226,0.0,0.0,0.0,0.0,0.0,0,0.0,0,0.0,0.0,0.0,0.55
main,v040,LOSO-nes-f4,secondary,LOSO,nested,4,B,IPPO|ippo_nr_seed7,IPPO,7,T,"June 2026, current reward",3,-192.71154664116648,138.17362204116648,54.0,0.0379246,0.5,207.26763086260252,207.25814971260252,0.0019821605550049554,0.0009910802775024777,0.0009910802775024777,0.0019821605550049554,0.0009910802775024777,2,0.19028741328047574,2,1.6298151391702547,1.8444179821527968,1.0,0.55
main,v040,LOSO-nes-f4,secondary,LOSO,nested,4,B,IPPO|ippo_nr_seed7,IPPO,7,T,"June 2026, current reward",4,-643.080995955213,559.6750515552129,81.0,0.5309444,1.875,187.07110093790772,186.93836483790773,0.002973240832507433,0.0,0.002973240832507433,0.002973240832507433,0.14568880079286423,28,2.66402378592666,3,1.4152122961877123,1.4152122961877123,1.0,0.55
main,v040,LOSO-nes-f4,secondary,LOSO,nested,4,B,IPPO|ippo_nr_seed7,IPPO,7,T,"June 2026, current reward",5,-433.46077755427126,405.6840791542713,27.0,0.1516984,0.625,204.4794497524485,204.4415251524485,0.0009910802775024777,0.0,0.0009910802775024777,0.0009910802775024777,0.023785926660059464,8,0.761149653121903,1,1.4152122961877123,1.4152122961877123,1.0,0.55
main,v040,LOSO-nes-f4,secondary,LOSO,nested,4,B,IPPO|ippo_nr_seed7,IPPO,7,T,"June 2026, current reward",6,-690.8404419716247,626.1535531716247,54.0,1.0618888,9.625,188.3484668361097,188.08299463610973,0.0019821605550049554,0.0,0.0019821605550049554,0.0019821605550049554,0.15361744301288405,56,5.32804757185332,2,124.25001033124485,124.49482805129415,1.0,0.55
main,v040,LOSO-nes-f4,secondary,LOSO,nested,4,B,IPPO|ippo_nr_seed7,IPPO,7,T,"June 2026, current reward",7,-629.2010961217784,570.2193025217784,54.0,0.6067936,4.375,193.11465608888014,192.96295768888012,0.0019821605550049554,0.0,0.0019821605550049554,0.0019821605550049554,0.11496531219028741,32,3.044598612487612,2,1.4152122961877123,1.4152122961877123,1.0,0.55
main,v040,LOSO-nes-f4,secondary,LOSO,nested,4,B,IPPO|ippo_nr_seed7,IPPO,7,T,"June 2026, current reward",8,-384.4944325408974,384.1685833408974,0.0,0.0758492,0.25,205.5172780858067,205.49831578580668,0.0,0.0,0.0,0.0,0.010901883052527254,4,0.3805748265609515,0,0.0,0.0,0.0,0.55
main,v040,LOSO-nes-f4,secondary,LOSO,nested,4,B,IPPO|ippo_nr_seed7,IPPO,7,T,"June 2026, current reward",9,-458.8853924584648,80.88539245846486,378.0,0.0,0.0,207.31099557366122,207.31099557366122,0.013875123885034688,0.013875123885034688,0.0,0.013875123885034688,0.0,0,0.0,14,15.378689542088106,64.86442239359408,1.0,0.55
main,v040,LOSO-nes-f4,secondary,LOSO,nested,4,B,IPPO|ippo_nr_seed13,IPPO,13,T,"June 2026, current reward",all,-5048.604810916482,4367.1606525164825,648.0,3.9441584,29.5,1972.0069019116258,1971.0208623116257,0.0023785926660059467,0.0014866204162537165,0.00089197224975223,0.0023785926660059467,0.07690782953419227,207,1.9694747274529236,24,14.686373439670144,124.00519261119555,1.0,0.55
main,v040,LOSO-nes-f4,secondary,LOSO,nested,4,B,IPPO|ippo_nr_seed13,IPPO,13,T,"June 2026, current reward",0,-836.2626328462984,806.4549900462985,27.0,0.6826428,2.125,177.54762305583387,177.37696235583383,0.0009910802775024777,0.0,0.0009910802775024777,0.0009910802775024777,0.2348860257680872,35,3.3300297324083252,1,1.4152122961877123,1.4152122961877123,1.0,0.55
main,v040,LOSO-nes-f4,secondary,LOSO,nested,4,B,IPPO|ippo_nr_seed13,IPPO,13,T,"June 2026, current reward",1,-493.0527681791002,461.7451253791001,27.0,0.6826428,3.625,191.6398728404135,191.46921214041348,0.0009910802775024777,0.0,0.0009910802775024777,0.0009910802775024777,0.12487611496531219,36,3.4251734390485633,1,1.4152122961877123,1.4152122961877123,1.0,0.55
main,v040,LOSO-nes-f4,secondary,LOSO,nested,4,B,IPPO|ippo_nr_seed13,IPPO,13,T,"June 2026, current reward",2,-284.9985711009401,284.9985711009401,0.0,0.0,0.0,206.8379829505226,206.8379829505226,0.0,0.0,0.0,0.0,0.0,0,0.0,0,0.0,0.0,0.0,0.55
main,v040,LOSO-nes-f4,secondary,LOSO,nested,4,B,IPPO|ippo_nr_seed13,IPPO,13,T,"June 2026, current reward",3,-164.66458906754454,137.66458906754454,27.0,0.0,0.0,207.02094994347823,207.02094994347823,0.0009910802775024777,0.0009910802775024777,0.0,0.0009910802775024777,0.0,0,0.0,1,1.8444179821527968,1.8444179821527968,1.0,0.55
main,v040,LOSO-nes-f4,secondary,LOSO,nested,4,B,IPPO|ippo_nr_seed13,IPPO,13,T,"June 2026, current reward",4,-645.2894717429747,562.6714519429747,81.0,0.4930198,1.125,187.4451832692552,187.3219283192552,0.002973240832507433,0.0,0.002973240832507433,0.002973240832507433,0.14172447968285432,26,2.4737363726461843,3,1.4152122961877123,1.4152122961877123,1.0,0.55
main,v040,LOSO-nes-f4,secondary,LOSO,nested,4,B,IPPO|ippo_nr_seed13,IPPO,13,T,"June 2026, current reward",5,-410.2718612651334,409.7830874651334,0.0,0.1137738,0.375,204.54513659696795,204.51669314696795,0.0,0.0,0.0,0.0,0.019821605550049554,6,0.5708622398414271,0,0.0,0.0,0.0,0.55
main,v040,LOSO-nes-f4,secondary,LOSO,nested,4,B,IPPO|ippo_nr_seed13,IPPO,13,T,"June 2026, current reward",6,-699.7488893189981,656.122377518998,27.0,1.2515117999999998,15.375,190.34281882961506,190.02994087961505,0.0009910802775024777,0.0,0.0009910802775024777,0.0009910802775024777,0.12487611496531219,66,6.279484638255699,1,124.00519261119555,124.00519261119555,1.0,0.55
main,v040,LOSO-nes-f4,secondary,LOSO,nested,4,B,IPPO|ippo_nr_seed13,IPPO,13,T,"June 2026, current reward",7,-653.8247105570945,565.2291431570944,81.0,0.7205674,6.875,192.51840410939363,192.33826225939362,0.002973240832507433,0.0,0.002973240832507433,0.002973240832507433,0.12289395441030723,38,3.615460852329039,3,1.4152122961877123,1.4152122961877123,1.0,0.55
main,v040,LOSO-nes-f4,secondary,LOSO,nested,4,B,IPPO|ippo_nr_seed13,IPPO,13,T,"June 2026, current reward",8,-401.6059243799335,401.6059243799335,0.0,0.0,0.0,206.7979347424846,206.7979347424846,0.0,0.0,0.0,0.0,0.0,0,0.0,0,0.0,0.0,0.0,0.55
main,v040,LOSO-nes-f4,secondary,LOSO,nested,4,B,IPPO|ippo_nr_seed13,IPPO,13,T,"June 2026, current reward",9,-458.8853924584648,80.88539245846486,378.0,0.0,0.0,207.31099557366122,207.31099557366122,0.013875123885034688,0.013875123885034688,0.0,0.013875123885034688,0.0,0,0.0,14,15.378689542088106,64.86442239359408,1.0,0.55
main,v040,LOSO-nes-f4,secondary,LOSO,nested,4,B,IPPO|ippo_nr_seed23,IPPO,23,T,"June 2026, current reward",all,-5026.966833981112,4368.344278781112,621.0,4.2475552,33.375,1971.7956631559493,1970.7337743559492,0.0022794846382556988,0.0014866204162537165,0.0007928642220019821,0.0022794846382556988,0.07770069375619425,223,2.1217046580773045,23,9.93338130177774,64.86442239359408,1.0,0.55
main,v040,LOSO-nes-f4,secondary,LOSO,nested,4,B,IPPO|ippo_nr_seed23,IPPO,23,T,"June 2026, current reward",0,-869.3440394790402,779.7442260790403,81.0,1.0998134,7.5,174.43227584017734,174.15732249017734,0.002973240832507433,0.0,0.002973240832507433,0.002973240832507433,0.27849355797819625,57,5.423191278493558,3,1.4152122961877123,1.4152122961877123,1.0,0.55
main,v040,LOSO-nes-f4,secondary,LOSO,nested,4,B,IPPO|ippo_nr_seed23,IPPO,23,T,"June 2026, current reward",1,-494.3387698352881,464.10697623528813,27.0,0.6067936,2.625,192.12944069842104,191.97774229842105,0.0009910802775024777,0.0,0.0009910802775024777,0.0009910802775024777,0.1159563924677899,32,3.044598612487612,1,1.4152122961877123,1.4152122961877123,1.0,0.55
main,v040,LOSO-nes-f4,secondary,LOSO,nested,4,B,IPPO|ippo_nr_seed23,IPPO,23,T,"June 2026, current reward",2,-284.9985711009401,284.9985711009401,0.0,0.0,0.0,206.8379829505226,206.8379829505226,0.0,0.0,0.0,0.0,0.0,0,0.0,0,0.0,0.0,0.0,0.55
main,v040,LOSO-nes-f4,secondary,LOSO,nested,4,B,IPPO|ippo_nr_seed23,IPPO,23,T,"June 2026, current reward",3,-164.66458906754454,137.66458906754454,27.0,0.0,0.0,207.02094994347823,207.02094994347823,0.0009910802775024777,0.0009910802775024777,0.0,0.0009910802775024777,0.0,0,0.0,1,1.8444179821527968,1.8444179821527968,1.0,0.55
main,v040,LOSO-nes-f4,secondary,LOSO,nested,4,B,IPPO|ippo_nr_seed23,IPPO,23,T,"June 2026, current reward",4,-645.7184926602238,563.2254728602238,81.0,0.4930198,1.0,187.43324725721692,187.30999230721693,0.002973240832507433,0.0,0.002973240832507433,0.002973240832507433,0.14469772051536176,26,2.4737363726461843,3,1.4152122961877123,1.4152122961877123,1.0,0.55
main,v040,LOSO-nes-f4,secondary,LOSO,nested,4,B,IPPO|ippo_nr_seed23,IPPO,23,T,"June 2026, current reward",5,-390.57451142378966,388.3090392237897,0.0,0.2654722,2.0,202.83974448711493,202.77337643711493,0.0,0.0,0.0,0.0,0.03270564915758176,14,1.33201189296333,0,0.0,0.0,0.0,0.55
main,v040,LOSO-nes-f4,secondary,LOSO,nested,4,B,IPPO|ippo_nr_seed23,IPPO,23,T,"June 2026, current reward",6,-708.5542189107939,699.3448777107939,0.0,0.8343412,8.375,193.58158533884085,193.37300003884087,0.0,0.0,0.0,0.0,0.09514370664023786,44,4.186323092170466,0,0.0,0.0,0.0,0.55
main,v040,LOSO-nes-f4,secondary,LOSO,nested,4,B,IPPO|ippo_nr_seed23,IPPO,23,T,"June 2026, current reward",7,-614.5510286554804,576.2166874554805,27.0,0.8343412000000001,10.5,193.93912837766885,193.73054307766887,0.0009910802775024777,0.0,0.0009910802775024777,0.0009910802775024777,0.10604558969276512,44,4.186323092170466,1,1.4152122961877123,1.4152122961877123,1.0,0.55
main,v040,LOSO-nes-f4,secondary,LOSO,nested,4,B,IPPO|ippo_nr_seed23,IPPO,23,T,"June 2026, current reward",8,-395.3372203895465,393.8484465895465,0.0,0.11377380000000001,1.375,206.27031268884716,206.24186923884713,0.0,0.0,0.0,0.0,0.003964321110009911,6,0.5708622398414271,0,0.0,0.0,0.0,0.55
main,v040,LOSO-nes-f4,secondary,LOSO,nested,4,B,IPPO|ippo_nr_seed23,IPPO,23,T,"June 2026, current reward",9,-458.8853924584648,80.88539245846486,378.0,0.0,0.0,207.31099557366122,207.31099557366122,0.013875123885034688,0.013875123885034688,0.0,0.013875123885034688,0.0,0,0.0,14,15.378689542088106,64.86442239359408,1.0,0.55
main,v040,LOSO-nes-f4,secondary,LOSO,nested,4,B,IPPO|ippo_nr_seed42,IPPO,42,T,"June 2026, current reward",all,-4946.427706694041,4323.597322094041,594.0,3.8303846000000004,25.0,1969.1058550723155,1968.1482589223156,0.0022794846382556988,0.0014866204162537165,0.0006937561942517344,0.002180376610505451,0.08067393458870169,201,1.9123885034687813,22,15.9150987909003,124.49482805129415,1.0,0.55
main,v040,LOSO-nes-f4,secondary,LOSO,nested,4,B,IPPO|ippo_nr_seed42,IPPO,42,T,"June 2026, current reward",0,-847.8335276594303,788.0483372594304,54.0,0.9101904,4.875,175.25265439107824,175.02510679107826,0.0019821605550049554,0.0,0.0019821605550049554,0.0019821605550049554,0.26461843409316155,47,4.47175421209118,2,1.4152122961877123,1.4152122961877123,1.0,0.55
main,v040,LOSO-nes-f4,secondary,LOSO,nested,4,B,IPPO|ippo_nr_seed42,IPPO,42,T,"June 2026, current reward",1,-489.6140362664654,460.17016726646546,27.0,0.5688690000000001,1.875,191.5921187307356,191.4499014807356,0.0009910802775024777,0.0,0.0009910802775024777,0.0009910802775024777,0.12388503468780972,30,2.8543111992071357,1,1.4152122961877123,1.4152122961877123,1.0,0.55
main,v040,LOSO-nes-f4,secondary,LOSO,nested,4,B,IPPO|ippo_nr_seed42,IPPO,42,T,"June 2026, current reward",2,-284.9985711009401,284.9985711009401,0.0,0.0,0.0,206.8379829505226,206.8379829505226,0.0,0.0,0.0,0.0,0.0,0,0.0,0,0.0,0.0,0.0,0.55
main,v040,LOSO-nes-f4,secondary,LOSO,nested,4,B,IPPO|ippo_nr_seed42,IPPO,42,T,"June 2026, current reward",3,-164.66458906754454,137.66458906754454,27.0,0.0,0.0,207.02094994347823,207.02094994347823,0.0009910802775024777,0.0009910802775024777,0.0,0.0009910802775024777,0.0,0,0.0,1,1.8444179821527968,1.8444179821527968,1.0,0.55
main,v040,LOSO-nes-f4,secondary,LOSO,nested,4,B,IPPO|ippo_nr_seed42,IPPO,42,T,"June 2026, current reward",4,-597.7975419983713,569.0545221983714,27.0,0.4930198,1.25,188.1706281097401,188.0473731597401,0.0009910802775024777,0.0,0.0009910802775024777,0.0009910802775024777,0.1337958374628345,26,2.4737363726461843,1,1.4152122961877123,1.4152122961877123,1.0,0.55
main,v040,LOSO-nes-f4,secondary,LOSO,nested,4,B,IPPO|ippo_nr_seed42,IPPO,42,T,"June 2026, current reward",5,-405.3782448599668,405.3023956599668,0.0,0.0758492,0.0,204.26426277781474,204.24530047781474,0.0,0.0,0.0,0.0,0.019821605550049554,4,0.3805748265609515,0,0.0,0.0,0.0,0.55
main,v040,LOSO-nes-f4,secondary,LOSO,nested,4,B,IPPO|ippo_nr_seed42,IPPO,42,T,"June 2026, current reward",6,-672.9524427706752,638.2051769706752,27.0,0.8722658000000001,6.875,189.7395928063397,189.52152635633968,0.0009910802775024777,0.0,0.0009910802775024777,0.0009910802775024777,0.13875123885034688,46,4.376610505450942,1,124.49482805129415,124.49482805129415,1.0,0.55
main,v040,LOSO-nes-f4,secondary,LOSO,nested,4,B,IPPO|ippo_nr_seed42,IPPO,42,T,"June 2026, current reward",7,-630.6857307486918,567.4272387486917,54.0,0.7584919999999999,8.5,192.75332059538152,192.5636975953815,0.002973240832507433,0.0,0.0019821605550049554,0.0019821605550049554,0.11892963330029732,40,3.8057482656095147,2,1.4152122961877123,1.4152122961877123,1.0,0.55
main,v040,LOSO-nes-f4,secondary,LOSO,nested,4,B,IPPO|ippo_nr_seed42,IPPO,42,T,"June 2026, current reward",8,-393.6176297634906,391.8409313634906,0.0,0.1516984,1.625,206.16334919356382,206.12542459356382,0.0,0.0,0.0,0.0,0.006937561942517344,8,0.761149653121903,0,0.0,0.0,0.0,0.55
main,v040,LOSO-nes-f4,secondary,LOSO,nested,4,B,IPPO|ippo_nr_seed42,IPPO,42,T,"June 2026, current reward",9,-458.8853924584648,80.88539245846486,378.0,0.0,0.0,207.31099557366122,207.31099557366122,0.013875123885034688,0.013875123885034688,0.0,0.013875123885034688,0.0,0,0.0,14,15.378689542088106,64.86442239359408,1.0,0.55
main,v040,LOSO-nes-f4,secondary,LOSO,nested,4,B,IPPO|ippo_nr_seed64,IPPO,64,T,"June 2026, current reward",all,-5001.753038017542,4277.780043923485,680.2436452940567,4.8543488,38.875,1962.8985940716418,1961.6850068716417,0.0026759167492566896,0.0014866204162537165,0.0010901883052527254,0.002576808721506442,0.08771060455896927,255,2.4261645193260657,26,8.906653181143536,64.86442239359408,0.9721072375564829,0.55
main,v040,LOSO-nes-f4,secondary,LOSO,nested,4,B,IPPO|ippo_nr_seed64,IPPO,64,T,"June 2026, current reward",0,-837.3805060465788,765.5974243525222,59.243645294056684,1.2894364,11.25,172.7343054057797,172.4119463057797,0.002973240832507433,0.0,0.002973240832507433,0.002973240832507433,0.2993062438057483,67,6.374628344895937,3,1.0350709229479935,1.4152122961877123,0.7582627254895188,0.55
main,v040,LOSO-nes-f4,secondary,LOSO,nested,4,B,IPPO|ippo_nr_seed64,IPPO,64,T,"June 2026, current reward",1,-494.69470434252446,464.5879107425245,27.0,0.6067936,2.5,192.13760948589763,191.98591108589764,0.0009910802775024777,0.0,0.0009910802775024777,0.0009910802775024777,0.11793855302279485,32,3.044598612487612,1,1.4152122961877123,1.4152122961877123,1.0,0.55
main,v040,LOSO-nes-f4,secondary,LOSO,nested,4,B,IPPO|ippo_nr_seed64,IPPO,64,T,"June 2026, current reward",2,-313.0919686387124,284.4781948387124,27.0,0.11377380000000001,1.5,206.78363972522322,206.75519627522323,0.0009910802775024777,0.0,0.0009910802775024777,0.0009910802775024777,0.002973240832507433,6,0.5708622398414271,1,1.4152122961877123,1.4152122961877123,1.0,0.55
main,v040,LOSO-nes-f4,secondary,LOSO,nested,4,B,IPPO|ippo_nr_seed64,IPPO,64,T,"June 2026, current reward",3,-164.66458906754454,137.66458906754454,27.0,0.0,0.0,207.02094994347823,207.02094994347823,0.0009910802775024777,0.0009910802775024777,0.0,0.0009910802775024777,0.0,0,0.0,1,1.8444179821527968,1.8444179821527968,1.0,0.55
main,v040,LOSO-nes-f4,secondary,LOSO,nested,4,B,IPPO|ippo_nr_seed64,IPPO,64,T,"June 2026, current reward",4,-624.3908296082091,562.7573376082091,54.0,0.7584919999999999,6.875,188.13859703808237,187.94897403808233,0.0019821605550049554,0.0,0.0019821605550049554,0.0019821605550049554,0.13082259663032705,40,3.8057482656095147,2,1.4152122961877123,1.4152122961877123,1.0,0.55
main,v040,LOSO-nes-f4,secondary,LOSO,nested,4,B,IPPO|ippo_nr_seed64,IPPO,64,T,"June 2026, current reward",5,-393.8156585105753,365.63726171057533,27.0,0.30339679999999997,0.875,200.75695150465353,200.6811023046535,0.0009910802775024777,0.0,0.0009910802775024777,0.0009910802775024777,0.05550049554013875,16,1.522299306243806,1,1.4152122961877123,1.4152122961877123,1.0,0.55
main,v040,LOSO-nes-f4,secondary,LOSO,nested,4,B,IPPO|ippo_nr_seed64,IPPO,64,T,"June 2026, current reward",6,-692.3285145741502,683.20624877415,0.0,0.8722658,8.25,192.02530966597323,191.80724321597324,0.0,0.0,0.0,0.0,0.11000991080277503,46,4.376610505450942,0,0.0,0.0,0.0,0.55
main,v040,LOSO-nes-f4,secondary,LOSO,nested,4,B,IPPO|ippo_nr_seed64,IPPO,64,T,"June 2026, current reward",7,-638.1953160922618,551.8005978922617,81.0,0.6447182,4.75,190.74353219915952,190.58235264915953,0.003964321110009911,0.0,0.002973240832507433,0.002973240832507433,0.14866204162537167,34,3.2348860257680876,3,1.4152122961877123,1.4152122961877123,1.0,0.55
main,v040,LOSO-nes-f4,secondary,LOSO,nested,4,B,IPPO|ippo_nr_seed64,IPPO,64,T,"June 2026, current reward",8,-384.3055586785208,381.16508647852083,0.0,0.26547220000000005,2.875,205.2467035297332,205.18033547973317,0.0,0.0,0.0,0.0,0.011892963330029732,14,1.33201189296333,0,0.0,0.0,0.0,0.55
main,v040,LOSO-nes-f4,secondary,LOSO,nested,4,B,IPPO|ippo_nr_seed64,IPPO,64,T,"June 2026, current reward",9,-458.8853924584648,80.88539245846486,378.0,0.0,0.0,207.31099557366122,207.31099557366122,0.013875123885034688,0.013875123885034688,0.0,0.013875123885034688,0.0,0,0.0,14,15.378689542088106,64.86442239359408,1.0,0.55
main,v040,LOSO-nes-f4,secondary,LOSO,nested,4,B,IPPO|ippo_nr_seed77,IPPO,77,T,"June 2026, current reward",all,-5089.082265572253,4272.183011972254,783.0,4.3992536,29.5,1966.1666039964534,1965.0667905964538,0.0028741328047571855,0.0014866204162537165,0.0016848364717542122,0.0028741328047571855,0.08721506442021804,231,2.1978196233894947,29,16262.2931586477,163681.18370932463,1.0,0.55
main,v040,LOSO-nes-f4,secondary,LOSO,nested,4,B,IPPO|ippo_nr_seed77,IPPO,77,T,"June 2026, current reward",0,-863.74247678839,772.15388958839,81.0,1.2135872,9.375,173.6229093159593,173.3195125159593,0.002973240832507433,0.0,0.002973240832507433,0.002973240832507433,0.28344895936570863,63,5.994053518334986,3,1.4152122961877123,1.4152122961877123,1.0,0.55
main,v040,LOSO-nes-f4,secondary,LOSO,nested,4,B,IPPO|ippo_nr_seed77,IPPO,77,T,"June 2026, current reward",1,-483.4055657547416,453.04877215474164,27.0,0.6067936,2.75,190.66169151684346,190.50999311684348,0.0009910802775024777,0.0,0.0009910802775024777,0.0009910802775024777,0.13478691774033696,32,3.044598612487612,1,1.4152122961877123,1.4152122961877123,1.0,0.55
main,v040,LOSO-nes-f4,secondary,LOSO,nested,4,B,IPPO|ippo_nr_seed77,IPPO,77,T,"June 2026, current reward",2,-284.9985711009401,284.9985711009401,0.0,0.0,0.0,206.8379829505226,206.8379829505226,0.0,0.0,0.0,0.0,0.0,0,0.0,0,0.0,0.0,0.0,0.55
main,v040,LOSO-nes-f4,secondary,LOSO,nested,4,B,IPPO|ippo_nr_seed77,IPPO,77,T,"June 2026, current reward",3,-164.66458906754454,137.66458906754454,27.0,0.0,0.0,207.02094994347823,207.02094994347823,0.0009910802775024777,0.0009910802775024777,0.0,0.0009910802775024777,0.0,0,0.0,1,1.8444179821527968,1.8444179821527968,1.0,0.55
main,v040,LOSO-nes-f4,secondary,LOSO,nested,4,B,IPPO|ippo_nr_seed77,IPPO,77,T,"June 2026, current reward",4,-641.5306237353482,556.5488301353482,81.0,0.6067936,3.375,187.0149165505885,186.86321815058852,0.002973240832507433,0.0,0.002973240832507433,0.002973240832507433,0.1466798810703667,32,3.044598612487612,3,1.4152122961877123,1.4152122961877123,1.0,0.55
main,v040,LOSO-nes-f4,secondary,LOSO,nested,4,B,IPPO|ippo_nr_seed77,IPPO,77,T,"June 2026, current reward",5,-402.3838910342056,373.9554942342056,27.0,0.3033968,1.125,201.74404051306232,201.66819131306232,0.0009910802775024777,0.0,0.0009910802775024777,0.0009910802775024777,0.048562933597621406,16,1.522299306243806,1,1.4152122961877123,1.4152122961877123,1.0,0.55
main,v040,LOSO-nes-f4,secondary,LOSO,nested,4,B,IPPO|ippo_nr_seed77,IPPO,77,T,"June 2026, current reward",6,-720.9026731676781,631.291633567678,81.0,0.9860396,7.625,188.81567157045777,188.56916167045776,0.002973240832507433,0.0,0.002973240832507433,0.002973240832507433,0.15163528245787908,52,4.947472745292369,3,83.30507765289248,124.49482805129415,1.0,0.55
main,v040,LOSO-nes-f4,secondary,LOSO,nested,4,B,IPPO|ippo_nr_seed77,IPPO,77,T,"June 2026, current reward",7,-639.4970052764795,579.8522870764796,54.0,0.6447182,5.0,194.31706025455563,194.1558807045556,0.0019821605550049554,0.0,0.0019821605550049554,0.0019821605550049554,0.10406342913776016,34,3.2348860257680876,2,1.4152122961877123,1.4152122961877123,1.0,0.55
main,v040,LOSO-nes-f4,secondary,LOSO,nested,4,B,IPPO|ippo_nr_seed77,IPPO,77,T,"June 2026, current reward",8,-401.6059243799335,401.6059243799335,0.0,0.0,0.0,206.7979347424846,206.7979347424846,0.0,0.0,0.0,0.0,0.0,0,0.0,0,0.0,0.0,0.0,0.55
main,v040,LOSO-nes-f4,secondary,LOSO,nested,4,B,IPPO|ippo_nr_seed77,IPPO,77,T,"June 2026, current reward",9,-486.3509452669921,81.06302066699205,405.0,0.0379246,0.25,209.33344663850116,209.32396548850116,0.014866204162537165,0.013875123885034688,0.003964321110009911,0.014866204162537165,0.002973240832507433,2,0.19028741328047574,15,31422.705988458707,163681.18370932463,1.0,0.55
main,v040,LOSO-nes-f4,secondary,LOSO,nested,4,B,IPPO|ippo_nr_seed99,IPPO,99,T,"June 2026, current reward",all,-5145.667773947274,4314.254559947274,810.0,3.413214,18.0,1967.940628539906,1967.0873250399059,0.003072348860257681,0.0014866204162537165,0.0014866204162537165,0.002973240832507433,0.08513379583746283,179,1.7030723488602577,30,16.134795069477207,124.49482805129415,1.0,0.55
main,v040,LOSO-nes-f4,secondary,LOSO,nested,4,B,IPPO|ippo_nr_seed99,IPPO,99,T,"June 2026, current reward",0,-908.9651780132713,799.2713090132713,108.0,0.5688690000000001,1.125,176.88887457032894,176.74665732032892,0.003964321110009911,0.0,0.003964321110009911,0.003964321110009911,0.25173439048562934,29,2.759167492566898,4,1.4152122961877123,1.4152122961877123,1.0,0.55
main,v040,LOSO-nes-f4,secondary,LOSO,nested,4,B,IPPO|ippo_nr_seed99,IPPO,99,T,"June 2026, current reward",1,-503.44900254925335,473.5051335492533,27.0,0.5688690000000001,2.375,192.95844828080718,192.8162310308072,0.0009910802775024777,0.0,0.0009910802775024777,0.0009910802775024777,0.11000991080277503,30,2.8543111992071357,1,1.4152122961877123,1.4152122961877123,1.0,0.55
main,v040,LOSO-nes-f4,secondary,LOSO,nested,4,B,IPPO|ippo_nr_seed99,IPPO,99,T,"June 2026, current reward",2,-284.9985711009401,284.9985711009401,0.0,0.0,0.0,206.8379829505226,206.8379829505226,0.0,0.0,0.0,0.0,0.0,0,0.0,0,0.0,0.0,0.0,0.55
main,v040,LOSO-nes-f4,secondary,LOSO,nested,4,B,IPPO|ippo_nr_seed99,IPPO,99,T,"June 2026, current reward",3,-164.66458906754454,137.66458906754454,27.0,0.0,0.0,207.02094994347823,207.02094994347823,0.0009910802775024777,0.0009910802775024777,0.0,0.0009910802775024777,0.0,0,0.0,1,1.8444179821527968,1.8444179821527968,1.0,0.55
main,v040,LOSO-nes-f4,secondary,LOSO,nested,4,B,IPPO|ippo_nr_seed99,IPPO,99,T,"June 2026, current reward",4,-641.4626313394042,557.1437623394042,81.0,0.5688690000000001,2.75,187.0380119428601,186.8957946928601,0.002973240832507433,0.0,0.002973240832507433,0.002973240832507433,0.14866204162537167,30,2.8543111992071357,3,1.4152122961877123,1.4152122961877123,1.0,0.55
main,v040,LOSO-nes-f4,secondary,LOSO,nested,4,B,IPPO|ippo_nr_seed99,IPPO,99,T,"June 2026, current reward",5,-410.20673552138345,410.13088632138346,0.0,0.0758492,0.0,204.58643062293186,204.56746832293186,0.0,0.0,0.0,0.0,0.017839444995044598,4,0.3805748265609515,0,0.0,0.0,0.0,0.55
main,v040,LOSO-nes-f4,secondary,LOSO,nested,4,B,IPPO|ippo_nr_seed99,IPPO,99,T,"June 2026, current reward",6,-694.5866203973762,632.3014299973762,54.0,0.9101904000000001,7.375,189.09956594119672,188.8720183411967,0.0019821605550049554,0.0,0.0019821605550049554,0.0019821605550049554,0.14469772051536176,48,4.566897918731417,2,124.25001033124485,124.49482805129415,1.0,0.55
main,v040,LOSO-nes-f4,secondary,LOSO,nested,4,B,IPPO|ippo_nr_seed99,IPPO,99,T,"June 2026, current reward",7,-685.2960058520302,545.9012876520303,135.0,0.6447182,3.75,190.07170942266663,189.91052987266664,0.005946481665014866,0.0,0.004955401387512388,0.004955401387512388,0.1734390485629336,34,3.2348860257680876,5,1.4152122961877123,1.4152122961877123,1.0,0.55
main,v040,LOSO-nes-f4,secondary,LOSO,nested,4,B,IPPO|ippo_nr_seed99,IPPO,99,T,"June 2026, current reward",8,-393.1530476476054,392.4521984476054,0.0,0.0758492,0.625,206.12765929145235,206.10869699145235,0.0,0.0,0.0,0.0,0.004955401387512388,4,0.3805748265609515,0,0.0,0.0,0.0,0.55
main,v040,LOSO-nes-f4,secondary,LOSO,nested,4,B,IPPO|ippo_nr_seed99,IPPO,99,T,"June 2026, current reward",9,-458.8853924584648,80.88539245846486,378.0,0.0,0.0,207.31099557366122,207.31099557366122,0.013875123885034688,0.013875123885034688,0.0,0.013875123885034688,0.0,0,0.0,14,15.378689542088106,64.86442239359408,1.0,0.55
main,v040,LOSO-nes-f4,secondary,LOSO,nested,4,B,MAPPO|mappo_pool_off_seed1_20260526T162327/mappo_best.pt,MAPPO,1,T,search-only (scenario-variant sweep dir); traced to Table I,all,-4811.048016595467,4217.8902709954655,540.0,5.1577456,48.0,1962.100851047904,1960.8114146479038,0.0020812685827552033,0.0014866204162537165,0.0004955401387512388,0.0019821605550049554,0.08097125867195243,272,2.58790882061447,20,17.340605668366635,124.00519261119555,1.0,0.22
main,v040,LOSO-nes-f4,secondary,LOSO,nested,4,B,MAPPO|mappo_pool_off_seed1_20260526T162327/mappo_best.pt,MAPPO,1,T,search-only (scenario-variant sweep dir); traced to Table I,0,-812.441569403624,799.765906803624,0.0,1.1756626,11.5,177.6367129891051,177.34279733910506,0.0,0.0,0.0,0.0,0.21605550049554015,62,5.898909811694748,0,0.0,0.0,0.0,0.22
main,v040,LOSO-nes-f4,secondary,LOSO,nested,4,B,MAPPO|mappo_pool_off_seed1_20260526T162327/mappo_best.pt,MAPPO,1,T,search-only (scenario-variant sweep dir); traced to Table I,1,-496.5848121511202,462.07632015112017,27.0,0.7584919999999999,6.75,192.09630250959856,191.90667950959852,0.0009910802775024777,0.0,0.0009910802775024777,0.0009910802775024777,0.10901883052527254,40,3.8057482656095147,1,1.4152122961877123,1.4152122961877123,1.0,0.22
main,v040,LOSO-nes-f4,secondary,LOSO,nested,4,B,MAPPO|mappo_pool_off_seed1_20260526T162327/mappo_best.pt,MAPPO,1,T,search-only (scenario-variant sweep dir); traced to Table I,2,-281.6984568426568,280.0846830426568,0.0,0.11377380000000001,1.5,206.48236877462625,206.45392532462625,0.0,0.0,0.0,0.0,0.002973240832507433,6,0.5708622398414271,0,0.0,0.0,0.0,0.22
main,v040,LOSO-nes-f4,secondary,LOSO,nested,4,B,MAPPO|mappo_pool_off_seed1_20260526T162327/mappo_best.pt,MAPPO,1,T,search-only (scenario-variant sweep dir); traced to Table I,3,-164.66458906754454,137.66458906754454,27.0,0.0,0.0,207.02094994347823,207.02094994347823,0.0009910802775024777,0.0009910802775024777,0.0,0.0009910802775024777,0.0,0,0.0,1,1.8444179821527968,1.8444179821527968,1.0,0.22
main,v040,LOSO-nes-f4,secondary,LOSO,nested,4,B,MAPPO|mappo_pool_off_seed1_20260526T162327/mappo_best.pt,MAPPO,1,T,search-only (scenario-variant sweep dir); traced to Table I,4,-605.3553961777608,544.1348287777607,54.0,0.7205674000000001,6.5,186.21265203924207,186.0325101892421,0.0019821605550049554,0.0,0.0019821605550049554,0.0019821605550049554,0.14866204162537167,38,3.615460852329039,2,1.4152122961877123,1.4152122961877123,1.0,0.22
main,v040,LOSO-nes-f4,secondary,LOSO,nested,4,B,MAPPO|mappo_pool_off_seed1_20260526T162327/mappo_best.pt,MAPPO,1,T,search-only (scenario-variant sweep dir); traced to Table I,5,-365.0416832513599,361.91243725135996,0.0,0.379246,2.75,200.3909036891956,200.29609218919558,0.0,0.0,0.0,0.0,0.05252725470763132,20,1.9028741328047574,0,0.0,0.0,0.0,0.22
main,v040,LOSO-nes-f4,secondary,LOSO,nested,4,B,MAPPO|mappo_pool_off_seed1_20260526T162327/mappo_best.pt,MAPPO,1,T,search-only (scenario-variant sweep dir); traced to Table I,6,-667.7080927834858,629.9341285834859,27.0,1.0239642,9.75,189.13128929499257,188.87529824499256,0.0009910802775024777,0.0,0.0009910802775024777,0.0009910802775024777,0.13577799801783944,54,5.137760158572845,1,124.00519261119555,124.00519261119555,1.0,0.22
main,v040,LOSO-nes-f4,secondary,LOSO,nested,4,B,MAPPO|mappo_pool_off_seed1_20260526T162327/mappo_best.pt,MAPPO,1,T,search-only (scenario-variant sweep dir); traced to Table I,7,-595.0657739043318,563.4969049043318,27.0,0.5688690000000001,4.0,192.62024838952146,192.47803113952148,0.0019821605550049554,0.0,0.0009910802775024777,0.0009910802775024777,0.11496531219028741,30,2.8543111992071357,1,1.4152122961877123,1.4152122961877123,1.0,0.22
main,v040,LOSO-nes-f4,secondary,LOSO,nested,4,B,MAPPO|mappo_pool_off_seed1_20260526T162327/mappo_best.pt,MAPPO,1,T,search-only (scenario-variant sweep dir); traced to Table I,8,-363.60225055511756,357.93507995511754,0.0,0.41717060000000006,5.25,203.1984278444827,203.0941351944827,0.0,0.0,0.0,0.0,0.02973240832507433,22,2.093161546085233,0,0.0,0.0,0.0,0.22
main,v040,LOSO-nes-f4,secondary,LOSO,nested,4,B,MAPPO|mappo_pool_off_seed1_20260526T162327/mappo_best.pt,MAPPO,1,T,search-only (scenario-variant sweep dir); traced to Table I,9,-458.8853924584648,80.88539245846486,378.0,0.0,0.0,207.31099557366122,207.31099557366122,0.013875123885034688,0.013875123885034688,0.0,0.013875123885034688,0.0,0,0.0,14,15.378689542088106,64.86442239359408,1.0,0.22
main,v040,LOSO-nes-f4,secondary,LOSO,nested,4,B,MAPPO|mappo_pool_off_seed7_20260526T162327/mappo_best.pt,MAPPO,7,T,search-only (scenario-variant sweep dir); traced to Table I,all,-4831.904324440897,4169.332142440898,594.0,6.447182,62.125,1956.5323045273533,1954.920509027353,0.0023785926660059467,0.0014866204162537165,0.0006937561942517344,0.002180376610505451,0.08840436075322101,340,3.2348860257680876,22,15.892842634532185,124.00519261119555,1.0,0.22
main,v040,LOSO-nes-f4,secondary,LOSO,nested,4,B,MAPPO|mappo_pool_off_seed7_20260526T162327/mappo_best.pt,MAPPO,7,T,search-only (scenario-variant sweep dir); traced to Table I,0,-802.7473158154696,791.2078794154695,0.0,1.2894364,10.25,176.31176686119477,175.9894077611948,0.0,0.0,0.0,0.0,0.23389494549058473,68,6.469772051536175,0,0.0,0.0,0.0,0.22
main,v040,LOSO-nes-f4,secondary,LOSO,nested,4,B,MAPPO|mappo_pool_off_seed7_20260526T162327/mappo_best.pt,MAPPO,7,T,search-only (scenario-variant sweep dir); traced to Table I,1,-494.35053693739593,456.52742193739596,27.0,0.948115,9.875,191.33298979195925,191.09596104195924,0.0009910802775024777,0.0,0.0009910802775024777,0.0009910802775024777,0.11793855302279485,50,4.757185332011893,1,1.4152122961877123,1.4152122961877123,1.0,0.22
main,v040,LOSO-nes-f4,secondary,LOSO,nested,4,B,MAPPO|mappo_pool_off_seed7_20260526T162327/mappo_best.pt,MAPPO,7,T,search-only (scenario-variant sweep dir); traced to Table I,2,-280.0549012118988,276.78942901189885,0.0,0.26547220000000005,3.0,206.07781796799355,206.01144991799356,0.0009910802775024777,0.0,0.0,0.0,0.010901883052527254,14,1.33201189296333,0,0.0,0.0,0.0,0.22
main,v040,LOSO-nes-f4,secondary,LOSO,nested,4,B,MAPPO|mappo_pool_off_seed7_20260526T162327/mappo_best.pt,MAPPO,7,T,search-only (scenario-variant sweep dir); traced to Table I,3,-164.66458906754454,137.66458906754454,27.0,0.0,0.0,207.02094994347823,207.02094994347823,0.0009910802775024777,0.0009910802775024777,0.0,0.0009910802775024777,0.0,0,0.0,1,1.8444179821527968,1.8444179821527968,1.0,0.22
main,v040,LOSO-nes-f4,secondary,LOSO,nested,4,B,MAPPO|mappo_pool_off_seed7_20260526T162327/mappo_best.pt,MAPPO,7,T,search-only (scenario-variant sweep dir); traced to Table I,4,-602.5640079918721,541.6805159918722,54.0,0.758492,6.125,185.91439187695727,185.72476887695723,0.0019821605550049554,0.0,0.0019821605550049554,0.0019821605550049554,0.15262636273538158,40,3.8057482656095147,2,1.4152122961877123,1.4152122961877123,1.0,0.22
main,v040,LOSO-nes-f4,secondary,LOSO,nested,4,B,MAPPO|mappo_pool_off_seed7_20260526T162327/mappo_best.pt,MAPPO,7,T,search-only (scenario-variant sweep dir); traced to Table I,5,-387.79901279087846,354.98014379087846,27.0,0.5688690000000001,5.25,199.75139157974672,199.60917432974674,0.0009910802775024777,0.0,0.0009910802775024777,0.0009910802775024777,0.062438057482656094,30,2.8543111992071357,1,1.4152122961877123,1.4152122961877123,1.0,0.22
main,v040,LOSO-nes-f4,secondary,LOSO,nested,4,B,MAPPO|mappo_pool_off_seed7_20260526T162327/mappo_best.pt,MAPPO,7,T,search-only (scenario-variant sweep dir); traced to Table I,6,-686.7926841240043,617.6282477240043,54.0,1.2894364,13.875,187.99251597533384,187.67015687533382,0.0019821605550049554,0.0,0.0019821605550049554,0.0019821605550049554,0.1466798810703667,68,6.469772051536175,2,62.710202453691636,124.00519261119555,1.0,0.22
main,v040,LOSO-nes-f4,secondary,LOSO,nested,4,B,MAPPO|mappo_pool_off_seed7_20260526T162327/mappo_best.pt,MAPPO,7,T,search-only (scenario-variant sweep dir); traced to Table I,7,-592.8180024595531,557.1465858595532,27.0,0.7964166,7.875,191.97110785068628,191.77200370068624,0.0019821605550049554,0.0,0.0009910802775024777,0.0009910802775024777,0.12388503468780972,42,3.9960356788899905,1,1.4152122961877123,1.4152122961877123,1.0,0.22
main,v040,LOSO-nes-f4,secondary,LOSO,nested,4,B,MAPPO|mappo_pool_off_seed7_20260526T162327/mappo_best.pt,MAPPO,7,T,search-only (scenario-variant sweep dir); traced to Table I,8,-361.22788158381513,354.8219371838151,0.0,0.5309444,5.875,202.84837710634213,202.71564100634214,0.0,0.0,0.0,0.0,0.035678889990089196,28,2.66402378592666,0,0.0,0.0,0.0,0.22
main,v040,LOSO-nes-f4,secondary,LOSO,nested,4,B,MAPPO|mappo_pool_off_seed7_20260526T162327/mappo_best.pt,MAPPO,7,T,search-only (scenario-variant sweep dir); traced to Table I,9,-458.8853924584648,80.88539245846486,378.0,0.0,0.0,207.31099557366122,207.31099557366122,0.013875123885034688,0.013875123885034688,0.0,0.013875123885034688,0.0,0,0.0,14,15.378689542088106,64.86442239359408,1.0,0.22
main,v040,LOSO-nes-f4,secondary,LOSO,nested,4,B,MAPPO|mappo_pool_off_seed13_20260526T162327/mappo_best.pt,MAPPO,13,T,search-only (scenario-variant sweep dir); traced to Table I,all,-4826.1596340232845,4200.361416223284,567.0,5.423217800000001,53.375,1960.1940487453792,1958.8382442953791,0.0020812685827552033,0.0014866204162537165,0.0005946481665014867,0.0020812685827552033,0.08285431119920714,286,2.721110009910803,21,16.582253603024782,124.00519261119555,1.0,0.22
main,v040,LOSO-nes-f4,secondary,LOSO,nested,4,B,MAPPO|mappo_pool_off_seed13_20260526T162327/mappo_best.pt,MAPPO,13,T,search-only (scenario-variant sweep dir); traced to Table I,0,-807.5325939204666,793.9440067204666,0.0,1.2135872,12.375,176.95944120722845,176.65604440722848,0.0,0.0,0.0,0.0,0.22299306243805747,64,6.089197224975224,0,0.0,0.0,0.0,0.22
main,v040,LOSO-nes-f4,secondary,LOSO,nested,4,B,MAPPO|mappo_pool_off_seed13_20260526T162327/mappo_best.pt,MAPPO,13,T,search-only (scenario-variant sweep dir); traced to Table I,1,-498.25901909659717,459.72382869659725,27.0,0.9101904000000001,10.625,191.82447929319386,191.59693169319388,0.0009910802775024777,0.0,0.0009910802775024777,0.0009910802775024777,0.1110009910802775,48,4.566897918731417,1,1.4152122961877123,1.4152122961877123,1.0,0.22
main,v040,LOSO-nes-f4,secondary,LOSO,nested,4,B,MAPPO|mappo_pool_off_seed13_20260526T162327/mappo_best.pt,MAPPO,13,T,search-only (scenario-variant sweep dir); traced to Table I,2,-282.4265879479151,281.3507387479151,0.0,0.0758492,1.0,206.58821033433387,206.56924803433387,0.0,0.0,0.0,0.0,0.0019821605550049554,4,0.3805748265609515,0,0.0,0.0,0.0,0.22
main,v040,LOSO-nes-f4,secondary,LOSO,nested,4,B,MAPPO|mappo_pool_off_seed13_20260526T162327/mappo_best.pt,MAPPO,13,T,search-only (scenario-variant sweep dir); traced to Table I,3,-164.66458906754454,137.66458906754454,27.0,0.0,0.0,207.02094994347823,207.02094994347823,0.0009910802775024777,0.0009910802775024777,0.0,0.0009910802775024777,0.0,0,0.0,1,1.8444179821527968,1.8444179821527968,1.0,0.22
main,v040,LOSO-nes-f4,secondary,LOSO,nested,4,B,MAPPO|mappo_pool_off_seed13_20260526T162327/mappo_best.pt,MAPPO,13,T,search-only (scenario-variant sweep dir); traced to Table I,4,-629.6872214421384,541.1787294421384,81.0,0.758492,6.75,185.85980445289184,185.67018145289182,0.002973240832507433,0.0,0.002973240832507433,0.002973240832507433,0.15262636273538158,40,3.8057482656095147,3,1.4152122961877123,1.4152122961877123,1.0,0.22
main,v040,LOSO-nes-f4,secondary,LOSO,nested,4,B,MAPPO|mappo_pool_off_seed13_20260526T162327/mappo_best.pt,MAPPO,13,T,search-only (scenario-variant sweep dir); traced to Table I,5,-359.7013054421036,356.57205944210364,0.0,0.379246,2.75,199.81766369745995,199.72285219745993,0.0,0.0,0.0,0.0,0.05847373637264618,20,1.9028741328047574,0,0.0,0.0,0.0,0.22
main,v040,LOSO-nes-f4,secondary,LOSO,nested,4,B,MAPPO|mappo_pool_off_seed13_20260526T162327/mappo_best.pt,MAPPO,13,T,search-only (scenario-variant sweep dir); traced to Table I,6,-666.6189379737523,628.3070491737524,27.0,1.0618888,10.25,189.11585805387924,188.85038585387923,0.0009910802775024777,0.0,0.0009910802775024777,0.0009910802775024777,0.1337958374628345,56,5.32804757185332,1,124.00519261119555,124.00519261119555,1.0,0.22
main,v040,LOSO-nes-f4,secondary,LOSO,nested,4,B,MAPPO|mappo_pool_off_seed13_20260526T162327/mappo_best.pt,MAPPO,13,T,search-only (scenario-variant sweep dir); traced to Table I,7,-594.5360270313297,562.3042334313296,27.0,0.6067936,4.625,192.39364334310258,192.24194494310257,0.0009910802775024777,0.0,0.0009910802775024777,0.0009910802775024777,0.11892963330029732,32,3.044598612487612,1,1.4152122961877123,1.4152122961877123,1.0,0.22
main,v040,LOSO-nes-f4,secondary,LOSO,nested,4,B,MAPPO|mappo_pool_off_seed13_20260526T162327/mappo_best.pt,MAPPO,13,T,search-only (scenario-variant sweep dir); traced to Table I,8,-363.847959642972,358.43078904297204,0.0,0.41717060000000006,5.0,203.30300284614987,203.19871019614988,0.0,0.0,0.0,0.0,0.028741328047571853,22,2.093161546085233,0,0.0,0.0,0.0,0.22
main,v040,LOSO-nes-f4,secondary,LOSO,nested,4,B,MAPPO|mappo_pool_off_seed13_20260526T162327/mappo_best.pt,MAPPO,13,T,search-only (scenario-variant sweep dir); traced to Table I,9,-458.8853924584648,80.88539245846486,378.0,0.0,0.0,207.31099557366122,207.31099557366122,0.013875123885034688,0.013875123885034688,0.0,0.013875123885034688,0.0,0,0.0,14,15.378689542088106,64.86442239359408,1.0,0.22
main,v040,LOSO-nes-f4,secondary,LOSO,nested,4,B,MAPPO|mappo_pool_off_seed77_20260526T162327/mappo_best.pt,MAPPO,77,T,search-only (scenario-variant sweep dir); traced to Table I,all,-4786.948024288506,4252.604901688505,486.0,4.968122599999999,43.375,1966.6435029705108,1965.4014723205105,0.00178394449950446,0.0014866204162537165,0.00029732408325074334,0.00178394449950446,0.07591674925668979,262,2.492765113974232,18,12.299539358886078,64.86442239359408,1.0,0.22
main,v040,LOSO-nes-f4,secondary,LOSO,nested,4,B,MAPPO|mappo_pool_off_seed77_20260526T162327/mappo_best.pt,MAPPO,77,T,search-only (scenario-variant sweep dir); traced to Table I,0,-824.9063264178533,815.6702868178534,0.0,0.9860396,8.25,179.56229228996844,179.31578238996843,0.0,0.0,0.0,0.0,0.1962338949454906,52,4.947472745292369,0,0.0,0.0,0.0,0.22
main,v040,LOSO-nes-f4,secondary,LOSO,nested,4,B,MAPPO|mappo_pool_off_seed77_20260526T162327/mappo_best.pt,MAPPO,77,T,search-only (scenario-variant sweep dir); traced to Table I,1,-501.0185370580632,465.84712045806316,27.0,0.7964166,7.375,192.54229885036898,192.343194700369,0.0009910802775024777,0.0,0.0009910802775024777,0.0009910802775024777,0.10307234886025768,42,3.9960356788899905,1,1.4152122961877123,1.4152122961877123,1.0,0.22
main,v040,LOSO-nes-f4,secondary,LOSO,nested,4,B,MAPPO|mappo_pool_off_seed77_20260526T162327/mappo_best.pt,MAPPO,77,T,search-only (scenario-variant sweep dir); traced to Table I,2,-282.25460580167214,280.64083200167215,0.0,0.11377380000000001,1.5,206.50584653570917,206.47740308570917,0.0,0.0,0.0,0.0,0.002973240832507433,6,0.5708622398414271,0,0.0,0.0,0.0,0.22
main,v040,LOSO-nes-f4,secondary,LOSO,nested,4,B,MAPPO|mappo_pool_off_seed77_20260526T162327/mappo_best.pt,MAPPO,77,T,search-only (scenario-variant sweep dir); traced to Table I,3,-164.66458906754454,137.66458906754454,27.0,0.0,0.0,207.02094994347823,207.02094994347823,0.0009910802775024777,0.0009910802775024777,0.0,0.0009910802775024777,0.0,0,0.0,1,1.8444179821527968,1.8444179821527968,1.0,0.22
main,v040,LOSO-nes-f4,secondary,LOSO,nested,4,B,MAPPO|mappo_pool_off_seed77_20260526T162327/mappo_best.pt,MAPPO,77,T,search-only (scenario-variant sweep dir); traced to Table I,4,-583.1580311057937,549.8124637057938,27.0,0.7205674000000001,5.625,186.95325439504035,186.77311254504036,0.0009910802775024777,0.0,0.0009910802775024777,0.0009910802775024777,0.14073339940535184,38,3.615460852329039,1,1.4152122961877123,1.4152122961877123,1.0,0.22
main,v040,LOSO-nes-f4,secondary,LOSO,nested,4,B,MAPPO|mappo_pool_off_seed77_20260526T162327/mappo_best.pt,MAPPO,77,T,search-only (scenario-variant sweep dir); traced to Table I,5,-366.1369242835415,364.3335274835415,0.0,0.3033968,1.5,200.74533386221592,200.6694846622159,0.0,0.0,0.0,0.0,0.048562933597621406,16,1.522299306243806,0,0.0,0.0,0.0,0.22
main,v040,LOSO-nes-f4,secondary,LOSO,nested,4,B,MAPPO|mappo_pool_off_seed77_20260526T162327/mappo_best.pt,MAPPO,77,T,search-only (scenario-variant sweep dir); traced to Table I,6,-641.8163684494656,630.3794796494656,0.0,1.0618888000000002,10.375,189.38162404609983,189.11615184609983,0.0,0.0,0.0,0.0,0.13082259663032705,56,5.32804757185332,0,0.0,0.0,0.0,0.22
main,v040,LOSO-nes-f4,secondary,LOSO,nested,4,B,MAPPO|mappo_pool_off_seed77_20260526T162327/mappo_best.pt,MAPPO,77,T,search-only (scenario-variant sweep dir); traced to Table I,7,-594.2672638180244,562.7854702180243,27.0,0.6067936,3.875,192.56529331668992,192.4135949166899,0.0009910802775024777,0.0,0.0009910802775024777,0.0009910802775024777,0.1159563924677899,32,3.044598612487612,1,1.4152122961877123,1.4152122961877123,1.0,0.22
main,v040,LOSO-nes-f4,secondary,LOSO,nested,4,B,MAPPO|mappo_pool_off_seed77_20260526T162327/mappo_best.pt,MAPPO,77,T,search-only (scenario-variant sweep dir); traced to Table I,8,-369.83998582808283,364.58573982808286,0.0,0.37924599999999997,4.875,204.0556141572785,203.96080265727852,0.0,0.0,0.0,0.0,0.02081268582755203,20,1.9028741328047574,0,0.0,0.0,0.0,0.22
main,v040,LOSO-nes-f4,secondary,LOSO,nested,4,B,MAPPO|mappo_pool_off_seed77_20260526T162327/mappo_best.pt,MAPPO,77,T,search-only (scenario-variant sweep dir); traced to Table I,9,-458.8853924584648,80.88539245846486,378.0,0.0,0.0,207.31099557366122,207.31099557366122,0.013875123885034688,0.013875123885034688,0.0,0.013875123885034688,0.0,0,0.0,14,15.378689542088106,64.86442239359408,1.0,0.22
main,v040,LOSO-nes-f4,secondary,LOSO,nested,4,B,"Hysteresis (fixed, t_up=81, b=50 Mbps)|-",Hysteresis (fixed),0,baseline,baseline,all,-5476.064972029008,4576.072549134951,896.2436452940567,2.1237776,1.625,1991.3269135667056,1990.7959691667056,0.003468780971258672,0.0014866204162537165,0.0018830525272547076,0.0033696729435084244,0.07472745292368682,111,1.0560951437066404,34,7.143961208212755,64.86442239359408,0.9786702404843692,0.22
main,v040,LOSO-nes-f4,secondary,LOSO,nested,4,B,"Hysteresis (fixed, t_up=81, b=50 Mbps)|-",Hysteresis (fixed),0,baseline,baseline,0,-986.303009633905,850.7229144339051,135.0,0.45509520000000003,0.125,182.42157599361687,182.30780219361685,0.004955401387512388,0.0,0.004955401387512388,0.004955401387512388,0.22497522299306244,23,2.188305252725471,5,1.4152122961877123,1.4152122961877123,1.0,0.22
main,v040,LOSO-nes-f4,secondary,LOSO,nested,4,B,"Hysteresis (fixed, t_up=81, b=50 Mbps)|-",Hysteresis (fixed),0,baseline,baseline,1,-545.1289273765274,490.7496813765274,54.0,0.379246,0.0,194.05588507421447,193.96107357421445,0.0019821605550049554,0.0,0.0019821605550049554,0.0019821605550049554,0.12586719524281467,20,1.9028741328047574,2,1.4152122961877123,1.4152122961877123,1.0,0.22
main,v040,LOSO-nes-f4,secondary,LOSO,nested,4,B,"Hysteresis (fixed, t_up=81, b=50 Mbps)|-",Hysteresis (fixed),0,baseline,baseline,2,-284.9985711009401,284.9985711009401,0.0,0.0,0.0,206.8379829505226,206.8379829505226,0.0,0.0,0.0,0.0,0.0,0,0.0,0,0.0,0.0,0.0,0.22
main,v040,LOSO-nes-f4,secondary,LOSO,nested,4,B,"Hysteresis (fixed, t_up=81, b=50 Mbps)|-",Hysteresis (fixed),0,baseline,baseline,3,-164.66458906754454,137.66458906754454,27.0,0.0,0.0,207.02094994347823,207.02094994347823,0.0009910802775024777,0.0009910802775024777,0.0,0.0009910802775024777,0.0,0,0.0,1,1.8444179821527968,1.8444179821527968,1.0,0.22
main,v040,LOSO-nes-f4,secondary,LOSO,nested,4,B,"Hysteresis (fixed, t_up=81, b=50 Mbps)|-",Hysteresis (fixed),0,baseline,baseline,4,-696.5637643460159,582.2779484519592,113.24364529405668,0.4171706,0.625,190.1950639769905,190.0907713269905,0.005946481665014866,0.0,0.004955401387512388,0.004955401387512388,0.14866204162537167,22,2.093161546085233,5,1.1871274722438812,1.4152122961877123,0.8549576352937113,0.22
main,v040,LOSO-nes-f4,secondary,LOSO,nested,4,B,"Hysteresis (fixed, t_up=81, b=50 Mbps)|-",Hysteresis (fixed),0,baseline,baseline,5,-415.93114985712543,415.85530065712544,0.0,0.0758492,0.0,204.76143172911512,204.74246942911512,0.0,0.0,0.0,0.0,0.018830525272547076,4,0.3805748265609515,0,0.0,0.0,0.0,0.22
main,v040,LOSO-nes-f4,secondary,LOSO,nested,4,B,"Hysteresis (fixed, t_up=81, b=50 Mbps)|-",Hysteresis (fixed),0,baseline,baseline,6,-830.1291747025468,720.7990795025469,108.0,0.4550952,0.875,195.57687813438582,195.4631043343858,0.003964321110009911,0.0,0.003964321110009911,0.003964321110009911,0.12388503468780972,24,2.2834489593657086,4,1.4152122961877123,1.4152122961877123,1.0,0.22
main,v040,LOSO-nes-f4,secondary,LOSO,nested,4,B,"Hysteresis (fixed, t_up=81, b=50 Mbps)|-",Hysteresis (fixed),0,baseline,baseline,7,-691.8544691060042,610.5131477060042,81.0,0.3413214,0.0,196.34821544823623,196.2628850982362,0.002973240832507433,0.0,0.002973240832507433,0.002973240832507433,0.10505450941526263,18,1.7125867195242817,3,1.4152122961877123,1.4152122961877123,1.0,0.22
main,v040,LOSO-nes-f4,secondary,LOSO,nested,4,B,"Hysteresis (fixed, t_up=81, b=50 Mbps)|-",Hysteresis (fixed),0,baseline,baseline,8,-401.6059243799335,401.6059243799335,0.0,0.0,0.0,206.7979347424846,206.7979347424846,0.0,0.0,0.0,0.0,0.0,0,0.0,0,0.0,0.0,0.0,0.22
main,v040,LOSO-nes-f4,secondary,LOSO,nested,4,B,"Hysteresis (fixed, t_up=81, b=50 Mbps)|-",Hysteresis (fixed),0,baseline,baseline,9,-458.8853924584648,80.88539245846486,378.0,0.0,0.0,207.31099557366122,207.31099557366122,0.013875123885034688,0.013875123885034688,0.0,0.013875123885034688,0.0,0,0.0,14,15.378689542088106,64.86442239359408,1.0,0.22
main,v040,LOSO-nes-f4,secondary,LOSO,nested,4,B,Always-DPDK|-,Always-DPDK,0,baseline,baseline,all,-6611.764091522344,6206.764091522344,405.0,0.0,0.0,2068.4448136410956,2068.4448136410956,0.0014866204162537165,0.0014866204162537165,0.0,0.0014866204162537165,0.0,0,0.0,15,14.47640477142575,64.86442239359408,1.0,0.22
main,v040,LOSO-nes-f4,secondary,LOSO,nested,4,B,Always-DPDK|-,Always-DPDK,0,baseline,baseline,0,-1321.1918158326116,1321.1918158326116,0.0,0.0,0.0,206.7030696952151,206.7030696952151,0.0,0.0,0.0,0.0,0.0,0,0.0,0,0.0,0.0,0.0,0.22
main,v040,LOSO-nes-f4,secondary,LOSO,nested,4,B,Always-DPDK|-,Always-DPDK,0,baseline,baseline,1,-868.5032604739149,868.5032604739149,0.0,0.0,0.0,206.77024294917322,206.77024294917322,0.0,0.0,0.0,0.0,0.0,0,0.0,0,0.0,0.0,0.0,0.22
main,v040,LOSO-nes-f4,secondary,LOSO,nested,4,B,Always-DPDK|-,Always-DPDK,0,baseline,baseline,2,-284.9985711009401,284.9985711009401,0.0,0.0,0.0,206.8379829505226,206.8379829505226,0.0,0.0,0.0,0.0,0.0,0,0.0,0,0.0,0.0,0.0,0.22
main,v040,LOSO-nes-f4,secondary,LOSO,nested,4,B,Always-DPDK|-,Always-DPDK,0,baseline,baseline,3,-164.66458906754454,137.66458906754454,27.0,0.0,0.0,207.02094994347823,207.02094994347823,0.0009910802775024777,0.0009910802775024777,0.0,0.0009910802775024777,0.0,0,0.0,1,1.8444179821527968,1.8444179821527968,1.0,0.22
main,v040,LOSO-nes-f4,secondary,LOSO,nested,4,B,Always-DPDK|-,Always-DPDK,0,baseline,baseline,4,-955.712356119679,955.712356119679,0.0,0.0,0.0,206.73881438421557,206.73881438421557,0.0,0.0,0.0,0.0,0.0,0,0.0,0,0.0,0.0,0.0,0.22
main,v040,LOSO-nes-f4,secondary,LOSO,nested,4,B,Always-DPDK|-,Always-DPDK,0,baseline,baseline,5,-442.9301582857329,442.9301582857329,0.0,0.0,0.0,206.79841693682397,206.79841693682397,0.0,0.0,0.0,0.0,0.0,0,0.0,0,0.0,0.0,0.0,0.22
main,v040,LOSO-nes-f4,secondary,LOSO,nested,4,B,Always-DPDK|-,Always-DPDK,0,baseline,baseline,6,-955.8616952857936,955.8616952857936,0.0,0.0,0.0,206.73220836211908,206.73220836211908,0.0,0.0,0.0,0.0,0.0,0,0.0,0,0.0,0.0,0.0,0.22
main,v040,LOSO-nes-f4,secondary,LOSO,nested,4,B,Always-DPDK|-,Always-DPDK,0,baseline,baseline,7,-757.4103285177289,757.4103285177289,0.0,0.0,0.0,206.73419810340187,206.73419810340187,0.0,0.0,0.0,0.0,0.0,0,0.0,0,0.0,0.0,0.0,0.22
main,v040,LOSO-nes-f4,secondary,LOSO,nested,4,B,Always-DPDK|-,Always-DPDK,0,baseline,baseline,8,-401.6059243799335,401.6059243799335,0.0,0.0,0.0,206.7979347424846,206.7979347424846,0.0,0.0,0.0,0.0,0.0,0,0.0,0,0.0,0.0,0.0,0.22
main,v040,LOSO-nes-f4,secondary,LOSO,nested,4,B,Always-DPDK|-,Always-DPDK,0,baseline,baseline,9,-458.8853924584648,80.88539245846486,378.0,0.0,0.0,207.31099557366122,207.31099557366122,0.013875123885034688,0.013875123885034688,0.0,0.013875123885034688,0.0,0,0.0,14,15.378689542088106,64.86442239359408,1.0,0.22
main,v040,LOSO-nes-f4,secondary,LOSO,nested,4,B,Always-USR|-,Always-USR (supplementary),0,baseline,baseline,all,-126313.02568431644,6999.894152673036,119313.13132564341,0.000206,0.0,5303.2152609888635,5303.215209488864,0.5473736372646184,0.44905847373637264,0.4442021803766105,0.4442021803766105,1.0,0,0.0,5523,3650.4356164292612,165518.91571056363,0.8182768611790852,0.22
main,v040,LOSO-nes-f4,secondary,LOSO,nested,4,B,Always-USR|-,Always-USR (supplementary),0,baseline,baseline,0,-4416.80761345762,843.8838493289402,3572.9237435286805,2.06e-05,0.0,227.33998404673204,227.33997889673202,0.14866204162537167,0.014866204162537165,0.14073339940535184,0.14073339940535184,1.0,0,0.0,150,25.68778542718206,1526.3012116676841,0.8934675870292047,0.22
main,v040,LOSO-nes-f4,secondary,LOSO,nested,4,B,Always-USR|-,Always-USR (supplementary),0,baseline,baseline,1,-9602.83409138873,780.6412631422195,8822.19280764651,2.06e-05,0.0,489.07465361145216,489.07464846145217,0.4767096134786918,0.36273538156590684,0.33102081268582756,0.33102081268582756,1.0,0,0.0,481,472.22915859530053,2899.5483855672874,0.7084248179337754,0.22
main,v040,LOSO-nes-f4,secondary,LOSO,nested,4,B,Always-USR|-,Always-USR (supplementary),0,baseline,baseline,2,-16557.283882487045,682.0656354167606,15875.218226470282,2.06e-05,0.0,668.7844169737077,668.7844118237078,0.7452923686818632,0.6769078295341923,0.5867195242814668,0.5867195242814668,1.0,0,0.0,752,895.4014199670037,9527.456704624017,0.8016323665126378,0.22
main,v040,LOSO-nes-f4,secondary,LOSO,nested,4,B,Always-USR|-,Always-USR (supplementary),0,baseline,baseline,3,-24302.15367678019,450.66636559207757,23851.487290588113,2.06e-05,0.0,797.8417650718859,797.8417599218859,0.9246778989098117,0.8999008919722498,0.8771060455896927,0.8771060455896927,1.0,0,0.0,933,3123.008509870618,110292.5775317688,0.9516459335192768,0.22
main,v040,LOSO-nes-f4,secondary,LOSO,nested,4,B,Always-USR|-,Always-USR (supplementary),0,baseline,baseline,4,-6822.040221604293,819.8982310053293,6002.141969998964,2.06e-05,0.0,390.54427333471455,390.54426818471455,0.3458870168483647,0.19028741328047571,0.23389494549058473,0.23389494549058473,1.0,0,0.0,349,133.55573060546848,2899.5483855672874,0.6701411263801512,0.22
main,v040,LOSO-nes-f4,secondary,LOSO,nested,4,B,Always-USR|-,Always-USR (supplementary),0,baseline,baseline,5,-12649.32897628248,737.8670839181399,11911.46187176434,2.06e-05,0.0,586.010075633731,586.0100704837309,0.624380574826561,0.5470763131813677,0.44202180376610506,0.44202180376610506,1.0,0,0.0,630,538.0664507792459,2932.309974767751,0.727413281911502,0.22
main,v040,LOSO-nes-f4,secondary,LOSO,nested,4,B,Always-USR|-,Always-USR (supplementary),0,baseline,baseline,6,-6734.200167176128,821.3930556345165,5912.807090941611,2.06e-05,0.0,351.1568352813964,351.1568301313964,0.3002973240832507,0.15361744301288405,0.2259663032705649,0.2259663032705649,1.0,0,0.0,303,228.7219588213493,2476.0047254536053,0.7480814986968987,0.22
main,v040,LOSO-nes-f4,secondary,LOSO,nested,4,B,Always-USR|-,Always-USR (supplementary),0,baseline,baseline,7,-6720.392985290644,830.7128664560202,5889.680098234623,2.06e-05,0.0,379.33759799404936,379.33759284404937,0.311199207135778,0.1377601585728444,0.22497522299306244,0.22497522299306244,1.0,0,0.0,314,55.91567679867948,2476.0047254536053,0.7225535485777,0.22
main,v040,LOSO-nes-f4,secondary,LOSO,nested,4,B,Always-USR|-,Always-USR (supplementary),0,baseline,baseline,8,-12641.101169069221,740.1265672929923,11900.974581176226,2.06e-05,0.0,589.0808061983839,589.0808010483839,0.6283448959365708,0.5450941526263627,0.4400396432111001,0.4400396432111001,1.0,0,0.0,634,539.953976655167,10806.452313369251,0.7228119892805641,0.22
main,v040,LOSO-nes-f4,secondary,LOSO,nested,4,B,Always-USR|-,Always-USR (supplementary),0,baseline,baseline,9,-25866.882900780096,292.6392348860395,25574.243645294056,2.06e-05,0.0,824.0448528428105,824.0448476928105,0.9682854311199207,0.9623389494549058,0.9395441030723488,0.9395441030723488,1.0,0,0.0,977,15894.03049918798,165518.91571056363,0.9722564001506823,0.22
main,v040,LOSO-nes-f4,secondary,LOSO,nested,4,B,Shared-PPO|wcnc2027_ablation/shared_ppo_seed77/mappo_best.pt,Shared-PPO,77,R,wcnc2027_ablation 2026-09-14 (supplementary ablation),all,-4895.505581327008,4191.328117527009,648.0,5.8024638,50.375,1958.2533084315405,1956.8026924815404,0.002576808721506442,0.0014866204162537165,0.00089197224975223,0.0023785926660059467,0.08711595639246779,306,2.911397423191279,24,14.686373439670144,124.00519261119555,1.0,0.18
main,v040,LOSO-nes-f4,secondary,LOSO,nested,4,B,Shared-PPO|wcnc2027_ablation/shared_ppo_seed77/mappo_best.pt,Shared-PPO,77,R,wcnc2027_ablation 2026-09-14 (supplementary ablation),0,-833.9055396437348,794.2411032437348,27.0,1.2894364,11.375,176.7262479306329,176.40388883063287,0.0009910802775024777,0.0,0.0009910802775024777,0.0009910802775024777,0.22893954410307235,68,6.469772051536175,1,1.4152122961877123,1.4152122961877123,1.0,0.18
main,v040,LOSO-nes-f4,secondary,LOSO,nested,4,B,Shared-PPO|wcnc2027_ablation/shared_ppo_seed77/mappo_best.pt,Shared-PPO,77,R,wcnc2027_ablation 2026-09-14 (supplementary ablation),1,-491.87788884463174,456.54354764463176,27.0,0.8343412000000001,7.5,191.3083979604173,191.09981266041729,0.0009910802775024777,0.0,0.0009910802775024777,0.0009910802775024777,0.12190287413280476,44,4.186323092170466,1,1.4152122961877123,1.4152122961877123,1.0,0.18
main,v040,LOSO-nes-f4,secondary,LOSO,nested,4,B,Shared-PPO|wcnc2027_ablation/shared_ppo_seed77/mappo_best.pt,Shared-PPO,77,R,wcnc2027_ablation 2026-09-14 (supplementary ablation),2,-306.97365757068434,277.53403457068436,27.0,0.189623,2.25,206.19226311955748,206.14485736955749,0.0019821605550049554,0.0,0.0009910802775024777,0.0009910802775024777,0.006937561942517344,10,0.9514370664023787,1,1.4152122961877123,1.4152122961877123,1.0,0.18
main,v040,LOSO-nes-f4,secondary,LOSO,nested,4,B,Shared-PPO|wcnc2027_ablation/shared_ppo_seed77/mappo_best.pt,Shared-PPO,77,R,wcnc2027_ablation 2026-09-14 (supplementary ablation),3,-164.66458906754454,137.66458906754454,27.0,0.0,0.0,207.02094994347823,207.02094994347823,0.0009910802775024777,0.0009910802775024777,0.0,0.0009910802775024777,0.0,0,0.0,1,1.8444179821527968,1.8444179821527968,1.0,0.18
main,v040,LOSO-nes-f4,secondary,LOSO,nested,4,B,Shared-PPO|wcnc2027_ablation/shared_ppo_seed77/mappo_best.pt,Shared-PPO,77,R,wcnc2027_ablation 2026-09-14 (supplementary ablation),4,-603.7528971308992,545.1952543308992,54.0,0.6826428,3.875,186.3363070208511,186.16564632085112,0.0019821605550049554,0.0,0.0019821605550049554,0.0019821605550049554,0.14965312190287414,36,3.4251734390485633,2,1.4152122961877123,1.4152122961877123,1.0,0.18
main,v040,LOSO-nes-f4,secondary,LOSO,nested,4,B,Shared-PPO|wcnc2027_ablation/shared_ppo_seed77/mappo_best.pt,Shared-PPO,77,R,wcnc2027_ablation 2026-09-14 (supplementary ablation),5,-387.66811618325085,356.1750963832509,27.0,0.4930198,4.0,199.71980451977544,199.59654956977545,0.0009910802775024777,0.0,0.0009910802775024777,0.0009910802775024777,0.061446977205153616,26,2.4737363726461843,1,1.4152122961877123,1.4152122961877123,1.0,0.18
main,v040,LOSO-nes-f4,secondary,LOSO,nested,4,B,Shared-PPO|wcnc2027_ablation/shared_ppo_seed77/mappo_best.pt,Shared-PPO,77,R,wcnc2027_ablation 2026-09-14 (supplementary ablation),6,-667.99858884887,627.9100016488699,27.0,1.2135872,11.875,188.79166424640184,188.48826744640184,0.0009910802775024777,0.0,0.0009910802775024777,0.0009910802775024777,0.14073339940535184,64,6.089197224975224,1,124.00519261119555,124.00519261119555,1.0,0.18
main,v040,LOSO-nes-f4,secondary,LOSO,nested,4,B,Shared-PPO|wcnc2027_ablation/shared_ppo_seed77/mappo_best.pt,Shared-PPO,77,R,wcnc2027_ablation 2026-09-14 (supplementary ablation),7,-617.5170178890335,557.3343750890335,54.0,0.6826428,5.5,191.7987329393797,191.62807223937972,0.002973240832507433,0.0,0.0019821605550049554,0.0019821605550049554,0.1278493557978196,36,3.4251734390485633,2,1.4152122961877123,1.4152122961877123,1.0,0.18
main,v040,LOSO-nes-f4,secondary,LOSO,nested,4,B,Shared-PPO|wcnc2027_ablation/shared_ppo_seed77/mappo_best.pt,Shared-PPO,77,R,wcnc2027_ablation 2026-09-14 (supplementary ablation),8,-362.26189368989503,357.84472308989507,0.0,0.4171706,4.0,203.04794517738515,202.94365252738515,0.0,0.0,0.0,0.0,0.03369672943508424,22,2.093161546085233,0,0.0,0.0,0.0,0.18
main,v040,LOSO-nes-f4,secondary,LOSO,nested,4,B,Shared-PPO|wcnc2027_ablation/shared_ppo_seed77/mappo_best.pt,Shared-PPO,77,R,wcnc2027_ablation 2026-09-14 (supplementary ablation),9,-458.8853924584648,80.88539245846486,378.0,0.0,0.0,207.31099557366122,207.31099557366122,0.013875123885034688,0.013875123885034688,0.0,0.013875123885034688,0.0,0,0.0,14,15.378689542088106,64.86442239359408,1.0,0.18
main,v040,LOSO-nes-f4,secondary,LOSO,nested,4,B,MAPPO|wcnc2027_ablation/mappo_seed99/mappo_best.pt,MAPPO,99,R,wcnc2027_ablation 2026-09-14,all,-4805.060894005871,4214.8764500058705,540.0,5.309444000000001,44.875,1961.86141176862,1960.53405076862,0.002180376610505451,0.0014866204162537165,0.0004955401387512388,0.0019821605550049554,0.08156590683845391,280,2.66402378592666,20,17.340605668366635,124.00519261119555,1.0,0.18
main,v040,LOSO-nes-f4,secondary,LOSO,nested,4,B,MAPPO|wcnc2027_ablation/mappo_seed99/mappo_best.pt,MAPPO,99,R,wcnc2027_ablation 2026-09-14,0,-809.824965240084,799.725151840084,0.0,1.0998134,9.0,177.54411793362848,177.26916458362848,0.0,0.0,0.0,0.0,0.2180376610505451,58,5.518334985133796,0,0.0,0.0,0.0,0.18
main,v040,LOSO-nes-f4,secondary,LOSO,nested,4,B,MAPPO|wcnc2027_ablation/mappo_seed99/mappo_best.pt,MAPPO,99,R,wcnc2027_ablation 2026-09-14,1,-495.49693156779944,460.95051496779945,27.0,0.7964166,6.75,191.9492788902274,191.75017474022738,0.0009910802775024777,0.0,0.0009910802775024777,0.0009910802775024777,0.11000991080277503,42,3.9960356788899905,1,1.4152122961877123,1.4152122961877123,1.0,0.18
main,v040,LOSO-nes-f4,secondary,LOSO,nested,4,B,MAPPO|wcnc2027_ablation/mappo_seed99/mappo_best.pt,MAPPO,99,R,wcnc2027_ablation 2026-09-14,2,-282.1946923135982,280.04299391359814,0.0,0.1516984,2.0,206.43754119670348,206.39961659670348,0.0009910802775024777,0.0,0.0,0.0,0.003964321110009911,8,0.761149653121903,0,0.0,0.0,0.0,0.18
main,v040,LOSO-nes-f4,secondary,LOSO,nested,4,B,MAPPO|wcnc2027_ablation/mappo_seed99/mappo_best.pt,MAPPO,99,R,wcnc2027_ablation 2026-09-14,3,-164.66458906754454,137.66458906754454,27.0,0.0,0.0,207.02094994347823,207.02094994347823,0.0009910802775024777,0.0009910802775024777,0.0,0.0009910802775024777,0.0,0,0.0,1,1.8444179821527968,1.8444179821527968,1.0,0.18
main,v040,LOSO-nes-f4,secondary,LOSO,nested,4,B,MAPPO|wcnc2027_ablation/mappo_seed99/mappo_best.pt,MAPPO,99,R,wcnc2027_ablation 2026-09-14,4,-603.4996956831112,543.779128283111,54.0,0.7205674,5.0,186.2230193420821,186.04287749208208,0.0019821605550049554,0.0,0.0019821605550049554,0.0019821605550049554,0.14965312190287414,38,3.615460852329039,2,1.4152122961877123,1.4152122961877123,1.0,0.18
main,v040,LOSO-nes-f4,secondary,LOSO,nested,4,B,MAPPO|wcnc2027_ablation/mappo_seed99/mappo_best.pt,MAPPO,99,R,wcnc2027_ablation 2026-09-14,5,-364.18517036567016,362.3817735656702,0.0,0.3033968,1.5,200.50894024432858,200.4330910443286,0.0,0.0,0.0,0.0,0.05054509415262636,16,1.522299306243806,0,0.0,0.0,0.0,0.18
main,v040,LOSO-nes-f4,secondary,LOSO,nested,4,B,MAPPO|wcnc2027_ablation/mappo_seed99/mappo_best.pt,MAPPO,99,R,wcnc2027_ablation 2026-09-14,6,-670.1751257043757,631.2873877043758,27.0,1.1377380000000001,10.75,189.37865566796722,189.09422116796725,0.0009910802775024777,0.0,0.0009910802775024777,0.0009910802775024777,0.13280475718533202,60,5.708622398414271,1,124.00519261119555,124.00519261119555,1.0,0.18
main,v040,LOSO-nes-f4,secondary,LOSO,nested,4,B,MAPPO|wcnc2027_ablation/mappo_seed99/mappo_best.pt,MAPPO,99,R,wcnc2027_ablation 2026-09-14,7,-592.4731559336506,559.5405131336506,27.0,0.6826428,5.25,192.17560240512373,192.00494170512374,0.0019821605550049554,0.0,0.0009910802775024777,0.0009910802775024777,0.12091179385530228,36,3.4251734390485633,1,1.4152122961877123,1.4152122961877123,1.0,0.18
main,v040,LOSO-nes-f4,secondary,LOSO,nested,4,B,MAPPO|wcnc2027_ablation/mappo_seed99/mappo_best.pt,MAPPO,99,R,wcnc2027_ablation 2026-09-14,8,-363.661175671572,358.619005071572,0.0,0.41717060000000006,4.625,203.31231057141952,203.20801792141953,0.0,0.0,0.0,0.0,0.02973240832507433,22,2.093161546085233,0,0.0,0.0,0.0,0.18
main,v040,LOSO-nes-f4,secondary,LOSO,nested,4,B,MAPPO|wcnc2027_ablation/mappo_seed99/mappo_best.pt,MAPPO,99,R,wcnc2027_ablation 2026-09-14,9,-458.8853924584648,80.88539245846486,378.0,0.0,0.0,207.31099557366122,207.31099557366122,0.013875123885034688,0.013875123885034688,0.0,0.013875123885034688,0.0,0,0.0,14,15.378689542088106,64.86442239359408,1.0,0.18
main,v040,LOSO-nes-f4,secondary,LOSO,nested,4,B,Centralized PPO|wcnc2027_ablation/central_seed99/ppo_multi_site.zip,Centralized PPO,99,R,wcnc2027_ablation 2026-09-14,all,-11205.618058898892,5668.025372158325,5506.436452940567,3.9062338000000003,27.25,2128.498886690357,2127.5223282403567,0.02487611496531219,0.008820614469772052,0.019524281466798812,0.02101090188305253,0.11793855302279485,205,1.9504459861248762,247,160.46645332717893,2476.0047254536053,0.8417392975222753,0.18
main,v040,LOSO-nes-f4,secondary,LOSO,nested,4,B,Centralized PPO|wcnc2027_ablation/central_seed99/ppo_multi_site.zip,Centralized PPO,99,R,wcnc2027_ablation 2026-09-14,0,-3285.817325524841,823.2219331723875,2444.9491623524536,1.89623,15.75,205.51345640755036,205.03939890755038,0.10009910802775025,0.007928642220019821,0.09613478691774034,0.09613478691774034,0.7789890981169475,99,9.419226957383549,101,21.24473269438372,1526.3012116676841,0.9065311423774997,0.18
main,v040,LOSO-nes-f4,secondary,LOSO,nested,4,B,Centralized PPO|wcnc2027_ablation/central_seed99/ppo_multi_site.zip,Centralized PPO,99,R,wcnc2027_ablation 2026-09-14,1,-868.5032604739149,868.5032604739149,0.0,0.0,0.0,206.77024294917322,206.77024294917322,0.0,0.0,0.0,0.0,0.0,0,0.0,0,0.0,0.0,0.0,0.18
main,v040,LOSO-nes-f4,secondary,LOSO,nested,4,B,Centralized PPO|wcnc2027_ablation/central_seed99/ppo_multi_site.zip,Centralized PPO,99,R,wcnc2027_ablation 2026-09-14,2,-284.9985711009401,284.9985711009401,0.0,0.0,0.0,206.8379829505226,206.8379829505226,0.0,0.0,0.0,0.0,0.0,0,0.0,0,0.0,0.0,0.0,0.18
main,v040,LOSO-nes-f4,secondary,LOSO,nested,4,B,Centralized PPO|wcnc2027_ablation/central_seed99/ppo_multi_site.zip,Centralized PPO,99,R,wcnc2027_ablation 2026-09-14,3,-164.66458906754454,137.66458906754454,27.0,0.0,0.0,207.02094994347823,207.02094994347823,0.0009910802775024777,0.0009910802775024777,0.0,0.0009910802775024777,0.0,0,0.0,1,1.8444179821527968,1.8444179821527968,1.0,0.18
main,v040,LOSO-nes-f4,secondary,LOSO,nested,4,B,Centralized PPO|wcnc2027_ablation/central_seed99/ppo_multi_site.zip,Centralized PPO,99,R,wcnc2027_ablation 2026-09-14,4,-1293.2111932227208,967.2715702227208,324.0,0.18962299999999999,1.75,218.3295144520717,218.2821087020717,0.019821605550049554,0.01684836471754212,0.011892963330029732,0.011892963330029732,0.023785926660059464,10,0.9514370664023787,18,539.8853915355397,1526.3012116676841,0.6967783306982516,0.18
main,v040,LOSO-nes-f4,secondary,LOSO,nested,4,B,Centralized PPO|wcnc2027_ablation/central_seed99/ppo_multi_site.zip,Centralized PPO,99,R,wcnc2027_ablation 2026-09-14,5,-442.9301582857329,442.9301582857329,0.0,0.0,0.0,206.79841693682397,206.79841693682397,0.0,0.0,0.0,0.0,0.0,0,0.0,0,0.0,0.0,0.0,0.18
main,v040,LOSO-nes-f4,secondary,LOSO,nested,4,B,Centralized PPO|wcnc2027_ablation/central_seed99/ppo_multi_site.zip,Centralized PPO,99,R,wcnc2027_ablation 2026-09-14,6,-955.8616952857936,955.8616952857936,0.0,0.0,0.0,206.73220836211908,206.73220836211908,0.0,0.0,0.0,0.0,0.0,0,0.0,0,0.0,0.0,0.0,0.18
main,v040,LOSO-nes-f4,secondary,LOSO,nested,4,B,Centralized PPO|wcnc2027_ablation/central_seed99/ppo_multi_site.zip,Centralized PPO,99,R,wcnc2027_ablation 2026-09-14,7,-1651.5375953552468,695.8843851552468,945.0,1.4032102000000002,9.25,220.40312905369152,220.05232650369152,0.040634291377601585,0.006937561942517344,0.03468780971258672,0.03468780971258672,0.18929633300297324,74,7.040634291377602,40,81.01017770195253,1526.3012116676841,0.8862918740118444,0.18
main,v040,LOSO-nes-f4,secondary,LOSO,nested,4,B,Centralized PPO|wcnc2027_ablation/central_seed99/ppo_multi_site.zip,Centralized PPO,99,R,wcnc2027_ablation 2026-09-14,8,-1799.208278123692,410.8038169355786,1387.4872905881134,0.4171706,0.5,242.78199006126513,242.67769741126514,0.07333994053518335,0.04162537165510406,0.05252725470763132,0.05252725470763132,0.18731417244796827,22,2.093161546085233,73,333.06857181357844,2476.0047254536053,0.7309078930798932,0.18
main,v040,LOSO-nes-f4,secondary,LOSO,nested,4,B,Centralized PPO|wcnc2027_ablation/central_seed99/ppo_multi_site.zip,Centralized PPO,99,R,wcnc2027_ablation 2026-09-14,9,-458.8853924584648,80.88539245846486,378.0,0.0,0.0,207.31099557366122,207.31099557366122,0.013875123885034688,0.013875123885034688,0.0,0.013875123885034688,0.0,0,0.0,14,15.378689542088106,64.86442239359408,1.0,0.18
main,v040,LOSO-nes-f4,secondary,LOSO,nested,4,B,Shared-PPO|wcnc2027_ablation/shared_ppo_seed99/mappo_best.pt,Shared-PPO,99,R,wcnc2027_ablation 2026-09-14 (supplementary ablation),all,-4816.308976962633,4168.020473562632,567.0,6.7885034,74.5,1956.3777963560585,1954.6806705060585,0.0022794846382556988,0.0014866204162537165,0.0005946481665014867,0.0020812685827552033,0.08751238850346878,358,3.4061446977205154,21,16.582253603024782,124.00519261119555,1.0,0.18
main,v040,LOSO-nes-f4,secondary,LOSO,nested,4,B,Shared-PPO|wcnc2027_ablation/shared_ppo_seed99/mappo_best.pt,Shared-PPO,99,R,wcnc2027_ablation 2026-09-14 (supplementary ablation),0,-806.8257661120475,786.4829329120475,0.0,1.5928332,18.75,176.13258575275745,175.73437745275746,0.0,0.0,0.0,0.0,0.2309217046580773,84,7.992071357779981,0,0.0,0.0,0.0,0.18
main,v040,LOSO-nes-f4,secondary,LOSO,nested,4,B,Shared-PPO|wcnc2027_ablation/shared_ppo_seed99/mappo_best.pt,Shared-PPO,99,R,wcnc2027_ablation 2026-09-14 (supplementary ablation),1,-492.9243768867021,454.4762618867021,27.0,0.948115,10.5,191.12941748200578,190.89238873200577,0.0009910802775024777,0.0,0.0009910802775024777,0.0009910802775024777,0.1199207135777998,50,4.757185332011893,1,1.4152122961877123,1.4152122961877123,1.0,0.18
main,v040,LOSO-nes-f4,secondary,LOSO,nested,4,B,Shared-PPO|wcnc2027_ablation/shared_ppo_seed99/mappo_best.pt,Shared-PPO,99,R,wcnc2027_ablation 2026-09-14 (supplementary ablation),2,-280.094494664979,277.11694706497894,0.0,0.22754760000000002,2.75,206.12674572220016,206.06985882220016,0.0009910802775024777,0.0,0.0,0.0,0.007928642220019821,12,1.1417244796828543,0,0.0,0.0,0.0,0.18
main,v040,LOSO-nes-f4,secondary,LOSO,nested,4,B,Shared-PPO|wcnc2027_ablation/shared_ppo_seed99/mappo_best.pt,Shared-PPO,99,R,wcnc2027_ablation 2026-09-14 (supplementary ablation),3,-164.66458906754454,137.66458906754454,27.0,0.0,0.0,207.02094994347823,207.02094994347823,0.0009910802775024777,0.0009910802775024777,0.0,0.0009910802775024777,0.0,0,0.0,1,1.8444179821527968,1.8444179821527968,1.0,0.18
main,v040,LOSO-nes-f4,secondary,LOSO,nested,4,B,Shared-PPO|wcnc2027_ablation/shared_ppo_seed99/mappo_best.pt,Shared-PPO,99,R,wcnc2027_ablation 2026-09-14 (supplementary ablation),4,-604.927760605679,543.381344005679,54.0,0.7964166,6.75,186.23908568157594,186.03998153157596,0.0019821605550049554,0.0,0.0019821605550049554,0.0019821605550049554,0.14866204162537167,42,3.9960356788899905,2,1.4152122961877123,1.4152122961877123,1.0,0.18
main,v040,LOSO-nes-f4,secondary,LOSO,nested,4,B,Shared-PPO|wcnc2027_ablation/shared_ppo_seed99/mappo_best.pt,Shared-PPO,99,R,wcnc2027_ablation 2026-09-14 (supplementary ablation),5,-387.92189519474846,354.85302619474845,27.0,0.5688690000000001,5.5,199.61486705851252,199.47264980851253,0.0009910802775024777,0.0,0.0009910802775024777,0.0009910802775024777,0.062438057482656094,30,2.8543111992071357,1,1.4152122961877123,1.4152122961877123,1.0,0.18
main,v040,LOSO-nes-f4,secondary,LOSO,nested,4,B,Shared-PPO|wcnc2027_ablation/shared_ppo_seed99/mappo_best.pt,Shared-PPO,99,R,wcnc2027_ablation 2026-09-14 (supplementary ablation),6,-667.9236461641901,624.2212851641901,27.0,1.327361,15.375,188.5177095641215,188.1858693141215,0.0009910802775024777,0.0,0.0009910802775024777,0.0009910802775024777,0.14073339940535184,70,6.6600594648166505,1,124.00519261119555,124.00519261119555,1.0,0.18
main,v040,LOSO-nes-f4,secondary,LOSO,nested,4,B,Shared-PPO|wcnc2027_ablation/shared_ppo_seed99/mappo_best.pt,Shared-PPO,99,R,wcnc2027_ablation 2026-09-14 (supplementary ablation),7,-589.8479833522204,554.1765667522204,27.0,0.7964166,7.875,191.44041898743012,191.24131483743014,0.0019821605550049554,0.0,0.0009910802775024777,0.0009910802775024777,0.13082259663032705,42,3.9960356788899905,1,1.4152122961877123,1.4152122961877123,1.0,0.18
main,v040,LOSO-nes-f4,secondary,LOSO,nested,4,B,Shared-PPO|wcnc2027_ablation/shared_ppo_seed99/mappo_best.pt,Shared-PPO,99,R,wcnc2027_ablation 2026-09-14 (supplementary ablation),8,-362.2930724560563,354.7621280560562,0.0,0.5309444,7.0,202.8450205903155,202.71228449031548,0.0,0.0,0.0,0.0,0.03369672943508424,28,2.66402378592666,0,0.0,0.0,0.0,0.18
main,v040,LOSO-nes-f4,secondary,LOSO,nested,4,B,Shared-PPO|wcnc2027_ablation/shared_ppo_seed99/mappo_best.pt,Shared-PPO,99,R,wcnc2027_ablation 2026-09-14 (supplementary ablation),9,-458.8853924584648,80.88539245846486,378.0,0.0,0.0,207.31099557366122,207.31099557366122,0.013875123885034688,0.013875123885034688,0.0,0.013875123885034688,0.0,0,0.0,14,15.378689542088106,64.86442239359408,1.0,0.18
main,v040,LOSO-nes-f4,secondary,LOSO,nested,4,B,MAPPO|mappo_seed1_20260517T110908/mappo_best.pt,MAPPO,1,P,"May 2026, pre-781c90c reward",all,-4851.919173971755,4303.745956171755,486.0,5.4232178,56.75,1973.4729326501695,1972.1171282001692,0.00178394449950446,0.0014866204162537165,0.00029732408325074334,0.00178394449950446,0.06848364717542121,286,2.721110009910803,18,19.110093820830958,124.00519261119555,1.0,0.18
main,v040,LOSO-nes-f4,secondary,LOSO,nested,4,B,MAPPO|mappo_seed1_20260517T110908/mappo_best.pt,MAPPO,1,P,"May 2026, pre-781c90c reward",0,-833.9833828968958,822.0085694968958,0.0,1.0998134000000002,10.875,180.4813207055086,180.20636735550858,0.0,0.0,0.0,0.0,0.18533201189296333,58,5.518334985133796,0,0.0,0.0,0.0,0.18
main,v040,LOSO-nes-f4,secondary,LOSO,nested,4,B,MAPPO|mappo_seed1_20260517T110908/mappo_best.pt,MAPPO,1,P,"May 2026, pre-781c90c reward",1,-509.44082116638003,474.55732916638,27.0,0.758492,7.125,193.56186188703109,193.3722388870311,0.0009910802775024777,0.0,0.0009910802775024777,0.0009910802775024777,0.0931615460852329,40,3.8057482656095147,1,1.4152122961877123,1.4152122961877123,1.0,0.18
main,v040,LOSO-nes-f4,secondary,LOSO,nested,4,B,MAPPO|mappo_seed1_20260517T110908/mappo_best.pt,MAPPO,1,P,"May 2026, pre-781c90c reward",2,-281.6984568426568,280.0846830426568,0.0,0.11377380000000001,1.5,206.48236877462625,206.45392532462625,0.0,0.0,0.0,0.0,0.002973240832507433,6,0.5708622398414271,0,0.0,0.0,0.0,0.18
main,v040,LOSO-nes-f4,secondary,LOSO,nested,4,B,MAPPO|mappo_seed1_20260517T110908/mappo_best.pt,MAPPO,1,P,"May 2026, pre-781c90c reward",3,-164.66458906754454,137.66458906754454,27.0,0.0,0.0,207.02094994347823,207.02094994347823,0.0009910802775024777,0.0009910802775024777,0.0,0.0009910802775024777,0.0,0,0.0,1,1.8444179821527968,1.8444179821527968,1.0,0.18
main,v040,LOSO-nes-f4,secondary,LOSO,nested,4,B,MAPPO|mappo_seed1_20260517T110908/mappo_best.pt,MAPPO,1,P,"May 2026, pre-781c90c reward",4,-598.7766937228037,561.0294279228035,27.0,0.8722658000000001,9.875,188.41538195854923,188.1973155085492,0.0009910802775024777,0.0,0.0009910802775024777,0.0009910802775024777,0.12586719524281467,46,4.376610505450942,1,1.4152122961877123,1.4152122961877123,1.0,0.18
main,v040,LOSO-nes-f4,secondary,LOSO,nested,4,B,MAPPO|mappo_seed1_20260517T110908/mappo_best.pt,MAPPO,1,P,"May 2026, pre-781c90c reward",5,-366.9801664493924,364.13884504939244,0.0,0.3413214,2.5,200.84789796570888,200.76256761570886,0.0,0.0,0.0,0.0,0.04658077304261645,18,1.7125867195242817,0,0.0,0.0,0.0,0.18
main,v040,LOSO-nes-f4,secondary,LOSO,nested,4,B,MAPPO|mappo_seed1_20260517T110908/mappo_best.pt,MAPPO,1,P,"May 2026, pre-781c90c reward",6,-683.6673946489375,641.7417320489376,27.0,1.1756626,13.75,191.0012901291361,190.7073744791361,0.0009910802775024777,0.0,0.0009910802775024777,0.0009910802775024777,0.11298315163528246,62,5.898909811694748,1,124.00519261119555,124.00519261119555,1.0,0.18
main,v040,LOSO-nes-f4,secondary,LOSO,nested,4,B,MAPPO|mappo_seed1_20260517T110908/mappo_best.pt,MAPPO,1,P,"May 2026, pre-781c90c reward",7,-579.8963699494639,574.1266517494639,0.0,0.6447182,5.125,194.0367242819608,193.87554473196082,0.0,0.0,0.0,0.0,0.09910802775024777,34,3.2348860257680876,0,0.0,0.0,0.0,0.18
main,v040,LOSO-nes-f4,secondary,LOSO,nested,4,B,MAPPO|mappo_seed1_20260517T110908/mappo_best.pt,MAPPO,1,P,"May 2026, pre-781c90c reward",8,-373.92590676921526,367.50873616921524,0.0,0.41717060000000006,6.0,204.31414143050893,204.20984878050893,0.0,0.0,0.0,0.0,0.018830525272547076,22,2.093161546085233,0,0.0,0.0,0.0,0.18
main,v040,LOSO-nes-f4,secondary,LOSO,nested,4,B,MAPPO|mappo_seed1_20260517T110908/mappo_best.pt,MAPPO,1,P,"May 2026, pre-781c90c reward",9,-458.8853924584648,80.88539245846486,378.0,0.0,0.0,207.31099557366122,207.31099557366122,0.013875123885034688,0.013875123885034688,0.0,0.013875123885034688,0.0,0,0.0,14,15.378689542088106,64.86442239359408,1.0,0.18
main,v040,LOSO-nes-f4,secondary,LOSO,nested,4,B,MAPPO|mappo_seed7_20260517T003433/mappo_best.pt,MAPPO,7,P,"May 2026, pre-781c90c reward",all,-4852.220615382124,4227.884472982125,567.0,5.4611424,51.875,1962.7977565001702,1961.4324709001703,0.002180376610505451,0.0014866204162537165,0.0005946481665014867,0.0020812685827552033,0.08126858275520317,288,2.7401387512388506,21,16.582253603024782,124.00519261119555,1.0,0.18
main,v040,LOSO-nes-f4,secondary,LOSO,nested,4,B,MAPPO|mappo_seed7_20260517T003433/mappo_best.pt,MAPPO,7,P,"May 2026, pre-781c90c reward",0,-812.6921421795383,802.3423287795383,0.0,1.0998134000000002,9.25,177.7647907036042,177.4898373536042,0.0,0.0,0.0,0.0,0.21704658077304262,58,5.518334985133796,0,0.0,0.0,0.0,0.18
main,v040,LOSO-nes-f4,secondary,LOSO,nested,4,B,MAPPO|mappo_seed7_20260517T003433/mappo_best.pt,MAPPO,7,P,"May 2026, pre-781c90c reward",1,-494.5115381228409,460.6659707228408,27.0,0.7205674,6.125,191.8087850969489,191.62864324694888,0.0009910802775024777,0.0,0.0009910802775024777,0.0009910802775024777,0.11496531219028741,38,3.615460852329039,1,1.4152122961877123,1.4152122961877123,1.0,0.18
main,v040,LOSO-nes-f4,secondary,LOSO,nested,4,B,MAPPO|mappo_seed7_20260517T003433/mappo_best.pt,MAPPO,7,P,"May 2026, pre-781c90c reward",2,-282.53129316655986,280.9175193665599,0.0,0.11377380000000001,1.5,206.52410387949033,206.49566042949033,0.0,0.0,0.0,0.0,0.002973240832507433,6,0.5708622398414271,0,0.0,0.0,0.0,0.18
main,v040,LOSO-nes-f4,secondary,LOSO,nested,4,B,MAPPO|mappo_seed7_20260517T003433/mappo_best.pt,MAPPO,7,P,"May 2026, pre-781c90c reward",3,-164.66458906754454,137.66458906754454,27.0,0.0,0.0,207.02094994347823,207.02094994347823,0.0009910802775024777,0.0009910802775024777,0.0,0.0009910802775024777,0.0,0,0.0,1,1.8444179821527968,1.8444179821527968,1.0,0.18
main,v040,LOSO-nes-f4,secondary,LOSO,nested,4,B,MAPPO|mappo_seed7_20260517T003433/mappo_best.pt,MAPPO,7,P,"May 2026, pre-781c90c reward",4,-636.1910315488187,546.2696149488188,81.0,0.7964166,8.125,186.4238350986446,186.2247309486446,0.002973240832507433,0.0,0.002973240832507433,0.002973240832507433,0.1466798810703667,42,3.9960356788899905,3,1.4152122961877123,1.4152122961877123,1.0,0.18
main,v040,LOSO-nes-f4,secondary,LOSO,nested,4,B,MAPPO|mappo_seed7_20260517T003433/mappo_best.pt,MAPPO,7,P,"May 2026, pre-781c90c reward",5,-362.63237284966294,359.628126849663,0.0,0.379246,2.625,200.1679190489003,200.07310754890028,0.0,0.0,0.0,0.0,0.05550049554013875,20,1.9028741328047574,0,0.0,0.0,0.0,0.18
main,v040,LOSO-nes-f4,secondary,LOSO,nested,4,B,MAPPO|mappo_seed7_20260517T003433/mappo_best.pt,MAPPO,7,P,"May 2026, pre-781c90c reward",6,-674.889253325192,635.1265153251919,27.0,1.1377380000000001,11.625,189.80675928464444,189.52232478464447,0.0009910802775024777,0.0,0.0009910802775024777,0.0009910802775024777,0.1288404360753221,60,5.708622398414271,1,124.00519261119555,124.00519261119555,1.0,0.18
main,v040,LOSO-nes-f4,secondary,LOSO,nested,4,B,MAPPO|mappo_seed7_20260517T003433/mappo_best.pt,MAPPO,7,P,"May 2026, pre-781c90c reward",7,-600.9787165712912,566.6331491712913,27.0,0.7205674,6.625,192.76938955050122,192.5892477005012,0.0019821605550049554,0.0,0.0009910802775024777,0.0009910802775024777,0.1159563924677899,38,3.615460852329039,1,1.4152122961877123,1.4152122961877123,1.0,0.18
main,v040,LOSO-nes-f4,secondary,LOSO,nested,4,B,MAPPO|mappo_seed7_20260517T003433/mappo_best.pt,MAPPO,7,P,"May 2026, pre-781c90c reward",8,-364.2442860922108,357.75126629221074,0.0,0.4930198,6.0,203.20022832029687,203.07697337029686,0.0,0.0,0.0,0.0,0.030723488602576808,26,2.4737363726461843,0,0.0,0.0,0.0,0.18
main,v040,LOSO-nes-f4,secondary,LOSO,nested,4,B,MAPPO|mappo_seed7_20260517T003433/mappo_best.pt,MAPPO,7,P,"May 2026, pre-781c90c reward",9,-458.8853924584648,80.88539245846486,378.0,0.0,0.0,207.31099557366122,207.31099557366122,0.013875123885034688,0.013875123885034688,0.0,0.013875123885034688,0.0,0,0.0,14,15.378689542088106,64.86442239359408,1.0,0.18
main,v040,LOSO-nes-f4,secondary,LOSO,nested,4,B,MAPPO|mappo_seed13_20260517T003433/mappo_best.pt,MAPPO,13,P,"May 2026, pre-781c90c reward",all,-4941.781131734071,4081.25385453407,783.0,6.9022772,70.625,1945.006925236935,1943.2813559369351,0.003072348860257681,0.0014866204162537165,0.0013875123885034688,0.0028741328047571855,0.1016848364717542,364,3.463230921704658,29,16.64236688924581,124.49482805129415,1.0,0.18
main,v040,LOSO-nes-f4,secondary,LOSO,nested,4,B,MAPPO|mappo_seed13_20260517T003433/mappo_best.pt,MAPPO,13,P,"May 2026, pre-781c90c reward",0,-805.7915758524211,761.3995918524212,27.0,1.516984,15.875,172.65591247327774,172.27666647327771,0.0009910802775024777,0.0,0.0009910802775024777,0.0009910802775024777,0.27353815659068387,80,7.6114965312190295,1,1.4152122961877123,1.4152122961877123,1.0,0.18
main,v040,LOSO-nes-f4,secondary,LOSO,nested,4,B,MAPPO|mappo_seed13_20260517T003433/mappo_best.pt,MAPPO,13,P,"May 2026, pre-781c90c reward",1,-478.5121153996588,443.96569879965875,27.0,0.7964166,6.75,189.6020849835254,189.40298083352542,0.0009910802775024777,0.0,0.0009910802775024777,0.0009910802775024777,0.13974231912784935,42,3.9960356788899905,1,1.4152122961877123,1.4152122961877123,1.0,0.18
main,v040,LOSO-nes-f4,secondary,LOSO,nested,4,B,MAPPO|mappo_seed13_20260517T003433/mappo_best.pt,MAPPO,13,P,"May 2026, pre-781c90c reward",2,-333.74719491759,276.35672271759,54.0,0.26547220000000005,3.125,206.03009608547086,205.96372803547084,0.002973240832507433,0.0,0.0019821605550049554,0.0019821605550049554,0.009910802775024777,14,1.33201189296333,2,1.4152122961877123,1.4152122961877123,1.0,0.18
main,v040,LOSO-nes-f4,secondary,LOSO,nested,4,B,MAPPO|mappo_seed13_20260517T003433/mappo_best.pt,MAPPO,13,P,"May 2026, pre-781c90c reward",3,-164.66458906754454,137.66458906754454,27.0,0.0,0.0,207.02094994347823,207.02094994347823,0.0009910802775024777,0.0009910802775024777,0.0,0.0009910802775024777,0.0,0,0.0,1,1.8444179821527968,1.8444179821527968,1.0,0.18
main,v040,LOSO-nes-f4,secondary,LOSO,nested,4,B,MAPPO|mappo_seed13_20260517T003433/mappo_best.pt,MAPPO,13,P,"May 2026, pre-781c90c reward",4,-620.4209038901286,534.3632610901285,81.0,0.6826428,4.375,184.95454703294158,184.7838863329416,0.002973240832507433,0.0,0.002973240832507433,0.002973240832507433,0.1645193260654113,36,3.4251734390485633,3,1.4152122961877123,1.4152122961877123,1.0,0.18
main,v040,LOSO-nes-f4,secondary,LOSO,nested,4,B,MAPPO|mappo_seed13_20260517T003433/mappo_best.pt,MAPPO,13,P,"May 2026, pre-781c90c reward",5,-380.4690980273987,346.98730442739867,27.0,0.6067936,5.875,198.61933055855178,198.46763215855177,0.0009910802775024777,0.0,0.0009910802775024777,0.0009910802775024777,0.07631318136769079,32,3.044598612487612,1,1.4152122961877123,1.4152122961877123,1.0,0.18
main,v040,LOSO-nes-f4,secondary,LOSO,nested,4,B,MAPPO|mappo_seed13_20260517T003433/mappo_best.pt,MAPPO,13,P,"May 2026, pre-781c90c reward",6,-679.9409809359597,607.5869215359597,54.0,1.4790594,16.875,186.67128497357595,186.30152012357593,0.0019821605550049554,0.0,0.0019821605550049554,0.0019821605550049554,0.1635282457879088,78,7.421209117938553,2,124.25001033124485,124.49482805129415,1.0,0.18
main,v040,LOSO-nes-f4,secondary,LOSO,nested,4,B,MAPPO|mappo_seed13_20260517T003433/mappo_best.pt,MAPPO,13,P,"May 2026, pre-781c90c reward",7,-637.1262064221991,543.515166822199,81.0,0.9860396,11.625,190.17828061458354,189.93177071458354,0.003964321110009911,0.0,0.002973240832507433,0.002973240832507433,0.14370664023785926,52,4.947472745292369,3,1.4152122961877123,1.4152122961877123,1.0,0.18
main,v040,LOSO-nes-f4,secondary,LOSO,nested,4,B,MAPPO|mappo_seed13_20260517T003433/mappo_best.pt,MAPPO,13,P,"May 2026, pre-781c90c reward",8,-382.223074762705,348.529205762705,27.0,0.5688690000000001,6.125,201.96344299786878,201.82122574786877,0.0009910802775024777,0.0,0.0009910802775024777,0.0009910802775024777,0.04558969276511397,30,2.8543111992071357,1,1.4152122961877123,1.4152122961877123,1.0,0.18
main,v040,LOSO-nes-f4,secondary,LOSO,nested,4,B,MAPPO|mappo_seed13_20260517T003433/mappo_best.pt,MAPPO,13,P,"May 2026, pre-781c90c reward",9,-458.8853924584648,80.88539245846486,378.0,0.0,0.0,207.31099557366122,207.31099557366122,0.013875123885034688,0.013875123885034688,0.0,0.013875123885034688,0.0,0,0.0,14,15.378689542088106,64.86442239359408,1.0,0.18
main,v040,LOSO-nes-f4,secondary,LOSO,nested,4,B,MAPPO|mappo_seed23_20260517T110908/mappo_best.pt,MAPPO,23,P,"May 2026, pre-781c90c reward",all,-4784.557818315779,4155.378842715779,540.0,7.0539756,82.125,1955.5351031302066,1953.7716092302066,0.002180376610505451,0.0014866204162537165,0.0004955401387512388,0.0019821605550049554,0.08681863230921705,372,3.539345887016849,20,17.340605668366635,124.00519261119555,1.0,0.18
main,v040,LOSO-nes-f4,secondary,LOSO,nested,4,B,MAPPO|mappo_seed23_20260517T110908/mappo_best.pt,MAPPO,23,P,"May 2026, pre-781c90c reward",0,-798.6673114585367,777.0857044585366,0.0,1.706607,19.875,174.9279586195899,174.50130686958994,0.0,0.0,0.0,0.0,0.24281466798810702,90,8.562933597621408,0,0.0,0.0,0.0,0.18
main,v040,LOSO-nes-f4,secondary,LOSO,nested,4,B,MAPPO|mappo_seed23_20260517T110908/mappo_best.pt,MAPPO,23,P,"May 2026, pre-781c90c reward",1,-494.418511308201,455.220396308201,27.0,0.948115,11.25,191.32296911009752,191.08594036009754,0.0009910802775024777,0.0,0.0009910802775024777,0.0009910802775024777,0.11496531219028741,50,4.757185332011893,1,1.4152122961877123,1.4152122961877123,1.0,0.18
main,v040,LOSO-nes-f4,secondary,LOSO,nested,4,B,MAPPO|mappo_seed23_20260517T110908/mappo_best.pt,MAPPO,23,P,"May 2026, pre-781c90c reward",2,-280.2094722707251,277.64484927072505,0.0,0.189623,2.375,206.21350893409158,206.16610318409158,0.0009910802775024777,0.0,0.0,0.0,0.005946481665014866,10,0.9514370664023787,0,0.0,0.0,0.0,0.18
main,v040,LOSO-nes-f4,secondary,LOSO,nested,4,B,MAPPO|mappo_seed23_20260517T110908/mappo_best.pt,MAPPO,23,P,"May 2026, pre-781c90c reward",3,-164.66458906754454,137.66458906754454,27.0,0.0,0.0,207.02094994347823,207.02094994347823,0.0009910802775024777,0.0009910802775024777,0.0,0.0009910802775024777,0.0,0,0.0,1,1.8444179821527968,1.8444179821527968,1.0,0.18
main,v040,LOSO-nes-f4,secondary,LOSO,nested,4,B,MAPPO|mappo_seed23_20260517T110908/mappo_best.pt,MAPPO,23,P,"May 2026, pre-781c90c reward",4,-604.5681283274307,540.6958625274308,54.0,0.8722658,9.0,185.94625153658058,185.7281850865806,0.0019821605550049554,0.0,0.0019821605550049554,0.0019821605550049554,0.1506442021803766,46,4.376610505450942,2,1.4152122961877123,1.4152122961877123,1.0,0.18
main,v040,LOSO-nes-f4,secondary,LOSO,nested,4,B,MAPPO|mappo_seed23_20260517T110908/mappo_best.pt,MAPPO,23,P,"May 2026, pre-781c90c reward",5,-362.554979624083,356.9369598240829,0.0,0.4930198,5.125,199.94386448062994,199.82060953062992,0.0,0.0,0.0,0.0,0.05649157581764123,26,2.4737363726461843,0,0.0,0.0,0.0,0.18
main,v040,LOSO-nes-f4,secondary,LOSO,nested,4,B,MAPPO|mappo_seed23_20260517T110908/mappo_best.pt,MAPPO,23,P,"May 2026, pre-781c90c reward",6,-666.0918781668274,619.9007433668276,27.0,1.4411348,17.75,188.3422231658889,187.9819394658889,0.0009910802775024777,0.0,0.0009910802775024777,0.0009910802775024777,0.14073339940535184,76,7.230921704658078,1,124.00519261119555,124.00519261119555,1.0,0.18
main,v040,LOSO-nes-f4,secondary,LOSO,nested,4,B,MAPPO|mappo_seed23_20260517T110908/mappo_best.pt,MAPPO,23,P,"May 2026, pre-781c90c reward",7,-591.0145701630095,554.3052289630095,27.0,0.8343412000000001,8.875,191.60470581970577,191.39612051970576,0.0019821605550049554,0.0,0.0009910802775024777,0.0009910802775024777,0.12388503468780972,44,4.186323092170466,1,1.4152122961877123,1.4152122961877123,1.0,0.18
main,v040,LOSO-nes-f4,secondary,LOSO,nested,4,B,MAPPO|mappo_seed23_20260517T110908/mappo_best.pt,MAPPO,23,P,"May 2026, pre-781c90c reward",8,-363.482985470956,355.039116470956,0.0,0.5688690000000001,7.875,202.901675946483,202.759458696483,0.0,0.0,0.0,0.0,0.03270564915758176,30,2.8543111992071357,0,0.0,0.0,0.0,0.18
main,v040,LOSO-nes-f4,secondary,LOSO,nested,4,B,MAPPO|mappo_seed23_20260517T110908/mappo_best.pt,MAPPO,23,P,"May 2026, pre-781c90c reward",9,-458.8853924584648,80.88539245846486,378.0,0.0,0.0,207.31099557366122,207.31099557366122,0.013875123885034688,0.013875123885034688,0.0,0.013875123885034688,0.0,0,0.0,14,15.378689542088106,64.86442239359408,1.0,0.18
main,v040,LOSO-nes-f4,secondary,LOSO,nested,4,B,MAPPO|mappo_seed42_20260526T143637/mappo_best.pt,MAPPO,42,P+T,"May 2026, pre-781c90c reward",all,-4807.886096238432,4220.405235638433,513.0,6.1058606,68.375,1964.259318743762,1962.7328535937618,0.0020812685827552033,0.0014866204162537165,0.00039643211100099106,0.0018830525272547076,0.07730426164519326,322,3.0636273538156593,19,11.72668003979669,64.86442239359408,1.0,0.18
main,v040,LOSO-nes-f4,secondary,LOSO,nested,4,B,MAPPO|mappo_seed42_20260526T143637/mappo_best.pt,MAPPO,42,P+T,"May 2026, pre-781c90c reward",0,-820.2668088793873,807.0040708793874,0.0,1.1377380000000001,12.125,178.78881438801136,178.50437988801133,0.0,0.0,0.0,0.0,0.20118929633300298,60,5.708622398414271,0,0.0,0.0,0.0,0.18
main,v040,LOSO-nes-f4,secondary,LOSO,nested,4,B,MAPPO|mappo_seed42_20260526T143637/mappo_best.pt,MAPPO,42,P+T,"May 2026, pre-781c90c reward",1,-498.5801088866997,461.08284308669965,27.0,0.8722658000000001,9.625,192.01562860089578,191.7975621508958,0.0009910802775024777,0.0,0.0009910802775024777,0.0009910802775024777,0.10802775024777007,46,4.376610505450942,1,1.4152122961877123,1.4152122961877123,1.0,0.18
main,v040,LOSO-nes-f4,secondary,LOSO,nested,4,B,MAPPO|mappo_seed42_20260526T143637/mappo_best.pt,MAPPO,42,P+T,"May 2026, pre-781c90c reward",2,-280.2094722707251,277.64484927072505,0.0,0.189623,2.375,206.21350893409158,206.16610318409158,0.0009910802775024777,0.0,0.0,0.0,0.005946481665014866,10,0.9514370664023787,0,0.0,0.0,0.0,0.18
main,v040,LOSO-nes-f4,secondary,LOSO,nested,4,B,MAPPO|mappo_seed42_20260526T143637/mappo_best.pt,MAPPO,42,P+T,"May 2026, pre-781c90c reward",3,-164.66458906754454,137.66458906754454,27.0,0.0,0.0,207.02094994347823,207.02094994347823,0.0009910802775024777,0.0009910802775024777,0.0,0.0009910802775024777,0.0,0,0.0,1,1.8444179821527968,1.8444179821527968,1.0,0.18
main,v040,LOSO-nes-f4,secondary,LOSO,nested,4,B,MAPPO|mappo_seed42_20260526T143637/mappo_best.pt,MAPPO,42,P+T,"May 2026, pre-781c90c reward",4,-611.8306670745328,546.4204766745328,54.0,0.9101904000000001,10.5,186.7059718377945,186.47842423779446,0.0019821605550049554,0.0,0.0019821605550049554,0.0019821605550049554,0.14271555996035679,48,4.566897918731417,2,1.4152122961877123,1.4152122961877123,1.0,0.18
main,v040,LOSO-nes-f4,secondary,LOSO,nested,4,B,MAPPO|mappo_seed42_20260526T143637/mappo_best.pt,MAPPO,42,P+T,"May 2026, pre-781c90c reward",5,-363.672223250323,359.630052650323,0.0,0.4171706,3.625,200.4226996579825,200.3184070079825,0.0,0.0,0.0,0.0,0.05054509415262636,22,2.093161546085233,0,0.0,0.0,0.0,0.18
main,v040,LOSO-nes-f4,secondary,LOSO,nested,4,B,MAPPO|mappo_seed42_20260526T143637/mappo_best.pt,MAPPO,42,P+T,"May 2026, pre-781c90c reward",6,-673.7174660077242,627.1892558077243,27.0,1.4032102,18.125,189.3914130113223,189.04061046132233,0.0009910802775024777,0.0,0.0009910802775024777,0.0009910802775024777,0.1288404360753221,74,7.040634291377602,1,1.4152122961877123,1.4152122961877123,1.0,0.18
main,v040,LOSO-nes-f4,secondary,LOSO,nested,4,B,MAPPO|mappo_seed42_20260526T143637/mappo_best.pt,MAPPO,42,P+T,"May 2026, pre-781c90c reward",7,-571.6781090511479,564.044617051148,0.0,0.7584920000000002,6.875,192.9052832207159,192.7156602207159,0.0009910802775024777,0.0,0.0,0.0,0.11000991080277503,40,3.8057482656095147,0,0.0,0.0,0.0,0.18
main,v040,LOSO-nes-f4,secondary,LOSO,nested,4,B,MAPPO|mappo_seed42_20260526T143637/mappo_best.pt,MAPPO,42,P+T,"May 2026, pre-781c90c reward",8,-364.3812592918837,358.8390886918837,0.0,0.41717060000000006,5.125,203.4840535758084,203.3797609258084,0.0,0.0,0.0,0.0,0.02576808721506442,22,2.093161546085233,0,0.0,0.0,0.0,0.18
main,v040,LOSO-nes-f4,secondary,LOSO,nested,4,B,MAPPO|mappo_seed42_20260526T143637/mappo_best.pt,MAPPO,42,P+T,"May 2026, pre-781c90c reward",9,-458.8853924584648,80.88539245846486,378.0,0.0,0.0,207.31099557366122,207.31099557366122,0.013875123885034688,0.013875123885034688,0.0,0.013875123885034688,0.0,0,0.0,14,15.378689542088106,64.86442239359408,1.0,0.18
main,v040,LOSO-nes-f4,secondary,LOSO,nested,4,B,MAPPO|mappo_seed64_20260517T110908/mappo_best.pt,MAPPO,64,P,"May 2026, pre-781c90c reward",all,-4803.789549153884,4270.185200353883,486.0,4.8543488,42.75,1968.4356086547673,1967.2220214547672,0.00178394449950446,0.0014866204162537165,0.00029732408325074334,0.00178394449950446,0.07393458870168483,256,2.4356788899900894,18,12.299539358886078,64.86442239359408,1.0,0.18
main,v040,LOSO-nes-f4,secondary,LOSO,nested,4,B,MAPPO|mappo_seed64_20260517T110908/mappo_best.pt,MAPPO,64,P,"May 2026, pre-781c90c reward",0,-825.4533422339457,818.0431518339457,0.0,0.9101904000000001,6.5,179.73973119292083,179.51218359292082,0.0,0.0,0.0,0.0,0.19425173439048563,48,4.566897918731417,0,0.0,0.0,0.0,0.18
main,v040,LOSO-nes-f4,secondary,LOSO,nested,4,B,MAPPO|mappo_seed64_20260517T110908/mappo_best.pt,MAPPO,64,P,"May 2026, pre-781c90c reward",1,-504.46527930763233,469.58178730763234,27.0,0.7584919999999999,7.125,192.95167943705587,192.7620564370559,0.0009910802775024777,0.0,0.0009910802775024777,0.0009910802775024777,0.09910802775024777,40,3.8057482656095147,1,1.4152122961877123,1.4152122961877123,1.0,0.18
main,v040,LOSO-nes-f4,secondary,LOSO,nested,4,B,MAPPO|mappo_seed64_20260517T110908/mappo_best.pt,MAPPO,64,P,"May 2026, pre-781c90c reward",2,-282.4265879479151,281.3507387479151,0.0,0.0758492,1.0,206.58821033433387,206.56924803433387,0.0,0.0,0.0,0.0,0.0019821605550049554,4,0.3805748265609515,0,0.0,0.0,0.0,0.18
main,v040,LOSO-nes-f4,secondary,LOSO,nested,4,B,MAPPO|mappo_seed64_20260517T110908/mappo_best.pt,MAPPO,64,P,"May 2026, pre-781c90c reward",3,-164.66458906754454,137.66458906754454,27.0,0.0,0.0,207.02094994347823,207.02094994347823,0.0009910802775024777,0.0009910802775024777,0.0,0.0009910802775024777,0.0,0,0.0,1,1.8444179821527968,1.8444179821527968,1.0,0.18
main,v040,LOSO-nes-f4,secondary,LOSO,nested,4,B,MAPPO|mappo_seed64_20260517T110908/mappo_best.pt,MAPPO,64,P,"May 2026, pre-781c90c reward",4,-581.5274058486254,547.3939138486254,27.0,0.758492,6.375,186.72979722384403,186.54017422384405,0.0009910802775024777,0.0,0.0009910802775024777,0.0009910802775024777,0.14271555996035679,40,3.8057482656095147,1,1.4152122961877123,1.4152122961877123,1.0,0.18
main,v040,LOSO-nes-f4,secondary,LOSO,nested,4,B,MAPPO|mappo_seed64_20260517T110908/mappo_best.pt,MAPPO,64,P,"May 2026, pre-781c90c reward",5,-365.7172972056551,363.78890040565506,0.0,0.3033968,1.625,200.69967575824063,200.62382655824064,0.0,0.0,0.0,0.0,0.048562933597621406,16,1.522299306243806,0,0.0,0.0,0.0,0.18
main,v040,LOSO-nes-f4,secondary,LOSO,nested,4,B,MAPPO|mappo_seed64_20260517T110908/mappo_best.pt,MAPPO,64,P,"May 2026, pre-781c90c reward",6,-649.4658179227342,637.8168537227343,0.0,1.0239642,10.625,190.2167497776314,189.96075872763143,0.0,0.0,0.0,0.0,0.12190287413280476,54,5.137760158572845,0,0.0,0.0,0.0,0.18
main,v040,LOSO-nes-f4,secondary,LOSO,nested,4,B,MAPPO|mappo_seed64_20260517T110908/mappo_best.pt,MAPPO,64,P,"May 2026, pre-781c90c reward",7,-597.7642681871386,565.2445499871385,27.0,0.6447182,4.875,192.91976250127124,192.75858295127125,0.0009910802775024777,0.0,0.0009910802775024777,0.0009910802775024777,0.1110009910802775,34,3.2348860257680876,1,1.4152122961877123,1.4152122961877123,1.0,0.18
main,v040,LOSO-nes-f4,secondary,LOSO,nested,4,B,MAPPO|mappo_seed64_20260517T110908/mappo_best.pt,MAPPO,64,P,"May 2026, pre-781c90c reward",8,-373.41956897422756,368.4153229742276,0.0,0.379246,4.625,204.25805691232978,204.1632454123298,0.0,0.0,0.0,0.0,0.019821605550049554,20,1.9028741328047574,0,0.0,0.0,0.0,0.18
main,v040,LOSO-nes-f4,secondary,LOSO,nested,4,B,MAPPO|mappo_seed64_20260517T110908/mappo_best.pt,MAPPO,64,P,"May 2026, pre-781c90c reward",9,-458.8853924584648,80.88539245846486,378.0,0.0,0.0,207.31099557366122,207.31099557366122,0.013875123885034688,0.013875123885034688,0.0,0.013875123885034688,0.0,0,0.0,14,15.378689542088106,64.86442239359408,1.0,0.18
main,v040,LOSO-nes-f4,secondary,LOSO,nested,4,B,MAPPO|wcnc2027_ablation/mappo_seed1/mappo_best.pt,MAPPO,1,R,wcnc2027_ablation 2026-09-14,all,-4792.64771781691,4247.97450001691,486.0,5.423217800000001,53.25,1966.0280729087867,1964.6722684587867,0.0018830525272547076,0.0014866204162537165,0.00029732408325074334,0.00178394449950446,0.07641228939544104,286,2.721110009910803,18,19.110093820830958,124.00519261119555,1.0,0.18
main,v040,LOSO-nes-f4,secondary,LOSO,nested,4,B,MAPPO|wcnc2027_ablation/mappo_seed1/mappo_best.pt,MAPPO,1,R,wcnc2027_ablation 2026-09-14,0,-813.3403499249395,802.4905365249394,0.0,1.0998134,9.75,177.94903515363444,177.67408180363444,0.0,0.0,0.0,0.0,0.21209117938553024,58,5.518334985133796,0,0.0,0.0,0.0,0.18
main,v040,LOSO-nes-f4,secondary,LOSO,nested,4,B,MAPPO|wcnc2027_ablation/mappo_seed1/mappo_best.pt,MAPPO,1,R,wcnc2027_ablation 2026-09-14,1,-502.1651043481371,466.7436877481372,27.0,0.7964166,7.625,192.65911106839656,192.46000691839657,0.0009910802775024777,0.0,0.0009910802775024777,0.0009910802775024777,0.10208126858275521,42,3.9960356788899905,1,1.4152122961877123,1.4152122961877123,1.0,0.18
main,v040,LOSO-nes-f4,secondary,LOSO,nested,4,B,MAPPO|wcnc2027_ablation/mappo_seed1/mappo_best.pt,MAPPO,1,R,wcnc2027_ablation 2026-09-14,2,-281.6984568426568,280.0846830426568,0.0,0.11377380000000001,1.5,206.48236877462625,206.45392532462625,0.0,0.0,0.0,0.0,0.002973240832507433,6,0.5708622398414271,0,0.0,0.0,0.0,0.18
main,v040,LOSO-nes-f4,secondary,LOSO,nested,4,B,MAPPO|wcnc2027_ablation/mappo_seed1/mappo_best.pt,MAPPO,1,R,wcnc2027_ablation 2026-09-14,3,-164.66458906754454,137.66458906754454,27.0,0.0,0.0,207.02094994347823,207.02094994347823,0.0009910802775024777,0.0009910802775024777,0.0,0.0009910802775024777,0.0,0,0.0,1,1.8444179821527968,1.8444179821527968,1.0,0.18
main,v040,LOSO-nes-f4,secondary,LOSO,nested,4,B,MAPPO|wcnc2027_ablation/mappo_seed1/mappo_best.pt,MAPPO,1,R,wcnc2027_ablation 2026-09-14,4,-585.3038741453015,550.6703821453016,27.0,0.758492,6.875,187.1087410661741,186.91911806617412,0.0009910802775024777,0.0,0.0009910802775024777,0.0009910802775024777,0.13875123885034688,40,3.8057482656095147,1,1.4152122961877123,1.4152122961877123,1.0,0.18
main,v040,LOSO-nes-f4,secondary,LOSO,nested,4,B,MAPPO|wcnc2027_ablation/mappo_seed1/mappo_best.pt,MAPPO,1,R,wcnc2027_ablation 2026-09-14,5,-364.0403322383155,361.57401083831553,0.0,0.3413214,2.125,200.47648913044338,200.39115878044333,0.0,0.0,0.0,0.0,0.05054509415262636,18,1.7125867195242817,0,0.0,0.0,0.0,0.18
main,v040,LOSO-nes-f4,secondary,LOSO,nested,4,B,MAPPO|wcnc2027_ablation/mappo_seed1/mappo_best.pt,MAPPO,1,R,wcnc2027_ablation 2026-09-14,6,-680.8049939639648,639.3793313639646,27.0,1.1756626,13.25,190.45191418905512,190.15799853905514,0.0009910802775024777,0.0,0.0009910802775024777,0.0009910802775024777,0.1199207135777998,62,5.898909811694748,1,124.00519261119555,124.00519261119555,1.0,0.18
main,v040,LOSO-nes-f4,secondary,LOSO,nested,4,B,MAPPO|wcnc2027_ablation/mappo_seed1/mappo_best.pt,MAPPO,1,R,wcnc2027_ablation 2026-09-14,7,-573.9060531088885,567.2234103088886,0.0,0.6826428,6.0,192.91113278079996,192.74047208079998,0.0009910802775024777,0.0,0.0,0.0,0.11298315163528246,36,3.4251734390485633,0,0.0,0.0,0.0,0.18
main,v040,LOSO-nes-f4,secondary,LOSO,nested,4,B,MAPPO|wcnc2027_ablation/mappo_seed1/mappo_best.pt,MAPPO,1,R,wcnc2027_ablation 2026-09-14,8,-367.83857171869704,361.258476518697,0.0,0.45509520000000003,6.125,203.65733522851752,203.54356142851753,0.0,0.0,0.0,0.0,0.024777006937561942,24,2.2834489593657086,0,0.0,0.0,0.0,0.18
main,v040,LOSO-nes-f4,secondary,LOSO,nested,4,B,MAPPO|wcnc2027_ablation/mappo_seed1/mappo_best.pt,MAPPO,1,R,wcnc2027_ablation 2026-09-14,9,-458.8853924584648,80.88539245846486,378.0,0.0,0.0,207.31099557366122,207.31099557366122,0.013875123885034688,0.013875123885034688,0.0,0.013875123885034688,0.0,0,0.0,14,15.378689542088106,64.86442239359408,1.0,0.18
main,v040,LOSO-nes-f4,secondary,LOSO,nested,4,B,Centralized PPO|wcnc2027_ablation/central_seed1/ppo_multi_site.zip,Centralized PPO,1,R,wcnc2027_ablation 2026-09-14,all,-12499.105127399675,5751.924093670996,6704.92374352868,2.8822902,39.375,2203.4011522537076,2202.6805797037073,0.033597621407333994,0.012983151635282459,0.02408325074331021,0.025569871159563926,0.1322101090188305,150,1.4271555996035679,330,51.68587527140597,2476.0047254536053,0.7751562956013486,0.18
main,v040,LOSO-nes-f4,secondary,LOSO,nested,4,B,Centralized PPO|wcnc2027_ablation/central_seed1/ppo_multi_site.zip,Centralized PPO,1,R,wcnc2027_ablation 2026-09-14,0,-1422.4267867950343,817.5214393009776,572.2436452940567,2.1617021999999997,30.5,184.47445829665674,183.93403274665673,0.023785926660059464,0.002973240832507433,0.02180376610505451,0.02180376610505451,0.3508424182358771,113,10.751238850346878,24,6.3856055056544365,124.49482805129415,0.8939774233607528,0.18
main,v040,LOSO-nes-f4,secondary,LOSO,nested,4,B,Centralized PPO|wcnc2027_ablation/central_seed1/ppo_multi_site.zip,Centralized PPO,1,R,wcnc2027_ablation 2026-09-14,1,-868.5032604739149,868.5032604739149,0.0,0.0,0.0,206.77024294917322,206.77024294917322,0.0,0.0,0.0,0.0,0.0,0,0.0,0,0.0,0.0,0.0,0.18
main,v040,LOSO-nes-f4,secondary,LOSO,nested,4,B,Centralized PPO|wcnc2027_ablation/central_seed1/ppo_multi_site.zip,Centralized PPO,1,R,wcnc2027_ablation 2026-09-14,2,-284.9985711009401,284.9985711009401,0.0,0.0,0.0,206.8379829505226,206.8379829505226,0.0,0.0,0.0,0.0,0.0,0,0.0,0,0.0,0.0,0.0,0.18
main,v040,LOSO-nes-f4,secondary,LOSO,nested,4,B,Centralized PPO|wcnc2027_ablation/central_seed1/ppo_multi_site.zip,Centralized PPO,1,R,wcnc2027_ablation 2026-09-14,3,-164.66458906754454,137.66458906754454,27.0,0.0,0.0,207.02094994347823,207.02094994347823,0.0009910802775024777,0.0009910802775024777,0.0,0.0009910802775024777,0.0,0,0.0,1,1.8444179821527968,1.8444179821527968,1.0,0.18
main,v040,LOSO-nes-f4,secondary,LOSO,nested,4,B,Centralized PPO|wcnc2027_ablation/central_seed1/ppo_multi_site.zip,Centralized PPO,1,R,wcnc2027_ablation 2026-09-14,4,-979.3256110875932,952.0376864875932,27.0,0.0379246,0.25,206.70149880689775,206.69201765689775,0.0009910802775024777,0.0,0.0009910802775024777,0.0009910802775024777,0.002973240832507433,2,0.19028741328047574,1,1.4152122961877123,1.4152122961877123,1.0,0.18
main,v040,LOSO-nes-f4,secondary,LOSO,nested,4,B,Centralized PPO|wcnc2027_ablation/central_seed1/ppo_multi_site.zip,Centralized PPO,1,R,wcnc2027_ablation 2026-09-14,5,-442.9301582857329,442.9301582857329,0.0,0.0,0.0,206.79841693682397,206.79841693682397,0.0,0.0,0.0,0.0,0.0,0,0.0,0,0.0,0.0,0.0,0.18
main,v040,LOSO-nes-f4,secondary,LOSO,nested,4,B,Centralized PPO|wcnc2027_ablation/central_seed1/ppo_multi_site.zip,Centralized PPO,1,R,wcnc2027_ablation 2026-09-14,6,-953.7936412764903,952.7177920764904,0.0,0.0758492,1.0,206.6089427502812,206.5899804502812,0.0,0.0,0.0,0.0,0.0019821605550049554,3,0.28543111992071357,0,0.0,0.0,0.0,0.18
main,v040,LOSO-nes-f4,secondary,LOSO,nested,4,B,Centralized PPO|wcnc2027_ablation/central_seed1/ppo_multi_site.zip,Centralized PPO,1,R,wcnc2027_ablation 2026-09-14,7,-6521.971192474027,813.0592800394035,5700.680098234623,0.6068142,7.625,364.0797293037281,363.9280257537281,0.29633300297324083,0.11199207135777998,0.2180376610505451,0.2180376610505451,0.9663032705649157,32,3.044598612487612,290,57.53283801227824,2476.0047254536053,0.7529176530613342,0.18
main,v040,LOSO-nes-f4,secondary,LOSO,nested,4,B,Centralized PPO|wcnc2027_ablation/central_seed1/ppo_multi_site.zip,Centralized PPO,1,R,wcnc2027_ablation 2026-09-14,8,-401.6059243799335,401.6059243799335,0.0,0.0,0.0,206.7979347424846,206.7979347424846,0.0,0.0,0.0,0.0,0.0,0,0.0,0,0.0,0.0,0.0,0.18
main,v040,LOSO-nes-f4,secondary,LOSO,nested,4,B,Centralized PPO|wcnc2027_ablation/central_seed1/ppo_multi_site.zip,Centralized PPO,1,R,wcnc2027_ablation 2026-09-14,9,-458.8853924584648,80.88539245846486,378.0,0.0,0.0,207.31099557366122,207.31099557366122,0.013875123885034688,0.013875123885034688,0.0,0.013875123885034688,0.0,0,0.0,14,15.378689542088106,64.86442239359408,1.0,0.18
main,v040,LOSO-nes-f4,secondary,LOSO,nested,4,B,Shared-PPO|wcnc2027_ablation/shared_ppo_seed1/mappo_best.pt,Shared-PPO,1,R,wcnc2027_ablation 2026-09-14 (supplementary ablation),all,-4963.286676144841,4151.533363144841,756.0,5.878313,49.875,1951.0723004002912,1949.6027221502914,0.0028741328047571855,0.0014866204162537165,0.001288404360753221,0.0027750247770069376,0.1001982160555005,310,2.949454905847374,28,17.186193838997884,124.49482805129415,1.0,0.18
main,v040,LOSO-nes-f4,secondary,LOSO,nested,4,B,Shared-PPO|wcnc2027_ablation/shared_ppo_seed1/mappo_best.pt,Shared-PPO,1,R,wcnc2027_ablation 2026-09-14 (supplementary ablation),0,-817.0785379738647,775.7244785738646,27.0,1.4790594000000001,12.875,173.6343584213421,173.2645935713421,0.0009910802775024777,0.0,0.0009910802775024777,0.0009910802775024777,0.27849355797819625,78,7.421209117938553,1,1.4152122961877123,1.4152122961877123,1.0,0.18
main,v040,LOSO-nes-f4,secondary,LOSO,nested,4,B,Shared-PPO|wcnc2027_ablation/shared_ppo_seed1/mappo_best.pt,Shared-PPO,1,R,wcnc2027_ablation 2026-09-14 (supplementary ablation),1,-479.8602811480396,449.2914121480396,27.0,0.5688690000000001,3.0,190.17593467230995,190.03371742230996,0.0009910802775024777,0.0,0.0009910802775024777,0.0009910802775024777,0.13974231912784935,30,2.8543111992071357,1,1.4152122961877123,1.4152122961877123,1.0,0.18
main,v040,LOSO-nes-f4,secondary,LOSO,nested,4,B,Shared-PPO|wcnc2027_ablation/shared_ppo_seed1/mappo_best.pt,Shared-PPO,1,R,wcnc2027_ablation 2026-09-14 (supplementary ablation),2,-283.117625790647,279.89007819064705,0.0,0.22754760000000002,3.0,206.37764169771364,206.32075479771365,0.0,0.0,0.0,0.0,0.006937561942517344,12,1.1417244796828543,0,0.0,0.0,0.0,0.18
main,v040,LOSO-nes-f4,secondary,LOSO,nested,4,B,Shared-PPO|wcnc2027_ablation/shared_ppo_seed1/mappo_best.pt,Shared-PPO,1,R,wcnc2027_ablation 2026-09-14 (supplementary ablation),3,-165.00957323852148,137.4716486385215,27.0,0.0379246,0.5,206.9950713825292,206.9855902325292,0.0009910802775024777,0.0009910802775024777,0.0,0.0009910802775024777,0.0009910802775024777,2,0.19028741328047574,1,1.8444179821527968,1.8444179821527968,1.0,0.18
main,v040,LOSO-nes-f4,secondary,LOSO,nested,4,B,Shared-PPO|wcnc2027_ablation/shared_ppo_seed1/mappo_best.pt,Shared-PPO,1,R,wcnc2027_ablation 2026-09-14 (supplementary ablation),4,-652.6066405552508,539.4239977552509,108.0,0.6826428,4.5,185.35591611953095,185.18525541953096,0.003964321110009911,0.0,0.003964321110009911,0.003964321110009911,0.16749256689791872,36,3.4251734390485633,4,1.4152122961877123,1.4152122961877123,1.0,0.18
main,v040,LOSO-nes-f4,secondary,LOSO,nested,4,B,Shared-PPO|wcnc2027_ablation/shared_ppo_seed1/mappo_best.pt,Shared-PPO,1,R,wcnc2027_ablation 2026-09-14 (supplementary ablation),5,-357.82954237947104,353.9994471794711,0.0,0.45509520000000003,3.375,199.25583088037925,199.14205708037926,0.0,0.0,0.0,0.0,0.06937561942517344,24,2.2834489593657086,0,0.0,0.0,0.0,0.18
main,v040,LOSO-nes-f4,secondary,LOSO,nested,4,B,Shared-PPO|wcnc2027_ablation/shared_ppo_seed1/mappo_best.pt,Shared-PPO,1,R,wcnc2027_ablation 2026-09-14 (supplementary ablation),6,-771.3910410773195,624.7153784773195,135.0,1.1756626000000001,10.5,188.2996915424983,188.00577589249826,0.004955401387512388,0.0,0.004955401387512388,0.004955401387512388,0.15758176412289396,62,5.898909811694748,5,50.54913151021057,124.49482805129415,1.0,0.18
main,v040,LOSO-nes-f4,secondary,LOSO,nested,4,B,Shared-PPO|wcnc2027_ablation/shared_ppo_seed1/mappo_best.pt,Shared-PPO,1,R,wcnc2027_ablation 2026-09-14 (supplementary ablation),7,-613.5796919257087,552.8591245257088,54.0,0.7205674,6.0,190.80031932947458,190.6201774794746,0.002973240832507433,0.0,0.0019821605550049554,0.0019821605550049554,0.14370664023785926,38,3.615460852329039,2,1.4152122961877123,1.4152122961877123,1.0,0.18
main,v040,LOSO-nes-f4,secondary,LOSO,nested,4,B,Shared-PPO|wcnc2027_ablation/shared_ppo_seed1/mappo_best.pt,Shared-PPO,1,R,wcnc2027_ablation 2026-09-14 (supplementary ablation),8,-363.9283495975533,357.2724051975533,0.0,0.5309444000000001,6.125,202.86654078085215,202.73380468085213,0.0,0.0,0.0,0.0,0.03766105054509415,28,2.66402378592666,0,0.0,0.0,0.0,0.18
main,v040,LOSO-nes-f4,secondary,LOSO,nested,4,B,Shared-PPO|wcnc2027_ablation/shared_ppo_seed1/mappo_best.pt,Shared-PPO,1,R,wcnc2027_ablation 2026-09-14 (supplementary ablation),9,-458.8853924584648,80.88539245846486,378.0,0.0,0.0,207.31099557366122,207.31099557366122,0.013875123885034688,0.013875123885034688,0.0,0.013875123885034688,0.0,0,0.0,14,15.378689542088106,64.86442239359408,1.0,0.18
main,v040,LOSO-nes-f4,secondary,LOSO,nested,4,B,MAPPO|wcnc2027_ablation/mappo_seed7/mappo_best.pt,MAPPO,7,R,wcnc2027_ablation 2026-09-14,all,-4821.201208532779,4219.436669332779,540.0,5.7645392,56.0,1962.0059591835739,1960.5648243835738,0.0020812685827552033,0.0014866204162537165,0.0004955401387512388,0.0019821605550049554,0.08156590683845391,304,2.892368681863231,20,17.340605668366635,124.00519261119555,1.0,0.18
main,v040,LOSO-nes-f4,secondary,LOSO,nested,4,B,MAPPO|wcnc2027_ablation/mappo_seed7/mappo_best.pt,MAPPO,7,R,wcnc2027_ablation 2026-09-14,0,-816.7114603305115,801.8840993305114,0.0,1.327361,13.5,177.8596630260796,177.52782277607963,0.0,0.0,0.0,0.0,0.21407333994053518,70,6.6600594648166505,0,0.0,0.0,0.0,0.18
main,v040,LOSO-nes-f4,secondary,LOSO,nested,4,B,MAPPO|wcnc2027_ablation/mappo_seed7/mappo_best.pt,MAPPO,7,R,wcnc2027_ablation 2026-09-14,1,-500.5261545568065,463.2788887568065,27.0,0.8722658000000001,9.375,192.24395450817724,192.02588805817726,0.0009910802775024777,0.0,0.0009910802775024777,0.0009910802775024777,0.10703666997026759,46,4.376610505450942,1,1.4152122961877123,1.4152122961877123,1.0,0.18
main,v040,LOSO-nes-f4,secondary,LOSO,nested,4,B,MAPPO|wcnc2027_ablation/mappo_seed7/mappo_best.pt,MAPPO,7,R,wcnc2027_ablation 2026-09-14,2,-281.80316206130146,279.6514636613015,0.0,0.1516984,2.0,206.41826231978268,206.3803377197827,0.0,0.0,0.0,0.0,0.003964321110009911,8,0.761149653121903,0,0.0,0.0,0.0,0.18
main,v040,LOSO-nes-f4,secondary,LOSO,nested,4,B,MAPPO|wcnc2027_ablation/mappo_seed7/mappo_best.pt,MAPPO,7,R,wcnc2027_ablation 2026-09-14,3,-164.66458906754454,137.66458906754454,27.0,0.0,0.0,207.02094994347823,207.02094994347823,0.0009910802775024777,0.0009910802775024777,0.0,0.0009910802775024777,0.0,0,0.0,1,1.8444179821527968,1.8444179821527968,1.0,0.18
main,v040,LOSO-nes-f4,secondary,LOSO,nested,4,B,MAPPO|wcnc2027_ablation/mappo_seed7/mappo_best.pt,MAPPO,7,R,wcnc2027_ablation 2026-09-14,4,-605.7458607094043,545.7752933094043,54.0,0.7205674,5.25,186.39233016728406,186.21218831728407,0.0019821605550049554,0.0,0.0019821605550049554,0.0019821605550049554,0.14767096134786917,38,3.615460852329039,2,1.4152122961877123,1.4152122961877123,1.0,0.18
main,v040,LOSO-nes-f4,secondary,LOSO,nested,4,B,MAPPO|wcnc2027_ablation/mappo_seed7/mappo_best.pt,MAPPO,7,R,wcnc2027_ablation 2026-09-14,5,-361.7454591891675,358.74121318916747,0.0,0.379246,2.625,200.09191656627314,199.99710506627315,0.0,0.0,0.0,0.0,0.05550049554013875,20,1.9028741328047574,0,0.0,0.0,0.0,0.18
main,v040,LOSO-nes-f4,secondary,LOSO,nested,4,B,MAPPO|wcnc2027_ablation/mappo_seed7/mappo_best.pt,MAPPO,7,R,wcnc2027_ablation 2026-09-14,6,-669.3029269594246,630.1651889594245,27.0,1.1377380000000001,11.0,189.1411518400066,188.85671734000658,0.0009910802775024777,0.0,0.0009910802775024777,0.0009910802775024777,0.13577799801783944,60,5.708622398414271,1,124.00519261119555,124.00519261119555,1.0,0.18
main,v040,LOSO-nes-f4,secondary,LOSO,nested,4,B,MAPPO|wcnc2027_ablation/mappo_seed7/mappo_best.pt,MAPPO,7,R,wcnc2027_ablation 2026-09-14,7,-597.4540832513085,563.8964404513085,27.0,0.6826428,5.875,192.39726457318216,192.22660387318217,0.0019821605550049554,0.0,0.0009910802775024777,0.0009910802775024777,0.1199207135777998,36,3.4251734390485633,1,1.4152122961877123,1.4152122961877123,1.0,0.18
main,v040,LOSO-nes-f4,secondary,LOSO,nested,4,B,MAPPO|wcnc2027_ablation/mappo_seed7/mappo_best.pt,MAPPO,7,R,wcnc2027_ablation 2026-09-14,8,-364.3621199488458,357.4941001488458,0.0,0.4930198,6.375,203.1294706656488,203.00621571564875,0.0,0.0,0.0,0.0,0.031714568880079286,26,2.4737363726461843,0,0.0,0.0,0.0,0.18
main,v040,LOSO-nes-f4,secondary,LOSO,nested,4,B,MAPPO|wcnc2027_ablation/mappo_seed7/mappo_best.pt,MAPPO,7,R,wcnc2027_ablation 2026-09-14,9,-458.8853924584648,80.88539245846486,378.0,0.0,0.0,207.31099557366122,207.31099557366122,0.013875123885034688,0.013875123885034688,0.0,0.013875123885034688,0.0,0,0.0,14,15.378689542088106,64.86442239359408,1.0,0.18
main,v040,LOSO-nes-f4,secondary,LOSO,nested,4,B,Centralized PPO|wcnc2027_ablation/central_seed7/ppo_multi_site.zip,Centralized PPO,7,R,wcnc2027_ablation 2026-09-14,all,-9755.873459457343,5769.043750928665,3977.9237435286805,0.5309650000000001,8.375,2092.052643555258,2091.919902305258,0.01635282457879088,0.002973240832507433,0.014073339940535183,0.0155599603567889,0.09762140733399405,29,0.2759167492566898,165,24.668569003931484,1526.3012116676841,0.9031523518447315,0.18
main,v040,LOSO-nes-f4,secondary,LOSO,nested,4,B,Centralized PPO|wcnc2027_ablation/central_seed7/ppo_multi_site.zip,Centralized PPO,7,R,wcnc2027_ablation 2026-09-14,0,-4465.301183767613,883.4714752389326,3572.9237435286805,0.530965,8.375,230.31089960937777,230.17815835937776,0.14866204162537167,0.014866204162537165,0.14073339940535184,0.14073339940535184,0.9762140733399405,29,2.759167492566898,150,25.68778542718206,1526.3012116676841,0.8934675870292047,0.18
main,v040,LOSO-nes-f4,secondary,LOSO,nested,4,B,Centralized PPO|wcnc2027_ablation/central_seed7/ppo_multi_site.zip,Centralized PPO,7,R,wcnc2027_ablation 2026-09-14,1,-868.5032604739149,868.5032604739149,0.0,0.0,0.0,206.77024294917322,206.77024294917322,0.0,0.0,0.0,0.0,0.0,0,0.0,0,0.0,0.0,0.0,0.18
main,v040,LOSO-nes-f4,secondary,LOSO,nested,4,B,Centralized PPO|wcnc2027_ablation/central_seed7/ppo_multi_site.zip,Centralized PPO,7,R,wcnc2027_ablation 2026-09-14,2,-284.9985711009401,284.9985711009401,0.0,0.0,0.0,206.8379829505226,206.8379829505226,0.0,0.0,0.0,0.0,0.0,0,0.0,0,0.0,0.0,0.0,0.18
main,v040,LOSO-nes-f4,secondary,LOSO,nested,4,B,Centralized PPO|wcnc2027_ablation/central_seed7/ppo_multi_site.zip,Centralized PPO,7,R,wcnc2027_ablation 2026-09-14,3,-164.66458906754454,137.66458906754454,27.0,0.0,0.0,207.02094994347823,207.02094994347823,0.0009910802775024777,0.0009910802775024777,0.0,0.0009910802775024777,0.0,0,0.0,1,1.8444179821527968,1.8444179821527968,1.0,0.18
main,v040,LOSO-nes-f4,secondary,LOSO,nested,4,B,Centralized PPO|wcnc2027_ablation/central_seed7/ppo_multi_site.zip,Centralized PPO,7,R,wcnc2027_ablation 2026-09-14,4,-955.712356119679,955.712356119679,0.0,0.0,0.0,206.73881438421557,206.73881438421557,0.0,0.0,0.0,0.0,0.0,0,0.0,0,0.0,0.0,0.0,0.18
main,v040,LOSO-nes-f4,secondary,LOSO,nested,4,B,Centralized PPO|wcnc2027_ablation/central_seed7/ppo_multi_site.zip,Centralized PPO,7,R,wcnc2027_ablation 2026-09-14,5,-442.9301582857329,442.9301582857329,0.0,0.0,0.0,206.79841693682397,206.79841693682397,0.0,0.0,0.0,0.0,0.0,0,0.0,0,0.0,0.0,0.0,0.18
main,v040,LOSO-nes-f4,secondary,LOSO,nested,4,B,Centralized PPO|wcnc2027_ablation/central_seed7/ppo_multi_site.zip,Centralized PPO,7,R,wcnc2027_ablation 2026-09-14,6,-955.8616952857936,955.8616952857936,0.0,0.0,0.0,206.73220836211908,206.73220836211908,0.0,0.0,0.0,0.0,0.0,0,0.0,0,0.0,0.0,0.0,0.18
main,v040,LOSO-nes-f4,secondary,LOSO,nested,4,B,Centralized PPO|wcnc2027_ablation/central_seed7/ppo_multi_site.zip,Centralized PPO,7,R,wcnc2027_ablation 2026-09-14,7,-757.4103285177289,757.4103285177289,0.0,0.0,0.0,206.73419810340187,206.73419810340187,0.0,0.0,0.0,0.0,0.0,0,0.0,0,0.0,0.0,0.0,0.18
main,v040,LOSO-nes-f4,secondary,LOSO,nested,4,B,Centralized PPO|wcnc2027_ablation/central_seed7/ppo_multi_site.zip,Centralized PPO,7,R,wcnc2027_ablation 2026-09-14,8,-401.6059243799335,401.6059243799335,0.0,0.0,0.0,206.7979347424846,206.7979347424846,0.0,0.0,0.0,0.0,0.0,0,0.0,0,0.0,0.0,0.0,0.18
main,v040,LOSO-nes-f4,secondary,LOSO,nested,4,B,Centralized PPO|wcnc2027_ablation/central_seed7/ppo_multi_site.zip,Centralized PPO,7,R,wcnc2027_ablation 2026-09-14,9,-458.8853924584648,80.88539245846486,378.0,0.0,0.0,207.31099557366122,207.31099557366122,0.013875123885034688,0.013875123885034688,0.0,0.013875123885034688,0.0,0,0.0,14,15.378689542088106,64.86442239359408,1.0,0.18
main,v040,LOSO-nes-f4,secondary,LOSO,nested,4,B,Shared-PPO|wcnc2027_ablation/shared_ppo_seed7/mappo_best.pt,Shared-PPO,7,R,wcnc2027_ablation 2026-09-14 (supplementary ablation),all,-4845.648985611593,4269.634446411594,513.0,5.764539200000001,57.25,1968.361115561194,1966.919980761194,0.0019821605550049554,0.0014866204162537165,0.00039643211100099106,0.0018830525272547076,0.07413280475718534,304,2.892368681863231,19,18.178784266902365,124.00519261119555,1.0,0.18
main,v040,LOSO-nes-f4,secondary,LOSO,nested,4,B,Shared-PPO|wcnc2027_ablation/shared_ppo_seed7/mappo_best.pt,Shared-PPO,7,R,wcnc2027_ablation 2026-09-14 (supplementary ablation),0,-825.2954708474888,811.6689590474887,0.0,1.2515118,12.375,179.1197307528805,178.8068528028805,0.0,0.0,0.0,0.0,0.199207135777998,66,6.279484638255699,0,0.0,0.0,0.0,0.18
main,v040,LOSO-nes-f4,secondary,LOSO,nested,4,B,Shared-PPO|wcnc2027_ablation/shared_ppo_seed7/mappo_best.pt,Shared-PPO,7,R,wcnc2027_ablation 2026-09-14 (supplementary ablation),1,-509.3502975435607,473.01595634356073,27.0,0.8343412000000001,8.5,193.25758754159983,193.04900224159985,0.0009910802775024777,0.0,0.0009910802775024777,0.0009910802775024777,0.09712586719524281,44,4.186323092170466,1,1.4152122961877123,1.4152122961877123,1.0,0.18
main,v040,LOSO-nes-f4,secondary,LOSO,nested,4,B,Shared-PPO|wcnc2027_ablation/shared_ppo_seed7/mappo_best.pt,Shared-PPO,7,R,wcnc2027_ablation 2026-09-14 (supplementary ablation),2,-280.269385758799,278.242687358799,0.0,0.1516984,1.875,206.28181427309724,206.24388967309724,0.0,0.0,0.0,0.0,0.004955401387512388,8,0.761149653121903,0,0.0,0.0,0.0,0.18
main,v040,LOSO-nes-f4,secondary,LOSO,nested,4,B,Shared-PPO|wcnc2027_ablation/shared_ppo_seed7/mappo_best.pt,Shared-PPO,7,R,wcnc2027_ablation 2026-09-14 (supplementary ablation),3,-164.66458906754454,137.66458906754454,27.0,0.0,0.0,207.02094994347823,207.02094994347823,0.0009910802775024777,0.0009910802775024777,0.0,0.0009910802775024777,0.0,0,0.0,1,1.8444179821527968,1.8444179821527968,1.0,0.18
main,v040,LOSO-nes-f4,secondary,LOSO,nested,4,B,Shared-PPO|wcnc2027_ablation/shared_ppo_seed7/mappo_best.pt,Shared-PPO,7,R,wcnc2027_ablation 2026-09-14 (supplementary ablation),4,-614.3521462335502,551.7678050335503,54.0,0.8343412,7.75,187.17585298514092,186.96726768514094,0.0019821605550049554,0.0,0.0019821605550049554,0.0019821605550049554,0.13875123885034688,44,4.186323092170466,2,1.4152122961877123,1.4152122961877123,1.0,0.18
main,v040,LOSO-nes-f4,secondary,LOSO,nested,4,B,Shared-PPO|wcnc2027_ablation/shared_ppo_seed7/mappo_best.pt,Shared-PPO,7,R,wcnc2027_ablation 2026-09-14 (supplementary ablation),5,-363.6037335795274,360.47448757952736,0.0,0.379246,2.75,200.36623870616052,200.2714272061605,0.0,0.0,0.0,0.0,0.05153617443012884,20,1.9028741328047574,0,0.0,0.0,0.0,0.18
main,v040,LOSO-nes-f4,secondary,LOSO,nested,4,B,Shared-PPO|wcnc2027_ablation/shared_ppo_seed7/mappo_best.pt,Shared-PPO,7,R,wcnc2027_ablation 2026-09-14 (supplementary ablation),6,-684.9183696836167,645.1556316836167,27.0,1.1377380000000001,11.625,190.84866505958652,190.56423055958652,0.0009910802775024777,0.0,0.0009910802775024777,0.0009910802775024777,0.11694747274529237,60,5.708622398414271,1,124.00519261119555,124.00519261119555,1.0,0.18
main,v040,LOSO-nes-f4,secondary,LOSO,nested,4,B,Shared-PPO|wcnc2027_ablation/shared_ppo_seed7/mappo_best.pt,Shared-PPO,7,R,wcnc2027_ablation 2026-09-14 (supplementary ablation),7,-575.738019840516,568.1424524405161,0.0,0.7205674000000001,6.875,193.32230433975016,193.14216248975018,0.0009910802775024777,0.0,0.0,0.0,0.10703666997026759,38,3.615460852329039,0,0.0,0.0,0.0,0.18
main,v040,LOSO-nes-f4,secondary,LOSO,nested,4,B,Shared-PPO|wcnc2027_ablation/shared_ppo_seed7/mappo_best.pt,Shared-PPO,7,R,wcnc2027_ablation 2026-09-14 (supplementary ablation),8,-368.57158059852486,362.6164853985249,0.0,0.45509520000000003,5.5,203.6569763858389,203.5432025858389,0.0,0.0,0.0,0.0,0.02576808721506442,24,2.2834489593657086,0,0.0,0.0,0.0,0.18
main,v040,LOSO-nes-f4,secondary,LOSO,nested,4,B,Shared-PPO|wcnc2027_ablation/shared_ppo_seed7/mappo_best.pt,Shared-PPO,7,R,wcnc2027_ablation 2026-09-14 (supplementary ablation),9,-458.8853924584648,80.88539245846486,378.0,0.0,0.0,207.31099557366122,207.31099557366122,0.013875123885034688,0.013875123885034688,0.0,0.013875123885034688,0.0,0,0.0,14,15.378689542088106,64.86442239359408,1.0,0.18
main,v040,LOSO-nes-f4,secondary,LOSO,nested,4,B,MAPPO|wcnc2027_ablation/mappo_seed13/mappo_best.pt,MAPPO,13,R,wcnc2027_ablation 2026-09-14,all,-4863.33938440198,4261.26446820198,540.0,5.5749162000000005,56.5,1967.6865934965058,1966.2928644465057,0.0020812685827552033,0.0014866204162537165,0.0004955401387512388,0.0019821605550049554,0.07482656095143707,294,2.797224975222993,20,17.340605668366635,124.00519261119555,1.0,0.18
main,v040,LOSO-nes-f4,secondary,LOSO,nested,4,B,MAPPO|wcnc2027_ablation/mappo_seed13/mappo_best.pt,MAPPO,13,R,wcnc2027_ablation 2026-09-14,0,-821.1927485176357,808.6420859176357,0.0,1.1756626,11.375,178.81325681555336,178.51934116555339,0.0,0.0,0.0,0.0,0.20317145688800792,62,5.898909811694748,0,0.0,0.0,0.0,0.18
main,v040,LOSO-nes-f4,secondary,LOSO,nested,4,B,MAPPO|wcnc2027_ablation/mappo_seed13/mappo_best.pt,MAPPO,13,R,wcnc2027_ablation 2026-09-14,1,-505.1160847212043,466.58089432120425,27.0,0.9101904000000001,10.625,192.698551504143,192.47100390414303,0.0009910802775024777,0.0,0.0009910802775024777,0.0009910802775024777,0.10208126858275521,48,4.566897918731417,1,1.4152122961877123,1.4152122961877123,1.0,0.18
main,v040,LOSO-nes-f4,secondary,LOSO,nested,4,B,MAPPO|wcnc2027_ablation/mappo_seed13/mappo_best.pt,MAPPO,13,R,wcnc2027_ablation 2026-09-14,2,-281.6984568426568,280.0846830426568,0.0,0.11377380000000001,1.5,206.48236877462625,206.45392532462625,0.0,0.0,0.0,0.0,0.002973240832507433,6,0.5708622398414271,0,0.0,0.0,0.0,0.18
main,v040,LOSO-nes-f4,secondary,LOSO,nested,4,B,MAPPO|wcnc2027_ablation/mappo_seed13/mappo_best.pt,MAPPO,13,R,wcnc2027_ablation 2026-09-14,3,-164.66458906754454,137.66458906754454,27.0,0.0,0.0,207.02094994347823,207.02094994347823,0.0009910802775024777,0.0009910802775024777,0.0,0.0009910802775024777,0.0,0,0.0,1,1.8444179821527968,1.8444179821527968,1.0,0.18
main,v040,LOSO-nes-f4,secondary,LOSO,nested,4,B,MAPPO|wcnc2027_ablation/mappo_seed13/mappo_best.pt,MAPPO,13,R,wcnc2027_ablation 2026-09-14,4,-616.884940039924,553.0126742399241,54.0,0.8722658,9.0,187.50877139347165,187.29070494347164,0.0019821605550049554,0.0,0.0019821605550049554,0.0019821605550049554,0.13478691774033696,46,4.376610505450942,2,1.4152122961877123,1.4152122961877123,1.0,0.18
main,v040,LOSO-nes-f4,secondary,LOSO,nested,4,B,MAPPO|wcnc2027_ablation/mappo_seed13/mappo_best.pt,MAPPO,13,R,wcnc2027_ablation 2026-09-14,5,-367.56351849274785,363.3963478927478,0.0,0.4171706,3.75,200.62647630924306,200.52218365924307,0.0,0.0,0.0,0.0,0.049554013875123884,22,2.093161546085233,0,0.0,0.0,0.0,0.18
main,v040,LOSO-nes-f4,secondary,LOSO,nested,4,B,MAPPO|wcnc2027_ablation/mappo_seed13/mappo_best.pt,MAPPO,13,R,wcnc2027_ablation 2026-09-14,6,-678.6336616258951,640.0717728258951,27.0,1.0618888000000002,10.5,190.34052061650718,190.07504841650717,0.0009910802775024777,0.0,0.0009910802775024777,0.0009910802775024777,0.12190287413280476,56,5.32804757185332,1,124.00519261119555,124.00519261119555,1.0,0.18
main,v040,LOSO-nes-f4,secondary,LOSO,nested,4,B,MAPPO|wcnc2027_ablation/mappo_seed13/mappo_best.pt,MAPPO,13,R,wcnc2027_ablation 2026-09-14,7,-602.3423263405039,568.9476081405038,27.0,0.6447182,5.75,193.3460259963394,193.1848464463394,0.0019821605550049554,0.0,0.0009910802775024777,0.0009910802775024777,0.10703666997026759,34,3.2348860257680876,1,1.4152122961877123,1.4152122961877123,1.0,0.18
main,v040,LOSO-nes-f4,secondary,LOSO,nested,4,B,MAPPO|wcnc2027_ablation/mappo_seed13/mappo_best.pt,MAPPO,13,R,wcnc2027_ablation 2026-09-14,8,-366.3576662954034,361.9784202954034,0.0,0.37924599999999997,4.0,203.53867656948233,203.44386506948234,0.0,0.0,0.0,0.0,0.026759167492566897,20,1.9028741328047574,0,0.0,0.0,0.0,0.18
main,v040,LOSO-nes-f4,secondary,LOSO,nested,4,B,MAPPO|wcnc2027_ablation/mappo_seed13/mappo_best.pt,MAPPO,13,R,wcnc2027_ablation 2026-09-14,9,-458.8853924584648,80.88539245846486,378.0,0.0,0.0,207.31099557366122,207.31099557366122,0.013875123885034688,0.013875123885034688,0.0,0.013875123885034688,0.0,0,0.0,14,15.378689542088106,64.86442239359408,1.0,0.18
main,v040,LOSO-nes-f4,secondary,LOSO,nested,4,B,Centralized PPO|wcnc2027_ablation/central_seed13/ppo_multi_site.zip,Centralized PPO,13,R,wcnc2027_ablation 2026-09-14,all,-9504.089846298397,5722.512871969717,3761.9237435286805,1.4032308000000002,18.25,2083.6244361136164,2083.2736284136167,0.0155599603567889,0.002973240832507433,0.013280475718533202,0.014767096134786918,0.09246778989098117,74,0.7040634291377602,157,25.853453422160463,1526.3012116676841,0.8982174398368198,0.18
main,v040,LOSO-nes-f4,secondary,LOSO,nested,4,B,Centralized PPO|wcnc2027_ablation/central_seed13/ppo_multi_site.zip,Centralized PPO,13,R,wcnc2027_ablation 2026-09-14,0,-4213.517570608666,836.9405962799849,3356.9237435286805,1.4032308,18.25,221.88269216773605,221.53188446773606,0.14073339940535184,0.014866204162537165,0.13280475718533202,0.13280475718533202,0.9246778989098117,74,7.040634291377602,142,27.055254335970474,1526.3012116676841,0.887465760946343,0.18
main,v040,LOSO-nes-f4,secondary,LOSO,nested,4,B,Centralized PPO|wcnc2027_ablation/central_seed13/ppo_multi_site.zip,Centralized PPO,13,R,wcnc2027_ablation 2026-09-14,1,-868.5032604739149,868.5032604739149,0.0,0.0,0.0,206.77024294917322,206.77024294917322,0.0,0.0,0.0,0.0,0.0,0,0.0,0,0.0,0.0,0.0,0.18
main,v040,LOSO-nes-f4,secondary,LOSO,nested,4,B,Centralized PPO|wcnc2027_ablation/central_seed13/ppo_multi_site.zip,Centralized PPO,13,R,wcnc2027_ablation 2026-09-14,2,-284.9985711009401,284.9985711009401,0.0,0.0,0.0,206.8379829505226,206.8379829505226,0.0,0.0,0.0,0.0,0.0,0,0.0,0,0.0,0.0,0.0,0.18
main,v040,LOSO-nes-f4,secondary,LOSO,nested,4,B,Centralized PPO|wcnc2027_ablation/central_seed13/ppo_multi_site.zip,Centralized PPO,13,R,wcnc2027_ablation 2026-09-14,3,-164.66458906754454,137.66458906754454,27.0,0.0,0.0,207.02094994347823,207.02094994347823,0.0009910802775024777,0.0009910802775024777,0.0,0.0009910802775024777,0.0,0,0.0,1,1.8444179821527968,1.8444179821527968,1.0,0.18
main,v040,LOSO-nes-f4,secondary,LOSO,nested,4,B,Centralized PPO|wcnc2027_ablation/central_seed13/ppo_multi_site.zip,Centralized PPO,13,R,wcnc2027_ablation 2026-09-14,4,-955.712356119679,955.712356119679,0.0,0.0,0.0,206.73881438421557,206.73881438421557,0.0,0.0,0.0,0.0,0.0,0,0.0,0,0.0,0.0,0.0,0.18
main,v040,LOSO-nes-f4,secondary,LOSO,nested,4,B,Centralized PPO|wcnc2027_ablation/central_seed13/ppo_multi_site.zip,Centralized PPO,13,R,wcnc2027_ablation 2026-09-14,5,-442.9301582857329,442.9301582857329,0.0,0.0,0.0,206.79841693682397,206.79841693682397,0.0,0.0,0.0,0.0,0.0,0,0.0,0,0.0,0.0,0.0,0.18
main,v040,LOSO-nes-f4,secondary,LOSO,nested,4,B,Centralized PPO|wcnc2027_ablation/central_seed13/ppo_multi_site.zip,Centralized PPO,13,R,wcnc2027_ablation 2026-09-14,6,-955.8616952857936,955.8616952857936,0.0,0.0,0.0,206.73220836211908,206.73220836211908,0.0,0.0,0.0,0.0,0.0,0,0.0,0,0.0,0.0,0.0,0.18
main,v040,LOSO-nes-f4,secondary,LOSO,nested,4,B,Centralized PPO|wcnc2027_ablation/central_seed13/ppo_multi_site.zip,Centralized PPO,13,R,wcnc2027_ablation 2026-09-14,7,-757.4103285177289,757.4103285177289,0.0,0.0,0.0,206.73419810340187,206.73419810340187,0.0,0.0,0.0,0.0,0.0,0,0.0,0,0.0,0.0,0.0,0.18
main,v040,LOSO-nes-f4,secondary,LOSO,nested,4,B,Centralized PPO|wcnc2027_ablation/central_seed13/ppo_multi_site.zip,Centralized PPO,13,R,wcnc2027_ablation 2026-09-14,8,-401.6059243799335,401.6059243799335,0.0,0.0,0.0,206.7979347424846,206.7979347424846,0.0,0.0,0.0,0.0,0.0,0,0.0,0,0.0,0.0,0.0,0.18
main,v040,LOSO-nes-f4,secondary,LOSO,nested,4,B,Centralized PPO|wcnc2027_ablation/central_seed13/ppo_multi_site.zip,Centralized PPO,13,R,wcnc2027_ablation 2026-09-14,9,-458.8853924584648,80.88539245846486,378.0,0.0,0.0,207.31099557366122,207.31099557366122,0.013875123885034688,0.013875123885034688,0.0,0.013875123885034688,0.0,0,0.0,14,15.378689542088106,64.86442239359408,1.0,0.18
main,v040,LOSO-nes-f4,secondary,LOSO,nested,4,B,Shared-PPO|wcnc2027_ablation/shared_ppo_seed13/mappo_best.pt,Shared-PPO,13,R,wcnc2027_ablation 2026-09-14 (supplementary ablation),all,-4904.425629010458,4400.151375410458,459.0,4.399253600000001,40.875,1982.0865513231051,1980.986737923105,0.0016848364717542122,0.0014866204162537165,0.00019821605550049553,0.0016848364717542122,0.06124876114965312,232,2.2073339940535184,17,12.939793891985984,64.86442239359408,1.0,0.18
main,v040,LOSO-nes-f4,secondary,LOSO,nested,4,B,Shared-PPO|wcnc2027_ablation/shared_ppo_seed13/mappo_best.pt,Shared-PPO,13,R,wcnc2027_ablation 2026-09-14 (supplementary ablation),0,-843.1095201706361,835.400178970636,0.0,0.8343411999999999,6.875,181.74486403354877,181.53627873354876,0.0,0.0,0.0,0.0,0.17443012884043607,44,4.186323092170466,0,0.0,0.0,0.0,0.18
main,v040,LOSO-nes-f4,secondary,LOSO,nested,4,B,Shared-PPO|wcnc2027_ablation/shared_ppo_seed13/mappo_best.pt,Shared-PPO,13,R,wcnc2027_ablation 2026-09-14 (supplementary ablation),1,-522.5587752166045,486.9252832166046,27.0,0.7584919999999999,7.875,194.81403705030286,194.62441405030285,0.0009910802775024777,0.0,0.0009910802775024777,0.0009910802775024777,0.08225966303270565,40,3.8057482656095147,1,1.4152122961877123,1.4152122961877123,1.0,0.18
main,v040,LOSO-nes-f4,secondary,LOSO,nested,4,B,Shared-PPO|wcnc2027_ablation/shared_ppo_seed13/mappo_best.pt,Shared-PPO,13,R,wcnc2027_ablation 2026-09-14 (supplementary ablation),2,-282.4265879479151,281.3507387479151,0.0,0.0758492,1.0,206.58821033433387,206.56924803433387,0.0,0.0,0.0,0.0,0.0019821605550049554,4,0.3805748265609515,0,0.0,0.0,0.0,0.18
main,v040,LOSO-nes-f4,secondary,LOSO,nested,4,B,Shared-PPO|wcnc2027_ablation/shared_ppo_seed13/mappo_best.pt,Shared-PPO,13,R,wcnc2027_ablation 2026-09-14 (supplementary ablation),3,-164.66458906754454,137.66458906754454,27.0,0.0,0.0,207.02094994347823,207.02094994347823,0.0009910802775024777,0.0009910802775024777,0.0,0.0009910802775024777,0.0,0,0.0,1,1.8444179821527968,1.8444179821527968,1.0,0.18
main,v040,LOSO-nes-f4,secondary,LOSO,nested,4,B,Shared-PPO|wcnc2027_ablation/shared_ppo_seed13/mappo_best.pt,Shared-PPO,13,R,wcnc2027_ablation 2026-09-14 (supplementary ablation),4,-603.906312100297,570.185744700297,27.0,0.7205674,6.0,188.9779798777996,188.7978380277996,0.0009910802775024777,0.0,0.0009910802775024777,0.0009910802775024777,0.12190287413280476,38,3.615460852329039,1,1.4152122961877123,1.4152122961877123,1.0,0.18
main,v040,LOSO-nes-f4,secondary,LOSO,nested,4,B,Shared-PPO|wcnc2027_ablation/shared_ppo_seed13/mappo_best.pt,Shared-PPO,13,R,wcnc2027_ablation 2026-09-14 (supplementary ablation),5,-374.94150057047693,373.7139529704769,0.0,0.22754760000000002,1.0,201.72626756949032,201.66938066949032,0.0,0.0,0.0,0.0,0.03964321110009911,12,1.1417244796828543,0,0.0,0.0,0.0,0.18
main,v040,LOSO-nes-f4,secondary,LOSO,nested,4,B,Shared-PPO|wcnc2027_ablation/shared_ppo_seed13/mappo_best.pt,Shared-PPO,13,R,wcnc2027_ablation 2026-09-14 (supplementary ablation),6,-677.5212541861927,665.1602145861928,0.0,0.9860396,11.375,192.97516508302232,192.72865518302234,0.0,0.0,0.0,0.0,0.09712586719524281,52,4.947472745292369,0,0.0,0.0,0.0,0.18
main,v040,LOSO-nes-f4,secondary,LOSO,nested,4,B,Shared-PPO|wcnc2027_ablation/shared_ppo_seed13/mappo_best.pt,Shared-PPO,13,R,wcnc2027_ablation 2026-09-14 (supplementary ablation),7,-597.0396048901379,593.1336604901378,0.0,0.5309444000000001,3.375,195.97630080255044,195.8435647025504,0.0,0.0,0.0,0.0,0.08126858275520317,28,2.66402378592666,0,0.0,0.0,0.0,0.18
main,v040,LOSO-nes-f4,secondary,LOSO,nested,4,B,Shared-PPO|wcnc2027_ablation/shared_ppo_seed13/mappo_best.pt,Shared-PPO,13,R,wcnc2027_ablation 2026-09-14 (supplementary ablation),8,-379.3720924021872,375.7316202021872,0.0,0.26547220000000005,3.375,204.95178105491738,204.88541300491738,0.0,0.0,0.0,0.0,0.013875123885034688,14,1.33201189296333,0,0.0,0.0,0.0,0.18
main,v040,LOSO-nes-f4,secondary,LOSO,nested,4,B,Shared-PPO|wcnc2027_ablation/shared_ppo_seed13/mappo_best.pt,Shared-PPO,13,R,wcnc2027_ablation 2026-09-14 (supplementary ablation),9,-458.8853924584648,80.88539245846486,378.0,0.0,0.0,207.31099557366122,207.31099557366122,0.013875123885034688,0.013875123885034688,0.0,0.013875123885034688,0.0,0,0.0,14,15.378689542088106,64.86442239359408,1.0,0.18
main,v040,LOSO-nes-f4,secondary,LOSO,nested,4,B,MAPPO|wcnc2027_ablation/mappo_seed23/mappo_best.pt,MAPPO,23,R,wcnc2027_ablation 2026-09-14,all,-4821.20258813148,4237.96050133148,513.0,5.9920868,64.25,1965.1435230595193,1963.6455013595194,0.0019821605550049554,0.0014866204162537165,0.00039643211100099106,0.0018830525272547076,0.07720515361744301,316,3.0065411298315166,19,18.178784266902365,124.00519261119555,1.0,0.18
main,v040,LOSO-nes-f4,secondary,LOSO,nested,4,B,MAPPO|wcnc2027_ablation/mappo_seed23/mappo_best.pt,MAPPO,23,R,wcnc2027_ablation 2026-09-14,0,-814.3433462873979,801.3797590873978,0.0,1.2135872,11.75,177.86428720799017,177.5608904079902,0.0,0.0,0.0,0.0,0.2130822596630327,64,6.089197224975224,0,0.0,0.0,0.0,0.18
main,v040,LOSO-nes-f4,secondary,LOSO,nested,4,B,MAPPO|wcnc2027_ablation/mappo_seed23/mappo_best.pt,MAPPO,23,R,wcnc2027_ablation 2026-09-14,1,-500.8315890410854,462.79639864108543,27.0,0.9101904000000001,10.125,192.20476580925725,191.97721820925727,0.0009910802775024777,0.0,0.0009910802775024777,0.0009910802775024777,0.10703666997026759,48,4.566897918731417,1,1.4152122961877123,1.4152122961877123,1.0,0.18
main,v040,LOSO-nes-f4,secondary,LOSO,nested,4,B,MAPPO|wcnc2027_ablation/mappo_seed23/mappo_best.pt,MAPPO,23,R,wcnc2027_ablation 2026-09-14,2,-281.5264746964138,279.37477629641376,0.0,0.1516984,2.0,206.40000497600153,206.36208037600153,0.0,0.0,0.0,0.0,0.003964321110009911,8,0.761149653121903,0,0.0,0.0,0.0,0.18
main,v040,LOSO-nes-f4,secondary,LOSO,nested,4,B,MAPPO|wcnc2027_ablation/mappo_seed23/mappo_best.pt,MAPPO,23,R,wcnc2027_ablation 2026-09-14,3,-164.66458906754454,137.66458906754454,27.0,0.0,0.0,207.02094994347823,207.02094994347823,0.0009910802775024777,0.0009910802775024777,0.0,0.0009910802775024777,0.0,0,0.0,1,1.8444179821527968,1.8444179821527968,1.0,0.18
main,v040,LOSO-nes-f4,secondary,LOSO,nested,4,B,MAPPO|wcnc2027_ablation/mappo_seed23/mappo_best.pt,MAPPO,23,R,wcnc2027_ablation 2026-09-14,4,-615.7529333985625,550.5927429985626,54.0,0.9101904,10.25,187.20779829017735,186.98025069017734,0.0019821605550049554,0.0,0.0019821605550049554,0.0019821605550049554,0.1377601585728444,48,4.566897918731417,2,1.4152122961877123,1.4152122961877123,1.0,0.18
main,v040,LOSO-nes-f4,secondary,LOSO,nested,4,B,MAPPO|wcnc2027_ablation/mappo_seed23/mappo_best.pt,MAPPO,23,R,wcnc2027_ablation 2026-09-14,5,-365.005733484492,361.6264874844919,0.0,0.37924599999999997,3.0,200.50201660122937,200.40720510122938,0.0,0.0,0.0,0.0,0.05054509415262636,20,1.9028741328047574,0,0.0,0.0,0.0,0.18
main,v040,LOSO-nes-f4,secondary,LOSO,nested,4,B,MAPPO|wcnc2027_ablation/mappo_seed23/mappo_best.pt,MAPPO,23,R,wcnc2027_ablation 2026-09-14,6,-680.6395010851102,637.2629892851102,27.0,1.2515118,15.125,190.20329264111578,189.8904146911158,0.0009910802775024777,0.0,0.0009910802775024777,0.0009910802775024777,0.12190287413280476,66,6.279484638255699,1,124.00519261119555,124.00519261119555,1.0,0.18
main,v040,LOSO-nes-f4,secondary,LOSO,nested,4,B,MAPPO|wcnc2027_ablation/mappo_seed23/mappo_best.pt,MAPPO,23,R,wcnc2027_ablation 2026-09-14,7,-571.2181601424072,563.9975927424073,0.0,0.7205674,6.5,192.79546618833956,192.61532433833952,0.0009910802775024777,0.0,0.0,0.0,0.11199207135777998,38,3.615460852329039,0,0.0,0.0,0.0,0.18
main,v040,LOSO-nes-f4,secondary,LOSO,nested,4,B,MAPPO|wcnc2027_ablation/mappo_seed23/mappo_best.pt,MAPPO,23,R,wcnc2027_ablation 2026-09-14,8,-368.33486847000194,362.3797732700019,0.0,0.45509520000000003,5.5,203.63394582826885,203.52017202826886,0.0,0.0,0.0,0.0,0.02576808721506442,24,2.2834489593657086,0,0.0,0.0,0.0,0.18
main,v040,LOSO-nes-f4,secondary,LOSO,nested,4,B,MAPPO|wcnc2027_ablation/mappo_seed23/mappo_best.pt,MAPPO,23,R,wcnc2027_ablation 2026-09-14,9,-458.8853924584648,80.88539245846486,378.0,0.0,0.0,207.31099557366122,207.31099557366122,0.013875123885034688,0.013875123885034688,0.0,0.013875123885034688,0.0,0,0.0,14,15.378689542088106,64.86442239359408,1.0,0.18
main,v040,LOSO-nes-f4,secondary,LOSO,nested,4,B,Centralized PPO|wcnc2027_ablation/central_seed23/ppo_multi_site.zip,Centralized PPO,23,R,wcnc2027_ablation 2026-09-14,all,-13427.709856181373,5168.666492794296,8010.629260587077,13.5391028,234.875,2133.0340224054803,2129.64924670548,0.03686818632309217,0.01020812685827552,0.02943508424182359,0.030921704658077306,0.15054509415262637,712,6.774231912784936,354,153.57291538310196,2476.0047254536053,0.8531498446917578,0.19
main,v040,LOSO-nes-f4,secondary,LOSO,nested,4,B,Centralized PPO|wcnc2027_ablation/central_seed23/ppo_multi_site.zip,Centralized PPO,23,R,wcnc2027_ablation 2026-09-14,0,-4169.091151283261,888.2973053426942,3130.436452940567,7.357393,143.0,211.2450658377453,209.4057175877453,0.1288404360753221,0.002973240832507433,0.12289395441030723,0.12289395441030723,0.686818632309217,388,36.91575817641229,127,6.139772970723633,124.49482805129415,0.9214085570155105,0.19
main,v040,LOSO-nes-f4,secondary,LOSO,nested,4,B,Centralized PPO|wcnc2027_ablation/central_seed23/ppo_multi_site.zip,Centralized PPO,23,R,wcnc2027_ablation 2026-09-14,1,-1320.561470910077,463.97374142790716,852.7309358821701,0.6067936,3.25,203.38718608893754,203.23548768893752,0.035678889990089196,0.004955401387512388,0.03369672943508424,0.03369672943508424,0.27155599603567887,31,2.949454905847374,35,15.32710569733597,124.49482805129415,0.911848557757155,0.19
main,v040,LOSO-nes-f4,secondary,LOSO,nested,4,B,Centralized PPO|wcnc2027_ablation/central_seed23/ppo_multi_site.zip,Centralized PPO,23,R,wcnc2027_ablation 2026-09-14,2,-284.9985711009401,284.9985711009401,0.0,0.0,0.0,206.8379829505226,206.8379829505226,0.0,0.0,0.0,0.0,0.0,0,0.0,0,0.0,0.0,0.0,0.19
main,v040,LOSO-nes-f4,secondary,LOSO,nested,4,B,Centralized PPO|wcnc2027_ablation/central_seed23/ppo_multi_site.zip,Centralized PPO,23,R,wcnc2027_ablation 2026-09-14,3,-164.66458906754454,137.66458906754454,27.0,0.0,0.0,207.02094994347823,207.02094994347823,0.0009910802775024777,0.0009910802775024777,0.0,0.0009910802775024777,0.0,0,0.0,1,1.8444179821527968,1.8444179821527968,1.0,0.19
main,v040,LOSO-nes-f4,secondary,LOSO,nested,4,B,Centralized PPO|wcnc2027_ablation/central_seed23/ppo_multi_site.zip,Centralized PPO,23,R,wcnc2027_ablation 2026-09-14,4,-1014.2260737024674,958.4872999024674,54.0,0.11377380000000001,1.625,209.54855519776896,209.5201117477689,0.003964321110009911,0.002973240832507433,0.0019821605550049554,0.0019821605550049554,0.005946481665014866,6,0.5708622398414271,3,1017.5642527758209,1526.3012116676841,0.6967783306982516,0.19
main,v040,LOSO-nes-f4,secondary,LOSO,nested,4,B,Centralized PPO|wcnc2027_ablation/central_seed23/ppo_multi_site.zip,Centralized PPO,23,R,wcnc2027_ablation 2026-09-14,5,-552.5575126366247,444.39458803662467,108.0,0.0379246,0.125,209.39624382469248,209.38676267469248,0.004955401387512388,0.003964321110009911,0.003964321110009911,0.003964321110009911,0.003964321110009911,2,0.19028741328047574,4,1447.170041041073,1526.3012116676841,1.0,0.19
main,v040,LOSO-nes-f4,secondary,LOSO,nested,4,B,Centralized PPO|wcnc2027_ablation/central_seed23/ppo_multi_site.zip,Centralized PPO,23,R,wcnc2027_ablation 2026-09-14,6,-4277.981078853645,752.2589138893053,3433.4618717643402,5.3852932,86.875,264.6949905659261,263.3486672659261,0.17839444995044598,0.07234886025768088,0.13082259663032705,0.13082259663032705,0.5322101090188305,283,26.925668979187314,169,260.2880353406515,2476.0047254536053,0.7750954069012858,0.19
main,v040,LOSO-nes-f4,secondary,LOSO,nested,4,B,Centralized PPO|wcnc2027_ablation/central_seed23/ppo_multi_site.zip,Centralized PPO,23,R,wcnc2027_ablation 2026-09-14,7,-757.4103285177289,757.4103285177289,0.0,0.0,0.0,206.73419810340187,206.73419810340187,0.0,0.0,0.0,0.0,0.0,0,0.0,0,0.0,0.0,0.0,0.19
main,v040,LOSO-nes-f4,secondary,LOSO,nested,4,B,Centralized PPO|wcnc2027_ablation/central_seed23/ppo_multi_site.zip,Centralized PPO,23,R,wcnc2027_ablation 2026-09-14,8,-427.3336876506187,400.2957630506187,27.0,0.0379246,0.0,206.85785431934576,206.84837316934576,0.0019821605550049554,0.0,0.0009910802775024777,0.0009910802775024777,0.004955401387512388,2,0.19028741328047574,1,1.4152122961877123,1.4152122961877123,1.0,0.19
main,v040,LOSO-nes-f4,secondary,LOSO,nested,4,B,Centralized PPO|wcnc2027_ablation/central_seed23/ppo_multi_site.zip,Centralized PPO,23,R,wcnc2027_ablation 2026-09-14,9,-458.8853924584648,80.88539245846486,378.0,0.0,0.0,207.31099557366122,207.31099557366122,0.013875123885034688,0.013875123885034688,0.0,0.013875123885034688,0.0,0,0.0,14,15.378689542088106,64.86442239359408,1.0,0.19
main,v040,LOSO-nes-f4,secondary,LOSO,nested,4,B,Shared-PPO|wcnc2027_ablation/shared_ppo_seed23/mappo_best.pt,Shared-PPO,23,R,wcnc2027_ablation 2026-09-14 (supplementary ablation),all,-4812.426896672485,4182.184809872484,567.0,5.992086800000001,57.25,1956.2115804849477,1954.7135587849477,0.002180376610505451,0.0014866204162537165,0.0005946481665014867,0.0020812685827552033,0.08909811694747274,316,3.0065411298315166,21,16.582253603024782,124.00519261119555,1.0,0.18
main,v040,LOSO-nes-f4,secondary,LOSO,nested,4,B,Shared-PPO|wcnc2027_ablation/shared_ppo_seed23/mappo_best.pt,Shared-PPO,23,R,wcnc2027_ablation 2026-09-14 (supplementary ablation),0,-805.2432594478987,790.3779738478986,0.0,1.3652856,13.5,176.1464972825412,175.8051758825412,0.0,0.0,0.0,0.0,0.2358771060455897,72,6.850346878097127,0,0.0,0.0,0.0,0.18
main,v040,LOSO-nes-f4,secondary,LOSO,nested,4,B,Shared-PPO|wcnc2027_ablation/shared_ppo_seed23/mappo_best.pt,Shared-PPO,23,R,wcnc2027_ablation 2026-09-14 (supplementary ablation),1,-489.1074408630955,454.8110242630955,27.0,0.7964166,6.5,190.9031112687094,190.7040071187094,0.0009910802775024777,0.0,0.0009910802775024777,0.0009910802775024777,0.12685827552031714,42,3.9960356788899905,1,1.4152122961877123,1.4152122961877123,1.0,0.18
main,v040,LOSO-nes-f4,secondary,LOSO,nested,4,B,Shared-PPO|wcnc2027_ablation/shared_ppo_seed23/mappo_best.pt,Shared-PPO,23,R,wcnc2027_ablation 2026-09-14 (supplementary ablation),2,-280.56270885681573,277.4601612568157,0.0,0.22754760000000002,2.875,206.1654757957781,206.1085888957781,0.0,0.0,0.0,0.0,0.006937561942517344,12,1.1417244796828543,0,0.0,0.0,0.0,0.18
main,v040,LOSO-nes-f4,secondary,LOSO,nested,4,B,Shared-PPO|wcnc2027_ablation/shared_ppo_seed23/mappo_best.pt,Shared-PPO,23,R,wcnc2027_ablation 2026-09-14 (supplementary ablation),3,-164.66458906754454,137.66458906754454,27.0,0.0,0.0,207.02094994347823,207.02094994347823,0.0009910802775024777,0.0009910802775024777,0.0,0.0009910802775024777,0.0,0,0.0,1,1.8444179821527968,1.8444179821527968,1.0,0.18
main,v040,LOSO-nes-f4,secondary,LOSO,nested,4,B,Shared-PPO|wcnc2027_ablation/shared_ppo_seed23/mappo_best.pt,Shared-PPO,23,R,wcnc2027_ablation 2026-09-14 (supplementary ablation),4,-632.8998260142034,544.9292586142035,81.0,0.7205674,6.25,185.93459315764,185.75445130763998,0.002973240832507433,0.0,0.002973240832507433,0.002973240832507433,0.15460852329038652,38,3.615460852329039,3,1.4152122961877123,1.4152122961877123,1.0,0.18
main,v040,LOSO-nes-f4,secondary,LOSO,nested,4,B,Shared-PPO|wcnc2027_ablation/shared_ppo_seed23/mappo_best.pt,Shared-PPO,23,R,wcnc2027_ablation 2026-09-14 (supplementary ablation),5,-361.0050446777768,355.76202487777687,0.0,0.49301980000000006,4.75,199.69095248724847,199.56769753724848,0.0,0.0,0.0,0.0,0.061446977205153616,26,2.4737363726461843,0,0.0,0.0,0.0,0.18
main,v040,LOSO-nes-f4,secondary,LOSO,nested,4,B,Shared-PPO|wcnc2027_ablation/shared_ppo_seed23/mappo_best.pt,Shared-PPO,23,R,wcnc2027_ablation 2026-09-14 (supplementary ablation),6,-665.0760097095894,626.3132717095893,27.0,1.1377380000000001,10.625,188.61367557276844,188.32924107276844,0.0009910802775024777,0.0,0.0009910802775024777,0.0009910802775024777,0.14172447968285432,60,5.708622398414271,1,124.00519261119555,124.00519261119555,1.0,0.18
main,v040,LOSO-nes-f4,secondary,LOSO,nested,4,B,Shared-PPO|wcnc2027_ablation/shared_ppo_seed23/mappo_best.pt,Shared-PPO,23,R,wcnc2027_ablation 2026-09-14 (supplementary ablation),7,-590.4970154259968,556.1514480259968,27.0,0.7205674,6.625,191.39011591357126,191.20997406357122,0.0019821605550049554,0.0,0.0009910802775024777,0.0009910802775024777,0.13082259663032705,38,3.615460852329039,1,1.4152122961877123,1.4152122961877123,1.0,0.18
main,v040,LOSO-nes-f4,secondary,LOSO,nested,4,B,Shared-PPO|wcnc2027_ablation/shared_ppo_seed23/mappo_best.pt,Shared-PPO,23,R,wcnc2027_ablation 2026-09-14 (supplementary ablation),8,-364.48561015109885,357.82966575109884,0.0,0.5309444000000001,6.125,203.03521348955132,202.90247738955134,0.0,0.0,0.0,0.0,0.03270564915758176,28,2.66402378592666,0,0.0,0.0,0.0,0.18
main,v040,LOSO-nes-f4,secondary,LOSO,nested,4,B,Shared-PPO|wcnc2027_ablation/shared_ppo_seed23/mappo_best.pt,Shared-PPO,23,R,wcnc2027_ablation 2026-09-14 (supplementary ablation),9,-458.8853924584648,80.88539245846486,378.0,0.0,0.0,207.31099557366122,207.31099557366122,0.013875123885034688,0.013875123885034688,0.0,0.013875123885034688,0.0,0,0.0,14,15.378689542088106,64.86442239359408,1.0,0.18
main,v040,LOSO-nes-f4,secondary,LOSO,nested,4,B,MAPPO|wcnc2027_ablation/mappo_seed42/mappo_best.pt,MAPPO,42,R,wcnc2027_ablation 2026-09-14,all,-4896.101191266167,4303.4701440661665,540.0,5.0060472,47.625,1973.1817544361643,1971.9302426361642,0.0020812685827552033,0.0015857284440039642,0.0004955401387512388,0.0019821605550049554,0.07006937561942517,264,2.5117938553022796,20,5985.055790103954,59739.86204680956,1.0,0.18
main,v040,LOSO-nes-f4,secondary,LOSO,nested,4,B,MAPPO|wcnc2027_ablation/mappo_seed42/mappo_best.pt,MAPPO,42,R,wcnc2027_ablation 2026-09-14,0,-836.5201667255562,827.9849763255563,0.0,0.9101904000000001,7.625,180.98138487022726,180.75383727022728,0.0,0.0,0.0,0.0,0.18136769078295342,48,4.566897918731417,0,0.0,0.0,0.0,0.18
main,v040,LOSO-nes-f4,secondary,LOSO,nested,4,B,MAPPO|wcnc2027_ablation/mappo_seed42/mappo_best.pt,MAPPO,42,R,wcnc2027_ablation 2026-09-14,1,-508.2531607645774,471.41881956457735,27.0,0.8343412000000001,9.0,193.18583249428303,192.97724719428305,0.0009910802775024777,0.0,0.0009910802775024777,0.0009910802775024777,0.09712586719524281,44,4.186323092170466,1,1.4152122961877123,1.4152122961877123,1.0,0.18
main,v040,LOSO-nes-f4,secondary,LOSO,nested,4,B,MAPPO|wcnc2027_ablation/mappo_seed42/mappo_best.pt,MAPPO,42,R,wcnc2027_ablation 2026-09-14,2,-282.3666744598412,280.7529006598412,0.0,0.11377380000000001,1.5,206.5199049953282,206.4914615453282,0.0009910802775024777,0.0,0.0,0.0,0.002973240832507433,6,0.5708622398414271,0,0.0,0.0,0.0,0.18
main,v040,LOSO-nes-f4,secondary,LOSO,nested,4,B,MAPPO|wcnc2027_ablation/mappo_seed42/mappo_best.pt,MAPPO,42,R,wcnc2027_ablation 2026-09-14,3,-164.66458906754454,137.66458906754454,27.0,0.0,0.0,207.02094994347823,207.02094994347823,0.0009910802775024777,0.0009910802775024777,0.0,0.0009910802775024777,0.0,0,0.0,1,1.8444179821527968,1.8444179821527968,1.0,0.18
main,v040,LOSO-nes-f4,secondary,LOSO,nested,4,B,MAPPO|wcnc2027_ablation/mappo_seed42/mappo_best.pt,MAPPO,42,R,wcnc2027_ablation 2026-09-14,4,-616.064135446132,554.930643446132,54.0,0.7584919999999999,6.375,187.55513049002886,187.36550749002888,0.0019821605550049554,0.0,0.0019821605550049554,0.0019821605550049554,0.13478691774033696,40,3.8057482656095147,2,1.4152122961877123,1.4152122961877123,1.0,0.18
main,v040,LOSO-nes-f4,secondary,LOSO,nested,4,B,MAPPO|wcnc2027_ablation/mappo_seed42/mappo_best.pt,MAPPO,42,R,wcnc2027_ablation 2026-09-14,5,-369.45168202318234,367.2732852231823,0.0,0.3033968,1.875,201.06499016690822,200.98914096690822,0.0,0.0,0.0,0.0,0.04558969276511397,16,1.522299306243806,0,0.0,0.0,0.0,0.18
main,v040,LOSO-nes-f4,secondary,LOSO,nested,4,B,MAPPO|wcnc2027_ablation/mappo_seed42/mappo_best.pt,MAPPO,42,R,wcnc2027_ablation 2026-09-14,6,-659.7140833961457,647.5651191961456,0.0,1.0239642,11.125,191.24102846290305,190.98503741290304,0.0,0.0,0.0,0.0,0.11199207135777998,54,5.137760158572845,0,0.0,0.0,0.0,0.18
main,v040,LOSO-nes-f4,secondary,LOSO,nested,4,B,MAPPO|wcnc2027_ablation/mappo_seed42/mappo_best.pt,MAPPO,42,R,wcnc2027_ablation 2026-09-14,7,-576.8534623335697,571.3337441335697,0.0,0.6447182,4.875,193.67614732009093,193.51496777009092,0.0,0.0,0.0,0.0,0.10406342913776016,34,3.2348860257680876,0,0.0,0.0,0.0,0.18
main,v040,LOSO-nes-f4,secondary,LOSO,nested,4,B,MAPPO|wcnc2027_ablation/mappo_seed42/mappo_best.pt,MAPPO,42,R,wcnc2027_ablation 2026-09-14,8,-368.7033785539392,363.57413255393925,0.0,0.37924599999999997,4.75,203.93742152212963,203.84261002212963,0.0,0.0,0.0,0.0,0.02180376610505451,20,1.9028741328047574,0,0.0,0.0,0.0,0.18
main,v040,LOSO-nes-f4,secondary,LOSO,nested,4,B,MAPPO|wcnc2027_ablation/mappo_seed42/mappo_best.pt,MAPPO,42,R,wcnc2027_ablation 2026-09-14,9,-513.5098584956786,80.97193389567863,432.0,0.0379246,0.5,207.99896417078676,207.98948302078676,0.015857284440039643,0.014866204162537165,0.0019821605550049554,0.015857284440039643,0.0009910802775024777,2,0.19028741328047574,16,7480.939109200522,59739.86204680956,1.0,0.18
main,v040,LOSO-nes-f4,secondary,LOSO,nested,4,B,Centralized PPO|wcnc2027_ablation/central_seed42/ppo_multi_site.zip,Centralized PPO,42,R,wcnc2027_ablation 2026-09-14,all,-6635.5072664704685,5941.511483882355,685.4872905881134,0.758492,7.75,2059.9834904406844,2059.793867440684,0.0027750247770069376,0.0015857284440039642,0.0011892963330029733,0.0026759167492566896,0.01427155599603568,39,0.37106045589692765,28,8.283503781367688,64.86442239359408,0.9157111194654236,0.18
main,v040,LOSO-nes-f4,secondary,LOSO,nested,4,B,Centralized PPO|wcnc2027_ablation/central_seed42/ppo_multi_site.zip,Centralized PPO,42,R,wcnc2027_ablation 2026-09-14,0,-1321.1918158326116,1321.1918158326116,0.0,0.0,0.0,206.7030696952151,206.7030696952151,0.0,0.0,0.0,0.0,0.0,0,0.0,0,0.0,0.0,0.0,0.18
main,v040,LOSO-nes-f4,secondary,LOSO,nested,4,B,Centralized PPO|wcnc2027_ablation/central_seed42/ppo_multi_site.zip,Centralized PPO,42,R,wcnc2027_ablation 2026-09-14,1,-868.5032604739149,868.5032604739149,0.0,0.0,0.0,206.77024294917322,206.77024294917322,0.0,0.0,0.0,0.0,0.0,0,0.0,0,0.0,0.0,0.0,0.18
main,v040,LOSO-nes-f4,secondary,LOSO,nested,4,B,Centralized PPO|wcnc2027_ablation/central_seed42/ppo_multi_site.zip,Centralized PPO,42,R,wcnc2027_ablation 2026-09-14,2,-284.9985711009401,284.9985711009401,0.0,0.0,0.0,206.8379829505226,206.8379829505226,0.0,0.0,0.0,0.0,0.0,0,0.0,0,0.0,0.0,0.0,0.18
main,v040,LOSO-nes-f4,secondary,LOSO,nested,4,B,Centralized PPO|wcnc2027_ablation/central_seed42/ppo_multi_site.zip,Centralized PPO,42,R,wcnc2027_ablation 2026-09-14,3,-164.66458906754454,137.66458906754454,27.0,0.0,0.0,207.02094994347823,207.02094994347823,0.0009910802775024777,0.0009910802775024777,0.0,0.0009910802775024777,0.0,0,0.0,1,1.8444179821527968,1.8444179821527968,1.0,0.18
main,v040,LOSO-nes-f4,secondary,LOSO,nested,4,B,Centralized PPO|wcnc2027_ablation/central_seed42/ppo_multi_site.zip,Centralized PPO,42,R,wcnc2027_ablation 2026-09-14,4,-979.4555310678033,690.45974847969,280.48729058811335,0.7584919999999999,7.75,198.27749118380422,198.08786818380423,0.01288404360753221,0.0009910802775024777,0.011892963330029732,0.011892963330029732,0.14271555996035679,39,3.7106045589692767,13,1.1378487928391532,1.4152122961877123,0.8184547188486052,0.18
main,v040,LOSO-nes-f4,secondary,LOSO,nested,4,B,Centralized PPO|wcnc2027_ablation/central_seed42/ppo_multi_site.zip,Centralized PPO,42,R,wcnc2027_ablation 2026-09-14,5,-442.9301582857329,442.9301582857329,0.0,0.0,0.0,206.79841693682397,206.79841693682397,0.0,0.0,0.0,0.0,0.0,0,0.0,0,0.0,0.0,0.0,0.18
main,v040,LOSO-nes-f4,secondary,LOSO,nested,4,B,Centralized PPO|wcnc2027_ablation/central_seed42/ppo_multi_site.zip,Centralized PPO,42,R,wcnc2027_ablation 2026-09-14,6,-955.8616952857936,955.8616952857936,0.0,0.0,0.0,206.73220836211908,206.73220836211908,0.0,0.0,0.0,0.0,0.0,0,0.0,0,0.0,0.0,0.0,0.18
main,v040,LOSO-nes-f4,secondary,LOSO,nested,4,B,Centralized PPO|wcnc2027_ablation/central_seed42/ppo_multi_site.zip,Centralized PPO,42,R,wcnc2027_ablation 2026-09-14,7,-757.4103285177289,757.4103285177289,0.0,0.0,0.0,206.73419810340187,206.73419810340187,0.0,0.0,0.0,0.0,0.0,0,0.0,0,0.0,0.0,0.0,0.18
main,v040,LOSO-nes-f4,secondary,LOSO,nested,4,B,Centralized PPO|wcnc2027_ablation/central_seed42/ppo_multi_site.zip,Centralized PPO,42,R,wcnc2027_ablation 2026-09-14,8,-401.6059243799335,401.6059243799335,0.0,0.0,0.0,206.7979347424846,206.7979347424846,0.0,0.0,0.0,0.0,0.0,0,0.0,0,0.0,0.0,0.0,0.18
main,v040,LOSO-nes-f4,secondary,LOSO,nested,4,B,Centralized PPO|wcnc2027_ablation/central_seed42/ppo_multi_site.zip,Centralized PPO,42,R,wcnc2027_ablation 2026-09-14,9,-458.8853924584648,80.88539245846486,378.0,0.0,0.0,207.31099557366122,207.31099557366122,0.013875123885034688,0.013875123885034688,0.0,0.013875123885034688,0.0,0,0.0,14,15.378689542088106,64.86442239359408,1.0,0.18
main,v040,LOSO-nes-f4,secondary,LOSO,nested,4,B,Shared-PPO|wcnc2027_ablation/shared_ppo_seed42/mappo_best.pt,Shared-PPO,42,R,wcnc2027_ablation 2026-09-14 (supplementary ablation),all,-4816.782595572755,4156.426734972754,594.0,6.1058606,60.25,1954.209094898862,1952.6826297488624,0.0022794846382556988,0.0014866204162537165,0.0006937561942517344,0.002180376610505451,0.09008919722497523,322,3.0636273538156593,22,15.892842634532185,124.00519261119555,1.0,0.18
main,v040,LOSO-nes-f4,secondary,LOSO,nested,4,B,Shared-PPO|wcnc2027_ablation/shared_ppo_seed42/mappo_best.pt,Shared-PPO,42,R,wcnc2027_ablation 2026-09-14 (supplementary ablation),0,-824.6935962242064,783.4533106242063,27.0,1.3652856,12.875,175.26249654578237,174.92117514578237,0.0009910802775024777,0.0,0.0009910802775024777,0.0009910802775024777,0.244796828543112,72,6.850346878097127,1,1.4152122961877123,1.4152122961877123,1.0,0.18
main,v040,LOSO-nes-f4,secondary,LOSO,nested,4,B,Shared-PPO|wcnc2027_ablation/shared_ppo_seed42/mappo_best.pt,Shared-PPO,42,R,wcnc2027_ablation 2026-09-14 (supplementary ablation),1,-488.3488673973007,452.63952619730065,27.0,0.8343412,7.875,190.80253081223822,190.5939455122382,0.0009910802775024777,0.0,0.0009910802775024777,0.0009910802775024777,0.12586719524281467,44,4.186323092170466,1,1.4152122961877123,1.4152122961877123,1.0,0.18
main,v040,LOSO-nes-f4,secondary,LOSO,nested,4,B,Shared-PPO|wcnc2027_ablation/shared_ppo_seed42/mappo_best.pt,Shared-PPO,42,R,wcnc2027_ablation 2026-09-14 (supplementary ablation),2,-281.7150925757858,279.0254695757858,0.0,0.189623,2.5,206.34777295352595,206.30036720352595,0.0,0.0,0.0,0.0,0.004955401387512388,10,0.9514370664023787,0,0.0,0.0,0.0,0.18
main,v040,LOSO-nes-f4,secondary,LOSO,nested,4,B,Shared-PPO|wcnc2027_ablation/shared_ppo_seed42/mappo_best.pt,Shared-PPO,42,R,wcnc2027_ablation 2026-09-14 (supplementary ablation),3,-164.66458906754454,137.66458906754454,27.0,0.0,0.0,207.02094994347823,207.02094994347823,0.0009910802775024777,0.0009910802775024777,0.0,0.0009910802775024777,0.0,0,0.0,1,1.8444179821527968,1.8444179821527968,1.0,0.18
main,v040,LOSO-nes-f4,secondary,LOSO,nested,4,B,Shared-PPO|wcnc2027_ablation/shared_ppo_seed42/mappo_best.pt,Shared-PPO,42,R,wcnc2027_ablation 2026-09-14 (supplementary ablation),4,-626.9089825471908,539.1884151471908,81.0,0.7205674,6.0,185.59321563237063,185.41307378237062,0.002973240832507433,0.0,0.002973240832507433,0.002973240832507433,0.155599603567889,38,3.615460852329039,3,1.4152122961877123,1.4152122961877123,1.0,0.18
main,v040,LOSO-nes-f4,secondary,LOSO,nested,4,B,Shared-PPO|wcnc2027_ablation/shared_ppo_seed42/mappo_best.pt,Shared-PPO,42,R,wcnc2027_ablation 2026-09-14 (supplementary ablation),5,-359.30347231794406,355.22337711794404,0.0,0.45509520000000003,3.625,199.6078103623829,199.49403656238292,0.0,0.0,0.0,0.0,0.061446977205153616,24,2.2834489593657086,0,0.0,0.0,0.0,0.18
main,v040,LOSO-nes-f4,secondary,LOSO,nested,4,B,Shared-PPO|wcnc2027_ablation/shared_ppo_seed42/mappo_best.pt,Shared-PPO,42,R,wcnc2027_ablation 2026-09-14 (supplementary ablation),6,-663.9321256490957,624.0064630490957,27.0,1.1756626,11.75,188.480419924154,188.186504274154,0.0009910802775024777,0.0,0.0009910802775024777,0.0009910802775024777,0.14172447968285432,62,5.898909811694748,1,124.00519261119555,124.00519261119555,1.0,0.18
main,v040,LOSO-nes-f4,secondary,LOSO,nested,4,B,Shared-PPO|wcnc2027_ablation/shared_ppo_seed42/mappo_best.pt,Shared-PPO,42,R,wcnc2027_ablation 2026-09-14 (supplementary ablation),7,-587.7849015975471,551.7384849975471,27.0,0.7964166,8.25,191.21004831672656,191.01094416672657,0.0019821605550049554,0.0,0.0009910802775024777,0.0009910802775024777,0.12983151635282458,42,3.9960356788899905,1,1.4152122961877123,1.4152122961877123,1.0,0.18
main,v040,LOSO-nes-f4,secondary,LOSO,nested,4,B,Shared-PPO|wcnc2027_ablation/shared_ppo_seed42/mappo_best.pt,Shared-PPO,42,R,wcnc2027_ablation 2026-09-14 (supplementary ablation),8,-360.5455757376749,352.60170673767493,0.0,0.5688690000000001,7.375,202.57285483454206,202.430637584542,0.0,0.0,0.0,0.0,0.036669970267591674,30,2.8543111992071357,0,0.0,0.0,0.0,0.18
main,v040,LOSO-nes-f4,secondary,LOSO,nested,4,B,Shared-PPO|wcnc2027_ablation/shared_ppo_seed42/mappo_best.pt,Shared-PPO,42,R,wcnc2027_ablation 2026-09-14 (supplementary ablation),9,-458.8853924584648,80.88539245846486,378.0,0.0,0.0,207.31099557366122,207.31099557366122,0.013875123885034688,0.013875123885034688,0.0,0.013875123885034688,0.0,0,0.0,14,15.378689542088106,64.86442239359408,1.0,0.18
main,v040,LOSO-nes-f4,secondary,LOSO,nested,4,B,MAPPO|wcnc2027_ablation/mappo_seed64/mappo_best.pt,MAPPO,64,R,wcnc2027_ablation 2026-09-14,all,-4808.166970372738,4160.844788372739,567.0,6.447182,73.875,1956.094592479256,1954.482796979256,0.002180376610505451,0.0014866204162537165,0.0005946481665014867,0.0020812685827552033,0.0865213082259663,340,3.2348860257680876,21,16.582253603024782,124.00519261119555,1.0,0.18
main,v040,LOSO-nes-f4,secondary,LOSO,nested,4,B,MAPPO|wcnc2027_ablation/mappo_seed64/mappo_best.pt,MAPPO,64,R,wcnc2027_ablation 2026-09-14,0,-801.6548190864893,785.3274580864893,0.0,1.327361,15.0,176.05737297261263,175.7255327226126,0.0,0.0,0.0,0.0,0.22993062438057482,70,6.6600594648166505,0,0.0,0.0,0.0,0.18
main,v040,LOSO-nes-f4,secondary,LOSO,nested,4,B,MAPPO|wcnc2027_ablation/mappo_seed64/mappo_best.pt,MAPPO,64,R,wcnc2027_ablation 2026-09-14,1,-491.0707951949955,453.1606047949955,27.0,0.9101904000000001,10.0,190.96706696505603,190.73951936505605,0.0009910802775024777,0.0,0.0009910802775024777,0.0009910802775024777,0.12091179385530228,48,4.566897918731417,1,1.4152122961877123,1.4152122961877123,1.0,0.18
main,v040,LOSO-nes-f4,secondary,LOSO,nested,4,B,MAPPO|wcnc2027_ablation/mappo_seed64/mappo_best.pt,MAPPO,64,R,wcnc2027_ablation 2026-09-14,2,-280.269385758799,278.242687358799,0.0,0.1516984,1.875,206.28181427309724,206.24388967309724,0.0,0.0,0.0,0.0,0.004955401387512388,8,0.761149653121903,0,0.0,0.0,0.0,0.18
main,v040,LOSO-nes-f4,secondary,LOSO,nested,4,B,MAPPO|wcnc2027_ablation/mappo_seed64/mappo_best.pt,MAPPO,64,R,wcnc2027_ablation 2026-09-14,3,-164.66458906754454,137.66458906754454,27.0,0.0,0.0,207.02094994347823,207.02094994347823,0.0009910802775024777,0.0009910802775024777,0.0,0.0009910802775024777,0.0,0,0.0,1,1.8444179821527968,1.8444179821527968,1.0,0.18
main,v040,LOSO-nes-f4,secondary,LOSO,nested,4,B,MAPPO|wcnc2027_ablation/mappo_seed64/mappo_best.pt,MAPPO,64,R,wcnc2027_ablation 2026-09-14,4,-627.8148487614299,538.3934321614299,81.0,0.7964166,7.625,185.50249551725955,185.3033913672595,0.002973240832507433,0.0,0.002973240832507433,0.002973240832507433,0.1565906838453915,42,3.9960356788899905,3,1.4152122961877123,1.4152122961877123,1.0,0.18
main,v040,LOSO-nes-f4,secondary,LOSO,nested,4,B,MAPPO|wcnc2027_ablation/mappo_seed64/mappo_best.pt,MAPPO,64,R,wcnc2027_ablation 2026-09-14,5,-363.5539199904719,357.9359001904719,0.0,0.4930198,5.125,200.0993691222821,199.9761141722821,0.0,0.0,0.0,0.0,0.05450941526263627,26,2.4737363726461843,0,0.0,0.0,0.0,0.18
main,v040,LOSO-nes-f4,secondary,LOSO,nested,4,B,MAPPO|wcnc2027_ablation/mappo_seed64/mappo_best.pt,MAPPO,64,R,wcnc2027_ablation 2026-09-14,6,-663.3964035503161,618.6561179503162,27.0,1.3652856,16.375,188.11112418511414,187.76980278511417,0.0009910802775024777,0.0,0.0009910802775024777,0.0009910802775024777,0.14469772051536176,72,6.850346878097127,1,124.00519261119555,124.00519261119555,1.0,0.18
main,v040,LOSO-nes-f4,secondary,LOSO,nested,4,B,MAPPO|wcnc2027_ablation/mappo_seed64/mappo_best.pt,MAPPO,64,R,wcnc2027_ablation 2026-09-14,7,-592.2398693707289,553.9926035707289,27.0,0.8722658000000001,10.375,191.6087803563575,191.3907139063575,0.0019821605550049554,0.0,0.0009910802775024777,0.0009910802775024777,0.12388503468780972,46,4.376610505450942,1,1.4152122961877123,1.4152122961877123,1.0,0.18
main,v040,LOSO-nes-f4,secondary,LOSO,nested,4,B,MAPPO|wcnc2027_ablation/mappo_seed64/mappo_best.pt,MAPPO,64,R,wcnc2027_ablation 2026-09-14,8,-364.61694713349846,356.5860027334985,0.0,0.5309444,7.5,203.13462357033745,203.00188747033744,0.0,0.0,0.0,0.0,0.02973240832507433,28,2.66402378592666,0,0.0,0.0,0.0,0.18
main,v040,LOSO-nes-f4,secondary,LOSO,nested,4,B,MAPPO|wcnc2027_ablation/mappo_seed64/mappo_best.pt,MAPPO,64,R,wcnc2027_ablation 2026-09-14,9,-458.8853924584648,80.88539245846486,378.0,0.0,0.0,207.31099557366122,207.31099557366122,0.013875123885034688,0.013875123885034688,0.0,0.013875123885034688,0.0,0,0.0,14,15.378689542088106,64.86442239359408,1.0,0.18
main,v040,LOSO-nes-f4,secondary,LOSO,nested,4,B,Centralized PPO|wcnc2027_ablation/central_seed64/ppo_multi_site.zip,Centralized PPO,64,R,wcnc2027_ablation 2026-09-14,all,-6893.745226351351,5425.901113575124,1451.9745811762268,1.7445316000000002,14.125,2043.7207747511175,2043.2846418511174,0.006144697720515362,0.0018830525272547076,0.004162537165510407,0.005649157581764123,0.05153617443012884,89,0.846778989098117,61,4.465321827881517,64.86442239359408,0.892794961873004,0.18
main,v040,LOSO-nes-f4,secondary,LOSO,nested,4,B,Centralized PPO|wcnc2027_ablation/central_seed64/ppo_multi_site.zip,Centralized PPO,64,R,wcnc2027_ablation 2026-09-14,0,-1273.835131083696,1003.4179604836961,270.0,0.41717060000000006,0.0,190.82816068271524,190.72386803271522,0.010901883052527254,0.0,0.009910802775024777,0.009910802775024777,0.1774033696729435,21,1.9980178394449952,10,1.4152122961877125,1.4152122961877123,1.0,0.18
main,v040,LOSO-nes-f4,secondary,LOSO,nested,4,B,Centralized PPO|wcnc2027_ablation/central_seed64/ppo_multi_site.zip,Centralized PPO,64,R,wcnc2027_ablation 2026-09-14,1,-868.5032604739149,868.5032604739149,0.0,0.0,0.0,206.77024294917322,206.77024294917322,0.0,0.0,0.0,0.0,0.0,0,0.0,0,0.0,0.0,0.0,0.18
main,v040,LOSO-nes-f4,secondary,LOSO,nested,4,B,Centralized PPO|wcnc2027_ablation/central_seed64/ppo_multi_site.zip,Centralized PPO,64,R,wcnc2027_ablation 2026-09-14,2,-284.9985711009401,284.9985711009401,0.0,0.0,0.0,206.8379829505226,206.8379829505226,0.0,0.0,0.0,0.0,0.0,0,0.0,0,0.0,0.0,0.0,0.18
main,v040,LOSO-nes-f4,secondary,LOSO,nested,4,B,Centralized PPO|wcnc2027_ablation/central_seed64/ppo_multi_site.zip,Centralized PPO,64,R,wcnc2027_ablation 2026-09-14,3,-164.66458906754454,137.66458906754454,27.0,0.0,0.0,207.02094994347823,207.02094994347823,0.0009910802775024777,0.0009910802775024777,0.0,0.0009910802775024777,0.0,0,0.0,1,1.8444179821527968,1.8444179821527968,1.0,0.18
main,v040,LOSO-nes-f4,secondary,LOSO,nested,4,B,Centralized PPO|wcnc2027_ablation/central_seed64/ppo_multi_site.zip,Centralized PPO,64,R,wcnc2027_ablation 2026-09-14,4,-1325.7897772438741,566.3179302676474,749.9745811762267,0.8722658000000001,8.625,200.2997730177566,200.08170656775656,0.03468780971258672,0.003964321110009911,0.030723488602576808,0.030723488602576808,0.3141724479682854,45,4.281466798810704,35,1.1334635620377562,1.4152122961877123,0.8131569335500928,0.18
main,v040,LOSO-nes-f4,secondary,LOSO,nested,4,B,Centralized PPO|wcnc2027_ablation/central_seed64/ppo_multi_site.zip,Centralized PPO,64,R,wcnc2027_ablation 2026-09-14,5,-442.9301582857329,442.9301582857329,0.0,0.0,0.0,206.79841693682397,206.79841693682397,0.0,0.0,0.0,0.0,0.0,0,0.0,0,0.0,0.0,0.0,0.18
main,v040,LOSO-nes-f4,secondary,LOSO,nested,4,B,Centralized PPO|wcnc2027_ablation/central_seed64/ppo_multi_site.zip,Centralized PPO,64,R,wcnc2027_ablation 2026-09-14,6,-915.1220937395209,882.1669985395209,27.0,0.45509520000000003,5.5,204.32211985109984,204.20834605109982,0.0009910802775024777,0.0,0.0009910802775024777,0.0009910802775024777,0.023785926660059464,23,2.188305252725471,1,1.4152122961877123,1.4152122961877123,1.0,0.18
main,v040,LOSO-nes-f4,secondary,LOSO,nested,4,B,Centralized PPO|wcnc2027_ablation/central_seed64/ppo_multi_site.zip,Centralized PPO,64,R,wcnc2027_ablation 2026-09-14,7,-757.4103285177289,757.4103285177289,0.0,0.0,0.0,206.73419810340187,206.73419810340187,0.0,0.0,0.0,0.0,0.0,0,0.0,0,0.0,0.0,0.0,0.18
main,v040,LOSO-nes-f4,secondary,LOSO,nested,4,B,Centralized PPO|wcnc2027_ablation/central_seed64/ppo_multi_site.zip,Centralized PPO,64,R,wcnc2027_ablation 2026-09-14,8,-401.6059243799335,401.6059243799335,0.0,0.0,0.0,206.7979347424846,206.7979347424846,0.0,0.0,0.0,0.0,0.0,0,0.0,0,0.0,0.0,0.0,0.18
main,v040,LOSO-nes-f4,secondary,LOSO,nested,4,B,Centralized PPO|wcnc2027_ablation/central_seed64/ppo_multi_site.zip,Centralized PPO,64,R,wcnc2027_ablation 2026-09-14,9,-458.8853924584648,80.88539245846486,378.0,0.0,0.0,207.31099557366122,207.31099557366122,0.013875123885034688,0.013875123885034688,0.0,0.013875123885034688,0.0,0,0.0,14,15.378689542088106,64.86442239359408,1.0,0.18
main,v040,LOSO-nes-f4,secondary,LOSO,nested,4,B,Shared-PPO|wcnc2027_ablation/shared_ppo_seed64/mappo_best.pt,Shared-PPO,64,R,wcnc2027_ablation 2026-09-14 (supplementary ablation),all,-4841.711067107821,4128.206242307821,621.0,7.129824800000001,85.375,1951.836079541051,1950.053623341051,0.0023785926660059467,0.0014866204162537165,0.0007928642220019821,0.0022794846382556988,0.09117938553022795,376,3.5774033696729437,23,15.263380445908513,124.00519261119555,1.0,0.18
main,v040,LOSO-nes-f4,secondary,LOSO,nested,4,B,Shared-PPO|wcnc2027_ablation/shared_ppo_seed64/mappo_best.pt,Shared-PPO,64,R,wcnc2027_ablation 2026-09-14 (supplementary ablation),0,-795.5107181418812,772.1411865418811,0.0,1.7445316000000002,21.625,174.40515308355793,173.96902018355797,0.0,0.0,0.0,0.0,0.24777006937561943,92,8.753221010901884,0,0.0,0.0,0.0,0.18
main,v040,LOSO-nes-f4,secondary,LOSO,nested,4,B,Shared-PPO|wcnc2027_ablation/shared_ppo_seed64/mappo_best.pt,Shared-PPO,64,R,wcnc2027_ablation 2026-09-14 (supplementary ablation),1,-490.4896941284111,450.50365452841106,27.0,0.9860396,12.0,190.69639152366364,190.44988162366363,0.0009910802775024777,0.0,0.0009910802775024777,0.0009910802775024777,0.12190287413280476,52,4.947472745292369,1,1.4152122961877123,1.4152122961877123,1.0,0.18
main,v040,LOSO-nes-f4,secondary,LOSO,nested,4,B,Shared-PPO|wcnc2027_ablation/shared_ppo_seed64/mappo_best.pt,Shared-PPO,64,R,wcnc2027_ablation 2026-09-14 (supplementary ablation),2,-280.37409097744376,277.8094679774437,0.0,0.189623,2.375,206.2177078182537,206.1703020682537,0.0,0.0,0.0,0.0,0.005946481665014866,10,0.9514370664023787,0,0.0,0.0,0.0,0.18
main,v040,LOSO-nes-f4,secondary,LOSO,nested,4,B,Shared-PPO|wcnc2027_ablation/shared_ppo_seed64/mappo_best.pt,Shared-PPO,64,R,wcnc2027_ablation 2026-09-14 (supplementary ablation),3,-164.66458906754454,137.66458906754454,27.0,0.0,0.0,207.02094994347823,207.02094994347823,0.0009910802775024777,0.0009910802775024777,0.0,0.0009910802775024777,0.0,0,0.0,1,1.8444179821527968,1.8444179821527968,1.0,0.18
main,v040,LOSO-nes-f4,secondary,LOSO,nested,4,B,Shared-PPO|wcnc2027_ablation/shared_ppo_seed64/mappo_best.pt,Shared-PPO,64,R,wcnc2027_ablation 2026-09-14 (supplementary ablation),4,-629.4938364963748,539.8224198963746,81.0,0.7964166,7.875,185.7210384335718,185.5219342835718,0.002973240832507433,0.0,0.002973240832507433,0.002973240832507433,0.15361744301288405,42,3.9960356788899905,3,1.4152122961877123,1.4152122961877123,1.0,0.18
main,v040,LOSO-nes-f4,secondary,LOSO,nested,4,B,Shared-PPO|wcnc2027_ablation/shared_ppo_seed64/mappo_best.pt,Shared-PPO,64,R,wcnc2027_ablation 2026-09-14 (supplementary ablation),5,-360.72937304808545,353.4105040480855,0.0,0.5688690000000001,6.75,199.4531642910883,199.3109470410883,0.0,0.0,0.0,0.0,0.062438057482656094,30,2.8543111992071357,0,0.0,0.0,0.0,0.18
main,v040,LOSO-nes-f4,secondary,LOSO,nested,4,B,Shared-PPO|wcnc2027_ablation/shared_ppo_seed64/mappo_best.pt,Shared-PPO,64,R,wcnc2027_ablation 2026-09-14 (supplementary ablation),6,-658.0500578798566,613.6847722798566,27.0,1.3652856,16.0,187.51264538145978,187.17132398145978,0.0009910802775024777,0.0,0.0009910802775024777,0.0009910802775024777,0.14965312190287414,72,6.850346878097127,1,124.00519261119555,124.00519261119555,1.0,0.18
main,v040,LOSO-nes-f4,secondary,LOSO,nested,4,B,Shared-PPO|wcnc2027_ablation/shared_ppo_seed64/mappo_best.pt,Shared-PPO,64,R,wcnc2027_ablation 2026-09-14 (supplementary ablation),7,-641.3429642318589,549.2206984318589,81.0,0.8722658000000001,10.25,190.8434824734448,190.6254160234448,0.003964321110009911,0.0,0.002973240832507433,0.002973240832507433,0.13478691774033696,46,4.376610505450942,3,1.4152122961877123,1.4152122961877123,1.0,0.18
main,v040,LOSO-nes-f4,secondary,LOSO,nested,4,B,Shared-PPO|wcnc2027_ablation/shared_ppo_seed64/mappo_best.pt,Shared-PPO,64,R,wcnc2027_ablation 2026-09-14 (supplementary ablation),8,-362.1703506779004,353.06355707790044,0.0,0.6067936,8.5,202.65455101887162,202.5028526188716,0.0,0.0,0.0,0.0,0.035678889990089196,32,3.044598612487612,0,0.0,0.0,0.0,0.18
main,v040,LOSO-nes-f4,secondary,LOSO,nested,4,B,Shared-PPO|wcnc2027_ablation/shared_ppo_seed64/mappo_best.pt,Shared-PPO,64,R,wcnc2027_ablation 2026-09-14 (supplementary ablation),9,-458.8853924584648,80.88539245846486,378.0,0.0,0.0,207.31099557366122,207.31099557366122,0.013875123885034688,0.013875123885034688,0.0,0.013875123885034688,0.0,0,0.0,14,15.378689542088106,64.86442239359408,1.0,0.18
main,v040,LOSO-nes-f4,secondary,LOSO,nested,4,B,MAPPO|wcnc2027_ablation/mappo_seed77/mappo_best.pt,MAPPO,77,R,wcnc2027_ablation 2026-09-14,all,-4850.6914726835175,4234.532215283518,540.0,6.4092573999999995,69.75,1964.5961081102444,1962.9937937602442,0.0020812685827552033,0.0014866204162537165,0.0004955401387512388,0.0019821605550049554,0.07799801783944499,338,3.2158572844400397,20,17.340605668366635,124.00519261119555,1.0,0.18
main,v040,LOSO-nes-f4,secondary,LOSO,nested,4,B,MAPPO|wcnc2027_ablation/mappo_seed77/mappo_best.pt,MAPPO,77,R,wcnc2027_ablation 2026-09-14,0,-820.2545766662215,801.7375926662215,0.0,1.5169839999999999,17.0,177.99284954371535,177.61360354371536,0.0,0.0,0.0,0.0,0.21110009910802774,80,7.6114965312190295,0,0.0,0.0,0.0,0.18
main,v040,LOSO-nes-f4,secondary,LOSO,nested,4,B,MAPPO|wcnc2027_ablation/mappo_seed77/mappo_best.pt,MAPPO,77,R,wcnc2027_ablation 2026-09-14,1,-503.011109022499,463.687994022499,27.0,0.948115,11.375,192.31269632690208,192.0756675769021,0.0009910802775024777,0.0,0.0009910802775024777,0.0009910802775024777,0.10604558969276512,50,4.757185332011893,1,1.4152122961877123,1.4152122961877123,1.0,0.18
main,v040,LOSO-nes-f4,secondary,LOSO,nested,4,B,MAPPO|wcnc2027_ablation/mappo_seed77/mappo_best.pt,MAPPO,77,R,wcnc2027_ablation 2026-09-14,2,-280.269385758799,278.242687358799,0.0,0.1516984,1.875,206.28181427309724,206.24388967309724,0.0,0.0,0.0,0.0,0.004955401387512388,8,0.761149653121903,0,0.0,0.0,0.0,0.18
main,v040,LOSO-nes-f4,secondary,LOSO,nested,4,B,MAPPO|wcnc2027_ablation/mappo_seed77/mappo_best.pt,MAPPO,77,R,wcnc2027_ablation 2026-09-14,3,-164.66458906754454,137.66458906754454,27.0,0.0,0.0,207.02094994347823,207.02094994347823,0.0009910802775024777,0.0009910802775024777,0.0,0.0009910802775024777,0.0,0,0.0,1,1.8444179821527968,1.8444179821527968,1.0,0.18
main,v040,LOSO-nes-f4,secondary,LOSO,nested,4,B,MAPPO|wcnc2027_ablation/mappo_seed77/mappo_best.pt,MAPPO,77,R,wcnc2027_ablation 2026-09-14,4,-611.2946469868673,547.6723811868674,54.0,0.8722658000000001,8.75,186.84975696052055,186.63169051052057,0.0019821605550049554,0.0,0.0019821605550049554,0.0019821605550049554,0.14172447968285432,46,4.376610505450942,2,1.4152122961877123,1.4152122961877123,1.0,0.18
main,v040,LOSO-nes-f4,secondary,LOSO,nested,4,B,MAPPO|wcnc2027_ablation/mappo_seed77/mappo_best.pt,MAPPO,77,R,wcnc2027_ablation 2026-09-14,5,-366.7921685767086,361.58707337670853,0.0,0.45509520000000003,4.75,200.49631251822117,200.38253871822118,0.0,0.0,0.0,0.0,0.05054509415262636,24,2.2834489593657086,0,0.0,0.0,0.0,0.18
main,v040,LOSO-nes-f4,secondary,LOSO,nested,4,B,MAPPO|wcnc2027_ablation/mappo_seed77/mappo_best.pt,MAPPO,77,R,wcnc2027_ablation 2026-09-14,6,-679.2747862195903,637.9361990195903,27.0,1.2135872,13.125,190.06479156993362,189.76139476993362,0.0009910802775024777,0.0,0.0009910802775024777,0.0009910802775024777,0.12487611496531219,64,6.089197224975224,1,124.00519261119555,124.00519261119555,1.0,0.18
main,v040,LOSO-nes-f4,secondary,LOSO,nested,4,B,MAPPO|wcnc2027_ablation/mappo_seed77/mappo_best.pt,MAPPO,77,R,wcnc2027_ablation 2026-09-14,7,-599.5243314340853,564.1029148340854,27.0,0.7964166,7.625,192.81495141206972,192.61584726206974,0.0019821605550049554,0.0,0.0009910802775024777,0.0009910802775024777,0.11298315163528246,42,3.9960356788899905,1,1.4152122961877123,1.4152122961877123,1.0,0.18
main,v040,LOSO-nes-f4,secondary,LOSO,nested,4,B,MAPPO|wcnc2027_ablation/mappo_seed77/mappo_best.pt,MAPPO,77,R,wcnc2027_ablation 2026-09-14,8,-366.7204864927371,361.01539129273715,0.0,0.45509520000000003,5.25,203.450989988645,203.33721618864502,0.0,0.0,0.0,0.0,0.027750247770069375,24,2.2834489593657086,0,0.0,0.0,0.0,0.18
main,v040,LOSO-nes-f4,secondary,LOSO,nested,4,B,MAPPO|wcnc2027_ablation/mappo_seed77/mappo_best.pt,MAPPO,77,R,wcnc2027_ablation 2026-09-14,9,-458.8853924584648,80.88539245846486,378.0,0.0,0.0,207.31099557366122,207.31099557366122,0.013875123885034688,0.013875123885034688,0.0,0.013875123885034688,0.0,0,0.0,14,15.378689542088106,64.86442239359408,1.0,0.18
main,v040,LOSO-nes-f4,secondary,LOSO,nested,4,B,Centralized PPO|wcnc2027_ablation/central_seed77/ppo_multi_site.zip,Centralized PPO,77,R,wcnc2027_ablation 2026-09-14,all,-16805.131064024445,5294.3524055903345,11501.007387234109,1.8962712000000002,7.875,2287.1256856385553,2286.6516178385555,0.05619425173439049,0.020614469772051537,0.043012884043607535,0.04449950445986125,0.23161546085232904,98,0.9324083250743311,565,62.2890816033435,2476.0047254536053,0.7765411893642393,0.18
main,v040,LOSO-nes-f4,secondary,LOSO,nested,4,B,Centralized PPO|wcnc2027_ablation/central_seed77/ppo_multi_site.zip,Centralized PPO,77,R,wcnc2027_ablation 2026-09-14,0,-4416.80761345762,843.8838493289402,3572.9237435286805,2.06e-05,0.0,227.33998404673204,227.33997889673202,0.14866204162537167,0.014866204162537165,0.14073339940535184,0.14073339940535184,1.0,0,0.0,150,25.68778542718206,1526.3012116676841,0.8934675870292047,0.18
main,v040,LOSO-nes-f4,secondary,LOSO,nested,4,B,Centralized PPO|wcnc2027_ablation/central_seed77/ppo_multi_site.zip,Centralized PPO,77,R,wcnc2027_ablation 2026-09-14,1,-1275.3722582641483,475.1862271819782,798.7309358821701,0.4550952,1.0,203.49025050528238,203.37647670528239,0.03369672943508424,0.004955401387512388,0.031714568880079286,0.031714568880079286,0.24578790882061446,23,2.188305252725471,33,16.170250751951013,124.49482805129415,0.9065060461060734,0.18
main,v040,LOSO-nes-f4,secondary,LOSO,nested,4,B,Centralized PPO|wcnc2027_ablation/central_seed77/ppo_multi_site.zip,Centralized PPO,77,R,wcnc2027_ablation 2026-09-14,2,-284.9985711009401,284.9985711009401,0.0,0.0,0.0,206.8379829505226,206.8379829505226,0.0,0.0,0.0,0.0,0.0,0,0.0,0,0.0,0.0,0.0,0.18
main,v040,LOSO-nes-f4,secondary,LOSO,nested,4,B,Centralized PPO|wcnc2027_ablation/central_seed77/ppo_multi_site.zip,Centralized PPO,77,R,wcnc2027_ablation 2026-09-14,3,-164.66458906754454,137.66458906754454,27.0,0.0,0.0,207.02094994347823,207.02094994347823,0.0009910802775024777,0.0009910802775024777,0.0,0.0009910802775024777,0.0,0,0.0,1,1.8444179821527968,1.8444179821527968,1.0,0.18
main,v040,LOSO-nes-f4,secondary,LOSO,nested,4,B,Centralized PPO|wcnc2027_ablation/central_seed77/ppo_multi_site.zip,Centralized PPO,77,R,wcnc2027_ablation 2026-09-14,4,-1005.802937380588,631.1724118043612,371.9745811762267,0.5309444000000001,2.125,199.42273168164309,199.2899955816431,0.019821605550049554,0.002973240832507433,0.01684836471754212,0.01684836471754212,0.2130822596630327,27,2.5688800792864224,20,0.9883958766299372,1.4152122961877123,0.7185078841079244,0.18
main,v040,LOSO-nes-f4,secondary,LOSO,nested,4,B,Centralized PPO|wcnc2027_ablation/central_seed77/ppo_multi_site.zip,Centralized PPO,77,R,wcnc2027_ablation 2026-09-14,5,-442.9301582857329,442.9301582857329,0.0,0.0,0.0,206.79841693682397,206.79841693682397,0.0,0.0,0.0,0.0,0.0,0,0.0,0,0.0,0.0,0.0,0.18
main,v040,LOSO-nes-f4,secondary,LOSO,nested,4,B,Centralized PPO|wcnc2027_ablation/central_seed77/ppo_multi_site.zip,Centralized PPO,77,R,wcnc2027_ablation 2026-09-14,6,-1902.649629857889,994.4221402573671,905.185319000522,0.41717060000000006,2.625,237.48756414360253,237.38327149360254,0.05450941526263627,0.03468780971258672,0.03369672943508424,0.03369672943508424,0.08126858275520317,22,2.093161546085233,54,269.638120195329,2319.5399903776624,0.6551767371959103,0.18
main,v040,LOSO-nes-f4,secondary,LOSO,nested,4,B,Centralized PPO|wcnc2027_ablation/central_seed77/ppo_multi_site.zip,Centralized PPO,77,R,wcnc2027_ablation 2026-09-14,7,-6450.340404291483,1001.0674808449728,5447.19280764651,0.4551158,1.625,384.10299720704273,383.9892182570427,0.2893954410307235,0.13280475718533202,0.20713577799801783,0.20713577799801783,0.7750247770069376,25,2.3785926660059467,292,54.82562398066282,2476.0047254536053,0.7190784175756222,0.18
main,v040,LOSO-nes-f4,secondary,LOSO,nested,4,B,Centralized PPO|wcnc2027_ablation/central_seed77/ppo_multi_site.zip,Centralized PPO,77,R,wcnc2027_ablation 2026-09-14,8,-402.67950986003314,402.14158526003314,0.0,0.0379246,0.5,207.31381264976648,207.30433149976648,0.0009910802775024777,0.0009910802775024777,0.0,0.0,0.0009910802775024777,1,0.09514370664023787,1,0.09033499209475465,0.09033499209475465,0.0903349920947547,0.18
main,v040,LOSO-nes-f4,secondary,LOSO,nested,4,B,Centralized PPO|wcnc2027_ablation/central_seed77/ppo_multi_site.zip,Centralized PPO,77,R,wcnc2027_ablation 2026-09-14,9,-458.8853924584648,80.88539245846486,378.0,0.0,0.0,207.31099557366122,207.31099557366122,0.013875123885034688,0.013875123885034688,0.0,0.013875123885034688,0.0,0,0.0,14,15.378689542088106,64.86442239359408,1.0,0.18
main,v040,LOSO-nes-f4,secondary,LOSO,nested,4,B,MAPPO|mappo_seed77_20260517T110908/mappo_best.pt,MAPPO,77,P,"May 2026, pre-781c90c reward",all,-4859.655271195238,4309.857053395239,486.0,5.4232178,58.375,1973.3807533249758,1972.0249488749757,0.0018830525272547076,0.0014866204162537165,0.00029732408325074334,0.00178394449950446,0.0688800792864222,286,2.721110009910803,18,19.110093820830958,124.00519261119555,1.0,0.18
main,v040,LOSO-nes-f4,secondary,LOSO,nested,4,B,MAPPO|mappo_seed77_20260517T110908/mappo_best.pt,MAPPO,77,P,"May 2026, pre-781c90c reward",0,-829.7095363920378,818.5226475920377,0.0,1.0618888000000002,10.125,180.07703752788558,179.81156532788555,0.0,0.0,0.0,0.0,0.18929633300297324,56,5.32804757185332,0,0.0,0.0,0.0,0.18
main,v040,LOSO-nes-f4,secondary,LOSO,nested,4,B,MAPPO|mappo_seed77_20260517T110908/mappo_best.pt,MAPPO,77,P,"May 2026, pre-781c90c reward",1,-512.328720152876,474.4564543528761,27.0,0.8722658000000001,10.0,193.647112683972,193.429046233972,0.0009910802775024777,0.0,0.0009910802775024777,0.0009910802775024777,0.09217046580773043,46,4.376610505450942,1,1.4152122961877123,1.4152122961877123,1.0,0.18
main,v040,LOSO-nes-f4,secondary,LOSO,nested,4,B,MAPPO|mappo_seed77_20260517T110908/mappo_best.pt,MAPPO,77,P,"May 2026, pre-781c90c reward",2,-281.16949901030034,280.21864981030035,0.0,0.0758492,0.875,206.47001963142958,206.45105733142958,0.0,0.0,0.0,0.0,0.002973240832507433,4,0.3805748265609515,0,0.0,0.0,0.0,0.18
main,v040,LOSO-nes-f4,secondary,LOSO,nested,4,B,MAPPO|mappo_seed77_20260517T110908/mappo_best.pt,MAPPO,77,P,"May 2026, pre-781c90c reward",3,-164.66458906754454,137.66458906754454,27.0,0.0,0.0,207.02094994347823,207.02094994347823,0.0009910802775024777,0.0009910802775024777,0.0,0.0009910802775024777,0.0,0,0.0,1,1.8444179821527968,1.8444179821527968,1.0,0.18
main,v040,LOSO-nes-f4,secondary,LOSO,nested,4,B,MAPPO|mappo_seed77_20260517T110908/mappo_best.pt,MAPPO,77,P,"May 2026, pre-781c90c reward",4,-591.8688972170057,555.1595560170058,27.0,0.8343412,8.875,187.76293776544264,187.55435246544266,0.0009910802775024777,0.0,0.0009910802775024777,0.0009910802775024777,0.13181367690782952,44,4.186323092170466,1,1.4152122961877123,1.4152122961877123,1.0,0.18
main,v040,LOSO-nes-f4,secondary,LOSO,nested,4,B,MAPPO|mappo_seed77_20260517T110908/mappo_best.pt,MAPPO,77,P,"May 2026, pre-781c90c reward",5,-372.27395908775895,369.182637687759,0.0,0.3413214,2.75,201.23669220997206,201.15136185997207,0.0,0.0,0.0,0.0,0.04360753221010902,18,1.7125867195242817,0,0.0,0.0,0.0,0.18
main,v040,LOSO-nes-f4,secondary,LOSO,nested,4,B,MAPPO|mappo_seed77_20260517T110908/mappo_best.pt,MAPPO,77,P,"May 2026, pre-781c90c reward",6,-694.328642475047,651.240055275047,27.0,1.2135872,14.875,191.46812294535388,191.16472614535388,0.0009910802775024777,0.0,0.0009910802775024777,0.0009910802775024777,0.1110009910802775,64,6.089197224975224,1,124.00519261119555,124.00519261119555,1.0,0.18
main,v040,LOSO-nes-f4,secondary,LOSO,nested,4,B,MAPPO|mappo_seed77_20260517T110908/mappo_best.pt,MAPPO,77,P,"May 2026, pre-781c90c reward",7,-579.6976715379445,573.4279533379445,0.0,0.6447182,5.625,193.96751046860828,193.80633091860824,0.0009910802775024777,0.0,0.0,0.0,0.10009910802775025,34,3.2348860257680876,0,0.0,0.0,0.0,0.18
main,v040,LOSO-nes-f4,secondary,LOSO,nested,4,B,MAPPO|mappo_seed77_20260517T110908/mappo_best.pt,MAPPO,77,P,"May 2026, pre-781c90c reward",8,-374.72836379625846,369.0991177962585,0.0,0.379246,5.25,204.4193745751722,204.32456307517222,0.0,0.0,0.0,0.0,0.017839444995044598,20,1.9028741328047574,0,0.0,0.0,0.0,0.18
main,v040,LOSO-nes-f4,secondary,LOSO,nested,4,B,MAPPO|mappo_seed77_20260517T110908/mappo_best.pt,MAPPO,77,P,"May 2026, pre-781c90c reward",9,-458.8853924584648,80.88539245846486,378.0,0.0,0.0,207.31099557366122,207.31099557366122,0.013875123885034688,0.013875123885034688,0.0,0.013875123885034688,0.0,0,0.0,14,15.378689542088106,64.86442239359408,1.0,0.18
main,v040,LOSO-nes-f4,secondary,LOSO,nested,4,B,MAPPO|mappo_seed99_20260517T003433/mappo_best.pt,MAPPO,99,P,"May 2026, pre-781c90c reward",all,-4817.802907704563,4295.2167653045635,459.0,5.4611424,58.125,1972.3993517436706,1971.0340661436708,0.00178394449950446,0.0014866204162537165,0.00019821605550049553,0.0016848364717542122,0.06947472745292368,288,2.7401387512388506,17,12.939793891985984,64.86442239359408,1.0,0.18
main,v040,LOSO-nes-f4,secondary,LOSO,nested,4,B,MAPPO|mappo_seed99_20260517T003433/mappo_best.pt,MAPPO,99,P,"May 2026, pre-781c90c reward",0,-831.1492546004963,821.1632150004963,0.0,0.9860396000000001,9.0,180.35970543603855,180.11319553603852,0.0,0.0,0.0,0.0,0.1863230921704658,52,4.947472745292369,0,0.0,0.0,0.0,0.18
main,v040,LOSO-nes-f4,secondary,LOSO,nested,4,B,MAPPO|mappo_seed99_20260517T003433/mappo_best.pt,MAPPO,99,P,"May 2026, pre-781c90c reward",1,-509.1700083294289,472.3356671294289,27.0,0.8343412000000001,9.0,193.41188819650498,193.203302896505,0.0009910802775024777,0.0,0.0009910802775024777,0.0009910802775024777,0.09415262636273539,44,4.186323092170466,1,1.4152122961877123,1.4152122961877123,1.0,0.18
main,v040,LOSO-nes-f4,secondary,LOSO,nested,4,B,MAPPO|mappo_seed99_20260517T003433/mappo_best.pt,MAPPO,99,P,"May 2026, pre-781c90c reward",2,-282.1946923135982,280.04299391359814,0.0,0.1516984,2.0,206.43754119670348,206.39961659670348,0.0009910802775024777,0.0,0.0,0.0,0.003964321110009911,8,0.761149653121903,0,0.0,0.0,0.0,0.18
main,v040,LOSO-nes-f4,secondary,LOSO,nested,4,B,MAPPO|mappo_seed99_20260517T003433/mappo_best.pt,MAPPO,99,P,"May 2026, pre-781c90c reward",3,-164.66458906754454,137.66458906754454,27.0,0.0,0.0,207.02094994347823,207.02094994347823,0.0009910802775024777,0.0009910802775024777,0.0,0.0009910802775024777,0.0,0,0.0,1,1.8444179821527968,1.8444179821527968,1.0,0.18
main,v040,LOSO-nes-f4,secondary,LOSO,nested,4,B,MAPPO|mappo_seed99_20260517T003433/mappo_best.pt,MAPPO,99,P,"May 2026, pre-781c90c reward",4,-592.2559189082549,554.7586531082547,27.0,0.8722658000000001,9.625,187.69601098363808,187.4779445336381,0.0009910802775024777,0.0,0.0009910802775024777,0.0009910802775024777,0.13280475718533202,46,4.376610505450942,1,1.4152122961877123,1.4152122961877123,1.0,0.18
main,v040,LOSO-nes-f4,secondary,LOSO,nested,4,B,MAPPO|mappo_seed99_20260517T003433/mappo_best.pt,MAPPO,99,P,"May 2026, pre-781c90c reward",5,-371.6012016961579,367.97195569615786,0.0,0.379246,3.25,201.26382801601795,201.16901651601796,0.0,0.0,0.0,0.0,0.04261645193260654,20,1.9028741328047574,0,0.0,0.0,0.0,0.18
main,v040,LOSO-nes-f4,secondary,LOSO,nested,4,B,MAPPO|mappo_seed99_20260517T003433/mappo_best.pt,MAPPO,99,P,"May 2026, pre-781c90c reward",6,-661.1068929648424,645.6812303648423,0.0,1.1756626,14.25,191.18887835314803,190.894962703148,0.0,0.0,0.0,0.0,0.11199207135777998,62,5.898909811694748,0,0.0,0.0,0.0,0.18
main,v040,LOSO-nes-f4,secondary,LOSO,nested,4,B,MAPPO|mappo_seed99_20260517T003433/mappo_best.pt,MAPPO,99,P,"May 2026, pre-781c90c reward",7,-576.0555761648184,570.2858579648182,0.0,0.6447182,5.125,193.64973171299079,193.48855216299077,0.0,0.0,0.0,0.0,0.10208126858275521,34,3.2348860257680876,0,0.0,0.0,0.0,0.18
main,v040,LOSO-nes-f4,secondary,LOSO,nested,4,B,MAPPO|mappo_seed99_20260517T003433/mappo_best.pt,MAPPO,99,P,"May 2026, pre-781c90c reward",8,-370.7193812009574,364.42721060095744,0.0,0.41717060000000006,5.875,204.05982233148939,203.9555296814894,0.0,0.0,0.0,0.0,0.02081268582755203,22,2.093161546085233,0,0.0,0.0,0.0,0.18
main,v040,LOSO-nes-f4,secondary,LOSO,nested,4,B,MAPPO|mappo_seed99_20260517T003433/mappo_best.pt,MAPPO,99,P,"May 2026, pre-781c90c reward",9,-458.8853924584648,80.88539245846486,378.0,0.0,0.0,207.31099557366122,207.31099557366122,0.013875123885034688,0.013875123885034688,0.0,0.013875123885034688,0.0,0,0.0,14,15.378689542088106,64.86442239359408,1.0,0.18
main,v040,LOSO-nes-f4,secondary,LOSO,nested,4,B,Centralized PPO|ppo_multi_site_seed7_20260517T004954/ppo_multi_site.zip,Centralized PPO,7,P,"May 2026, pre-781c90c reward",all,-9408.789799690127,5866.188620949561,3481.4364529405666,4.6647258,56.5,2102.7019588884923,2101.535777438493,0.01684836471754212,0.0045589692765113975,0.012091179385530228,0.013577799801783945,0.05113974231912785,245,2.3310208126858276,158,60.1449391052252,1526.3012116676841,0.8331956746751609,0.18
main,v040,LOSO-nes-f4,secondary,LOSO,nested,4,B,Centralized PPO|ppo_multi_site_seed7_20260517T004954/ppo_multi_site.zip,Centralized PPO,7,P,"May 2026, pre-781c90c reward",0,-1960.0323109093092,1331.0877878271392,609.7309358821701,1.2135872,18.0,212.321616836812,212.018220036812,0.027750247770069375,0.0019821605550049554,0.024777006937561942,0.024777006937561942,0.04757185332011893,64,6.089197224975224,26,5.966499453566791,124.49482805129415,0.8813345969807855,0.18
main,v040,LOSO-nes-f4,secondary,LOSO,nested,4,B,Centralized PPO|ppo_multi_site_seed7_20260517T004954/ppo_multi_site.zip,Centralized PPO,7,P,"May 2026, pre-781c90c reward",1,-868.5032604739149,868.5032604739149,0.0,0.0,0.0,206.77024294917322,206.77024294917322,0.0,0.0,0.0,0.0,0.0,0,0.0,0,0.0,0.0,0.0,0.18
main,v040,LOSO-nes-f4,secondary,LOSO,nested,4,B,Centralized PPO|ppo_multi_site_seed7_20260517T004954/ppo_multi_site.zip,Centralized PPO,7,P,"May 2026, pre-781c90c reward",2,-284.9985711009401,284.9985711009401,0.0,0.0,0.0,206.8379829505226,206.8379829505226,0.0,0.0,0.0,0.0,0.0,0,0.0,0,0.0,0.0,0.0,0.18
main,v040,LOSO-nes-f4,secondary,LOSO,nested,4,B,Centralized PPO|ppo_multi_site_seed7_20260517T004954/ppo_multi_site.zip,Centralized PPO,7,P,"May 2026, pre-781c90c reward",3,-164.66458906754454,137.66458906754454,27.0,0.0,0.0,207.02094994347823,207.02094994347823,0.0009910802775024777,0.0009910802775024777,0.0,0.0009910802775024777,0.0,0,0.0,1,1.8444179821527968,1.8444179821527968,1.0,0.18
main,v040,LOSO-nes-f4,secondary,LOSO,nested,4,B,Centralized PPO|ppo_multi_site_seed7_20260517T004954/ppo_multi_site.zip,Centralized PPO,7,P,"May 2026, pre-781c90c reward",4,-2542.298638933972,600.2888387696319,1921.46187176434,2.0479284,18.5,226.96898022959988,226.45699812959992,0.09712586719524281,0.02180376610505451,0.0753221010901883,0.0753221010901883,0.4122893954410307,108,10.27552031714569,92,73.39999392451489,1526.3012116676841,0.7945009666557329,0.18
main,v040,LOSO-nes-f4,secondary,LOSO,nested,4,B,Centralized PPO|ppo_multi_site_seed7_20260517T004954/ppo_multi_site.zip,Centralized PPO,7,P,"May 2026, pre-781c90c reward",5,-442.9301582857329,442.9301582857329,0.0,0.0,0.0,206.79841693682397,206.79841693682397,0.0,0.0,0.0,0.0,0.0,0,0.0,0,0.0,0.0,0.0,0.18
main,v040,LOSO-nes-f4,secondary,LOSO,nested,4,B,Centralized PPO|ppo_multi_site_seed7_20260517T004954/ppo_multi_site.zip,Centralized PPO,7,P,"May 2026, pre-781c90c reward",6,-955.8616952857936,955.8616952857936,0.0,0.0,0.0,206.73220836211908,206.73220836211908,0.0,0.0,0.0,0.0,0.0,0,0.0,0,0.0,0.0,0.0,0.18
main,v040,LOSO-nes-f4,secondary,LOSO,nested,4,B,Centralized PPO|ppo_multi_site_seed7_20260517T004954/ppo_multi_site.zip,Centralized PPO,7,P,"May 2026, pre-781c90c reward",7,-1329.0092587945214,762.3624033004647,545.2436452940567,1.4032102000000002,20.0,215.14263036381772,214.79182781381775,0.028741328047571853,0.006937561942517344,0.02081268582755203,0.02081268582755203,0.05153617443012884,73,6.945490584737364,25,95.11303520824355,1526.3012116676841,0.8254451257939031,0.18
main,v040,LOSO-nes-f4,secondary,LOSO,nested,4,B,Centralized PPO|ppo_multi_site_seed7_20260517T004954/ppo_multi_site.zip,Centralized PPO,7,P,"May 2026, pre-781c90c reward",8,-401.6059243799335,401.6059243799335,0.0,0.0,0.0,206.7979347424846,206.7979347424846,0.0,0.0,0.0,0.0,0.0,0,0.0,0,0.0,0.0,0.0,0.18
main,v040,LOSO-nes-f4,secondary,LOSO,nested,4,B,Centralized PPO|ppo_multi_site_seed7_20260517T004954/ppo_multi_site.zip,Centralized PPO,7,P,"May 2026, pre-781c90c reward",9,-458.8853924584648,80.88539245846486,378.0,0.0,0.0,207.31099557366122,207.31099557366122,0.013875123885034688,0.013875123885034688,0.0,0.013875123885034688,0.0,0,0.0,14,15.378689542088106,64.86442239359408,1.0,0.18
main,v040,LOSO-nes-f4,secondary,LOSO,nested,4,B,Centralized PPO|ppo_multi_site_seed13_20260517T004954/ppo_multi_site.zip,Centralized PPO,13,P,"May 2026, pre-781c90c reward",all,-9303.428969379249,6103.862412720851,3195.7055170583967,0.9860396,2.875,2119.6338269264834,2119.3873170264833,0.01466798810703667,0.004360753221010902,0.010802775024777007,0.012289395441030724,0.057482656095143705,51,0.48523290386521306,144,30.54283306474484,1526.3012116676841,0.8384042852581597,0.18
main,v040,LOSO-nes-f4,secondary,LOSO,nested,4,B,Centralized PPO|ppo_multi_site_seed13_20260517T004954/ppo_multi_site.zip,Centralized PPO,13,P,"May 2026, pre-781c90c reward",0,-1321.1918158326116,1321.1918158326116,0.0,0.0,0.0,206.7030696952151,206.7030696952151,0.0,0.0,0.0,0.0,0.0,0,0.0,0,0.0,0.0,0.0,0.18
main,v040,LOSO-nes-f4,secondary,LOSO,nested,4,B,Centralized PPO|ppo_multi_site_seed13_20260517T004954/ppo_multi_site.zip,Centralized PPO,13,P,"May 2026, pre-781c90c reward",1,-868.5032604739149,868.5032604739149,0.0,0.0,0.0,206.77024294917322,206.77024294917322,0.0,0.0,0.0,0.0,0.0,0,0.0,0,0.0,0.0,0.0,0.18
main,v040,LOSO-nes-f4,secondary,LOSO,nested,4,B,Centralized PPO|ppo_multi_site_seed13_20260517T004954/ppo_multi_site.zip,Centralized PPO,13,P,"May 2026, pre-781c90c reward",2,-284.9985711009401,284.9985711009401,0.0,0.0,0.0,206.8379829505226,206.8379829505226,0.0,0.0,0.0,0.0,0.0,0,0.0,0,0.0,0.0,0.0,0.18
main,v040,LOSO-nes-f4,secondary,LOSO,nested,4,B,Centralized PPO|ppo_multi_site_seed13_20260517T004954/ppo_multi_site.zip,Centralized PPO,13,P,"May 2026, pre-781c90c reward",3,-164.66458906754454,137.66458906754454,27.0,0.0,0.0,207.02094994347823,207.02094994347823,0.0009910802775024777,0.0009910802775024777,0.0,0.0009910802775024777,0.0,0,0.0,1,1.8444179821527968,1.8444179821527968,1.0,0.18
main,v040,LOSO-nes-f4,secondary,LOSO,nested,4,B,Centralized PPO|ppo_multi_site_seed13_20260517T004954/ppo_multi_site.zip,Centralized PPO,13,P,"May 2026, pre-781c90c reward",4,-1074.7644560211668,960.4070369271101,113.24364529405668,0.11377380000000001,1.0,209.64267952459073,209.6142360745907,0.005946481665014866,0.0009910802775024777,0.004955401387512388,0.004955401387512388,0.010901883052527254,6,0.5708622398414271,5,330.78025049756445,1526.3012116676841,0.8549576352937113,0.18
main,v040,LOSO-nes-f4,secondary,LOSO,nested,4,B,Centralized PPO|ppo_multi_site_seed13_20260517T004954/ppo_multi_site.zip,Centralized PPO,13,P,"May 2026, pre-781c90c reward",5,-442.9301582857329,442.9301582857329,0.0,0.0,0.0,206.79841693682397,206.79841693682397,0.0,0.0,0.0,0.0,0.0,0,0.0,0,0.0,0.0,0.0,0.18
main,v040,LOSO-nes-f4,secondary,LOSO,nested,4,B,Centralized PPO|ppo_multi_site_seed13_20260517T004954/ppo_multi_site.zip,Centralized PPO,13,P,"May 2026, pre-781c90c reward",6,-955.8616952857936,955.8616952857936,0.0,0.0,0.0,206.73220836211908,206.73220836211908,0.0,0.0,0.0,0.0,0.0,0,0.0,0,0.0,0.0,0.0,0.18
main,v040,LOSO-nes-f4,secondary,LOSO,nested,4,B,Centralized PPO|ppo_multi_site_seed13_20260517T004954/ppo_multi_site.zip,Centralized PPO,13,P,"May 2026, pre-781c90c reward",7,-3330.0231064731456,649.8139689088057,2677.4618717643402,0.8722657999999999,1.875,255.0193462484151,254.80127979841507,0.12586719524281467,0.027750247770069375,0.10307234886025768,0.10307234886025768,0.5639246778989098,45,4.281466798810704,124,20.380005139226196,1526.3012116676841,0.8181889427476327,0.18
main,v040,LOSO-nes-f4,secondary,LOSO,nested,4,B,Centralized PPO|ppo_multi_site_seed13_20260517T004954/ppo_multi_site.zip,Centralized PPO,13,P,"May 2026, pre-781c90c reward",8,-401.6059243799335,401.6059243799335,0.0,0.0,0.0,206.7979347424846,206.7979347424846,0.0,0.0,0.0,0.0,0.0,0,0.0,0,0.0,0.0,0.0,0.18
main,v040,LOSO-nes-f4,secondary,LOSO,nested,4,B,Centralized PPO|ppo_multi_site_seed13_20260517T004954/ppo_multi_site.zip,Centralized PPO,13,P,"May 2026, pre-781c90c reward",9,-458.8853924584648,80.88539245846486,378.0,0.0,0.0,207.31099557366122,207.31099557366122,0.013875123885034688,0.013875123885034688,0.0,0.013875123885034688,0.0,0,0.0,14,15.378689542088106,64.86442239359408,1.0,0.18
main,v040,LOSO-nes-f4,secondary,LOSO,nested,4,B,Centralized PPO|ppo_multi_site_seed42_20260517T004954/ppo_multi_site.zip,Centralized PPO,42,P,"May 2026, pre-781c90c reward",all,-9063.5028162928,5414.810949634402,3600.705517058397,4.3613496000000005,43.625,2069.9567657085026,2068.8664283085022,0.014965312190287414,0.0026759167492566896,0.012289395441030724,0.01377601585728444,0.08374628344895936,227,2.1597621407333993,147,15.503451146898664,1526.3012116676841,0.9159605249798499,0.18
main,v040,LOSO-nes-f4,secondary,LOSO,nested,4,B,Centralized PPO|ppo_multi_site_seed42_20260517T004954/ppo_multi_site.zip,Centralized PPO,42,P,"May 2026, pre-781c90c reward",0,-2907.7238089385855,1333.3135693504723,1549.4872905881134,2.047949,22.875,225.20379225829905,224.691805008299,0.06045589692765114,0.0019821605550049554,0.05847373637264618,0.05847373637264618,0.17046580773042616,108,10.27552031714569,60,3.406443799713966,124.49482805129415,0.9606651890838643,0.18
main,v040,LOSO-nes-f4,secondary,LOSO,nested,4,B,Centralized PPO|ppo_multi_site_seed42_20260517T004954/ppo_multi_site.zip,Centralized PPO,42,P,"May 2026, pre-781c90c reward",1,-942.9443233995139,492.42671390545706,437.2436452940567,1.0239642,12.25,197.4551722028113,197.1991811528113,0.01684836471754212,0.0009910802775024777,0.01684836471754212,0.01684836471754212,0.15460852329038652,53,5.042616451932607,17,8.58810592179873,124.49482805129415,0.9573404809687385,0.18
main,v040,LOSO-nes-f4,secondary,LOSO,nested,4,B,Centralized PPO|ppo_multi_site_seed42_20260517T004954/ppo_multi_site.zip,Centralized PPO,42,P,"May 2026, pre-781c90c reward",2,-284.9985711009401,284.9985711009401,0.0,0.0,0.0,206.8379829505226,206.8379829505226,0.0,0.0,0.0,0.0,0.0,0,0.0,0,0.0,0.0,0.0,0.18
main,v040,LOSO-nes-f4,secondary,LOSO,nested,4,B,Centralized PPO|ppo_multi_site_seed42_20260517T004954/ppo_multi_site.zip,Centralized PPO,42,P,"May 2026, pre-781c90c reward",3,-164.66458906754454,137.66458906754454,27.0,0.0,0.0,207.02094994347823,207.02094994347823,0.0009910802775024777,0.0009910802775024777,0.0,0.0009910802775024777,0.0,0,0.0,1,1.8444179821527968,1.8444179821527968,1.0,0.18
main,v040,LOSO-nes-f4,secondary,LOSO,nested,4,B,Centralized PPO|ppo_multi_site_seed42_20260517T004954/ppo_multi_site.zip,Centralized PPO,42,P,"May 2026, pre-781c90c reward",4,-955.712356119679,955.712356119679,0.0,0.0,0.0,206.73881438421557,206.73881438421557,0.0,0.0,0.0,0.0,0.0,0,0.0,0,0.0,0.0,0.0,0.18
main,v040,LOSO-nes-f4,secondary,LOSO,nested,4,B,Centralized PPO|ppo_multi_site_seed42_20260517T004954/ppo_multi_site.zip,Centralized PPO,42,P,"May 2026, pre-781c90c reward",5,-442.9301582857329,442.9301582857329,0.0,0.0,0.0,206.79841693682397,206.79841693682397,0.0,0.0,0.0,0.0,0.0,0,0.0,0,0.0,0.0,0.0,0.18
main,v040,LOSO-nes-f4,secondary,LOSO,nested,4,B,Centralized PPO|ppo_multi_site_seed42_20260517T004954/ppo_multi_site.zip,Centralized PPO,42,P,"May 2026, pre-781c90c reward",6,-900.1956278262161,707.9146834262161,189.0,0.5309444000000001,2.75,197.2501658965961,197.1174297965961,0.008919722497522299,0.0019821605550049554,0.006937561942517344,0.006937561942517344,0.16650148662041625,27,2.5688800792864224,8,16.573350172552075,124.00519261119555,0.8862918740118444,0.18
main,v040,LOSO-nes-f4,secondary,LOSO,nested,4,B,Centralized PPO|ppo_multi_site_seed42_20260517T004954/ppo_multi_site.zip,Centralized PPO,42,P,"May 2026, pre-781c90c reward",7,-1603.8420647161886,577.3589915399618,1019.9745811762268,0.7584919999999999,5.75,208.54254081960983,208.35291781960981,0.048562933597621406,0.006937561942517344,0.040634291377601585,0.040634291377601585,0.3458870168483647,39,3.7106045589692767,47,33.59340461678478,1526.3012116676841,0.8221523969881438,0.18
main,v040,LOSO-nes-f4,secondary,LOSO,nested,4,B,Centralized PPO|ppo_multi_site_seed42_20260517T004954/ppo_multi_site.zip,Centralized PPO,42,P,"May 2026, pre-781c90c reward",8,-401.6059243799335,401.6059243799335,0.0,0.0,0.0,206.7979347424846,206.7979347424846,0.0,0.0,0.0,0.0,0.0,0,0.0,0,0.0,0.0,0.0,0.18
main,v040,LOSO-nes-f4,secondary,LOSO,nested,4,B,Centralized PPO|ppo_multi_site_seed42_20260517T004954/ppo_multi_site.zip,Centralized PPO,42,P,"May 2026, pre-781c90c reward",9,-458.8853924584648,80.88539245846486,378.0,0.0,0.0,207.31099557366122,207.31099557366122,0.013875123885034688,0.013875123885034688,0.0,0.013875123885034688,0.0,0,0.0,14,15.378689542088106,64.86442239359408,1.0,0.18
main,v040,LOSO-nes-f4,secondary,LOSO,nested,4,B,Centralized PPO|ppo_multi_site_seed99_20260517T004954/ppo_multi_site.zip,Centralized PPO,99,P,"May 2026, pre-781c90c reward",all,-14821.859253249524,5165.038721037628,9638.025317411895,2.9202148,15.875,2218.3627352373737,2217.632681537374,0.04499504459861249,0.02408325074331021,0.03518334985133796,0.036669970267591674,0.17888999008919723,152,1.4461843409316155,448,356.8354347469757,2476.0047254536053,0.8154322320620254,0.18
main,v040,LOSO-nes-f4,secondary,LOSO,nested,4,B,Centralized PPO|ppo_multi_site_seed99_20260517T004954/ppo_multi_site.zip,Centralized PPO,99,P,"May 2026, pre-781c90c reward",0,-1696.8266345760944,785.6102845879809,901.4872905881134,1.4790594,8.25,184.38777143010014,184.01800658010018,0.03766105054509415,0.003964321110009911,0.03468780971258672,0.03468780971258672,0.49157581764122893,77,7.326065411298315,37,45.82156397940335,1526.3012116676841,0.9116282793818006,0.18
main,v040,LOSO-nes-f4,secondary,LOSO,nested,4,B,Centralized PPO|ppo_multi_site_seed99_20260517T004954/ppo_multi_site.zip,Centralized PPO,99,P,"May 2026, pre-781c90c reward",1,-868.5032604739149,868.5032604739149,0.0,0.0,0.0,206.77024294917322,206.77024294917322,0.0,0.0,0.0,0.0,0.0,0,0.0,0,0.0,0.0,0.0,0.18
main,v040,LOSO-nes-f4,secondary,LOSO,nested,4,B,Centralized PPO|ppo_multi_site_seed99_20260517T004954/ppo_multi_site.zip,Centralized PPO,99,P,"May 2026, pre-781c90c reward",2,-284.9985711009401,284.9985711009401,0.0,0.0,0.0,206.8379829505226,206.8379829505226,0.0,0.0,0.0,0.0,0.0,0,0.0,0,0.0,0.0,0.0,0.18
main,v040,LOSO-nes-f4,secondary,LOSO,nested,4,B,Centralized PPO|ppo_multi_site_seed99_20260517T004954/ppo_multi_site.zip,Centralized PPO,99,P,"May 2026, pre-781c90c reward",3,-164.66458906754454,137.66458906754454,27.0,0.0,0.0,207.02094994347823,207.02094994347823,0.0009910802775024777,0.0009910802775024777,0.0,0.0009910802775024777,0.0,0,0.0,1,1.8444179821527968,1.8444179821527968,1.0,0.18
main,v040,LOSO-nes-f4,secondary,LOSO,nested,4,B,Centralized PPO|ppo_multi_site_seed99_20260517T004954/ppo_multi_site.zip,Centralized PPO,99,P,"May 2026, pre-781c90c reward",4,-982.1316691932061,558.9189397110359,420.73093588217006,0.6067936,1.875,193.82956874507443,193.67787034507444,0.018830525272547076,0.0019821605550049554,0.017839444995044598,0.017839444995044598,0.244796828543112,31,2.949454905847374,19,7.643289458916977,124.49482805129415,0.837615764289496,0.18
main,v040,LOSO-nes-f4,secondary,LOSO,nested,4,B,Centralized PPO|ppo_multi_site_seed99_20260517T004954/ppo_multi_site.zip,Centralized PPO,99,P,"May 2026, pre-781c90c reward",5,-442.9301582857329,442.9301582857329,0.0,0.0,0.0,206.79841693682397,206.79841693682397,0.0,0.0,0.0,0.0,0.0,0,0.0,0,0.0,0.0,0.0,0.18
main,v040,LOSO-nes-f4,secondary,LOSO,nested,4,B,Centralized PPO|ppo_multi_site_seed99_20260517T004954/ppo_multi_site.zip,Centralized PPO,99,P,"May 2026, pre-781c90c reward",6,-6680.70061362323,816.7263314816198,5858.807090941611,0.4171912,4.75,348.0643860592377,347.9600882592377,0.2983151635282458,0.1506442021803766,0.22398414271555997,0.22398414271555997,0.9831516352824579,22,2.093161546085233,299,231.77171380699758,2476.0047254536053,0.7507960672942168,0.18
main,v040,LOSO-nes-f4,secondary,LOSO,nested,4,B,Centralized PPO|ppo_multi_site_seed99_20260517T004954/ppo_multi_site.zip,Centralized PPO,99,P,"May 2026, pre-781c90c reward",7,-757.4103285177289,757.4103285177289,0.0,0.0,0.0,206.73419810340187,206.73419810340187,0.0,0.0,0.0,0.0,0.0,0,0.0,0,0.0,0.0,0.0,0.18
main,v040,LOSO-nes-f4,secondary,LOSO,nested,4,B,Centralized PPO|ppo_multi_site_seed99_20260517T004954/ppo_multi_site.zip,Centralized PPO,99,P,"May 2026, pre-781c90c reward",8,-2484.8080359526657,431.39086535266574,2052.0,0.41717060000000006,1.0,250.60822254590033,250.50392989590034,0.0802775024777007,0.06937561942517344,0.0753221010901883,0.0753221010901883,0.06937561942517344,22,2.093161546085233,78,1134.6764858951808,2476.0047254536053,0.9766752562075578,0.18
main,v040,LOSO-nes-f4,secondary,LOSO,nested,4,B,Centralized PPO|ppo_multi_site_seed99_20260517T004954/ppo_multi_site.zip,Centralized PPO,99,P,"May 2026, pre-781c90c reward",9,-458.8853924584648,80.88539245846486,378.0,0.0,0.0,207.31099557366122,207.31099557366122,0.013875123885034688,0.013875123885034688,0.0,0.013875123885034688,0.0,0,0.0,14,15.378689542088106,64.86442239359408,1.0,0.18
main,v040,LOSO-nes-f4,secondary,LOSO,nested,4,B,MAPPO|mappo_nr_seed23/mappo_best.pt,MAPPO,23,T,"June 2026, current reward",all,-5217.521482684858,4148.0251498848575,999.0,6.371332800000001,64.125,1963.6764792533627,1962.0836460533626,0.0037661050545094153,0.0023785926660059467,0.0028741328047571855,0.0036669970267591673,0.09177403369672943,336,3.1968285431119923,37,58318.32205008098,163681.18370932463,1.0,0.18
main,v040,LOSO-nes-f4,secondary,LOSO,nested,4,B,MAPPO|mappo_nr_seed23/mappo_best.pt,MAPPO,23,T,"June 2026, current reward",0,-821.8886434718993,777.3716594718992,27.0,1.516984,16.0,174.85026130210224,174.47101530210224,0.0009910802775024777,0.0,0.0009910802775024777,0.0009910802775024777,0.24677898909811694,80,7.6114965312190295,1,1.4152122961877123,1.4152122961877123,1.0,0.18
main,v040,LOSO-nes-f4,secondary,LOSO,nested,4,B,MAPPO|mappo_nr_seed23/mappo_best.pt,MAPPO,23,T,"June 2026, current reward",1,-485.3584800838261,449.27413888382614,27.0,0.8343412,8.25,190.42321420853705,190.214628908537,0.0009910802775024777,0.0,0.0009910802775024777,0.0009910802775024777,0.1278493557978196,44,4.186323092170466,1,1.4152122961877123,1.4152122961877123,1.0,0.18
main,v040,LOSO-nes-f4,secondary,LOSO,nested,4,B,MAPPO|mappo_nr_seed23/mappo_best.pt,MAPPO,23,T,"June 2026, current reward",2,-280.269385758799,278.242687358799,0.0,0.1516984,1.875,206.28181427309724,206.24388967309724,0.0,0.0,0.0,0.0,0.004955401387512388,8,0.761149653121903,0,0.0,0.0,0.0,0.18
main,v040,LOSO-nes-f4,secondary,LOSO,nested,4,B,MAPPO|mappo_nr_seed23/mappo_best.pt,MAPPO,23,T,"June 2026, current reward",3,-164.66458906754454,137.66458906754454,27.0,0.0,0.0,207.02094994347823,207.02094994347823,0.0009910802775024777,0.0009910802775024777,0.0,0.0009910802775024777,0.0,0,0.0,1,1.8444179821527968,1.8444179821527968,1.0,0.18
main,v040,LOSO-nes-f4,secondary,LOSO,nested,4,B,MAPPO|mappo_nr_seed23/mappo_best.pt,MAPPO,23,T,"June 2026, current reward",4,-626.453837605821,538.608270205821,81.0,0.7205674,6.125,185.50178348275787,185.32164163275786,0.002973240832507433,0.0,0.002973240832507433,0.002973240832507433,0.1565906838453915,38,3.615460852329039,3,1.4152122961877123,1.4152122961877123,1.0,0.18
main,v040,LOSO-nes-f4,secondary,LOSO,nested,4,B,MAPPO|mappo_nr_seed23/mappo_best.pt,MAPPO,23,T,"June 2026, current reward",5,-360.43520000241745,355.8551048024174,0.0,0.45509520000000003,4.125,199.75740503536974,199.64363123536975,0.0,0.0,0.0,0.0,0.05946481665014866,24,2.2834489593657086,0,0.0,0.0,0.0,0.18
main,v040,LOSO-nes-f4,secondary,LOSO,nested,4,B,MAPPO|mappo_nr_seed23/mappo_best.pt,MAPPO,23,T,"June 2026, current reward",6,-661.8312280318908,621.3676408318908,27.0,1.2135872,12.25,188.24855622768422,187.94515942768422,0.0009910802775024777,0.0,0.0009910802775024777,0.0009910802775024777,0.14370664023785926,64,6.089197224975224,1,124.00519261119555,124.00519261119555,1.0,0.18
main,v040,LOSO-nes-f4,secondary,LOSO,nested,4,B,MAPPO|mappo_nr_seed23/mappo_best.pt,MAPPO,23,T,"June 2026, current reward",7,-587.7641585443746,554.0815157443745,27.0,0.6826428,6.0,191.41073029538686,191.24006959538684,0.0019821605550049554,0.0,0.0009910802775024777,0.0009910802775024777,0.1288404360753221,36,3.4251734390485633,1,1.4152122961877123,1.4152122961877123,1.0,0.18
main,v040,LOSO-nes-f4,secondary,LOSO,nested,4,B,MAPPO|mappo_nr_seed23/mappo_best.pt,MAPPO,23,T,"June 2026, current reward",8,-361.0442411117536,353.6382967117536,0.0,0.5309444,6.875,202.72682976777233,202.5940936677723,0.0,0.0,0.0,0.0,0.03468780971258672,28,2.66402378592666,0,0.0,0.0,0.0,0.18
main,v040,LOSO-nes-f4,secondary,LOSO,nested,4,B,MAPPO|mappo_nr_seed23/mappo_best.pt,MAPPO,23,T,"June 2026, current reward",9,-867.8117190065313,81.92124680653123,783.0,0.2654722,2.625,217.45493471717685,217.38856666717686,0.028741328047571853,0.022794846382556987,0.02180376610505451,0.028741328047571853,0.014866204162537165,14,1.33201189296333,29,74401.502585125,163681.18370932463,1.0,0.18
main,v040,LOSO-nes-f4,secondary,LOSO,nested,4,B,MAPPO|mappo_nr_seed64/mappo_best.pt,MAPPO,64,T,"June 2026, current reward",all,-4790.42912034486,4232.724958144861,486.0,5.9541622,65.75,1965.4288066722943,1963.9402661222944,0.0018830525272547076,0.0014866204162537165,0.00029732408325074334,0.00178394449950446,0.07631318136769079,314,2.9875123885034687,18,19.110093820830958,124.00519261119555,1.0,0.18
main,v040,LOSO-nes-f4,secondary,LOSO,nested,4,B,MAPPO|mappo_nr_seed64/mappo_best.pt,MAPPO,64,T,"June 2026, current reward",0,-818.5024186418462,805.4896806418463,0.0,1.1377380000000001,11.875,178.4575653516793,178.1731308516793,0.0,0.0,0.0,0.0,0.20614469772051536,60,5.708622398414271,0,0.0,0.0,0.0,0.18
main,v040,LOSO-nes-f4,secondary,LOSO,nested,4,B,MAPPO|mappo_nr_seed64/mappo_best.pt,MAPPO,64,T,"June 2026, current reward",1,-500.94584559025907,461.74773059025904,27.0,0.948115,11.25,192.14265685634265,191.90562810634268,0.0009910802775024777,0.0,0.0009910802775024777,0.0009910802775024777,0.10703666997026759,50,4.757185332011893,1,1.4152122961877123,1.4152122961877123,1.0,0.18
main,v040,LOSO-nes-f4,secondary,LOSO,nested,4,B,MAPPO|mappo_nr_seed64/mappo_best.pt,MAPPO,64,T,"June 2026, current reward",2,-281.5264746964138,279.37477629641376,0.0,0.1516984,2.0,206.40000497600153,206.36208037600153,0.0,0.0,0.0,0.0,0.003964321110009911,8,0.761149653121903,0,0.0,0.0,0.0,0.18
main,v040,LOSO-nes-f4,secondary,LOSO,nested,4,B,MAPPO|mappo_nr_seed64/mappo_best.pt,MAPPO,64,T,"June 2026, current reward",3,-164.66458906754454,137.66458906754454,27.0,0.0,0.0,207.02094994347823,207.02094994347823,0.0009910802775024777,0.0009910802775024777,0.0,0.0009910802775024777,0.0,0,0.0,1,1.8444179821527968,1.8444179821527968,1.0,0.18
main,v040,LOSO-nes-f4,secondary,LOSO,nested,4,B,MAPPO|mappo_nr_seed64/mappo_best.pt,MAPPO,64,T,"June 2026, current reward",4,-584.2998853721704,547.7155441721703,27.0,0.8343412,8.75,186.84756612793757,186.63898082793756,0.0009910802775024777,0.0,0.0009910802775024777,0.0009910802775024777,0.14073339940535184,44,4.186323092170466,1,1.4152122961877123,1.4152122961877123,1.0,0.18
main,v040,LOSO-nes-f4,secondary,LOSO,nested,4,B,MAPPO|mappo_nr_seed64/mappo_best.pt,MAPPO,64,T,"June 2026, current reward",5,-365.75510344824045,361.7129328482404,0.0,0.4171706,3.625,200.70655013164986,200.60225748164987,0.0,0.0,0.0,0.0,0.04757185332011893,22,2.093161546085233,0,0.0,0.0,0.0,0.18
main,v040,LOSO-nes-f4,secondary,LOSO,nested,4,B,MAPPO|mappo_nr_seed64/mappo_best.pt,MAPPO,64,T,"June 2026, current reward",6,-677.5865386580049,633.6721022580048,27.0,1.2894364,15.625,190.08263398286644,189.76027488286644,0.0009910802775024777,0.0,0.0009910802775024777,0.0009910802775024777,0.12190287413280476,68,6.469772051536175,1,124.00519261119555,124.00519261119555,1.0,0.18
main,v040,LOSO-nes-f4,secondary,LOSO,nested,4,B,MAPPO|mappo_nr_seed64/mappo_best.pt,MAPPO,64,T,"June 2026, current reward",7,-570.8764945610181,563.1180025610181,0.0,0.758492,7.0,192.7510680228242,192.56144502282422,0.0009910802775024777,0.0,0.0,0.0,0.11199207135777998,40,3.8057482656095147,0,0.0,0.0,0.0,0.18
main,v040,LOSO-nes-f4,secondary,LOSO,nested,4,B,MAPPO|mappo_nr_seed64/mappo_best.pt,MAPPO,64,T,"June 2026, current reward",8,-367.38637785089855,361.3442072508986,0.0,0.41717060000000006,5.625,203.70881570585325,203.60452305585324,0.0,0.0,0.0,0.0,0.023785926660059464,22,2.093161546085233,0,0.0,0.0,0.0,0.18
main,v040,LOSO-nes-f4,secondary,LOSO,nested,4,B,MAPPO|mappo_nr_seed64/mappo_best.pt,MAPPO,64,T,"June 2026, current reward",9,-458.8853924584648,80.88539245846486,378.0,0.0,0.0,207.31099557366122,207.31099557366122,0.013875123885034688,0.013875123885034688,0.0,0.013875123885034688,0.0,0,0.0,14,15.378689542088106,64.86442239359408,1.0,0.18
main,v040,LOSO-nes-f4,secondary,LOSO,nested,4,B,MAPPO|mappo_nr_seed99/mappo_best.pt,MAPPO,99,T,"June 2026, current reward",all,-4859.291735842246,4273.098799842246,513.0,6.0679359999999996,67.125,1969.7538592810088,1968.236875281009,0.0019821605550049554,0.0014866204162537165,0.00039643211100099106,0.0018830525272547076,0.07215064420218038,320,3.044598612487612,19,18.178784266902365,124.00519261119555,1.0,0.18
main,v040,LOSO-nes-f4,secondary,LOSO,nested,4,B,MAPPO|mappo_nr_seed99/mappo_best.pt,MAPPO,99,T,"June 2026, current reward",0,-825.7898412299352,813.1141786299353,0.0,1.1756626000000001,11.5,179.4886751609591,179.19475951095907,0.0,0.0,0.0,0.0,0.19425173439048563,62,5.898909811694748,0,0.0,0.0,0.0,0.18
main,v040,LOSO-nes-f4,secondary,LOSO,nested,4,B,MAPPO|mappo_nr_seed99/mappo_best.pt,MAPPO,99,T,"June 2026, current reward",1,-509.526088312082,471.365897912082,27.0,0.9101904000000001,10.25,193.20177048162964,192.97422288162963,0.0009910802775024777,0.0,0.0009910802775024777,0.0009910802775024777,0.09712586719524281,48,4.566897918731417,1,1.4152122961877123,1.4152122961877123,1.0,0.18
main,v040,LOSO-nes-f4,secondary,LOSO,nested,4,B,MAPPO|mappo_nr_seed99/mappo_best.pt,MAPPO,99,T,"June 2026, current reward",2,-280.269385758799,278.242687358799,0.0,0.1516984,1.875,206.28181427309724,206.24388967309724,0.0,0.0,0.0,0.0,0.004955401387512388,8,0.761149653121903,0,0.0,0.0,0.0,0.18
main,v040,LOSO-nes-f4,secondary,LOSO,nested,4,B,MAPPO|mappo_nr_seed99/mappo_best.pt,MAPPO,99,T,"June 2026, current reward",3,-164.66458906754454,137.66458906754454,27.0,0.0,0.0,207.02094994347823,207.02094994347823,0.0009910802775024777,0.0009910802775024777,0.0,0.0009910802775024777,0.0,0,0.0,1,1.8444179821527968,1.8444179821527968,1.0,0.18
main,v040,LOSO-nes-f4,secondary,LOSO,nested,4,B,MAPPO|mappo_nr_seed99/mappo_best.pt,MAPPO,99,T,"June 2026, current reward",4,-617.8571992235177,552.1590842235177,54.0,0.9481149999999999,10.75,187.45340858599008,187.21637983599007,0.0019821605550049554,0.0,0.0019821605550049554,0.0019821605550049554,0.13478691774033696,50,4.757185332011893,2,1.4152122961877123,1.4152122961877123,1.0,0.18
main,v040,LOSO-nes-f4,secondary,LOSO,nested,4,B,MAPPO|mappo_nr_seed99/mappo_best.pt,MAPPO,99,T,"June 2026, current reward",5,-364.80822024829854,360.64104964829846,0.0,0.4171706,3.75,200.39276882530768,200.2884761753077,0.0,0.0,0.0,0.0,0.05153617443012884,22,2.093161546085233,0,0.0,0.0,0.0,0.18
main,v040,LOSO-nes-f4,secondary,LOSO,nested,4,B,MAPPO|mappo_nr_seed99/mappo_best.pt,MAPPO,99,T,"June 2026, current reward",6,-687.8601025859396,644.4835907859396,27.0,1.2515117999999998,15.125,191.07872674977008,190.76584879977008,0.0009910802775024777,0.0,0.0009910802775024777,0.0009910802775024777,0.11298315163528246,66,6.279484638255699,1,124.00519261119555,124.00519261119555,1.0,0.18
main,v040,LOSO-nes-f4,secondary,LOSO,nested,4,B,MAPPO|mappo_nr_seed99/mappo_best.pt,MAPPO,99,T,"June 2026, current reward",7,-577.2829931621924,569.1495011621923,0.0,0.758492,7.375,193.5048321044693,193.31520910446932,0.0009910802775024777,0.0,0.0,0.0,0.10406342913776016,40,3.8057482656095147,0,0.0,0.0,0.0,0.18
main,v040,LOSO-nes-f4,secondary,LOSO,nested,4,B,MAPPO|mappo_nr_seed99/mappo_best.pt,MAPPO,99,T,"June 2026, current reward",8,-372.3479237954728,365.39282859547285,0.0,0.45509520000000003,6.5,204.01991758264626,203.90614378264627,0.0,0.0,0.0,0.0,0.02180376610505451,24,2.2834489593657086,0,0.0,0.0,0.0,0.18
main,v040,LOSO-nes-f4,secondary,LOSO,nested,4,B,MAPPO|mappo_nr_seed99/mappo_best.pt,MAPPO,99,T,"June 2026, current reward",9,-458.8853924584648,80.88539245846486,378.0,0.0,0.0,207.31099557366122,207.31099557366122,0.013875123885034688,0.013875123885034688,0.0,0.013875123885034688,0.0,0,0.0,14,15.378689542088106,64.86442239359408,1.0,0.18
main,v040,LOSO-nes-f4,secondary,LOSO,nested,4,B,MAPPO|mappo_seed7_20260516T092249/mappo_best.pt,MAPPO,7,L,"May 2026, pre-781c90c reward",all,-4821.118011008034,4223.493944008034,540.0,5.499067,52.125,1963.379302319685,1962.0045355696852,0.0020812685827552033,0.0014866204162537165,0.0004955401387512388,0.0019821605550049554,0.07928642220019821,290,2.759167492566898,20,17.340605668366635,124.00519261119555,1.0,0.18
main,v040,LOSO-nes-f4,secondary,LOSO,nested,4,B,MAPPO|mappo_seed7_20260516T092249/mappo_best.pt,MAPPO,7,L,"May 2026, pre-781c90c reward",0,-816.2709497385657,805.2582117385657,0.0,1.1377380000000001,9.875,178.3454806687832,178.06104616878318,0.0,0.0,0.0,0.0,0.20812685827552033,60,5.708622398414271,0,0.0,0.0,0.0,0.18
main,v040,LOSO-nes-f4,secondary,LOSO,nested,4,B,MAPPO|mappo_seed7_20260516T092249/mappo_best.pt,MAPPO,7,L,"May 2026, pre-781c90c reward",1,-502.7404171587664,465.11815135876645,27.0,0.8722658000000001,9.75,192.49636259951387,192.2782961495139,0.0009910802775024777,0.0,0.0009910802775024777,0.0009910802775024777,0.10406342913776016,46,4.376610505450942,1,1.4152122961877123,1.4152122961877123,1.0,0.18
main,v040,LOSO-nes-f4,secondary,LOSO,nested,4,B,MAPPO|mappo_seed7_20260516T092249/mappo_best.pt,MAPPO,7,L,"May 2026, pre-781c90c reward",2,-280.441367905042,278.952594105042,0.0,0.11377380000000001,1.375,206.36417807172194,206.33573462172194,0.0,0.0,0.0,0.0,0.003964321110009911,6,0.5708622398414271,0,0.0,0.0,0.0,0.18
main,v040,LOSO-nes-f4,secondary,LOSO,nested,4,B,MAPPO|mappo_seed7_20260516T092249/mappo_best.pt,MAPPO,7,L,"May 2026, pre-781c90c reward",3,-164.66458906754454,137.66458906754454,27.0,0.0,0.0,207.02094994347823,207.02094994347823,0.0009910802775024777,0.0009910802775024777,0.0,0.0009910802775024777,0.0,0,0.0,1,1.8444179821527968,1.8444179821527968,1.0,0.18
main,v040,LOSO-nes-f4,secondary,LOSO,nested,4,B,MAPPO|mappo_seed7_20260516T092249/mappo_best.pt,MAPPO,7,L,"May 2026, pre-781c90c reward",4,-605.475098803239,544.7166068032391,54.0,0.758492,6.0,186.39552705741363,186.20590405741365,0.0019821605550049554,0.0,0.0019821605550049554,0.0019821605550049554,0.1466798810703667,40,3.8057482656095147,2,1.4152122961877123,1.4152122961877123,1.0,0.18
main,v040,LOSO-nes-f4,secondary,LOSO,nested,4,B,MAPPO|mappo_seed7_20260516T092249/mappo_best.pt,MAPPO,7,L,"May 2026, pre-781c90c reward",5,-363.16452441173567,360.0352784117357,0.0,0.379246,2.75,200.29370366072823,200.1988921607282,0.0,0.0,0.0,0.0,0.05252725470763132,20,1.9028741328047574,0,0.0,0.0,0.0,0.18
main,v040,LOSO-nes-f4,secondary,LOSO,nested,4,B,MAPPO|mappo_seed7_20260516T092249/mappo_best.pt,MAPPO,7,L,"May 2026, pre-781c90c reward",6,-669.8285501833531,630.9787367833532,27.0,1.0998134,10.75,189.375298797381,189.10034544738102,0.0009910802775024777,0.0,0.0009910802775024777,0.0009910802775024777,0.13181367690782952,58,5.518334985133796,1,124.00519261119555,124.00519261119555,1.0,0.18
main,v040,LOSO-nes-f4,secondary,LOSO,nested,4,B,MAPPO|mappo_seed7_20260516T092249/mappo_best.pt,MAPPO,7,L,"May 2026, pre-781c90c reward",7,-594.2158063597097,560.4081635597097,27.0,0.6826428,6.125,192.3057623850823,192.1351016850823,0.0019821605550049554,0.0,0.0009910802775024777,0.0009910802775024777,0.11793855302279485,36,3.4251734390485633,1,1.4152122961877123,1.4152122961877123,1.0,0.18
main,v040,LOSO-nes-f4,secondary,LOSO,nested,4,B,MAPPO|mappo_seed7_20260516T092249/mappo_best.pt,MAPPO,7,L,"May 2026, pre-781c90c reward",8,-365.4313149216133,359.4762197216133,0.0,0.45509520000000003,5.5,203.47104356192145,203.35726976192143,0.0,0.0,0.0,0.0,0.027750247770069375,24,2.2834489593657086,0,0.0,0.0,0.0,0.18
main,v040,LOSO-nes-f4,secondary,LOSO,nested,4,B,MAPPO|mappo_seed7_20260516T092249/mappo_best.pt,MAPPO,7,L,"May 2026, pre-781c90c reward",9,-458.8853924584648,80.88539245846486,378.0,0.0,0.0,207.31099557366122,207.31099557366122,0.013875123885034688,0.013875123885034688,0.0,0.013875123885034688,0.0,0,0.0,14,15.378689542088106,64.86442239359408,1.0,0.18
main,v040,LOSO-nes-f4,secondary,LOSO,nested,4,B,MAPPO|mappo_seed13_20260516T092252/mappo_best.pt,MAPPO,13,L,"May 2026, pre-781c90c reward",all,-4831.553724086251,4265.210601486251,513.0,4.9681226,48.375,1967.5612539539397,1966.3192233039395,0.0018830525272547076,0.0014866204162537165,0.00039643211100099106,0.0018830525272547076,0.07542120911793855,262,2.492765113974232,19,11.72668003979669,64.86442239359408,1.0,0.18
main,v040,LOSO-nes-f4,secondary,LOSO,nested,4,B,MAPPO|mappo_seed13_20260516T092252/mappo_best.pt,MAPPO,13,L,"May 2026, pre-781c90c reward",0,-822.5707841371973,810.6338953371971,0.0,1.0618888000000002,10.875,178.78638722995518,178.52091502995518,0.0,0.0,0.0,0.0,0.2051536174430129,56,5.32804757185332,0,0.0,0.0,0.0,0.18
main,v040,LOSO-nes-f4,secondary,LOSO,nested,4,B,MAPPO|mappo_seed13_20260516T092252/mappo_best.pt,MAPPO,13,L,"May 2026, pre-781c90c reward",1,-500.81678012441694,463.1945143244169,27.0,0.8722658000000001,9.75,192.21917953457748,192.00111308457744,0.0009910802775024777,0.0,0.0009910802775024777,0.0009910802775024777,0.10901883052527254,46,4.376610505450942,1,1.4152122961877123,1.4152122961877123,1.0,0.18
main,v040,LOSO-nes-f4,secondary,LOSO,nested,4,B,MAPPO|mappo_seed13_20260516T092252/mappo_best.pt,MAPPO,13,L,"May 2026, pre-781c90c reward",2,-282.4265879479151,281.3507387479151,0.0,0.0758492,1.0,206.58821033433387,206.56924803433387,0.0,0.0,0.0,0.0,0.0019821605550049554,4,0.3805748265609515,0,0.0,0.0,0.0,0.18
main,v040,LOSO-nes-f4,secondary,LOSO,nested,4,B,MAPPO|mappo_seed13_20260516T092252/mappo_best.pt,MAPPO,13,L,"May 2026, pre-781c90c reward",3,-164.66458906754454,137.66458906754454,27.0,0.0,0.0,207.02094994347823,207.02094994347823,0.0009910802775024777,0.0009910802775024777,0.0,0.0009910802775024777,0.0,0,0.0,1,1.8444179821527968,1.8444179821527968,1.0,0.18
main,v040,LOSO-nes-f4,secondary,LOSO,nested,4,B,MAPPO|mappo_seed13_20260516T092252/mappo_best.pt,MAPPO,13,L,"May 2026, pre-781c90c reward",4,-609.5800771262575,547.9465851262576,54.0,0.7584919999999999,6.875,186.73262375092173,186.54300075092172,0.0019821605550049554,0.0,0.0019821605550049554,0.0019821605550049554,0.14370664023785926,40,3.8057482656095147,2,1.4152122961877123,1.4152122961877123,1.0,0.18
main,v040,LOSO-nes-f4,secondary,LOSO,nested,4,B,MAPPO|mappo_seed13_20260516T092252/mappo_best.pt,MAPPO,13,L,"May 2026, pre-781c90c reward",5,-366.8880426685955,364.70964586859554,0.0,0.3033968,1.875,200.81732254410576,200.74147334410577,0.0,0.0,0.0,0.0,0.04757185332011893,16,1.522299306243806,0,0.0,0.0,0.0,0.18
main,v040,LOSO-nes-f4,secondary,LOSO,nested,4,B,MAPPO|mappo_seed13_20260516T092252/mappo_best.pt,MAPPO,13,L,"May 2026, pre-781c90c reward",6,-655.7235380600056,643.5745738600056,0.0,1.0239642,11.125,190.71028072578127,190.45428967578124,0.0,0.0,0.0,0.0,0.11793855302279485,54,5.137760158572845,0,0.0,0.0,0.0,0.18
main,v040,LOSO-nes-f4,secondary,LOSO,nested,4,B,MAPPO|mappo_seed13_20260516T092252/mappo_best.pt,MAPPO,13,L,"May 2026, pre-781c90c reward",7,-600.2622705226534,569.4813261226533,27.0,0.5309444000000001,3.25,193.35558628193968,193.2228501819397,0.0009910802775024777,0.0,0.0009910802775024777,0.0009910802775024777,0.10703666997026759,28,2.66402378592666,1,1.4152122961877123,1.4152122961877123,1.0,0.18
main,v040,LOSO-nes-f4,secondary,LOSO,nested,4,B,MAPPO|mappo_seed13_20260516T092252/mappo_best.pt,MAPPO,13,L,"May 2026, pre-781c90c reward",8,-369.73566197320065,365.7693405732006,0.0,0.3413214,3.625,204.01971803518526,203.93438768518527,0.0,0.0,0.0,0.0,0.02180376610505451,18,1.7125867195242817,0,0.0,0.0,0.0,0.18
main,v040,LOSO-nes-f4,secondary,LOSO,nested,4,B,MAPPO|mappo_seed13_20260516T092252/mappo_best.pt,MAPPO,13,L,"May 2026, pre-781c90c reward",9,-458.8853924584648,80.88539245846486,378.0,0.0,0.0,207.31099557366122,207.31099557366122,0.013875123885034688,0.013875123885034688,0.0,0.013875123885034688,0.0,0,0.0,14,15.378689542088106,64.86442239359408,1.0,0.18
main,v040,LOSO-nes-f4,secondary,LOSO,nested,4,B,MAPPO|mappo_seed42_20260516T081859/mappo_best.pt,MAPPO,42,L,"May 2026, pre-781c90c reward",all,-4801.560582109207,4232.201987309207,513.0,5.2335948,51.125,1963.9645687466127,1962.6561700466125,0.0018830525272547076,0.0014866204162537165,0.00039643211100099106,0.0018830525272547076,0.07908820614469772,276,2.625966303270565,19,11.72668003979669,64.86442239359408,1.0,0.18
main,v040,LOSO-nes-f4,secondary,LOSO,nested,4,B,MAPPO|mappo_seed42_20260516T081859/mappo_best.pt,MAPPO,42,L,"May 2026, pre-781c90c reward",0,-817.9600115204519,807.0231227204519,0.0,1.0618888000000002,9.875,178.3931508012194,178.1276786012194,0.0,0.0,0.0,0.0,0.21010901883052527,56,5.32804757185332,0,0.0,0.0,0.0,0.18
main,v040,LOSO-nes-f4,secondary,LOSO,nested,4,B,MAPPO|mappo_seed42_20260516T081859/mappo_best.pt,MAPPO,42,L,"May 2026, pre-781c90c reward",1,-495.7050794237914,458.3328136237915,27.0,0.8722658000000001,9.5,191.65744627082023,191.43937982082022,0.0009910802775024777,0.0,0.0009910802775024777,0.0009910802775024777,0.11298315163528246,46,4.376610505450942,1,1.4152122961877123,1.4152122961877123,1.0,0.18
main,v040,LOSO-nes-f4,secondary,LOSO,nested,4,B,MAPPO|mappo_seed42_20260516T081859/mappo_best.pt,MAPPO,42,L,"May 2026, pre-781c90c reward",2,-282.4265879479151,281.3507387479151,0.0,0.0758492,1.0,206.58821033433387,206.56924803433387,0.0,0.0,0.0,0.0,0.0019821605550049554,4,0.3805748265609515,0,0.0,0.0,0.0,0.18
main,v040,LOSO-nes-f4,secondary,LOSO,nested,4,B,MAPPO|mappo_seed42_20260516T081859/mappo_best.pt,MAPPO,42,L,"May 2026, pre-781c90c reward",3,-164.66458906754454,137.66458906754454,27.0,0.0,0.0,207.02094994347823,207.02094994347823,0.0009910802775024777,0.0009910802775024777,0.0,0.0009910802775024777,0.0,0,0.0,1,1.8444179821527968,1.8444179821527968,1.0,0.18
main,v040,LOSO-nes-f4,secondary,LOSO,nested,4,B,MAPPO|mappo_seed42_20260516T081859/mappo_best.pt,MAPPO,42,L,"May 2026, pre-781c90c reward",4,-607.1421110108938,545.6336190108938,54.0,0.7584919999999999,6.75,186.50701288336722,186.31738988336724,0.0019821605550049554,0.0,0.0019821605550049554,0.0019821605550049554,0.14568880079286423,40,3.8057482656095147,2,1.4152122961877123,1.4152122961877123,1.0,0.18
main,v040,LOSO-nes-f4,secondary,LOSO,nested,4,B,MAPPO|mappo_seed42_20260516T081859/mappo_best.pt,MAPPO,42,L,"May 2026, pre-781c90c reward",5,-366.0488680213117,362.91962202131174,0.0,0.379246,2.75,200.57267698289155,200.47786548289153,0.0,0.0,0.0,0.0,0.05054509415262636,20,1.9028741328047574,0,0.0,0.0,0.0,0.18
main,v040,LOSO-nes-f4,secondary,LOSO,nested,4,B,MAPPO|mappo_seed42_20260516T081859/mappo_best.pt,MAPPO,42,L,"May 2026, pre-781c90c reward",6,-672.115442595279,632.5156291952791,27.0,1.0998134,11.5,189.50025339309786,189.22530004309786,0.0009910802775024777,0.0,0.0009910802775024777,0.0009910802775024777,0.13082259663032705,58,5.518334985133796,1,1.4152122961877123,1.4152122961877123,1.0,0.18
main,v040,LOSO-nes-f4,secondary,LOSO,nested,4,B,MAPPO|mappo_seed42_20260516T081859/mappo_best.pt,MAPPO,42,L,"May 2026, pre-781c90c reward",7,-569.9528118225255,565.2589428225256,0.0,0.5688690000000001,4.125,192.84756903696365,192.70535178696363,0.0,0.0,0.0,0.0,0.11298315163528246,30,2.8543111992071357,0,0.0,0.0,0.0,0.18
main,v040,LOSO-nes-f4,secondary,LOSO,nested,4,B,MAPPO|mappo_seed42_20260516T081859/mappo_best.pt,MAPPO,42,L,"May 2026, pre-781c90c reward",8,-366.6596882410287,360.6175176410287,0.0,0.41717060000000006,5.625,203.5663035267794,203.4620108767794,0.0,0.0,0.0,0.0,0.02576808721506442,22,2.093161546085233,0,0.0,0.0,0.0,0.18
main,v040,LOSO-nes-f4,secondary,LOSO,nested,4,B,MAPPO|mappo_seed42_20260516T081859/mappo_best.pt,MAPPO,42,L,"May 2026, pre-781c90c reward",9,-458.8853924584648,80.88539245846486,378.0,0.0,0.0,207.31099557366122,207.31099557366122,0.013875123885034688,0.013875123885034688,0.0,0.013875123885034688,0.0,0,0.0,14,15.378689542088106,64.86442239359408,1.0,0.18
main,v040,LOSO-nes-f4,secondary,LOSO,nested,4,B,MAPPO|mappo_seed42_20260517T003433/mappo_best.pt,MAPPO,42,L,"May 2026, pre-781c90c reward",all,-4794.681950382852,4291.543922982852,459.0,4.5130274,39.625,1970.8034163983614,1969.6751595483613,0.0016848364717542122,0.0014866204162537165,0.00019821605550049553,0.0016848364717542122,0.07195242814667988,238,2.264420218037661,17,12.939793891985984,64.86442239359408,1.0,0.18
main,v040,LOSO-nes-f4,secondary,LOSO,nested,4,B,MAPPO|mappo_seed42_20260517T003433/mappo_best.pt,MAPPO,42,L,"May 2026, pre-781c90c reward",0,-831.2424255433136,822.8322351433135,0.0,0.9101904000000001,7.5,180.3274630293275,180.0999154293275,0.0,0.0,0.0,0.0,0.18929633300297324,48,4.566897918731417,0,0.0,0.0,0.0,0.18
main,v040,LOSO-nes-f4,secondary,LOSO,nested,4,B,MAPPO|mappo_seed42_20260517T003433/mappo_best.pt,MAPPO,42,L,"May 2026, pre-781c90c reward",1,-505.5288354276664,470.6453434276665,27.0,0.7584919999999999,7.125,193.07037142334357,192.88074842334356,0.0009910802775024777,0.0,0.0009910802775024777,0.0009910802775024777,0.0981169474727453,40,3.8057482656095147,1,1.4152122961877123,1.4152122961877123,1.0,0.18
main,v040,LOSO-nes-f4,secondary,LOSO,nested,4,B,MAPPO|mappo_seed42_20260517T003433/mappo_best.pt,MAPPO,42,L,"May 2026, pre-781c90c reward",2,-283.36599657153846,282.82807197153846,0.0,0.0379246,0.5,206.69469167045875,206.68521052045875,0.0,0.0,0.0,0.0,0.0009910802775024777,2,0.19028741328047574,0,0.0,0.0,0.0,0.18
main,v040,LOSO-nes-f4,secondary,LOSO,nested,4,B,MAPPO|mappo_seed42_20260517T003433/mappo_best.pt,MAPPO,42,L,"May 2026, pre-781c90c reward",3,-164.66458906754454,137.66458906754454,27.0,0.0,0.0,207.02094994347823,207.02094994347823,0.0009910802775024777,0.0009910802775024777,0.0,0.0009910802775024777,0.0,0,0.0,1,1.8444179821527968,1.8444179821527968,1.0,0.18
main,v040,LOSO-nes-f4,secondary,LOSO,nested,4,B,MAPPO|mappo_seed42_20260517T003433/mappo_best.pt,MAPPO,42,L,"May 2026, pre-781c90c reward",4,-583.043253239043,550.773535039043,27.0,0.6447182,4.625,186.93212552069048,186.77094597069046,0.0009910802775024777,0.0,0.0009910802775024777,0.0009910802775024777,0.14172447968285432,34,3.2348860257680876,1,1.4152122961877123,1.4152122961877123,1.0,0.18
main,v040,LOSO-nes-f4,secondary,LOSO,nested,4,B,MAPPO|mappo_seed42_20260517T003433/mappo_best.pt,MAPPO,42,L,"May 2026, pre-781c90c reward",5,-368.19144059092787,368.0018175909279,0.0,0.189623,0.0,201.141806624815,201.094400874815,0.0,0.0,0.0,0.0,0.044598612487611496,10,0.9514370664023787,0,0.0,0.0,0.0,0.18
main,v040,LOSO-nes-f4,secondary,LOSO,nested,4,B,MAPPO|mappo_seed42_20260517T003433/mappo_best.pt,MAPPO,42,L,"May 2026, pre-781c90c reward",6,-653.6221220391511,640.6852332391512,0.0,1.0618888,11.875,190.5835263603334,190.31805416033342,0.0,0.0,0.0,0.0,0.11892963330029732,56,5.32804757185332,0,0.0,0.0,0.0,0.18
main,v040,LOSO-nes-f4,secondary,LOSO,nested,4,B,MAPPO|mappo_seed42_20260517T003433/mappo_best.pt,MAPPO,42,L,"May 2026, pre-781c90c reward",7,-571.7163207183563,567.5224517183563,0.0,0.5688690000000001,3.625,193.18737759443528,193.0451603444353,0.0,0.0,0.0,0.0,0.10901883052527254,30,2.8543111992071357,0,0.0,0.0,0.0,0.18
main,v040,LOSO-nes-f4,secondary,LOSO,nested,4,B,MAPPO|mappo_seed42_20260517T003433/mappo_best.pt,MAPPO,42,L,"May 2026, pre-781c90c reward",8,-374.4215747268461,369.7052533268461,0.0,0.3413214,4.375,204.53410865781774,204.44877830781775,0.0,0.0,0.0,0.0,0.01684836471754212,18,1.7125867195242817,0,0.0,0.0,0.0,0.18
main,v040,LOSO-nes-f4,secondary,LOSO,nested,4,B,MAPPO|mappo_seed42_20260517T003433/mappo_best.pt,MAPPO,42,L,"May 2026, pre-781c90c reward",9,-458.8853924584648,80.88539245846486,378.0,0.0,0.0,207.31099557366122,207.31099557366122,0.013875123885034688,0.013875123885034688,0.0,0.013875123885034688,0.0,0,0.0,14,15.378689542088106,64.86442239359408,1.0,0.18
main,v040,LOSO-nes-f4,secondary,LOSO,nested,4,B,MAPPO|mappo_seed42_20260526T143428/mappo_best.pt,MAPPO,42,L,"May 2026, pre-781c90c reward",all,-4847.836200958478,4232.792229158478,567.0,5.0439718,43.0,1962.753638007723,1961.4926450577234,0.0020812685827552033,0.0014866204162537165,0.0005946481665014867,0.0020812685827552033,0.08116947472745292,266,2.5308225966303275,21,10.744635492786312,64.86442239359408,1.0,0.18
main,v040,LOSO-nes-f4,secondary,LOSO,nested,4,B,MAPPO|mappo_seed42_20260526T143428/mappo_best.pt,MAPPO,42,L,"May 2026, pre-781c90c reward",0,-846.9873695854583,810.0125561854584,27.0,1.0998134,8.875,178.2844654608295,178.00951211082952,0.0009910802775024777,0.0,0.0009910802775024777,0.0009910802775024777,0.2130822596630327,58,5.518334985133796,1,1.4152122961877123,1.4152122961877123,1.0,0.18
main,v040,LOSO-nes-f4,secondary,LOSO,nested,4,B,MAPPO|mappo_seed42_20260526T143428/mappo_best.pt,MAPPO,42,L,"May 2026, pre-781c90c reward",1,-494.8827635669537,460.33634696695367,27.0,0.7964166000000001,6.75,191.72148428923566,191.52238013923568,0.0009910802775024777,0.0,0.0009910802775024777,0.0009910802775024777,0.1159563924677899,42,3.9960356788899905,1,1.4152122961877123,1.4152122961877123,1.0,0.18
main,v040,LOSO-nes-f4,secondary,LOSO,nested,4,B,MAPPO|mappo_seed42_20260526T143428/mappo_best.pt,MAPPO,42,L,"May 2026, pre-781c90c reward",2,-282.4265879479151,281.3507387479151,0.0,0.0758492,1.0,206.58821033433387,206.56924803433387,0.0,0.0,0.0,0.0,0.0019821605550049554,4,0.3805748265609515,0,0.0,0.0,0.0,0.18
main,v040,LOSO-nes-f4,secondary,LOSO,nested,4,B,MAPPO|mappo_seed42_20260526T143428/mappo_best.pt,MAPPO,42,L,"May 2026, pre-781c90c reward",3,-164.66458906754454,137.66458906754454,27.0,0.0,0.0,207.02094994347823,207.02094994347823,0.0009910802775024777,0.0009910802775024777,0.0,0.0009910802775024777,0.0,0,0.0,1,1.8444179821527968,1.8444179821527968,1.0,0.18
main,v040,LOSO-nes-f4,secondary,LOSO,nested,4,B,MAPPO|mappo_seed42_20260526T143428/mappo_best.pt,MAPPO,42,L,"May 2026, pre-781c90c reward",4,-629.9179147244951,542.072347324495,81.0,0.7205674,6.125,185.9191078511586,185.7389660011586,0.002973240832507433,0.0,0.002973240832507433,0.002973240832507433,0.15262636273538158,38,3.615460852329039,3,1.4152122961877123,1.4152122961877123,1.0,0.18
main,v040,LOSO-nes-f4,secondary,LOSO,nested,4,B,MAPPO|mappo_seed42_20260526T143428/mappo_best.pt,MAPPO,42,L,"May 2026, pre-781c90c reward",5,-363.32628941572636,359.82204341572634,0.0,0.3792460000000001,3.125,200.226474732608,200.131663232608,0.0,0.0,0.0,0.0,0.053518334985133795,20,1.9028741328047574,0,0.0,0.0,0.0,0.18
main,v040,LOSO-nes-f4,secondary,LOSO,nested,4,B,MAPPO|mappo_seed42_20260526T143428/mappo_best.pt,MAPPO,42,L,"May 2026, pre-781c90c reward",6,-644.4661322473876,635.1050926473877,0.0,0.9860396,8.375,189.51677990708606,189.27027000708603,0.0,0.0,0.0,0.0,0.13280475718533202,52,4.947472745292369,0,0.0,0.0,0.0,0.18
main,v040,LOSO-nes-f4,secondary,LOSO,nested,4,B,MAPPO|mappo_seed42_20260526T143428/mappo_best.pt,MAPPO,42,L,"May 2026, pre-781c90c reward",7,-596.6274799399173,564.6836109399173,27.0,0.5688690000000001,4.375,192.72845347538947,192.58623622538948,0.0009910802775024777,0.0,0.0009910802775024777,0.0009910802775024777,0.11397423191278494,30,2.8543111992071357,1,1.4152122961877123,1.4152122961877123,1.0,0.18
main,v040,LOSO-nes-f4,secondary,LOSO,nested,4,B,MAPPO|mappo_seed42_20260526T143428/mappo_best.pt,MAPPO,42,L,"May 2026, pre-781c90c reward",8,-365.6516820046151,360.8595114046151,0.0,0.4171706,4.375,203.43671643994267,203.33242378994265,0.0,0.0,0.0,0.0,0.027750247770069375,22,2.093161546085233,0,0.0,0.0,0.0,0.18
main,v040,LOSO-nes-f4,secondary,LOSO,nested,4,B,MAPPO|mappo_seed42_20260526T143428/mappo_best.pt,MAPPO,42,L,"May 2026, pre-781c90c reward",9,-458.8853924584648,80.88539245846486,378.0,0.0,0.0,207.31099557366122,207.31099557366122,0.013875123885034688,0.013875123885034688,0.0,0.013875123885034688,0.0,0,0.0,14,15.378689542088106,64.86442239359408,1.0,0.18
main,v040,LOSO-nes-f4,secondary,LOSO,nested,4,B,MAPPO|mappo_seed99_20260516T092254/mappo_best.pt,MAPPO,99,L,"May 2026, pre-781c90c reward",all,-4847.509321258798,4243.907706658798,540.0,5.7266146,57.875,1967.0340086315375,1965.6023549815377,0.002180376610505451,0.0014866204162537165,0.0006937561942517344,0.0019821605550049554,0.07700693756194252,302,2.8733399405351836,20,18058.997598028793,163681.18370932463,1.0,0.18
main,v040,LOSO-nes-f4,secondary,LOSO,nested,4,B,MAPPO|mappo_seed99_20260516T092254/mappo_best.pt,MAPPO,99,L,"May 2026, pre-781c90c reward",0,-818.1598461365937,805.6091835365937,0.0,1.1756626,11.375,178.36968949177182,178.07577384177182,0.0,0.0,0.0,0.0,0.20812685827552033,62,5.898909811694748,0,0.0,0.0,0.0,0.18
main,v040,LOSO-nes-f4,secondary,LOSO,nested,4,B,MAPPO|mappo_seed99_20260516T092254/mappo_best.pt,MAPPO,99,L,"May 2026, pre-781c90c reward",1,-500.18166678624306,463.3094009862431,27.0,0.8722658000000001,9.0,192.26240768020574,192.04434123020576,0.0009910802775024777,0.0,0.0009910802775024777,0.0009910802775024777,0.10604558969276512,46,4.376610505450942,1,1.4152122961877123,1.4152122961877123,1.0,0.18
main,v040,LOSO-nes-f4,secondary,LOSO,nested,4,B,MAPPO|mappo_seed99_20260516T092254/mappo_best.pt,MAPPO,99,L,"May 2026, pre-781c90c reward",2,-281.46656120833984,278.77693820833986,0.0,0.189623,2.5,206.33169963699586,206.28429388699587,0.0009910802775024777,0.0,0.0,0.0,0.004955401387512388,10,0.9514370664023787,0,0.0,0.0,0.0,0.18
main,v040,LOSO-nes-f4,secondary,LOSO,nested,4,B,MAPPO|mappo_seed99_20260516T092254/mappo_best.pt,MAPPO,99,L,"May 2026, pre-781c90c reward",3,-164.66458906754454,137.66458906754454,27.0,0.0,0.0,207.02094994347823,207.02094994347823,0.0009910802775024777,0.0009910802775024777,0.0,0.0009910802775024777,0.0,0,0.0,1,1.8444179821527968,1.8444179821527968,1.0,0.18
main,v040,LOSO-nes-f4,secondary,LOSO,nested,4,B,MAPPO|mappo_seed99_20260516T092254/mappo_best.pt,MAPPO,99,L,"May 2026, pre-781c90c reward",4,-610.7629194989014,547.5535782989015,54.0,0.8343412,8.375,186.80988112870034,186.60129582870036,0.0019821605550049554,0.0,0.0019821605550049554,0.0019821605550049554,0.14172447968285432,44,4.186323092170466,2,1.4152122961877123,1.4152122961877123,1.0,0.18
main,v040,LOSO-nes-f4,secondary,LOSO,nested,4,B,MAPPO|mappo_seed99_20260516T092254/mappo_best.pt,MAPPO,99,L,"May 2026, pre-781c90c reward",5,-363.3620376479291,361.02071624792916,0.0,0.3413214,2.0,200.40295143664991,200.3176210866499,0.0,0.0,0.0,0.0,0.05153617443012884,18,1.7125867195242817,0,0.0,0.0,0.0,0.18
main,v040,LOSO-nes-f4,secondary,LOSO,nested,4,B,MAPPO|mappo_seed99_20260516T092254/mappo_best.pt,MAPPO,99,L,"May 2026, pre-781c90c reward",6,-679.6556728282878,638.3550102282878,27.0,1.1756626,13.125,190.29451208951625,190.00059643951627,0.0009910802775024777,0.0,0.0009910802775024777,0.0009910802775024777,0.12190287413280476,62,5.898909811694748,1,124.00519261119555,124.00519261119555,1.0,0.18
main,v040,LOSO-nes-f4,secondary,LOSO,nested,4,B,MAPPO|mappo_seed99_20260516T092254/mappo_best.pt,MAPPO,99,L,"May 2026, pre-781c90c reward",7,-573.3911113210227,567.4963931210225,0.0,0.6447182,5.25,193.15084112142188,192.9896615714219,0.0009910802775024777,0.0,0.0,0.0,0.10901883052527254,34,3.2348860257680876,0,0.0,0.0,0.0,0.18
main,v040,LOSO-nes-f4,secondary,LOSO,nested,4,B,MAPPO|mappo_seed99_20260516T092254/mappo_best.pt,MAPPO,99,L,"May 2026, pre-781c90c reward",8,-369.45186672300156,363.1217715230016,0.0,0.45509520000000003,5.875,203.72416317302674,203.61038937302675,0.0,0.0,0.0,0.0,0.024777006937561942,24,2.2834489593657086,0,0.0,0.0,0.0,0.18
main,v040,LOSO-nes-f4,secondary,LOSO,nested,4,B,MAPPO|mappo_seed99_20260516T092254/mappo_best.pt,MAPPO,99,L,"May 2026, pre-781c90c reward",9,-486.41305004093385,81.00012544093386,405.0,0.0379246,0.375,208.66691292977083,208.65743177977083,0.014866204162537165,0.013875123885034688,0.002973240832507433,0.014866204162537165,0.0019821605550049554,2,0.19028741328047574,15,24069.990447539596,163681.18370932463,1.0,0.18
main,v040,LOSO-nes-f4,secondary,LOSO,nested,4,B,Centralized PPO|central_nr_seed1/ppo_multi_site.zip,Centralized PPO,1,L,"June 2026, current reward",all,-17147.754122286282,5468.963976840288,11625.520096645996,4.0200488000000005,49.25,2260.864975533035,2259.859963333035,0.056293359762140734,0.018533201189296335,0.04331020812685828,0.04479682854311199,0.24380574826560952,210,1.9980178394449952,555,64.92031808825512,2476.0047254536053,0.7964357490822096,0.18
main,v040,LOSO-nes-f4,secondary,LOSO,nested,4,B,Centralized PPO|central_nr_seed1/ppo_multi_site.zip,Centralized PPO,1,L,"June 2026, current reward",0,-3486.966431120929,807.1576917803623,2671.436452940567,0.8722863999999999,7.5,208.7758163296046,208.5577447296046,0.11397423191278494,0.01288404360753221,0.10604558969276512,0.10604558969276512,0.8800792864222002,46,4.376610505450942,114,32.30479194037698,1526.3012116676841,0.8805283044679724,0.18
main,v040,LOSO-nes-f4,secondary,LOSO,nested,4,B,Centralized PPO|central_nr_seed1/ppo_multi_site.zip,Centralized PPO,1,L,"June 2026, current reward",1,-923.6477400750114,869.1098154750114,54.0,0.0379246,0.5,207.01792150392168,207.00844035392169,0.0019821605550049554,0.0,0.0019821605550049554,0.0019821605550049554,0.0009910802775024777,1,0.09514370664023787,2,1.4152122961877123,1.4152122961877123,1.0,0.18
main,v040,LOSO-nes-f4,secondary,LOSO,nested,4,B,Centralized PPO|central_nr_seed1/ppo_multi_site.zip,Centralized PPO,1,L,"June 2026, current reward",2,-284.9985711009401,284.9985711009401,0.0,0.0,0.0,206.8379829505226,206.8379829505226,0.0,0.0,0.0,0.0,0.0,0,0.0,0,0.0,0.0,0.0,0.18
main,v040,LOSO-nes-f4,secondary,LOSO,nested,4,B,Centralized PPO|central_nr_seed1/ppo_multi_site.zip,Centralized PPO,1,L,"June 2026, current reward",3,-164.66458906754454,137.66458906754454,27.0,0.0,0.0,207.02094994347823,207.02094994347823,0.0009910802775024777,0.0009910802775024777,0.0,0.0009910802775024777,0.0,0,0.0,1,1.8444179821527968,1.8444179821527968,1.0,0.18
main,v040,LOSO-nes-f4,secondary,LOSO,nested,4,B,Centralized PPO|central_nr_seed1/ppo_multi_site.zip,Centralized PPO,1,L,"June 2026, current reward",4,-955.712356119679,955.712356119679,0.0,0.0,0.0,206.73881438421557,206.73881438421557,0.0,0.0,0.0,0.0,0.0,0,0.0,0,0.0,0.0,0.0,0.18
main,v040,LOSO-nes-f4,secondary,LOSO,nested,4,B,Centralized PPO|central_nr_seed1/ppo_multi_site.zip,Centralized PPO,1,L,"June 2026, current reward",5,-442.9301582857329,442.9301582857329,0.0,0.0,0.0,206.79841693682397,206.79841693682397,0.0,0.0,0.0,0.0,0.0,0,0.0,0,0.0,0.0,0.0,0.18
main,v040,LOSO-nes-f4,secondary,LOSO,nested,4,B,Centralized PPO|central_nr_seed1/ppo_multi_site.zip,Centralized PPO,1,L,"June 2026, current reward",6,-3299.371260751354,666.9577114805486,2605.4035454708055,2.0100038,25.0,232.46814083465733,231.96563988465732,0.12190287413280476,0.028741328047571853,0.10009910802775025,0.10009910802775025,0.5946481665014867,105,9.990089197224975,114,127.81484725261295,1526.3012116676841,0.8607117521601637,0.18
main,v040,LOSO-nes-f4,secondary,LOSO,nested,4,B,Centralized PPO|central_nr_seed1/ppo_multi_site.zip,Centralized PPO,1,L,"June 2026, current reward",7,-6728.9716989266935,821.9417666920705,5889.680098234623,1.099834,16.25,371.09800233366514,370.8230438336651,0.31020812685827553,0.1288404360753221,0.22497522299306244,0.22497522299306244,0.9623389494549058,58,5.518334985133796,310,56.6360037897322,2476.0047254536053,0.7307112073710283,0.18
main,v040,LOSO-nes-f4,secondary,LOSO,nested,4,B,Centralized PPO|central_nr_seed1/ppo_multi_site.zip,Centralized PPO,1,L,"June 2026, current reward",8,-401.6059243799335,401.6059243799335,0.0,0.0,0.0,206.7979347424846,206.7979347424846,0.0,0.0,0.0,0.0,0.0,0,0.0,0,0.0,0.0,0.0,0.18
main,v040,LOSO-nes-f4,secondary,LOSO,nested,4,B,Centralized PPO|central_nr_seed1/ppo_multi_site.zip,Centralized PPO,1,L,"June 2026, current reward",9,-458.8853924584648,80.88539245846486,378.0,0.0,0.0,207.31099557366122,207.31099557366122,0.013875123885034688,0.013875123885034688,0.0,0.013875123885034688,0.0,0,0.0,14,15.378689542088106,64.86442239359408,1.0,0.18
main,v040,LOSO-nes-f4,secondary,LOSO,nested,4,B,Centralized PPO|central_nr_seed7/ppo_multi_site.zip,Centralized PPO,7,L,"June 2026, current reward",all,-6782.23249480939,6212.129947209391,567.0,0.2275476,2.875,2071.768387378782,2071.711500478782,0.0020812685827552033,0.0015857284440039642,0.0005946481665014867,0.0020812685827552033,0.0010901883052527254,12,0.11417244796828543,21,16.605569576362807,124.49482805129415,1.0,0.18
main,v040,LOSO-nes-f4,secondary,LOSO,nested,4,B,Centralized PPO|central_nr_seed7/ppo_multi_site.zip,Centralized PPO,7,L,"June 2026, current reward",0,-1321.1918158326116,1321.1918158326116,0.0,0.0,0.0,206.7030696952151,206.7030696952151,0.0,0.0,0.0,0.0,0.0,0,0.0,0,0.0,0.0,0.0,0.18
main,v040,LOSO-nes-f4,secondary,LOSO,nested,4,B,Centralized PPO|central_nr_seed7/ppo_multi_site.zip,Centralized PPO,7,L,"June 2026, current reward",1,-868.5032604739149,868.5032604739149,0.0,0.0,0.0,206.77024294917322,206.77024294917322,0.0,0.0,0.0,0.0,0.0,0,0.0,0,0.0,0.0,0.0,0.18
main,v040,LOSO-nes-f4,secondary,LOSO,nested,4,B,Centralized PPO|central_nr_seed7/ppo_multi_site.zip,Centralized PPO,7,L,"June 2026, current reward",2,-284.9985711009401,284.9985711009401,0.0,0.0,0.0,206.8379829505226,206.8379829505226,0.0,0.0,0.0,0.0,0.0,0,0.0,0,0.0,0.0,0.0,0.18
main,v040,LOSO-nes-f4,secondary,LOSO,nested,4,B,Centralized PPO|central_nr_seed7/ppo_multi_site.zip,Centralized PPO,7,L,"June 2026, current reward",3,-164.66458906754454,137.66458906754454,27.0,0.0,0.0,207.02094994347823,207.02094994347823,0.0009910802775024777,0.0009910802775024777,0.0,0.0009910802775024777,0.0,0,0.0,1,1.8444179821527968,1.8444179821527968,1.0,0.18
main,v040,LOSO-nes-f4,secondary,LOSO,nested,4,B,Centralized PPO|central_nr_seed7/ppo_multi_site.zip,Centralized PPO,7,L,"June 2026, current reward",4,-983.7419128232256,956.2039882232256,27.0,0.0379246,0.5,207.04631141125685,207.03683026125685,0.0009910802775024777,0.0,0.0009910802775024777,0.0009910802775024777,0.0009910802775024777,2,0.19028741328047574,1,1.4152122961877123,1.4152122961877123,1.0,0.18
main,v040,LOSO-nes-f4,secondary,LOSO,nested,4,B,Centralized PPO|central_nr_seed7/ppo_multi_site.zip,Centralized PPO,7,L,"June 2026, current reward",5,-442.9301582857329,442.9301582857329,0.0,0.0,0.0,206.79841693682397,206.79841693682397,0.0,0.0,0.0,0.0,0.0,0,0.0,0,0.0,0.0,0.0,0.18
main,v040,LOSO-nes-f4,secondary,LOSO,nested,4,B,Centralized PPO|central_nr_seed7/ppo_multi_site.zip,Centralized PPO,7,L,"June 2026, current reward",6,-955.8616952857936,955.8616952857936,0.0,0.0,0.0,206.73220836211908,206.73220836211908,0.0,0.0,0.0,0.0,0.0,0,0.0,0,0.0,0.0,0.0,0.18
main,v040,LOSO-nes-f4,secondary,LOSO,nested,4,B,Centralized PPO|central_nr_seed7/ppo_multi_site.zip,Centralized PPO,7,L,"June 2026, current reward",7,-899.8491751012288,762.2845521012288,135.0,0.189623,2.375,209.7502748140467,209.7028690640467,0.004955401387512388,0.0009910802775024777,0.004955401387512388,0.004955401387512388,0.009910802775024777,10,0.9514370664023787,5,26.031135447209003,124.49482805129415,1.0,0.18
main,v040,LOSO-nes-f4,secondary,LOSO,nested,4,B,Centralized PPO|central_nr_seed7/ppo_multi_site.zip,Centralized PPO,7,L,"June 2026, current reward",8,-401.6059243799335,401.6059243799335,0.0,0.0,0.0,206.7979347424846,206.7979347424846,0.0,0.0,0.0,0.0,0.0,0,0.0,0,0.0,0.0,0.0,0.18
main,v040,LOSO-nes-f4,secondary,LOSO,nested,4,B,Centralized PPO|central_nr_seed7/ppo_multi_site.zip,Centralized PPO,7,L,"June 2026, current reward",9,-458.8853924584648,80.88539245846486,378.0,0.0,0.0,207.31099557366122,207.31099557366122,0.013875123885034688,0.013875123885034688,0.0,0.013875123885034688,0.0,0,0.0,14,15.378689542088106,64.86442239359408,1.0,0.18
main,v040,LOSO-nes-f4,secondary,LOSO,nested,4,B,Centralized PPO|central_nr_seed13/ppo_multi_site.zip,Centralized PPO,13,L,"June 2026, current reward",all,-6879.2728836950755,5694.714586812905,1176.7309358821701,1.3273609999999998,6.5,2054.46270684758,2054.1308665975803,0.005054509415262636,0.00178394449950446,0.003072348860257681,0.0045589692765113975,0.03201189296333003,69,0.6564915758176413,48,10.47480421107011,124.00519261119555,0.9167715523665662,0.18
main,v040,LOSO-nes-f4,secondary,LOSO,nested,4,B,Centralized PPO|central_nr_seed13/ppo_multi_site.zip,Centralized PPO,13,L,"June 2026, current reward",0,-1321.1918158326116,1321.1918158326116,0.0,0.0,0.0,206.7030696952151,206.7030696952151,0.0,0.0,0.0,0.0,0.0,0,0.0,0,0.0,0.0,0.0,0.18
main,v040,LOSO-nes-f4,secondary,LOSO,nested,4,B,Centralized PPO|central_nr_seed13/ppo_multi_site.zip,Centralized PPO,13,L,"June 2026, current reward",1,-904.3460487162904,485.8278137281769,415.4872905881134,0.5309444000000001,2.5,196.8323260251375,196.69958992513747,0.017839444995044598,0.0,0.01684836471754212,0.01684836471754212,0.17641228939544104,27,2.5688800792864224,17,8.482431307874869,123.83878373430767,0.9146809619374772,0.18
main,v040,LOSO-nes-f4,secondary,LOSO,nested,4,B,Centralized PPO|central_nr_seed13/ppo_multi_site.zip,Centralized PPO,13,L,"June 2026, current reward",2,-284.9985711009401,284.9985711009401,0.0,0.0,0.0,206.8379829505226,206.8379829505226,0.0,0.0,0.0,0.0,0.0,0,0.0,0,0.0,0.0,0.0,0.18
main,v040,LOSO-nes-f4,secondary,LOSO,nested,4,B,Centralized PPO|central_nr_seed13/ppo_multi_site.zip,Centralized PPO,13,L,"June 2026, current reward",3,-164.66458906754454,137.66458906754454,27.0,0.0,0.0,207.02094994347823,207.02094994347823,0.0009910802775024777,0.0009910802775024777,0.0,0.0009910802775024777,0.0,0,0.0,1,1.8444179821527968,1.8444179821527968,1.0,0.18
main,v040,LOSO-nes-f4,secondary,LOSO,nested,4,B,Centralized PPO|central_nr_seed13/ppo_multi_site.zip,Centralized PPO,13,L,"June 2026, current reward",4,-1102.818729317072,960.3096118230155,140.24364529405668,0.26547220000000005,2.0,209.41365151712378,209.34728346712376,0.006937561942517344,0.0,0.005946481665014866,0.005946481665014866,0.019821605550049554,14,1.33201189296333,6,1.2251416095678527,1.4152122961877123,0.8791313627447593,0.18
main,v040,LOSO-nes-f4,secondary,LOSO,nested,4,B,Centralized PPO|central_nr_seed13/ppo_multi_site.zip,Centralized PPO,13,L,"June 2026, current reward",5,-442.9301582857329,442.9301582857329,0.0,0.0,0.0,206.79841693682397,206.79841693682397,0.0,0.0,0.0,0.0,0.0,0,0.0,0,0.0,0.0,0.0,0.18
main,v040,LOSO-nes-f4,secondary,LOSO,nested,4,B,Centralized PPO|central_nr_seed13/ppo_multi_site.zip,Centralized PPO,13,L,"June 2026, current reward",6,-984.0081163486253,956.4701917486253,27.0,0.0379246,0.5,207.35792195661185,207.34844080661185,0.0019821605550049554,0.0009910802775024777,0.0009910802775024777,0.0009910802775024777,0.0009910802775024777,2,0.19028741328047574,1,124.00519261119555,124.00519261119555,1.0,0.18
main,v040,LOSO-nes-f4,secondary,LOSO,nested,4,B,Centralized PPO|central_nr_seed13/ppo_multi_site.zip,Centralized PPO,13,L,"June 2026, current reward",7,-813.8235381878598,622.8305183878597,189.0,0.4930198,1.5,199.38945750652135,199.26620255652136,0.008919722497522299,0.0019821605550049554,0.006937561942517344,0.006937561942517344,0.12289395441030723,26,2.4737363726461843,9,1.1207951175003883,1.4152122961877123,0.7978522204655011,0.18
main,v040,LOSO-nes-f4,secondary,LOSO,nested,4,B,Centralized PPO|central_nr_seed13/ppo_multi_site.zip,Centralized PPO,13,L,"June 2026, current reward",8,-401.6059243799335,401.6059243799335,0.0,0.0,0.0,206.7979347424846,206.7979347424846,0.0,0.0,0.0,0.0,0.0,0,0.0,0,0.0,0.0,0.0,0.18
main,v040,LOSO-nes-f4,secondary,LOSO,nested,4,B,Centralized PPO|central_nr_seed13/ppo_multi_site.zip,Centralized PPO,13,L,"June 2026, current reward",9,-458.8853924584648,80.88539245846486,378.0,0.0,0.0,207.31099557366122,207.31099557366122,0.013875123885034688,0.013875123885034688,0.0,0.013875123885034688,0.0,0,0.0,14,15.378689542088106,64.86442239359408,1.0,0.18
main,v040,LOSO-nes-f4,secondary,LOSO,nested,4,B,Centralized PPO|central_nr_seed42/ppo_multi_site.zip,Centralized PPO,42,L,"June 2026, current reward",all,-9707.379889147353,5729.4561250186725,3977.9237435286805,2.06e-05,0.0,2089.0817279926123,2089.081722842612,0.01635282457879088,0.002973240832507433,0.014073339940535183,0.0155599603567889,0.1,0,0.0,165,24.668569003931484,1526.3012116676841,0.9031523518447315,0.18
main,v040,LOSO-nes-f4,secondary,LOSO,nested,4,B,Centralized PPO|central_nr_seed42/ppo_multi_site.zip,Centralized PPO,42,L,"June 2026, current reward",0,-4416.80761345762,843.8838493289402,3572.9237435286805,2.06e-05,0.0,227.33998404673204,227.33997889673202,0.14866204162537167,0.014866204162537165,0.14073339940535184,0.14073339940535184,1.0,0,0.0,150,25.68778542718206,1526.3012116676841,0.8934675870292047,0.18
main,v040,LOSO-nes-f4,secondary,LOSO,nested,4,B,Centralized PPO|central_nr_seed42/ppo_multi_site.zip,Centralized PPO,42,L,"June 2026, current reward",1,-868.5032604739149,868.5032604739149,0.0,0.0,0.0,206.77024294917322,206.77024294917322,0.0,0.0,0.0,0.0,0.0,0,0.0,0,0.0,0.0,0.0,0.18
main,v040,LOSO-nes-f4,secondary,LOSO,nested,4,B,Centralized PPO|central_nr_seed42/ppo_multi_site.zip,Centralized PPO,42,L,"June 2026, current reward",2,-284.9985711009401,284.9985711009401,0.0,0.0,0.0,206.8379829505226,206.8379829505226,0.0,0.0,0.0,0.0,0.0,0,0.0,0,0.0,0.0,0.0,0.18
main,v040,LOSO-nes-f4,secondary,LOSO,nested,4,B,Centralized PPO|central_nr_seed42/ppo_multi_site.zip,Centralized PPO,42,L,"June 2026, current reward",3,-164.66458906754454,137.66458906754454,27.0,0.0,0.0,207.02094994347823,207.02094994347823,0.0009910802775024777,0.0009910802775024777,0.0,0.0009910802775024777,0.0,0,0.0,1,1.8444179821527968,1.8444179821527968,1.0,0.18
main,v040,LOSO-nes-f4,secondary,LOSO,nested,4,B,Centralized PPO|central_nr_seed42/ppo_multi_site.zip,Centralized PPO,42,L,"June 2026, current reward",4,-955.712356119679,955.712356119679,0.0,0.0,0.0,206.73881438421557,206.73881438421557,0.0,0.0,0.0,0.0,0.0,0,0.0,0,0.0,0.0,0.0,0.18
main,v040,LOSO-nes-f4,secondary,LOSO,nested,4,B,Centralized PPO|central_nr_seed42/ppo_multi_site.zip,Centralized PPO,42,L,"June 2026, current reward",5,-442.9301582857329,442.9301582857329,0.0,0.0,0.0,206.79841693682397,206.79841693682397,0.0,0.0,0.0,0.0,0.0,0,0.0,0,0.0,0.0,0.0,0.18
main,v040,LOSO-nes-f4,secondary,LOSO,nested,4,B,Centralized PPO|central_nr_seed42/ppo_multi_site.zip,Centralized PPO,42,L,"June 2026, current reward",6,-955.8616952857936,955.8616952857936,0.0,0.0,0.0,206.73220836211908,206.73220836211908,0.0,0.0,0.0,0.0,0.0,0,0.0,0,0.0,0.0,0.0,0.18
main,v040,LOSO-nes-f4,secondary,LOSO,nested,4,B,Centralized PPO|central_nr_seed42/ppo_multi_site.zip,Centralized PPO,42,L,"June 2026, current reward",7,-757.4103285177289,757.4103285177289,0.0,0.0,0.0,206.73419810340187,206.73419810340187,0.0,0.0,0.0,0.0,0.0,0,0.0,0,0.0,0.0,0.0,0.18
main,v040,LOSO-nes-f4,secondary,LOSO,nested,4,B,Centralized PPO|central_nr_seed42/ppo_multi_site.zip,Centralized PPO,42,L,"June 2026, current reward",8,-401.6059243799335,401.6059243799335,0.0,0.0,0.0,206.7979347424846,206.7979347424846,0.0,0.0,0.0,0.0,0.0,0,0.0,0,0.0,0.0,0.0,0.18
main,v040,LOSO-nes-f4,secondary,LOSO,nested,4,B,Centralized PPO|central_nr_seed42/ppo_multi_site.zip,Centralized PPO,42,L,"June 2026, current reward",9,-458.8853924584648,80.88539245846486,378.0,0.0,0.0,207.31099557366122,207.31099557366122,0.013875123885034688,0.013875123885034688,0.0,0.013875123885034688,0.0,0,0.0,14,15.378689542088106,64.86442239359408,1.0,0.18
main,v040,LOSO-nes-f4,secondary,LOSO,nested,4,B,Centralized PPO|central_nr_seed23/ppo_multi_site.zip,Centralized PPO,23,L,"Aug 2026, current reward",all,-18196.711650174242,5016.243129351498,13091.679996822746,6.788524,82.0,2247.818418149732,2246.121287149732,0.06045589692765114,0.0199207135777998,0.04905847373637265,0.05054509415262636,0.26769078295341925,354,3.36808721506442,606,135.56238706136912,2476.0047254536053,0.8185833209051505,0.18
main,v040,LOSO-nes-f4,secondary,LOSO,nested,4,B,Centralized PPO|central_nr_seed23/ppo_multi_site.zip,Centralized PPO,23,L,"Aug 2026, current reward",0,-4435.896813433792,831.1751415051115,3572.9237435286805,2.0479284,29.75,220.18873433437182,219.6767522343718,0.14866204162537167,0.010901883052527254,0.14073339940535184,0.14073339940535184,0.9464816650148662,107,10.180376610505451,149,25.859580396545063,1526.3012116676841,0.89885773867306,0.18
main,v040,LOSO-nes-f4,secondary,LOSO,nested,4,B,Centralized PPO|central_nr_seed23/ppo_multi_site.zip,Centralized PPO,23,L,"Aug 2026, current reward",1,-706.2154223256969,594.9724025256968,108.0,0.4930198,2.75,199.61108282362585,199.48782787362586,0.003964321110009911,0.0,0.003964321110009911,0.003964321110009911,0.07433102081268583,25,2.3785926660059467,4,1.4152122961877123,1.4152122961877123,1.0,0.18
main,v040,LOSO-nes-f4,secondary,LOSO,nested,4,B,Centralized PPO|central_nr_seed23/ppo_multi_site.zip,Centralized PPO,23,L,"Aug 2026, current reward",2,-284.9985711009401,284.9985711009401,0.0,0.0,0.0,206.8379829505226,206.8379829505226,0.0,0.0,0.0,0.0,0.0,0,0.0,0,0.0,0.0,0.0,0.18
main,v040,LOSO-nes-f4,secondary,LOSO,nested,4,B,Centralized PPO|central_nr_seed23/ppo_multi_site.zip,Centralized PPO,23,L,"Aug 2026, current reward",3,-164.66458906754454,137.66458906754454,27.0,0.0,0.0,207.02094994347823,207.02094994347823,0.0009910802775024777,0.0009910802775024777,0.0,0.0009910802775024777,0.0,0,0.0,1,1.8444179821527968,1.8444179821527968,1.0,0.18
main,v040,LOSO-nes-f4,secondary,LOSO,nested,4,B,Centralized PPO|central_nr_seed23/ppo_multi_site.zip,Centralized PPO,23,L,"Aug 2026, current reward",4,-834.4030207815163,602.6782073815164,216.0,1.0998134,14.625,193.43423700080393,193.15928365080393,0.009910802775024777,0.0019821605550049554,0.007928642220019821,0.007928642220019821,0.17542120911793854,57,5.423191278493558,10,1.1502368353691208,1.4152122961877123,0.818066998418951,0.18
main,v040,LOSO-nes-f4,secondary,LOSO,nested,4,B,Centralized PPO|central_nr_seed23/ppo_multi_site.zip,Centralized PPO,23,L,"Aug 2026, current reward",5,-923.9255706526803,371.73318486456697,550.4872905881134,0.45509520000000003,1.25,209.847301852073,209.73352805207304,0.024777006937561942,0.0019821605550049554,0.02180376610505451,0.02180376610505451,0.15857284440039643,23,2.188305252725471,23,62.97051865817979,1420.7929841655364,0.897387449783994,0.18
main,v040,LOSO-nes-f4,secondary,LOSO,nested,4,B,Centralized PPO|central_nr_seed23/ppo_multi_site.zip,Centralized PPO,23,L,"Aug 2026, current reward",6,-6943.278330304493,1098.6481037628828,5831.807090941611,0.9481356000000001,11.875,363.5510599125869,363.31402601258685,0.29633300297324083,0.15163528245787908,0.22299306243805747,0.22299306243805747,0.8166501486620417,51,4.852329038652131,299,231.76728277922467,2476.0047254536053,0.747753709408246,0.18
main,v040,LOSO-nes-f4,secondary,LOSO,nested,4,B,Centralized PPO|central_nr_seed23/ppo_multi_site.zip,Centralized PPO,23,L,"Aug 2026, current reward",7,-3042.838015669181,611.8816123048407,2407.4618717643402,1.7445316000000002,21.75,233.2181390161241,232.78200611612414,0.10604558969276512,0.017839444995044598,0.0931615460852329,0.0931615460852329,0.5054509415262636,91,8.658077304261646,106,69.02528595158812,2476.0047254536053,0.8559693298485698,0.18
main,v040,LOSO-nes-f4,secondary,LOSO,nested,4,B,Centralized PPO|central_nr_seed23/ppo_multi_site.zip,Centralized PPO,23,L,"Aug 2026, current reward",8,-401.6059243799335,401.6059243799335,0.0,0.0,0.0,206.7979347424846,206.7979347424846,0.0,0.0,0.0,0.0,0.0,0,0.0,0,0.0,0.0,0.0,0.18
main,v040,LOSO-nes-f4,secondary,LOSO,nested,4,B,Centralized PPO|central_nr_seed23/ppo_multi_site.zip,Centralized PPO,23,L,"Aug 2026, current reward",9,-458.8853924584648,80.88539245846486,378.0,0.0,0.0,207.31099557366122,207.31099557366122,0.013875123885034688,0.013875123885034688,0.0,0.013875123885034688,0.0,0,0.0,14,15.378689542088106,64.86442239359408,1.0,0.18
main,v040,LOSO-nes-f4,secondary,LOSO,nested,4,B,Centralized PPO|central_nr_seed64/ppo_multi_site.zip,Centralized PPO,64,L,"Aug 2026, current reward",all,-15496.3295241099,5511.188902370371,9915.57842293953,4.4371988,65.125,2235.336542096876,2234.2272423968766,0.04816650148662042,0.017839444995044598,0.03706640237859267,0.03855302279484638,0.1840436075322101,233,2.216848364717542,479,97.7949283660631,2899.5483855672874,0.7882034030337766,0.18
main,v040,LOSO-nes-f4,secondary,LOSO,nested,4,B,Centralized PPO|central_nr_seed64/ppo_multi_site.zip,Centralized PPO,64,L,"Aug 2026, current reward",0,-4416.80761345762,843.8838493289402,3572.9237435286805,2.06e-05,0.0,227.33998404673204,227.33997889673202,0.14866204162537167,0.014866204162537165,0.14073339940535184,0.14073339940535184,1.0,0,0.0,150,25.68778542718206,1526.3012116676841,0.8934675870292047,0.18
main,v040,LOSO-nes-f4,secondary,LOSO,nested,4,B,Centralized PPO|central_nr_seed64/ppo_multi_site.zip,Centralized PPO,64,L,"Aug 2026, current reward",1,-2333.335546955015,500.99716339067515,1813.4618717643402,1.2515118,17.625,224.8591788219528,224.54630087195278,0.07928642220019821,0.01288404360753221,0.07135777998017839,0.07135777998017839,0.38354806739345887,65,6.184340931615461,79,18.334369355708223,124.49482805129415,0.8643173924490459,0.18
main,v040,LOSO-nes-f4,secondary,LOSO,nested,4,B,Centralized PPO|central_nr_seed64/ppo_multi_site.zip,Centralized PPO,64,L,"Aug 2026, current reward",2,-284.9985711009401,284.9985711009401,0.0,0.0,0.0,206.8379829505226,206.8379829505226,0.0,0.0,0.0,0.0,0.0,0,0.0,0,0.0,0.0,0.0,0.18
main,v040,LOSO-nes-f4,secondary,LOSO,nested,4,B,Centralized PPO|central_nr_seed64/ppo_multi_site.zip,Centralized PPO,64,L,"Aug 2026, current reward",3,-164.66458906754454,137.66458906754454,27.0,0.0,0.0,207.02094994347823,207.02094994347823,0.0009910802775024777,0.0009910802775024777,0.0,0.0009910802775024777,0.0,0,0.0,1,1.8444179821527968,1.8444179821527968,1.0,0.18
main,v040,LOSO-nes-f4,secondary,LOSO,nested,4,B,Centralized PPO|central_nr_seed64/ppo_multi_site.zip,Centralized PPO,64,L,"Aug 2026, current reward",4,-5279.829704601127,1104.9512305546168,4124.19280764651,3.1856664,47.5,334.90469261570007,334.1082760157001,0.23885034687809711,0.13577799801783944,0.15857284440039643,0.15857284440039643,0.4568880079286422,168,15.984142715559962,235,175.85124094721098,2899.5483855672874,0.6819073106183984,0.18
main,v040,LOSO-nes-f4,secondary,LOSO,nested,4,B,Centralized PPO|central_nr_seed64/ppo_multi_site.zip,Centralized PPO,64,L,"Aug 2026, current reward",5,-442.9301582857329,442.9301582857329,0.0,0.0,0.0,206.79841693682397,206.79841693682397,0.0,0.0,0.0,0.0,0.0,0,0.0,0,0.0,0.0,0.0,0.18
main,v040,LOSO-nes-f4,secondary,LOSO,nested,4,B,Centralized PPO|central_nr_seed64/ppo_multi_site.zip,Centralized PPO,64,L,"Aug 2026, current reward",6,-955.8616952857936,955.8616952857936,0.0,0.0,0.0,206.73220836211908,206.73220836211908,0.0,0.0,0.0,0.0,0.0,0,0.0,0,0.0,0.0,0.0,0.18
main,v040,LOSO-nes-f4,secondary,LOSO,nested,4,B,Centralized PPO|central_nr_seed64/ppo_multi_site.zip,Centralized PPO,64,L,"Aug 2026, current reward",7,-757.4103285177289,757.4103285177289,0.0,0.0,0.0,206.73419810340187,206.73419810340187,0.0,0.0,0.0,0.0,0.0,0,0.0,0,0.0,0.0,0.0,0.18
main,v040,LOSO-nes-f4,secondary,LOSO,nested,4,B,Centralized PPO|central_nr_seed64/ppo_multi_site.zip,Centralized PPO,64,L,"Aug 2026, current reward",8,-401.6059243799335,401.6059243799335,0.0,0.0,0.0,206.7979347424846,206.7979347424846,0.0,0.0,0.0,0.0,0.0,0,0.0,0,0.0,0.0,0.0,0.18
main,v040,LOSO-nes-f4,secondary,LOSO,nested,4,B,Centralized PPO|central_nr_seed64/ppo_multi_site.zip,Centralized PPO,64,L,"Aug 2026, current reward",9,-458.8853924584648,80.88539245846486,378.0,0.0,0.0,207.31099557366122,207.31099557366122,0.013875123885034688,0.013875123885034688,0.0,0.013875123885034688,0.0,0,0.0,14,15.378689542088106,64.86442239359408,1.0,0.18
main,v040,LOSO-nes-f4,secondary,LOSO,nested,4,B,Centralized PPO|central_nr_seed77/ppo_multi_site.zip,Centralized PPO,77,L,"Aug 2026, current reward",all,-14721.130708972574,5127.294573974647,9574.283939997928,2.427195,17.125,2204.5446119602684,2203.9378132102684,0.04747274529236868,0.013974231912784936,0.03637264618434093,0.037859266600594646,0.21040634291377602,126,1.198810703666997,467,52.41709681363656,1526.3012116676841,0.7816301334646362,0.18
main,v040,LOSO-nes-f4,secondary,LOSO,nested,4,B,Centralized PPO|central_nr_seed77/ppo_multi_site.zip,Centralized PPO,77,L,"Aug 2026, current reward",0,-4416.80761345762,843.8838493289402,3572.9237435286805,2.06e-05,0.0,227.33998404673204,227.33997889673202,0.14866204162537167,0.014866204162537165,0.14073339940535184,0.14073339940535184,1.0,0,0.0,150,25.68778542718206,1526.3012116676841,0.8934675870292047,0.18
main,v040,LOSO-nes-f4,secondary,LOSO,nested,4,B,Centralized PPO|central_nr_seed77/ppo_multi_site.zip,Centralized PPO,77,L,"Aug 2026, current reward",1,-1365.1489602864403,481.77330620427045,879.7309358821701,0.6447182,3.0,205.27851942110664,205.11733987110665,0.036669970267591674,0.004955401387512388,0.03468780971258672,0.03468780971258672,0.2556987115956392,33,3.1397423191278495,36,14.940664213970742,124.49482805129415,0.9142972089305673,0.18
main,v040,LOSO-nes-f4,secondary,LOSO,nested,4,B,Centralized PPO|central_nr_seed77/ppo_multi_site.zip,Centralized PPO,77,L,"Aug 2026, current reward",2,-284.9985711009401,284.9985711009401,0.0,0.0,0.0,206.8379829505226,206.8379829505226,0.0,0.0,0.0,0.0,0.0,0,0.0,0,0.0,0.0,0.0,0.18
main,v040,LOSO-nes-f4,secondary,LOSO,nested,4,B,Centralized PPO|central_nr_seed77/ppo_multi_site.zip,Centralized PPO,77,L,"Aug 2026, current reward",3,-164.66458906754454,137.66458906754454,27.0,0.0,0.0,207.02094994347823,207.02094994347823,0.0009910802775024777,0.0009910802775024777,0.0,0.0009910802775024777,0.0,0,0.0,1,1.8444179821527968,1.8444179821527968,1.0,0.18
main,v040,LOSO-nes-f4,secondary,LOSO,nested,4,B,Centralized PPO|central_nr_seed77/ppo_multi_site.zip,Centralized PPO,77,L,"Aug 2026, current reward",4,-5035.795917812673,727.3420590137099,4301.141969998964,1.0618888,6.25,312.74758291835246,312.4821107183524,0.24777006937561943,0.09415262636273539,0.17145688800792863,0.17145688800792863,0.8067393458870169,55,5.232903865213083,244,50.708939539405954,1526.3012116676841,0.6847753419618567,0.18
main,v040,LOSO-nes-f4,secondary,LOSO,nested,4,B,Centralized PPO|central_nr_seed77/ppo_multi_site.zip,Centralized PPO,77,L,"Aug 2026, current reward",5,-442.9301582857329,442.9301582857329,0.0,0.0,0.0,206.79841693682397,206.79841693682397,0.0,0.0,0.0,0.0,0.0,0,0.0,0,0.0,0.0,0.0,0.18
main,v040,LOSO-nes-f4,secondary,LOSO,nested,4,B,Centralized PPO|central_nr_seed77/ppo_multi_site.zip,Centralized PPO,77,L,"Aug 2026, current reward",6,-1392.8832536054956,968.800395617382,415.48729058811335,0.7205674000000001,7.875,217.6780473237048,217.49790547370478,0.026759167492566897,0.010901883052527254,0.01684836471754212,0.01684836471754212,0.04162537165510406,38,3.615460852329039,22,340.80114395461743,1526.3012116676841,0.7273296051550403,0.18
main,v040,LOSO-nes-f4,secondary,LOSO,nested,4,B,Centralized PPO|central_nr_seed77/ppo_multi_site.zip,Centralized PPO,77,L,"Aug 2026, current reward",7,-757.4103285177289,757.4103285177289,0.0,0.0,0.0,206.73419810340187,206.73419810340187,0.0,0.0,0.0,0.0,0.0,0,0.0,0,0.0,0.0,0.0,0.18
main,v040,LOSO-nes-f4,secondary,LOSO,nested,4,B,Centralized PPO|central_nr_seed77/ppo_multi_site.zip,Centralized PPO,77,L,"Aug 2026, current reward",8,-401.6059243799335,401.6059243799335,0.0,0.0,0.0,206.7979347424846,206.7979347424846,0.0,0.0,0.0,0.0,0.0,0,0.0,0,0.0,0.0,0.0,0.18
main,v040,LOSO-nes-f4,secondary,LOSO,nested,4,B,Centralized PPO|central_nr_seed77/ppo_multi_site.zip,Centralized PPO,77,L,"Aug 2026, current reward",9,-458.8853924584648,80.88539245846486,378.0,0.0,0.0,207.31099557366122,207.31099557366122,0.013875123885034688,0.013875123885034688,0.0,0.013875123885034688,0.0,0,0.0,14,15.378689542088106,64.86442239359408,1.0,0.18
main,v040,LOSO-nes-f4,secondary,LOSO,nested,4,B,Centralized PPO|ppo_multi_site_seed42_20260515T234034/ppo_multi_site.zip,Centralized PPO,42,L,"May 2026, pre-781c90c reward",all,-12295.211234091661,5596.683593598643,6682.38561529302,1.5170252,14.625,2135.054612871545,2134.675356571545,0.029534192269573836,0.009316154608523291,0.0244796828543112,0.025966303270564917,0.14757185332011893,80,0.761149653121903,296,111.52380134739977,2319.5399903776624,0.851410732796134,0.18
main,v040,LOSO-nes-f4,secondary,LOSO,nested,4,B,Centralized PPO|ppo_multi_site_seed42_20260515T234034/ppo_multi_site.zip,Centralized PPO,42,L,"May 2026, pre-781c90c reward",0,-4416.80761345762,843.8838493289402,3572.9237435286805,2.06e-05,0.0,227.33998404673204,227.33997889673202,0.14866204162537167,0.014866204162537165,0.14073339940535184,0.14073339940535184,1.0,0,0.0,150,25.68778542718206,1526.3012116676841,0.8934675870292047,0.18
main,v040,LOSO-nes-f4,secondary,LOSO,nested,4,B,Centralized PPO|ppo_multi_site_seed42_20260515T234034/ppo_multi_site.zip,Centralized PPO,42,L,"May 2026, pre-781c90c reward",1,-868.5032604739149,868.5032604739149,0.0,0.0,0.0,206.77024294917322,206.77024294917322,0.0,0.0,0.0,0.0,0.0,0,0.0,0,0.0,0.0,0.0,0.18
main,v040,LOSO-nes-f4,secondary,LOSO,nested,4,B,Centralized PPO|ppo_multi_site_seed42_20260515T234034/ppo_multi_site.zip,Centralized PPO,42,L,"May 2026, pre-781c90c reward",2,-284.9985711009401,284.9985711009401,0.0,0.0,0.0,206.8379829505226,206.8379829505226,0.0,0.0,0.0,0.0,0.0,0,0.0,0,0.0,0.0,0.0,0.18
main,v040,LOSO-nes-f4,secondary,LOSO,nested,4,B,Centralized PPO|ppo_multi_site_seed42_20260515T234034/ppo_multi_site.zip,Centralized PPO,42,L,"May 2026, pre-781c90c reward",3,-164.66458906754454,137.66458906754454,27.0,0.0,0.0,207.02094994347823,207.02094994347823,0.0009910802775024777,0.0009910802775024777,0.0,0.0009910802775024777,0.0,0,0.0,1,1.8444179821527968,1.8444179821527968,1.0,0.18
main,v040,LOSO-nes-f4,secondary,LOSO,nested,4,B,Centralized PPO|ppo_multi_site_seed42_20260515T234034/ppo_multi_site.zip,Centralized PPO,42,L,"May 2026, pre-781c90c reward",4,-2273.2832607313994,995.7094996373424,1274.2436452940567,0.4551158,2.875,244.8314443358572,244.71766538585723,0.06541129831516353,0.053518334985133795,0.04757185332011893,0.04757185332011893,0.08424182358771061,25,2.3785926660059467,65,420.6164202861105,2319.5399903776624,0.7509305083396828,0.18
main,v040,LOSO-nes-f4,secondary,LOSO,nested,4,B,Centralized PPO|ppo_multi_site_seed42_20260515T234034/ppo_multi_site.zip,Centralized PPO,42,L,"May 2026, pre-781c90c reward",5,-442.9301582857329,442.9301582857329,0.0,0.0,0.0,206.79841693682397,206.79841693682397,0.0,0.0,0.0,0.0,0.0,0,0.0,0,0.0,0.0,0.0,0.18
main,v040,LOSO-nes-f4,secondary,LOSO,nested,4,B,Centralized PPO|ppo_multi_site_seed42_20260515T234034/ppo_multi_site.zip,Centralized PPO,42,L,"May 2026, pre-781c90c reward",6,-955.8616952857936,955.8616952857936,0.0,0.0,0.0,206.73220836211908,206.73220836211908,0.0,0.0,0.0,0.0,0.0,0,0.0,0,0.0,0.0,0.0,0.18
main,v040,LOSO-nes-f4,secondary,LOSO,nested,4,B,Centralized PPO|ppo_multi_site_seed42_20260515T234034/ppo_multi_site.zip,Centralized PPO,42,L,"May 2026, pre-781c90c reward",7,-2027.670768850319,584.6406535800356,1430.2182264702833,1.0618888,11.75,214.61445303069263,214.34898083069265,0.06640237859266601,0.009910802775024777,0.05649157581764123,0.05649157581764123,0.3914767096134787,55,5.232903865213083,66,24.25248476643111,1526.3012116676841,0.8210144819878117,0.18
main,v040,LOSO-nes-f4,secondary,LOSO,nested,4,B,Centralized PPO|ppo_multi_site_seed42_20260515T234034/ppo_multi_site.zip,Centralized PPO,42,L,"May 2026, pre-781c90c reward",8,-401.6059243799335,401.6059243799335,0.0,0.0,0.0,206.7979347424846,206.7979347424846,0.0,0.0,0.0,0.0,0.0,0,0.0,0,0.0,0.0,0.0,0.18
main,v040,LOSO-nes-f4,secondary,LOSO,nested,4,B,Centralized PPO|ppo_multi_site_seed42_20260515T234034/ppo_multi_site.zip,Centralized PPO,42,L,"May 2026, pre-781c90c reward",9,-458.8853924584648,80.88539245846486,378.0,0.0,0.0,207.31099557366122,207.31099557366122,0.013875123885034688,0.013875123885034688,0.0,0.013875123885034688,0.0,0,0.0,14,15.378689542088106,64.86442239359408,1.0,0.18
main,v040,LOSO-nes-f4,secondary,LOSO,nested,4,B,Centralized PPO|ppo_multi_site_seed7_20260516T092256/ppo_multi_site.zip,Centralized PPO,7,L,"May 2026, pre-781c90c reward",all,-6868.754941600932,6082.284374200932,783.0,0.7205674,2.75,2067.749163886003,2067.5690220360025,0.0031714568880079285,0.0018830525272547076,0.0013875123885034688,0.0028741328047571855,0.009217046580773042,36,0.34251734390485633,31,139.72668009874516,1420.7929841655364,0.941311934973855,0.18
main,v040,LOSO-nes-f4,secondary,LOSO,nested,4,B,Centralized PPO|ppo_multi_site_seed7_20260516T092256/ppo_multi_site.zip,Centralized PPO,7,L,"May 2026, pre-781c90c reward",0,-1321.1918158326116,1321.1918158326116,0.0,0.0,0.0,206.7030696952151,206.7030696952151,0.0,0.0,0.0,0.0,0.0,0,0.0,0,0.0,0.0,0.0,0.18
main,v040,LOSO-nes-f4,secondary,LOSO,nested,4,B,Centralized PPO|ppo_multi_site_seed7_20260516T092256/ppo_multi_site.zip,Centralized PPO,7,L,"May 2026, pre-781c90c reward",1,-804.6143297936943,776.4738575936942,27.0,0.2654722,0.875,204.3337607947546,204.2673927447546,0.0009910802775024777,0.0,0.0009910802775024777,0.0009910802775024777,0.02973240832507433,14,1.33201189296333,1,1.4152122961877123,1.4152122961877123,1.0,0.18
main,v040,LOSO-nes-f4,secondary,LOSO,nested,4,B,Centralized PPO|ppo_multi_site_seed7_20260516T092256/ppo_multi_site.zip,Centralized PPO,7,L,"May 2026, pre-781c90c reward",2,-284.9985711009401,284.9985711009401,0.0,0.0,0.0,206.8379829505226,206.8379829505226,0.0,0.0,0.0,0.0,0.0,0,0.0,0,0.0,0.0,0.0,0.18
main,v040,LOSO-nes-f4,secondary,LOSO,nested,4,B,Centralized PPO|ppo_multi_site_seed7_20260516T092256/ppo_multi_site.zip,Centralized PPO,7,L,"May 2026, pre-781c90c reward",3,-164.66458906754454,137.66458906754454,27.0,0.0,0.0,207.02094994347823,207.02094994347823,0.0009910802775024777,0.0009910802775024777,0.0,0.0009910802775024777,0.0,0,0.0,1,1.8444179821527968,1.8444179821527968,1.0,0.18
main,v040,LOSO-nes-f4,secondary,LOSO,nested,4,B,Centralized PPO|ppo_multi_site_seed7_20260516T092256/ppo_multi_site.zip,Centralized PPO,7,L,"May 2026, pre-781c90c reward",4,-955.712356119679,955.712356119679,0.0,0.0,0.0,206.73881438421557,206.73881438421557,0.0,0.0,0.0,0.0,0.0,0,0.0,0,0.0,0.0,0.0,0.18
main,v040,LOSO-nes-f4,secondary,LOSO,nested,4,B,Centralized PPO|ppo_multi_site_seed7_20260516T092256/ppo_multi_site.zip,Centralized PPO,7,L,"May 2026, pre-781c90c reward",5,-680.752048481934,409.3728024819341,270.0,0.379246,1.0,207.01003654236877,206.91522504236877,0.01288404360753221,0.0019821605550049554,0.009910802775024777,0.009910802775024777,0.05946481665014866,19,1.8077304261645195,12,1.1943994121722195,1.4152122961877123,0.8483891653491259,0.18
main,v040,LOSO-nes-f4,secondary,LOSO,nested,4,B,Centralized PPO|ppo_multi_site_seed7_20260516T092256/ppo_multi_site.zip,Centralized PPO,7,L,"May 2026, pre-781c90c reward",6,-955.8616952857936,955.8616952857936,0.0,0.0,0.0,206.73220836211908,206.73220836211908,0.0,0.0,0.0,0.0,0.0,0,0.0,0,0.0,0.0,0.0,0.18
main,v040,LOSO-nes-f4,secondary,LOSO,nested,4,B,Centralized PPO|ppo_multi_site_seed7_20260516T092256/ppo_multi_site.zip,Centralized PPO,7,L,"May 2026, pre-781c90c reward",7,-758.309045423851,757.771120823851,0.0,0.0379246,0.5,206.93939856942976,206.92991741942976,0.0,0.0,0.0,0.0,0.0009910802775024777,1,0.09514370664023787,0,0.0,0.0,0.0,0.18
main,v040,LOSO-nes-f4,secondary,LOSO,nested,4,B,Centralized PPO|ppo_multi_site_seed7_20260516T092256/ppo_multi_site.zip,Centralized PPO,7,L,"May 2026, pre-781c90c reward",8,-483.76509803641903,402.352173436419,81.0,0.0379246,0.375,208.12194707023755,208.11246592023755,0.002973240832507433,0.0019821605550049554,0.002973240832507433,0.002973240832507433,0.0019821605550049554,2,0.19028741328047574,3,1366.2110020824864,1420.7929841655364,1.0,0.18
main,v040,LOSO-nes-f4,secondary,LOSO,nested,4,B,Centralized PPO|ppo_multi_site_seed7_20260516T092256/ppo_multi_site.zip,Centralized PPO,7,L,"May 2026, pre-781c90c reward",9,-458.8853924584648,80.88539245846486,378.0,0.0,0.0,207.31099557366122,207.31099557366122,0.013875123885034688,0.013875123885034688,0.0,0.013875123885034688,0.0,0,0.0,14,15.378689542088106,64.86442239359408,1.0,0.18
main,v040,LOSO-nes-f4,secondary,LOSO,nested,4,B,Centralized PPO|ppo_multi_site_seed13_20260516T092257/ppo_multi_site.zip,Centralized PPO,13,L,"May 2026, pre-781c90c reward",all,-11474.350454969153,5655.721421416176,5807.134481352976,1.7445522000000002,9.75,2182.4392271881334,2182.0030891381334,0.029930624380574828,0.016253716551040635,0.02051536174430129,0.022001982160555007,0.10981169474727454,92,0.8753221010901883,299,191.38043001890944,2476.0047254536053,0.7449061664539419,0.18
main,v040,LOSO-nes-f4,secondary,LOSO,nested,4,B,Centralized PPO|ppo_multi_site_seed13_20260516T092257/ppo_multi_site.zip,Centralized PPO,13,L,"May 2026, pre-781c90c reward",0,-1321.1918158326116,1321.1918158326116,0.0,0.0,0.0,206.7030696952151,206.7030696952151,0.0,0.0,0.0,0.0,0.0,0,0.0,0,0.0,0.0,0.0,0.18
main,v040,LOSO-nes-f4,secondary,LOSO,nested,4,B,Centralized PPO|ppo_multi_site_seed13_20260516T092257/ppo_multi_site.zip,Centralized PPO,13,L,"May 2026, pre-781c90c reward",1,-1351.1778993953155,891.3745025953154,459.0,0.3033968,0.5,226.87337956914672,226.79753036914673,0.03468780971258672,0.027750247770069375,0.01684836471754212,0.01684836471754212,0.04558969276511397,16,1.522299306243806,33,219.83255669680256,1526.3012116676841,0.5589502991974569,0.18
main,v040,LOSO-nes-f4,secondary,LOSO,nested,4,B,Centralized PPO|ppo_multi_site_seed13_20260516T092257/ppo_multi_site.zip,Centralized PPO,13,L,"May 2026, pre-781c90c reward",2,-284.9985711009401,284.9985711009401,0.0,0.0,0.0,206.8379829505226,206.8379829505226,0.0,0.0,0.0,0.0,0.0,0,0.0,0,0.0,0.0,0.0,0.18
main,v040,LOSO-nes-f4,secondary,LOSO,nested,4,B,Centralized PPO|ppo_multi_site_seed13_20260516T092257/ppo_multi_site.zip,Centralized PPO,13,L,"May 2026, pre-781c90c reward",3,-164.66458906754454,137.66458906754454,27.0,0.0,0.0,207.02094994347823,207.02094994347823,0.0009910802775024777,0.0009910802775024777,0.0,0.0009910802775024777,0.0,0,0.0,1,1.8444179821527968,1.8444179821527968,1.0,0.18
main,v040,LOSO-nes-f4,secondary,LOSO,nested,4,B,Centralized PPO|ppo_multi_site_seed13_20260516T092257/ppo_multi_site.zip,Centralized PPO,13,L,"May 2026, pre-781c90c reward",4,-812.542811861689,559.4423729676323,248.24364529405668,0.6067936,4.25,190.62599539960797,190.47429699960796,0.010901883052527254,0.0019821605550049554,0.009910802775024777,0.009910802775024777,0.19425173439048563,32,3.044598612487612,11,23.56920594040596,124.49482805129415,0.8513748335057556,0.18
main,v040,LOSO-nes-f4,secondary,LOSO,nested,4,B,Centralized PPO|ppo_multi_site_seed13_20260516T092257/ppo_multi_site.zip,Centralized PPO,13,L,"May 2026, pre-781c90c reward",5,-442.9301582857329,442.9301582857329,0.0,0.0,0.0,206.79841693682397,206.79841693682397,0.0,0.0,0.0,0.0,0.0,0,0.0,0,0.0,0.0,0.0,0.18
main,v040,LOSO-nes-f4,secondary,LOSO,nested,4,B,Centralized PPO|ppo_multi_site_seed13_20260516T092257/ppo_multi_site.zip,Centralized PPO,13,L,"May 2026, pre-781c90c reward",6,-5366.025536045539,774.2891119866206,4586.890836058919,0.720588,4.125,313.21027518093246,313.0301281809324,0.23290386521308226,0.11298315163528246,0.17443012884043607,0.17443012884043607,0.8503468780971258,38,3.615460852329039,234,208.47917173796392,2476.0047254536053,0.751007652749828,0.18
main,v040,LOSO-nes-f4,secondary,LOSO,nested,4,B,Centralized PPO|ppo_multi_site_seed13_20260516T092257/ppo_multi_site.zip,Centralized PPO,13,L,"May 2026, pre-781c90c reward",7,-870.3277565413807,761.3389827413807,108.0,0.11377380000000001,0.875,210.2602271962606,210.2317837462606,0.005946481665014866,0.004955401387512388,0.003964321110009911,0.003964321110009911,0.007928642220019821,6,0.5708622398414271,6,117.95678017667025,457.15514267705595,0.6967783306982517,0.18
main,v040,LOSO-nes-f4,secondary,LOSO,nested,4,B,Centralized PPO|ppo_multi_site_seed13_20260516T092257/ppo_multi_site.zip,Centralized PPO,13,L,"May 2026, pre-781c90c reward",8,-401.6059243799335,401.6059243799335,0.0,0.0,0.0,206.7979347424846,206.7979347424846,0.0,0.0,0.0,0.0,0.0,0,0.0,0,0.0,0.0,0.0,0.18
main,v040,LOSO-nes-f4,secondary,LOSO,nested,4,B,Centralized PPO|ppo_multi_site_seed13_20260516T092257/ppo_multi_site.zip,Centralized PPO,13,L,"May 2026, pre-781c90c reward",9,-458.8853924584648,80.88539245846486,378.0,0.0,0.0,207.31099557366122,207.31099557366122,0.013875123885034688,0.013875123885034688,0.0,0.013875123885034688,0.0,0,0.0,14,15.378689542088106,64.86442239359408,1.0,0.18
main,v040,LOSO-nes-f4,secondary,LOSO,nested,4,B,Centralized PPO|ppo_multi_site_seed99_20260516T092259/ppo_multi_site.zip,Centralized PPO,99,L,"May 2026, pre-781c90c reward",all,-6731.492007229375,5714.454054041262,1009.4872905881134,1.1756626,6.375,2049.3569552829767,2049.0630396329766,0.0046580773042616454,0.002180376610505451,0.0023785926660059467,0.003865213082259663,0.04618434093161546,61,0.580376610505451,46,38.572797016448106,1526.3012116676841,0.830041767339139,0.18
main,v040,LOSO-nes-f4,secondary,LOSO,nested,4,B,Centralized PPO|ppo_multi_site_seed99_20260516T092259/ppo_multi_site.zip,Centralized PPO,99,L,"May 2026, pre-781c90c reward",0,-1321.1918158326116,1321.1918158326116,0.0,0.0,0.0,206.7030696952151,206.7030696952151,0.0,0.0,0.0,0.0,0.0,0,0.0,0,0.0,0.0,0.0,0.18
main,v040,LOSO-nes-f4,secondary,LOSO,nested,4,B,Centralized PPO|ppo_multi_site_seed99_20260516T092259/ppo_multi_site.zip,Centralized PPO,99,L,"May 2026, pre-781c90c reward",1,-868.5032604739149,868.5032604739149,0.0,0.0,0.0,206.77024294917322,206.77024294917322,0.0,0.0,0.0,0.0,0.0,0,0.0,0,0.0,0.0,0.0,0.18
main,v040,LOSO-nes-f4,secondary,LOSO,nested,4,B,Centralized PPO|ppo_multi_site_seed99_20260516T092259/ppo_multi_site.zip,Centralized PPO,99,L,"May 2026, pre-781c90c reward",2,-284.9985711009401,284.9985711009401,0.0,0.0,0.0,206.8379829505226,206.8379829505226,0.0,0.0,0.0,0.0,0.0,0,0.0,0,0.0,0.0,0.0,0.18
main,v040,LOSO-nes-f4,secondary,LOSO,nested,4,B,Centralized PPO|ppo_multi_site_seed99_20260516T092259/ppo_multi_site.zip,Centralized PPO,99,L,"May 2026, pre-781c90c reward",3,-164.66458906754454,137.66458906754454,27.0,0.0,0.0,207.02094994347823,207.02094994347823,0.0009910802775024777,0.0009910802775024777,0.0,0.0009910802775024777,0.0,0,0.0,1,1.8444179821527968,1.8444179821527968,1.0,0.18
main,v040,LOSO-nes-f4,secondary,LOSO,nested,4,B,Centralized PPO|ppo_multi_site_seed99_20260516T092259/ppo_multi_site.zip,Centralized PPO,99,L,"May 2026, pre-781c90c reward",4,-955.712356119679,955.712356119679,0.0,0.0,0.0,206.73881438421557,206.73881438421557,0.0,0.0,0.0,0.0,0.0,0,0.0,0,0.0,0.0,0.0,0.18
main,v040,LOSO-nes-f4,secondary,LOSO,nested,4,B,Centralized PPO|ppo_multi_site_seed99_20260516T092259/ppo_multi_site.zip,Centralized PPO,99,L,"May 2026, pre-781c90c reward",5,-442.9301582857329,442.9301582857329,0.0,0.0,0.0,206.79841693682397,206.79841693682397,0.0,0.0,0.0,0.0,0.0,0,0.0,0,0.0,0.0,0.0,0.18
main,v040,LOSO-nes-f4,secondary,LOSO,nested,4,B,Centralized PPO|ppo_multi_site_seed99_20260516T092259/ppo_multi_site.zip,Centralized PPO,99,L,"May 2026, pre-781c90c reward",6,-849.7498733632115,656.9310043632116,189.0,0.5688690000000001,3.25,194.2182958635252,194.07607861352523,0.008919722497522299,0.0019821605550049554,0.006937561942517344,0.006937561942517344,0.19425173439048563,30,2.8543111992071357,9,1.1207951175003883,1.4152122961877123,0.7978522204655011,0.18
main,v040,LOSO-nes-f4,secondary,LOSO,nested,4,B,Centralized PPO|ppo_multi_site_seed99_20260516T092259/ppo_multi_site.zip,Centralized PPO,99,L,"May 2026, pre-781c90c reward",7,-983.2500661473421,564.0309819592287,415.48729058811335,0.6067936,3.125,200.16025224387687,200.00855384387688,0.022794846382556987,0.004955401387512388,0.01684836471754212,0.01684836471754212,0.267591674925669,31,2.949454905847374,22,70.32342886944195,1526.3012116676841,0.7273296051550401,0.18
main,v040,LOSO-nes-f4,secondary,LOSO,nested,4,B,Centralized PPO|ppo_multi_site_seed99_20260516T092259/ppo_multi_site.zip,Centralized PPO,99,L,"May 2026, pre-781c90c reward",8,-401.6059243799335,401.6059243799335,0.0,0.0,0.0,206.7979347424846,206.7979347424846,0.0,0.0,0.0,0.0,0.0,0,0.0,0,0.0,0.0,0.0,0.18
main,v040,LOSO-nes-f4,secondary,LOSO,nested,4,B,Centralized PPO|ppo_multi_site_seed99_20260516T092259/ppo_multi_site.zip,Centralized PPO,99,L,"May 2026, pre-781c90c reward",9,-458.8853924584648,80.88539245846486,378.0,0.0,0.0,207.31099557366122,207.31099557366122,0.013875123885034688,0.013875123885034688,0.0,0.013875123885034688,0.0,0,0.0,14,15.378689542088106,64.86442239359408,1.0,0.18
main,v040,LOSO-nes-f4,secondary,LOSO,nested,4,B,Centralized PPO|ppo_multi_site_seed7_20260517T003435/best_model.zip,Centralized PPO,7,L,"May 2026, pre-781c90c reward; run has no final save (best_model.zip only)",all,-18462.226542341516,5447.813883461419,12965.014875880097,3.1477830000000004,46.25,2304.0829688985214,2303.2960231485213,0.06442021803766106,0.023785926660059464,0.04905847373637265,0.05054509415262636,0.25867195242814667,166,1.5793855302279487,647,89.87815229162565,2899.5483855672874,0.7659088971349582,0.18
main,v040,LOSO-nes-f4,secondary,LOSO,nested,4,B,Centralized PPO|ppo_multi_site_seed7_20260517T003435/best_model.zip,Centralized PPO,7,L,"May 2026, pre-781c90c reward; run has no final save (best_model.zip only)",0,-4416.80761345762,843.8838493289402,3572.9237435286805,2.06e-05,0.0,227.33998404673204,227.33997889673202,0.14866204162537167,0.014866204162537165,0.14073339940535184,0.14073339940535184,1.0,0,0.0,150,25.68778542718206,1526.3012116676841,0.8934675870292047,0.18
main,v040,LOSO-nes-f4,secondary,LOSO,nested,4,B,Centralized PPO|ppo_multi_site_seed7_20260517T003435/best_model.zip,Centralized PPO,7,L,"May 2026, pre-781c90c reward; run has no final save (best_model.zip only)",1,-868.5032604739149,868.5032604739149,0.0,0.0,0.0,206.77024294917322,206.77024294917322,0.0,0.0,0.0,0.0,0.0,0,0.0,0,0.0,0.0,0.0,0.18
main,v040,LOSO-nes-f4,secondary,LOSO,nested,4,B,Centralized PPO|ppo_multi_site_seed7_20260517T003435/best_model.zip,Centralized PPO,7,L,"May 2026, pre-781c90c reward; run has no final save (best_model.zip only)",2,-924.78816540972,293.2256511156634,626.2436452940567,0.5688690000000001,4.75,217.2427241447138,217.10050689471382,0.02973240832507433,0.004955401387512388,0.023785926660059464,0.023785926660059464,0.1110009910802775,30,2.8543111992071357,28,60.02364252298819,1526.3012116676841,0.8441474337445563,0.18
main,v040,LOSO-nes-f4,secondary,LOSO,nested,4,B,Centralized PPO|ppo_multi_site_seed7_20260517T003435/best_model.zip,Centralized PPO,7,L,"May 2026, pre-781c90c reward; run has no final save (best_model.zip only)",3,-164.66458906754454,137.66458906754454,27.0,0.0,0.0,207.02094994347823,207.02094994347823,0.0009910802775024777,0.0009910802775024777,0.0,0.0009910802775024777,0.0,0,0.0,1,1.8444179821527968,1.8444179821527968,1.0,0.18
main,v040,LOSO-nes-f4,secondary,LOSO,nested,4,B,Centralized PPO|ppo_multi_site_seed7_20260517T003435/best_model.zip,Centralized PPO,7,L,"May 2026, pre-781c90c reward; run has no final save (best_model.zip only)",4,-6822.040221604293,819.8982310053293,6002.141969998964,2.06e-05,0.0,390.54427333471455,390.54426818471455,0.3458870168483647,0.19028741328047571,0.23389494549058473,0.23389494549058473,1.0,0,0.0,349,133.55573060546848,2899.5483855672874,0.6701411263801512,0.18
main,v040,LOSO-nes-f4,secondary,LOSO,nested,4,B,Centralized PPO|ppo_multi_site_seed7_20260517T003435/best_model.zip,Centralized PPO,7,L,"May 2026, pre-781c90c reward; run has no final save (best_model.zip only)",5,-442.9301582857329,442.9301582857329,0.0,0.0,0.0,206.79841693682397,206.79841693682397,0.0,0.0,0.0,0.0,0.0,0,0.0,0,0.0,0.0,0.0,0.18
main,v040,LOSO-nes-f4,secondary,LOSO,nested,4,B,Centralized PPO|ppo_multi_site_seed7_20260517T003435/best_model.zip,Centralized PPO,7,L,"May 2026, pre-781c90c reward; run has no final save (best_model.zip only)",6,-955.8616952857936,955.8616952857936,0.0,0.0,0.0,206.73220836211908,206.73220836211908,0.0,0.0,0.0,0.0,0.0,0,0.0,0,0.0,0.0,0.0,0.18
main,v040,LOSO-nes-f4,secondary,LOSO,nested,4,B,Centralized PPO|ppo_multi_site_seed7_20260517T003435/best_model.zip,Centralized PPO,7,L,"May 2026, pre-781c90c reward; run has no final save (best_model.zip only)",7,-3006.1395219184988,603.355132060102,2358.7055170583967,2.5788728,41.5,227.52523886462086,226.88052066462086,0.10505450941526263,0.01288404360753221,0.09217046580773043,0.09217046580773043,0.4757185332011893,136,12.93954410307235,105,55.13560642934226,2476.0047254536053,0.8476908299087329,0.18
main,v040,LOSO-nes-f4,secondary,LOSO,nested,4,B,Centralized PPO|ppo_multi_site_seed7_20260517T003435/best_model.zip,Centralized PPO,7,L,"May 2026, pre-781c90c reward; run has no final save (best_model.zip only)",8,-401.6059243799335,401.6059243799335,0.0,0.0,0.0,206.7979347424846,206.7979347424846,0.0,0.0,0.0,0.0,0.0,0,0.0,0,0.0,0.0,0.0,0.18
main,v040,LOSO-nes-f4,secondary,LOSO,nested,4,B,Centralized PPO|ppo_multi_site_seed7_20260517T003435/best_model.zip,Centralized PPO,7,L,"May 2026, pre-781c90c reward; run has no final save (best_model.zip only)",9,-458.8853924584648,80.88539245846486,378.0,0.0,0.0,207.31099557366122,207.31099557366122,0.013875123885034688,0.013875123885034688,0.0,0.013875123885034688,0.0,0,0.0,14,15.378689542088106,64.86442239359408,1.0,0.18
main,v040,LOSO-nes-f4,secondary,LOSO,nested,4,B,Centralized PPO|ppo_multi_site_seed13_20260517T003435/best_model.zip,Centralized PPO,13,L,"May 2026, pre-781c90c reward; run has no final save (best_model.zip only)",all,-17248.00036210899,5171.323190744644,12001.974479764347,4.7026916,70.0,2294.668400022451,2293.4927271224506,0.060257680872150644,0.025074331020812687,0.04449950445986125,0.04598612487611497,0.24182358771060455,247,2.350049554013875,598,118.38470311612194,2476.0047254536053,0.7668406437004048,0.18
main,v040,LOSO-nes-f4,secondary,LOSO,nested,4,B,Centralized PPO|ppo_multi_site_seed13_20260517T003435/best_model.zip,Centralized PPO,13,L,"May 2026, pre-781c90c reward; run has no final save (best_model.zip only)",0,-937.2454165301475,825.2748491301476,108.0,0.7205674,3.25,180.20186737089352,180.0217255208935,0.004955401387512388,0.0,0.003964321110009911,0.003964321110009911,0.27155599603567887,38,3.615460852329039,4,1.4152122961877123,1.4152122961877123,1.0,0.18
main,v040,LOSO-nes-f4,secondary,LOSO,nested,4,B,Centralized PPO|ppo_multi_site_seed13_20260517T003435/best_model.zip,Centralized PPO,13,L,"May 2026, pre-781c90c reward; run has no final save (best_model.zip only)",1,-868.5032604739149,868.5032604739149,0.0,0.0,0.0,206.77024294917322,206.77024294917322,0.0,0.0,0.0,0.0,0.0,0,0.0,0,0.0,0.0,0.0,0.18
main,v040,LOSO-nes-f4,secondary,LOSO,nested,4,B,Centralized PPO|ppo_multi_site_seed13_20260517T003435/best_model.zip,Centralized PPO,13,L,"May 2026, pre-781c90c reward; run has no final save (best_model.zip only)",2,-284.9985711009401,284.9985711009401,0.0,0.0,0.0,206.8379829505226,206.8379829505226,0.0,0.0,0.0,0.0,0.0,0,0.0,0,0.0,0.0,0.0,0.18
main,v040,LOSO-nes-f4,secondary,LOSO,nested,4,B,Centralized PPO|ppo_multi_site_seed13_20260517T003435/best_model.zip,Centralized PPO,13,L,"May 2026, pre-781c90c reward; run has no final save (best_model.zip only)",3,-164.66458906754454,137.66458906754454,27.0,0.0,0.0,207.02094994347823,207.02094994347823,0.0009910802775024777,0.0009910802775024777,0.0,0.0009910802775024777,0.0,0,0.0,1,1.8444179821527968,1.8444179821527968,1.0,0.18
main,v040,LOSO-nes-f4,secondary,LOSO,nested,4,B,Centralized PPO|ppo_multi_site_seed13_20260517T003435/best_model.zip,Centralized PPO,13,L,"May 2026, pre-781c90c reward; run has no final save (best_model.zip only)",4,-1377.9738692767864,553.2920556065031,809.2182264702834,1.2135872,14.25,198.53109276897464,198.22769596897464,0.036669970267591674,0.004955401387512388,0.03369672943508424,0.03369672943508424,0.3240832507433102,63,5.994053518334986,37,83.57994868083956,1526.3012116676841,0.8282417799628932,0.18
main,v040,LOSO-nes-f4,secondary,LOSO,nested,4,B,Centralized PPO|ppo_multi_site_seed13_20260517T003435/best_model.zip,Centralized PPO,13,L,"May 2026, pre-781c90c reward; run has no final save (best_model.zip only)",5,-442.9301582857329,442.9301582857329,0.0,0.0,0.0,206.79841693682397,206.79841693682397,0.0,0.0,0.0,0.0,0.0,0,0.0,0,0.0,0.0,0.0,0.18
main,v040,LOSO-nes-f4,secondary,LOSO,nested,4,B,Centralized PPO|ppo_multi_site_seed13_20260517T003435/best_model.zip,Centralized PPO,13,L,"May 2026, pre-781c90c reward; run has no final save (best_model.zip only)",6,-5590.800195244883,745.4555237854419,4790.076155059441,2.7685164,52.5,295.06131879238933,294.36918969238934,0.2348860257680872,0.0931615460852329,0.1823587710604559,0.1823587710604559,0.8225966303270565,146,13.890981169474728,228,218.95291634521206,2476.0047254536053,0.7984383544772686,0.18
main,v040,LOSO-nes-f4,secondary,LOSO,nested,4,B,Centralized PPO|ppo_multi_site_seed13_20260517T003435/best_model.zip,Centralized PPO,13,L,"May 2026, pre-781c90c reward; run has no final save (best_model.zip only)",7,-6720.392985290644,830.7128664560202,5889.680098234623,2.06e-05,0.0,379.33759799404936,379.33759284404937,0.311199207135778,0.1377601585728444,0.22497522299306244,0.22497522299306244,1.0,0,0.0,314,55.91567679867948,2476.0047254536053,0.7225535485777,0.18
main,v040,LOSO-nes-f4,secondary,LOSO,nested,4,B,Centralized PPO|ppo_multi_site_seed13_20260517T003435/best_model.zip,Centralized PPO,13,L,"May 2026, pre-781c90c reward; run has no final save (best_model.zip only)",8,-401.6059243799335,401.6059243799335,0.0,0.0,0.0,206.7979347424846,206.7979347424846,0.0,0.0,0.0,0.0,0.0,0,0.0,0,0.0,0.0,0.0,0.18
main,v040,LOSO-nes-f4,secondary,LOSO,nested,4,B,Centralized PPO|ppo_multi_site_seed13_20260517T003435/best_model.zip,Centralized PPO,13,L,"May 2026, pre-781c90c reward; run has no final save (best_model.zip only)",9,-458.8853924584648,80.88539245846486,378.0,0.0,0.0,207.31099557366122,207.31099557366122,0.013875123885034688,0.013875123885034688,0.0,0.013875123885034688,0.0,0,0.0,14,15.378689542088106,64.86442239359408,1.0,0.18
main,v040,LOSO-nes-f4,secondary,LOSO,nested,4,B,Centralized PPO|ppo_multi_site_seed42_20260517T003436/best_model.zip,Centralized PPO,42,L,"May 2026, pre-781c90c reward; run has no final save (best_model.zip only)",all,-24912.64739761931,5795.621983703551,19035.553004115758,5.3474098,76.125,2581.197675228601,2579.860822778601,0.10336967294350842,0.05817641228939544,0.07086223984142716,0.07234886025768088,0.27264618434093163,281,2.673538156590684,1027,223.7020242436763,2899.5483855672874,0.715041797587797,0.18
main,v040,LOSO-nes-f4,secondary,LOSO,nested,4,B,Centralized PPO|ppo_multi_site_seed42_20260517T003436/best_model.zip,Centralized PPO,42,L,"May 2026, pre-781c90c reward; run has no final save (best_model.zip only)",0,-1575.2356878104802,790.0517654342534,776.9745811762267,0.8343412,7.375,183.86066416830394,183.65207886830393,0.03468780971258672,0.004955401387512388,0.031714568880079286,0.031714568880079286,0.4301288404360753,43,4.0911793855302285,35,51.77260951020354,1526.3012116676841,0.8391473623473855,0.18
main,v040,LOSO-nes-f4,secondary,LOSO,nested,4,B,Centralized PPO|ppo_multi_site_seed42_20260517T003436/best_model.zip,Centralized PPO,42,L,"May 2026, pre-781c90c reward; run has no final save (best_model.zip only)",1,-8284.250388894383,737.2035218478724,7526.19280764651,1.4790594000000001,19.375,434.96355709107945,434.5937922410794,0.42120911793855303,0.2794846382556987,0.28344895936570863,0.28344895936570863,0.9018830525272548,77,7.326065411298315,420,398.792425123191,2899.5483855672874,0.69423329173551,0.18
main,v040,LOSO-nes-f4,secondary,LOSO,nested,4,B,Centralized PPO|ppo_multi_site_seed42_20260517T003436/best_model.zip,Centralized PPO,42,L,"May 2026, pre-781c90c reward; run has no final save (best_model.zip only)",2,-284.9985711009401,284.9985711009401,0.0,0.0,0.0,206.8379829505226,206.8379829505226,0.0,0.0,0.0,0.0,0.0,0,0.0,0,0.0,0.0,0.0,0.18
main,v040,LOSO-nes-f4,secondary,LOSO,nested,4,B,Centralized PPO|ppo_multi_site_seed42_20260517T003436/best_model.zip,Centralized PPO,42,L,"May 2026, pre-781c90c reward; run has no final save (best_model.zip only)",3,-164.66458906754454,137.66458906754454,27.0,0.0,0.0,207.02094994347823,207.02094994347823,0.0009910802775024777,0.0009910802775024777,0.0,0.0009910802775024777,0.0,0,0.0,1,1.8444179821527968,1.8444179821527968,1.0,0.18
main,v040,LOSO-nes-f4,secondary,LOSO,nested,4,B,Centralized PPO|ppo_multi_site_seed42_20260517T003436/best_model.zip,Centralized PPO,42,L,"May 2026, pre-781c90c reward; run has no final save (best_model.zip only)",4,-5166.365267050311,1120.9164487800267,3995.2182264702833,2.7305918,47.5,332.6678352277403,331.98518727774024,0.22993062438057482,0.13577799801783944,0.1506442021803766,0.1506442021803766,0.3647175421209118,145,13.79583746283449,221,180.22145931483865,2899.5483855672874,0.6995794359134881,0.18
main,v040,LOSO-nes-f4,secondary,LOSO,nested,4,B,Centralized PPO|ppo_multi_site_seed42_20260517T003436/best_model.zip,Centralized PPO,42,L,"May 2026, pre-781c90c reward; run has no final save (best_model.zip only)",5,-442.9301582857329,442.9301582857329,0.0,0.0,0.0,206.79841693682397,206.79841693682397,0.0,0.0,0.0,0.0,0.0,0,0.0,0,0.0,0.0,0.0,0.18
main,v040,LOSO-nes-f4,secondary,LOSO,nested,4,B,Centralized PPO|ppo_multi_site_seed42_20260517T003436/best_model.zip,Centralized PPO,42,L,"May 2026, pre-781c90c reward; run has no final save (best_model.zip only)",6,-1385.2811759427846,968.0284131546712,415.48729058811335,0.2654722,1.5,215.34131092518942,215.27494287518942,0.02081268582755203,0.008919722497522299,0.01684836471754212,0.01684836471754212,0.027750247770069375,14,1.33201189296333,21,134.86155744885397,2319.5399903776624,0.7576626819674348,0.18
main,v040,LOSO-nes-f4,secondary,LOSO,nested,4,B,Centralized PPO|ppo_multi_site_seed42_20260517T003436/best_model.zip,Centralized PPO,42,L,"May 2026, pre-781c90c reward; run has no final save (best_model.zip only)",7,-6720.392985290644,830.7128664560202,5889.680098234623,2.06e-05,0.0,379.33759799404936,379.33759284404937,0.311199207135778,0.1377601585728444,0.22497522299306244,0.22497522299306244,1.0,0,0.0,314,55.91567679867948,2476.0047254536053,0.7225535485777,0.18
main,v040,LOSO-nes-f4,secondary,LOSO,nested,4,B,Centralized PPO|ppo_multi_site_seed42_20260517T003436/best_model.zip,Centralized PPO,42,L,"May 2026, pre-781c90c reward; run has no final save (best_model.zip only)",8,-429.64318171802586,402.23025711802586,27.0,0.0379246,0.375,207.05836441775227,207.04888326775227,0.0009910802775024777,0.0,0.0009910802775024777,0.0009910802775024777,0.0019821605550049554,2,0.19028741328047574,1,1.4152122961877123,1.4152122961877123,1.0,0.18
main,v040,LOSO-nes-f4,secondary,LOSO,nested,4,B,Centralized PPO|ppo_multi_site_seed42_20260517T003436/best_model.zip,Centralized PPO,42,L,"May 2026, pre-781c90c reward; run has no final save (best_model.zip only)",9,-458.8853924584648,80.88539245846486,378.0,0.0,0.0,207.31099557366122,207.31099557366122,0.013875123885034688,0.013875123885034688,0.0,0.013875123885034688,0.0,0,0.0,14,15.378689542088106,64.86442239359408,1.0,0.18
main,v040,LOSO-nes-f4,secondary,LOSO,nested,4,B,Centralized PPO|ppo_multi_site_seed99_20260517T003436/best_model.zip,Centralized PPO,99,L,"May 2026, pre-781c90c reward; run has no final save (best_model.zip only)",all,-26349.703260984043,5259.050768596957,20953.14186858709,8.760623800000001,128.75,2480.004874180211,2477.8147182302114,0.10852329038652131,0.05282457879088206,0.07839444995044599,0.0798810703666997,0.3280475718533201,459,4.367096134786918,1046,263.9283864829928,2899.5483855672874,0.7655052202571486,0.18
main,v040,LOSO-nes-f4,secondary,LOSO,nested,4,B,Centralized PPO|ppo_multi_site_seed99_20260517T003436/best_model.zip,Centralized PPO,99,L,"May 2026, pre-781c90c reward; run has no final save (best_model.zip only)",0,-4416.80761345762,843.8838493289402,3572.9237435286805,2.06e-05,0.0,227.33998404673204,227.33997889673202,0.14866204162537167,0.014866204162537165,0.14073339940535184,0.14073339940535184,1.0,0,0.0,150,25.68778542718206,1526.3012116676841,0.8934675870292047,0.18
main,v040,LOSO-nes-f4,secondary,LOSO,nested,4,B,Centralized PPO|ppo_multi_site_seed99_20260517T003436/best_model.zip,Centralized PPO,99,L,"May 2026, pre-781c90c reward; run has no final save (best_model.zip only)",1,-5112.1957889651685,597.7393570127151,4469.949162352454,2.8822696000000003,41.625,303.65948574515653,302.9389183451565,0.2398414271555996,0.11892963330029732,0.17046580773042616,0.17046580773042616,0.5421209117938554,151,14.366699702675918,223,353.40584760103263,2899.5483855672874,0.7659434529532778,0.18
main,v040,LOSO-nes-f4,secondary,LOSO,nested,4,B,Centralized PPO|ppo_multi_site_seed99_20260517T003436/best_model.zip,Centralized PPO,99,L,"May 2026, pre-781c90c reward; run has no final save (best_model.zip only)",2,-284.9985711009401,284.9985711009401,0.0,0.0,0.0,206.8379829505226,206.8379829505226,0.0,0.0,0.0,0.0,0.0,0,0.0,0,0.0,0.0,0.0,0.18
main,v040,LOSO-nes-f4,secondary,LOSO,nested,4,B,Centralized PPO|ppo_multi_site_seed99_20260517T003436/best_model.zip,Centralized PPO,99,L,"May 2026, pre-781c90c reward; run has no final save (best_model.zip only)",3,-164.66458906754454,137.66458906754454,27.0,0.0,0.0,207.02094994347823,207.02094994347823,0.0009910802775024777,0.0009910802775024777,0.0,0.0009910802775024777,0.0,0,0.0,1,1.8444179821527968,1.8444179821527968,1.0,0.18
main,v040,LOSO-nes-f4,secondary,LOSO,nested,4,B,Centralized PPO|ppo_multi_site_seed99_20260517T003436/best_model.zip,Centralized PPO,99,L,"May 2026, pre-781c90c reward; run has no final save (best_model.zip only)",4,-1041.3655569468353,954.8831378527786,86.24364529405668,0.11377380000000001,0.125,208.98122754162338,208.95278409162339,0.006937561942517344,0.002973240832507433,0.003964321110009911,0.003964321110009911,0.018830525272547076,6,0.5708622398414271,7,0.6844900059022796,1.4152122961877123,0.5065418789646886,0.18
main,v040,LOSO-nes-f4,secondary,LOSO,nested,4,B,Centralized PPO|ppo_multi_site_seed99_20260517T003436/best_model.zip,Centralized PPO,99,L,"May 2026, pre-781c90c reward; run has no final save (best_model.zip only)",5,-6300.343040350838,569.7620016686676,5658.73093588217,4.4751028,67.375,356.82229791772426,355.7035222177243,0.333994053518335,0.21704658077304262,0.21010901883052527,0.21010901883052527,0.40733399405351833,235,22.358771060455897,309,395.83132764000806,2319.5399903776624,0.7074008374194074,0.18
main,v040,LOSO-nes-f4,secondary,LOSO,nested,4,B,Centralized PPO|ppo_multi_site_seed99_20260517T003436/best_model.zip,Centralized PPO,99,L,"May 2026, pre-781c90c reward; run has no final save (best_model.zip only)",6,-6734.200167176128,821.3930556345165,5912.807090941611,2.06e-05,0.0,351.1568352813964,351.1568301313964,0.3002973240832507,0.15361744301288405,0.2259663032705649,0.2259663032705649,1.0,0,0.0,303,228.7219588213493,2476.0047254536053,0.7480814986968987,0.18
main,v040,LOSO-nes-f4,secondary,LOSO,nested,4,B,Centralized PPO|ppo_multi_site_seed99_20260517T003436/best_model.zip,Centralized PPO,99,L,"May 2026, pre-781c90c reward; run has no final save (best_model.zip only)",7,-1434.6366170805695,566.234890092456,847.4872905881134,1.2894364,19.625,204.07718043743196,203.75482133743196,0.040634291377601585,0.005946481665014866,0.03270564915758176,0.03270564915758176,0.3121902874132805,67,6.374628344895937,39,40.252542739969776,1526.3012116676841,0.8228611873206575,0.18
main,v040,LOSO-nes-f4,secondary,LOSO,nested,4,B,Centralized PPO|ppo_multi_site_seed99_20260517T003436/best_model.zip,Centralized PPO,99,L,"May 2026, pre-781c90c reward; run has no final save (best_model.zip only)",8,-401.6059243799335,401.6059243799335,0.0,0.0,0.0,206.7979347424846,206.7979347424846,0.0,0.0,0.0,0.0,0.0,0,0.0,0,0.0,0.0,0.0,0.18
main,v040,LOSO-nes-f4,secondary,LOSO,nested,4,B,Centralized PPO|ppo_multi_site_seed99_20260517T003436/best_model.zip,Centralized PPO,99,L,"May 2026, pre-781c90c reward; run has no final save (best_model.zip only)",9,-458.8853924584648,80.88539245846486,378.0,0.0,0.0,207.31099557366122,207.31099557366122,0.013875123885034688,0.013875123885034688,0.0,0.013875123885034688,0.0,0,0.0,14,15.378689542088106,64.86442239359408,1.0,0.18
