tag,twin,world,tier,protocol,config,fold,experiment,ckpt_id,family,seed,cohorts,source,cluster,reward,energy_penalty,qos_penalty,switch_penalty,cooldown_penalty,energy_wh,energy_wh_steady,qos_violation_rate,delay_violation_rate,loss_violation_rate,qscore_below_tau_rate,usr_share,switches,switches_per_cluster_day,n_budget_violations,severity_mean,severity_max,q_shortfall_mean,seconds
main,v040,LOSO-dep-f3,primary,LOSO,deployed,3,B,IPPO|wcnc2027_ablation/ippo_seed1,IPPO,1,R,wcnc2027_ablation 2026-09-14,all,-5657.573676724631,4335.00451832463,1296.0,3.9441584,22.625,1976.2287279488824,1975.2426883488824,0.005748265609514371,0.0046580773042616454,0.0015857284440039642,0.004757185332011893,0.08067393458870169,207,1.9694747274529236,58,12130.879050658332,167170.4835618346,0.8367306265608111,1.09
main,v040,LOSO-dep-f3,primary,LOSO,deployed,3,B,IPPO|wcnc2027_ablation/ippo_seed1,IPPO,1,R,wcnc2027_ablation 2026-09-14,0,-837.7273631391527,806.1809465391527,27.0,0.7964165999999999,3.75,177.75061494586794,177.5515107958679,0.0009910802775024777,0.0,0.0009910802775024777,0.0009910802775024777,0.2358771060455897,41,3.9008919722497524,1,1.4257170635107337,1.4257170635107337,1.0,1.09
main,v040,LOSO-dep-f3,primary,LOSO,deployed,3,B,IPPO|wcnc2027_ablation/ippo_seed1,IPPO,1,R,wcnc2027_ablation 2026-09-14,1,-508.97747802194124,475.8819106219412,27.0,0.7205674,5.375,193.75956873087495,193.57942688087496,0.0019821605550049554,0.0,0.0019821605550049554,0.0009910802775024777,0.10307234886025768,38,3.615460852329039,2,0.7188164313257891,1.4257170635107337,0.5059578995704223,1.09
main,v040,LOSO-dep-f3,primary,LOSO,deployed,3,B,IPPO|wcnc2027_ablation/ippo_seed1,IPPO,1,R,wcnc2027_ablation 2026-09-14,2,-285.3829492908979,285.3829492908979,0.0,0.0,0.0,207.24386539215953,207.24386539215953,0.0,0.0,0.0,0.0,0.0,0,0.0,0,0.0,0.0,0.0,1.09
main,v040,LOSO-dep-f3,primary,LOSO,deployed,3,B,IPPO|wcnc2027_ablation/ippo_seed1,IPPO,1,R,wcnc2027_ablation 2026-09-14,3,-164.931448168637,137.931448168637,27.0,0.0,0.0,207.4683263433343,207.4683263433343,0.0009910802775024777,0.0009910802775024777,0.0,0.0009910802775024777,0.0,0,0.0,1,5.638737068725305,5.638737068725305,1.0,1.09
main,v040,LOSO-dep-f3,primary,LOSO,deployed,3,B,IPPO|wcnc2027_ablation/ippo_seed1,IPPO,1,R,wcnc2027_ablation 2026-09-14,4,-646.0554062692742,563.5623864692741,81.0,0.4930198,1.0,187.79498365299875,187.67172870299876,0.002973240832507433,0.0,0.002973240832507433,0.002973240832507433,0.14271555996035679,26,2.4737363726461843,3,1.425717063510734,1.4257170635107337,1.0,1.09
main,v040,LOSO-dep-f3,primary,LOSO,deployed,3,B,IPPO|wcnc2027_ablation/ippo_seed1,IPPO,1,R,wcnc2027_ablation 2026-09-14,5,-401.16221577519275,372.9838189751928,27.0,0.30339679999999997,0.875,201.97274028861273,201.89689108861273,0.0009910802775024777,0.0,0.0009910802775024777,0.0009910802775024777,0.05252725470763132,16,1.522299306243806,1,1.4257170635107337,1.4257170635107337,1.0,1.09
main,v040,LOSO-dep-f3,primary,LOSO,deployed,3,B,IPPO|wcnc2027_ablation/ippo_seed1,IPPO,1,R,wcnc2027_ablation 2026-09-14,6,-695.2200445253503,634.3098541253503,54.0,0.9101904000000001,6.0,189.56104992913566,189.33350232913568,0.0019821605550049554,0.0,0.0019821605550049554,0.0019821605550049554,0.15758176412289396,48,4.566897918731417,2,115.49912125912591,229.57252545474108,1.0,1.09
main,v040,LOSO-dep-f3,primary,LOSO,deployed,3,B,IPPO|wcnc2027_ablation/ippo_seed1,IPPO,1,R,wcnc2027_ablation 2026-09-14,7,-634.9651436303056,575.5704254303057,54.0,0.6447182,4.75,194.0299354708846,193.86875592088458,0.0019821605550049554,0.0,0.0019821605550049554,0.0019821605550049554,0.11199207135777998,34,3.2348860257680876,2,1.4257170635107337,1.4257170635107337,1.0,1.09
main,v040,LOSO-dep-f3,primary,LOSO,deployed,3,B,IPPO|wcnc2027_ablation/ippo_seed1,IPPO,1,R,wcnc2027_ablation 2026-09-14,8,-402.0365801569236,402.0365801569236,0.0,0.0,0.0,207.14812815665772,207.14812815665772,0.0,0.0,0.0,0.0,0.0,0,0.0,0,0.0,0.0,0.0,1.09
main,v040,LOSO-dep-f3,primary,LOSO,deployed,3,B,IPPO|wcnc2027_ablation/ippo_seed1,IPPO,1,R,wcnc2027_ablation 2026-09-14,9,-1081.115047746955,81.16419854695516,999.0,0.0758492,0.875,209.49951503835632,209.48055273835632,0.04558969276511397,0.04558969276511397,0.004955401387512388,0.036669970267591674,0.002973240832507433,4,0.3805748265609515,46,15290.06370231063,167170.4835618346,0.815618707421439,1.09
main,v040,LOSO-dep-f3,primary,LOSO,deployed,3,B,IPPO|wcnc2027_ablation/ippo_seed7,IPPO,7,R,wcnc2027_ablation 2026-09-14,all,-5731.675821272924,4398.485857396847,1297.1208054760775,3.9441584,32.125,1976.9500759339442,1975.964036333944,0.005847373637264618,0.0046580773042616454,0.0011892963330029733,0.0048562933597621405,0.07809712586719525,207,1.9694747274529236,59,6.927916887476697,99.27811641324571,0.8248768902214062,1.09
main,v040,LOSO-dep-f3,primary,LOSO,deployed,3,B,IPPO|wcnc2027_ablation/ippo_seed7,IPPO,7,R,wcnc2027_ablation 2026-09-14,0,-859.8025788411369,802.869936041137,54.0,0.6826428,2.25,177.34146066613215,177.17079996613217,0.0019821605550049554,0.0,0.0019821605550049554,0.0019821605550049554,0.24777006937561943,35,3.3300297324083252,2,1.4257170635107337,1.4257170635107337,1.0,1.09
main,v040,LOSO-dep-f3,primary,LOSO,deployed,3,B,IPPO|wcnc2027_ablation/ippo_seed7,IPPO,7,R,wcnc2027_ablation 2026-09-14,1,-501.879537617725,459.73057341772505,27.0,1.0239642,14.125,192.03709003673217,191.78109898673216,0.0019821605550049554,0.0,0.0019821605550049554,0.0009910802775024777,0.12289395441030723,54,5.137760158572845,2,0.7188164313257891,1.4257170635107337,0.5059578995704223,1.09
main,v040,LOSO-dep-f3,primary,LOSO,deployed,3,B,IPPO|wcnc2027_ablation/ippo_seed7,IPPO,7,R,wcnc2027_ablation 2026-09-14,2,-285.3829492908979,285.3829492908979,0.0,0.0,0.0,207.24386539215953,207.24386539215953,0.0,0.0,0.0,0.0,0.0,0,0.0,0,0.0,0.0,0.0,1.09
main,v040,LOSO-dep-f3,primary,LOSO,deployed,3,B,IPPO|wcnc2027_ablation/ippo_seed7,IPPO,7,R,wcnc2027_ablation 2026-09-14,3,-164.931448168637,137.931448168637,27.0,0.0,0.0,207.4683263433343,207.4683263433343,0.0009910802775024777,0.0009910802775024777,0.0,0.0009910802775024777,0.0,0,0.0,1,5.638737068725305,5.638737068725305,1.0,1.09
main,v040,LOSO-dep-f3,primary,LOSO,deployed,3,B,IPPO|wcnc2027_ablation/ippo_seed7,IPPO,7,R,wcnc2027_ablation 2026-09-14,4,-617.573306929522,562.080287129522,54.0,0.4930198,1.0,187.60243043790666,187.47917548790667,0.0019821605550049554,0.0,0.0019821605550049554,0.0019821605550049554,0.14469772051536176,26,2.4737363726461843,2,1.4257170635107337,1.4257170635107337,1.0,1.09
main,v040,LOSO-dep-f3,primary,LOSO,deployed,3,B,IPPO|wcnc2027_ablation/ippo_seed7,IPPO,7,R,wcnc2027_ablation 2026-09-14,5,-428.34006219672614,399.8625145967261,27.0,0.22754760000000002,1.25,204.12933345778265,204.07244655778265,0.0009910802775024777,0.0,0.0009910802775024777,0.0009910802775024777,0.02973240832507433,12,1.1417244796828543,1,1.4257170635107337,1.4257170635107337,1.0,1.09
main,v040,LOSO-dep-f3,primary,LOSO,deployed,3,B,IPPO|wcnc2027_ablation/ippo_seed7,IPPO,7,R,wcnc2027_ablation 2026-09-14,6,-718.5114349188127,709.7150183188128,0.0,0.7964166,8.0,194.63854277041418,194.4394386204142,0.0,0.0,0.0,0.0,0.08721506442021804,42,3.9960356788899905,0,0.0,0.0,0.0,1.09
main,v040,LOSO-dep-f3,primary,LOSO,deployed,3,B,IPPO|wcnc2027_ablation/ippo_seed7,IPPO,7,R,wcnc2027_ablation 2026-09-14,7,-673.2064829667127,557.8651100906352,109.12080547607759,0.7205674,5.5,191.84479975564483,191.66465790564482,0.004955401387512388,0.0,0.004955401387512388,0.004955401387512388,0.14866204162537167,38,3.615460852329039,5,1.168045687315771,1.4257170635107337,0.8274720365071839,1.09
main,v040,LOSO-dep-f3,primary,LOSO,deployed,3,B,IPPO|wcnc2027_ablation/ippo_seed7,IPPO,7,R,wcnc2027_ablation 2026-09-14,8,-402.0365801569236,402.0365801569236,0.0,0.0,0.0,207.14812815665772,207.14812815665772,0.0,0.0,0.0,0.0,0.0,0,0.0,0,0.0,0.0,0.0,1.09
main,v040,LOSO-dep-f3,primary,LOSO,deployed,3,B,IPPO|wcnc2027_ablation/ippo_seed7,IPPO,7,R,wcnc2027_ablation 2026-09-14,9,-1080.01144018583,81.01144018583015,999.0,0.0,0.0,207.49609891718006,207.49609891718006,0.04558969276511397,0.04558969276511397,0.0,0.036669970267591674,0.0,0,0.0,46,8.450041579904692,99.27811641324571,0.815618707421439,1.09
main,v040,LOSO-dep-f3,primary,LOSO,deployed,3,B,IPPO|wcnc2027_ablation/ippo_seed13,IPPO,13,R,wcnc2027_ablation 2026-09-14,all,-5678.413434842426,4383.848522442426,1269.0,3.5649124,22.0,1977.769780739387,1976.878552639387,0.005649157581764123,0.0046580773042616454,0.0009910802775024777,0.0046580773042616454,0.07581764122893954,187,1.779187314172448,57,7.143579282720677,99.27811641324571,0.8338662515881937,1.09
main,v040,LOSO-dep-f3,primary,LOSO,deployed,3,B,IPPO|wcnc2027_ablation/ippo_seed13,IPPO,13,R,wcnc2027_ablation 2026-09-14,0,-912.821678364236,802.3019601642361,108.0,0.6447182,1.875,177.3683755656064,177.20719601560643,0.003964321110009911,0.0,0.003964321110009911,0.003964321110009911,0.2537165510406343,33,3.1397423191278495,4,1.4257170635107337,1.4257170635107337,1.0,1.09
main,v040,LOSO-dep-f3,primary,LOSO,deployed,3,B,IPPO|wcnc2027_ablation/ippo_seed13,IPPO,13,R,wcnc2027_ablation 2026-09-14,1,-497.15279260859035,466.92099900859034,27.0,0.6067936,2.625,192.6674551006271,192.5157567006271,0.0019821605550049554,0.0,0.0019821605550049554,0.0009910802775024777,0.11793855302279485,32,3.044598612487612,2,0.7188164313257891,1.4257170635107337,0.5059578995704223,1.09
main,v040,LOSO-dep-f3,primary,LOSO,deployed,3,B,IPPO|wcnc2027_ablation/ippo_seed13,IPPO,13,R,wcnc2027_ablation 2026-09-14,2,-285.3829492908979,285.3829492908979,0.0,0.0,0.0,207.24386539215953,207.24386539215953,0.0,0.0,0.0,0.0,0.0,0,0.0,0,0.0,0.0,0.0,1.09
main,v040,LOSO-dep-f3,primary,LOSO,deployed,3,B,IPPO|wcnc2027_ablation/ippo_seed13,IPPO,13,R,wcnc2027_ablation 2026-09-14,3,-164.931448168637,137.931448168637,27.0,0.0,0.0,207.4683263433343,207.4683263433343,0.0009910802775024777,0.0009910802775024777,0.0,0.0009910802775024777,0.0,0,0.0,1,5.638737068725305,5.638737068725305,1.0,1.09
main,v040,LOSO-dep-f3,primary,LOSO,deployed,3,B,IPPO|wcnc2027_ablation/ippo_seed13,IPPO,13,R,wcnc2027_ablation 2026-09-14,4,-616.9160005278449,557.7333577278449,54.0,0.6826428,4.5,187.73075639949755,187.56009569949754,0.0019821605550049554,0.0,0.0019821605550049554,0.0019821605550049554,0.13974231912784935,36,3.4251734390485633,2,1.4257170635107337,1.4257170635107337,1.0,1.09
main,v040,LOSO-dep-f3,primary,LOSO,deployed,3,B,IPPO|wcnc2027_ablation/ippo_seed13,IPPO,13,R,wcnc2027_ablation 2026-09-14,5,-408.4124011226975,406.18485352269744,0.0,0.2275476,2.0,204.56999727369708,204.5131103736971,0.0,0.0,0.0,0.0,0.02180376610505451,12,1.1417244796828543,0,0.0,0.0,0.0,1.09
main,v040,LOSO-dep-f3,primary,LOSO,deployed,3,B,IPPO|wcnc2027_ablation/ippo_seed13,IPPO,13,R,wcnc2027_ablation 2026-09-14,6,-677.910273301412,670.5267813014119,0.0,0.7584919999999999,6.625,191.96053117835135,191.77090817835136,0.0,0.0,0.0,0.0,0.1159563924677899,40,3.8057482656095147,0,0.0,0.0,0.0,1.09
main,v040,LOSO-dep-f3,primary,LOSO,deployed,3,B,IPPO|wcnc2027_ablation/ippo_seed13,IPPO,13,R,wcnc2027_ablation 2026-09-14,7,-637.5856354411314,578.9788418411315,54.0,0.6067936,4.0,194.4304547969358,194.27875639693582,0.0019821605550049554,0.0,0.0019821605550049554,0.0019821605550049554,0.10703666997026759,32,3.044598612487612,2,1.4257170635107337,1.4257170635107337,1.0,1.09
main,v040,LOSO-dep-f3,primary,LOSO,deployed,3,B,IPPO|wcnc2027_ablation/ippo_seed13,IPPO,13,R,wcnc2027_ablation 2026-09-14,8,-397.2888158311483,396.87589123114833,0.0,0.0379246,0.375,206.8339197719977,206.8244386219977,0.0,0.0,0.0,0.0,0.0019821605550049554,2,0.19028741328047574,0,0.0,0.0,0.0,1.09
main,v040,LOSO-dep-f3,primary,LOSO,deployed,3,B,IPPO|wcnc2027_ablation/ippo_seed13,IPPO,13,R,wcnc2027_ablation 2026-09-14,9,-1080.01144018583,81.01144018583015,999.0,0.0,0.0,207.49609891718006,207.49609891718006,0.04558969276511397,0.04558969276511397,0.0,0.036669970267591674,0.0,0,0.0,46,8.450041579904692,99.27811641324571,0.815618707421439,1.09
main,v040,LOSO-dep-f3,primary,LOSO,deployed,3,B,IPPO|wcnc2027_ablation/ippo_seed23,IPPO,23,R,wcnc2027_ablation 2026-09-14,all,-5743.514690877942,4304.3317072018635,1405.1208054760775,4.4371782,29.625,1968.408542407678,1967.299247857678,0.00624380574826561,0.0046580773042616454,0.0015857284440039642,0.005252725470763132,0.088800792864222,233,2.216848364717542,63,13.844667422530613,231.04299167654068,0.8359958178263961,1.09
main,v040,LOSO-dep-f3,primary,LOSO,deployed,3,B,IPPO|wcnc2027_ablation/ippo_seed23,IPPO,23,R,wcnc2027_ablation 2026-09-14,0,-843.7757994892352,775.4217400892351,54.0,1.4790594000000001,12.875,174.20970306196034,173.83993821196034,0.0019821605550049554,0.0,0.0019821605550049554,0.0019821605550049554,0.29137760158572845,77,7.326065411298315,2,1.4257170635107337,1.4257170635107337,1.0,1.09
main,v040,LOSO-dep-f3,primary,LOSO,deployed,3,B,IPPO|wcnc2027_ablation/ippo_seed23,IPPO,23,R,wcnc2027_ablation 2026-09-14,1,-494.65097068033936,465.0821016803393,27.0,0.5688690000000001,2.0,192.5685161122684,192.42629886226842,0.0019821605550049554,0.0,0.0019821605550049554,0.0009910802775024777,0.11793855302279485,30,2.8543111992071357,2,0.7188164313257891,1.4257170635107337,0.5059578995704223,1.09
main,v040,LOSO-dep-f3,primary,LOSO,deployed,3,B,IPPO|wcnc2027_ablation/ippo_seed23,IPPO,23,R,wcnc2027_ablation 2026-09-14,2,-285.3829492908979,285.3829492908979,0.0,0.0,0.0,207.24386539215953,207.24386539215953,0.0,0.0,0.0,0.0,0.0,0,0.0,0,0.0,0.0,0.0,1.09
main,v040,LOSO-dep-f3,primary,LOSO,deployed,3,B,IPPO|wcnc2027_ablation/ippo_seed23,IPPO,23,R,wcnc2027_ablation 2026-09-14,3,-164.931448168637,137.931448168637,27.0,0.0,0.0,207.4683263433343,207.4683263433343,0.0009910802775024777,0.0009910802775024777,0.0,0.0009910802775024777,0.0,0,0.0,1,5.638737068725305,5.638737068725305,1.0,1.09
main,v040,LOSO-dep-f3,primary,LOSO,deployed,3,B,IPPO|wcnc2027_ablation/ippo_seed23,IPPO,23,R,wcnc2027_ablation 2026-09-14,4,-647.1258982877523,564.5078784877524,81.0,0.4930198,1.125,187.92759927444567,187.80434432444568,0.002973240832507433,0.0,0.002973240832507433,0.002973240832507433,0.14469772051536176,26,2.4737363726461843,3,1.425717063510734,1.4257170635107337,1.0,1.09
main,v040,LOSO-dep-f3,primary,LOSO,deployed,3,B,IPPO|wcnc2027_ablation/ippo_seed23,IPPO,23,R,wcnc2027_ablation 2026-09-14,5,-387.6455571406024,387.0809341406024,0.0,0.18962299999999999,0.375,203.05324074258482,203.0058349925848,0.0,0.0,0.0,0.0,0.036669970267591674,10,0.9514370664023787,0,0.0,0.0,0.0,1.09
main,v040,LOSO-dep-f3,primary,LOSO,deployed,3,B,IPPO|wcnc2027_ablation/ippo_seed23,IPPO,23,R,wcnc2027_ablation 2026-09-14,6,-743.9606945190376,655.5505041190376,81.0,0.9101904000000001,6.5,190.0320966749883,189.8045490749883,0.002973240832507433,0.0,0.002973240832507433,0.002973240832507433,0.1466798810703667,48,4.566897918731417,3,154.0137447315975,231.04299167654068,1.0,1.09
main,v040,LOSO-dep-f3,primary,LOSO,deployed,3,B,IPPO|wcnc2027_ablation/ippo_seed23,IPPO,23,R,wcnc2027_ablation 2026-09-14,7,-699.4367766379861,556.7204037619085,136.12080547607758,0.7205674,5.875,191.68102388239788,191.5008820323979,0.005946481665014866,0.0,0.005946481665014866,0.005946481665014866,0.14767096134786917,38,3.615460852329039,6,1.210990916681598,1.4257170635107337,0.85622669708932,1.09
main,v040,LOSO-dep-f3,primary,LOSO,deployed,3,B,IPPO|wcnc2027_ablation/ippo_seed23,IPPO,23,R,wcnc2027_ablation 2026-09-14,8,-396.59315647762367,395.6423072776237,0.0,0.0758492,0.875,206.72807200635867,206.70910970635867,0.0,0.0,0.0,0.0,0.002973240832507433,4,0.3805748265609515,0,0.0,0.0,0.0,1.09
main,v040,LOSO-dep-f3,primary,LOSO,deployed,3,B,IPPO|wcnc2027_ablation/ippo_seed23,IPPO,23,R,wcnc2027_ablation 2026-09-14,9,-1080.01144018583,81.01144018583015,999.0,0.0,0.0,207.49609891718006,207.49609891718006,0.04558969276511397,0.04558969276511397,0.0,0.036669970267591674,0.0,0,0.0,46,8.450041579904692,99.27811641324571,0.815618707421439,1.09
main,v040,LOSO-dep-f3,primary,LOSO,deployed,3,B,IPPO|wcnc2027_ablation/ippo_seed42,IPPO,42,R,wcnc2027_ablation 2026-09-14,all,-5597.645319526677,4293.295216726678,1269.0,4.4751028,30.875,1970.082812726356,1968.964037026356,0.005649157581764123,0.0046580773042616454,0.0009910802775024777,0.0046580773042616454,0.08414271555996036,234,2.226362735381566,57,11.171952521545762,231.04299167654068,0.8338662515881937,1.11
main,v040,LOSO-dep-f3,primary,LOSO,deployed,3,B,IPPO|wcnc2027_ablation/ippo_seed42,IPPO,42,R,wcnc2027_ablation 2026-09-14,0,-829.9685470612367,793.6187336612365,27.0,1.0998134,8.25,176.25409078322417,175.97913743322417,0.0009910802775024777,0.0,0.0009910802775024777,0.0009910802775024777,0.2556987115956392,57,5.423191278493558,1,1.4257170635107337,1.4257170635107337,1.0,1.11
main,v040,LOSO-dep-f3,primary,LOSO,deployed,3,B,IPPO|wcnc2027_ablation/ippo_seed42,IPPO,42,R,wcnc2027_ablation 2026-09-14,1,-497.536723989198,465.56615658919793,27.0,0.7205674,4.25,192.43577802509313,192.25563617509312,0.0019821605550049554,0.0,0.0019821605550049554,0.0009910802775024777,0.1199207135777998,38,3.615460852329039,2,0.7188164313257891,1.4257170635107337,0.5059578995704223,1.11
main,v040,LOSO-dep-f3,primary,LOSO,deployed,3,B,IPPO|wcnc2027_ablation/ippo_seed42,IPPO,42,R,wcnc2027_ablation 2026-09-14,2,-285.3829492908979,285.3829492908979,0.0,0.0,0.0,207.24386539215953,207.24386539215953,0.0,0.0,0.0,0.0,0.0,0,0.0,0,0.0,0.0,0.0,1.11
main,v040,LOSO-dep-f3,primary,LOSO,deployed,3,B,IPPO|wcnc2027_ablation/ippo_seed42,IPPO,42,R,wcnc2027_ablation 2026-09-14,3,-164.931448168637,137.931448168637,27.0,0.0,0.0,207.4683263433343,207.4683263433343,0.0009910802775024777,0.0009910802775024777,0.0,0.0009910802775024777,0.0,0,0.0,1,5.638737068725305,5.638737068725305,1.0,1.11
main,v040,LOSO-dep-f3,primary,LOSO,deployed,3,B,IPPO|wcnc2027_ablation/ippo_seed42,IPPO,42,R,wcnc2027_ablation 2026-09-14,4,-615.9979136146688,560.9178184146689,54.0,0.45509520000000003,0.625,187.69134664544714,187.57757284544715,0.0019821605550049554,0.0,0.0019821605550049554,0.0019821605550049554,0.14271555996035679,24,2.2834489593657086,2,1.4257170635107337,1.4257170635107337,1.0,1.11
main,v040,LOSO-dep-f3,primary,LOSO,deployed,3,B,IPPO|wcnc2027_ablation/ippo_seed42,IPPO,42,R,wcnc2027_ablation 2026-09-14,5,-399.37379440325265,370.9453976032527,27.0,0.30339679999999997,1.125,201.5899405251203,201.51409132512032,0.0009910802775024777,0.0,0.0009910802775024777,0.0009910802775024777,0.05153617443012884,16,1.522299306243806,1,1.4257170635107337,1.4257170635107337,1.0,1.11
main,v040,LOSO-dep-f3,primary,LOSO,deployed,3,B,IPPO|wcnc2027_ablation/ippo_seed42,IPPO,42,R,wcnc2027_ablation 2026-09-14,6,-708.4559934507218,642.1061800507218,54.0,1.0998134,11.25,190.57488595251127,190.2999326025113,0.0019821605550049554,0.0,0.0019821605550049554,0.0019821605550049554,0.13676907829534193,57,5.423191278493558,2,116.23435437002571,231.04299167654068,1.0,1.11
main,v040,LOSO-dep-f3,primary,LOSO,deployed,3,B,IPPO|wcnc2027_ablation/ippo_seed42,IPPO,42,R,wcnc2027_ablation 2026-09-14,7,-630.9087882833984,573.1278438833984,54.0,0.5309444,3.25,193.66966347091503,193.536927370915,0.0019821605550049554,0.0,0.0019821605550049554,0.0019821605550049554,0.11496531219028741,28,2.66402378592666,2,1.4257170635107337,1.4257170635107337,1.0,1.11
main,v040,LOSO-dep-f3,primary,LOSO,deployed,3,B,IPPO|wcnc2027_ablation/ippo_seed42,IPPO,42,R,wcnc2027_ablation 2026-09-14,8,-385.07772107883574,382.68724887883576,0.0,0.26547220000000005,2.125,205.65881667137108,205.5924486213711,0.0,0.0,0.0,0.0,0.019821605550049554,14,1.33201189296333,0,0.0,0.0,0.0,1.11
main,v040,LOSO-dep-f3,primary,LOSO,deployed,3,B,IPPO|wcnc2027_ablation/ippo_seed42,IPPO,42,R,wcnc2027_ablation 2026-09-14,9,-1080.01144018583,81.01144018583015,999.0,0.0,0.0,207.49609891718006,207.49609891718006,0.04558969276511397,0.04558969276511397,0.0,0.036669970267591674,0.0,0,0.0,46,8.450041579904692,99.27811641324571,0.815618707421439,1.11
main,v040,LOSO-dep-f3,primary,LOSO,deployed,3,B,IPPO|wcnc2027_ablation/ippo_seed64,IPPO,64,R,wcnc2027_ablation 2026-09-14,all,-5700.257968266339,4459.105980466339,1215.0,3.5269878,22.625,1983.6282223755488,1982.7464754255489,0.005450941526263627,0.0046580773042616454,0.0007928642220019821,0.0044598612487611496,0.06858275520317146,185,1.7601585728444005,55,7.351501545237403,99.27811641324571,0.8278250243732189,1.1
main,v040,LOSO-dep-f3,primary,LOSO,deployed,3,B,IPPO|wcnc2027_ablation/ippo_seed64,IPPO,64,R,wcnc2027_ablation 2026-09-14,0,-836.1612428100186,804.1148262100187,27.0,0.7964166,4.25,177.53082827586513,177.33172412586512,0.0009910802775024777,0.0,0.0009910802775024777,0.0009910802775024777,0.23686818632309217,41,3.9008919722497524,1,1.4257170635107337,1.4257170635107337,1.0,1.1
main,v040,LOSO-dep-f3,primary,LOSO,deployed,3,B,IPPO|wcnc2027_ablation/ippo_seed64,IPPO,64,R,wcnc2027_ablation 2026-09-14,1,-509.4910242847658,478.88423068476584,27.0,0.6067936,3.0,193.9156309729698,193.7639325729698,0.0019821605550049554,0.0,0.0019821605550049554,0.0009910802775024777,0.10604558969276512,32,3.044598612487612,2,0.7188164313257891,1.4257170635107337,0.5059578995704223,1.1
main,v040,LOSO-dep-f3,primary,LOSO,deployed,3,B,IPPO|wcnc2027_ablation/ippo_seed64,IPPO,64,R,wcnc2027_ablation 2026-09-14,2,-285.3829492908979,285.3829492908979,0.0,0.0,0.0,207.24386539215953,207.24386539215953,0.0,0.0,0.0,0.0,0.0,0,0.0,0,0.0,0.0,0.0,1.1
main,v040,LOSO-dep-f3,primary,LOSO,deployed,3,B,IPPO|wcnc2027_ablation/ippo_seed64,IPPO,64,R,wcnc2027_ablation 2026-09-14,3,-164.931448168637,137.931448168637,27.0,0.0,0.0,207.4683263433343,207.4683263433343,0.0009910802775024777,0.0009910802775024777,0.0,0.0009910802775024777,0.0,0,0.0,1,5.638737068725305,5.638737068725305,1.0,1.1
main,v040,LOSO-dep-f3,primary,LOSO,deployed,3,B,IPPO|wcnc2027_ablation/ippo_seed64,IPPO,64,R,wcnc2027_ablation 2026-09-14,4,-648.4230837278317,564.3542147278316,81.0,0.5688690000000001,2.5,188.1319709078524,187.98975365785236,0.002973240832507433,0.0,0.002973240832507433,0.002973240832507433,0.1377601585728444,30,2.8543111992071357,3,1.425717063510734,1.4257170635107337,1.0,1.1
main,v040,LOSO-dep-f3,primary,LOSO,deployed,3,B,IPPO|wcnc2027_ablation/ippo_seed64,IPPO,64,R,wcnc2027_ablation 2026-09-14,5,-426.84111934084416,426.80319474084416,0.0,0.0379246,0.0,206.34910145039174,206.33962030039174,0.0,0.0,0.0,0.0,0.005946481665014866,2,0.19028741328047574,0,0.0,0.0,0.0,1.1
main,v040,LOSO-dep-f3,primary,LOSO,deployed,3,B,IPPO|wcnc2027_ablation/ippo_seed64,IPPO,64,R,wcnc2027_ablation 2026-09-14,6,-713.0872031056122,704.2528619056122,0.0,0.8343412,8.0,194.09443163209062,193.88584633209064,0.0,0.0,0.0,0.0,0.09415262636273539,44,4.186323092170466,0,0.0,0.0,0.0,1.1
main,v040,LOSO-dep-f3,primary,LOSO,deployed,3,B,IPPO|wcnc2027_ablation/ippo_seed64,IPPO,64,R,wcnc2027_ablation 2026-09-14,7,-643.5872578678024,585.8063134678024,54.0,0.5309444,3.25,195.1214504726394,194.98871437263938,0.0019821605550049554,0.0,0.0019821605550049554,0.0019821605550049554,0.0981169474727453,28,2.66402378592666,2,1.4257170635107337,1.4257170635107337,1.0,1.1
main,v040,LOSO-dep-f3,primary,LOSO,deployed,3,B,IPPO|wcnc2027_ablation/ippo_seed64,IPPO,64,R,wcnc2027_ablation 2026-09-14,8,-392.3411994840994,390.56450108409933,0.0,0.1516984,1.625,206.27651801106578,206.23859341106578,0.0,0.0,0.0,0.0,0.006937561942517344,8,0.761149653121903,0,0.0,0.0,0.0,1.1
main,v040,LOSO-dep-f3,primary,LOSO,deployed,3,B,IPPO|wcnc2027_ablation/ippo_seed64,IPPO,64,R,wcnc2027_ablation 2026-09-14,9,-1080.01144018583,81.01144018583015,999.0,0.0,0.0,207.49609891718006,207.49609891718006,0.04558969276511397,0.04558969276511397,0.0,0.036669970267591674,0.0,0,0.0,46,8.450041579904692,99.27811641324571,0.815618707421439,1.1
main,v040,LOSO-dep-f3,primary,LOSO,deployed,3,B,IPPO|wcnc2027_ablation/ippo_seed77,IPPO,77,R,wcnc2027_ablation 2026-09-14,all,-5692.973682902972,4313.370794426894,1351.1208054760775,3.982083,24.5,1973.0997101791459,1972.104189429146,0.006045589692765114,0.0046580773042616454,0.0016848364717542122,0.005054509415262636,0.08394449950445985,209,1.9885034687809713,61,7024.740960083037,167170.4835618346,0.8306186315256222,1.08
main,v040,LOSO-dep-f3,primary,LOSO,deployed,3,B,IPPO|wcnc2027_ablation/ippo_seed77,IPPO,77,R,wcnc2027_ablation 2026-09-14,0,-855.2894320360923,798.2317892360923,54.0,0.6826428,2.375,177.0879087744952,176.9172480744952,0.0019821605550049554,0.0,0.0019821605550049554,0.0019821605550049554,0.25074331020812685,35,3.3300297324083252,2,1.4257170635107337,1.4257170635107337,1.0,1.08
main,v040,LOSO-dep-f3,primary,LOSO,deployed,3,B,IPPO|wcnc2027_ablation/ippo_seed77,IPPO,77,R,wcnc2027_ablation 2026-09-14,1,-496.5241370407364,466.25441884073643,27.0,0.6447182,2.625,192.54793511300363,192.38675556300362,0.0019821605550049554,0.0,0.0019821605550049554,0.0009910802775024777,0.12091179385530228,34,3.2348860257680876,2,0.7188164313257891,1.4257170635107337,0.5059578995704223,1.08
main,v040,LOSO-dep-f3,primary,LOSO,deployed,3,B,IPPO|wcnc2027_ablation/ippo_seed77,IPPO,77,R,wcnc2027_ablation 2026-09-14,2,-285.3829492908979,285.3829492908979,0.0,0.0,0.0,207.24386539215953,207.24386539215953,0.0,0.0,0.0,0.0,0.0,0,0.0,0,0.0,0.0,0.0,1.08
main,v040,LOSO-dep-f3,primary,LOSO,deployed,3,B,IPPO|wcnc2027_ablation/ippo_seed77,IPPO,77,R,wcnc2027_ablation 2026-09-14,3,-164.931448168637,137.931448168637,27.0,0.0,0.0,207.4683263433343,207.4683263433343,0.0009910802775024777,0.0009910802775024777,0.0,0.0009910802775024777,0.0,0,0.0,1,5.638737068725305,5.638737068725305,1.0,1.08
main,v040,LOSO-dep-f3,primary,LOSO,deployed,3,B,IPPO|wcnc2027_ablation/ippo_seed77,IPPO,77,R,wcnc2027_ablation 2026-09-14,4,-643.2684739379354,559.9875295379354,81.0,0.5309444,1.75,187.58207678461952,187.44934068461953,0.002973240832507433,0.0,0.002973240832507433,0.002973240832507433,0.14767096134786917,28,2.66402378592666,3,1.425717063510734,1.4257170635107337,1.0,1.08
main,v040,LOSO-dep-f3,primary,LOSO,deployed,3,B,IPPO|wcnc2027_ablation/ippo_seed77,IPPO,77,R,wcnc2027_ablation 2026-09-14,5,-403.9379410960298,375.38454429602984,27.0,0.3033968,1.25,202.08681560705494,202.01096640705492,0.0009910802775024777,0.0,0.0009910802775024777,0.0009910802775024777,0.04658077304261645,16,1.522299306243806,1,1.4257170635107337,1.4257170635107337,1.0,1.08
main,v040,LOSO-dep-f3,primary,LOSO,deployed,3,B,IPPO|wcnc2027_ablation/ippo_seed77,IPPO,77,R,wcnc2027_ablation 2026-09-14,6,-729.3552204689099,640.69503006891,81.0,0.9101904000000001,6.75,190.05493766608194,189.82739006608196,0.002973240832507433,0.0,0.002973240832507433,0.002973240832507433,0.1466798810703667,48,4.566897918731417,3,154.0137447315975,231.04299167654068,1.0,1.08
main,v040,LOSO-dep-f3,primary,LOSO,deployed,3,B,IPPO|wcnc2027_ablation/ippo_seed77,IPPO,77,R,wcnc2027_ablation 2026-09-14,7,-631.7230710765705,566.354999800493,55.12080547607759,0.8722658000000001,9.375,193.05113067763702,192.83306422763704,0.002973240832507433,0.0,0.002973240832507433,0.002973240832507433,0.12487611496531219,46,4.376610505450942,3,0.9962647698524624,1.4257170635107337,0.71245339417864,1.08
main,v040,LOSO-dep-f3,primary,LOSO,deployed,3,B,IPPO|wcnc2027_ablation/ippo_seed77,IPPO,77,R,wcnc2027_ablation 2026-09-14,8,-402.0365801569236,402.0365801569236,0.0,0.0,0.0,207.14812815665772,207.14812815665772,0.0,0.0,0.0,0.0,0.0,0,0.0,0,0.0,0.0,0.0,1.08
main,v040,LOSO-dep-f3,primary,LOSO,deployed,3,B,IPPO|wcnc2027_ablation/ippo_seed77,IPPO,77,R,wcnc2027_ablation 2026-09-14,9,-1080.5244296302385,81.11150503023867,999.0,0.0379246,0.375,208.82858566410215,208.81910451410215,0.04558969276511397,0.04558969276511397,0.002973240832507433,0.036669970267591674,0.0019821605550049554,2,0.19028741328047574,46,9304.968214440183,167170.4835618346,0.815618707421439,1.08
main,v040,LOSO-dep-f3,primary,LOSO,deployed,3,B,IPPO|wcnc2027_ablation/ippo_seed99,IPPO,99,R,wcnc2027_ablation 2026-09-14,all,-23396.47857170548,4574.86272592055,18793.276969184928,4.5888766,23.75,2389.0040857667354,2387.8568666167353,0.0734390485629336,0.06788899900891972,0.06878097125867196,0.07234886025768088,0.1550049554013875,241,2.2929633300297327,741,2040.0195305962689,11216.983585761867,0.9446489308760668,1.08
main,v040,LOSO-dep-f3,primary,LOSO,deployed,3,B,IPPO|wcnc2027_ablation/ippo_seed99,IPPO,99,R,wcnc2027_ablation 2026-09-14,0,-876.9802057194864,788.8691661194864,81.0,0.9860396,6.125,175.98719879614748,175.7406888961475,0.002973240832507433,0.0,0.002973240832507433,0.002973240832507433,0.26858275520317143,51,4.852329038652131,3,1.425717063510734,1.4257170635107337,1.0,1.08
main,v040,LOSO-dep-f3,primary,LOSO,deployed,3,B,IPPO|wcnc2027_ablation/ippo_seed99,IPPO,99,R,wcnc2027_ablation 2026-09-14,1,-500.89071364342465,470.6589200434246,27.0,0.6067936,2.625,193.05397570105202,192.90227730105204,0.0019821605550049554,0.0,0.0019821605550049554,0.0009910802775024777,0.1159563924677899,32,3.044598612487612,2,0.7188164313257891,1.4257170635107337,0.5059578995704223,1.08
main,v040,LOSO-dep-f3,primary,LOSO,deployed,3,B,IPPO|wcnc2027_ablation/ippo_seed99,IPPO,99,R,wcnc2027_ablation 2026-09-14,2,-285.3829492908979,285.3829492908979,0.0,0.0,0.0,207.24386539215953,207.24386539215953,0.0,0.0,0.0,0.0,0.0,0,0.0,0,0.0,0.0,0.0,1.08
main,v040,LOSO-dep-f3,primary,LOSO,deployed,3,B,IPPO|wcnc2027_ablation/ippo_seed99,IPPO,99,R,wcnc2027_ablation 2026-09-14,3,-17861.905328200883,390.983640815955,17470.276969184928,0.6447182,0.0,623.4016002175587,623.2404206675586,0.6759167492566898,0.6333002973240832,0.6749256689791873,0.6749256689791873,0.7324083250743311,34,3.2348860257680876,682,2215.235902720812,11216.983585761867,0.9537455739569477,1.08
main,v040,LOSO-dep-f3,primary,LOSO,deployed,3,B,IPPO|wcnc2027_ablation/ippo_seed99,IPPO,99,R,wcnc2027_ablation 2026-09-14,4,-640.948565325352,556.629696325352,81.0,0.5688690000000001,2.75,187.46706107863352,187.3248438286335,0.002973240832507433,0.0,0.002973240832507433,0.002973240832507433,0.14568880079286423,30,2.8543111992071357,3,1.425717063510734,1.4257170635107337,1.0,1.08
main,v040,LOSO-dep-f3,primary,LOSO,deployed,3,B,IPPO|wcnc2027_ablation/ippo_seed99,IPPO,99,R,wcnc2027_ablation 2026-09-14,5,-377.571129816855,376.84358221685494,0.0,0.22754760000000002,0.5,202.1778373499423,202.1209504499423,0.0,0.0,0.0,0.0,0.04162537165510406,12,1.1417244796828543,0,0.0,0.0,0.0,1.08
main,v040,LOSO-dep-f3,primary,LOSO,deployed,3,B,IPPO|wcnc2027_ablation/ippo_seed99,IPPO,99,R,wcnc2027_ablation 2026-09-14,6,-729.9688848050449,641.721619005045,81.0,0.8722658000000001,6.375,190.19443658868664,189.97637013868666,0.002973240832507433,0.0,0.002973240832507433,0.002973240832507433,0.14469772051536176,46,4.376610505450942,3,154.0137447315975,231.04299167654068,1.0,1.08
main,v040,LOSO-dep-f3,primary,LOSO,deployed,3,B,IPPO|wcnc2027_ablation/ippo_seed99,IPPO,99,R,wcnc2027_ablation 2026-09-14,7,-646.1410774161357,586.3713592161357,54.0,0.6447182,5.125,195.21938794818817,195.05820839818813,0.0019821605550049554,0.0,0.0019821605550049554,0.0019821605550049554,0.0981169474727453,34,3.2348860257680876,2,1.4257170635107337,1.4257170635107337,1.0,1.08
main,v040,LOSO-dep-f3,primary,LOSO,deployed,3,B,IPPO|wcnc2027_ablation/ippo_seed99,IPPO,99,R,wcnc2027_ablation 2026-09-14,8,-396.6782773015681,396.3903527015681,0.0,0.0379246,0.25,206.76262377718697,206.75314262718697,0.0,0.0,0.0,0.0,0.002973240832507433,2,0.19028741328047574,0,0.0,0.0,0.0,1.08
main,v040,LOSO-dep-f3,primary,LOSO,deployed,3,B,IPPO|wcnc2027_ablation/ippo_seed99,IPPO,99,R,wcnc2027_ablation 2026-09-14,9,-1080.01144018583,81.01144018583015,999.0,0.0,0.0,207.49609891718006,207.49609891718006,0.04558969276511397,0.04558969276511397,0.0,0.036669970267591674,0.0,0,0.0,46,8.450041579904692,99.27811641324571,0.815618707421439,1.08
main,v040,LOSO-dep-f3,primary,LOSO,deployed,3,B,IPPO|ppo_single_site_ensemble_seed42_20260517T091403,IPPO,42,P,"May 2026, pre-781c90c reward",all,-5737.630399035748,4335.337939035748,1377.0,3.79246,21.5,1975.1775410945984,1974.2294260945987,0.006045589692765114,0.0046580773042616454,0.0013875123885034688,0.005054509415262636,0.08146679881070366,198,1.8838453914767097,61,6.768637497854449,99.27811641324571,0.8447602678774925,1.1
main,v040,LOSO-dep-f3,primary,LOSO,deployed,3,B,IPPO|ppo_single_site_ensemble_seed42_20260517T091403,IPPO,42,P,"May 2026, pre-781c90c reward",0,-910.5429401571195,801.7619957571194,108.0,0.5309444000000001,0.25,177.4861557792698,177.35341967926982,0.003964321110009911,0.0,0.003964321110009911,0.003964321110009911,0.25867195242814667,27,2.5688800792864224,4,1.4257170635107337,1.4257170635107337,1.0,1.1
main,v040,LOSO-dep-f3,primary,LOSO,deployed,3,B,IPPO|ppo_single_site_ensemble_seed42_20260517T091403,IPPO,42,P,"May 2026, pre-781c90c reward",1,-507.86882392082987,476.2241057208298,27.0,0.6447182,4.0,193.57538078150725,193.41420123150726,0.0019821605550049554,0.0,0.0019821605550049554,0.0009910802775024777,0.1110009910802775,34,3.2348860257680876,2,0.7188164313257891,1.4257170635107337,0.5059578995704223,1.1
main,v040,LOSO-dep-f3,primary,LOSO,deployed,3,B,IPPO|ppo_single_site_ensemble_seed42_20260517T091403,IPPO,42,P,"May 2026, pre-781c90c reward",2,-341.5750758847455,286.6242266847455,54.0,0.0758492,0.875,207.7862457990512,207.7672834990512,0.0019821605550049554,0.0,0.0019821605550049554,0.0019821605550049554,0.002973240832507433,4,0.3805748265609515,2,1.4257170635107337,1.4257170635107337,1.0,1.1
main,v040,LOSO-dep-f3,primary,LOSO,deployed,3,B,IPPO|ppo_single_site_ensemble_seed42_20260517T091403,IPPO,42,P,"May 2026, pre-781c90c reward",3,-164.931448168637,137.931448168637,27.0,0.0,0.0,207.4683263433343,207.4683263433343,0.0009910802775024777,0.0009910802775024777,0.0,0.0009910802775024777,0.0,0,0.0,1,5.638737068725305,5.638737068725305,1.0,1.1
main,v040,LOSO-dep-f3,primary,LOSO,deployed,3,B,IPPO|ppo_single_site_ensemble_seed42_20260517T091403,IPPO,42,P,"May 2026, pre-781c90c reward",4,-620.3638551550273,565.2837599550273,54.0,0.45509520000000003,0.625,187.97410332848676,187.86032952848677,0.0019821605550049554,0.0,0.0019821605550049554,0.0019821605550049554,0.14073339940535184,24,2.2834489593657086,2,1.4257170635107337,1.4257170635107337,1.0,1.1
main,v040,LOSO-dep-f3,primary,LOSO,deployed,3,B,IPPO|ppo_single_site_ensemble_seed42_20260517T091403,IPPO,42,P,"May 2026, pre-781c90c reward",5,-398.46375176781726,370.2853549678173,27.0,0.3033968,0.875,201.71115956010948,201.63531036010946,0.0009910802775024777,0.0,0.0009910802775024777,0.0009910802775024777,0.05550049554013875,16,1.522299306243806,1,1.4257170635107337,1.4257170635107337,1.0,1.1
main,v040,LOSO-dep-f3,primary,LOSO,deployed,3,B,IPPO|ppo_single_site_ensemble_seed42_20260517T091403,IPPO,42,P,"May 2026, pre-781c90c reward",6,-681.5125569029224,643.4506681029222,27.0,1.0618888000000002,10.0,190.6299086813576,190.36443648135756,0.0009910802775024777,0.0,0.0009910802775024777,0.0009910802775024777,0.13676907829534193,55,5.232903865213083,1,1.4257170635107337,1.4257170635107337,1.0,1.1
main,v040,LOSO-dep-f3,primary,LOSO,deployed,3,B,IPPO|ppo_single_site_ensemble_seed42_20260517T091403,IPPO,42,P,"May 2026, pre-781c90c reward",7,-642.8107070786225,585.6547626786225,54.0,0.5309444000000001,2.625,195.03444251618515,194.90170641618514,0.0019821605550049554,0.0,0.0019821605550049554,0.0019821605550049554,0.10009910802775025,28,2.66402378592666,2,1.4257170635107337,1.4257170635107337,1.0,1.1
main,v040,LOSO-dep-f3,primary,LOSO,deployed,3,B,IPPO|ppo_single_site_ensemble_seed42_20260517T091403,IPPO,42,P,"May 2026, pre-781c90c reward",8,-389.54979981419723,387.1101768141972,0.0,0.189623,2.25,206.01571938811702,205.968313638117,0.0,0.0,0.0,0.0,0.008919722497522299,10,0.9514370664023787,0,0.0,0.0,0.0,1.1
main,v040,LOSO-dep-f3,primary,LOSO,deployed,3,B,IPPO|ppo_single_site_ensemble_seed42_20260517T091403,IPPO,42,P,"May 2026, pre-781c90c reward",9,-1080.01144018583,81.01144018583015,999.0,0.0,0.0,207.49609891718006,207.49609891718006,0.04558969276511397,0.04558969276511397,0.0,0.036669970267591674,0.0,0,0.0,46,8.450041579904692,99.27811641324571,0.815618707421439,1.1
main,v040,LOSO-dep-f3,primary,LOSO,deployed,3,B,IPPO|ppo_single_site_ensemble_seed64_20260517T110907,IPPO,64,P,"May 2026, pre-781c90c reward",all,-5776.958147859659,4337.181838075769,1410.0933775838907,4.0579322,25.625,1971.3972488941658,1970.382765844166,0.006342913776015857,0.0046580773042616454,0.0016848364717542122,0.005351833498513379,0.08602576808721507,213,2.0265609514370664,64,10.044726959531129,229.57252545474108,0.8270857644790114,1.1
main,v040,LOSO-dep-f3,primary,LOSO,deployed,3,B,IPPO|ppo_single_site_ensemble_seed64_20260517T110907,IPPO,64,P,"May 2026, pre-781c90c reward",0,-895.5400038289908,773.2667691211777,112.97257210781311,1.1756626,8.125,174.1297296390734,173.83581398907336,0.004955401387512388,0.0,0.004955401387512388,0.004955401387512388,0.30822596630327054,61,5.8037661050545095,5,1.193724131527341,1.4257170635107337,0.8531504807187542,1.1
main,v040,LOSO-dep-f3,primary,LOSO,deployed,3,B,IPPO|ppo_single_site_ensemble_seed64_20260517T110907,IPPO,64,P,"May 2026, pre-781c90c reward",1,-507.44468706482536,478.03874266482535,27.0,0.5309444000000001,1.875,193.8520839198537,193.7193478198537,0.0019821605550049554,0.0,0.0019821605550049554,0.0009910802775024777,0.10703666997026759,28,2.66402378592666,2,0.7188164313257891,1.4257170635107337,0.5059578995704223,1.1
main,v040,LOSO-dep-f3,primary,LOSO,deployed,3,B,IPPO|ppo_single_site_ensemble_seed64_20260517T110907,IPPO,64,P,"May 2026, pre-781c90c reward",2,-285.3829492908979,285.3829492908979,0.0,0.0,0.0,207.24386539215953,207.24386539215953,0.0,0.0,0.0,0.0,0.0,0,0.0,0,0.0,0.0,0.0,1.1
main,v040,LOSO-dep-f3,primary,LOSO,deployed,3,B,IPPO|ppo_single_site_ensemble_seed64_20260517T110907,IPPO,64,P,"May 2026, pre-781c90c reward",3,-164.931448168637,137.931448168637,27.0,0.0,0.0,207.4683263433343,207.4683263433343,0.0009910802775024777,0.0009910802775024777,0.0,0.0009910802775024777,0.0,0,0.0,1,5.638737068725305,5.638737068725305,1.0,1.1
main,v040,LOSO-dep-f3,primary,LOSO,deployed,3,B,IPPO|ppo_single_site_ensemble_seed64_20260517T110907,IPPO,64,P,"May 2026, pre-781c90c reward",4,-647.2184502582184,564.6004304582183,81.0,0.4930198,1.125,187.93163720002906,187.80838225002907,0.002973240832507433,0.0,0.002973240832507433,0.002973240832507433,0.14271555996035679,26,2.4737363726461843,3,1.425717063510734,1.4257170635107337,1.0,1.1
main,v040,LOSO-dep-f3,primary,LOSO,deployed,3,B,IPPO|ppo_single_site_ensemble_seed64_20260517T110907,IPPO,64,P,"May 2026, pre-781c90c reward",5,-398.623121633919,370.60764943391905,27.0,0.2654722,0.75,201.6002174152277,201.53384936522767,0.0009910802775024777,0.0,0.0009910802775024777,0.0009910802775024777,0.049554013875123884,14,1.33201189296333,1,1.4257170635107337,1.4257170635107337,1.0,1.1
main,v040,LOSO-dep-f3,primary,LOSO,deployed,3,B,IPPO|ppo_single_site_ensemble_seed64_20260517T110907,IPPO,64,P,"May 2026, pre-781c90c reward",6,-744.8153801810679,687.170661981068,54.0,0.6447182,3.0,192.2891008561104,192.1279213061104,0.0019821605550049554,0.0,0.0019821605550049554,0.0019821605550049554,0.12289395441030723,34,3.2348860257680876,2,115.49912125912591,229.57252545474108,1.0,1.1
main,v040,LOSO-dep-f3,primary,LOSO,deployed,3,B,IPPO|ppo_single_site_ensemble_seed64_20260517T110907,IPPO,64,P,"May 2026, pre-781c90c reward",7,-657.6638355666391,566.5345380905615,82.12080547607759,0.758492,8.25,192.91211210480373,192.72248910480374,0.003964321110009911,0.0,0.003964321110009911,0.003964321110009911,0.12487611496531219,40,3.8057482656095147,4,1.1036278432670303,1.4257170635107337,0.78434004563398,1.1
main,v040,LOSO-dep-f3,primary,LOSO,deployed,3,B,IPPO|ppo_single_site_ensemble_seed64_20260517T110907,IPPO,64,P,"May 2026, pre-781c90c reward",8,-395.3268316806342,392.63720868063416,0.0,0.189623,2.5,206.47407710639413,206.42667135639414,0.0,0.0,0.0,0.0,0.004955401387512388,10,0.9514370664023787,0,0.0,0.0,0.0,1.1
main,v040,LOSO-dep-f3,primary,LOSO,deployed,3,B,IPPO|ppo_single_site_ensemble_seed64_20260517T110907,IPPO,64,P,"May 2026, pre-781c90c reward",9,-1080.01144018583,81.01144018583015,999.0,0.0,0.0,207.49609891718006,207.49609891718006,0.04558969276511397,0.04558969276511397,0.0,0.036669970267591674,0.0,0,0.0,46,8.450041579904692,99.27811641324571,0.815618707421439,1.1
main,v040,LOSO-dep-f3,primary,LOSO,deployed,3,B,IPPO|ppo_single_site_ensemble_seed1_20260517T110907,IPPO,1,P,"May 2026, pre-781c90c reward",all,-5597.6790708641665,4360.538309264166,1215.0,3.6407616000000003,18.5,1977.2677372089772,1976.3575468089773,0.005450941526263627,0.0046580773042616454,0.0007928642220019821,0.0044598612487611496,0.07621407333994054,191,1.8172447968285435,55,11.499625334168863,229.57252545474108,0.8278250243732188,1.1
main,v040,LOSO-dep-f3,primary,LOSO,deployed,3,B,IPPO|ppo_single_site_ensemble_seed1_20260517T110907,IPPO,1,P,"May 2026, pre-781c90c reward",0,-863.889400895284,807.456758095284,54.0,0.6826428,1.75,177.88577582260245,177.71511512260247,0.0019821605550049554,0.0,0.0019821605550049554,0.0019821605550049554,0.244796828543112,35,3.3300297324083252,2,1.4257170635107337,1.4257170635107337,1.0,1.1
main,v040,LOSO-dep-f3,primary,LOSO,deployed,3,B,IPPO|ppo_single_site_ensemble_seed1_20260517T110907,IPPO,1,P,"May 2026, pre-781c90c reward",1,-510.0208206016035,479.7890270016034,27.0,0.6067936,2.625,194.0414914076925,193.8897930076925,0.0019821605550049554,0.0,0.0019821605550049554,0.0009910802775024777,0.10307234886025768,32,3.044598612487612,2,0.7188164313257891,1.4257170635107337,0.5059578995704223,1.1
main,v040,LOSO-dep-f3,primary,LOSO,deployed,3,B,IPPO|ppo_single_site_ensemble_seed1_20260517T110907,IPPO,1,P,"May 2026, pre-781c90c reward",2,-285.3829492908979,285.3829492908979,0.0,0.0,0.0,207.24386539215953,207.24386539215953,0.0,0.0,0.0,0.0,0.0,0,0.0,0,0.0,0.0,0.0,1.1
main,v040,LOSO-dep-f3,primary,LOSO,deployed,3,B,IPPO|ppo_single_site_ensemble_seed1_20260517T110907,IPPO,1,P,"May 2026, pre-781c90c reward",3,-164.931448168637,137.931448168637,27.0,0.0,0.0,207.4683263433343,207.4683263433343,0.0009910802775024777,0.0009910802775024777,0.0,0.0009910802775024777,0.0,0,0.0,1,5.638737068725305,5.638737068725305,1.0,1.1
main,v040,LOSO-dep-f3,primary,LOSO,deployed,3,B,IPPO|ppo_single_site_ensemble_seed1_20260517T110907,IPPO,1,P,"May 2026, pre-781c90c reward",4,-602.5916431104113,573.1477741104113,27.0,0.5688690000000001,1.875,188.99569485761768,188.85347760761766,0.0009910802775024777,0.0,0.0009910802775024777,0.0009910802775024777,0.1288404360753221,30,2.8543111992071357,1,1.4257170635107337,1.4257170635107337,1.0,1.1
main,v040,LOSO-dep-f3,primary,LOSO,deployed,3,B,IPPO|ppo_single_site_ensemble_seed1_20260517T110907,IPPO,1,P,"May 2026, pre-781c90c reward",5,-388.01452110590293,387.3248981059029,0.0,0.18962299999999999,0.5,203.04166327174883,202.99425752174884,0.0,0.0,0.0,0.0,0.03468780971258672,10,0.9514370664023787,0,0.0,0.0,0.0,1.1
main,v040,LOSO-dep-f3,primary,LOSO,deployed,3,B,IPPO|ppo_single_site_ensemble_seed1_20260517T110907,IPPO,1,P,"May 2026, pre-781c90c reward",6,-672.7907561379733,637.8805657379733,27.0,0.9101904000000001,7.0,189.98600786368763,189.75846026368765,0.0009910802775024777,0.0,0.0009910802775024777,0.0009910802775024777,0.14172447968285432,48,4.566897918731417,1,229.57252545474108,229.57252545474108,1.0,1.1
main,v040,LOSO-dep-f3,primary,LOSO,deployed,3,B,IPPO|ppo_single_site_ensemble_seed1_20260517T110907,IPPO,1,P,"May 2026, pre-781c90c reward",7,-645.0081012030973,585.7763076030974,54.0,0.6067936,4.625,195.18630431960437,195.03460591960436,0.0019821605550049554,0.0,0.0019821605550049554,0.0019821605550049554,0.09712586719524281,32,3.044598612487612,2,1.4257170635107337,1.4257170635107337,1.0,1.1
main,v040,LOSO-dep-f3,primary,LOSO,deployed,3,B,IPPO|ppo_single_site_ensemble_seed1_20260517T110907,IPPO,1,P,"May 2026, pre-781c90c reward",8,-385.0379901645294,384.8371409645294,0.0,0.0758492,0.125,205.92250901334992,205.9035467133499,0.0,0.0,0.0,0.0,0.011892963330029732,4,0.3805748265609515,0,0.0,0.0,0.0,1.1
main,v040,LOSO-dep-f3,primary,LOSO,deployed,3,B,IPPO|ppo_single_site_ensemble_seed1_20260517T110907,IPPO,1,P,"May 2026, pre-781c90c reward",9,-1080.01144018583,81.01144018583015,999.0,0.0,0.0,207.49609891718006,207.49609891718006,0.04558969276511397,0.04558969276511397,0.0,0.036669970267591674,0.0,0,0.0,46,8.450041579904692,99.27811641324571,0.815618707421439,1.1
main,v040,LOSO-dep-f3,primary,LOSO,deployed,3,B,IPPO|ppo_single_site_ensemble_seed7_20260517T091403,IPPO,7,P,"May 2026, pre-781c90c reward",all,-5684.702644456667,4332.209335256667,1323.0,3.8683091999999997,25.625,1973.7421843916377,1972.775107091638,0.005847373637264618,0.0046580773042616454,0.0011892963330029733,0.0048562933597621405,0.08126858275520317,203,1.9314172447968287,59,14.708466716040006,231.04299167654068,0.8394979040767295,1.1
main,v040,LOSO-dep-f3,primary,LOSO,deployed,3,B,IPPO|ppo_single_site_ensemble_seed7_20260517T091403,IPPO,7,P,"May 2026, pre-781c90c reward",0,-854.4457422190458,796.9751748190458,54.0,0.7205674000000001,2.75,176.98398057519933,176.80383872519934,0.0019821605550049554,0.0,0.0019821605550049554,0.0019821605550049554,0.2556987115956392,37,3.520317145688801,2,1.4257170635107337,1.4257170635107337,1.0,1.1
main,v040,LOSO-dep-f3,primary,LOSO,deployed,3,B,IPPO|ppo_single_site_ensemble_seed7_20260517T091403,IPPO,7,P,"May 2026, pre-781c90c reward",1,-491.31852592028633,453.5333355202864,27.0,0.9101904000000001,9.875,191.23210690188046,191.00455930188045,0.0019821605550049554,0.0,0.0019821605550049554,0.0009910802775024777,0.13181367690782952,48,4.566897918731417,2,0.7188164313257891,1.4257170635107337,0.5059578995704223,1.1
main,v040,LOSO-dep-f3,primary,LOSO,deployed,3,B,IPPO|ppo_single_site_ensemble_seed7_20260517T091403,IPPO,7,P,"May 2026, pre-781c90c reward",2,-285.3829492908979,285.3829492908979,0.0,0.0,0.0,207.24386539215953,207.24386539215953,0.0,0.0,0.0,0.0,0.0,0,0.0,0,0.0,0.0,0.0,1.1
main,v040,LOSO-dep-f3,primary,LOSO,deployed,3,B,IPPO|ppo_single_site_ensemble_seed7_20260517T091403,IPPO,7,P,"May 2026, pre-781c90c reward",3,-164.931448168637,137.931448168637,27.0,0.0,0.0,207.4683263433343,207.4683263433343,0.0009910802775024777,0.0009910802775024777,0.0,0.0009910802775024777,0.0,0,0.0,1,5.638737068725305,5.638737068725305,1.0,1.1
main,v040,LOSO-dep-f3,primary,LOSO,deployed,3,B,IPPO|ppo_single_site_ensemble_seed7_20260517T091403,IPPO,7,P,"May 2026, pre-781c90c reward",4,-671.2786742621195,561.9106544621195,108.0,0.4930198,0.875,187.58878484261555,187.46552989261554,0.003964321110009911,0.0,0.003964321110009911,0.003964321110009911,0.14866204162537167,26,2.4737363726461843,4,1.4257170635107337,1.4257170635107337,1.0,1.1
main,v040,LOSO-dep-f3,primary,LOSO,deployed,3,B,IPPO|ppo_single_site_ensemble_seed7_20260517T091403,IPPO,7,P,"May 2026, pre-781c90c reward",5,-389.544681005834,388.98005800583394,0.0,0.18962299999999999,0.375,203.26387718640171,203.21647143640172,0.0,0.0,0.0,0.0,0.03369672943508424,10,0.9514370664023787,0,0.0,0.0,0.0,1.1
main,v040,LOSO-dep-f3,primary,LOSO,deployed,3,B,IPPO|ppo_single_site_ensemble_seed7_20260517T091403,IPPO,7,P,"May 2026, pre-781c90c reward",6,-726.3298769000387,637.1317619000388,81.0,0.948115,7.25,189.8672475163778,189.63021876637782,0.002973240832507433,0.0,0.002973240832507433,0.002973240832507433,0.14767096134786917,50,4.757185332011893,3,154.0137447315975,231.04299167654068,1.0,1.1
main,v040,LOSO-dep-f3,primary,LOSO,deployed,3,B,IPPO|ppo_single_site_ensemble_seed7_20260517T091403,IPPO,7,P,"May 2026, pre-781c90c reward",7,-619.4227263470541,587.315932747054,27.0,0.6067936,4.5,195.4497685598313,195.2980701598313,0.0009910802775024777,0.0,0.0009910802775024777,0.0009910802775024777,0.09514370664023786,32,3.044598612487612,1,1.4257170635107337,1.4257170635107337,1.0,1.1
main,v040,LOSO-dep-f3,primary,LOSO,deployed,3,B,IPPO|ppo_single_site_ensemble_seed7_20260517T091403,IPPO,7,P,"May 2026, pre-781c90c reward",8,-402.0365801569236,402.0365801569236,0.0,0.0,0.0,207.14812815665772,207.14812815665772,0.0,0.0,0.0,0.0,0.0,0,0.0,0,0.0,0.0,0.0,1.1
main,v040,LOSO-dep-f3,primary,LOSO,deployed,3,B,IPPO|ppo_single_site_ensemble_seed7_20260517T091403,IPPO,7,P,"May 2026, pre-781c90c reward",9,-1080.01144018583,81.01144018583015,999.0,0.0,0.0,207.49609891718006,207.49609891718006,0.04558969276511397,0.04558969276511397,0.0,0.036669970267591674,0.0,0,0.0,46,8.450041579904692,99.27811641324571,0.815618707421439,1.1
main,v040,LOSO-dep-f3,primary,LOSO,deployed,3,B,IPPO|ppo_single_site_ensemble_seed13_20260517T091403,IPPO,13,P,"May 2026, pre-781c90c reward",all,-5547.260139250389,4354.778056250389,1161.0,3.982083,27.5,1976.244290504074,1975.2487697540741,0.005252725470763132,0.0046580773042616454,0.0005946481665014867,0.0042616451932606545,0.07690782953419227,209,1.9885034687809713,53,7.575116053981804,99.27811641324571,0.8213278554816421,1.1
main,v040,LOSO-dep-f3,primary,LOSO,deployed,3,B,IPPO|ppo_single_site_ensemble_seed13_20260517T091403,IPPO,13,P,"May 2026, pre-781c90c reward",0,-830.5685975080986,797.1584071080987,27.0,0.9101904000000001,5.5,177.01170063776368,176.78415303776367,0.0009910802775024777,0.0,0.0009910802775024777,0.0009910802775024777,0.24281466798810702,47,4.47175421209118,1,1.4257170635107337,1.4257170635107337,1.0,1.1
main,v040,LOSO-dep-f3,primary,LOSO,deployed,3,B,IPPO|ppo_single_site_ensemble_seed13_20260517T091403,IPPO,13,P,"May 2026, pre-781c90c reward",1,-496.35068058968125,462.8421885896813,27.0,0.758492,5.75,192.14094448995033,191.95132148995032,0.0019821605550049554,0.0,0.0019821605550049554,0.0009910802775024777,0.1278493557978196,40,3.8057482656095147,2,0.7188164313257891,1.4257170635107337,0.5059578995704223,1.1
main,v040,LOSO-dep-f3,primary,LOSO,deployed,3,B,IPPO|ppo_single_site_ensemble_seed13_20260517T091403,IPPO,13,P,"May 2026, pre-781c90c reward",2,-285.3829492908979,285.3829492908979,0.0,0.0,0.0,207.24386539215953,207.24386539215953,0.0,0.0,0.0,0.0,0.0,0,0.0,0,0.0,0.0,0.0,1.1
main,v040,LOSO-dep-f3,primary,LOSO,deployed,3,B,IPPO|ppo_single_site_ensemble_seed13_20260517T091403,IPPO,13,P,"May 2026, pre-781c90c reward",3,-164.931448168637,137.931448168637,27.0,0.0,0.0,207.4683263433343,207.4683263433343,0.0009910802775024777,0.0009910802775024777,0.0,0.0009910802775024777,0.0,0,0.0,1,5.638737068725305,5.638737068725305,1.0,1.1
main,v040,LOSO-dep-f3,primary,LOSO,deployed,3,B,IPPO|ppo_single_site_ensemble_seed13_20260517T091403,IPPO,13,P,"May 2026, pre-781c90c reward",4,-595.2771319910673,567.1970367910674,27.0,0.4550952,0.625,188.2324284667397,188.1186546667397,0.0009910802775024777,0.0,0.0009910802775024777,0.0009910802775024777,0.1377601585728444,24,2.2834489593657086,1,1.4257170635107337,1.4257170635107337,1.0,1.1
main,v040,LOSO-dep-f3,primary,LOSO,deployed,3,B,IPPO|ppo_single_site_ensemble_seed13_20260517T091403,IPPO,13,P,"May 2026, pre-781c90c reward",5,-435.1375864005056,407.0729634005056,27.0,0.18962299999999999,0.875,204.97855112206142,204.93114537206142,0.0009910802775024777,0.0,0.0009910802775024777,0.0009910802775024777,0.024777006937561942,10,0.9514370664023787,1,1.4257170635107337,1.4257170635107337,1.0,1.1
main,v040,LOSO-dep-f3,primary,LOSO,deployed,3,B,IPPO|ppo_single_site_ensemble_seed13_20260517T091403,IPPO,13,P,"May 2026, pre-781c90c reward",6,-657.3776466877542,645.3157578877542,0.0,1.0618888,11.0,191.0276593134056,190.7621871134056,0.0,0.0,0.0,0.0,0.12190287413280476,56,5.32804757185332,0,0.0,0.0,0.0,1.1
main,v040,LOSO-dep-f3,primary,LOSO,deployed,3,B,IPPO|ppo_single_site_ensemble_seed13_20260517T091403,IPPO,13,P,"May 2026, pre-781c90c reward",7,-605.5352171028765,574.3413481028764,27.0,0.5688690000000001,3.625,193.84895799637442,193.7067407463744,0.0009910802775024777,0.0,0.0009910802775024777,0.0009910802775024777,0.11000991080277503,30,2.8543111992071357,1,1.4257170635107337,1.4257170635107337,1.0,1.1
main,v040,LOSO-dep-f3,primary,LOSO,deployed,3,B,IPPO|ppo_single_site_ensemble_seed13_20260517T091403,IPPO,13,P,"May 2026, pre-781c90c reward",8,-396.6874413250407,396.5245167250407,0.0,0.0379246,0.125,206.7957578251049,206.78627667510486,0.0,0.0,0.0,0.0,0.003964321110009911,2,0.19028741328047574,0,0.0,0.0,0.0,1.1
main,v040,LOSO-dep-f3,primary,LOSO,deployed,3,B,IPPO|ppo_single_site_ensemble_seed13_20260517T091403,IPPO,13,P,"May 2026, pre-781c90c reward",9,-1080.01144018583,81.01144018583015,999.0,0.0,0.0,207.49609891718006,207.49609891718006,0.04558969276511397,0.04558969276511397,0.0,0.036669970267591674,0.0,0,0.0,46,8.450041579904692,99.27811641324571,0.815618707421439,1.1
main,v040,LOSO-dep-f3,primary,LOSO,deployed,3,B,IPPO|ppo_single_site_ensemble_seed23_20260517T110907,IPPO,23,P,"May 2026, pre-781c90c reward",all,-5676.323997771195,4318.781486295118,1324.1208054760775,4.171706,29.25,1970.610000501349,1969.567074001349,0.005946481665014866,0.0046580773042616454,0.001288404360753221,0.004955401387512388,0.08493557978196234,219,2.083647175421209,60,14.465614940481608,231.04299167654068,0.8277956087177161,1.1
main,v040,LOSO-dep-f3,primary,LOSO,deployed,3,B,IPPO|ppo_single_site_ensemble_seed23_20260517T110907,IPPO,23,P,"May 2026, pre-781c90c reward",0,-855.2603505837089,795.801009383709,54.0,0.8343412,4.625,176.81774295299692,176.60915765299688,0.0019821605550049554,0.0,0.0019821605550049554,0.0019821605550049554,0.2556987115956392,43,4.0911793855302285,2,1.4257170635107337,1.4257170635107337,1.0,1.1
main,v040,LOSO-dep-f3,primary,LOSO,deployed,3,B,IPPO|ppo_single_site_ensemble_seed23_20260517T110907,IPPO,23,P,"May 2026, pre-781c90c reward",1,-491.679825625505,462.485956625505,27.0,0.5688690000000001,1.625,192.12547186062926,191.98325461062927,0.0019821605550049554,0.0,0.0019821605550049554,0.0009910802775024777,0.12685827552031714,30,2.8543111992071357,2,0.7188164313257891,1.4257170635107337,0.5059578995704223,1.1
main,v040,LOSO-dep-f3,primary,LOSO,deployed,3,B,IPPO|ppo_single_site_ensemble_seed23_20260517T110907,IPPO,23,P,"May 2026, pre-781c90c reward",2,-285.3829492908979,285.3829492908979,0.0,0.0,0.0,207.24386539215953,207.24386539215953,0.0,0.0,0.0,0.0,0.0,0,0.0,0,0.0,0.0,0.0,1.1
main,v040,LOSO-dep-f3,primary,LOSO,deployed,3,B,IPPO|ppo_single_site_ensemble_seed23_20260517T110907,IPPO,23,P,"May 2026, pre-781c90c reward",3,-164.931448168637,137.931448168637,27.0,0.0,0.0,207.4683263433343,207.4683263433343,0.0009910802775024777,0.0009910802775024777,0.0,0.0009910802775024777,0.0,0,0.0,1,5.638737068725305,5.638737068725305,1.0,1.1
main,v040,LOSO-dep-f3,primary,LOSO,deployed,3,B,IPPO|ppo_single_site_ensemble_seed23_20260517T110907,IPPO,23,P,"May 2026, pre-781c90c reward",4,-645.1388597087312,562.6458399087312,81.0,0.4930198,1.0,187.6896256227543,187.5663706727543,0.002973240832507433,0.0,0.002973240832507433,0.002973240832507433,0.14469772051536176,26,2.4737363726461843,3,1.425717063510734,1.4257170635107337,1.0,1.1
main,v040,LOSO-dep-f3,primary,LOSO,deployed,3,B,IPPO|ppo_single_site_ensemble_seed23_20260517T110907,IPPO,23,P,"May 2026, pre-781c90c reward",5,-378.407161217897,377.80461361789696,0.0,0.22754760000000002,0.375,202.2310451451789,202.17415824517892,0.0,0.0,0.0,0.0,0.04558969276511397,12,1.1417244796828543,0,0.0,0.0,0.0,1.1
main,v040,LOSO-dep-f3,primary,LOSO,deployed,3,B,IPPO|ppo_single_site_ensemble_seed23_20260517T110907,IPPO,23,P,"May 2026, pre-781c90c reward",6,-741.9965704297215,653.2984554297215,81.0,0.948115,6.75,189.72516216771044,189.48813341771046,0.002973240832507433,0.0,0.002973240832507433,0.002973240832507433,0.15163528245787908,50,4.757185332011893,3,154.0137447315975,231.04299167654068,1.0,1.1
main,v040,LOSO-dep-f3,primary,LOSO,deployed,3,B,IPPO|ppo_single_site_ensemble_seed23_20260517T110907,IPPO,23,P,"May 2026, pre-781c90c reward",7,-637.5327746122227,567.2630049361453,55.12080547607759,1.0239642,14.125,193.15588608785743,192.89989503785742,0.002973240832507433,0.0,0.002973240832507433,0.002973240832507433,0.12091179385530228,54,5.137760158572845,3,0.9962647698524624,1.4257170635107337,0.71245339417864,1.1
main,v040,LOSO-dep-f3,primary,LOSO,deployed,3,B,IPPO|ppo_single_site_ensemble_seed23_20260517T110907,IPPO,23,P,"May 2026, pre-781c90c reward",8,-395.9826179480434,395.1567687480434,0.0,0.0758492,0.75,206.65677601154795,206.63781371154795,0.0,0.0,0.0,0.0,0.003964321110009911,4,0.3805748265609515,0,0.0,0.0,0.0,1.1
main,v040,LOSO-dep-f3,primary,LOSO,deployed,3,B,IPPO|ppo_single_site_ensemble_seed23_20260517T110907,IPPO,23,P,"May 2026, pre-781c90c reward",9,-1080.01144018583,81.01144018583015,999.0,0.0,0.0,207.49609891718006,207.49609891718006,0.04558969276511397,0.04558969276511397,0.0,0.036669970267591674,0.0,0,0.0,46,8.450041579904692,99.27811641324571,0.815618707421439,1.1
main,v040,LOSO-dep-f3,primary,LOSO,deployed,3,B,IPPO|ppo_single_site_ensemble_seed77_20260517T110907,IPPO,77,P,"May 2026, pre-781c90c reward",all,-5732.189267508488,4327.12430363241,1378.1208054760775,3.9441584,23.0,1980.1765496813523,1979.1905100813524,0.006045589692765114,0.004757185332011893,0.0026759167492566896,0.005153617443012884,0.08275520317145689,207,1.9694747274529236,61,28372.53328787466,167170.4835618346,0.8460677015777421,1.11
main,v040,LOSO-dep-f3,primary,LOSO,deployed,3,B,IPPO|ppo_single_site_ensemble_seed77_20260517T110907,IPPO,77,P,"May 2026, pre-781c90c reward",0,-837.5193664794432,807.0487990794433,27.0,0.7205674,2.75,177.8212407312858,177.6410988812858,0.0009910802775024777,0.0,0.0009910802775024777,0.0009910802775024777,0.24083250743310208,37,3.520317145688801,1,1.4257170635107337,1.4257170635107337,1.0,1.11
main,v040,LOSO-dep-f3,primary,LOSO,deployed,3,B,IPPO|ppo_single_site_ensemble_seed77_20260517T110907,IPPO,77,P,"May 2026, pre-781c90c reward",1,-502.1652756544178,471.4334820544178,27.0,0.6067936,3.125,193.16474854000597,193.013050140006,0.0019821605550049554,0.0,0.0019821605550049554,0.0009910802775024777,0.11199207135777998,32,3.044598612487612,2,0.7188164313257891,1.4257170635107337,0.5059578995704223,1.11
main,v040,LOSO-dep-f3,primary,LOSO,deployed,3,B,IPPO|ppo_single_site_ensemble_seed77_20260517T110907,IPPO,77,P,"May 2026, pre-781c90c reward",2,-285.3829492908979,285.3829492908979,0.0,0.0,0.0,207.24386539215953,207.24386539215953,0.0,0.0,0.0,0.0,0.0,0,0.0,0,0.0,0.0,0.0,1.11
main,v040,LOSO-dep-f3,primary,LOSO,deployed,3,B,IPPO|ppo_single_site_ensemble_seed77_20260517T110907,IPPO,77,P,"May 2026, pre-781c90c reward",3,-164.931448168637,137.931448168637,27.0,0.0,0.0,207.4683263433343,207.4683263433343,0.0009910802775024777,0.0009910802775024777,0.0,0.0009910802775024777,0.0,0,0.0,1,5.638737068725305,5.638737068725305,1.0,1.11
main,v040,LOSO-dep-f3,primary,LOSO,deployed,3,B,IPPO|ppo_single_site_ensemble_seed77_20260517T110907,IPPO,77,P,"May 2026, pre-781c90c reward",4,-620.2438568912776,565.1637616912776,54.0,0.45509520000000003,0.625,187.9895734461696,187.8757996461696,0.0019821605550049554,0.0,0.0019821605550049554,0.0019821605550049554,0.14172447968285432,24,2.2834489593657086,2,1.4257170635107337,1.4257170635107337,1.0,1.11
main,v040,LOSO-dep-f3,primary,LOSO,deployed,3,B,IPPO|ppo_single_site_ensemble_seed77_20260517T110907,IPPO,77,P,"May 2026, pre-781c90c reward",5,-395.00385751390627,365.7496115139063,27.0,0.37924599999999997,1.875,201.04875612014905,200.95394462014906,0.0009910802775024777,0.0,0.0009910802775024777,0.0009910802775024777,0.057482656095143705,20,1.9028741328047574,1,1.4257170635107337,1.4257170635107337,1.0,1.11
main,v040,LOSO-dep-f3,primary,LOSO,deployed,3,B,IPPO|ppo_single_site_ensemble_seed77_20260517T110907,IPPO,77,P,"May 2026, pre-781c90c reward",6,-730.629267671794,643.294926471794,81.0,0.8343412,5.5,190.35729175335035,190.14870645335034,0.002973240832507433,0.0,0.002973240832507433,0.002973240832507433,0.14172447968285432,44,4.186323092170466,3,154.0137447315975,231.04299167654068,1.0,1.11
main,v040,LOSO-dep-f3,primary,LOSO,deployed,3,B,IPPO|ppo_single_site_ensemble_seed77_20260517T110907,IPPO,77,P,"May 2026, pre-781c90c reward",7,-630.9379320277078,567.3957099516302,55.12080547607759,0.7964166000000001,7.625,193.13546196672772,192.9363578167277,0.002973240832507433,0.0,0.002973240832507433,0.002973240832507433,0.12289395441030723,42,3.9960356788899905,3,0.9962647698524624,1.4257170635107337,0.71245339417864,1.11
main,v040,LOSO-dep-f3,primary,LOSO,deployed,3,B,IPPO|ppo_single_site_ensemble_seed77_20260517T110907,IPPO,77,P,"May 2026, pre-781c90c reward",8,-402.0365801569236,402.0365801569236,0.0,0.0,0.0,207.14812815665772,207.14812815665772,0.0,0.0,0.0,0.0,0.0,0,0.0,0,0.0,0.0,0.0,1.11
main,v040,LOSO-dep-f3,primary,LOSO,deployed,3,B,IPPO|ppo_single_site_ensemble_seed77_20260517T110907,IPPO,77,P,"May 2026, pre-781c90c reward",9,-1163.338733653483,81.68703525348307,1080.0,0.1516984,1.5,214.7991572315123,214.7612326315123,0.04757185332011893,0.04658077304261645,0.014866204162537165,0.03964321110009911,0.010901883052527254,8,0.761149653121903,48,36046.806693618004,167170.4835618346,0.8429344544701148,1.11
main,v040,LOSO-dep-f3,primary,LOSO,deployed,3,B,IPPO|ppo_single_site_ensemble_seed99_20260517T091403,IPPO,99,P,"May 2026, pre-781c90c reward",all,-5655.966806253037,4336.977743053038,1296.0,3.4890632000000004,19.5,1974.387636993051,1973.515371193051,0.005748265609514371,0.0046580773042616454,0.0010901883052527254,0.004757185332011893,0.07958374628344896,183,1.741129831516353,58,10.978561113272752,229.57252545474108,0.8367306265608111,1.11
main,v040,LOSO-dep-f3,primary,LOSO,deployed,3,B,IPPO|ppo_single_site_ensemble_seed99_20260517T091403,IPPO,99,P,"May 2026, pre-781c90c reward",0,-913.0349187366694,803.3410497366694,108.0,0.5688690000000001,1.125,177.69524237864107,177.55302512864105,0.003964321110009911,0.0,0.003964321110009911,0.003964321110009911,0.25173439048562934,29,2.759167492566898,4,1.4257170635107337,1.4257170635107337,1.0,1.11
main,v040,LOSO-dep-f3,primary,LOSO,deployed,3,B,IPPO|ppo_single_site_ensemble_seed99_20260517T091403,IPPO,99,P,"May 2026, pre-781c90c reward",1,-492.6514632180397,461.2188204180397,27.0,0.6826428,3.75,192.1799254381122,192.00926473811222,0.0019821605550049554,0.0,0.0019821605550049554,0.0009910802775024777,0.12289395441030723,36,3.4251734390485633,2,0.7188164313257891,1.4257170635107337,0.5059578995704223,1.11
main,v040,LOSO-dep-f3,primary,LOSO,deployed,3,B,IPPO|ppo_single_site_ensemble_seed99_20260517T091403,IPPO,99,P,"May 2026, pre-781c90c reward",2,-285.3829492908979,285.3829492908979,0.0,0.0,0.0,207.24386539215953,207.24386539215953,0.0,0.0,0.0,0.0,0.0,0,0.0,0,0.0,0.0,0.0,1.11
main,v040,LOSO-dep-f3,primary,LOSO,deployed,3,B,IPPO|ppo_single_site_ensemble_seed99_20260517T091403,IPPO,99,P,"May 2026, pre-781c90c reward",3,-164.931448168637,137.931448168637,27.0,0.0,0.0,207.4683263433343,207.4683263433343,0.0009910802775024777,0.0009910802775024777,0.0,0.0009910802775024777,0.0,0,0.0,1,5.638737068725305,5.638737068725305,1.0,1.11
main,v040,LOSO-dep-f3,primary,LOSO,deployed,3,B,IPPO|ppo_single_site_ensemble_seed99_20260517T091403,IPPO,99,P,"May 2026, pre-781c90c reward",4,-619.6251656956756,563.6321458956756,54.0,0.4930198,1.5,188.01643188338232,187.8931769333823,0.0019821605550049554,0.0,0.0019821605550049554,0.0019821605550049554,0.13974231912784935,26,2.4737363726461843,2,1.4257170635107337,1.4257170635107337,1.0,1.11
main,v040,LOSO-dep-f3,primary,LOSO,deployed,3,B,IPPO|ppo_single_site_ensemble_seed99_20260517T091403,IPPO,99,P,"May 2026, pre-781c90c reward",5,-382.55677245863893,381.86714945863895,0.0,0.189623,0.5,202.6835532788524,202.6361475288524,0.0,0.0,0.0,0.0,0.035678889990089196,10,0.9514370664023787,0,0.0,0.0,0.0,1.11
main,v040,LOSO-dep-f3,primary,LOSO,deployed,3,B,IPPO|ppo_single_site_ensemble_seed99_20260517T091403,IPPO,99,P,"May 2026, pre-781c90c reward",6,-674.1644688831188,639.9172030831189,27.0,0.8722658,6.375,190.138675345423,189.92060889542302,0.0009910802775024777,0.0,0.0009910802775024777,0.0009910802775024777,0.13974231912784935,46,4.376610505450942,1,229.57252545474108,229.57252545474108,1.0,1.11
main,v040,LOSO-dep-f3,primary,LOSO,deployed,3,B,IPPO|ppo_single_site_ensemble_seed99_20260517T091403,IPPO,99,P,"May 2026, pre-781c90c reward",7,-647.6255616674862,587.5187680674861,54.0,0.6067936,5.5,194.80874200441804,194.65704360441802,0.0019821605550049554,0.0,0.0019821605550049554,0.0019821605550049554,0.10208126858275521,32,3.044598612487612,2,1.4257170635107337,1.4257170635107337,1.0,1.11
main,v040,LOSO-dep-f3,primary,LOSO,deployed,3,B,IPPO|ppo_single_site_ensemble_seed99_20260517T091403,IPPO,99,P,"May 2026, pre-781c90c reward",8,-395.9826179480434,395.1567687480434,0.0,0.0758492,0.75,206.65677601154795,206.63781371154795,0.0,0.0,0.0,0.0,0.003964321110009911,4,0.3805748265609515,0,0.0,0.0,0.0,1.11
main,v040,LOSO-dep-f3,primary,LOSO,deployed,3,B,IPPO|ppo_single_site_ensemble_seed99_20260517T091403,IPPO,99,P,"May 2026, pre-781c90c reward",9,-1080.01144018583,81.01144018583015,999.0,0.0,0.0,207.49609891718006,207.49609891718006,0.04558969276511397,0.04558969276511397,0.0,0.036669970267591674,0.0,0,0.0,46,8.450041579904692,99.27811641324571,0.815618707421439,1.11
main,v040,LOSO-dep-f3,primary,LOSO,deployed,3,B,IPPO|ippo_nr_seed1,IPPO,1,T,"June 2026, current reward",all,-5963.388834374795,4374.774771174794,1566.0,3.4890631999999995,19.125,1985.1498921079465,1984.2776263079465,0.006739345887016849,0.005748265609514371,0.0020812685827552033,0.005748265609514371,0.077601585728444,183,1.741129831516353,68,312.8811482350293,3171.3977268578114,0.8607408285371624,1.16
main,v040,LOSO-dep-f3,primary,LOSO,deployed,3,B,IPPO|ippo_nr_seed1,IPPO,1,T,"June 2026, current reward",0,-917.374641650987,808.055772650987,108.0,0.5688690000000001,0.75,177.96690120249264,177.8246839524926,0.003964321110009911,0.0,0.003964321110009911,0.003964321110009911,0.24777006937561943,29,2.759167492566898,4,1.4257170635107337,1.4257170635107337,1.0,1.16
main,v040,LOSO-dep-f3,primary,LOSO,deployed,3,B,IPPO|ippo_nr_seed1,IPPO,1,T,"June 2026, current reward",1,-502.80970442952093,472.452910829521,27.0,0.6067936,2.75,193.22835028740832,193.07665188740833,0.0019821605550049554,0.0,0.0019821605550049554,0.0009910802775024777,0.11496531219028741,32,3.044598612487612,2,0.7188164313257891,1.4257170635107337,0.5059578995704223,1.16
main,v040,LOSO-dep-f3,primary,LOSO,deployed,3,B,IPPO|ippo_nr_seed1,IPPO,1,T,"June 2026, current reward",2,-285.3829492908979,285.3829492908979,0.0,0.0,0.0,207.24386539215953,207.24386539215953,0.0,0.0,0.0,0.0,0.0,0,0.0,0,0.0,0.0,0.0,1.16
main,v040,LOSO-dep-f3,primary,LOSO,deployed,3,B,IPPO|ippo_nr_seed1,IPPO,1,T,"June 2026, current reward",3,-492.82504037162977,141.78711577162971,351.0,0.0379246,0.0,214.60552155817174,214.59604040817175,0.01288404360753221,0.011892963330029732,0.011892963330029732,0.01288404360753221,0.010901883052527254,2,0.19028741328047574,13,1605.8306549999352,3171.3977268578114,1.0,1.16
main,v040,LOSO-dep-f3,primary,LOSO,deployed,3,B,IPPO|ippo_nr_seed1,IPPO,1,T,"June 2026, current reward",4,-592.6705407041411,562.3137471041412,27.0,0.6067936,2.75,188.2071444509223,188.05544605092226,0.0009910802775024777,0.0,0.0009910802775024777,0.0009910802775024777,0.13478691774033696,32,3.044598612487612,1,1.4257170635107337,1.4257170635107337,1.0,1.16
main,v040,LOSO-dep-f3,primary,LOSO,deployed,3,B,IPPO|ippo_nr_seed1,IPPO,1,T,"June 2026, current reward",5,-427.1866360854189,399.37201308541887,27.0,0.18962299999999999,0.625,204.228777512972,204.181371762972,0.0009910802775024777,0.0,0.0009910802775024777,0.0009910802775024777,0.030723488602576808,10,0.9514370664023787,1,1.4257170635107337,1.4257170635107337,1.0,1.16
main,v040,LOSO-dep-f3,primary,LOSO,deployed,3,B,IPPO|ippo_nr_seed1,IPPO,1,T,"June 2026, current reward",6,-654.4322645820218,649.4616971820218,0.0,0.7205674,4.25,191.25593116262257,191.07578931262256,0.0,0.0,0.0,0.0,0.12487611496531219,38,3.615460852329039,0,0.0,0.0,0.0,1.16
main,v040,LOSO-dep-f3,primary,LOSO,deployed,3,B,IPPO|ippo_nr_seed1,IPPO,1,T,"June 2026, current reward",7,-608.6590369174237,572.9005449174235,27.0,0.7584919999999999,8.0,193.76917346735974,193.5795504673597,0.0009910802775024777,0.0,0.0009910802775024777,0.0009910802775024777,0.11199207135777998,40,3.8057482656095147,1,1.4257170635107337,1.4257170635107337,1.0,1.16
main,v040,LOSO-dep-f3,primary,LOSO,deployed,3,B,IPPO|ippo_nr_seed1,IPPO,1,T,"June 2026, current reward",8,-402.0365801569236,402.0365801569236,0.0,0.0,0.0,207.14812815665772,207.14812815665772,0.0,0.0,0.0,0.0,0.0,0,0.0,0,0.0,0.0,0.0,1.16
main,v040,LOSO-dep-f3,primary,LOSO,deployed,3,B,IPPO|ippo_nr_seed1,IPPO,1,T,"June 2026, current reward",9,-1080.01144018583,81.01144018583015,999.0,0.0,0.0,207.49609891718006,207.49609891718006,0.04558969276511397,0.04558969276511397,0.0,0.036669970267591674,0.0,0,0.0,46,8.450041579904692,99.27811641324571,0.815618707421439,1.16
main,v040,LOSO-dep-f3,primary,LOSO,deployed,3,B,IPPO|ippo_nr_seed7,IPPO,7,T,"June 2026, current reward",all,-5715.455284551588,4339.863673751588,1350.0,3.7166107999999998,21.875,1974.61788385349,1973.6887311534902,0.005946481665014866,0.0046580773042616454,0.001288404360753221,0.004955401387512388,0.08097125867195243,195,1.8553022794846383,60,14.487087555164521,231.04299167654068,0.842172939008784,1.16
main,v040,LOSO-dep-f3,primary,LOSO,deployed,3,B,IPPO|ippo_nr_seed7,IPPO,7,T,"June 2026, current reward",0,-860.0107645401131,803.0781217401131,54.0,0.6826428,2.25,177.39980236202774,177.22914166202773,0.0019821605550049554,0.0,0.0019821605550049554,0.0019821605550049554,0.24975222993062438,35,3.3300297324083252,2,1.4257170635107337,1.4257170635107337,1.0,1.16
main,v040,LOSO-dep-f3,primary,LOSO,deployed,3,B,IPPO|ippo_nr_seed7,IPPO,7,T,"June 2026, current reward",1,-506.5351507352437,476.5912817352437,27.0,0.5688690000000001,2.375,193.63095572222863,193.48873847222862,0.0019821605550049554,0.0,0.0019821605550049554,0.0009910802775024777,0.11000991080277503,30,2.8543111992071357,2,0.7188164313257891,1.4257170635107337,0.5059578995704223,1.16
main,v040,LOSO-dep-f3,primary,LOSO,deployed,3,B,IPPO|ippo_nr_seed7,IPPO,7,T,"June 2026, current reward",2,-285.3829492908979,285.3829492908979,0.0,0.0,0.0,207.24386539215953,207.24386539215953,0.0,0.0,0.0,0.0,0.0,0,0.0,0,0.0,0.0,0.0,1.16
main,v040,LOSO-dep-f3,primary,LOSO,deployed,3,B,IPPO|ippo_nr_seed7,IPPO,7,T,"June 2026, current reward",3,-193.00015302528323,138.46222842528323,54.0,0.0379246,0.5,207.72528581614523,207.71580466614523,0.0019821605550049554,0.0009910802775024777,0.0009910802775024777,0.0019821605550049554,0.0009910802775024777,2,0.19028741328047574,2,3.5322270661180193,5.638737068725305,1.0,1.16
main,v040,LOSO-dep-f3,primary,LOSO,deployed,3,B,IPPO|ippo_nr_seed7,IPPO,7,T,"June 2026, current reward",4,-644.9229002964628,561.5169558964628,81.0,0.5309444,1.875,187.54449419176615,187.41175809176613,0.002973240832507433,0.0,0.002973240832507433,0.002973240832507433,0.14568880079286423,28,2.66402378592666,3,1.425717063510734,1.4257170635107337,1.0,1.16
main,v040,LOSO-dep-f3,primary,LOSO,deployed,3,B,IPPO|ippo_nr_seed7,IPPO,7,T,"June 2026, current reward",5,-434.2406120280822,406.46391362808214,27.0,0.1516984,0.625,204.90322646520184,204.86530186520181,0.0009910802775024777,0.0,0.0009910802775024777,0.0009910802775024777,0.023785926660059464,8,0.761149653121903,1,1.4257170635107337,1.4257170635107337,1.0,1.16
main,v040,LOSO-dep-f3,primary,LOSO,deployed,3,B,IPPO|ippo_nr_seed7,IPPO,7,T,"June 2026, current reward",6,-694.1105543017927,629.4236655017927,54.0,1.0618888,9.625,189.04061929137123,188.7751470913712,0.0019821605550049554,0.0,0.0019821605550049554,0.0019821605550049554,0.15361744301288405,56,5.32804757185332,2,230.30775856564088,231.04299167654068,1.0,1.16
main,v040,LOSO-dep-f3,primary,LOSO,deployed,3,B,IPPO|ippo_nr_seed7,IPPO,7,T,"June 2026, current reward",7,-632.2119340068257,573.2301404068255,54.0,0.6067936,4.375,193.7441607299776,193.5924623299776,0.0019821605550049554,0.0,0.0019821605550049554,0.0019821605550049554,0.11496531219028741,32,3.044598612487612,2,1.4257170635107337,1.4257170635107337,1.0,1.16
main,v040,LOSO-dep-f3,primary,LOSO,deployed,3,B,IPPO|ippo_nr_seed7,IPPO,7,T,"June 2026, current reward",8,-385.0288261410568,384.7029769410568,0.0,0.0758492,0.25,205.889374965432,205.870412665432,0.0,0.0,0.0,0.0,0.010901883052527254,4,0.3805748265609515,0,0.0,0.0,0.0,1.16
main,v040,LOSO-dep-f3,primary,LOSO,deployed,3,B,IPPO|ippo_nr_seed7,IPPO,7,T,"June 2026, current reward",9,-1080.01144018583,81.01144018583015,999.0,0.0,0.0,207.49609891718006,207.49609891718006,0.04558969276511397,0.04558969276511397,0.0,0.036669970267591674,0.0,0,0.0,46,8.450041579904692,99.27811641324571,0.815618707421439,1.16
main,v040,LOSO-dep-f3,primary,LOSO,deployed,3,B,IPPO|ippo_nr_seed77,IPPO,77,T,"June 2026, current reward",all,-5726.34778161791,4288.448528017911,1404.0,4.3992536,29.5,1971.2482067696342,1970.148393369634,0.006144697720515362,0.0046580773042616454,0.00178394449950446,0.005153617443012884,0.08721506442021804,231,2.1978196233894947,62,7257.102578068686,152721.76434411557,0.8472641345246297,1.09
main,v040,LOSO-dep-f3,primary,LOSO,deployed,3,B,IPPO|ippo_nr_seed77,IPPO,77,T,"June 2026, current reward",0,-869.1277419812923,777.5391547812923,81.0,1.2135872,9.375,174.63018740558212,174.32679060558212,0.002973240832507433,0.0,0.002973240832507433,0.002973240832507433,0.28344895936570863,63,5.994053518334986,3,1.425717063510734,1.4257170635107337,1.0,1.09
main,v040,LOSO-dep-f3,primary,LOSO,deployed,3,B,IPPO|ippo_nr_seed77,IPPO,77,T,"June 2026, current reward",1,-485.29014580191006,454.9333522019101,27.0,0.6067936,2.75,191.2970782140246,191.1453798140246,0.0019821605550049554,0.0,0.0019821605550049554,0.0009910802775024777,0.13478691774033696,32,3.044598612487612,2,0.7188164313257891,1.4257170635107337,0.5059578995704223,1.09
main,v040,LOSO-dep-f3,primary,LOSO,deployed,3,B,IPPO|ippo_nr_seed77,IPPO,77,T,"June 2026, current reward",2,-285.3829492908979,285.3829492908979,0.0,0.0,0.0,207.24386539215953,207.24386539215953,0.0,0.0,0.0,0.0,0.0,0,0.0,0,0.0,0.0,0.0,1.09
main,v040,LOSO-dep-f3,primary,LOSO,deployed,3,B,IPPO|ippo_nr_seed77,IPPO,77,T,"June 2026, current reward",3,-164.931448168637,137.931448168637,27.0,0.0,0.0,207.4683263433343,207.4683263433343,0.0009910802775024777,0.0009910802775024777,0.0,0.0009910802775024777,0.0,0,0.0,1,5.638737068725305,5.638737068725305,1.0,1.09
main,v040,LOSO-dep-f3,primary,LOSO,deployed,3,B,IPPO|ippo_nr_seed77,IPPO,77,T,"June 2026, current reward",4,-643.4698489757147,558.4880553757148,81.0,0.6067936,3.375,187.5030311959192,187.35133279591918,0.002973240832507433,0.0,0.002973240832507433,0.002973240832507433,0.1466798810703667,32,3.044598612487612,3,1.425717063510734,1.4257170635107337,1.0,1.09
main,v040,LOSO-dep-f3,primary,LOSO,deployed,3,B,IPPO|ippo_nr_seed77,IPPO,77,T,"June 2026, current reward",5,-403.2848298987923,374.85643309879225,27.0,0.3033968,1.125,202.20209594225327,202.12624674225327,0.0009910802775024777,0.0,0.0009910802775024777,0.0009910802775024777,0.048562933597621406,16,1.522299306243806,1,1.4257170635107337,1.4257170635107337,1.0,1.09
main,v040,LOSO-dep-f3,primary,LOSO,deployed,3,B,IPPO|ippo_nr_seed77,IPPO,77,T,"June 2026, current reward",6,-723.6214682006419,634.010428600642,81.0,0.9860396,7.625,189.43416443084726,189.18765453084723,0.002973240832507433,0.0,0.002973240832507433,0.002973240832507433,0.15163528245787908,52,4.947472745292369,3,154.0137447315975,231.04299167654068,1.0,1.09
main,v040,LOSO-dep-f3,primary,LOSO,deployed,3,B,IPPO|ippo_nr_seed77,IPPO,77,T,"June 2026, current reward",7,-641.729042323844,582.0843241238441,54.0,0.6447182,5.0,194.83973399933552,194.67855444933554,0.0019821605550049554,0.0,0.0019821605550049554,0.0019821605550049554,0.10406342913776016,34,3.2348860257680876,2,1.4257170635107337,1.4257170635107337,1.0,1.09
main,v040,LOSO-dep-f3,primary,LOSO,deployed,3,B,IPPO|ippo_nr_seed77,IPPO,77,T,"June 2026, current reward",8,-402.0365801569236,402.0365801569236,0.0,0.0,0.0,207.14812815665772,207.14812815665772,0.0,0.0,0.0,0.0,0.0,0,0.0,0,0.0,0.0,0.0,1.09
main,v040,LOSO-dep-f3,primary,LOSO,deployed,3,B,IPPO|ippo_nr_seed77,IPPO,77,T,"June 2026, current reward",9,-1107.4737268192566,81.18580221925684,1026.0,0.0379246,0.25,209.48159568952065,209.47211453952065,0.04658077304261645,0.04558969276511397,0.003964321110009911,0.03766105054509415,0.002973240832507433,2,0.19028741328047574,47,9562.94491026725,152721.76434411557,0.8195417136465148,1.09
main,v040,LOSO-dep-f3,primary,LOSO,deployed,3,B,IPPO|ippo_nr_seed99,IPPO,99,T,"June 2026, current reward",all,-5785.371768797693,4331.837749321616,1432.1208054760775,3.413214,18.0,1973.3278870610293,1972.4745835610292,0.006342913776015857,0.0046580773042616454,0.0016848364717542122,0.005351833498513379,0.08513379583746283,179,1.7030723488602577,64,13.650621323170926,231.04299167654068,0.8385583831728587,1.09
main,v040,LOSO-dep-f3,primary,LOSO,deployed,3,B,IPPO|ippo_nr_seed99,IPPO,99,T,"June 2026, current reward",0,-913.0349187366694,803.3410497366694,108.0,0.5688690000000001,1.125,177.69524237864107,177.55302512864105,0.003964321110009911,0.0,0.003964321110009911,0.003964321110009911,0.25173439048562934,29,2.759167492566898,4,1.4257170635107337,1.4257170635107337,1.0,1.09
main,v040,LOSO-dep-f3,primary,LOSO,deployed,3,B,IPPO|ippo_nr_seed99,IPPO,99,T,"June 2026, current reward",1,-504.90250136590595,474.9586323659059,27.0,0.5688690000000001,2.375,193.51815780034605,193.37594055034606,0.0019821605550049554,0.0,0.0019821605550049554,0.0009910802775024777,0.11000991080277503,30,2.8543111992071357,2,0.7188164313257891,1.4257170635107337,0.5059578995704223,1.09
main,v040,LOSO-dep-f3,primary,LOSO,deployed,3,B,IPPO|ippo_nr_seed99,IPPO,99,T,"June 2026, current reward",2,-285.3829492908979,285.3829492908979,0.0,0.0,0.0,207.24386539215953,207.24386539215953,0.0,0.0,0.0,0.0,0.0,0,0.0,0,0.0,0.0,0.0,1.09
main,v040,LOSO-dep-f3,primary,LOSO,deployed,3,B,IPPO|ippo_nr_seed99,IPPO,99,T,"June 2026, current reward",3,-164.931448168637,137.931448168637,27.0,0.0,0.0,207.4683263433343,207.4683263433343,0.0009910802775024777,0.0009910802775024777,0.0,0.0009910802775024777,0.0,0,0.0,1,5.638737068725305,5.638737068725305,1.0,1.09
main,v040,LOSO-dep-f3,primary,LOSO,deployed,3,B,IPPO|ippo_nr_seed99,IPPO,99,T,"June 2026, current reward",4,-643.6174947086558,559.2986257086559,81.0,0.5688690000000001,2.75,187.5661572552828,187.4239400052828,0.002973240832507433,0.0,0.002973240832507433,0.002973240832507433,0.14866204162537167,30,2.8543111992071357,3,1.425717063510734,1.4257170635107337,1.0,1.09
main,v040,LOSO-dep-f3,primary,LOSO,deployed,3,B,IPPO|ippo_nr_seed99,IPPO,99,T,"June 2026, current reward",5,-410.8312441784879,410.7553949784879,0.0,0.0758492,0.0,204.97138285713794,204.95242055713794,0.0,0.0,0.0,0.0,0.017839444995044598,4,0.3805748265609515,0,0.0,0.0,0.0,1.09
main,v040,LOSO-dep-f3,primary,LOSO,deployed,3,B,IPPO|ippo_nr_seed99,IPPO,99,T,"June 2026, current reward",6,-697.0795558562456,634.7943654562455,54.0,0.9101904000000001,7.375,189.6778519799208,189.4503043799208,0.0019821605550049554,0.0,0.0019821605550049554,0.0019821605550049554,0.14469772051536176,48,4.566897918731417,2,230.30775856564088,231.04299167654068,1.0,1.09
main,v040,LOSO-dep-f3,primary,LOSO,deployed,3,B,IPPO|ippo_nr_seed99,IPPO,99,T,"June 2026, current reward",7,-691.8787320579758,551.3632083818982,136.12080547607758,0.6447182,3.75,191.19517954256736,191.03399999256732,0.005946481665014866,0.0,0.005946481665014866,0.005946481665014866,0.1734390485629336,34,3.2348860257680876,6,1.210990916681598,1.4257170635107337,0.85622669708932,1.09
main,v040,LOSO-dep-f3,primary,LOSO,deployed,3,B,IPPO|ippo_nr_seed99,IPPO,99,T,"June 2026, current reward",8,-393.7014842483885,393.0006350483885,0.0,0.0758492,0.625,206.4956245944594,206.4766622944594,0.0,0.0,0.0,0.0,0.004955401387512388,4,0.3805748265609515,0,0.0,0.0,0.0,1.09
main,v040,LOSO-dep-f3,primary,LOSO,deployed,3,B,IPPO|ippo_nr_seed99,IPPO,99,T,"June 2026, current reward",9,-1080.01144018583,81.01144018583015,999.0,0.0,0.0,207.49609891718006,207.49609891718006,0.04558969276511397,0.04558969276511397,0.0,0.036669970267591674,0.0,0,0.0,46,8.450041579904692,99.27811641324571,0.815618707421439,1.09
main,v040,LOSO-dep-f3,primary,LOSO,deployed,3,B,IPPO|ippo_nr_seed13,IPPO,13,T,"June 2026, current reward",all,-5683.619350716165,4381.175192316165,1269.0,3.9441584,29.5,1976.6705642607476,1975.6845246607477,0.005649157581764123,0.0046580773042616454,0.0009910802775024777,0.0046580773042616454,0.07690782953419227,207,1.9694747274529236,57,11.171952521545762,231.04299167654068,0.8338662515881937,1.17
main,v040,LOSO-dep-f3,primary,LOSO,deployed,3,B,IPPO|ippo_nr_seed13,IPPO,13,T,"June 2026, current reward",0,-839.6936780693336,809.8860352693337,27.0,0.6826428,2.125,178.22669262912441,178.05603192912443,0.0009910802775024777,0.0,0.0009910802775024777,0.0009910802775024777,0.2348860257680872,35,3.3300297324083252,1,1.4257170635107337,1.4257170635107337,1.0,1.17
main,v040,LOSO-dep-f3,primary,LOSO,deployed,3,B,IPPO|ippo_nr_seed13,IPPO,13,T,"June 2026, current reward",1,-494.6659779913519,463.3583351913519,27.0,0.6826428,3.625,192.23354365655052,192.0628829565505,0.0019821605550049554,0.0,0.0019821605550049554,0.0009910802775024777,0.12487611496531219,36,3.4251734390485633,2,0.7188164313257891,1.4257170635107337,0.5059578995704223,1.17
main,v040,LOSO-dep-f3,primary,LOSO,deployed,3,B,IPPO|ippo_nr_seed13,IPPO,13,T,"June 2026, current reward",2,-285.3829492908979,285.3829492908979,0.0,0.0,0.0,207.24386539215953,207.24386539215953,0.0,0.0,0.0,0.0,0.0,0,0.0,0,0.0,0.0,0.0,1.17
main,v040,LOSO-dep-f3,primary,LOSO,deployed,3,B,IPPO|ippo_nr_seed13,IPPO,13,T,"June 2026, current reward",3,-164.931448168637,137.931448168637,27.0,0.0,0.0,207.4683263433343,207.4683263433343,0.0009910802775024777,0.0009910802775024777,0.0,0.0009910802775024777,0.0,0,0.0,1,5.638737068725305,5.638737068725305,1.0,1.17
main,v040,LOSO-dep-f3,primary,LOSO,deployed,3,B,IPPO|ippo_nr_seed13,IPPO,13,T,"June 2026, current reward",4,-647.1506914890494,564.5326716890495,81.0,0.4930198,1.125,187.91606204719244,187.79280709719242,0.002973240832507433,0.0,0.002973240832507433,0.002973240832507433,0.14172447968285432,26,2.4737363726461843,3,1.425717063510734,1.4257170635107337,1.0,1.17
main,v040,LOSO-dep-f3,primary,LOSO,deployed,3,B,IPPO|ippo_nr_seed13,IPPO,13,T,"June 2026, current reward",5,-410.93856454159516,410.44979074159517,0.0,0.1137738,0.375,204.94026469586493,204.91182124586493,0.0,0.0,0.0,0.0,0.019821605550049554,6,0.5708622398414271,0,0.0,0.0,0.0,1.17
main,v040,LOSO-dep-f3,primary,LOSO,deployed,3,B,IPPO|ippo_nr_seed13,IPPO,13,T,"June 2026, current reward",6,-701.6624542979824,658.0359424979824,27.0,1.2515117999999998,15.375,190.79103609779895,190.47815814779895,0.0009910802775024777,0.0,0.0009910802775024777,0.0009910802775024777,0.12487611496531219,66,6.279484638255699,1,231.04299167654068,231.04299167654068,1.0,1.17
main,v040,LOSO-dep-f3,primary,LOSO,deployed,3,B,IPPO|ippo_nr_seed13,IPPO,13,T,"June 2026, current reward",7,-657.1455665245637,568.5499991245638,81.0,0.7205674,6.875,193.20654632488458,193.0264044748846,0.002973240832507433,0.0,0.002973240832507433,0.002973240832507433,0.12289395441030723,38,3.615460852329039,3,1.425717063510734,1.4257170635107337,1.0,1.17
main,v040,LOSO-dep-f3,primary,LOSO,deployed,3,B,IPPO|ippo_nr_seed13,IPPO,13,T,"June 2026, current reward",8,-402.0365801569236,402.0365801569236,0.0,0.0,0.0,207.14812815665772,207.14812815665772,0.0,0.0,0.0,0.0,0.0,0,0.0,0,0.0,0.0,0.0,1.17
main,v040,LOSO-dep-f3,primary,LOSO,deployed,3,B,IPPO|ippo_nr_seed13,IPPO,13,T,"June 2026, current reward",9,-1080.01144018583,81.01144018583015,999.0,0.0,0.0,207.49609891718006,207.49609891718006,0.04558969276511397,0.04558969276511397,0.0,0.036669970267591674,0.0,0,0.0,46,8.450041579904692,99.27811641324571,0.815618707421439,1.17
main,v040,LOSO-dep-f3,primary,LOSO,deployed,3,B,IPPO|ippo_nr_seed23,IPPO,23,T,"June 2026, current reward",all,-5661.129847523327,4381.5072923233265,1242.0,4.2475552,33.375,1976.3721391001172,1975.310250300117,0.005550049554013875,0.0046580773042616454,0.00089197224975223,0.0045589692765113975,0.07770069375619425,223,2.1217046580773045,56,7.2456839652065685,99.27811641324571,0.8308995775094115,1.16
main,v040,LOSO-dep-f3,primary,LOSO,deployed,3,B,IPPO|ippo_nr_seed23,IPPO,23,T,"June 2026, current reward",0,-874.5867139274411,784.9869005274411,81.0,1.0998134,7.5,175.43343854534703,175.15848519534705,0.002973240832507433,0.0,0.002973240832507433,0.002973240832507433,0.27849355797819625,57,5.423191278493558,3,1.425717063510734,1.4257170635107337,1.0,1.16
main,v040,LOSO-dep-f3,primary,LOSO,deployed,3,B,IPPO|ippo_nr_seed23,IPPO,23,T,"June 2026, current reward",1,-495.68803143447076,465.4562378344707,27.0,0.6067936,2.625,192.66991795667724,192.51821955667725,0.0019821605550049554,0.0,0.0019821605550049554,0.0009910802775024777,0.1159563924677899,32,3.044598612487612,2,0.7188164313257891,1.4257170635107337,0.5059578995704223,1.16
main,v040,LOSO-dep-f3,primary,LOSO,deployed,3,B,IPPO|ippo_nr_seed23,IPPO,23,T,"June 2026, current reward",2,-285.3829492908979,285.3829492908979,0.0,0.0,0.0,207.24386539215953,207.24386539215953,0.0,0.0,0.0,0.0,0.0,0,0.0,0,0.0,0.0,0.0,1.16
main,v040,LOSO-dep-f3,primary,LOSO,deployed,3,B,IPPO|ippo_nr_seed23,IPPO,23,T,"June 2026, current reward",3,-164.931448168637,137.931448168637,27.0,0.0,0.0,207.4683263433343,207.4683263433343,0.0009910802775024777,0.0009910802775024777,0.0,0.0009910802775024777,0.0,0,0.0,1,5.638737068725305,5.638737068725305,1.0,1.16
main,v040,LOSO-dep-f3,primary,LOSO,deployed,3,B,IPPO|ippo_nr_seed23,IPPO,23,T,"June 2026, current reward",4,-647.7055985816717,565.2125787816716,81.0,0.4930198,1.0,187.93505207865647,187.81179712865645,0.002973240832507433,0.0,0.002973240832507433,0.002973240832507433,0.14469772051536176,26,2.4737363726461843,3,1.425717063510734,1.4257170635107337,1.0,1.16
main,v040,LOSO-dep-f3,primary,LOSO,deployed,3,B,IPPO|ippo_nr_seed23,IPPO,23,T,"June 2026, current reward",5,-391.2434886251969,388.9780164251969,0.0,0.2654722,2.0,203.23684013384644,203.17047208384645,0.0,0.0,0.0,0.0,0.03270564915758176,14,1.33201189296333,0,0.0,0.0,0.0,1.16
main,v040,LOSO-dep-f3,primary,LOSO,deployed,3,B,IPPO|ippo_nr_seed23,IPPO,23,T,"June 2026, current reward",6,-709.2396260860291,700.0302848860292,0.0,0.8343412,8.375,193.84599962870047,193.63741432870046,0.0,0.0,0.0,0.0,0.09514370664023786,44,4.186323092170466,0,0.0,0.0,0.0,1.16
main,v040,LOSO-dep-f3,primary,LOSO,deployed,3,B,IPPO|ippo_nr_seed23,IPPO,23,T,"June 2026, current reward",7,-616.5729140680432,578.2385728680432,27.0,0.8343412000000001,10.5,194.42162926650735,194.21304396650737,0.0009910802775024777,0.0,0.0009910802775024777,0.0009910802775024777,0.10604558969276512,44,4.186323092170466,1,1.4257170635107337,1.4257170635107337,1.0,1.16
main,v040,LOSO-dep-f3,primary,LOSO,deployed,3,B,IPPO|ippo_nr_seed23,IPPO,23,T,"June 2026, current reward",8,-395.7676371551086,394.27886335510857,0.0,0.11377380000000001,1.375,206.62097083770817,206.59252738770817,0.0,0.0,0.0,0.0,0.003964321110009911,6,0.5708622398414271,0,0.0,0.0,0.0,1.16
main,v040,LOSO-dep-f3,primary,LOSO,deployed,3,B,IPPO|ippo_nr_seed23,IPPO,23,T,"June 2026, current reward",9,-1080.01144018583,81.01144018583015,999.0,0.0,0.0,207.49609891718006,207.49609891718006,0.04558969276511397,0.04558969276511397,0.0,0.036669970267591674,0.0,0,0.0,46,8.450041579904692,99.27811641324571,0.815618707421439,1.16
main,v040,LOSO-dep-f3,primary,LOSO,deployed,3,B,IPPO|ippo_nr_seed42,IPPO,42,T,"June 2026, current reward",all,-5583.397901883218,4338.446711807141,1216.1208054760775,3.8303846000000004,25.0,1973.946753422672,1972.9891572726717,0.005550049554013875,0.0046580773042616454,0.00089197224975223,0.0045589692765113975,0.08067393458870169,201,1.9123885034687813,56,11.29672774217542,229.57252545474108,0.8154952950546958,1.16
main,v040,LOSO-dep-f3,primary,LOSO,deployed,3,B,IPPO|ippo_nr_seed42,IPPO,42,T,"June 2026, current reward",0,-852.4412242762728,792.6560338762727,54.0,0.9101904,4.875,176.13666180055418,175.90911420055417,0.0019821605550049554,0.0,0.0019821605550049554,0.0019821605550049554,0.26461843409316155,47,4.47175421209118,2,1.4257170635107337,1.4257170635107337,1.0,1.16
main,v040,LOSO-dep-f3,primary,LOSO,deployed,3,B,IPPO|ippo_nr_seed42,IPPO,42,T,"June 2026, current reward",1,-491.2257710804596,461.78190208045964,27.0,0.5688690000000001,1.875,192.180486194189,192.03826894418899,0.0019821605550049554,0.0,0.0019821605550049554,0.0009910802775024777,0.12388503468780972,30,2.8543111992071357,2,0.7188164313257891,1.4257170635107337,0.5059578995704223,1.16
main,v040,LOSO-dep-f3,primary,LOSO,deployed,3,B,IPPO|ippo_nr_seed42,IPPO,42,T,"June 2026, current reward",2,-285.3829492908979,285.3829492908979,0.0,0.0,0.0,207.24386539215953,207.24386539215953,0.0,0.0,0.0,0.0,0.0,0,0.0,0,0.0,0.0,0.0,1.16
main,v040,LOSO-dep-f3,primary,LOSO,deployed,3,B,IPPO|ippo_nr_seed42,IPPO,42,T,"June 2026, current reward",3,-164.931448168637,137.931448168637,27.0,0.0,0.0,207.4683263433343,207.4683263433343,0.0009910802775024777,0.0009910802775024777,0.0,0.0009910802775024777,0.0,0,0.0,1,5.638737068725305,5.638737068725305,1.0,1.16
main,v040,LOSO-dep-f3,primary,LOSO,deployed,3,B,IPPO|ippo_nr_seed42,IPPO,42,T,"June 2026, current reward",4,-599.2710346522631,570.528014852263,27.0,0.4930198,1.25,188.5828725061025,188.4596175561025,0.0009910802775024777,0.0,0.0009910802775024777,0.0009910802775024777,0.1337958374628345,26,2.4737363726461843,1,1.4257170635107337,1.4257170635107337,1.0,1.16
main,v040,LOSO-dep-f3,primary,LOSO,deployed,3,B,IPPO|ippo_nr_seed42,IPPO,42,T,"June 2026, current reward",5,-406.003811980632,405.927962780632,0.0,0.0758492,0.0,204.6493187297965,204.6303564297965,0.0,0.0,0.0,0.0,0.019821605550049554,4,0.3805748265609515,0,0.0,0.0,0.0,1.16
main,v040,LOSO-dep-f3,primary,LOSO,deployed,3,B,IPPO|ippo_nr_seed42,IPPO,42,T,"June 2026, current reward",6,-675.2819527179073,640.5346869179073,27.0,0.8722658000000001,6.875,190.29370433983922,190.07563788983921,0.0009910802775024777,0.0,0.0009910802775024777,0.0009910802775024777,0.13875123885034688,46,4.376610505450942,1,229.57252545474108,229.57252545474108,1.0,1.16
main,v040,LOSO-dep-f3,primary,LOSO,deployed,3,B,IPPO|ippo_nr_seed42,IPPO,42,T,"June 2026, current reward",7,-634.7481505346318,570.3688530585544,55.12080547607759,0.7584919999999999,8.5,193.36583162742764,193.17620862742763,0.002973240832507433,0.0,0.002973240832507433,0.002973240832507433,0.11892963330029732,40,3.8057482656095147,3,0.9962647698524624,1.4257170635107337,0.71245339417864,1.16
main,v040,LOSO-dep-f3,primary,LOSO,deployed,3,B,IPPO|ippo_nr_seed42,IPPO,42,T,"June 2026, current reward",8,-394.10011899568656,392.32342059568657,0.0,0.1516984,1.625,206.52958757208884,206.49166297208885,0.0,0.0,0.0,0.0,0.006937561942517344,8,0.761149653121903,0,0.0,0.0,0.0,1.16
main,v040,LOSO-dep-f3,primary,LOSO,deployed,3,B,IPPO|ippo_nr_seed42,IPPO,42,T,"June 2026, current reward",9,-1080.01144018583,81.01144018583015,999.0,0.0,0.0,207.49609891718006,207.49609891718006,0.04558969276511397,0.04558969276511397,0.0,0.036669970267591674,0.0,0,0.0,46,8.450041579904692,99.27811641324571,0.815618707421439,1.16
main,v040,LOSO-dep-f3,primary,LOSO,deployed,3,B,IPPO|ippo_nr_seed64,IPPO,64,T,"June 2026, current reward",all,-5640.224852676892,4294.402126293,1302.0933775838907,4.8543488,38.875,1968.0882913194177,1966.8747041194174,0.005946481665014866,0.0046580773042616454,0.001288404360753221,0.004955401387512388,0.08771060455896927,255,2.4261645193260657,60,6.816880812745315,99.27811641324571,0.8155581487776121,1.16
main,v040,LOSO-dep-f3,primary,LOSO,deployed,3,B,IPPO|ippo_nr_seed64,IPPO,64,T,"June 2026, current reward",0,-843.344963602814,771.8329550950009,58.97257210781311,1.2894364,11.25,173.90876410980997,173.58640500980997,0.002973240832507433,0.0,0.002973240832507433,0.002973240832507433,0.2993062438057483,67,6.374628344895937,3,1.0390621768717458,1.4257170635107337,0.7552508011979234,1.16
main,v040,LOSO-dep-f3,primary,LOSO,deployed,3,B,IPPO|ippo_nr_seed64,IPPO,64,T,"June 2026, current reward",1,-496.16357714513674,466.0567835451367,27.0,0.6067936,2.5,192.69949500646172,192.54779660646173,0.0019821605550049554,0.0,0.0019821605550049554,0.0009910802775024777,0.11793855302279485,32,3.044598612487612,2,0.7188164313257891,1.4257170635107337,0.5059578995704223,1.16
main,v040,LOSO-dep-f3,primary,LOSO,deployed,3,B,IPPO|ippo_nr_seed64,IPPO,64,T,"June 2026, current reward",2,-313.57570839816117,284.9619345981612,27.0,0.11377380000000001,1.5,207.21160980071173,207.18316635071173,0.0009910802775024777,0.0,0.0009910802775024777,0.0009910802775024777,0.002973240832507433,6,0.5708622398414271,1,1.4257170635107337,1.4257170635107337,1.0,1.16
main,v040,LOSO-dep-f3,primary,LOSO,deployed,3,B,IPPO|ippo_nr_seed64,IPPO,64,T,"June 2026, current reward",3,-164.931448168637,137.931448168637,27.0,0.0,0.0,207.4683263433343,207.4683263433343,0.0009910802775024777,0.0009910802775024777,0.0,0.0009910802775024777,0.0,0,0.0,1,5.638737068725305,5.638737068725305,1.0,1.16
main,v040,LOSO-dep-f3,primary,LOSO,deployed,3,B,IPPO|ippo_nr_seed64,IPPO,64,T,"June 2026, current reward",4,-625.4150106244392,563.7815186244392,54.0,0.7584919999999999,6.875,188.4783250600788,188.2887020600788,0.0019821605550049554,0.0,0.0019821605550049554,0.0019821605550049554,0.13082259663032705,40,3.8057482656095147,2,1.4257170635107337,1.4257170635107337,1.0,1.16
main,v040,LOSO-dep-f3,primary,LOSO,deployed,3,B,IPPO|ippo_nr_seed64,IPPO,64,T,"June 2026, current reward",5,-394.7841003061244,366.6057035061244,27.0,0.30339679999999997,0.875,201.22639657391994,201.15054737391995,0.0009910802775024777,0.0,0.0009910802775024777,0.0009910802775024777,0.05550049554013875,16,1.522299306243806,1,1.4257170635107337,1.4257170635107337,1.0,1.16
main,v040,LOSO-dep-f3,primary,LOSO,deployed,3,B,IPPO|ippo_nr_seed64,IPPO,64,T,"June 2026, current reward",6,-693.5004311134809,684.3781653134808,0.0,0.8722658,8.25,192.36585562231636,192.14778917231638,0.0,0.0,0.0,0.0,0.11000991080277503,46,4.376610505450942,0,0.0,0.0,0.0,1.16
main,v040,LOSO-dep-f3,primary,LOSO,deployed,3,B,IPPO|ippo_nr_seed64,IPPO,64,T,"June 2026, current reward",7,-643.5374025110079,556.0218788349302,82.12080547607759,0.6447182,4.75,191.60404324506857,191.44286369506852,0.003964321110009911,0.0,0.003964321110009911,0.003964321110009911,0.14866204162537167,34,3.2348860257680876,4,1.1036278432670303,1.4257170635107337,0.78434004563398,1.16
main,v040,LOSO-dep-f3,primary,LOSO,deployed,3,B,IPPO|ippo_nr_seed64,IPPO,64,T,"June 2026, current reward",8,-384.9607706212598,381.82029842125974,0.0,0.26547220000000005,2.875,205.6293766405362,205.5630085905362,0.0,0.0,0.0,0.0,0.011892963330029732,14,1.33201189296333,0,0.0,0.0,0.0,1.16
main,v040,LOSO-dep-f3,primary,LOSO,deployed,3,B,IPPO|ippo_nr_seed64,IPPO,64,T,"June 2026, current reward",9,-1080.01144018583,81.01144018583015,999.0,0.0,0.0,207.49609891718006,207.49609891718006,0.04558969276511397,0.04558969276511397,0.0,0.036669970267591674,0.0,0,0.0,46,8.450041579904692,99.27811641324571,0.815618707421439,1.16
main,v040,LOSO-dep-f3,primary,LOSO,deployed,3,B,MAPPO|mappo_pool_off_seed1_20260526T162327/mappo_best.pt,MAPPO,1,T,search-only (scenario-variant sweep dir); traced to Table I,all,-5444.289083012376,4229.010531936298,1162.1208054760775,5.1577456,48.0,1966.2467709416524,1964.9573345416525,0.005351833498513379,0.0046580773042616454,0.0006937561942517344,0.004360753221010902,0.08097125867195243,272,2.58790882061447,54,11.689551586233362,231.04299167654068,0.808661787464129,0.37
main,v040,LOSO-dep-f3,primary,LOSO,deployed,3,B,MAPPO|mappo_pool_off_seed1_20260526T162327/mappo_best.pt,MAPPO,1,T,search-only (scenario-variant sweep dir); traced to Table I,0,-814.2853163849402,801.6096537849402,0.0,1.1756626,11.5,178.03345752924028,177.73954187924028,0.0,0.0,0.0,0.0,0.21605550049554015,62,5.898909811694748,0,0.0,0.0,0.0,0.37
main,v040,LOSO-dep-f3,primary,LOSO,deployed,3,B,MAPPO|mappo_pool_off_seed1_20260526T162327/mappo_best.pt,MAPPO,1,T,search-only (scenario-variant sweep dir); traced to Table I,1,-497.53121716563516,463.02272516563517,27.0,0.7584919999999999,6.75,192.5500480873239,192.3604250873239,0.0019821605550049554,0.0,0.0019821605550049554,0.0009910802775024777,0.10901883052527254,40,3.8057482656095147,2,0.7188164313257891,1.4257170635107337,0.5059578995704223,0.37
main,v040,LOSO-dep-f3,primary,LOSO,deployed,3,B,MAPPO|mappo_pool_off_seed1_20260526T162327/mappo_best.pt,MAPPO,1,T,search-only (scenario-variant sweep dir); traced to Table I,2,-282.0835921767915,280.4698183767915,0.0,0.11377380000000001,1.5,206.8909983987804,206.8625549487804,0.0,0.0,0.0,0.0,0.002973240832507433,6,0.5708622398414271,0,0.0,0.0,0.0,0.37
main,v040,LOSO-dep-f3,primary,LOSO,deployed,3,B,MAPPO|mappo_pool_off_seed1_20260526T162327/mappo_best.pt,MAPPO,1,T,search-only (scenario-variant sweep dir); traced to Table I,3,-164.931448168637,137.931448168637,27.0,0.0,0.0,207.4683263433343,207.4683263433343,0.0009910802775024777,0.0009910802775024777,0.0,0.0009910802775024777,0.0,0,0.0,1,5.638737068725305,5.638737068725305,1.0,0.37
main,v040,LOSO-dep-f3,primary,LOSO,deployed,3,B,MAPPO|mappo_pool_off_seed1_20260526T162327/mappo_best.pt,MAPPO,1,T,search-only (scenario-variant sweep dir); traced to Table I,4,-606.81134383313,545.59077643313,54.0,0.7205674000000001,6.5,186.62332349937753,186.44318164937755,0.0019821605550049554,0.0,0.0019821605550049554,0.0019821605550049554,0.14866204162537167,38,3.615460852329039,2,1.4257170635107337,1.4257170635107337,1.0,0.37
main,v040,LOSO-dep-f3,primary,LOSO,deployed,3,B,MAPPO|mappo_pool_off_seed1_20260526T162327/mappo_best.pt,MAPPO,1,T,search-only (scenario-variant sweep dir); traced to Table I,5,-365.51492098114784,362.3856749811479,0.0,0.379246,2.75,200.77012854144039,200.6753170414404,0.0,0.0,0.0,0.0,0.05252725470763132,20,1.9028741328047574,0,0.0,0.0,0.0,0.37
main,v040,LOSO-dep-f3,primary,LOSO,deployed,3,B,MAPPO|mappo_pool_off_seed1_20260526T162327/mappo_best.pt,MAPPO,1,T,search-only (scenario-variant sweep dir); traced to Table I,6,-669.7815034562431,632.007539256243,27.0,1.0239642,9.75,189.61602848397035,189.36003743397038,0.0009910802775024777,0.0,0.0009910802775024777,0.0009910802775024777,0.13577799801783944,54,5.137760158572845,1,231.04299167654068,231.04299167654068,1.0,0.37
main,v040,LOSO-dep-f3,primary,LOSO,deployed,3,B,MAPPO|mappo_pool_off_seed1_20260526T162327/mappo_best.pt,MAPPO,1,T,search-only (scenario-variant sweep dir); traced to Table I,7,-598.6829292220243,565.9932547459467,28.12080547607759,0.5688690000000001,4.0,193.161760073589,193.019542823589,0.0019821605550049554,0.0,0.0019821605550049554,0.0019821605550049554,0.11496531219028741,30,2.8543111992071357,2,0.7815386230233267,1.4257170635107337,0.5686800912679598,0.37
main,v040,LOSO-dep-f3,primary,LOSO,deployed,3,B,MAPPO|mappo_pool_off_seed1_20260526T162327/mappo_best.pt,MAPPO,1,T,search-only (scenario-variant sweep dir); traced to Table I,8,-364.65537143799685,358.9882008379968,0.0,0.41717060000000006,5.25,203.6366010674161,203.53230841741612,0.0,0.0,0.0,0.0,0.02973240832507433,22,2.093161546085233,0,0.0,0.0,0.0,0.37
main,v040,LOSO-dep-f3,primary,LOSO,deployed,3,B,MAPPO|mappo_pool_off_seed1_20260526T162327/mappo_best.pt,MAPPO,1,T,search-only (scenario-variant sweep dir); traced to Table I,9,-1080.01144018583,81.01144018583015,999.0,0.0,0.0,207.49609891718006,207.49609891718006,0.04558969276511397,0.04558969276511397,0.0,0.036669970267591674,0.0,0,0.0,46,8.450041579904692,99.27811641324571,0.815618707421439,0.37
main,v040,LOSO-dep-f3,primary,LOSO,deployed,3,B,MAPPO|mappo_pool_off_seed7_20260526T162327/mappo_best.pt,MAPPO,7,T,search-only (scenario-variant sweep dir); traced to Table I,all,-5468.330184389273,4182.516391437119,1217.241610952155,6.447182,62.125,1961.0531478514022,1959.4413523514022,0.005649157581764123,0.0046580773042616454,0.0009910802775024777,0.0046580773042616454,0.08840436075322101,340,3.2348860257680876,57,11.126747016950157,231.04299167654068,0.8035981878175243,0.37
main,v040,LOSO-dep-f3,primary,LOSO,deployed,3,B,MAPPO|mappo_pool_off_seed7_20260526T162327/mappo_best.pt,MAPPO,7,T,search-only (scenario-variant sweep dir); traced to Table I,0,-805.5296417765162,793.9902053765163,0.0,1.2894364,10.25,176.8570296560254,176.5346705560254,0.0,0.0,0.0,0.0,0.23389494549058473,68,6.469772051536175,0,0.0,0.0,0.0,0.37
main,v040,LOSO-dep-f3,primary,LOSO,deployed,3,B,MAPPO|mappo_pool_off_seed7_20260526T162327/mappo_best.pt,MAPPO,7,T,search-only (scenario-variant sweep dir); traced to Table I,1,-495.28902768390526,457.46591268390523,27.0,0.948115,9.875,191.78651888295778,191.5494901329578,0.0019821605550049554,0.0,0.0019821605550049554,0.0009910802775024777,0.11793855302279485,50,4.757185332011893,2,0.7188164313257891,1.4257170635107337,0.5059578995704223,0.37
main,v040,LOSO-dep-f3,primary,LOSO,deployed,3,B,MAPPO|mappo_pool_off_seed7_20260526T162327/mappo_best.pt,MAPPO,7,T,search-only (scenario-variant sweep dir); traced to Table I,2,-282.06171096220805,277.6754332861305,1.1208054760775898,0.26547220000000005,3.0,206.5744223225634,206.5080542725634,0.0009910802775024777,0.0,0.0009910802775024777,0.0009910802775024777,0.010901883052527254,14,1.33201189296333,1,0.1373601825359197,0.1373601825359197,0.13736018253591964,0.37
main,v040,LOSO-dep-f3,primary,LOSO,deployed,3,B,MAPPO|mappo_pool_off_seed7_20260526T162327/mappo_best.pt,MAPPO,7,T,search-only (scenario-variant sweep dir); traced to Table I,3,-164.931448168637,137.931448168637,27.0,0.0,0.0,207.4683263433343,207.4683263433343,0.0009910802775024777,0.0009910802775024777,0.0,0.0009910802775024777,0.0,0,0.0,1,5.638737068725305,5.638737068725305,1.0,0.37
main,v040,LOSO-dep-f3,primary,LOSO,deployed,3,B,MAPPO|mappo_pool_off_seed7_20260526T162327/mappo_best.pt,MAPPO,7,T,search-only (scenario-variant sweep dir); traced to Table I,4,-604.1835603648299,543.3000683648298,54.0,0.758492,6.125,186.35014791864984,186.16052491864986,0.0019821605550049554,0.0,0.0019821605550049554,0.0019821605550049554,0.15262636273538158,40,3.8057482656095147,2,1.4257170635107337,1.4257170635107337,1.0,0.37
main,v040,LOSO-dep-f3,primary,LOSO,deployed,3,B,MAPPO|mappo_pool_off_seed7_20260526T162327/mappo_best.pt,MAPPO,7,T,search-only (scenario-variant sweep dir); traced to Table I,5,-388.6375872726527,355.81871827265263,27.0,0.5688690000000001,5.25,200.20187326545474,200.05965601545472,0.0009910802775024777,0.0,0.0009910802775024777,0.0009910802775024777,0.062438057482656094,30,2.8543111992071357,1,1.4257170635107337,1.4257170635107337,1.0,0.37
main,v040,LOSO-dep-f3,primary,LOSO,deployed,3,B,MAPPO|mappo_pool_off_seed7_20260526T162327/mappo_best.pt,MAPPO,7,T,search-only (scenario-variant sweep dir); traced to Table I,6,-688.9265999609622,619.7621635609623,54.0,1.2894364,13.875,188.4887100286124,188.16635092861236,0.0019821605550049554,0.0,0.0019821605550049554,0.0019821605550049554,0.1466798810703667,68,6.469772051536175,2,116.23435437002571,231.04299167654068,1.0,0.37
main,v040,LOSO-dep-f3,primary,LOSO,deployed,3,B,MAPPO|mappo_pool_off_seed7_20260526T162327/mappo_best.pt,MAPPO,7,T,search-only (scenario-variant sweep dir); traced to Table I,7,-596.1682929274434,559.3760708513657,28.12080547607759,0.7964166,7.875,192.49387743357744,192.29477328357743,0.0019821605550049554,0.0,0.0019821605550049554,0.0019821605550049554,0.12388503468780972,42,3.9960356788899905,2,0.7815386230233267,1.4257170635107337,0.5686800912679598,0.37
main,v040,LOSO-dep-f3,primary,LOSO,deployed,3,B,MAPPO|mappo_pool_off_seed7_20260526T162327/mappo_best.pt,MAPPO,7,T,search-only (scenario-variant sweep dir); traced to Table I,8,-362.590875086289,356.18493068628896,0.0,0.5309444,5.875,203.33614308304692,203.20340698304693,0.0,0.0,0.0,0.0,0.035678889990089196,28,2.66402378592666,0,0.0,0.0,0.0,0.37
main,v040,LOSO-dep-f3,primary,LOSO,deployed,3,B,MAPPO|mappo_pool_off_seed7_20260526T162327/mappo_best.pt,MAPPO,7,T,search-only (scenario-variant sweep dir); traced to Table I,9,-1080.01144018583,81.01144018583015,999.0,0.0,0.0,207.49609891718006,207.49609891718006,0.04558969276511397,0.04558969276511397,0.0,0.036669970267591674,0.0,0,0.0,46,8.450041579904692,99.27811641324571,0.815618707421439,0.37
main,v040,LOSO-dep-f3,primary,LOSO,deployed,3,B,MAPPO|mappo_pool_off_seed13_20260526T162327/mappo_best.pt,MAPPO,13,T,search-only (scenario-variant sweep dir); traced to Table I,all,-5458.16885004262,4211.37063224262,1188.0,5.423217800000001,53.375,1964.3248450100114,1962.9690405600113,0.005351833498513379,0.0046580773042616454,0.0006937561942517344,0.004360753221010902,0.08285431119920714,286,2.721110009910803,54,11.713410046992156,231.04299167654068,0.8246365988986489,0.37
main,v040,LOSO-dep-f3,primary,LOSO,deployed,3,B,MAPPO|mappo_pool_off_seed13_20260526T162327/mappo_best.pt,MAPPO,13,T,search-only (scenario-variant sweep dir); traced to Table I,0,-809.4234008864172,795.8348136864172,0.0,1.2135872,12.375,177.36194069898852,177.0585438989885,0.0,0.0,0.0,0.0,0.22299306243805747,64,6.089197224975224,0,0.0,0.0,0.0,0.37
main,v040,LOSO-dep-f3,primary,LOSO,deployed,3,B,MAPPO|mappo_pool_off_seed13_20260526T162327/mappo_best.pt,MAPPO,13,T,search-only (scenario-variant sweep dir); traced to Table I,1,-499.1601045572129,460.62491415721286,27.0,0.9101904000000001,10.625,192.26166365842903,192.034116058429,0.0019821605550049554,0.0,0.0019821605550049554,0.0009910802775024777,0.1110009910802775,48,4.566897918731417,2,0.7188164313257891,1.4257170635107337,0.5059578995704223,0.37
main,v040,LOSO-dep-f3,primary,LOSO,deployed,3,B,MAPPO|mappo_pool_off_seed13_20260526T162327/mappo_best.pt,MAPPO,13,T,search-only (scenario-variant sweep dir); traced to Table I,2,-282.81330896228934,281.73745976228935,0.0,0.0758492,1.0,206.99676890834297,206.97780660834297,0.0,0.0,0.0,0.0,0.0019821605550049554,4,0.3805748265609515,0,0.0,0.0,0.0,0.37
main,v040,LOSO-dep-f3,primary,LOSO,deployed,3,B,MAPPO|mappo_pool_off_seed13_20260526T162327/mappo_best.pt,MAPPO,13,T,search-only (scenario-variant sweep dir); traced to Table I,3,-164.931448168637,137.931448168637,27.0,0.0,0.0,207.4683263433343,207.4683263433343,0.0009910802775024777,0.0009910802775024777,0.0,0.0009910802775024777,0.0,0,0.0,1,5.638737068725305,5.638737068725305,1.0,0.37
main,v040,LOSO-dep-f3,primary,LOSO,deployed,3,B,MAPPO|mappo_pool_off_seed13_20260526T162327/mappo_best.pt,MAPPO,13,T,search-only (scenario-variant sweep dir); traced to Table I,4,-631.1537939559157,542.6453019559157,81.0,0.758492,6.75,186.27297182837157,186.08334882837156,0.002973240832507433,0.0,0.002973240832507433,0.002973240832507433,0.15262636273538158,40,3.8057482656095147,3,1.425717063510734,1.4257170635107337,1.0,0.37
main,v040,LOSO-dep-f3,primary,LOSO,deployed,3,B,MAPPO|mappo_pool_off_seed13_20260526T162327/mappo_best.pt,MAPPO,13,T,search-only (scenario-variant sweep dir); traced to Table I,5,-360.4756149537459,357.3463689537459,0.0,0.379246,2.75,200.24288457681007,200.14807307681008,0.0,0.0,0.0,0.0,0.05847373637264618,20,1.9028741328047574,0,0.0,0.0,0.0,0.37
main,v040,LOSO-dep-f3,primary,LOSO,deployed,3,B,MAPPO|mappo_pool_off_seed13_20260526T162327/mappo_best.pt,MAPPO,13,T,search-only (scenario-variant sweep dir); traced to Table I,6,-668.3165229899043,630.0046341899044,27.0,1.0618888,10.25,189.54477864385774,189.27930644385776,0.0009910802775024777,0.0,0.0009910802775024777,0.0009910802775024777,0.1337958374628345,56,5.32804757185332,1,231.04299167654068,231.04299167654068,1.0,0.37
main,v040,LOSO-dep-f3,primary,LOSO,deployed,3,B,MAPPO|mappo_pool_off_seed13_20260526T162327/mappo_best.pt,MAPPO,13,T,search-only (scenario-variant sweep dir); traced to Table I,7,-597.2499694039385,565.0181758039386,27.0,0.6067936,4.625,192.96898532635998,192.81728692635997,0.0009910802775024777,0.0,0.0009910802775024777,0.0009910802775024777,0.11892963330029732,32,3.044598612487612,1,1.4257170635107337,1.4257170635107337,1.0,0.37
main,v040,LOSO-dep-f3,primary,LOSO,deployed,3,B,MAPPO|mappo_pool_off_seed13_20260526T162327/mappo_best.pt,MAPPO,13,T,search-only (scenario-variant sweep dir); traced to Table I,8,-364.6332459787289,359.2160753787289,0.0,0.41717060000000006,5.0,203.7104261083371,203.60613345833707,0.0,0.0,0.0,0.0,0.028741328047571853,22,2.093161546085233,0,0.0,0.0,0.0,0.37
main,v040,LOSO-dep-f3,primary,LOSO,deployed,3,B,MAPPO|mappo_pool_off_seed13_20260526T162327/mappo_best.pt,MAPPO,13,T,search-only (scenario-variant sweep dir); traced to Table I,9,-1080.01144018583,81.01144018583015,999.0,0.0,0.0,207.49609891718006,207.49609891718006,0.04558969276511397,0.04558969276511397,0.0,0.036669970267591674,0.0,0,0.0,46,8.450041579904692,99.27811641324571,0.815618707421439,0.37
main,v040,LOSO-dep-f3,primary,LOSO,deployed,3,B,MAPPO|mappo_pool_off_seed77_20260526T162327/mappo_best.pt,MAPPO,77,T,search-only (scenario-variant sweep dir); traced to Table I,all,-5415.659742885102,4260.316620285102,1107.0,4.968122599999999,43.375,1970.2898500517135,1969.0478194017132,0.005054509415262636,0.0046580773042616454,0.00039643211100099106,0.004063429137760159,0.07591674925668979,262,2.492765113974232,51,7.816268955568906,99.27811641324571,0.8143211047162165,0.37
main,v040,LOSO-dep-f3,primary,LOSO,deployed,3,B,MAPPO|mappo_pool_off_seed77_20260526T162327/mappo_best.pt,MAPPO,77,T,search-only (scenario-variant sweep dir); traced to Table I,0,-825.8708174801735,816.6347778801735,0.0,0.9860396,8.25,179.82355189196133,179.57704199196135,0.0,0.0,0.0,0.0,0.1962338949454906,52,4.947472745292369,0,0.0,0.0,0.0,0.37
main,v040,LOSO-dep-f3,primary,LOSO,deployed,3,B,MAPPO|mappo_pool_off_seed77_20260526T162327/mappo_best.pt,MAPPO,77,T,search-only (scenario-variant sweep dir); traced to Table I,1,-501.65844065626567,466.4870240562657,27.0,0.7964166,7.375,192.94404885028734,192.74494470028736,0.0019821605550049554,0.0,0.0019821605550049554,0.0009910802775024777,0.10307234886025768,42,3.9960356788899905,2,0.7188164313257891,1.4257170635107337,0.5059578995704223,0.37
main,v040,LOSO-dep-f3,primary,LOSO,deployed,3,B,MAPPO|mappo_pool_off_seed77_20260526T162327/mappo_best.pt,MAPPO,77,T,search-only (scenario-variant sweep dir); traced to Table I,2,-282.7762592412275,281.1624854412275,0.0,0.11377380000000001,1.5,206.93192349875443,206.90348004875443,0.0,0.0,0.0,0.0,0.002973240832507433,6,0.5708622398414271,0,0.0,0.0,0.0,0.37
main,v040,LOSO-dep-f3,primary,LOSO,deployed,3,B,MAPPO|mappo_pool_off_seed77_20260526T162327/mappo_best.pt,MAPPO,77,T,search-only (scenario-variant sweep dir); traced to Table I,3,-164.931448168637,137.931448168637,27.0,0.0,0.0,207.4683263433343,207.4683263433343,0.0009910802775024777,0.0009910802775024777,0.0,0.0009910802775024777,0.0,0,0.0,1,5.638737068725305,5.638737068725305,1.0,0.37
main,v040,LOSO-dep-f3,primary,LOSO,deployed,3,B,MAPPO|mappo_pool_off_seed77_20260526T162327/mappo_best.pt,MAPPO,77,T,search-only (scenario-variant sweep dir); traced to Table I,4,-583.8049863183579,550.4594189183579,27.0,0.7205674000000001,5.625,187.24799189782908,187.0678500478291,0.0009910802775024777,0.0,0.0009910802775024777,0.0009910802775024777,0.14073339940535184,38,3.615460852329039,1,1.4257170635107337,1.4257170635107337,1.0,0.37
main,v040,LOSO-dep-f3,primary,LOSO,deployed,3,B,MAPPO|mappo_pool_off_seed77_20260526T162327/mappo_best.pt,MAPPO,77,T,search-only (scenario-variant sweep dir); traced to Table I,5,-366.66527136724426,364.8618745672443,0.0,0.3033968,1.5,201.12822490583363,201.05237570583364,0.0,0.0,0.0,0.0,0.048562933597621406,16,1.522299306243806,0,0.0,0.0,0.0,0.37
main,v040,LOSO-dep-f3,primary,LOSO,deployed,3,B,MAPPO|mappo_pool_off_seed77_20260526T162327/mappo_best.pt,MAPPO,77,T,search-only (scenario-variant sweep dir); traced to Table I,6,-643.4022265352198,631.9653377352197,0.0,1.0618888000000002,10.375,189.7947027101328,189.5292305101328,0.0,0.0,0.0,0.0,0.13082259663032705,56,5.32804757185332,0,0.0,0.0,0.0,0.37
main,v040,LOSO-dep-f3,primary,LOSO,deployed,3,B,MAPPO|mappo_pool_off_seed77_20260526T162327/mappo_best.pt,MAPPO,77,T,search-only (scenario-variant sweep dir); traced to Table I,7,-596.0885442265351,564.6067506265351,27.0,0.6067936,3.875,193.02368862761716,192.87199022761715,0.0009910802775024777,0.0,0.0009910802775024777,0.0009910802775024777,0.1159563924677899,32,3.044598612487612,1,1.4257170635107337,1.4257170635107337,1.0,0.37
main,v040,LOSO-dep-f3,primary,LOSO,deployed,3,B,MAPPO|mappo_pool_off_seed77_20260526T162327/mappo_best.pt,MAPPO,77,T,search-only (scenario-variant sweep dir); traced to Table I,8,-370.45030870561095,365.196062705611,0.0,0.37924599999999997,4.875,204.43129240878326,204.33648090878324,0.0,0.0,0.0,0.0,0.02081268582755203,20,1.9028741328047574,0,0.0,0.0,0.0,0.37
main,v040,LOSO-dep-f3,primary,LOSO,deployed,3,B,MAPPO|mappo_pool_off_seed77_20260526T162327/mappo_best.pt,MAPPO,77,T,search-only (scenario-variant sweep dir); traced to Table I,9,-1080.01144018583,81.01144018583015,999.0,0.0,0.0,207.49609891718006,207.49609891718006,0.04558969276511397,0.04558969276511397,0.0,0.036669970267591674,0.0,0,0.0,46,8.450041579904692,99.27811641324571,0.815618707421439,0.37
main,v040,LOSO-dep-f3,primary,LOSO,deployed,3,B,"Hysteresis (fixed, t_up=81, b=50 Mbps)|-",Hysteresis (fixed),0,baseline,baseline,all,-6112.669928513167,4590.827773329276,1518.0933775838907,2.1237776,1.625,1996.3093041280918,1995.7783597280918,0.006739345887016849,0.0046580773042616454,0.0020812685827552033,0.005748265609514371,0.07472745292368682,111,1.0560951437066404,68,6.182626254011835,99.27811641324571,0.8372571900978931,0.37
main,v040,LOSO-dep-f3,primary,LOSO,deployed,3,B,"Hysteresis (fixed, t_up=81, b=50 Mbps)|-",Hysteresis (fixed),0,baseline,baseline,0,-990.23330468225,854.6532094822501,135.0,0.45509520000000003,0.125,183.1990205591426,183.0852467591426,0.004955401387512388,0.0,0.004955401387512388,0.004955401387512388,0.22497522299306244,23,2.188305252725471,5,1.4257170635107337,1.4257170635107337,1.0,0.37
main,v040,LOSO-dep-f3,primary,LOSO,deployed,3,B,"Hysteresis (fixed, t_up=81, b=50 Mbps)|-",Hysteresis (fixed),0,baseline,baseline,1,-547.0313711562213,492.6521251562213,54.0,0.379246,0.0,194.74892751589732,194.65411601589733,0.002973240832507433,0.0,0.002973240832507433,0.0019821605550049554,0.12586719524281467,20,1.9028741328047574,3,0.9544499753874373,1.4257170635107337,0.6706385997136147,0.37
main,v040,LOSO-dep-f3,primary,LOSO,deployed,3,B,"Hysteresis (fixed, t_up=81, b=50 Mbps)|-",Hysteresis (fixed),0,baseline,baseline,2,-285.3829492908979,285.3829492908979,0.0,0.0,0.0,207.24386539215953,207.24386539215953,0.0,0.0,0.0,0.0,0.0,0,0.0,0,0.0,0.0,0.0,0.37
main,v040,LOSO-dep-f3,primary,LOSO,deployed,3,B,"Hysteresis (fixed, t_up=81, b=50 Mbps)|-",Hysteresis (fixed),0,baseline,baseline,3,-164.931448168637,137.931448168637,27.0,0.0,0.0,207.4683263433343,207.4683263433343,0.0009910802775024777,0.0009910802775024777,0.0,0.0009910802775024777,0.0,0,0.0,1,5.638737068725305,5.638737068725305,1.0,0.37
main,v040,LOSO-dep-f3,primary,LOSO,deployed,3,B,"Hysteresis (fixed, t_up=81, b=50 Mbps)|-",Hysteresis (fixed),0,baseline,baseline,4,-699.6927588449895,584.5572106610989,114.0933775838907,0.4171706,0.625,190.7286452159057,190.6243525659057,0.005946481665014866,0.0,0.005946481665014866,0.005946481665014866,0.14866204162537167,22,2.093161546085233,6,1.0176634733621042,1.4257170635107337,0.7338520976882817,0.37
main,v040,LOSO-dep-f3,primary,LOSO,deployed,3,B,"Hysteresis (fixed, t_up=81, b=50 Mbps)|-",Hysteresis (fixed),0,baseline,baseline,5,-416.62263084094184,416.54678164094184,0.0,0.0758492,0.0,205.16154031472055,205.14257801472056,0.0,0.0,0.0,0.0,0.018830525272547076,4,0.3805748265609515,0,0.0,0.0,0.0,0.37
main,v040,LOSO-dep-f3,primary,LOSO,deployed,3,B,"Hysteresis (fixed, t_up=81, b=50 Mbps)|-",Hysteresis (fixed),0,baseline,baseline,6,-832.5037159899969,723.1736207899969,108.0,0.4550952,0.875,196.1767972561229,196.06302345612292,0.003964321110009911,0.0,0.003964321110009911,0.003964321110009911,0.12388503468780972,24,2.2834489593657086,4,1.4257170635107337,1.4257170635107337,1.0,0.37
main,v040,LOSO-dep-f3,primary,LOSO,deployed,3,B,"Hysteresis (fixed, t_up=81, b=50 Mbps)|-",Hysteresis (fixed),0,baseline,baseline,7,-694.2237291964788,612.8824077964788,81.0,0.3413214,0.0,196.9379544569712,196.8526241069712,0.002973240832507433,0.0,0.002973240832507433,0.002973240832507433,0.10505450941526263,18,1.7125867195242817,3,1.425717063510734,1.4257170635107337,1.0,0.37
main,v040,LOSO-dep-f3,primary,LOSO,deployed,3,B,"Hysteresis (fixed, t_up=81, b=50 Mbps)|-",Hysteresis (fixed),0,baseline,baseline,8,-402.0365801569236,402.0365801569236,0.0,0.0,0.0,207.14812815665772,207.14812815665772,0.0,0.0,0.0,0.0,0.0,0,0.0,0,0.0,0.0,0.0,0.37
main,v040,LOSO-dep-f3,primary,LOSO,deployed,3,B,"Hysteresis (fixed, t_up=81, b=50 Mbps)|-",Hysteresis (fixed),0,baseline,baseline,9,-1080.01144018583,81.01144018583015,999.0,0.0,0.0,207.49609891718006,207.49609891718006,0.04558969276511397,0.04558969276511397,0.0,0.036669970267591674,0.0,0,0.0,46,8.450041579904692,99.27811641324571,0.815618707421439,0.37
main,v040,LOSO-dep-f3,primary,LOSO,deployed,3,B,Always-DPDK|-,Always-DPDK,0,baseline,baseline,all,-7238.173004664398,6212.173004664399,1026.0,0.0,0.0,2071.2343945341463,2071.2343945341463,0.0046580773042616454,0.0046580773042616454,0.0,0.0037661050545094153,0.0,0,0.0,47,8.390226590305131,99.27811641324571,0.8195417136465148,0.37
main,v040,LOSO-dep-f3,primary,LOSO,deployed,3,B,Always-DPDK|-,Always-DPDK,0,baseline,baseline,0,-1322.0174743298576,1322.0174743298576,0.0,0.0,0.0,206.8131393180388,206.8131393180388,0.0,0.0,0.0,0.0,0.0,0,0.0,0,0.0,0.0,0.0,0.37
main,v040,LOSO-dep-f3,primary,LOSO,deployed,3,B,Always-DPDK|-,Always-DPDK,0,baseline,baseline,1,-869.3236030265607,869.3236030265607,0.0,0.0,0.0,207.06714615966618,207.06714615966618,0.0,0.0,0.0,0.0,0.0,0,0.0,0,0.0,0.0,0.0,0.37
main,v040,LOSO-dep-f3,primary,LOSO,deployed,3,B,Always-DPDK|-,Always-DPDK,0,baseline,baseline,2,-285.3829492908979,285.3829492908979,0.0,0.0,0.0,207.24386539215953,207.24386539215953,0.0,0.0,0.0,0.0,0.0,0,0.0,0,0.0,0.0,0.0,0.37
main,v040,LOSO-dep-f3,primary,LOSO,deployed,3,B,Always-DPDK|-,Always-DPDK,0,baseline,baseline,3,-164.931448168637,137.931448168637,27.0,0.0,0.0,207.4683263433343,207.4683263433343,0.0009910802775024777,0.0009910802775024777,0.0,0.0009910802775024777,0.0,0,0.0,1,5.638737068725305,5.638737068725305,1.0,0.37
main,v040,LOSO-dep-f3,primary,LOSO,deployed,3,B,Always-DPDK|-,Always-DPDK,0,baseline,baseline,4,-956.5650693456985,956.5650693456985,0.0,0.0,0.0,206.97065263864175,206.97065263864175,0.0,0.0,0.0,0.0,0.0,0,0.0,0,0.0,0.0,0.0,0.37
main,v040,LOSO-dep-f3,primary,LOSO,deployed,3,B,Always-DPDK|-,Always-DPDK,0,baseline,baseline,5,-443.40120791877587,443.40120791877587,0.0,0.0,0.0,207.1529463248001,207.1529463248001,0.0,0.0,0.0,0.0,0.0,0,0.0,0,0.0,0.0,0.0,0.37
main,v040,LOSO-dep-f3,primary,LOSO,deployed,3,B,Always-DPDK|-,Always-DPDK,0,baseline,baseline,6,-956.5359047416525,956.5359047416525,0.0,0.0,0.0,206.92409279657878,206.92409279657878,0.0,0.0,0.0,0.0,0.0,0,0.0,0,0.0,0.0,0.0,0.37
main,v040,LOSO-dep-f3,primary,LOSO,deployed,3,B,Always-DPDK|-,Always-DPDK,0,baseline,baseline,7,-757.9673274995644,757.9673274995644,0.0,0.0,0.0,206.9499984870887,206.9499984870887,0.0,0.0,0.0,0.0,0.0,0,0.0,0,0.0,0.0,0.0,0.37
main,v040,LOSO-dep-f3,primary,LOSO,deployed,3,B,Always-DPDK|-,Always-DPDK,0,baseline,baseline,8,-402.0365801569236,402.0365801569236,0.0,0.0,0.0,207.14812815665772,207.14812815665772,0.0,0.0,0.0,0.0,0.0,0,0.0,0,0.0,0.0,0.0,0.37
main,v040,LOSO-dep-f3,primary,LOSO,deployed,3,B,Always-DPDK|-,Always-DPDK,0,baseline,baseline,9,-1080.01144018583,81.01144018583015,999.0,0.0,0.0,207.49609891718006,207.49609891718006,0.04558969276511397,0.04558969276511397,0.0,0.036669970267591674,0.0,0,0.0,46,8.450041579904692,99.27811641324571,0.815618707421439,0.37
main,v040,LOSO-dep-f3,primary,LOSO,deployed,3,B,Always-USR|-,Always-USR (supplementary),0,baseline,baseline,all,-135669.0422898646,7170.67952955757,128498.36255430701,0.000206,0.0,5380.41890230334,5380.41885080334,0.555599603567889,0.4491575817641229,0.555599603567889,0.5473736372646184,1.0,0,0.0,5606,3673.384776767767,167170.4835618346,0.8627578196340571,0.37
main,v040,LOSO-dep-f3,primary,LOSO,deployed,3,B,Always-USR|-,Always-USR (supplementary),0,baseline,baseline,0,-4512.004341339477,872.2612865937868,3639.74303414569,2.06e-05,0.0,234.3965962708446,234.39659112084462,0.1506442021803766,0.014866204162537165,0.1506442021803766,0.14866204162537167,1.0,0,0.0,152,30.428089131678075,1647.7475612632013,0.8970302592311711,0.37
main,v040,LOSO-dep-f3,primary,LOSO,deployed,3,B,Always-USR|-,Always-USR (supplementary),0,baseline,baseline,1,-10915.555847573276,799.3489640344676,10116.206862938809,2.06e-05,0.0,501.1623285176052,501.1623233676052,0.49355797819623387,0.36372646184340934,0.49355797819623387,0.4767096134786918,1.0,0,0.0,498,468.2183472789818,3171.3977268578114,0.7742209593298961,0.37
main,v040,LOSO-dep-f3,primary,LOSO,deployed,3,B,Always-USR|-,Always-USR (supplementary),0,baseline,baseline,2,-17985.463451265867,700.4944868957921,17284.968943770073,2.06e-05,0.0,681.8958198359071,681.8958146859072,0.7512388503468781,0.6769078295341923,0.7512388503468781,0.7452923686818632,1.0,0,0.0,758,897.5815561755361,9957.328031672701,0.859415733844126,0.37
main,v040,LOSO-dep-f3,primary,LOSO,deployed,3,B,Always-USR|-,Always-USR (supplementary),0,baseline,baseline,3,-24725.171368899893,450.8943791149645,24274.27696918493,2.06e-05,0.0,789.7082836447967,789.7082784947967,0.9256689791873142,0.8999008919722498,0.9256689791873142,0.9246778989098117,1.0,0,0.0,934,3195.802801807263,110400.53927989988,0.9662253548593559,0.37
main,v040,LOSO-dep-f3,primary,LOSO,deployed,3,B,Always-USR|-,Always-USR (supplementary),0,baseline,baseline,4,-7831.253510108797,837.1260923940736,6994.127397114722,2.06e-05,0.0,399.1981551252746,399.1981499752746,0.3528245787908821,0.19028741328047571,0.3528245787908821,0.3458870168483647,1.0,0,0.0,356,151.00121030423216,3171.3977268578114,0.7531488497129495,0.37
main,v040,LOSO-dep-f3,primary,LOSO,deployed,3,B,Always-USR|-,Always-USR (supplementary),0,baseline,baseline,5,-14294.324365753086,761.7169167905458,13532.607428362538,2.06e-05,0.0,605.0097672687338,605.0097621187338,0.6352824578790882,0.5470763131813677,0.6352824578790882,0.624380574826561,1.0,0,0.0,641,552.3964928209058,3227.1603467703258,0.8022121498741038,0.37
main,v040,LOSO-dep-f3,primary,LOSO,deployed,3,B,Always-USR|-,Always-USR (supplementary),0,baseline,baseline,6,-7441.531592300665,844.349874107998,6597.181697592667,2.06e-05,0.0,359.5518270036197,359.5518218536197,0.3072348860257681,0.15361744301288405,0.3072348860257681,0.3002973240832507,1.0,0,0.0,310,230.90464047115228,2442.613705294324,0.8073853780013166,0.37
main,v040,LOSO-dep-f3,primary,LOSO,deployed,3,B,Always-USR|-,Always-USR (supplementary),0,baseline,baseline,7,-7501.447247272303,847.4600007294974,6653.987225942805,2.06e-05,0.0,385.7519941463229,385.7519889963229,0.3240832507433102,0.1377601585728444,0.3240832507433102,0.311199207135778,1.0,0,0.0,327,69.35089691853041,2442.613705294324,0.7747843412444175,0.37
main,v040,LOSO-dep-f3,primary,LOSO,deployed,3,B,Always-USR|-,Always-USR (supplementary),0,baseline,baseline,8,-14339.267814334755,763.6890314666788,13575.578762268076,2.06e-05,0.0,606.7597192129894,606.7597140629894,0.645193260654113,0.5450941526263627,0.645193260654113,0.6283448959365708,1.0,0,0.0,651,555.5409440678437,11216.983585761867,0.7928139180660474,0.37
main,v040,LOSO-dep-f3,primary,LOSO,deployed,3,B,Always-USR|-,Always-USR (supplementary),0,baseline,baseline,9,-26123.022751016484,293.33849742976577,25829.684232986714,2.06e-05,0.0,816.9844112772464,816.9844061272464,0.9702675916749257,0.9623389494549058,0.9702675916749257,0.9682854311199207,1.0,0,0.0,979,16165.671804295222,167170.4835618346,0.979278147120707,0.37
main,v040,LOSO-dep-f3,primary,LOSO,deployed,3,B,Centralized PPO|wcnc2027_ablation/central_seed23/ppo_multi_site.zip,Centralized PPO,23,R,wcnc2027_ablation 2026-09-14,all,-14475.363638573954,5209.870510239436,9017.07902553452,13.5391028,234.875,2146.382480990037,2142.9977052900367,0.040931615460852326,0.013379583746283449,0.036273538156590686,0.03914767096134787,0.15054509415262637,712,6.774231912784936,413,135.8370741377677,2442.613705294324,0.8249273694547322,0.3
main,v040,LOSO-dep-f3,primary,LOSO,deployed,3,B,Centralized PPO|wcnc2027_ablation/central_seed23/ppo_multi_site.zip,Centralized PPO,23,R,wcnc2027_ablation 2026-09-14,0,-4214.422599941565,907.0019656842368,3157.0632412573277,7.357393,143.0,215.69459274080413,213.85524449080413,0.13082259663032705,0.002973240832507433,0.13082259663032705,0.1288404360753221,0.686818632309217,388,36.91575817641229,132,9.90549288007501,229.57252545474108,0.8959035831327723,0.3
main,v040,LOSO-dep-f3,primary,LOSO,deployed,3,B,Centralized PPO|wcnc2027_ablation/central_seed23/ppo_multi_site.zip,Centralized PPO,23,R,wcnc2027_ablation 2026-09-14,1,-1334.9352617048557,469.22053328514517,861.8579348197106,0.6067936,3.25,204.92974231682132,204.77804391682133,0.03766105054509415,0.004955401387512388,0.03766105054509415,0.035678889990089196,0.27155599603567887,31,2.949454905847374,38,25.20538037378885,229.57252545474108,0.8513797217264574,0.3
main,v040,LOSO-dep-f3,primary,LOSO,deployed,3,B,Centralized PPO|wcnc2027_ablation/central_seed23/ppo_multi_site.zip,Centralized PPO,23,R,wcnc2027_ablation 2026-09-14,2,-285.3829492908979,285.3829492908979,0.0,0.0,0.0,207.24386539215953,207.24386539215953,0.0,0.0,0.0,0.0,0.0,0,0.0,0,0.0,0.0,0.0,0.3
main,v040,LOSO-dep-f3,primary,LOSO,deployed,3,B,Centralized PPO|wcnc2027_ablation/central_seed23/ppo_multi_site.zip,Centralized PPO,23,R,wcnc2027_ablation 2026-09-14,3,-164.931448168637,137.931448168637,27.0,0.0,0.0,207.4683263433343,207.4683263433343,0.0009910802775024777,0.0009910802775024777,0.0,0.0009910802775024777,0.0,0,0.0,1,5.638737068725305,5.638737068725305,1.0,0.3
main,v040,LOSO-dep-f3,primary,LOSO,deployed,3,B,Centralized PPO|wcnc2027_ablation/central_seed23/ppo_multi_site.zip,Centralized PPO,23,R,wcnc2027_ablation 2026-09-14,4,-1025.3674971204757,959.6885048242043,63.9402184962714,0.11377380000000001,1.625,210.05760294193746,210.02915949193746,0.005946481665014866,0.002973240832507433,0.005946481665014866,0.003964321110009911,0.005946481665014866,6,0.5708622398414271,6,549.3417157902045,1647.7475612632013,0.4258620358040115,0.3
main,v040,LOSO-dep-f3,primary,LOSO,deployed,3,B,Centralized PPO|wcnc2027_ablation/central_seed23/ppo_multi_site.zip,Centralized PPO,23,R,wcnc2027_ablation 2026-09-14,5,-554.2434631525889,444.8363717319735,109.2441668206154,0.0379246,0.125,209.69193585490711,209.68245470490712,0.004955401387512388,0.003964321110009911,0.004955401387512388,0.004955401387512388,0.003964321110009911,2,0.19028741328047574,5,1131.2210694236014,1647.7475612632013,0.8282944454707695,0.3
main,v040,LOSO-dep-f3,primary,LOSO,deployed,3,B,Centralized PPO|wcnc2027_ablation/central_seed23/ppo_multi_site.zip,Centralized PPO,23,R,wcnc2027_ablation 2026-09-14,6,-4629.109570885229,765.9966190207123,3770.852658664516,5.3852932,86.875,269.61183939404145,268.26551609404146,0.18136769078295342,0.07234886025768088,0.18136769078295342,0.17839444995044598,0.5322101090188305,283,26.925668979187314,183,243.1001242386589,2442.613705294324,0.7854144044785416,0.3
main,v040,LOSO-dep-f3,primary,LOSO,deployed,3,B,Centralized PPO|wcnc2027_ablation/central_seed23/ppo_multi_site.zip,Centralized PPO,23,R,wcnc2027_ablation 2026-09-14,7,-757.9673274995644,757.9673274995644,0.0,0.0,0.0,206.9499984870887,206.9499984870887,0.0,0.0,0.0,0.0,0.0,0,0.0,0,0.0,0.0,0.0,0.3
main,v040,LOSO-dep-f3,primary,LOSO,deployed,3,B,Centralized PPO|wcnc2027_ablation/central_seed23/ppo_multi_site.zip,Centralized PPO,23,R,wcnc2027_ablation 2026-09-14,8,-428.992080624312,400.8333505482344,28.12080547607759,0.0379246,0.0,207.23847860176255,207.22899745176255,0.0019821605550049554,0.0,0.0019821605550049554,0.0019821605550049554,0.004955401387512388,2,0.19028741328047574,2,0.7815386230233267,1.4257170635107337,0.5686800912679598,0.3
main,v040,LOSO-dep-f3,primary,LOSO,deployed,3,B,Centralized PPO|wcnc2027_ablation/central_seed23/ppo_multi_site.zip,Centralized PPO,23,R,wcnc2027_ablation 2026-09-14,9,-1080.01144018583,81.01144018583015,999.0,0.0,0.0,207.49609891718006,207.49609891718006,0.04558969276511397,0.04558969276511397,0.0,0.036669970267591674,0.0,0,0.0,46,8.450041579904692,99.27811641324571,0.815618707421439,0.3
main,v040,LOSO-dep-f3,primary,LOSO,deployed,3,B,Shared-PPO|wcnc2027_ablation/shared_ppo_seed23/mappo_best.pt,Shared-PPO,23,R,wcnc2027_ablation 2026-09-14 (supplementary ablation),all,-5449.93392816578,4197.571035889703,1189.1208054760775,5.992086800000001,57.25,1961.0320583597818,1959.534036659782,0.005450941526263627,0.0046580773042616454,0.0007928642220019821,0.0044598612487611496,0.08909811694747274,316,3.0065411298315166,55,11.502936413092952,231.04299167654068,0.8121406640556901,0.29
main,v040,LOSO-dep-f3,primary,LOSO,deployed,3,B,Shared-PPO|wcnc2027_ablation/shared_ppo_seed23/mappo_best.pt,Shared-PPO,23,R,wcnc2027_ablation 2026-09-14 (supplementary ablation),0,-808.4828971675765,793.6176115675764,0.0,1.3652856,13.5,176.75448462338608,176.41316322338605,0.0,0.0,0.0,0.0,0.2358771060455897,72,6.850346878097127,0,0.0,0.0,0.0,0.29
main,v040,LOSO-dep-f3,primary,LOSO,deployed,3,B,Shared-PPO|wcnc2027_ablation/shared_ppo_seed23/mappo_best.pt,Shared-PPO,23,R,wcnc2027_ablation 2026-09-14 (supplementary ablation),1,-490.95916674573436,456.6627501457344,27.0,0.7964166,6.5,191.50087790529983,191.30177375529985,0.0019821605550049554,0.0,0.0019821605550049554,0.0009910802775024777,0.12685827552031714,42,3.9960356788899905,2,0.7188164313257891,1.4257170635107337,0.5059578995704223,0.29
main,v040,LOSO-dep-f3,primary,LOSO,deployed,3,B,Shared-PPO|wcnc2027_ablation/shared_ppo_seed23/mappo_best.pt,Shared-PPO,23,R,wcnc2027_ablation 2026-09-14 (supplementary ablation),2,-281.17145885737557,278.0689112573756,0.0,0.22754760000000002,2.875,206.6093609527282,206.5524740527282,0.0,0.0,0.0,0.0,0.006937561942517344,12,1.1417244796828543,0,0.0,0.0,0.0,0.29
main,v040,LOSO-dep-f3,primary,LOSO,deployed,3,B,Shared-PPO|wcnc2027_ablation/shared_ppo_seed23/mappo_best.pt,Shared-PPO,23,R,wcnc2027_ablation 2026-09-14 (supplementary ablation),3,-164.931448168637,137.931448168637,27.0,0.0,0.0,207.4683263433343,207.4683263433343,0.0009910802775024777,0.0009910802775024777,0.0,0.0009910802775024777,0.0,0,0.0,1,5.638737068725305,5.638737068725305,1.0,0.29
main,v040,LOSO-dep-f3,primary,LOSO,deployed,3,B,Shared-PPO|wcnc2027_ablation/shared_ppo_seed23/mappo_best.pt,Shared-PPO,23,R,wcnc2027_ablation 2026-09-14 (supplementary ablation),4,-634.5733561045491,546.6027887045492,81.0,0.7205674,6.25,186.3858741499792,186.2057322999792,0.002973240832507433,0.0,0.002973240832507433,0.002973240832507433,0.15460852329038652,38,3.615460852329039,3,1.425717063510734,1.4257170635107337,1.0,0.29
main,v040,LOSO-dep-f3,primary,LOSO,deployed,3,B,Shared-PPO|wcnc2027_ablation/shared_ppo_seed23/mappo_best.pt,Shared-PPO,23,R,wcnc2027_ablation 2026-09-14 (supplementary ablation),5,-361.686581325806,356.443561525806,0.0,0.49301980000000006,4.75,200.10507537063472,199.98182042063473,0.0,0.0,0.0,0.0,0.061446977205153616,26,2.4737363726461843,0,0.0,0.0,0.0,0.29
main,v040,LOSO-dep-f3,primary,LOSO,deployed,3,B,Shared-PPO|wcnc2027_ablation/shared_ppo_seed23/mappo_best.pt,Shared-PPO,23,R,wcnc2027_ablation 2026-09-14 (supplementary ablation),6,-667.2009844327737,628.4382464327737,27.0,1.1377380000000001,10.625,189.11175903385987,188.82732453385987,0.0009910802775024777,0.0,0.0009910802775024777,0.0009910802775024777,0.14172447968285432,60,5.708622398414271,1,231.04299167654068,231.04299167654068,1.0,0.29
main,v040,LOSO-dep-f3,primary,LOSO,deployed,3,B,Shared-PPO|wcnc2027_ablation/shared_ppo_seed23/mappo_best.pt,Shared-PPO,23,R,wcnc2027_ablation 2026-09-14 (supplementary ablation),7,-594.8722826447845,559.405909768707,28.12080547607759,0.7205674,6.625,192.0555466712672,191.87540482126718,0.0019821605550049554,0.0,0.0019821605550049554,0.0019821605550049554,0.13082259663032705,38,3.615460852329039,2,0.7815386230233267,1.4257170635107337,0.5686800912679598,0.29
main,v040,LOSO-dep-f3,primary,LOSO,deployed,3,B,Shared-PPO|wcnc2027_ablation/shared_ppo_seed23/mappo_best.pt,Shared-PPO,23,R,wcnc2027_ablation 2026-09-14 (supplementary ablation),8,-366.044312532714,359.38836813271405,0.0,0.5309444000000001,6.125,203.54465439211253,203.41191829211255,0.0,0.0,0.0,0.0,0.03270564915758176,28,2.66402378592666,0,0.0,0.0,0.0,0.29
main,v040,LOSO-dep-f3,primary,LOSO,deployed,3,B,Shared-PPO|wcnc2027_ablation/shared_ppo_seed23/mappo_best.pt,Shared-PPO,23,R,wcnc2027_ablation 2026-09-14 (supplementary ablation),9,-1080.01144018583,81.01144018583015,999.0,0.0,0.0,207.49609891718006,207.49609891718006,0.04558969276511397,0.04558969276511397,0.0,0.036669970267591674,0.0,0,0.0,46,8.450041579904692,99.27811641324571,0.815618707421439,0.29
main,v040,LOSO-dep-f3,primary,LOSO,deployed,3,B,MAPPO|wcnc2027_ablation/mappo_seed42/mappo_best.pt,MAPPO,42,R,wcnc2027_ablation 2026-09-14,all,-5523.850392372216,4309.098539696139,1162.1208054760775,5.0060472,47.625,1976.4957115578113,1975.2441997578114,0.005351833498513379,0.004757185332011893,0.0006937561942517344,0.004360753221010902,0.07006937561942517,264,2.5117938553022796,54,2270.578432470462,61106.23413824418,0.808661787464129,0.29
main,v040,LOSO-dep-f3,primary,LOSO,deployed,3,B,MAPPO|wcnc2027_ablation/mappo_seed42/mappo_best.pt,MAPPO,42,R,wcnc2027_ablation 2026-09-14,0,-836.9833209510025,828.4481305510026,0.0,0.9101904000000001,7.625,181.16487332963047,180.93732572963046,0.0,0.0,0.0,0.0,0.18136769078295342,48,4.566897918731417,0,0.0,0.0,0.0,0.29
main,v040,LOSO-dep-f3,primary,LOSO,deployed,3,B,MAPPO|wcnc2027_ablation/mappo_seed42/mappo_best.pt,MAPPO,42,R,wcnc2027_ablation 2026-09-14,1,-508.55930206955395,471.724960869554,27.0,0.8343412000000001,9.0,193.54129482991266,193.33270952991268,0.0019821605550049554,0.0,0.0019821605550049554,0.0009910802775024777,0.09712586719524281,44,4.186323092170466,2,0.7188164313257891,1.4257170635107337,0.5059578995704223,0.29
main,v040,LOSO-dep-f3,primary,LOSO,deployed,3,B,MAPPO|wcnc2027_ablation/mappo_seed42/mappo_best.pt,MAPPO,42,R,wcnc2027_ablation 2026-09-14,2,-283.9909576624886,281.25637838641103,1.1208054760775898,0.11377380000000001,1.5,206.946299259066,206.917855809066,0.0009910802775024777,0.0,0.0009910802775024777,0.0009910802775024777,0.002973240832507433,6,0.5708622398414271,1,0.1373601825359197,0.1373601825359197,0.13736018253591964,0.29
main,v040,LOSO-dep-f3,primary,LOSO,deployed,3,B,MAPPO|wcnc2027_ablation/mappo_seed42/mappo_best.pt,MAPPO,42,R,wcnc2027_ablation 2026-09-14,3,-164.931448168637,137.931448168637,27.0,0.0,0.0,207.4683263433343,207.4683263433343,0.0009910802775024777,0.0009910802775024777,0.0,0.0009910802775024777,0.0,0,0.0,1,5.638737068725305,5.638737068725305,1.0,0.29
main,v040,LOSO-dep-f3,primary,LOSO,deployed,3,B,MAPPO|wcnc2027_ablation/mappo_seed42/mappo_best.pt,MAPPO,42,R,wcnc2027_ablation 2026-09-14,4,-616.8666341596434,555.7331421596432,54.0,0.7584919999999999,6.375,187.86606212254415,187.67643912254414,0.0019821605550049554,0.0,0.0019821605550049554,0.0019821605550049554,0.13478691774033696,40,3.8057482656095147,2,1.4257170635107337,1.4257170635107337,1.0,0.29
main,v040,LOSO-dep-f3,primary,LOSO,deployed,3,B,MAPPO|wcnc2027_ablation/mappo_seed42/mappo_best.pt,MAPPO,42,R,wcnc2027_ablation 2026-09-14,5,-369.8901153917192,367.71171859171915,0.0,0.3033968,1.875,201.43284047937226,201.35699127937227,0.0,0.0,0.0,0.0,0.04558969276511397,16,1.522299306243806,0,0.0,0.0,0.0,0.29
main,v040,LOSO-dep-f3,primary,LOSO,deployed,3,B,MAPPO|wcnc2027_ablation/mappo_seed42/mappo_best.pt,MAPPO,42,R,wcnc2027_ablation 2026-09-14,6,-660.5130404564027,648.3640762564027,0.0,1.0239642,11.125,191.5295070013889,191.2735159513889,0.0,0.0,0.0,0.0,0.11199207135777998,54,5.137760158572845,0,0.0,0.0,0.0,0.29
main,v040,LOSO-dep-f3,primary,LOSO,deployed,3,B,MAPPO|wcnc2027_ablation/mappo_seed42/mappo_best.pt,MAPPO,42,R,wcnc2027_ablation 2026-09-14,7,-578.1910773732346,572.6713591732346,0.0,0.6447182,4.875,194.05472268027327,193.89354313027326,0.0,0.0,0.0,0.0,0.10406342913776016,34,3.2348860257680876,0,0.0,0.0,0.0,0.29
main,v040,LOSO-dep-f3,primary,LOSO,deployed,3,B,MAPPO|wcnc2027_ablation/mappo_seed42/mappo_best.pt,MAPPO,42,R,wcnc2027_ablation 2026-09-14,8,-369.28890665993333,364.15966065993337,0.0,0.37924599999999997,4.75,204.31020124076363,204.2153897407636,0.0,0.0,0.0,0.0,0.02180376610505451,20,1.9028741328047574,0,0.0,0.0,0.0,0.29
main,v040,LOSO-dep-f3,primary,LOSO,deployed,3,B,MAPPO|wcnc2027_ablation/mappo_seed42/mappo_best.pt,MAPPO,42,R,wcnc2027_ablation 2026-09-14,9,-1134.6355894796009,81.09766487960088,1053.0,0.0379246,0.5,208.18158427152588,208.17210312152588,0.04757185332011893,0.04658077304261645,0.0019821605550049554,0.03865213082259663,0.0009910802775024777,2,0.19028741328047574,48,2554.1910456075825,61106.23413824418,0.8233012612788791,0.29
main,v040,LOSO-dep-f3,primary,LOSO,deployed,3,B,Centralized PPO|wcnc2027_ablation/central_seed42/ppo_multi_site.zip,Centralized PPO,42,R,wcnc2027_ablation 2026-09-14,all,-7272.44209692672,5949.1690476909,1314.7645572358201,0.758492,7.75,2063.4596993987343,2063.270076398734,0.005946481665014866,0.004757185332011893,0.001288404360753221,0.005054509415262636,0.01427155599603568,39,0.37106045589692765,60,6.825388427010705,99.27811641324571,0.8240657630430033,0.29
main,v040,LOSO-dep-f3,primary,LOSO,deployed,3,B,Centralized PPO|wcnc2027_ablation/central_seed42/ppo_multi_site.zip,Centralized PPO,42,R,wcnc2027_ablation 2026-09-14,0,-1322.0174743298576,1322.0174743298576,0.0,0.0,0.0,206.8131393180388,206.8131393180388,0.0,0.0,0.0,0.0,0.0,0,0.0,0,0.0,0.0,0.0,0.29
main,v040,LOSO-dep-f3,primary,LOSO,deployed,3,B,Centralized PPO|wcnc2027_ablation/central_seed42/ppo_multi_site.zip,Centralized PPO,42,R,wcnc2027_ablation 2026-09-14,1,-869.3236030265607,869.3236030265607,0.0,0.0,0.0,207.06714615966618,207.06714615966618,0.0,0.0,0.0,0.0,0.0,0,0.0,0,0.0,0.0,0.0,0.29
main,v040,LOSO-dep-f3,primary,LOSO,deployed,3,B,Centralized PPO|wcnc2027_ablation/central_seed42/ppo_multi_site.zip,Centralized PPO,42,R,wcnc2027_ablation 2026-09-14,2,-285.3829492908979,285.3829492908979,0.0,0.0,0.0,207.24386539215953,207.24386539215953,0.0,0.0,0.0,0.0,0.0,0,0.0,0,0.0,0.0,0.0,0.29
main,v040,LOSO-dep-f3,primary,LOSO,deployed,3,B,Centralized PPO|wcnc2027_ablation/central_seed42/ppo_multi_site.zip,Centralized PPO,42,R,wcnc2027_ablation 2026-09-14,3,-164.931448168637,137.931448168637,27.0,0.0,0.0,207.4683263433343,207.4683263433343,0.0009910802775024777,0.0009910802775024777,0.0,0.0009910802775024777,0.0,0,0.0,1,5.638737068725305,5.638737068725305,1.0,0.29
main,v040,LOSO-dep-f3,primary,LOSO,deployed,3,B,Centralized PPO|wcnc2027_ablation/central_seed42/ppo_multi_site.zip,Centralized PPO,42,R,wcnc2027_ablation 2026-09-14,4,-990.8341616080207,693.5611123722008,288.76455723582,0.7584919999999999,7.75,199.19595750322998,199.00633450323,0.01288404360753221,0.0009910802775024777,0.01288404360753221,0.01288404360753221,0.14271555996035679,39,3.7106045589692767,13,1.1678966058693336,1.4257170635107337,0.8404219416303078,0.29
main,v040,LOSO-dep-f3,primary,LOSO,deployed,3,B,Centralized PPO|wcnc2027_ablation/central_seed42/ppo_multi_site.zip,Centralized PPO,42,R,wcnc2027_ablation 2026-09-14,5,-443.40120791877587,443.40120791877587,0.0,0.0,0.0,207.1529463248001,207.1529463248001,0.0,0.0,0.0,0.0,0.0,0,0.0,0,0.0,0.0,0.0,0.29
main,v040,LOSO-dep-f3,primary,LOSO,deployed,3,B,Centralized PPO|wcnc2027_ablation/central_seed42/ppo_multi_site.zip,Centralized PPO,42,R,wcnc2027_ablation 2026-09-14,6,-956.5359047416525,956.5359047416525,0.0,0.0,0.0,206.92409279657878,206.92409279657878,0.0,0.0,0.0,0.0,0.0,0,0.0,0,0.0,0.0,0.0,0.29
main,v040,LOSO-dep-f3,primary,LOSO,deployed,3,B,Centralized PPO|wcnc2027_ablation/central_seed42/ppo_multi_site.zip,Centralized PPO,42,R,wcnc2027_ablation 2026-09-14,7,-757.9673274995644,757.9673274995644,0.0,0.0,0.0,206.9499984870887,206.9499984870887,0.0,0.0,0.0,0.0,0.0,0,0.0,0,0.0,0.0,0.0,0.29
main,v040,LOSO-dep-f3,primary,LOSO,deployed,3,B,Centralized PPO|wcnc2027_ablation/central_seed42/ppo_multi_site.zip,Centralized PPO,42,R,wcnc2027_ablation 2026-09-14,8,-402.0365801569236,402.0365801569236,0.0,0.0,0.0,207.14812815665772,207.14812815665772,0.0,0.0,0.0,0.0,0.0,0,0.0,0,0.0,0.0,0.0,0.29
main,v040,LOSO-dep-f3,primary,LOSO,deployed,3,B,Centralized PPO|wcnc2027_ablation/central_seed42/ppo_multi_site.zip,Centralized PPO,42,R,wcnc2027_ablation 2026-09-14,9,-1080.01144018583,81.01144018583015,999.0,0.0,0.0,207.49609891718006,207.49609891718006,0.04558969276511397,0.04558969276511397,0.0,0.036669970267591674,0.0,0,0.0,46,8.450041579904692,99.27811641324571,0.815618707421439,0.29
main,v040,LOSO-dep-f3,primary,LOSO,deployed,3,B,Shared-PPO|wcnc2027_ablation/shared_ppo_seed42/mappo_best.pt,Shared-PPO,42,R,wcnc2027_ablation 2026-09-14 (supplementary ablation),all,-5454.283905608934,4171.807239532856,1216.1208054760775,6.1058606,60.25,1958.9984403980627,1957.4719752480628,0.005550049554013875,0.0046580773042616454,0.00089197224975223,0.0045589692765113975,0.09008919722497523,322,3.0636273538156593,56,11.322986067564695,231.04299167654068,0.8154952950546956,0.29
main,v040,LOSO-dep-f3,primary,LOSO,deployed,3,B,Shared-PPO|wcnc2027_ablation/shared_ppo_seed42/mappo_best.pt,Shared-PPO,42,R,wcnc2027_ablation 2026-09-14 (supplementary ablation),0,-828.2932411599996,787.0529555599998,27.0,1.3652856,12.875,175.92365276818737,175.58233136818734,0.0009910802775024777,0.0,0.0009910802775024777,0.0009910802775024777,0.244796828543112,72,6.850346878097127,1,1.4257170635107337,1.4257170635107337,1.0,0.29
main,v040,LOSO-dep-f3,primary,LOSO,deployed,3,B,Shared-PPO|wcnc2027_ablation/shared_ppo_seed42/mappo_best.pt,Shared-PPO,42,R,wcnc2027_ablation 2026-09-14 (supplementary ablation),1,-490.07116476617,454.36182356616996,27.0,0.8343412,7.875,191.37555841853106,191.16697311853105,0.0019821605550049554,0.0,0.0019821605550049554,0.0009910802775024777,0.12586719524281467,44,4.186323092170466,2,0.7188164313257891,1.4257170635107337,0.5059578995704223,0.29
main,v040,LOSO-dep-f3,primary,LOSO,deployed,3,B,Shared-PPO|wcnc2027_ablation/shared_ppo_seed42/mappo_best.pt,Shared-PPO,42,R,wcnc2027_ablation 2026-09-14 (supplementary ablation),2,-282.33665650115154,279.64703350115155,0.0,0.189623,2.5,206.79184199906248,206.7444362490625,0.0,0.0,0.0,0.0,0.004955401387512388,10,0.9514370664023787,0,0.0,0.0,0.0,0.29
main,v040,LOSO-dep-f3,primary,LOSO,deployed,3,B,Shared-PPO|wcnc2027_ablation/shared_ppo_seed42/mappo_best.pt,Shared-PPO,42,R,wcnc2027_ablation 2026-09-14 (supplementary ablation),3,-164.931448168637,137.931448168637,27.0,0.0,0.0,207.4683263433343,207.4683263433343,0.0009910802775024777,0.0009910802775024777,0.0,0.0009910802775024777,0.0,0,0.0,1,5.638737068725305,5.638737068725305,1.0,0.29
main,v040,LOSO-dep-f3,primary,LOSO,deployed,3,B,Shared-PPO|wcnc2027_ablation/shared_ppo_seed42/mappo_best.pt,Shared-PPO,42,R,wcnc2027_ablation 2026-09-14 (supplementary ablation),4,-628.5168795865402,540.7963121865403,81.0,0.7205674,6.0,186.02618121705862,185.8460393670586,0.002973240832507433,0.0,0.002973240832507433,0.002973240832507433,0.155599603567889,38,3.615460852329039,3,1.425717063510734,1.4257170635107337,1.0,0.29
main,v040,LOSO-dep-f3,primary,LOSO,deployed,3,B,Shared-PPO|wcnc2027_ablation/shared_ppo_seed42/mappo_best.pt,Shared-PPO,42,R,wcnc2027_ablation 2026-09-14 (supplementary ablation),5,-359.9485468525687,355.86845165256875,0.0,0.45509520000000003,3.625,200.0140914986361,199.90031769863612,0.0,0.0,0.0,0.0,0.061446977205153616,24,2.2834489593657086,0,0.0,0.0,0.0,0.29
main,v040,LOSO-dep-f3,primary,LOSO,deployed,3,B,Shared-PPO|wcnc2027_ablation/shared_ppo_seed42/mappo_best.pt,Shared-PPO,42,R,wcnc2027_ablation 2026-09-14 (supplementary ablation),6,-666.1668184712807,626.2411558712809,27.0,1.1756626,11.75,188.98983736753408,188.69592171753408,0.0009910802775024777,0.0,0.0009910802775024777,0.0009910802775024777,0.14172447968285432,62,5.898909811694748,1,231.04299167654068,231.04299167654068,1.0,0.29
main,v040,LOSO-dep-f3,primary,LOSO,deployed,3,B,Shared-PPO|wcnc2027_ablation/shared_ppo_seed42/mappo_best.pt,Shared-PPO,42,R,wcnc2027_ablation 2026-09-14 (supplementary ablation),7,-591.9444761034595,554.7772540273819,28.12080547607759,0.7964166,8.25,191.83399086670033,191.63488671670035,0.0019821605550049554,0.0,0.0019821605550049554,0.0019821605550049554,0.12983151635282458,42,3.9960356788899905,2,0.7815386230233267,1.4257170635107337,0.5686800912679598,0.29
main,v040,LOSO-dep-f3,primary,LOSO,deployed,3,B,Shared-PPO|wcnc2027_ablation/shared_ppo_seed42/mappo_best.pt,Shared-PPO,42,R,wcnc2027_ablation 2026-09-14 (supplementary ablation),8,-362.063233813297,354.119364813297,0.0,0.5688690000000001,7.375,203.07886100183856,202.93664375183855,0.0,0.0,0.0,0.0,0.036669970267591674,30,2.8543111992071357,0,0.0,0.0,0.0,0.29
main,v040,LOSO-dep-f3,primary,LOSO,deployed,3,B,Shared-PPO|wcnc2027_ablation/shared_ppo_seed42/mappo_best.pt,Shared-PPO,42,R,wcnc2027_ablation 2026-09-14 (supplementary ablation),9,-1080.01144018583,81.01144018583015,999.0,0.0,0.0,207.49609891718006,207.49609891718006,0.04558969276511397,0.04558969276511397,0.0,0.036669970267591674,0.0,0,0.0,46,8.450041579904692,99.27811641324571,0.815618707421439,0.29
main,v040,LOSO-dep-f3,primary,LOSO,deployed,3,B,MAPPO|wcnc2027_ablation/mappo_seed64/mappo_best.pt,MAPPO,64,R,wcnc2027_ablation 2026-09-14,all,-5441.837733241729,4172.394745765652,1189.1208054760775,6.447182,73.875,1960.3138867641887,1958.702091264189,0.005450941526263627,0.0046580773042616454,0.0007928642220019821,0.0044598612487611496,0.0865213082259663,340,3.2348860257680876,55,11.502936413092952,231.04299167654068,0.8121406640556901,0.29
main,v040,LOSO-dep-f3,primary,LOSO,deployed,3,B,MAPPO|wcnc2027_ablation/mappo_seed64/mappo_best.pt,MAPPO,64,R,wcnc2027_ablation 2026-09-14,0,-803.456504129627,787.129143129627,0.0,1.327361,15.0,176.44840895172,176.11656870171998,0.0,0.0,0.0,0.0,0.22993062438057482,70,6.6600594648166505,0,0.0,0.0,0.0,0.29
main,v040,LOSO-dep-f3,primary,LOSO,deployed,3,B,MAPPO|wcnc2027_ablation/mappo_seed64/mappo_best.pt,MAPPO,64,R,wcnc2027_ablation 2026-09-14,1,-492.30992461222326,454.3997342122233,27.0,0.9101904000000001,10.0,191.4636788464531,191.23613124645308,0.0019821605550049554,0.0,0.0019821605550049554,0.0009910802775024777,0.12091179385530228,48,4.566897918731417,2,0.7188164313257891,1.4257170635107337,0.5059578995704223,0.29
main,v040,LOSO-dep-f3,primary,LOSO,deployed,3,B,MAPPO|wcnc2027_ablation/mappo_seed64/mappo_best.pt,MAPPO,64,R,wcnc2027_ablation 2026-09-14,2,-280.7608764908615,278.7341780908615,0.0,0.1516984,1.875,206.70497558705748,206.66705098705748,0.0,0.0,0.0,0.0,0.004955401387512388,8,0.761149653121903,0,0.0,0.0,0.0,0.29
main,v040,LOSO-dep-f3,primary,LOSO,deployed,3,B,MAPPO|wcnc2027_ablation/mappo_seed64/mappo_best.pt,MAPPO,64,R,wcnc2027_ablation 2026-09-14,3,-164.931448168637,137.931448168637,27.0,0.0,0.0,207.4683263433343,207.4683263433343,0.0009910802775024777,0.0009910802775024777,0.0,0.0009910802775024777,0.0,0,0.0,1,5.638737068725305,5.638737068725305,1.0,0.29
main,v040,LOSO-dep-f3,primary,LOSO,deployed,3,B,MAPPO|wcnc2027_ablation/mappo_seed64/mappo_best.pt,MAPPO,64,R,wcnc2027_ablation 2026-09-14,4,-629.6400101939181,540.218593593918,81.0,0.7964166,7.625,185.96794784825929,185.76884369825927,0.002973240832507433,0.0,0.002973240832507433,0.002973240832507433,0.1565906838453915,42,3.9960356788899905,3,1.425717063510734,1.4257170635107337,1.0,0.29
main,v040,LOSO-dep-f3,primary,LOSO,deployed,3,B,MAPPO|wcnc2027_ablation/mappo_seed64/mappo_best.pt,MAPPO,64,R,wcnc2027_ablation 2026-09-14,5,-363.85849922243426,358.2404794224342,0.0,0.4930198,5.125,200.4537447123982,200.3304897623982,0.0,0.0,0.0,0.0,0.05450941526263627,26,2.4737363726461843,0,0.0,0.0,0.0,0.29
main,v040,LOSO-dep-f3,primary,LOSO,deployed,3,B,MAPPO|wcnc2027_ablation/mappo_seed64/mappo_best.pt,MAPPO,64,R,wcnc2027_ablation 2026-09-14,6,-665.4194267607982,620.6791411607983,27.0,1.3652856,16.375,188.58879057698104,188.24746917698107,0.0009910802775024777,0.0,0.0009910802775024777,0.0009910802775024777,0.14469772051536176,72,6.850346878097127,1,231.04299167654068,231.04299167654068,1.0,0.29
main,v040,LOSO-dep-f3,primary,LOSO,deployed,3,B,MAPPO|wcnc2027_ablation/mappo_seed64/mappo_best.pt,MAPPO,64,R,wcnc2027_ablation 2026-09-14,7,-595.865318058084,556.4972467820064,28.12080547607759,0.8722658000000001,10.375,192.15650056923448,191.93843411923447,0.0019821605550049554,0.0,0.0019821605550049554,0.0019821605550049554,0.12388503468780972,46,4.376610505450942,2,0.7815386230233267,1.4257170635107337,0.5686800912679598,0.29
main,v040,LOSO-dep-f3,primary,LOSO,deployed,3,B,MAPPO|wcnc2027_ablation/mappo_seed64/mappo_best.pt,MAPPO,64,R,wcnc2027_ablation 2026-09-14,8,-365.58428541931676,357.55334101931675,0.0,0.5309444,7.5,203.56541441157106,203.43267831157107,0.0,0.0,0.0,0.0,0.02973240832507433,28,2.66402378592666,0,0.0,0.0,0.0,0.29
main,v040,LOSO-dep-f3,primary,LOSO,deployed,3,B,MAPPO|wcnc2027_ablation/mappo_seed64/mappo_best.pt,MAPPO,64,R,wcnc2027_ablation 2026-09-14,9,-1080.01144018583,81.01144018583015,999.0,0.0,0.0,207.49609891718006,207.49609891718006,0.04558969276511397,0.04558969276511397,0.0,0.036669970267591674,0.0,0,0.0,46,8.450041579904692,99.27811641324571,0.815618707421439,0.29
main,v040,LOSO-dep-f3,primary,LOSO,deployed,3,B,Centralized PPO|wcnc2027_ablation/central_seed64/ppo_multi_site.zip,Centralized PPO,64,R,wcnc2027_ablation 2026-09-14,all,-7564.546091045909,5440.3878134578035,2108.2887459881053,1.7445316000000002,14.125,2048.5457005931303,2048.10956769313,0.009316154608523291,0.005054509415262636,0.0046580773042616454,0.00842418235877106,0.05153617443012884,89,0.846778989098117,94,4.8010020179860184,99.27811641324571,0.8435611922800323,0.29
main,v040,LOSO-dep-f3,primary,LOSO,deployed,3,B,Centralized PPO|wcnc2027_ablation/central_seed64/ppo_multi_site.zip,Centralized PPO,64,R,wcnc2027_ablation 2026-09-14,0,-1279.1957269703448,1007.6577508942672,271.1208054760776,0.41717060000000006,0.0,191.64607495638586,191.54178230638587,0.010901883052527254,0.0,0.010901883052527254,0.010901883052527254,0.1774033696729435,21,1.9980178394449952,11,1.3085937106948415,1.4257170635107337,0.9215781984123563,0.29
main,v040,LOSO-dep-f3,primary,LOSO,deployed,3,B,Centralized PPO|wcnc2027_ablation/central_seed64/ppo_multi_site.zip,Centralized PPO,64,R,wcnc2027_ablation 2026-09-14,1,-869.3236030265607,869.3236030265607,0.0,0.0,0.0,207.06714615966618,207.06714615966618,0.0,0.0,0.0,0.0,0.0,0,0.0,0,0.0,0.0,0.0,0.29
main,v040,LOSO-dep-f3,primary,LOSO,deployed,3,B,Centralized PPO|wcnc2027_ablation/central_seed64/ppo_multi_site.zip,Centralized PPO,64,R,wcnc2027_ablation 2026-09-14,2,-285.3829492908979,285.3829492908979,0.0,0.0,0.0,207.24386539215953,207.24386539215953,0.0,0.0,0.0,0.0,0.0,0,0.0,0,0.0,0.0,0.0,0.29
main,v040,LOSO-dep-f3,primary,LOSO,deployed,3,B,Centralized PPO|wcnc2027_ablation/central_seed64/ppo_multi_site.zip,Centralized PPO,64,R,wcnc2027_ablation 2026-09-14,3,-164.931448168637,137.931448168637,27.0,0.0,0.0,207.4683263433343,207.4683263433343,0.0009910802775024777,0.0009910802775024777,0.0,0.0009910802775024777,0.0,0,0.0,1,5.638737068725305,5.638737068725305,1.0,0.29
main,v040,LOSO-dep-f3,primary,LOSO,deployed,3,B,Centralized PPO|wcnc2027_ablation/central_seed64/ppo_multi_site.zip,Centralized PPO,64,R,wcnc2027_ablation 2026-09-14,4,-1366.2258186337228,572.5606123216951,784.1679405120276,0.8722658000000001,8.625,201.77214379939466,201.55407734939465,0.03468780971258672,0.003964321110009911,0.03468780971258672,0.03468780971258672,0.3141724479682854,45,4.281466798810704,35,1.1752369161483065,1.4257170635107337,0.846826610011455,0.29
main,v040,LOSO-dep-f3,primary,LOSO,deployed,3,B,Centralized PPO|wcnc2027_ablation/central_seed64/ppo_multi_site.zip,Centralized PPO,64,R,wcnc2027_ablation 2026-09-14,5,-443.40120791877587,443.40120791877587,0.0,0.0,0.0,207.1529463248001,207.1529463248001,0.0,0.0,0.0,0.0,0.0,0,0.0,0,0.0,0.0,0.0,0.29
main,v040,LOSO-dep-f3,primary,LOSO,deployed,3,B,Centralized PPO|wcnc2027_ablation/central_seed64/ppo_multi_site.zip,Centralized PPO,64,R,wcnc2027_ablation 2026-09-14,6,-916.0699891946517,883.1148939946518,27.0,0.45509520000000003,5.5,204.60097205646284,204.48719825646282,0.0009910802775024777,0.0,0.0009910802775024777,0.0009910802775024777,0.023785926660059464,23,2.188305252725471,1,1.4257170635107337,1.4257170635107337,1.0,0.29
main,v040,LOSO-dep-f3,primary,LOSO,deployed,3,B,Centralized PPO|wcnc2027_ablation/central_seed64/ppo_multi_site.zip,Centralized PPO,64,R,wcnc2027_ablation 2026-09-14,7,-757.9673274995644,757.9673274995644,0.0,0.0,0.0,206.9499984870887,206.9499984870887,0.0,0.0,0.0,0.0,0.0,0,0.0,0,0.0,0.0,0.0,0.29
main,v040,LOSO-dep-f3,primary,LOSO,deployed,3,B,Centralized PPO|wcnc2027_ablation/central_seed64/ppo_multi_site.zip,Centralized PPO,64,R,wcnc2027_ablation 2026-09-14,8,-402.0365801569236,402.0365801569236,0.0,0.0,0.0,207.14812815665772,207.14812815665772,0.0,0.0,0.0,0.0,0.0,0,0.0,0,0.0,0.0,0.0,0.29
main,v040,LOSO-dep-f3,primary,LOSO,deployed,3,B,Centralized PPO|wcnc2027_ablation/central_seed64/ppo_multi_site.zip,Centralized PPO,64,R,wcnc2027_ablation 2026-09-14,9,-1080.01144018583,81.01144018583015,999.0,0.0,0.0,207.49609891718006,207.49609891718006,0.04558969276511397,0.04558969276511397,0.0,0.036669970267591674,0.0,0,0.0,46,8.450041579904692,99.27811641324571,0.815618707421439,0.29
main,v040,LOSO-dep-f3,primary,LOSO,deployed,3,B,Shared-PPO|wcnc2027_ablation/shared_ppo_seed64/mappo_best.pt,Shared-PPO,64,R,wcnc2027_ablation 2026-09-14 (supplementary ablation),all,-5479.273254827116,4143.6476245510385,1243.1208054760775,7.129824800000001,85.375,1956.6133317898152,1954.8308755898152,0.005649157581764123,0.0046580773042616454,0.0009910802775024777,0.0046580773042616454,0.09117938553022795,376,3.5774033696729437,57,11.149349769247959,231.04299167654068,0.8187322197028589,0.29
main,v040,LOSO-dep-f3,primary,LOSO,deployed,3,B,Shared-PPO|wcnc2027_ablation/shared_ppo_seed64/mappo_best.pt,Shared-PPO,64,R,wcnc2027_ablation 2026-09-14 (supplementary ablation),0,-798.9180890051157,775.5485574051157,0.0,1.7445316000000002,21.625,175.02285549648406,174.58672259648404,0.0,0.0,0.0,0.0,0.24777006937561943,92,8.753221010901884,0,0.0,0.0,0.0,0.29
main,v040,LOSO-dep-f3,primary,LOSO,deployed,3,B,Shared-PPO|wcnc2027_ablation/shared_ppo_seed64/mappo_best.pt,Shared-PPO,64,R,wcnc2027_ablation 2026-09-14 (supplementary ablation),1,-491.74486266320474,451.7588230632047,27.0,0.9860396,12.0,191.18788392703343,190.94137402703342,0.0019821605550049554,0.0,0.0019821605550049554,0.0009910802775024777,0.12190287413280476,52,4.947472745292369,2,0.7188164313257891,1.4257170635107337,0.5059578995704223,0.29
main,v040,LOSO-dep-f3,primary,LOSO,deployed,3,B,Shared-PPO|wcnc2027_ablation/shared_ppo_seed64/mappo_best.pt,Shared-PPO,64,R,wcnc2027_ablation 2026-09-14 (supplementary ablation),2,-280.88134481195374,278.31672181195376,0.0,0.189623,2.375,206.64367194285754,206.59626619285754,0.0,0.0,0.0,0.0,0.005946481665014866,10,0.9514370664023787,0,0.0,0.0,0.0,0.29
main,v040,LOSO-dep-f3,primary,LOSO,deployed,3,B,Shared-PPO|wcnc2027_ablation/shared_ppo_seed64/mappo_best.pt,Shared-PPO,64,R,wcnc2027_ablation 2026-09-14 (supplementary ablation),3,-164.931448168637,137.931448168637,27.0,0.0,0.0,207.4683263433343,207.4683263433343,0.0009910802775024777,0.0009910802775024777,0.0,0.0009910802775024777,0.0,0,0.0,1,5.638737068725305,5.638737068725305,1.0,0.29
main,v040,LOSO-dep-f3,primary,LOSO,deployed,3,B,Shared-PPO|wcnc2027_ablation/shared_ppo_seed64/mappo_best.pt,Shared-PPO,64,R,wcnc2027_ablation 2026-09-14 (supplementary ablation),4,-631.0177039735571,541.3462873735571,81.0,0.7964166,7.875,186.1403170951038,185.94121294510376,0.002973240832507433,0.0,0.002973240832507433,0.002973240832507433,0.15361744301288405,42,3.9960356788899905,3,1.425717063510734,1.4257170635107337,1.0,0.29
main,v040,LOSO-dep-f3,primary,LOSO,deployed,3,B,Shared-PPO|wcnc2027_ablation/shared_ppo_seed64/mappo_best.pt,Shared-PPO,64,R,wcnc2027_ablation 2026-09-14 (supplementary ablation),5,-361.7060393531072,354.3871703531072,0.0,0.5688690000000001,6.75,199.90697289546125,199.76475564546126,0.0,0.0,0.0,0.0,0.062438057482656094,30,2.8543111992071357,0,0.0,0.0,0.0,0.29
main,v040,LOSO-dep-f3,primary,LOSO,deployed,3,B,Shared-PPO|wcnc2027_ablation/shared_ppo_seed64/mappo_best.pt,Shared-PPO,64,R,wcnc2027_ablation 2026-09-14 (supplementary ablation),6,-660.3898817921923,616.0245961921923,27.0,1.3652856,16.0,188.03671094571445,187.69538954571448,0.0009910802775024777,0.0,0.0009910802775024777,0.0009910802775024777,0.14965312190287414,72,6.850346878097127,1,231.04299167654068,231.04299167654068,1.0,0.29
main,v040,LOSO-dep-f3,primary,LOSO,deployed,3,B,Shared-PPO|wcnc2027_ablation/shared_ppo_seed64/mappo_best.pt,Shared-PPO,64,R,wcnc2027_ablation 2026-09-14 (supplementary ablation),7,-645.9986016827883,552.7555304067107,82.12080547607759,0.8722658000000001,10.25,191.55216379067872,191.3340973406787,0.003964321110009911,0.0,0.003964321110009911,0.003964321110009911,0.13478691774033696,46,4.376610505450942,4,1.1036278432670303,1.4257170635107337,0.78434004563398,0.29
main,v040,LOSO-dep-f3,primary,LOSO,deployed,3,B,Shared-PPO|wcnc2027_ablation/shared_ppo_seed64/mappo_best.pt,Shared-PPO,64,R,wcnc2027_ablation 2026-09-14 (supplementary ablation),8,-363.6738431907295,354.5670495907295,0.0,0.6067936,8.5,203.15833043596757,203.00663203596758,0.0,0.0,0.0,0.0,0.035678889990089196,32,3.044598612487612,0,0.0,0.0,0.0,0.29
main,v040,LOSO-dep-f3,primary,LOSO,deployed,3,B,Shared-PPO|wcnc2027_ablation/shared_ppo_seed64/mappo_best.pt,Shared-PPO,64,R,wcnc2027_ablation 2026-09-14 (supplementary ablation),9,-1080.01144018583,81.01144018583015,999.0,0.0,0.0,207.49609891718006,207.49609891718006,0.04558969276511397,0.04558969276511397,0.0,0.036669970267591674,0.0,0,0.0,46,8.450041579904692,99.27811641324571,0.815618707421439,0.29
main,v040,LOSO-dep-f3,primary,LOSO,deployed,3,B,MAPPO|wcnc2027_ablation/mappo_seed77/mappo_best.pt,MAPPO,77,R,wcnc2027_ablation 2026-09-14,all,-5482.170247847596,4243.8901849715185,1162.1208054760775,6.4092573999999995,69.75,1968.4622147752586,1966.8599004252587,0.005351833498513379,0.0046580773042616454,0.0006937561942517344,0.004360753221010902,0.07799801783944499,338,3.2158572844400397,54,11.689551586233362,231.04299167654068,0.8086617874641289,0.29
main,v040,LOSO-dep-f3,primary,LOSO,deployed,3,B,MAPPO|wcnc2027_ablation/mappo_seed77/mappo_best.pt,MAPPO,77,R,wcnc2027_ablation 2026-09-14,0,-821.9356911509584,803.4187071509584,0.0,1.5169839999999999,17.0,178.35793761328046,177.97869161328043,0.0,0.0,0.0,0.0,0.21110009910802774,80,7.6114965312190295,0,0.0,0.0,0.0,0.29
main,v040,LOSO-dep-f3,primary,LOSO,deployed,3,B,MAPPO|wcnc2027_ablation/mappo_seed77/mappo_best.pt,MAPPO,77,R,wcnc2027_ablation 2026-09-14,1,-503.767945585257,464.444830585257,27.0,0.948115,11.375,192.73191938398128,192.4948906339813,0.0019821605550049554,0.0,0.0019821605550049554,0.0009910802775024777,0.10604558969276512,50,4.757185332011893,2,0.7188164313257891,1.4257170635107337,0.5059578995704223,0.29
main,v040,LOSO-dep-f3,primary,LOSO,deployed,3,B,MAPPO|wcnc2027_ablation/mappo_seed77/mappo_best.pt,MAPPO,77,R,wcnc2027_ablation 2026-09-14,2,-280.7608764908615,278.7341780908615,0.0,0.1516984,1.875,206.70497558705748,206.66705098705748,0.0,0.0,0.0,0.0,0.004955401387512388,8,0.761149653121903,0,0.0,0.0,0.0,0.29
main,v040,LOSO-dep-f3,primary,LOSO,deployed,3,B,MAPPO|wcnc2027_ablation/mappo_seed77/mappo_best.pt,MAPPO,77,R,wcnc2027_ablation 2026-09-14,3,-164.931448168637,137.931448168637,27.0,0.0,0.0,207.4683263433343,207.4683263433343,0.0009910802775024777,0.0009910802775024777,0.0,0.0009910802775024777,0.0,0,0.0,1,5.638737068725305,5.638737068725305,1.0,0.29
main,v040,LOSO-dep-f3,primary,LOSO,deployed,3,B,MAPPO|wcnc2027_ablation/mappo_seed77/mappo_best.pt,MAPPO,77,R,wcnc2027_ablation 2026-09-14,4,-612.0930250104977,548.4707592104978,54.0,0.8722658000000001,8.75,187.16561077551637,186.9475443255164,0.0019821605550049554,0.0,0.0019821605550049554,0.0019821605550049554,0.14172447968285432,46,4.376610505450942,2,1.4257170635107337,1.4257170635107337,1.0,0.29
main,v040,LOSO-dep-f3,primary,LOSO,deployed,3,B,MAPPO|wcnc2027_ablation/mappo_seed77/mappo_best.pt,MAPPO,77,R,wcnc2027_ablation 2026-09-14,5,-367.25831782812566,362.0532226281257,0.0,0.45509520000000003,4.75,200.8708868840124,200.75711308401242,0.0,0.0,0.0,0.0,0.05054509415262636,24,2.2834489593657086,0,0.0,0.0,0.0,0.29
main,v040,LOSO-dep-f3,primary,LOSO,deployed,3,B,MAPPO|wcnc2027_ablation/mappo_seed77/mappo_best.pt,MAPPO,77,R,wcnc2027_ablation 2026-09-14,6,-680.3753686848573,639.0367814848573,27.0,1.2135872,13.125,190.4045663363111,190.1011695363111,0.0009910802775024777,0.0,0.0009910802775024777,0.0009910802775024777,0.12487611496531219,64,6.089197224975224,1,231.04299167654068,231.04299167654068,1.0,0.29
main,v040,LOSO-dep-f3,primary,LOSO,deployed,3,B,MAPPO|wcnc2027_ablation/mappo_seed77/mappo_best.pt,MAPPO,77,R,wcnc2027_ablation 2026-09-14,7,-602.9830550310335,566.4408329549559,28.12080547607759,0.7964166,7.625,193.3371647411981,193.1380605911981,0.0019821605550049554,0.0,0.0019821605550049554,0.0019821605550049554,0.11298315163528246,42,3.9960356788899905,2,0.7815386230233267,1.4257170635107337,0.5686800912679598,0.29
main,v040,LOSO-dep-f3,primary,LOSO,deployed,3,B,MAPPO|wcnc2027_ablation/mappo_seed77/mappo_best.pt,MAPPO,77,R,wcnc2027_ablation 2026-09-14,8,-368.053079711538,362.34798451153796,0.0,0.45509520000000003,5.25,203.92472819338724,203.81095439338725,0.0,0.0,0.0,0.0,0.027750247770069375,24,2.2834489593657086,0,0.0,0.0,0.0,0.29
main,v040,LOSO-dep-f3,primary,LOSO,deployed,3,B,MAPPO|wcnc2027_ablation/mappo_seed77/mappo_best.pt,MAPPO,77,R,wcnc2027_ablation 2026-09-14,9,-1080.01144018583,81.01144018583015,999.0,0.0,0.0,207.49609891718006,207.49609891718006,0.04558969276511397,0.04558969276511397,0.0,0.036669970267591674,0.0,0,0.0,46,8.450041579904692,99.27811641324571,0.815618707421439,0.29
main,v040,LOSO-dep-f3,primary,LOSO,deployed,3,B,Centralized PPO|wcnc2027_ablation/central_seed77/ppo_multi_site.zip,Centralized PPO,77,R,wcnc2027_ablation 2026-09-14,all,-18506.083258560004,5344.2695823562135,13152.042405003785,1.8962712000000002,7.875,2304.0051628326582,2303.5310950326584,0.06134786917740337,0.023785926660059464,0.05668979187314172,0.05847373637264618,0.23161546085232904,98,0.9324083250743311,619,66.25866712862602,2442.613705294324,0.8047789822687065,0.29
main,v040,LOSO-dep-f3,primary,LOSO,deployed,3,B,Centralized PPO|wcnc2027_ablation/central_seed77/ppo_multi_site.zip,Centralized PPO,77,R,wcnc2027_ablation 2026-09-14,0,-4512.004341339477,872.2612865937868,3639.74303414569,2.06e-05,0.0,234.3965962708446,234.39659112084462,0.1506442021803766,0.014866204162537165,0.1506442021803766,0.14866204162537167,1.0,0,0.0,152,30.428089131678075,1647.7475612632013,0.8970302592311711,0.29
main,v040,LOSO-dep-f3,primary,LOSO,deployed,3,B,Centralized PPO|wcnc2027_ablation/central_seed77/ppo_multi_site.zip,Centralized PPO,77,R,wcnc2027_ablation 2026-09-14,1,-1288.8979078646175,479.5848778449069,807.8579348197106,0.4550952,1.0,204.84114205069488,204.7273682506949,0.035678889990089196,0.004955401387512388,0.035678889990089196,0.03369672943508424,0.24578790882061446,23,2.188305252725471,36,26.52647277991541,229.57252545474108,0.8431230396001494,0.29
main,v040,LOSO-dep-f3,primary,LOSO,deployed,3,B,Centralized PPO|wcnc2027_ablation/central_seed77/ppo_multi_site.zip,Centralized PPO,77,R,wcnc2027_ablation 2026-09-14,2,-285.3829492908979,285.3829492908979,0.0,0.0,0.0,207.24386539215953,207.24386539215953,0.0,0.0,0.0,0.0,0.0,0,0.0,0,0.0,0.0,0.0,0.29
main,v040,LOSO-dep-f3,primary,LOSO,deployed,3,B,Centralized PPO|wcnc2027_ablation/central_seed77/ppo_multi_site.zip,Centralized PPO,77,R,wcnc2027_ablation 2026-09-14,3,-164.931448168637,137.931448168637,27.0,0.0,0.0,207.4683263433343,207.4683263433343,0.0009910802775024777,0.0009910802775024777,0.0,0.0009910802775024777,0.0,0,0.0,1,5.638737068725305,5.638737068725305,1.0,0.29
main,v040,LOSO-dep-f3,primary,LOSO,deployed,3,B,Centralized PPO|wcnc2027_ablation/central_seed77/ppo_multi_site.zip,Centralized PPO,77,R,wcnc2027_ablation 2026-09-14,4,-1034.911291330156,634.9068194383221,397.3485274918338,0.5309444000000001,2.125,200.36581329052186,200.23307719052184,0.019821605550049554,0.002973240832507433,0.019821605550049554,0.019821605550049554,0.2130822596630327,27,2.5688800792864224,20,1.0389636371017001,1.4257170635107337,0.7622475458197231,0.29
main,v040,LOSO-dep-f3,primary,LOSO,deployed,3,B,Centralized PPO|wcnc2027_ablation/central_seed77/ppo_multi_site.zip,Centralized PPO,77,R,wcnc2027_ablation 2026-09-14,5,-443.40120791877587,443.40120791877587,0.0,0.0,0.0,207.1529463248001,207.1529463248001,0.0,0.0,0.0,0.0,0.0,0,0.0,0,0.0,0.0,0.0,0.29
main,v040,LOSO-dep-f3,primary,LOSO,deployed,3,B,Centralized PPO|wcnc2027_ablation/central_seed77/ppo_multi_site.zip,Centralized PPO,77,R,wcnc2027_ablation 2026-09-14,6,-2094.2448409238173,995.6936044438635,1095.5090658799538,0.41717060000000006,2.625,238.26972369461112,238.16543104461113,0.05649157581764123,0.03468780971258672,0.05649157581764123,0.05450941526263627,0.08126858275520317,22,2.093161546085233,57,245.82568451241391,1761.4781409140019,0.7375579028236283,0.29
main,v040,LOSO-dep-f3,primary,LOSO,deployed,3,B,Centralized PPO|wcnc2027_ablation/central_seed77/ppo_multi_site.zip,Centralized PPO,77,R,wcnc2027_ablation 2026-09-14,7,-7190.341199921181,1011.496654474777,6176.764429646404,0.4551158,1.625,389.0814060367548,388.9676270867548,0.3022794846382557,0.13280475718533202,0.3022794846382557,0.2893954410307235,0.7750247770069376,25,2.3785926660059467,305,68.87377884787007,2442.613705294324,0.7713018132580692,0.29
main,v040,LOSO-dep-f3,primary,LOSO,deployed,3,B,Centralized PPO|wcnc2027_ablation/central_seed77/ppo_multi_site.zip,Centralized PPO,77,R,wcnc2027_ablation 2026-09-14,8,-411.95663161661014,402.59929399641635,8.81941302019381,0.0379246,0.5,207.68924451175684,207.67976336175684,0.0019821605550049554,0.0009910802775024777,0.0019821605550049554,0.0009910802775024777,0.0009910802775024777,1,0.09514370664023787,2,0.2029481165736524,0.3939804340064603,0.20294811657365242,0.29
main,v040,LOSO-dep-f3,primary,LOSO,deployed,3,B,Centralized PPO|wcnc2027_ablation/central_seed77/ppo_multi_site.zip,Centralized PPO,77,R,wcnc2027_ablation 2026-09-14,9,-1080.01144018583,81.01144018583015,999.0,0.0,0.0,207.49609891718006,207.49609891718006,0.04558969276511397,0.04558969276511397,0.0,0.036669970267591674,0.0,0,0.0,46,8.450041579904692,99.27811641324571,0.815618707421439,0.29
main,v040,LOSO-dep-f3,primary,LOSO,deployed,3,B,MAPPO|mappo_seed77_20260517T110908/mappo_best.pt,MAPPO,77,P,"May 2026, pre-781c90c reward",all,-5486.506264981362,4314.587241705284,1108.1208054760775,5.4232178,58.375,1976.5777947699842,1975.2219903199841,0.005153617443012884,0.0046580773042616454,0.0004955401387512388,0.004162537165510407,0.0688800792864222,286,2.721110009910803,52,12.084314452491924,231.04299167654068,0.8013026254435185,0.3
main,v040,LOSO-dep-f3,primary,LOSO,deployed,3,B,MAPPO|mappo_seed77_20260517T110908/mappo_best.pt,MAPPO,77,P,"May 2026, pre-781c90c reward",0,-830.0447791909571,818.8578903909571,0.0,1.0618888000000002,10.125,180.24711189971734,179.98163969971733,0.0,0.0,0.0,0.0,0.18929633300297324,56,5.32804757185332,0,0.0,0.0,0.0,0.3
main,v040,LOSO-dep-f3,primary,LOSO,deployed,3,B,MAPPO|mappo_seed77_20260517T110908/mappo_best.pt,MAPPO,77,P,"May 2026, pre-781c90c reward",1,-512.4151243221497,474.5428585221497,27.0,0.8722658000000001,10.0,193.97061214529322,193.75254569529324,0.0019821605550049554,0.0,0.0019821605550049554,0.0009910802775024777,0.09217046580773043,46,4.376610505450942,2,0.7188164313257891,1.4257170635107337,0.5059578995704223,0.3
main,v040,LOSO-dep-f3,primary,LOSO,deployed,3,B,MAPPO|mappo_seed77_20260517T110908/mappo_best.pt,MAPPO,77,P,"May 2026, pre-781c90c reward",2,-281.5276429974212,280.57679379742115,0.0,0.0758492,0.875,206.87559150620862,206.85662920620862,0.0,0.0,0.0,0.0,0.002973240832507433,4,0.3805748265609515,0,0.0,0.0,0.0,0.3
main,v040,LOSO-dep-f3,primary,LOSO,deployed,3,B,MAPPO|mappo_seed77_20260517T110908/mappo_best.pt,MAPPO,77,P,"May 2026, pre-781c90c reward",3,-164.931448168637,137.931448168637,27.0,0.0,0.0,207.4683263433343,207.4683263433343,0.0009910802775024777,0.0009910802775024777,0.0,0.0009910802775024777,0.0,0,0.0,1,5.638737068725305,5.638737068725305,1.0,0.3
main,v040,LOSO-dep-f3,primary,LOSO,deployed,3,B,MAPPO|mappo_seed77_20260517T110908/mappo_best.pt,MAPPO,77,P,"May 2026, pre-781c90c reward",4,-592.531936128493,555.8225949284931,27.0,0.8343412,8.875,188.0547301767561,187.8461448767561,0.0009910802775024777,0.0,0.0009910802775024777,0.0009910802775024777,0.13181367690782952,44,4.186323092170466,1,1.4257170635107337,1.4257170635107337,1.0,0.3
main,v040,LOSO-dep-f3,primary,LOSO,deployed,3,B,MAPPO|mappo_seed77_20260517T110908/mappo_best.pt,MAPPO,77,P,"May 2026, pre-781c90c reward",5,-372.5117753446573,369.4204539446573,0.0,0.3413214,2.75,201.5767214264556,201.4913910764556,0.0,0.0,0.0,0.0,0.04360753221010902,18,1.7125867195242817,0,0.0,0.0,0.0,0.3
main,v040,LOSO-dep-f3,primary,LOSO,deployed,3,B,MAPPO|mappo_seed77_20260517T110908/mappo_best.pt,MAPPO,77,P,"May 2026, pre-781c90c reward",6,-695.0676969394191,651.9791097394191,27.0,1.2135872,14.875,191.75476363891121,191.4513668389112,0.0009910802775024777,0.0,0.0009910802775024777,0.0009910802775024777,0.1110009910802775,64,6.089197224975224,1,231.04299167654068,231.04299167654068,1.0,0.3
main,v040,LOSO-dep-f3,primary,LOSO,deployed,3,B,MAPPO|mappo_seed77_20260517T110908/mappo_best.pt,MAPPO,77,P,"May 2026, pre-781c90c reward",7,-582.2592379558323,574.8687142797546,1.1208054760775898,0.6447182,5.625,194.35612952450012,194.1949499745001,0.0009910802775024777,0.0,0.0009910802775024777,0.0009910802775024777,0.10009910802775025,34,3.2348860257680876,1,0.1373601825359197,0.1373601825359197,0.13736018253591964,0.3
main,v040,LOSO-dep-f3,primary,LOSO,deployed,3,B,MAPPO|mappo_seed77_20260517T110908/mappo_best.pt,MAPPO,77,P,"May 2026, pre-781c90c reward",8,-375.205183747965,369.575937747965,0.0,0.379246,5.25,204.7777091916276,204.6828976916276,0.0,0.0,0.0,0.0,0.017839444995044598,20,1.9028741328047574,0,0.0,0.0,0.0,0.3
main,v040,LOSO-dep-f3,primary,LOSO,deployed,3,B,MAPPO|mappo_seed77_20260517T110908/mappo_best.pt,MAPPO,77,P,"May 2026, pre-781c90c reward",9,-1080.01144018583,81.01144018583015,999.0,0.0,0.0,207.49609891718006,207.49609891718006,0.04558969276511397,0.04558969276511397,0.0,0.036669970267591674,0.0,0,0.0,46,8.450041579904692,99.27811641324571,0.815618707421439,0.3
main,v040,LOSO-dep-f3,primary,LOSO,deployed,3,B,MAPPO|mappo_seed99_20260517T003433/mappo_best.pt,MAPPO,99,P,"May 2026, pre-781c90c reward",all,-5443.748094545048,4299.04114666897,1081.1208054760775,5.4611424,58.125,1975.4653264943593,1974.1000408943592,0.005054509415262636,0.0046580773042616454,0.00039643211100099106,0.004063429137760159,0.06947472745292368,288,2.7401387512388506,51,7.791007055941948,99.27811641324571,0.7974065984914307,0.29
main,v040,LOSO-dep-f3,primary,LOSO,deployed,3,B,MAPPO|mappo_seed99_20260517T003433/mappo_best.pt,MAPPO,99,P,"May 2026, pre-781c90c reward",0,-831.2032972558421,821.2172576558421,0.0,0.9860396000000001,9.0,180.48882266224717,180.2423127622472,0.0,0.0,0.0,0.0,0.1863230921704658,52,4.947472745292369,0,0.0,0.0,0.0,0.29
main,v040,LOSO-dep-f3,primary,LOSO,deployed,3,B,MAPPO|mappo_seed99_20260517T003433/mappo_best.pt,MAPPO,99,P,"May 2026, pre-781c90c reward",1,-508.852284886917,472.01794368691696,27.0,0.8343412000000001,9.0,193.68018498715114,193.47159968715115,0.0019821605550049554,0.0,0.0019821605550049554,0.0009910802775024777,0.09415262636273539,44,4.186323092170466,2,0.7188164313257891,1.4257170635107337,0.5059578995704223,0.29
main,v040,LOSO-dep-f3,primary,LOSO,deployed,3,B,MAPPO|mappo_seed99_20260517T003433/mappo_best.pt,MAPPO,99,P,"May 2026, pre-781c90c reward",2,-283.95390794142673,280.68140406534917,1.1208054760775898,0.1516984,2.0,206.88145384947745,206.84352924947746,0.0009910802775024777,0.0,0.0009910802775024777,0.0009910802775024777,0.003964321110009911,8,0.761149653121903,1,0.1373601825359197,0.1373601825359197,0.13736018253591964,0.29
main,v040,LOSO-dep-f3,primary,LOSO,deployed,3,B,MAPPO|mappo_seed99_20260517T003433/mappo_best.pt,MAPPO,99,P,"May 2026, pre-781c90c reward",3,-164.931448168637,137.931448168637,27.0,0.0,0.0,207.4683263433343,207.4683263433343,0.0009910802775024777,0.0009910802775024777,0.0,0.0009910802775024777,0.0,0,0.0,1,5.638737068725305,5.638737068725305,1.0,0.29
main,v040,LOSO-dep-f3,primary,LOSO,deployed,3,B,MAPPO|mappo_seed99_20260517T003433/mappo_best.pt,MAPPO,99,P,"May 2026, pre-781c90c reward",4,-592.9210313840969,555.4237655840968,27.0,0.8722658000000001,9.625,187.98806036035012,187.76999391035014,0.0009910802775024777,0.0,0.0009910802775024777,0.0009910802775024777,0.13280475718533202,46,4.376610505450942,1,1.4257170635107337,1.4257170635107337,1.0,0.29
main,v040,LOSO-dep-f3,primary,LOSO,deployed,3,B,MAPPO|mappo_seed99_20260517T003433/mappo_best.pt,MAPPO,99,P,"May 2026, pre-781c90c reward",5,-371.71474215830375,368.0854961583037,0.0,0.379246,3.25,201.58757015776848,201.4927586577685,0.0,0.0,0.0,0.0,0.04261645193260654,20,1.9028741328047574,0,0.0,0.0,0.0,0.29
main,v040,LOSO-dep-f3,primary,LOSO,deployed,3,B,MAPPO|mappo_seed99_20260517T003433/mappo_best.pt,MAPPO,99,P,"May 2026, pre-781c90c reward",6,-661.5951863119454,646.1695237119454,0.0,1.1756626,14.25,191.43652070708885,191.14260505708882,0.0,0.0,0.0,0.0,0.11199207135777998,62,5.898909811694748,0,0.0,0.0,0.0,0.29
main,v040,LOSO-dep-f3,primary,LOSO,deployed,3,B,MAPPO|mappo_seed99_20260517T003433/mappo_best.pt,MAPPO,99,P,"May 2026, pre-781c90c reward",7,-577.2393931106856,571.4696749106856,0.0,0.6447182,5.125,194.00303590418906,193.84185635418905,0.0,0.0,0.0,0.0,0.10208126858275521,34,3.2348860257680876,0,0.0,0.0,0.0,0.29
main,v040,LOSO-dep-f3,primary,LOSO,deployed,3,B,MAPPO|mappo_seed99_20260517T003433/mappo_best.pt,MAPPO,99,P,"May 2026, pre-781c90c reward",8,-371.3253631413635,365.03319254136346,0.0,0.41717060000000006,5.875,204.43525260557266,204.33095995557267,0.0,0.0,0.0,0.0,0.02081268582755203,22,2.093161546085233,0,0.0,0.0,0.0,0.29
main,v040,LOSO-dep-f3,primary,LOSO,deployed,3,B,MAPPO|mappo_seed99_20260517T003433/mappo_best.pt,MAPPO,99,P,"May 2026, pre-781c90c reward",9,-1080.01144018583,81.01144018583015,999.0,0.0,0.0,207.49609891718006,207.49609891718006,0.04558969276511397,0.04558969276511397,0.0,0.036669970267591674,0.0,0,0.0,46,8.450041579904692,99.27811641324571,0.815618707421439,0.29
main,v040,LOSO-dep-f3,primary,LOSO,deployed,3,B,Centralized PPO|ppo_multi_site_seed7_20260517T004954/ppo_multi_site.zip,Centralized PPO,7,P,"May 2026, pre-781c90c reward",all,-10238.630344298923,5879.565693593409,4297.899924905514,4.6647258,56.5,2107.866160502055,2106.699979052056,0.020317145688800792,0.007730426164519326,0.01565906838453915,0.01912784935579782,0.05113974231912785,245,2.3310208126858276,205,55.241645800404875,1647.7475612632013,0.7956953110682562,0.29
main,v040,LOSO-dep-f3,primary,LOSO,deployed,3,B,Centralized PPO|ppo_multi_site_seed7_20260517T004954/ppo_multi_site.zip,Centralized PPO,7,P,"May 2026, pre-781c90c reward",0,-1972.1065165906596,1333.397324404489,619.4956049861704,1.2135872,18.0,212.9594306172424,212.6560338172424,0.027750247770069375,0.0019821605550049554,0.027750247770069375,0.027750247770069375,0.04757185332011893,64,6.089197224975224,28,9.320087046000197,229.57252545474108,0.8374947678406791,0.29
main,v040,LOSO-dep-f3,primary,LOSO,deployed,3,B,Centralized PPO|ppo_multi_site_seed7_20260517T004954/ppo_multi_site.zip,Centralized PPO,7,P,"May 2026, pre-781c90c reward",1,-869.3236030265607,869.3236030265607,0.0,0.0,0.0,207.06714615966618,207.06714615966618,0.0,0.0,0.0,0.0,0.0,0,0.0,0,0.0,0.0,0.0,0.29
main,v040,LOSO-dep-f3,primary,LOSO,deployed,3,B,Centralized PPO|ppo_multi_site_seed7_20260517T004954/ppo_multi_site.zip,Centralized PPO,7,P,"May 2026, pre-781c90c reward",2,-285.3829492908979,285.3829492908979,0.0,0.0,0.0,207.24386539215953,207.24386539215953,0.0,0.0,0.0,0.0,0.0,0,0.0,0,0.0,0.0,0.0,0.29
main,v040,LOSO-dep-f3,primary,LOSO,deployed,3,B,Centralized PPO|ppo_multi_site_seed7_20260517T004954/ppo_multi_site.zip,Centralized PPO,7,P,"May 2026, pre-781c90c reward",3,-164.931448168637,137.931448168637,27.0,0.0,0.0,207.4683263433343,207.4683263433343,0.0009910802775024777,0.0009910802775024777,0.0,0.0009910802775024777,0.0,0,0.0,1,5.638737068725305,5.638737068725305,1.0,0.29
main,v040,LOSO-dep-f3,primary,LOSO,deployed,3,B,Centralized PPO|ppo_multi_site_seed7_20260517T004954/ppo_multi_site.zip,Centralized PPO,7,P,"May 2026, pre-781c90c reward",4,-2694.4366319040573,606.2178296776117,2067.670873826445,2.0479284,18.5,228.47193843771916,227.95995633771918,0.09910802775024777,0.02180376610505451,0.09910802775024777,0.09712586719524281,0.4122893954410307,108,10.27552031714569,100,77.11687895235531,1647.7475612632013,0.7874619405916319,0.29
main,v040,LOSO-dep-f3,primary,LOSO,deployed,3,B,Centralized PPO|ppo_multi_site_seed7_20260517T004954/ppo_multi_site.zip,Centralized PPO,7,P,"May 2026, pre-781c90c reward",5,-443.40120791877587,443.40120791877587,0.0,0.0,0.0,207.1529463248001,207.1529463248001,0.0,0.0,0.0,0.0,0.0,0,0.0,0,0.0,0.0,0.0,0.29
main,v040,LOSO-dep-f3,primary,LOSO,deployed,3,B,Centralized PPO|ppo_multi_site_seed7_20260517T004954/ppo_multi_site.zip,Centralized PPO,7,P,"May 2026, pre-781c90c reward",6,-956.5359047416525,956.5359047416525,0.0,0.0,0.0,206.92409279657878,206.92409279657878,0.0,0.0,0.0,0.0,0.0,0,0.0,0,0.0,0.0,0.0,0.29
main,v040,LOSO-dep-f3,primary,LOSO,deployed,3,B,Centralized PPO|ppo_multi_site_seed7_20260517T004954/ppo_multi_site.zip,Centralized PPO,7,P,"May 2026, pre-781c90c reward",7,-1370.46406231493,764.3274060220313,584.7334460928987,1.4032102000000002,20.0,215.93418735671742,215.58338480671742,0.02973240832507433,0.006937561942517344,0.02973240832507433,0.028741328047571853,0.05153617443012884,73,6.945490584737364,30,98.58488022717071,1647.7475612632013,0.7467676889634712,0.29
main,v040,LOSO-dep-f3,primary,LOSO,deployed,3,B,Centralized PPO|ppo_multi_site_seed7_20260517T004954/ppo_multi_site.zip,Centralized PPO,7,P,"May 2026, pre-781c90c reward",8,-402.0365801569236,402.0365801569236,0.0,0.0,0.0,207.14812815665772,207.14812815665772,0.0,0.0,0.0,0.0,0.0,0,0.0,0,0.0,0.0,0.0,0.29
main,v040,LOSO-dep-f3,primary,LOSO,deployed,3,B,Centralized PPO|ppo_multi_site_seed7_20260517T004954/ppo_multi_site.zip,Centralized PPO,7,P,"May 2026, pre-781c90c reward",9,-1080.01144018583,81.01144018583015,999.0,0.0,0.0,207.49609891718006,207.49609891718006,0.04558969276511397,0.04558969276511397,0.0,0.036669970267591674,0.0,0,0.0,46,8.450041579904692,99.27811641324571,0.815618707421439,0.29
main,v040,LOSO-dep-f3,primary,LOSO,deployed,3,B,Centralized PPO|ppo_multi_site_seed13_20260517T004954/ppo_multi_site.zip,Centralized PPO,13,P,"May 2026, pre-781c90c reward",all,-10119.984919235689,6120.44439257281,3995.679487062878,0.9860396,2.875,2125.033869437537,2124.7873595375368,0.018037661050545096,0.0075322101090188305,0.013379583746283449,0.016947472745292368,0.057482656095143705,51,0.48523290386521306,182,31.16651918819104,1647.7475612632013,0.8287451009620724,0.29
main,v040,LOSO-dep-f3,primary,LOSO,deployed,3,B,Centralized PPO|ppo_multi_site_seed13_20260517T004954/ppo_multi_site.zip,Centralized PPO,13,P,"May 2026, pre-781c90c reward",0,-1322.0174743298576,1322.0174743298576,0.0,0.0,0.0,206.8131393180388,206.8131393180388,0.0,0.0,0.0,0.0,0.0,0,0.0,0,0.0,0.0,0.0,0.29
main,v040,LOSO-dep-f3,primary,LOSO,deployed,3,B,Centralized PPO|ppo_multi_site_seed13_20260517T004954/ppo_multi_site.zip,Centralized PPO,13,P,"May 2026, pre-781c90c reward",1,-869.3236030265607,869.3236030265607,0.0,0.0,0.0,207.06714615966618,207.06714615966618,0.0,0.0,0.0,0.0,0.0,0,0.0,0,0.0,0.0,0.0,0.29
main,v040,LOSO-dep-f3,primary,LOSO,deployed,3,B,Centralized PPO|ppo_multi_site_seed13_20260517T004954/ppo_multi_site.zip,Centralized PPO,13,P,"May 2026, pre-781c90c reward",2,-285.3829492908979,285.3829492908979,0.0,0.0,0.0,207.24386539215953,207.24386539215953,0.0,0.0,0.0,0.0,0.0,0,0.0,0,0.0,0.0,0.0,0.29
main,v040,LOSO-dep-f3,primary,LOSO,deployed,3,B,Centralized PPO|ppo_multi_site_seed13_20260517T004954/ppo_multi_site.zip,Centralized PPO,13,P,"May 2026, pre-781c90c reward",3,-164.931448168637,137.931448168637,27.0,0.0,0.0,207.4683263433343,207.4683263433343,0.0009910802775024777,0.0009910802775024777,0.0,0.0009910802775024777,0.0,0,0.0,1,5.638737068725305,5.638737068725305,1.0,0.29
main,v040,LOSO-dep-f3,primary,LOSO,deployed,3,B,Centralized PPO|ppo_multi_site_seed13_20260517T004954/ppo_multi_site.zip,Centralized PPO,13,P,"May 2026, pre-781c90c reward",4,-1076.6251035704095,961.4179521865187,114.0933775838907,0.11377380000000001,1.0,209.96321284336176,209.93476939336176,0.005946481665014866,0.0009910802775024777,0.005946481665014866,0.005946481665014866,0.010901883052527254,6,0.5708622398414271,6,313.42910557184894,1647.7475612632013,0.7338520976882817,0.29
main,v040,LOSO-dep-f3,primary,LOSO,deployed,3,B,Centralized PPO|ppo_multi_site_seed13_20260517T004954/ppo_multi_site.zip,Centralized PPO,13,P,"May 2026, pre-781c90c reward",5,-443.40120791877587,443.40120791877587,0.0,0.0,0.0,207.1529463248001,207.1529463248001,0.0,0.0,0.0,0.0,0.0,0,0.0,0,0.0,0.0,0.0,0.29
main,v040,LOSO-dep-f3,primary,LOSO,deployed,3,B,Centralized PPO|ppo_multi_site_seed13_20260517T004954/ppo_multi_site.zip,Centralized PPO,13,P,"May 2026, pre-781c90c reward",6,-956.5359047416525,956.5359047416525,0.0,0.0,0.0,206.92409279657878,206.92409279657878,0.0,0.0,0.0,0.0,0.0,0,0.0,0,0.0,0.0,0.0,0.29
main,v040,LOSO-dep-f3,primary,LOSO,deployed,3,B,Centralized PPO|ppo_multi_site_seed13_20260517T004954/ppo_multi_site.zip,Centralized PPO,13,P,"May 2026, pre-781c90c reward",7,-3519.719207846145,661.385832567157,2855.586109478987,0.8722657999999999,1.875,257.75691318575963,257.53884673575965,0.1278493557978196,0.027750247770069375,0.1278493557978196,0.12586719524281467,0.5639246778989098,45,4.281466798810704,129,26.336365961824306,1647.7475612632013,0.836511901144041,0.29
main,v040,LOSO-dep-f3,primary,LOSO,deployed,3,B,Centralized PPO|ppo_multi_site_seed13_20260517T004954/ppo_multi_site.zip,Centralized PPO,13,P,"May 2026, pre-781c90c reward",8,-402.0365801569236,402.0365801569236,0.0,0.0,0.0,207.14812815665772,207.14812815665772,0.0,0.0,0.0,0.0,0.0,0,0.0,0,0.0,0.0,0.0,0.29
main,v040,LOSO-dep-f3,primary,LOSO,deployed,3,B,Centralized PPO|ppo_multi_site_seed13_20260517T004954/ppo_multi_site.zip,Centralized PPO,13,P,"May 2026, pre-781c90c reward",9,-1080.01144018583,81.01144018583015,999.0,0.0,0.0,207.49609891718006,207.49609891718006,0.04558969276511397,0.04558969276511397,0.0,0.036669970267591674,0.0,0,0.0,46,8.450041579904692,99.27811641324571,0.815618707421439,0.29
main,v040,LOSO-dep-f3,primary,LOSO,deployed,3,B,Centralized PPO|ppo_multi_site_seed42_20260517T004954/ppo_multi_site.zip,Centralized PPO,42,P,"May 2026, pre-781c90c reward",all,-9782.586249805729,5439.7533693851765,4294.846530820552,4.3613496000000005,43.625,2077.5880116974367,2076.497674297437,0.018434093161546084,0.005847373637264618,0.01377601585728444,0.017244796828543112,0.08374628344895936,227,2.1597621407333993,186,15.585911721478768,1647.7475612632013,0.8662137578825833,0.29
main,v040,LOSO-dep-f3,primary,LOSO,deployed,3,B,Centralized PPO|ppo_multi_site_seed42_20260517T004954/ppo_multi_site.zip,Centralized PPO,42,P,"May 2026, pre-781c90c reward",0,-2922.32256351431,1338.514251802412,1558.8853627118976,2.047949,22.875,226.3299642292895,225.81797697928948,0.061446977205153616,0.0019821605550049554,0.061446977205153616,0.06045589692765114,0.17046580773042616,108,10.27552031714569,62,5.007861971519563,229.57252545474108,0.9366896971430768,0.29
main,v040,LOSO-dep-f3,primary,LOSO,deployed,3,B,Centralized PPO|ppo_multi_site_seed42_20260517T004954/ppo_multi_site.zip,Centralized PPO,42,P,"May 2026, pre-781c90c reward",1,-944.880223581086,494.6336872732729,436.9725721078131,1.0239642,12.25,198.196800214763,197.94080916476298,0.017839444995044598,0.0009910802775024777,0.017839444995044598,0.01684836471754212,0.15460852329038652,53,5.042616451932607,18,13.957552756118709,229.57252545474108,0.9043149001519232,0.29
main,v040,LOSO-dep-f3,primary,LOSO,deployed,3,B,Centralized PPO|ppo_multi_site_seed42_20260517T004954/ppo_multi_site.zip,Centralized PPO,42,P,"May 2026, pre-781c90c reward",2,-285.3829492908979,285.3829492908979,0.0,0.0,0.0,207.24386539215953,207.24386539215953,0.0,0.0,0.0,0.0,0.0,0,0.0,0,0.0,0.0,0.0,0.29
main,v040,LOSO-dep-f3,primary,LOSO,deployed,3,B,Centralized PPO|ppo_multi_site_seed42_20260517T004954/ppo_multi_site.zip,Centralized PPO,42,P,"May 2026, pre-781c90c reward",3,-164.931448168637,137.931448168637,27.0,0.0,0.0,207.4683263433343,207.4683263433343,0.0009910802775024777,0.0009910802775024777,0.0,0.0009910802775024777,0.0,0,0.0,1,5.638737068725305,5.638737068725305,1.0,0.29
main,v040,LOSO-dep-f3,primary,LOSO,deployed,3,B,Centralized PPO|ppo_multi_site_seed42_20260517T004954/ppo_multi_site.zip,Centralized PPO,42,P,"May 2026, pre-781c90c reward",4,-956.5650693456985,956.5650693456985,0.0,0.0,0.0,206.97065263864175,206.97065263864175,0.0,0.0,0.0,0.0,0.0,0,0.0,0,0.0,0.0,0.0,0.29
main,v040,LOSO-dep-f3,primary,LOSO,deployed,3,B,Centralized PPO|ppo_multi_site_seed42_20260517T004954/ppo_multi_site.zip,Centralized PPO,42,P,"May 2026, pre-781c90c reward",5,-443.40120791877587,443.40120791877587,0.0,0.0,0.0,207.1529463248001,207.1529463248001,0.0,0.0,0.0,0.0,0.0,0,0.0,0,0.0,0.0,0.0,0.29
main,v040,LOSO-dep-f3,primary,LOSO,deployed,3,B,Centralized PPO|ppo_multi_site_seed42_20260517T004954/ppo_multi_site.zip,Centralized PPO,42,P,"May 2026, pre-781c90c reward",6,-914.8081483285401,712.5869854322689,198.9402184962714,0.5309444000000001,2.75,198.39568456793268,198.2629484679327,0.008919722497522299,0.0019821605550049554,0.008919722497522299,0.008919722497522299,0.16650148662041625,27,2.5688800792864224,9,26.680959408238607,231.04299167654068,0.8368156240602644,0.29
main,v040,LOSO-dep-f3,primary,LOSO,deployed,3,B,Centralized PPO|ppo_multi_site_seed42_20260517T004954/ppo_multi_site.zip,Centralized PPO,42,P,"May 2026, pre-781c90c reward",7,-1668.2466193150308,587.6897498104604,1074.0483775045705,0.7584919999999999,5.75,211.1855449126782,210.99592191267817,0.049554013875123884,0.006937561942517344,0.049554013875123884,0.048562933597621406,0.3458870168483647,39,3.7106045589692767,50,34.05573807864428,1647.7475612632013,0.8142705676525306,0.29
main,v040,LOSO-dep-f3,primary,LOSO,deployed,3,B,Centralized PPO|ppo_multi_site_seed42_20260517T004954/ppo_multi_site.zip,Centralized PPO,42,P,"May 2026, pre-781c90c reward",8,-402.0365801569236,402.0365801569236,0.0,0.0,0.0,207.14812815665772,207.14812815665772,0.0,0.0,0.0,0.0,0.0,0,0.0,0,0.0,0.0,0.0,0.29
main,v040,LOSO-dep-f3,primary,LOSO,deployed,3,B,Centralized PPO|ppo_multi_site_seed42_20260517T004954/ppo_multi_site.zip,Centralized PPO,42,P,"May 2026, pre-781c90c reward",9,-1080.01144018583,81.01144018583015,999.0,0.0,0.0,207.49609891718006,207.49609891718006,0.04558969276511397,0.04558969276511397,0.0,0.036669970267591674,0.0,0,0.0,46,8.450041579904692,99.27811641324571,0.815618707421439,0.29
main,v040,LOSO-dep-f3,primary,LOSO,deployed,3,B,Centralized PPO|ppo_multi_site_seed99_20260517T004954/ppo_multi_site.zip,Centralized PPO,99,P,"May 2026, pre-781c90c reward",all,-16203.37579960665,5209.35295475787,10975.22763004878,2.9202148,15.875,2233.858800530512,2233.1287468305113,0.04886025768087215,0.027254707631318136,0.04420218037661051,0.04727452923686819,0.17888999008919723,152,1.4461843409316155,493,333.40018930309395,2442.613705294324,0.8400462315152091,0.29
main,v040,LOSO-dep-f3,primary,LOSO,deployed,3,B,Centralized PPO|ppo_multi_site_seed99_20260517T004954/ppo_multi_site.zip,Centralized PPO,99,P,"May 2026, pre-781c90c reward",0,-1728.30533091498,798.8714957828884,919.7047757320914,1.4790594,8.25,187.37851872951444,187.00875387951442,0.03766105054509415,0.003964321110009911,0.03766105054509415,0.03766105054509415,0.49157581764122893,77,7.326065411298315,38,50.604582672223984,1647.7475612632013,0.906758575203589,0.29
main,v040,LOSO-dep-f3,primary,LOSO,deployed,3,B,Centralized PPO|ppo_multi_site_seed99_20260517T004954/ppo_multi_site.zip,Centralized PPO,99,P,"May 2026, pre-781c90c reward",1,-869.3236030265607,869.3236030265607,0.0,0.0,0.0,207.06714615966618,207.06714615966618,0.0,0.0,0.0,0.0,0.0,0,0.0,0,0.0,0.0,0.0,0.29
main,v040,LOSO-dep-f3,primary,LOSO,deployed,3,B,Centralized PPO|ppo_multi_site_seed99_20260517T004954/ppo_multi_site.zip,Centralized PPO,99,P,"May 2026, pre-781c90c reward",2,-285.3829492908979,285.3829492908979,0.0,0.0,0.0,207.24386539215953,207.24386539215953,0.0,0.0,0.0,0.0,0.0,0,0.0,0,0.0,0.0,0.0,0.29
main,v040,LOSO-dep-f3,primary,LOSO,deployed,3,B,Centralized PPO|ppo_multi_site_seed99_20260517T004954/ppo_multi_site.zip,Centralized PPO,99,P,"May 2026, pre-781c90c reward",3,-164.931448168637,137.931448168637,27.0,0.0,0.0,207.4683263433343,207.4683263433343,0.0009910802775024777,0.0009910802775024777,0.0,0.0009910802775024777,0.0,0,0.0,1,5.638737068725305,5.638737068725305,1.0,0.29
main,v040,LOSO-dep-f3,primary,LOSO,deployed,3,B,Centralized PPO|ppo_multi_site_seed99_20260517T004954/ppo_multi_site.zip,Centralized PPO,99,P,"May 2026, pre-781c90c reward",4,-994.5276104839286,563.3086875402956,428.7371293436331,0.6067936,1.875,194.93475241622488,194.7830540162249,0.018830525272547076,0.0019821605550049554,0.018830525272547076,0.018830525272547076,0.244796828543112,31,2.949454905847374,19,13.195989578351535,229.57252545474108,0.8521704023572511,0.29
main,v040,LOSO-dep-f3,primary,LOSO,deployed,3,B,Centralized PPO|ppo_multi_site_seed99_20260517T004954/ppo_multi_site.zip,Centralized PPO,99,P,"May 2026, pre-781c90c reward",5,-443.40120791877587,443.40120791877587,0.0,0.0,0.0,207.1529463248001,207.1529463248001,0.0,0.0,0.0,0.0,0.0,0,0.0,0,0.0,0.0,0.0,0.29
main,v040,LOSO-dep-f3,primary,LOSO,deployed,3,B,Centralized PPO|ppo_multi_site_seed99_20260517T004954/ppo_multi_site.zip,Centralized PPO,99,P,"May 2026, pre-781c90c reward",6,-7372.382265469714,839.43059176528,6527.784482504434,0.4171912,4.75,356.35289797780445,356.24860017780446,0.30525272547076315,0.1506442021803766,0.30525272547076315,0.2983151635282458,0.9831516352824579,22,2.093161546085233,308,232.3930969851534,2442.613705294324,0.8044682684333345,0.29
main,v040,LOSO-dep-f3,primary,LOSO,deployed,3,B,Centralized PPO|ppo_multi_site_seed99_20260517T004954/ppo_multi_site.zip,Centralized PPO,99,P,"May 2026, pre-781c90c reward",7,-757.9673274995644,757.9673274995644,0.0,0.0,0.0,206.9499984870887,206.9499984870887,0.0,0.0,0.0,0.0,0.0,0,0.0,0,0.0,0.0,0.0,0.29
main,v040,LOSO-dep-f3,primary,LOSO,deployed,3,B,Centralized PPO|ppo_multi_site_seed99_20260517T004954/ppo_multi_site.zip,Centralized PPO,99,P,"May 2026, pre-781c90c reward",8,-2507.1426166477613,432.7242035791405,2073.00124246862,0.41717060000000006,1.0,251.81424978273904,251.70995713273902,0.0802775024777007,0.06937561942517344,0.0802775024777007,0.0802775024777007,0.06937561942517344,22,2.093161546085233,81,1113.8417390335865,2442.613705294324,0.9530869310570453,0.29
main,v040,LOSO-dep-f3,primary,LOSO,deployed,3,B,Centralized PPO|ppo_multi_site_seed99_20260517T004954/ppo_multi_site.zip,Centralized PPO,99,P,"May 2026, pre-781c90c reward",9,-1080.01144018583,81.01144018583015,999.0,0.0,0.0,207.49609891718006,207.49609891718006,0.04558969276511397,0.04558969276511397,0.0,0.036669970267591674,0.0,0,0.0,46,8.450041579904692,99.27811641324571,0.815618707421439,0.29
main,v040,LOSO-dep-f3,primary,LOSO,deployed,3,B,MAPPO|mappo_nr_seed23/mappo_best.pt,MAPPO,23,T,"June 2026, current reward",all,-5664.784819056733,4162.167680780655,1432.1208054760775,6.371332800000001,64.125,1968.194352144806,1966.6015189448058,0.00624380574826561,0.004955401387512388,0.003072348860257681,0.005351833498513379,0.09177403369672943,336,3.1968285431119923,63,33937.37645921369,152721.76434411557,0.8509544412101947,0.29
main,v040,LOSO-dep-f3,primary,LOSO,deployed,3,B,MAPPO|mappo_nr_seed23/mappo_best.pt,MAPPO,23,T,"June 2026, current reward",0,-824.8887581083854,780.3717741083854,27.0,1.516984,16.0,175.42789760866555,175.04865160866555,0.0009910802775024777,0.0,0.0009910802775024777,0.0009910802775024777,0.24677898909811694,80,7.6114965312190295,1,1.4257170635107337,1.4257170635107337,1.0,0.29
main,v040,LOSO-dep-f3,primary,LOSO,deployed,3,B,MAPPO|mappo_nr_seed23/mappo_best.pt,MAPPO,23,T,"June 2026, current reward",1,-486.8150883492424,450.7307471492424,27.0,0.8343412,8.25,190.9579687119349,190.74938341193493,0.0019821605550049554,0.0,0.0019821605550049554,0.0009910802775024777,0.1278493557978196,44,4.186323092170466,2,0.7188164313257891,1.4257170635107337,0.5059578995704223,0.29
main,v040,LOSO-dep-f3,primary,LOSO,deployed,3,B,MAPPO|mappo_nr_seed23/mappo_best.pt,MAPPO,23,T,"June 2026, current reward",2,-280.7608764908615,278.7341780908615,0.0,0.1516984,1.875,206.70497558705748,206.66705098705748,0.0,0.0,0.0,0.0,0.004955401387512388,8,0.761149653121903,0,0.0,0.0,0.0,0.29
main,v040,LOSO-dep-f3,primary,LOSO,deployed,3,B,MAPPO|mappo_nr_seed23/mappo_best.pt,MAPPO,23,T,"June 2026, current reward",3,-164.931448168637,137.931448168637,27.0,0.0,0.0,207.4683263433343,207.4683263433343,0.0009910802775024777,0.0009910802775024777,0.0,0.0009910802775024777,0.0,0,0.0,1,5.638737068725305,5.638737068725305,1.0,0.29
main,v040,LOSO-dep-f3,primary,LOSO,deployed,3,B,MAPPO|mappo_nr_seed23/mappo_best.pt,MAPPO,23,T,"June 2026, current reward",4,-628.1712973461637,540.3257299461636,81.0,0.7205674,6.125,185.95202163685235,185.77187978685237,0.002973240832507433,0.0,0.002973240832507433,0.002973240832507433,0.1565906838453915,38,3.615460852329039,3,1.425717063510734,1.4257170635107337,1.0,0.29
main,v040,LOSO-dep-f3,primary,LOSO,deployed,3,B,MAPPO|mappo_nr_seed23/mappo_best.pt,MAPPO,23,T,"June 2026, current reward",5,-360.93053346760644,356.35043826760636,0.0,0.45509520000000003,4.125,200.14428370177976,200.03050990177977,0.0,0.0,0.0,0.0,0.05946481665014866,24,2.2834489593657086,0,0.0,0.0,0.0,0.29
main,v040,LOSO-dep-f3,primary,LOSO,deployed,3,B,MAPPO|mappo_nr_seed23/mappo_best.pt,MAPPO,23,T,"June 2026, current reward",6,-664.0280731355247,623.5644859355247,27.0,1.2135872,12.25,188.74961171430206,188.44621491430206,0.0009910802775024777,0.0,0.0009910802775024777,0.0009910802775024777,0.14370664023785926,64,6.089197224975224,1,231.04299167654068,231.04299167654068,1.0,0.29
main,v040,LOSO-dep-f3,primary,LOSO,deployed,3,B,MAPPO|mappo_nr_seed23/mappo_best.pt,MAPPO,23,T,"June 2026, current reward",7,-591.9009149577976,557.0974666817201,28.12080547607759,0.6826428,6.0,192.03797174020886,191.86731104020885,0.0019821605550049554,0.0,0.0019821605550049554,0.0019821605550049554,0.1288404360753221,36,3.4251734390485633,2,0.7815386230233267,1.4257170635107337,0.5686800912679598,0.29
main,v040,LOSO-dep-f3,primary,LOSO,deployed,3,B,MAPPO|mappo_nr_seed23/mappo_best.pt,MAPPO,23,T,"June 2026, current reward",8,-362.4297309063953,355.02378650639537,0.0,0.5309444,6.875,203.21272251611373,203.07998641611374,0.0,0.0,0.0,0.0,0.03468780971258672,28,2.66402378592666,0,0.0,0.0,0.0,0.29
main,v040,LOSO-dep-f3,primary,LOSO,deployed,3,B,MAPPO|mappo_nr_seed23/mappo_best.pt,MAPPO,23,T,"June 2026, current reward",9,-1299.9280981261195,82.03762592611938,1215.0,0.2654722,2.625,217.5385725845569,217.4722045345569,0.05252725470763132,0.048562933597621406,0.02180376610505451,0.044598612487611496,0.014866204162537165,14,1.33201189296333,53,40336.02512496895,152721.76434411557,0.8577519587653869,0.29
main,v040,LOSO-dep-f3,primary,LOSO,deployed,3,B,MAPPO|mappo_nr_seed64/mappo_best.pt,MAPPO,64,T,"June 2026, current reward",all,-5419.00333974621,4239.178372070133,1108.1208054760775,5.9541622,65.75,1968.888530368035,1967.399989818035,0.005153617443012884,0.0046580773042616454,0.0004955401387512388,0.004162537165510407,0.07631318136769079,314,2.9875123885034687,52,12.084314452491924,231.04299167654068,0.8013026254435185,0.29
main,v040,LOSO-dep-f3,primary,LOSO,deployed,3,B,MAPPO|mappo_nr_seed64/mappo_best.pt,MAPPO,64,T,"June 2026, current reward",0,-819.7001223870961,806.687384387096,0.0,1.1377380000000001,11.875,178.7549166950579,178.4704821950579,0.0,0.0,0.0,0.0,0.20614469772051536,60,5.708622398414271,0,0.0,0.0,0.0,0.29
main,v040,LOSO-dep-f3,primary,LOSO,deployed,3,B,MAPPO|mappo_nr_seed64/mappo_best.pt,MAPPO,64,T,"June 2026, current reward",1,-501.66462634034417,462.46651134034414,27.0,0.948115,11.25,192.55576209155774,192.31873334155773,0.0019821605550049554,0.0,0.0019821605550049554,0.0009910802775024777,0.10703666997026759,50,4.757185332011893,2,0.7188164313257891,1.4257170635107337,0.5059578995704223,0.29
main,v040,LOSO-dep-f3,primary,LOSO,deployed,3,B,MAPPO|mappo_nr_seed64/mappo_best.pt,MAPPO,64,T,"June 2026, current reward",2,-282.04654245572965,279.89484405572966,0.0,0.1516984,2.0,206.82615298919183,206.78822838919183,0.0,0.0,0.0,0.0,0.003964321110009911,8,0.761149653121903,0,0.0,0.0,0.0,0.29
main,v040,LOSO-dep-f3,primary,LOSO,deployed,3,B,MAPPO|mappo_nr_seed64/mappo_best.pt,MAPPO,64,T,"June 2026, current reward",3,-164.931448168637,137.931448168637,27.0,0.0,0.0,207.4683263433343,207.4683263433343,0.0009910802775024777,0.0009910802775024777,0.0,0.0009910802775024777,0.0,0,0.0,1,5.638737068725305,5.638737068725305,1.0,0.29
main,v040,LOSO-dep-f3,primary,LOSO,deployed,3,B,MAPPO|mappo_nr_seed64/mappo_best.pt,MAPPO,64,T,"June 2026, current reward",4,-584.8782679923495,548.2939267923493,27.0,0.8343412,8.75,187.13222611482914,186.92364081482913,0.0009910802775024777,0.0,0.0009910802775024777,0.0009910802775024777,0.14073339940535184,44,4.186323092170466,1,1.4257170635107337,1.4257170635107337,1.0,0.29
main,v040,LOSO-dep-f3,primary,LOSO,deployed,3,B,MAPPO|mappo_nr_seed64/mappo_best.pt,MAPPO,64,T,"June 2026, current reward",5,-365.9935600631569,361.9513894631569,0.0,0.4171706,3.625,201.04775954643077,200.94346689643078,0.0,0.0,0.0,0.0,0.04757185332011893,22,2.093161546085233,0,0.0,0.0,0.0,0.29
main,v040,LOSO-dep-f3,primary,LOSO,deployed,3,B,MAPPO|mappo_nr_seed64/mappo_best.pt,MAPPO,64,T,"June 2026, current reward",6,-678.1666966314237,634.2522602314237,27.0,1.2894364,15.625,190.34988585989606,190.02752675989606,0.0009910802775024777,0.0,0.0009910802775024777,0.0009910802775024777,0.12190287413280476,68,6.469772051536175,1,231.04299167654068,231.04299167654068,1.0,0.29
main,v040,LOSO-dep-f3,primary,LOSO,deployed,3,B,MAPPO|mappo_nr_seed64/mappo_best.pt,MAPPO,64,T,"June 2026, current reward",7,-573.6939220548105,564.814624578733,1.1208054760775898,0.758492,7.0,193.18166505788093,192.99204205788095,0.0009910802775024777,0.0,0.0009910802775024777,0.0009910802775024777,0.11199207135777998,40,3.8057482656095147,1,0.1373601825359197,0.1373601825359197,0.13736018253591964,0.29
main,v040,LOSO-dep-f3,primary,LOSO,deployed,3,B,MAPPO|mappo_nr_seed64/mappo_best.pt,MAPPO,64,T,"June 2026, current reward",8,-367.91671346683256,361.87454286683254,0.0,0.41717060000000006,5.625,204.07573675267625,203.97144410267623,0.0,0.0,0.0,0.0,0.023785926660059464,22,2.093161546085233,0,0.0,0.0,0.0,0.29
main,v040,LOSO-dep-f3,primary,LOSO,deployed,3,B,MAPPO|mappo_nr_seed64/mappo_best.pt,MAPPO,64,T,"June 2026, current reward",9,-1080.01144018583,81.01144018583015,999.0,0.0,0.0,207.49609891718006,207.49609891718006,0.04558969276511397,0.04558969276511397,0.0,0.036669970267591674,0.0,0,0.0,46,8.450041579904692,99.27811641324571,0.815618707421439,0.29
main,v040,LOSO-dep-f3,primary,LOSO,deployed,3,B,MAPPO|mappo_nr_seed99/mappo_best.pt,MAPPO,99,T,"June 2026, current reward",all,-5486.016784336456,4277.703042860379,1135.1208054760775,6.0679359999999996,67.125,1972.9408601630514,1971.4238761630515,0.005252725470763132,0.0046580773042616454,0.0005946481665014867,0.0042616451932606545,0.07215064420218038,320,3.044598612487612,53,11.883208841379073,231.04299167654068,0.805051632510622,0.29
main,v040,LOSO-dep-f3,primary,LOSO,deployed,3,B,MAPPO|mappo_nr_seed99/mappo_best.pt,MAPPO,99,T,"June 2026, current reward",0,-825.8242471645474,813.1485845645474,0.0,1.1756626000000001,11.5,179.61873811523444,179.32482246523443,0.0,0.0,0.0,0.0,0.19425173439048563,62,5.898909811694748,0,0.0,0.0,0.0,0.29
main,v040,LOSO-dep-f3,primary,LOSO,deployed,3,B,MAPPO|mappo_nr_seed99/mappo_best.pt,MAPPO,99,T,"June 2026, current reward",1,-509.83252899714614,471.6723385971461,27.0,0.9101904000000001,10.25,193.55753721483455,193.32998961483457,0.0019821605550049554,0.0,0.0019821605550049554,0.0009910802775024777,0.09712586719524281,48,4.566897918731417,2,0.7188164313257891,1.4257170635107337,0.5059578995704223,0.29
main,v040,LOSO-dep-f3,primary,LOSO,deployed,3,B,MAPPO|mappo_nr_seed99/mappo_best.pt,MAPPO,99,T,"June 2026, current reward",2,-280.7608764908615,278.7341780908615,0.0,0.1516984,1.875,206.70497558705748,206.66705098705748,0.0,0.0,0.0,0.0,0.004955401387512388,8,0.761149653121903,0,0.0,0.0,0.0,0.29
main,v040,LOSO-dep-f3,primary,LOSO,deployed,3,B,MAPPO|mappo_nr_seed99/mappo_best.pt,MAPPO,99,T,"June 2026, current reward",3,-164.931448168637,137.931448168637,27.0,0.0,0.0,207.4683263433343,207.4683263433343,0.0009910802775024777,0.0009910802775024777,0.0,0.0009910802775024777,0.0,0,0.0,1,5.638737068725305,5.638737068725305,1.0,0.29
main,v040,LOSO-dep-f3,primary,LOSO,deployed,3,B,MAPPO|mappo_nr_seed99/mappo_best.pt,MAPPO,99,T,"June 2026, current reward",4,-618.4562076950111,552.7580926950111,54.0,0.9481149999999999,10.75,187.73755724555963,187.50052849555962,0.0019821605550049554,0.0,0.0019821605550049554,0.0019821605550049554,0.13478691774033696,50,4.757185332011893,2,1.4257170635107337,1.4257170635107337,1.0,0.29
main,v040,LOSO-dep-f3,primary,LOSO,deployed,3,B,MAPPO|mappo_nr_seed99/mappo_best.pt,MAPPO,99,T,"June 2026, current reward",5,-365.15213597965123,360.98496537965127,0.0,0.4171706,3.75,200.7505486636673,200.6462560136673,0.0,0.0,0.0,0.0,0.05153617443012884,22,2.093161546085233,0,0.0,0.0,0.0,0.29
main,v040,LOSO-dep-f3,primary,LOSO,deployed,3,B,MAPPO|mappo_nr_seed99/mappo_best.pt,MAPPO,99,T,"June 2026, current reward",6,-688.1445494958297,644.7680376958297,27.0,1.2515117999999998,15.125,191.30010832590935,190.98723037590935,0.0009910802775024777,0.0,0.0009910802775024777,0.0009910802775024777,0.11298315163528246,66,6.279484638255699,1,231.04299167654068,231.04299167654068,1.0,0.29
main,v040,LOSO-dep-f3,primary,LOSO,deployed,3,B,MAPPO|mappo_nr_seed99/mappo_best.pt,MAPPO,99,T,"June 2026, current reward",7,-579.8480011629765,570.5937036868988,1.1208054760775898,0.758492,7.375,193.89673906992087,193.70711606992086,0.0009910802775024777,0.0,0.0009910802775024777,0.0009910802775024777,0.10406342913776016,40,3.8057482656095147,1,0.1373601825359197,0.1373601825359197,0.13736018253591964,0.29
main,v040,LOSO-dep-f3,primary,LOSO,deployed,3,B,MAPPO|mappo_nr_seed99/mappo_best.pt,MAPPO,99,T,"June 2026, current reward",8,-373.05534899596614,366.10025379596607,0.0,0.45509520000000003,6.5,204.4102306803535,204.2964568803535,0.0,0.0,0.0,0.0,0.02180376610505451,24,2.2834489593657086,0,0.0,0.0,0.0,0.29
main,v040,LOSO-dep-f3,primary,LOSO,deployed,3,B,MAPPO|mappo_nr_seed99/mappo_best.pt,MAPPO,99,T,"June 2026, current reward",9,-1080.01144018583,81.01144018583015,999.0,0.0,0.0,207.49609891718006,207.49609891718006,0.04558969276511397,0.04558969276511397,0.0,0.036669970267591674,0.0,0,0.0,46,8.450041579904692,99.27811641324571,0.815618707421439,0.29
main,v040,LOSO-dep-f3,primary,LOSO,deployed,3,B,MAPPO|mappo_seed7_20260516T092249/mappo_best.pt,MAPPO,7,L,"May 2026, pre-781c90c reward",all,-5451.833713403606,4232.088840927529,1162.1208054760775,5.499067,52.125,1967.1569080741483,1965.7821413241481,0.005351833498513379,0.0046580773042616454,0.0006937561942517344,0.004360753221010902,0.07928642220019821,290,2.759167492566898,54,11.689551586233362,231.04299167654068,0.8086617874641289,0.29
main,v040,LOSO-dep-f3,primary,LOSO,deployed,3,B,MAPPO|mappo_seed7_20260516T092249/mappo_best.pt,MAPPO,7,L,"May 2026, pre-781c90c reward",0,-817.2011759911414,806.1884379911415,0.0,1.1377380000000001,9.875,178.60844738778547,178.32401288778544,0.0,0.0,0.0,0.0,0.20812685827552033,60,5.708622398414271,0,0.0,0.0,0.0,0.29
main,v040,LOSO-dep-f3,primary,LOSO,deployed,3,B,MAPPO|mappo_seed7_20260516T092249/mappo_best.pt,MAPPO,7,L,"May 2026, pre-781c90c reward",1,-503.42591640189266,465.8036506018926,27.0,0.8722658000000001,9.75,192.90296585241856,192.68489940241855,0.0019821605550049554,0.0,0.0019821605550049554,0.0009910802775024777,0.10406342913776016,46,4.376610505450942,2,0.7188164313257891,1.4257170635107337,0.5059578995704223,0.29
main,v040,LOSO-dep-f3,primary,LOSO,deployed,3,B,MAPPO|mappo_seed7_20260516T092249/mappo_best.pt,MAPPO,7,L,"May 2026, pre-781c90c reward",2,-280.79792621192337,279.3091524119234,0.0,0.11377380000000001,1.375,206.76982099664605,206.74137754664605,0.0,0.0,0.0,0.0,0.003964321110009911,6,0.5708622398414271,0,0.0,0.0,0.0,0.29
main,v040,LOSO-dep-f3,primary,LOSO,deployed,3,B,MAPPO|mappo_seed7_20260516T092249/mappo_best.pt,MAPPO,7,L,"May 2026, pre-781c90c reward",3,-164.931448168637,137.931448168637,27.0,0.0,0.0,207.4683263433343,207.4683263433343,0.0009910802775024777,0.0009910802775024777,0.0,0.0009910802775024777,0.0,0,0.0,1,5.638737068725305,5.638737068725305,1.0,0.29
main,v040,LOSO-dep-f3,primary,LOSO,deployed,3,B,MAPPO|mappo_seed7_20260516T092249/mappo_best.pt,MAPPO,7,L,"May 2026, pre-781c90c reward",4,-606.4114584112488,545.6529664112487,54.0,0.758492,6.0,186.73207772497156,186.54245472497155,0.0019821605550049554,0.0,0.0019821605550049554,0.0019821605550049554,0.1466798810703667,40,3.8057482656095147,2,1.4257170635107337,1.4257170635107337,1.0,0.29
main,v040,LOSO-dep-f3,primary,LOSO,deployed,3,B,MAPPO|mappo_seed7_20260516T092249/mappo_best.pt,MAPPO,7,L,"May 2026, pre-781c90c reward",5,-363.6207311165816,360.49148511658166,0.0,0.379246,2.75,200.66829236879124,200.57348086879125,0.0,0.0,0.0,0.0,0.05252725470763132,20,1.9028741328047574,0,0.0,0.0,0.0,0.29
main,v040,LOSO-dep-f3,primary,LOSO,deployed,3,B,MAPPO|mappo_seed7_20260516T092249/mappo_best.pt,MAPPO,7,L,"May 2026, pre-781c90c reward",6,-671.4392488666765,632.5894354666764,27.0,1.0998134,10.75,189.78996360763,189.51501025763,0.0009910802775024777,0.0,0.0009910802775024777,0.0009910802775024777,0.13181367690782952,58,5.518334985133796,1,231.04299167654068,231.04299167654068,1.0,0.29
main,v040,LOSO-dep-f3,primary,LOSO,deployed,3,B,MAPPO|mappo_seed7_20260516T092249/mappo_best.pt,MAPPO,7,L,"May 2026, pre-781c90c reward",7,-597.6184093804853,562.6899611044078,28.12080547607759,0.6826428,6.125,192.82313102818787,192.65247032818786,0.0019821605550049554,0.0,0.0019821605550049554,0.0019821605550049554,0.11793855302279485,36,3.4251734390485633,2,0.7815386230233267,1.4257170635107337,0.5686800912679598,0.29
main,v040,LOSO-dep-f3,primary,LOSO,deployed,3,B,MAPPO|mappo_seed7_20260516T092249/mappo_best.pt,MAPPO,7,L,"May 2026, pre-781c90c reward",8,-366.3759586691901,360.42086346919007,0.0,0.45509520000000003,5.5,203.89778384720304,203.78401004720303,0.0,0.0,0.0,0.0,0.027750247770069375,24,2.2834489593657086,0,0.0,0.0,0.0,0.29
main,v040,LOSO-dep-f3,primary,LOSO,deployed,3,B,MAPPO|mappo_seed7_20260516T092249/mappo_best.pt,MAPPO,7,L,"May 2026, pre-781c90c reward",9,-1080.01144018583,81.01144018583015,999.0,0.0,0.0,207.49609891718006,207.49609891718006,0.04558969276511397,0.04558969276511397,0.0,0.036669970267591674,0.0,0,0.0,46,8.450041579904692,99.27811641324571,0.815618707421439,0.29
main,v040,LOSO-dep-f3,primary,LOSO,deployed,3,B,MAPPO|wcnc2027_ablation/mappo_seed1/mappo_best.pt,MAPPO,1,R,wcnc2027_ablation 2026-09-14,all,-5422.511233734769,4255.717210458691,1108.1208054760775,5.423217800000001,53.25,1969.6732441151166,1968.3174396651168,0.005153617443012884,0.0046580773042616454,0.0004955401387512388,0.004162537165510407,0.07641228939544104,286,2.721110009910803,52,12.084314452491924,231.04299167654068,0.8013026254435185,0.3
main,v040,LOSO-dep-f3,primary,LOSO,deployed,3,B,MAPPO|wcnc2027_ablation/mappo_seed1/mappo_best.pt,MAPPO,1,R,wcnc2027_ablation 2026-09-14,0,-814.6837035018702,803.8338901018701,0.0,1.0998134,9.75,178.26838151291872,177.99342816291872,0.0,0.0,0.0,0.0,0.21209117938553024,58,5.518334985133796,0,0.0,0.0,0.0,0.3
main,v040,LOSO-dep-f3,primary,LOSO,deployed,3,B,MAPPO|wcnc2027_ablation/mappo_seed1/mappo_best.pt,MAPPO,1,R,wcnc2027_ablation 2026-09-14,1,-502.83903593275767,467.4176193327577,27.0,0.7964166,7.625,193.06437426467238,192.8652701146724,0.0019821605550049554,0.0,0.0019821605550049554,0.0009910802775024777,0.10208126858275521,42,3.9960356788899905,2,0.7188164313257891,1.4257170635107337,0.5059578995704223,0.3
main,v040,LOSO-dep-f3,primary,LOSO,deployed,3,B,MAPPO|wcnc2027_ablation/mappo_seed1/mappo_best.pt,MAPPO,1,R,wcnc2027_ablation 2026-09-14,2,-282.0835921767915,280.4698183767915,0.0,0.11377380000000001,1.5,206.8909983987804,206.8625549487804,0.0,0.0,0.0,0.0,0.002973240832507433,6,0.5708622398414271,0,0.0,0.0,0.0,0.3
main,v040,LOSO-dep-f3,primary,LOSO,deployed,3,B,MAPPO|wcnc2027_ablation/mappo_seed1/mappo_best.pt,MAPPO,1,R,wcnc2027_ablation 2026-09-14,3,-164.931448168637,137.931448168637,27.0,0.0,0.0,207.4683263433343,207.4683263433343,0.0009910802775024777,0.0009910802775024777,0.0,0.0009910802775024777,0.0,0,0.0,1,5.638737068725305,5.638737068725305,1.0,0.3
main,v040,LOSO-dep-f3,primary,LOSO,deployed,3,B,MAPPO|wcnc2027_ablation/mappo_seed1/mappo_best.pt,MAPPO,1,R,wcnc2027_ablation 2026-09-14,4,-585.9245826098288,551.2910906098289,27.0,0.758492,6.875,187.39895842871437,187.20933542871438,0.0009910802775024777,0.0,0.0009910802775024777,0.0009910802775024777,0.13875123885034688,40,3.8057482656095147,1,1.4257170635107337,1.4257170635107337,1.0,0.3
main,v040,LOSO-dep-f3,primary,LOSO,deployed,3,B,MAPPO|wcnc2027_ablation/mappo_seed1/mappo_best.pt,MAPPO,1,R,wcnc2027_ablation 2026-09-14,5,-364.50835306084184,362.0420316608419,0.0,0.3413214,2.125,200.85141845021406,200.76608810021406,0.0,0.0,0.0,0.0,0.05054509415262636,18,1.7125867195242817,0,0.0,0.0,0.0,0.3
main,v040,LOSO-dep-f3,primary,LOSO,deployed,3,B,MAPPO|wcnc2027_ablation/mappo_seed1/mappo_best.pt,MAPPO,1,R,wcnc2027_ablation 2026-09-14,6,-681.8680054736508,640.4423428736507,27.0,1.1756626,13.25,190.7829756976277,190.4890600476277,0.0009910802775024777,0.0,0.0009910802775024777,0.0009910802775024777,0.1199207135777998,62,5.898909811694748,1,231.04299167654068,231.04299167654068,1.0,0.3
main,v040,LOSO-dep-f3,primary,LOSO,deployed,3,B,MAPPO|wcnc2027_ablation/mappo_seed1/mappo_best.pt,MAPPO,1,R,wcnc2027_ablation 2026-09-14,7,-577.0304032498943,569.2269549738166,1.1208054760775898,0.6826428,6.0,193.38945094316546,193.21879024316547,0.0009910802775024777,0.0,0.0009910802775024777,0.0009910802775024777,0.11298315163528246,36,3.4251734390485633,1,0.1373601825359197,0.1373601825359197,0.13736018253591964,0.3
main,v040,LOSO-dep-f3,primary,LOSO,deployed,3,B,MAPPO|wcnc2027_ablation/mappo_seed1/mappo_best.pt,MAPPO,1,R,wcnc2027_ablation 2026-09-14,8,-368.6306693746662,362.05057417466617,0.0,0.45509520000000003,6.125,204.06226115850927,203.94848735850928,0.0,0.0,0.0,0.0,0.024777006937561942,24,2.2834489593657086,0,0.0,0.0,0.0,0.3
main,v040,LOSO-dep-f3,primary,LOSO,deployed,3,B,MAPPO|wcnc2027_ablation/mappo_seed1/mappo_best.pt,MAPPO,1,R,wcnc2027_ablation 2026-09-14,9,-1080.01144018583,81.01144018583015,999.0,0.0,0.0,207.49609891718006,207.49609891718006,0.04558969276511397,0.04558969276511397,0.0,0.036669970267591674,0.0,0,0.0,46,8.450041579904692,99.27811641324571,0.815618707421439,0.3
main,v040,LOSO-dep-f3,primary,LOSO,deployed,3,B,Centralized PPO|wcnc2027_ablation/central_seed1/ppo_multi_site.zip,Centralized PPO,1,R,wcnc2027_ablation 2026-09-14,all,-13789.497492168714,5779.360988591766,7967.8792133769475,2.8822902,39.375,2212.80266619426,2212.08209364426,0.03805748265609515,0.016154608523290388,0.0333994053518335,0.03587710604558969,0.1322101090188305,150,1.4271555996035679,384,56.56298241481826,2442.613705294324,0.7876805721600227,0.3
main,v040,LOSO-dep-f3,primary,LOSO,deployed,3,B,Centralized PPO|wcnc2027_ablation/central_seed1/ppo_multi_site.zip,Centralized PPO,1,R,wcnc2027_ablation 2026-09-14,0,-1447.6013851369535,825.3282847887526,589.6113981482007,2.1617021999999997,30.5,186.05404984156087,185.51362429156086,0.023785926660059464,0.002973240832507433,0.023785926660059464,0.023785926660059464,0.3508424182358771,113,10.751238850346878,24,10.797524166523438,229.57252545474108,0.9189047196502788,0.3
main,v040,LOSO-dep-f3,primary,LOSO,deployed,3,B,Centralized PPO|wcnc2027_ablation/central_seed1/ppo_multi_site.zip,Centralized PPO,1,R,wcnc2027_ablation 2026-09-14,1,-869.3236030265607,869.3236030265607,0.0,0.0,0.0,207.06714615966618,207.06714615966618,0.0,0.0,0.0,0.0,0.0,0,0.0,0,0.0,0.0,0.0,0.3
main,v040,LOSO-dep-f3,primary,LOSO,deployed,3,B,Centralized PPO|wcnc2027_ablation/central_seed1/ppo_multi_site.zip,Centralized PPO,1,R,wcnc2027_ablation 2026-09-14,2,-285.3829492908979,285.3829492908979,0.0,0.0,0.0,207.24386539215953,207.24386539215953,0.0,0.0,0.0,0.0,0.0,0,0.0,0,0.0,0.0,0.0,0.3
main,v040,LOSO-dep-f3,primary,LOSO,deployed,3,B,Centralized PPO|wcnc2027_ablation/central_seed1/ppo_multi_site.zip,Centralized PPO,1,R,wcnc2027_ablation 2026-09-14,3,-164.931448168637,137.931448168637,27.0,0.0,0.0,207.4683263433343,207.4683263433343,0.0009910802775024777,0.0009910802775024777,0.0,0.0009910802775024777,0.0,0,0.0,1,5.638737068725305,5.638737068725305,1.0,0.3
main,v040,LOSO-dep-f3,primary,LOSO,deployed,3,B,Centralized PPO|wcnc2027_ablation/central_seed1/ppo_multi_site.zip,Centralized PPO,1,R,wcnc2027_ablation 2026-09-14,4,-980.1709277540094,952.8830031540094,27.0,0.0379246,0.25,206.93959341623713,206.93011226623713,0.0009910802775024777,0.0,0.0009910802775024777,0.0009910802775024777,0.002973240832507433,2,0.19028741328047574,1,1.4257170635107337,1.4257170635107337,1.0,0.3
main,v040,LOSO-dep-f3,primary,LOSO,deployed,3,B,Centralized PPO|wcnc2027_ablation/central_seed1/ppo_multi_site.zip,Centralized PPO,1,R,wcnc2027_ablation 2026-09-14,5,-443.40120791877587,443.40120791877587,0.0,0.0,0.0,207.1529463248001,207.1529463248001,0.0,0.0,0.0,0.0,0.0,0,0.0,0,0.0,0.0,0.0,0.3
main,v040,LOSO-dep-f3,primary,LOSO,deployed,3,B,Centralized PPO|wcnc2027_ablation/central_seed1/ppo_multi_site.zip,Centralized PPO,1,R,wcnc2027_ablation 2026-09-14,6,-954.4964069721073,953.4205577721073,0.0,0.0758492,1.0,206.80866948046855,206.78970718046855,0.0,0.0,0.0,0.0,0.0019821605550049554,3,0.28543111992071357,0,0.0,0.0,0.0,0.3
main,v040,LOSO-dep-f3,primary,LOSO,deployed,3,B,Centralized PPO|wcnc2027_ablation/central_seed1/ppo_multi_site.zip,Centralized PPO,1,R,wcnc2027_ablation 2026-09-14,7,-7162.141543558018,828.6419141292711,6325.267815228746,0.6068142,7.625,369.42384216219557,369.2721386121956,0.30921704658077304,0.11199207135777998,0.30921704658077304,0.29633300297324083,0.9663032705649157,32,3.044598612487612,312,67.51691762976215,2442.613705294324,0.7721063009501791,0.3
main,v040,LOSO-dep-f3,primary,LOSO,deployed,3,B,Centralized PPO|wcnc2027_ablation/central_seed1/ppo_multi_site.zip,Centralized PPO,1,R,wcnc2027_ablation 2026-09-14,8,-402.0365801569236,402.0365801569236,0.0,0.0,0.0,207.14812815665772,207.14812815665772,0.0,0.0,0.0,0.0,0.0,0,0.0,0,0.0,0.0,0.0,0.3
main,v040,LOSO-dep-f3,primary,LOSO,deployed,3,B,Centralized PPO|wcnc2027_ablation/central_seed1/ppo_multi_site.zip,Centralized PPO,1,R,wcnc2027_ablation 2026-09-14,9,-1080.01144018583,81.01144018583015,999.0,0.0,0.0,207.49609891718006,207.49609891718006,0.04558969276511397,0.04558969276511397,0.0,0.036669970267591674,0.0,0,0.0,46,8.450041579904692,99.27811641324571,0.815618707421439,0.3
main,v040,LOSO-dep-f3,primary,LOSO,deployed,3,B,Shared-PPO|wcnc2027_ablation/shared_ppo_seed1/mappo_best.pt,Shared-PPO,1,R,wcnc2027_ablation 2026-09-14 (supplementary ablation),all,-5607.513419255268,4173.63930077919,1378.1208054760775,5.878313,49.875,1957.0961977743764,1955.6266195243763,0.006144697720515362,0.0046580773042616454,0.0014866204162537165,0.005153617443012884,0.1001982160555005,310,2.949454905847374,62,14.044973073482545,231.04299167654068,0.8333505890816606,0.3
main,v040,LOSO-dep-f3,primary,LOSO,deployed,3,B,Shared-PPO|wcnc2027_ablation/shared_ppo_seed1/mappo_best.pt,Shared-PPO,1,R,wcnc2027_ablation 2026-09-14 (supplementary ablation),0,-822.949709458409,781.5956500584091,27.0,1.4790594000000001,12.875,174.68116226289908,174.31139741289908,0.0009910802775024777,0.0,0.0009910802775024777,0.0009910802775024777,0.27849355797819625,78,7.421209117938553,1,1.4257170635107337,1.4257170635107337,1.0,0.3
main,v040,LOSO-dep-f3,primary,LOSO,deployed,3,B,Shared-PPO|wcnc2027_ablation/shared_ppo_seed1/mappo_best.pt,Shared-PPO,1,R,wcnc2027_ablation 2026-09-14 (supplementary ablation),1,-482.2430937673615,451.67422476736147,27.0,0.5688690000000001,3.0,190.88272105594137,190.74050380594136,0.0019821605550049554,0.0,0.0019821605550049554,0.0009910802775024777,0.13974231912784935,30,2.8543111992071357,2,0.7188164313257891,1.4257170635107337,0.5059578995704223,0.3
main,v040,LOSO-dep-f3,primary,LOSO,deployed,3,B,Shared-PPO|wcnc2027_ablation/shared_ppo_seed1/mappo_best.pt,Shared-PPO,1,R,wcnc2027_ablation 2026-09-14 (supplementary ablation),2,-283.7558173959413,280.5282697959413,0.0,0.22754760000000002,3.0,206.83513756395422,206.77825066395422,0.0,0.0,0.0,0.0,0.006937561942517344,12,1.1417244796828543,0,0.0,0.0,0.0,0.3
main,v040,LOSO-dep-f3,primary,LOSO,deployed,3,B,Shared-PPO|wcnc2027_ablation/shared_ppo_seed1/mappo_best.pt,Shared-PPO,1,R,wcnc2027_ablation 2026-09-14 (supplementary ablation),3,-165.31046412434543,137.77253952434543,27.0,0.0379246,0.5,207.4488208557201,207.4393397057201,0.0009910802775024777,0.0009910802775024777,0.0,0.0009910802775024777,0.0009910802775024777,2,0.19028741328047574,1,5.638737068725305,5.638737068725305,1.0,0.3
main,v040,LOSO-dep-f3,primary,LOSO,deployed,3,B,Shared-PPO|wcnc2027_ablation/shared_ppo_seed1/mappo_best.pt,Shared-PPO,1,R,wcnc2027_ablation 2026-09-14 (supplementary ablation),4,-655.0998877015668,541.9172449015668,108.0,0.6826428,4.5,185.95170396280656,185.78104326280658,0.003964321110009911,0.0,0.003964321110009911,0.003964321110009911,0.16749256689791872,36,3.4251734390485633,4,1.4257170635107337,1.4257170635107337,1.0,0.3
main,v040,LOSO-dep-f3,primary,LOSO,deployed,3,B,Shared-PPO|wcnc2027_ablation/shared_ppo_seed1/mappo_best.pt,Shared-PPO,1,R,wcnc2027_ablation 2026-09-14 (supplementary ablation),5,-359.1843420950454,355.35424689504543,0.0,0.45509520000000003,3.375,199.77478921517485,199.66101541517486,0.0,0.0,0.0,0.0,0.06937561942517344,24,2.2834489593657086,0,0.0,0.0,0.0,0.3
main,v040,LOSO-dep-f3,primary,LOSO,deployed,3,B,Shared-PPO|wcnc2027_ablation/shared_ppo_seed1/mappo_best.pt,Shared-PPO,1,R,wcnc2027_ablation 2026-09-14 (supplementary ablation),6,-774.2696751956644,627.5940125956643,135.0,1.1756626000000001,10.5,188.95587724580662,188.66196159580664,0.004955401387512388,0.0,0.004955401387512388,0.004955401387512388,0.15758176412289396,62,5.898909811694748,5,92.9785336643628,231.04299167654068,1.0,0.3
main,v040,LOSO-dep-f3,primary,LOSO,deployed,3,B,Shared-PPO|wcnc2027_ablation/shared_ppo_seed1/mappo_best.pt,Shared-PPO,1,R,wcnc2027_ablation 2026-09-14 (supplementary ablation),7,-619.0806379745584,557.2392650984808,55.12080547607759,0.7205674,6.0,191.6594178684802,191.47927601848022,0.002973240832507433,0.0,0.002973240832507433,0.002973240832507433,0.14370664023785926,38,3.615460852329039,3,0.9962647698524624,1.4257170635107337,0.71245339417864,0.3
main,v040,LOSO-dep-f3,primary,LOSO,deployed,3,B,Shared-PPO|wcnc2027_ablation/shared_ppo_seed1/mappo_best.pt,Shared-PPO,1,R,wcnc2027_ablation 2026-09-14 (supplementary ablation),8,-365.6083513565459,358.9524069565459,0.0,0.5309444000000001,6.125,203.41046882641322,203.2777327264132,0.0,0.0,0.0,0.0,0.03766105054509415,28,2.66402378592666,0,0.0,0.0,0.0,0.3
main,v040,LOSO-dep-f3,primary,LOSO,deployed,3,B,Shared-PPO|wcnc2027_ablation/shared_ppo_seed1/mappo_best.pt,Shared-PPO,1,R,wcnc2027_ablation 2026-09-14 (supplementary ablation),9,-1080.01144018583,81.01144018583015,999.0,0.0,0.0,207.49609891718006,207.49609891718006,0.04558969276511397,0.04558969276511397,0.0,0.036669970267591674,0.0,0,0.0,46,8.450041579904692,99.27811641324571,0.815618707421439,0.3
main,v040,LOSO-dep-f3,primary,LOSO,deployed,3,B,MAPPO|wcnc2027_ablation/mappo_seed7/mappo_best.pt,MAPPO,7,R,wcnc2027_ablation 2026-09-14,all,-5454.093249778312,4230.207905102236,1162.1208054760775,5.7645392,56.0,1966.109476462424,1964.668341662424,0.005351833498513379,0.0046580773042616454,0.0006937561942517344,0.004360753221010902,0.08156590683845391,304,2.892368681863231,54,11.689551586233362,231.04299167654068,0.8086617874641289,0.3
main,v040,LOSO-dep-f3,primary,LOSO,deployed,3,B,MAPPO|wcnc2027_ablation/mappo_seed7/mappo_best.pt,MAPPO,7,R,wcnc2027_ablation 2026-09-14,0,-818.2541989474264,803.4268379474263,0.0,1.327361,13.5,178.2097518177416,177.8779115677416,0.0,0.0,0.0,0.0,0.21407333994053518,70,6.6600594648166505,0,0.0,0.0,0.0,0.3
main,v040,LOSO-dep-f3,primary,LOSO,deployed,3,B,MAPPO|wcnc2027_ablation/mappo_seed7/mappo_best.pt,MAPPO,7,R,wcnc2027_ablation 2026-09-14,1,-501.2909056659968,464.0436398659968,27.0,0.8722658000000001,9.375,192.66739233908595,192.44932588908594,0.0019821605550049554,0.0,0.0019821605550049554,0.0009910802775024777,0.10703666997026759,46,4.376610505450942,2,0.7188164313257891,1.4257170635107337,0.5059578995704223,0.3
main,v040,LOSO-dep-f3,primary,LOSO,deployed,3,B,MAPPO|wcnc2027_ablation/mappo_seed7/mappo_best.pt,MAPPO,7,R,wcnc2027_ablation 2026-09-14,2,-282.2040604978838,280.0523620978838,0.0,0.1516984,2.0,206.82969475458046,206.79177015458046,0.0,0.0,0.0,0.0,0.003964321110009911,8,0.761149653121903,0,0.0,0.0,0.0,0.3
main,v040,LOSO-dep-f3,primary,LOSO,deployed,3,B,MAPPO|wcnc2027_ablation/mappo_seed7/mappo_best.pt,MAPPO,7,R,wcnc2027_ablation 2026-09-14,3,-164.931448168637,137.931448168637,27.0,0.0,0.0,207.4683263433343,207.4683263433343,0.0009910802775024777,0.0009910802775024777,0.0,0.0009910802775024777,0.0,0,0.0,1,5.638737068725305,5.638737068725305,1.0,0.3
main,v040,LOSO-dep-f3,primary,LOSO,deployed,3,B,MAPPO|wcnc2027_ablation/mappo_seed7/mappo_best.pt,MAPPO,7,R,wcnc2027_ablation 2026-09-14,4,-606.7114441984475,546.7408767984475,54.0,0.7205674,5.25,186.73489729912293,186.55475544912292,0.0019821605550049554,0.0,0.0019821605550049554,0.0019821605550049554,0.14767096134786917,38,3.615460852329039,2,1.4257170635107337,1.4257170635107337,1.0,0.3
main,v040,LOSO-dep-f3,primary,LOSO,deployed,3,B,MAPPO|wcnc2027_ablation/mappo_seed7/mappo_best.pt,MAPPO,7,R,wcnc2027_ablation 2026-09-14,5,-362.3777205866207,359.37347458662066,0.0,0.379246,2.625,200.49261982787516,200.39780832787514,0.0,0.0,0.0,0.0,0.05550049554013875,20,1.9028741328047574,0,0.0,0.0,0.0,0.3
main,v040,LOSO-dep-f3,primary,LOSO,deployed,3,B,MAPPO|wcnc2027_ablation/mappo_seed7/mappo_best.pt,MAPPO,7,R,wcnc2027_ablation 2026-09-14,6,-671.4675885582651,632.3298505582652,27.0,1.1377380000000001,11.0,189.63829485439788,189.35386035439788,0.0009910802775024777,0.0,0.0009910802775024777,0.0009910802775024777,0.13577799801783944,60,5.708622398414271,1,231.04299167654068,231.04299167654068,1.0,0.3
main,v040,LOSO-dep-f3,primary,LOSO,deployed,3,B,MAPPO|wcnc2027_ablation/mappo_seed7/mappo_best.pt,MAPPO,7,R,wcnc2027_ablation 2026-09-14,7,-601.3147171605665,566.636268884489,28.12080547607759,0.6826428,5.875,192.98181578255657,192.81115508255658,0.0019821605550049554,0.0,0.0019821605550049554,0.0019821605550049554,0.1199207135777998,36,3.4251734390485633,2,0.7815386230233267,1.4257170635107337,0.5686800912679598,0.3
main,v040,LOSO-dep-f3,primary,LOSO,deployed,3,B,MAPPO|wcnc2027_ablation/mappo_seed7/mappo_best.pt,MAPPO,7,R,wcnc2027_ablation 2026-09-14,8,-365.529725808639,358.66170600863904,0.0,0.4930198,6.375,203.59058452654912,203.4673295765491,0.0,0.0,0.0,0.0,0.031714568880079286,26,2.4737363726461843,0,0.0,0.0,0.0,0.3
main,v040,LOSO-dep-f3,primary,LOSO,deployed,3,B,MAPPO|wcnc2027_ablation/mappo_seed7/mappo_best.pt,MAPPO,7,R,wcnc2027_ablation 2026-09-14,9,-1080.01144018583,81.01144018583015,999.0,0.0,0.0,207.49609891718006,207.49609891718006,0.04558969276511397,0.04558969276511397,0.0,0.036669970267591674,0.0,0,0.0,46,8.450041579904692,99.27811641324571,0.815618707421439,0.3
main,v040,LOSO-dep-f3,primary,LOSO,deployed,3,B,Centralized PPO|wcnc2027_ablation/central_seed7/ppo_multi_site.zip,Centralized PPO,7,R,wcnc2027_ablation 2026-09-14,all,-10476.110758264602,5801.461759118913,4665.74303414569,0.5309650000000001,8.375,2101.694368271113,2101.561627021113,0.019722497522299307,0.006144697720515362,0.015064420218037661,0.018632309217046582,0.09762140733399405,29,0.2759167492566898,199,25.223166822911598,1647.7475612632013,0.8787289444448453,0.29
main,v040,LOSO-dep-f3,primary,LOSO,deployed,3,B,Centralized PPO|wcnc2027_ablation/central_seed7/ppo_multi_site.zip,Centralized PPO,7,R,wcnc2027_ablation 2026-09-14,0,-4559.955227930062,911.3062287843719,3639.74303414569,0.530965,8.375,237.2731130550059,237.14037180500588,0.1506442021803766,0.014866204162537165,0.1506442021803766,0.14866204162537167,0.9762140733399405,29,2.759167492566898,152,30.428089131678075,1647.7475612632013,0.8970302592311711,0.29
main,v040,LOSO-dep-f3,primary,LOSO,deployed,3,B,Centralized PPO|wcnc2027_ablation/central_seed7/ppo_multi_site.zip,Centralized PPO,7,R,wcnc2027_ablation 2026-09-14,1,-869.3236030265607,869.3236030265607,0.0,0.0,0.0,207.06714615966618,207.06714615966618,0.0,0.0,0.0,0.0,0.0,0,0.0,0,0.0,0.0,0.0,0.29
main,v040,LOSO-dep-f3,primary,LOSO,deployed,3,B,Centralized PPO|wcnc2027_ablation/central_seed7/ppo_multi_site.zip,Centralized PPO,7,R,wcnc2027_ablation 2026-09-14,2,-285.3829492908979,285.3829492908979,0.0,0.0,0.0,207.24386539215953,207.24386539215953,0.0,0.0,0.0,0.0,0.0,0,0.0,0,0.0,0.0,0.0,0.29
main,v040,LOSO-dep-f3,primary,LOSO,deployed,3,B,Centralized PPO|wcnc2027_ablation/central_seed7/ppo_multi_site.zip,Centralized PPO,7,R,wcnc2027_ablation 2026-09-14,3,-164.931448168637,137.931448168637,27.0,0.0,0.0,207.4683263433343,207.4683263433343,0.0009910802775024777,0.0009910802775024777,0.0,0.0009910802775024777,0.0,0,0.0,1,5.638737068725305,5.638737068725305,1.0,0.29
main,v040,LOSO-dep-f3,primary,LOSO,deployed,3,B,Centralized PPO|wcnc2027_ablation/central_seed7/ppo_multi_site.zip,Centralized PPO,7,R,wcnc2027_ablation 2026-09-14,4,-956.5650693456985,956.5650693456985,0.0,0.0,0.0,206.97065263864175,206.97065263864175,0.0,0.0,0.0,0.0,0.0,0,0.0,0,0.0,0.0,0.0,0.29
main,v040,LOSO-dep-f3,primary,LOSO,deployed,3,B,Centralized PPO|wcnc2027_ablation/central_seed7/ppo_multi_site.zip,Centralized PPO,7,R,wcnc2027_ablation 2026-09-14,5,-443.40120791877587,443.40120791877587,0.0,0.0,0.0,207.1529463248001,207.1529463248001,0.0,0.0,0.0,0.0,0.0,0,0.0,0,0.0,0.0,0.0,0.29
main,v040,LOSO-dep-f3,primary,LOSO,deployed,3,B,Centralized PPO|wcnc2027_ablation/central_seed7/ppo_multi_site.zip,Centralized PPO,7,R,wcnc2027_ablation 2026-09-14,6,-956.5359047416525,956.5359047416525,0.0,0.0,0.0,206.92409279657878,206.92409279657878,0.0,0.0,0.0,0.0,0.0,0,0.0,0,0.0,0.0,0.0,0.29
main,v040,LOSO-dep-f3,primary,LOSO,deployed,3,B,Centralized PPO|wcnc2027_ablation/central_seed7/ppo_multi_site.zip,Centralized PPO,7,R,wcnc2027_ablation 2026-09-14,7,-757.9673274995644,757.9673274995644,0.0,0.0,0.0,206.9499984870887,206.9499984870887,0.0,0.0,0.0,0.0,0.0,0,0.0,0,0.0,0.0,0.0,0.29
main,v040,LOSO-dep-f3,primary,LOSO,deployed,3,B,Centralized PPO|wcnc2027_ablation/central_seed7/ppo_multi_site.zip,Centralized PPO,7,R,wcnc2027_ablation 2026-09-14,8,-402.0365801569236,402.0365801569236,0.0,0.0,0.0,207.14812815665772,207.14812815665772,0.0,0.0,0.0,0.0,0.0,0,0.0,0,0.0,0.0,0.0,0.29
main,v040,LOSO-dep-f3,primary,LOSO,deployed,3,B,Centralized PPO|wcnc2027_ablation/central_seed7/ppo_multi_site.zip,Centralized PPO,7,R,wcnc2027_ablation 2026-09-14,9,-1080.01144018583,81.01144018583015,999.0,0.0,0.0,207.49609891718006,207.49609891718006,0.04558969276511397,0.04558969276511397,0.0,0.036669970267591674,0.0,0,0.0,46,8.450041579904692,99.27811641324571,0.815618707421439,0.29
main,v040,LOSO-dep-f3,primary,LOSO,deployed,3,B,Shared-PPO|wcnc2027_ablation/shared_ppo_seed7/mappo_best.pt,Shared-PPO,7,R,wcnc2027_ablation 2026-09-14 (supplementary ablation),all,-5474.619086598916,4276.483741922839,1135.1208054760775,5.764539200000001,57.25,1971.8603515377717,1970.4192167377716,0.005252725470763132,0.0046580773042616454,0.0005946481665014867,0.0042616451932606545,0.07413280475718534,304,2.892368681863231,53,11.883208841379073,231.04299167654068,0.805051632510622,0.3
main,v040,LOSO-dep-f3,primary,LOSO,deployed,3,B,Shared-PPO|wcnc2027_ablation/shared_ppo_seed7/mappo_best.pt,Shared-PPO,7,R,wcnc2027_ablation 2026-09-14 (supplementary ablation),0,-825.8570123879309,812.2305005879309,0.0,1.2515118,12.375,179.32520512327827,179.01232717327827,0.0,0.0,0.0,0.0,0.199207135777998,66,6.279484638255699,0,0.0,0.0,0.0,0.3
main,v040,LOSO-dep-f3,primary,LOSO,deployed,3,B,Shared-PPO|wcnc2027_ablation/shared_ppo_seed7/mappo_best.pt,Shared-PPO,7,R,wcnc2027_ablation 2026-09-14 (supplementary ablation),1,-509.81775473128107,473.4834135312811,27.0,0.8343412000000001,8.5,193.63533131647185,193.42674601647184,0.0019821605550049554,0.0,0.0019821605550049554,0.0009910802775024777,0.09712586719524281,44,4.186323092170466,2,0.7188164313257891,1.4257170635107337,0.5059578995704223,0.3
main,v040,LOSO-dep-f3,primary,LOSO,deployed,3,B,Shared-PPO|wcnc2027_ablation/shared_ppo_seed7/mappo_best.pt,Shared-PPO,7,R,wcnc2027_ablation 2026-09-14 (supplementary ablation),2,-280.7608764908615,278.7341780908615,0.0,0.1516984,1.875,206.70497558705748,206.66705098705748,0.0,0.0,0.0,0.0,0.004955401387512388,8,0.761149653121903,0,0.0,0.0,0.0,0.3
main,v040,LOSO-dep-f3,primary,LOSO,deployed,3,B,Shared-PPO|wcnc2027_ablation/shared_ppo_seed7/mappo_best.pt,Shared-PPO,7,R,wcnc2027_ablation 2026-09-14 (supplementary ablation),3,-164.931448168637,137.931448168637,27.0,0.0,0.0,207.4683263433343,207.4683263433343,0.0009910802775024777,0.0009910802775024777,0.0,0.0009910802775024777,0.0,0,0.0,1,5.638737068725305,5.638737068725305,1.0,0.3
main,v040,LOSO-dep-f3,primary,LOSO,deployed,3,B,Shared-PPO|wcnc2027_ablation/shared_ppo_seed7/mappo_best.pt,Shared-PPO,7,R,wcnc2027_ablation 2026-09-14 (supplementary ablation),4,-615.2922288921934,552.7078876921935,54.0,0.8343412,7.75,187.50637779424017,187.29779249424016,0.0019821605550049554,0.0,0.0019821605550049554,0.0019821605550049554,0.13875123885034688,44,4.186323092170466,2,1.4257170635107337,1.4257170635107337,1.0,0.3
main,v040,LOSO-dep-f3,primary,LOSO,deployed,3,B,Shared-PPO|wcnc2027_ablation/shared_ppo_seed7/mappo_best.pt,Shared-PPO,7,R,wcnc2027_ablation 2026-09-14 (supplementary ablation),5,-364.0450262356743,360.91578023567433,0.0,0.379246,2.75,200.73829487810426,200.64348337810426,0.0,0.0,0.0,0.0,0.05153617443012884,20,1.9028741328047574,0,0.0,0.0,0.0,0.3
main,v040,LOSO-dep-f3,primary,LOSO,deployed,3,B,Shared-PPO|wcnc2027_ablation/shared_ppo_seed7/mappo_best.pt,Shared-PPO,7,R,wcnc2027_ablation 2026-09-14 (supplementary ablation),6,-685.4707142568153,645.7079762568153,27.0,1.1377380000000001,11.625,191.10956623196722,190.82513173196722,0.0009910802775024777,0.0,0.0009910802775024777,0.0009910802775024777,0.11694747274529237,60,5.708622398414271,1,231.04299167654068,231.04299167654068,1.0,0.3
main,v040,LOSO-dep-f3,primary,LOSO,deployed,3,B,Shared-PPO|wcnc2027_ablation/shared_ppo_seed7/mappo_best.pt,Shared-PPO,7,R,wcnc2027_ablation 2026-09-14 (supplementary ablation),7,-578.6289069688147,569.9125340927371,1.1208054760775898,0.7205674000000001,6.875,193.76005136702997,193.57990951702996,0.0009910802775024777,0.0,0.0009910802775024777,0.0009910802775024777,0.10703666997026759,38,3.615460852329039,1,0.1373601825359197,0.1373601825359197,0.13736018253591964,0.3
main,v040,LOSO-dep-f3,primary,LOSO,deployed,3,B,Shared-PPO|wcnc2027_ablation/shared_ppo_seed7/mappo_best.pt,Shared-PPO,7,R,wcnc2027_ablation 2026-09-14 (supplementary ablation),8,-369.80367828087805,363.84858308087803,0.0,0.45509520000000003,5.5,204.11612397910818,204.0023501791082,0.0,0.0,0.0,0.0,0.02576808721506442,24,2.2834489593657086,0,0.0,0.0,0.0,0.3
main,v040,LOSO-dep-f3,primary,LOSO,deployed,3,B,Shared-PPO|wcnc2027_ablation/shared_ppo_seed7/mappo_best.pt,Shared-PPO,7,R,wcnc2027_ablation 2026-09-14 (supplementary ablation),9,-1080.01144018583,81.01144018583015,999.0,0.0,0.0,207.49609891718006,207.49609891718006,0.04558969276511397,0.04558969276511397,0.0,0.036669970267591674,0.0,0,0.0,46,8.450041579904692,99.27811641324571,0.815618707421439,0.3
main,v040,LOSO-dep-f3,primary,LOSO,deployed,3,B,MAPPO|wcnc2027_ablation/mappo_seed13/mappo_best.pt,MAPPO,13,R,wcnc2027_ablation 2026-09-14,all,-5492.649160850449,4268.453439174373,1162.1208054760775,5.5749162000000005,56.5,1971.235906332215,1969.8421772822148,0.005351833498513379,0.0046580773042616454,0.0006937561942517344,0.004360753221010902,0.07482656095143707,294,2.797224975222993,54,11.689551586233362,231.04299167654068,0.8086617874641289,0.3
main,v040,LOSO-dep-f3,primary,LOSO,deployed,3,B,MAPPO|wcnc2027_ablation/mappo_seed13/mappo_best.pt,MAPPO,13,R,wcnc2027_ablation 2026-09-14,0,-822.1600538510437,809.6093912510437,0.0,1.1756626,11.375,179.07646515908633,178.78254950908632,0.0,0.0,0.0,0.0,0.20317145688800792,62,5.898909811694748,0,0.0,0.0,0.0,0.3
main,v040,LOSO-dep-f3,primary,LOSO,deployed,3,B,MAPPO|wcnc2027_ablation/mappo_seed13/mappo_best.pt,MAPPO,13,R,wcnc2027_ablation 2026-09-14,1,-505.56458440214595,467.029394002146,27.0,0.9101904000000001,10.625,193.07144852467167,192.84390092467166,0.0019821605550049554,0.0,0.0019821605550049554,0.0009910802775024777,0.10208126858275521,48,4.566897918731417,2,0.7188164313257891,1.4257170635107337,0.5059578995704223,0.3
main,v040,LOSO-dep-f3,primary,LOSO,deployed,3,B,MAPPO|wcnc2027_ablation/mappo_seed13/mappo_best.pt,MAPPO,13,R,wcnc2027_ablation 2026-09-14,2,-282.0835921767915,280.4698183767915,0.0,0.11377380000000001,1.5,206.8909983987804,206.8625549487804,0.0,0.0,0.0,0.0,0.002973240832507433,6,0.5708622398414271,0,0.0,0.0,0.0,0.3
main,v040,LOSO-dep-f3,primary,LOSO,deployed,3,B,MAPPO|wcnc2027_ablation/mappo_seed13/mappo_best.pt,MAPPO,13,R,wcnc2027_ablation 2026-09-14,3,-164.931448168637,137.931448168637,27.0,0.0,0.0,207.4683263433343,207.4683263433343,0.0009910802775024777,0.0009910802775024777,0.0,0.0009910802775024777,0.0,0,0.0,1,5.638737068725305,5.638737068725305,1.0,0.3
main,v040,LOSO-dep-f3,primary,LOSO,deployed,3,B,MAPPO|wcnc2027_ablation/mappo_seed13/mappo_best.pt,MAPPO,13,R,wcnc2027_ablation 2026-09-14,4,-617.6689768417626,553.7967110417626,54.0,0.8722658,9.0,187.81811995469263,187.60005350469265,0.0019821605550049554,0.0,0.0019821605550049554,0.0019821605550049554,0.13478691774033696,46,4.376610505450942,2,1.4257170635107337,1.4257170635107337,1.0,0.3
main,v040,LOSO-dep-f3,primary,LOSO,deployed,3,B,MAPPO|wcnc2027_ablation/mappo_seed13/mappo_best.pt,MAPPO,13,R,wcnc2027_ablation 2026-09-14,5,-367.8922180929318,363.7250474929318,0.0,0.4171706,3.75,200.9817025900688,200.87740994006882,0.0,0.0,0.0,0.0,0.049554013875123884,22,2.093161546085233,0,0.0,0.0,0.0,0.3
main,v040,LOSO-dep-f3,primary,LOSO,deployed,3,B,MAPPO|wcnc2027_ablation/mappo_seed13/mappo_best.pt,MAPPO,13,R,wcnc2027_ablation 2026-09-14,6,-679.4842101664589,640.9223213664588,27.0,1.0618888000000002,10.5,190.64409372750617,190.3786215275062,0.0009910802775024777,0.0,0.0009910802775024777,0.0009910802775024777,0.12190287413280476,56,5.32804757185332,1,231.04299167654068,231.04299167654068,1.0,0.3
main,v040,LOSO-dep-f3,primary,LOSO,deployed,3,B,MAPPO|wcnc2027_ablation/mappo_seed13/mappo_best.pt,MAPPO,13,R,wcnc2027_ablation 2026-09-14,7,-605.4335319692293,570.9180082931517,28.12080547607759,0.6447182,5.75,193.8115531327228,193.6503735827228,0.0019821605550049554,0.0,0.0019821605550049554,0.0019821605550049554,0.10703666997026759,34,3.2348860257680876,2,0.7815386230233267,1.4257170635107337,0.5686800912679598,0.3
main,v040,LOSO-dep-f3,primary,LOSO,deployed,3,B,MAPPO|wcnc2027_ablation/mappo_seed13/mappo_best.pt,MAPPO,13,R,wcnc2027_ablation 2026-09-14,8,-367.41910499561874,363.0398589956187,0.0,0.37924599999999997,4.0,203.97709958417178,203.8822880841718,0.0,0.0,0.0,0.0,0.026759167492566897,20,1.9028741328047574,0,0.0,0.0,0.0,0.3
main,v040,LOSO-dep-f3,primary,LOSO,deployed,3,B,MAPPO|wcnc2027_ablation/mappo_seed13/mappo_best.pt,MAPPO,13,R,wcnc2027_ablation 2026-09-14,9,-1080.01144018583,81.01144018583015,999.0,0.0,0.0,207.49609891718006,207.49609891718006,0.04558969276511397,0.04558969276511397,0.0,0.036669970267591674,0.0,0,0.0,46,8.450041579904692,99.27811641324571,0.815618707421439,0.3
main,v040,LOSO-dep-f3,primary,LOSO,deployed,3,B,Centralized PPO|wcnc2027_ablation/central_seed13/ppo_multi_site.zip,Centralized PPO,13,R,wcnc2027_ablation 2026-09-14,all,-10222.982341342009,5753.586076396321,4449.74303414569,1.4032308000000002,18.25,2092.8994158175524,2092.5486081175522,0.018929633300297323,0.006144697720515362,0.01427155599603568,0.017839444995044598,0.09246778989098117,74,0.7040634291377602,191,26.219918645294886,1647.7475612632013,0.8736495285053624,0.29
main,v040,LOSO-dep-f3,primary,LOSO,deployed,3,B,Centralized PPO|wcnc2027_ablation/central_seed13/ppo_multi_site.zip,Centralized PPO,13,R,wcnc2027_ablation 2026-09-14,0,-4306.8268110074705,863.4305460617804,3423.74303414569,1.4032308,18.25,228.47816060144532,228.12735290144533,0.14271555996035679,0.014866204162537165,0.14271555996035679,0.14073339940535184,0.9246778989098117,74,7.040634291377602,144,32.03933202435403,1647.7475612632013,0.8913097180773474,0.29
main,v040,LOSO-dep-f3,primary,LOSO,deployed,3,B,Centralized PPO|wcnc2027_ablation/central_seed13/ppo_multi_site.zip,Centralized PPO,13,R,wcnc2027_ablation 2026-09-14,1,-869.3236030265607,869.3236030265607,0.0,0.0,0.0,207.06714615966618,207.06714615966618,0.0,0.0,0.0,0.0,0.0,0,0.0,0,0.0,0.0,0.0,0.29
main,v040,LOSO-dep-f3,primary,LOSO,deployed,3,B,Centralized PPO|wcnc2027_ablation/central_seed13/ppo_multi_site.zip,Centralized PPO,13,R,wcnc2027_ablation 2026-09-14,2,-285.3829492908979,285.3829492908979,0.0,0.0,0.0,207.24386539215953,207.24386539215953,0.0,0.0,0.0,0.0,0.0,0,0.0,0,0.0,0.0,0.0,0.29
main,v040,LOSO-dep-f3,primary,LOSO,deployed,3,B,Centralized PPO|wcnc2027_ablation/central_seed13/ppo_multi_site.zip,Centralized PPO,13,R,wcnc2027_ablation 2026-09-14,3,-164.931448168637,137.931448168637,27.0,0.0,0.0,207.4683263433343,207.4683263433343,0.0009910802775024777,0.0009910802775024777,0.0,0.0009910802775024777,0.0,0,0.0,1,5.638737068725305,5.638737068725305,1.0,0.29
main,v040,LOSO-dep-f3,primary,LOSO,deployed,3,B,Centralized PPO|wcnc2027_ablation/central_seed13/ppo_multi_site.zip,Centralized PPO,13,R,wcnc2027_ablation 2026-09-14,4,-956.5650693456985,956.5650693456985,0.0,0.0,0.0,206.97065263864175,206.97065263864175,0.0,0.0,0.0,0.0,0.0,0,0.0,0,0.0,0.0,0.0,0.29
main,v040,LOSO-dep-f3,primary,LOSO,deployed,3,B,Centralized PPO|wcnc2027_ablation/central_seed13/ppo_multi_site.zip,Centralized PPO,13,R,wcnc2027_ablation 2026-09-14,5,-443.40120791877587,443.40120791877587,0.0,0.0,0.0,207.1529463248001,207.1529463248001,0.0,0.0,0.0,0.0,0.0,0,0.0,0,0.0,0.0,0.0,0.29
main,v040,LOSO-dep-f3,primary,LOSO,deployed,3,B,Centralized PPO|wcnc2027_ablation/central_seed13/ppo_multi_site.zip,Centralized PPO,13,R,wcnc2027_ablation 2026-09-14,6,-956.5359047416525,956.5359047416525,0.0,0.0,0.0,206.92409279657878,206.92409279657878,0.0,0.0,0.0,0.0,0.0,0,0.0,0,0.0,0.0,0.0,0.29
main,v040,LOSO-dep-f3,primary,LOSO,deployed,3,B,Centralized PPO|wcnc2027_ablation/central_seed13/ppo_multi_site.zip,Centralized PPO,13,R,wcnc2027_ablation 2026-09-14,7,-757.9673274995644,757.9673274995644,0.0,0.0,0.0,206.9499984870887,206.9499984870887,0.0,0.0,0.0,0.0,0.0,0,0.0,0,0.0,0.0,0.0,0.29
main,v040,LOSO-dep-f3,primary,LOSO,deployed,3,B,Centralized PPO|wcnc2027_ablation/central_seed13/ppo_multi_site.zip,Centralized PPO,13,R,wcnc2027_ablation 2026-09-14,8,-402.0365801569236,402.0365801569236,0.0,0.0,0.0,207.14812815665772,207.14812815665772,0.0,0.0,0.0,0.0,0.0,0,0.0,0,0.0,0.0,0.0,0.29
main,v040,LOSO-dep-f3,primary,LOSO,deployed,3,B,Centralized PPO|wcnc2027_ablation/central_seed13/ppo_multi_site.zip,Centralized PPO,13,R,wcnc2027_ablation 2026-09-14,9,-1080.01144018583,81.01144018583015,999.0,0.0,0.0,207.49609891718006,207.49609891718006,0.04558969276511397,0.04558969276511397,0.0,0.036669970267591674,0.0,0,0.0,46,8.450041579904692,99.27811641324571,0.815618707421439,0.29
main,v040,LOSO-dep-f3,primary,LOSO,deployed,3,B,Shared-PPO|wcnc2027_ablation/shared_ppo_seed13/mappo_best.pt,Shared-PPO,13,R,wcnc2027_ablation 2026-09-14 (supplementary ablation),all,-5528.598136131908,4403.323882531908,1080.0,4.399253600000001,40.875,1985.043769499718,1983.943956099718,0.004955401387512388,0.0046580773042616454,0.00029732408325074334,0.003964321110009911,0.06124876114965312,232,2.2073339940535184,50,7.944079993410067,99.27811641324571,0.8106075268105408,0.3
main,v040,LOSO-dep-f3,primary,LOSO,deployed,3,B,Shared-PPO|wcnc2027_ablation/shared_ppo_seed13/mappo_best.pt,Shared-PPO,13,R,wcnc2027_ablation 2026-09-14 (supplementary ablation),0,-843.4334086245235,835.7240674245235,0.0,0.8343411999999999,6.875,181.9046616772342,181.6960763772342,0.0,0.0,0.0,0.0,0.17443012884043607,44,4.186323092170466,0,0.0,0.0,0.0,0.3
main,v040,LOSO-dep-f3,primary,LOSO,deployed,3,B,Shared-PPO|wcnc2027_ablation/shared_ppo_seed13/mappo_best.pt,Shared-PPO,13,R,wcnc2027_ablation 2026-09-14 (supplementary ablation),1,-522.4085958379119,486.77510383791196,27.0,0.7584919999999999,7.875,195.1007429862621,194.91111998626212,0.0019821605550049554,0.0,0.0019821605550049554,0.0009910802775024777,0.08225966303270565,40,3.8057482656095147,2,0.7188164313257891,1.4257170635107337,0.5059578995704223,0.3
main,v040,LOSO-dep-f3,primary,LOSO,deployed,3,B,Shared-PPO|wcnc2027_ablation/shared_ppo_seed13/mappo_best.pt,Shared-PPO,13,R,wcnc2027_ablation 2026-09-14 (supplementary ablation),2,-282.81330896228934,281.73745976228935,0.0,0.0758492,1.0,206.99676890834297,206.97780660834297,0.0,0.0,0.0,0.0,0.0019821605550049554,4,0.3805748265609515,0,0.0,0.0,0.0,0.3
main,v040,LOSO-dep-f3,primary,LOSO,deployed,3,B,Shared-PPO|wcnc2027_ablation/shared_ppo_seed13/mappo_best.pt,Shared-PPO,13,R,wcnc2027_ablation 2026-09-14 (supplementary ablation),3,-164.931448168637,137.931448168637,27.0,0.0,0.0,207.4683263433343,207.4683263433343,0.0009910802775024777,0.0009910802775024777,0.0,0.0009910802775024777,0.0,0,0.0,1,5.638737068725305,5.638737068725305,1.0,0.3
main,v040,LOSO-dep-f3,primary,LOSO,deployed,3,B,Shared-PPO|wcnc2027_ablation/shared_ppo_seed13/mappo_best.pt,Shared-PPO,13,R,wcnc2027_ablation 2026-09-14 (supplementary ablation),4,-604.5059910354545,570.7854236354545,27.0,0.7205674,6.0,189.2601202804384,189.07997843043836,0.0009910802775024777,0.0,0.0009910802775024777,0.0009910802775024777,0.12190287413280476,38,3.615460852329039,1,1.4257170635107337,1.4257170635107337,1.0,0.3
main,v040,LOSO-dep-f3,primary,LOSO,deployed,3,B,Shared-PPO|wcnc2027_ablation/shared_ppo_seed13/mappo_best.pt,Shared-PPO,13,R,wcnc2027_ablation 2026-09-14 (supplementary ablation),5,-375.31668382462556,374.0891362246255,0.0,0.22754760000000002,1.0,202.08273474060866,202.02584784060866,0.0,0.0,0.0,0.0,0.03964321110009911,12,1.1417244796828543,0,0.0,0.0,0.0,0.3
main,v040,LOSO-dep-f3,primary,LOSO,deployed,3,B,Shared-PPO|wcnc2027_ablation/shared_ppo_seed13/mappo_best.pt,Shared-PPO,13,R,wcnc2027_ablation 2026-09-14 (supplementary ablation),6,-677.6715805194415,665.3105409194416,0.0,0.9860396,11.375,193.17884887370846,192.93233897370845,0.0,0.0,0.0,0.0,0.09712586719524281,52,4.947472745292369,0,0.0,0.0,0.0,0.3
main,v040,LOSO-dep-f3,primary,LOSO,deployed,3,B,Shared-PPO|wcnc2027_ablation/shared_ppo_seed13/mappo_best.pt,Shared-PPO,13,R,wcnc2027_ablation 2026-09-14 (supplementary ablation),7,-597.6090973074283,593.7031529074284,0.0,0.5309444000000001,3.375,196.24015870407996,196.10742260407997,0.0,0.0,0.0,0.0,0.08126858275520317,28,2.66402378592666,0,0.0,0.0,0.0,0.3
main,v040,LOSO-dep-f3,primary,LOSO,deployed,3,B,Shared-PPO|wcnc2027_ablation/shared_ppo_seed13/mappo_best.pt,Shared-PPO,13,R,wcnc2027_ablation 2026-09-14 (supplementary ablation),8,-379.8965816657666,376.2561094657666,0.0,0.26547220000000005,3.375,205.3153080685289,205.2489400185289,0.0,0.0,0.0,0.0,0.013875123885034688,14,1.33201189296333,0,0.0,0.0,0.0,0.3
main,v040,LOSO-dep-f3,primary,LOSO,deployed,3,B,Shared-PPO|wcnc2027_ablation/shared_ppo_seed13/mappo_best.pt,Shared-PPO,13,R,wcnc2027_ablation 2026-09-14 (supplementary ablation),9,-1080.01144018583,81.01144018583015,999.0,0.0,0.0,207.49609891718006,207.49609891718006,0.04558969276511397,0.04558969276511397,0.0,0.036669970267591674,0.0,0,0.0,46,8.450041579904692,99.27811641324571,0.815618707421439,0.3
main,v040,LOSO-dep-f3,primary,LOSO,deployed,3,B,MAPPO|wcnc2027_ablation/mappo_seed23/mappo_best.pt,MAPPO,23,R,wcnc2027_ablation 2026-09-14,all,-5451.77400476767,4246.411112491593,1135.1208054760775,5.9920868,64.25,1968.8727007967807,1967.3746790967807,0.005252725470763132,0.0046580773042616454,0.0005946481665014867,0.0042616451932606545,0.07720515361744301,316,3.0065411298315166,53,11.883208841379073,231.04299167654068,0.805051632510622,0.3
main,v040,LOSO-dep-f3,primary,LOSO,deployed,3,B,MAPPO|wcnc2027_ablation/mappo_seed23/mappo_best.pt,MAPPO,23,R,wcnc2027_ablation 2026-09-14,0,-815.9277482131441,802.9641610131441,0.0,1.2135872,11.75,178.2166909539867,177.91329415398667,0.0,0.0,0.0,0.0,0.2130822596630327,64,6.089197224975224,0,0.0,0.0,0.0,0.3
main,v040,LOSO-dep-f3,primary,LOSO,deployed,3,B,MAPPO|wcnc2027_ablation/mappo_seed23/mappo_best.pt,MAPPO,23,R,wcnc2027_ablation 2026-09-14,1,-501.7435208014475,463.7083304014476,27.0,0.9101904000000001,10.125,192.6426730250256,192.41512542502562,0.0019821605550049554,0.0,0.0019821605550049554,0.0009910802775024777,0.10703666997026759,48,4.566897918731417,2,0.7188164313257891,1.4257170635107337,0.5059578995704223,0.3
main,v040,LOSO-dep-f3,primary,LOSO,deployed,3,B,MAPPO|wcnc2027_ablation/mappo_seed23/mappo_best.pt,MAPPO,23,R,wcnc2027_ablation 2026-09-14,2,-282.04654245572965,279.89484405572966,0.0,0.1516984,2.0,206.82615298919183,206.78822838919183,0.0,0.0,0.0,0.0,0.003964321110009911,8,0.761149653121903,0,0.0,0.0,0.0,0.3
main,v040,LOSO-dep-f3,primary,LOSO,deployed,3,B,MAPPO|wcnc2027_ablation/mappo_seed23/mappo_best.pt,MAPPO,23,R,wcnc2027_ablation 2026-09-14,3,-164.931448168637,137.931448168637,27.0,0.0,0.0,207.4683263433343,207.4683263433343,0.0009910802775024777,0.0009910802775024777,0.0,0.0009910802775024777,0.0,0,0.0,1,5.638737068725305,5.638737068725305,1.0,0.3
main,v040,LOSO-dep-f3,primary,LOSO,deployed,3,B,MAPPO|wcnc2027_ablation/mappo_seed23/mappo_best.pt,MAPPO,23,R,wcnc2027_ablation 2026-09-14,4,-616.5045286185497,551.3443382185496,54.0,0.9101904,10.25,187.51397085873975,187.28642325873977,0.0019821605550049554,0.0,0.0019821605550049554,0.0019821605550049554,0.1377601585728444,48,4.566897918731417,2,1.4257170635107337,1.4257170635107337,1.0,0.3
main,v040,LOSO-dep-f3,primary,LOSO,deployed,3,B,MAPPO|wcnc2027_ablation/mappo_seed23/mappo_best.pt,MAPPO,23,R,wcnc2027_ablation 2026-09-14,5,-365.3728551333313,361.99360913333135,0.0,0.37924599999999997,3.0,200.8625283395074,200.76771683950741,0.0,0.0,0.0,0.0,0.05054509415262636,20,1.9028741328047574,0,0.0,0.0,0.0,0.3
main,v040,LOSO-dep-f3,primary,LOSO,deployed,3,B,MAPPO|wcnc2027_ablation/mappo_seed23/mappo_best.pt,MAPPO,23,R,wcnc2027_ablation 2026-09-14,6,-681.4956520841217,638.1191402841218,27.0,1.2515118,15.125,190.50686042136718,190.19398247136718,0.0009910802775024777,0.0,0.0009910802775024777,0.0009910802775024777,0.12190287413280476,66,6.279484638255699,1,231.04299167654068,231.04299167654068,1.0,0.3
main,v040,LOSO-dep-f3,primary,LOSO,deployed,3,B,MAPPO|wcnc2027_ablation/mappo_seed23/mappo_best.pt,MAPPO,23,R,wcnc2027_ablation 2026-09-14,7,-574.3300170886836,565.988644212606,1.1208054760775898,0.7205674,6.5,193.26621893738994,193.08607708738995,0.0009910802775024777,0.0,0.0009910802775024777,0.0009910802775024777,0.11199207135777998,38,3.615460852329039,1,0.1373601825359197,0.1373601825359197,0.13736018253591964,0.3
main,v040,LOSO-dep-f3,primary,LOSO,deployed,3,B,MAPPO|wcnc2027_ablation/mappo_seed23/mappo_best.pt,MAPPO,23,R,wcnc2027_ablation 2026-09-14,8,-369.410252018195,363.455156818195,0.0,0.45509520000000003,5.5,204.0731800110579,203.9594062110579,0.0,0.0,0.0,0.0,0.02576808721506442,24,2.2834489593657086,0,0.0,0.0,0.0,0.3
main,v040,LOSO-dep-f3,primary,LOSO,deployed,3,B,MAPPO|wcnc2027_ablation/mappo_seed23/mappo_best.pt,MAPPO,23,R,wcnc2027_ablation 2026-09-14,9,-1080.01144018583,81.01144018583015,999.0,0.0,0.0,207.49609891718006,207.49609891718006,0.04558969276511397,0.04558969276511397,0.0,0.036669970267591674,0.0,0,0.0,46,8.450041579904692,99.27811641324571,0.815618707421439,0.3
main,v040,LOSO-dep-f3,primary,LOSO,deployed,3,B,MAPPO|mappo_seed13_20260516T092252/mappo_best.pt,MAPPO,13,L,"May 2026, pre-781c90c reward",all,-5461.964940261838,4274.621817661839,1134.0,4.9681226,48.375,1971.4341060896336,1970.1920754396333,0.005153617443012884,0.0046580773042616454,0.0004955401387512388,0.004162537165510407,0.07542120911793855,262,2.492765113974232,52,7.693373726875478,99.27811641324571,0.8178918527024431,0.3
main,v040,LOSO-dep-f3,primary,LOSO,deployed,3,B,MAPPO|mappo_seed13_20260516T092252/mappo_best.pt,MAPPO,13,L,"May 2026, pre-781c90c reward",0,-824.3361096061631,812.3992208061632,0.0,1.0618888000000002,10.875,179.16342527685242,178.89795307685245,0.0,0.0,0.0,0.0,0.2051536174430129,56,5.32804757185332,0,0.0,0.0,0.0,0.3
main,v040,LOSO-dep-f3,primary,LOSO,deployed,3,B,MAPPO|mappo_seed13_20260516T092252/mappo_best.pt,MAPPO,13,L,"May 2026, pre-781c90c reward",1,-501.9035712967658,464.28130549676575,27.0,0.8722658000000001,9.75,192.68781686067848,192.4697504106785,0.0019821605550049554,0.0,0.0019821605550049554,0.0009910802775024777,0.10901883052527254,46,4.376610505450942,2,0.7188164313257891,1.4257170635107337,0.5059578995704223,0.3
main,v040,LOSO-dep-f3,primary,LOSO,deployed,3,B,MAPPO|mappo_seed13_20260516T092252/mappo_best.pt,MAPPO,13,L,"May 2026, pre-781c90c reward",2,-282.81330896228934,281.73745976228935,0.0,0.0758492,1.0,206.99676890834297,206.97780660834297,0.0,0.0,0.0,0.0,0.0019821605550049554,4,0.3805748265609515,0,0.0,0.0,0.0,0.3
main,v040,LOSO-dep-f3,primary,LOSO,deployed,3,B,MAPPO|mappo_seed13_20260516T092252/mappo_best.pt,MAPPO,13,L,"May 2026, pre-781c90c reward",3,-164.931448168637,137.931448168637,27.0,0.0,0.0,207.4683263433343,207.4683263433343,0.0009910802775024777,0.0009910802775024777,0.0,0.0009910802775024777,0.0,0,0.0,1,5.638737068725305,5.638737068725305,1.0,0.3
main,v040,LOSO-dep-f3,primary,LOSO,deployed,3,B,MAPPO|mappo_seed13_20260516T092252/mappo_best.pt,MAPPO,13,L,"May 2026, pre-781c90c reward",4,-610.9643584779747,549.3308664779746,54.0,0.7584919999999999,6.875,187.13118947500627,186.94156647500628,0.0019821605550049554,0.0,0.0019821605550049554,0.0019821605550049554,0.14370664023785926,40,3.8057482656095147,2,1.4257170635107337,1.4257170635107337,1.0,0.3
main,v040,LOSO-dep-f3,primary,LOSO,deployed,3,B,MAPPO|mappo_seed13_20260516T092252/mappo_best.pt,MAPPO,13,L,"May 2026, pre-781c90c reward",5,-367.40010291781016,365.2217061178102,0.0,0.3033968,1.875,201.1976908097247,201.1218416097247,0.0,0.0,0.0,0.0,0.04757185332011893,16,1.522299306243806,0,0.0,0.0,0.0,0.3
main,v040,LOSO-dep-f3,primary,LOSO,deployed,3,B,MAPPO|mappo_seed13_20260516T092252/mappo_best.pt,MAPPO,13,L,"May 2026, pre-781c90c reward",6,-656.9950706336806,644.8461064336806,0.0,1.0239642,11.125,191.07172201422873,190.81573096422872,0.0,0.0,0.0,0.0,0.11793855302279485,54,5.137760158572845,0,0.0,0.0,0.0,0.3
main,v040,LOSO-dep-f3,primary,LOSO,deployed,3,B,MAPPO|mappo_seed13_20260516T092252/mappo_best.pt,MAPPO,13,L,"May 2026, pre-781c90c reward",7,-602.2948664649978,571.5139220649978,27.0,0.5309444000000001,3.25,193.82639107231853,193.6936549723185,0.0009910802775024777,0.0,0.0009910802775024777,0.0009910802775024777,0.10703666997026759,28,2.66402378592666,1,1.4257170635107337,1.4257170635107337,1.0,0.3
main,v040,LOSO-dep-f3,primary,LOSO,deployed,3,B,MAPPO|mappo_seed13_20260516T092252/mappo_best.pt,MAPPO,13,L,"May 2026, pre-781c90c reward",8,-370.31466354769015,366.3483421476901,0.0,0.3413214,3.625,204.39467641196703,204.30934606196703,0.0,0.0,0.0,0.0,0.02180376610505451,18,1.7125867195242817,0,0.0,0.0,0.0,0.3
main,v040,LOSO-dep-f3,primary,LOSO,deployed,3,B,MAPPO|mappo_seed13_20260516T092252/mappo_best.pt,MAPPO,13,L,"May 2026, pre-781c90c reward",9,-1080.01144018583,81.01144018583015,999.0,0.0,0.0,207.49609891718006,207.49609891718006,0.04558969276511397,0.04558969276511397,0.0,0.036669970267591674,0.0,0,0.0,46,8.450041579904692,99.27811641324571,0.815618707421439,0.3
main,v040,LOSO-dep-f3,primary,LOSO,deployed,3,B,MAPPO|mappo_seed42_20260516T081859/mappo_best.pt,MAPPO,42,L,"May 2026, pre-781c90c reward",all,-5431.805030746622,4241.446435946622,1134.0,5.2335948,51.125,1967.837577226093,1966.529178526093,0.005153617443012884,0.0046580773042616454,0.0004955401387512388,0.004162537165510407,0.07908820614469772,276,2.625966303270565,52,7.693373726875478,99.27811641324571,0.8178918527024431,0.3
main,v040,LOSO-dep-f3,primary,LOSO,deployed,3,B,MAPPO|mappo_seed42_20260516T081859/mappo_best.pt,MAPPO,42,L,"May 2026, pre-781c90c reward",0,-819.7374096840178,808.8005208840179,0.0,1.0618888000000002,9.875,178.77942254718937,178.5139503471894,0.0,0.0,0.0,0.0,0.21010901883052527,56,5.32804757185332,0,0.0,0.0,0.0,0.3
main,v040,LOSO-dep-f3,primary,LOSO,deployed,3,B,MAPPO|mappo_seed42_20260516T081859/mappo_best.pt,MAPPO,42,L,"May 2026, pre-781c90c reward",1,-496.6159913241869,459.24372552418686,27.0,0.8722658000000001,9.5,192.10074548679628,191.88267903679628,0.0019821605550049554,0.0,0.0019821605550049554,0.0009910802775024777,0.11298315163528246,46,4.376610505450942,2,0.7188164313257891,1.4257170635107337,0.5059578995704223,0.3
main,v040,LOSO-dep-f3,primary,LOSO,deployed,3,B,MAPPO|mappo_seed42_20260516T081859/mappo_best.pt,MAPPO,42,L,"May 2026, pre-781c90c reward",2,-282.81330896228934,281.73745976228935,0.0,0.0758492,1.0,206.99676890834297,206.97780660834297,0.0,0.0,0.0,0.0,0.0019821605550049554,4,0.3805748265609515,0,0.0,0.0,0.0,0.3
main,v040,LOSO-dep-f3,primary,LOSO,deployed,3,B,MAPPO|mappo_seed42_20260516T081859/mappo_best.pt,MAPPO,42,L,"May 2026, pre-781c90c reward",3,-164.931448168637,137.931448168637,27.0,0.0,0.0,207.4683263433343,207.4683263433343,0.0009910802775024777,0.0009910802775024777,0.0,0.0009910802775024777,0.0,0,0.0,1,5.638737068725305,5.638737068725305,1.0,0.3
main,v040,LOSO-dep-f3,primary,LOSO,deployed,3,B,MAPPO|mappo_seed42_20260516T081859/mappo_best.pt,MAPPO,42,L,"May 2026, pre-781c90c reward",4,-608.086837979471,546.5783459794709,54.0,0.7584919999999999,6.75,186.8418296310596,186.65220663105958,0.0019821605550049554,0.0,0.0019821605550049554,0.0019821605550049554,0.14568880079286423,40,3.8057482656095147,2,1.4257170635107337,1.4257170635107337,1.0,0.3
main,v040,LOSO-dep-f3,primary,LOSO,deployed,3,B,MAPPO|mappo_seed42_20260516T081859/mappo_best.pt,MAPPO,42,L,"May 2026, pre-781c90c reward",5,-366.56819592729073,363.43894992729076,0.0,0.379246,2.75,200.9553336267507,200.8605221267507,0.0,0.0,0.0,0.0,0.05054509415262636,20,1.9028741328047574,0,0.0,0.0,0.0,0.3
main,v040,LOSO-dep-f3,primary,LOSO,deployed,3,B,MAPPO|mappo_seed42_20260516T081859/mappo_best.pt,MAPPO,42,L,"May 2026, pre-781c90c reward",6,-673.9113872023402,634.3115738023401,27.0,1.0998134,11.5,189.94076516007294,189.66581181007294,0.0009910802775024777,0.0,0.0009910802775024777,0.0009910802775024777,0.13082259663032705,58,5.518334985133796,1,1.4257170635107337,1.4257170635107337,1.0,0.3
main,v040,LOSO-dep-f3,primary,LOSO,deployed,3,B,MAPPO|mappo_seed42_20260516T081859/mappo_best.pt,MAPPO,42,L,"May 2026, pre-781c90c reward",7,-571.9279939128882,567.2341249128881,0.0,0.5688690000000001,4.125,193.3202315962825,193.17801434628248,0.0,0.0,0.0,0.0,0.11298315163528246,30,2.8543111992071357,0,0.0,0.0,0.0,0.3
main,v040,LOSO-dep-f3,primary,LOSO,deployed,3,B,MAPPO|mappo_seed42_20260516T081859/mappo_best.pt,MAPPO,42,L,"May 2026, pre-781c90c reward",8,-367.2010173996713,361.15884679967127,0.0,0.41717060000000006,5.625,203.93805500908422,203.83376235908423,0.0,0.0,0.0,0.0,0.02576808721506442,22,2.093161546085233,0,0.0,0.0,0.0,0.3
main,v040,LOSO-dep-f3,primary,LOSO,deployed,3,B,MAPPO|mappo_seed42_20260516T081859/mappo_best.pt,MAPPO,42,L,"May 2026, pre-781c90c reward",9,-1080.01144018583,81.01144018583015,999.0,0.0,0.0,207.49609891718006,207.49609891718006,0.04558969276511397,0.04558969276511397,0.0,0.036669970267591674,0.0,0,0.0,46,8.450041579904692,99.27811641324571,0.815618707421439,0.3
main,v040,LOSO-dep-f3,primary,LOSO,deployed,3,B,MAPPO|mappo_seed42_20260517T003433/mappo_best.pt,MAPPO,42,L,"May 2026, pre-781c90c reward",all,-5422.304433461841,4298.16640606184,1080.0,4.5130274,39.625,1974.278626058217,1973.150369208217,0.004955401387512388,0.0046580773042616454,0.00029732408325074334,0.003964321110009911,0.07195242814667988,238,2.264420218037661,50,7.944079993410067,99.27811641324571,0.8106075268105408,0.3
main,v040,LOSO-dep-f3,primary,LOSO,deployed,3,B,MAPPO|mappo_seed42_20260517T003433/mappo_best.pt,MAPPO,42,L,"May 2026, pre-781c90c reward",0,-832.0788145652857,823.6686241652858,0.0,0.9101904000000001,7.5,180.56270893587384,180.33516133587383,0.0,0.0,0.0,0.0,0.18929633300297324,48,4.566897918731417,0,0.0,0.0,0.0,0.3
main,v040,LOSO-dep-f3,primary,LOSO,deployed,3,B,MAPPO|mappo_seed42_20260517T003433/mappo_best.pt,MAPPO,42,L,"May 2026, pre-781c90c reward",1,-505.9645129451427,471.08102094514277,27.0,0.7584919999999999,7.125,193.44377467192265,193.25415167192267,0.0019821605550049554,0.0,0.0019821605550049554,0.0009910802775024777,0.0981169474727453,40,3.8057482656095147,2,0.7188164313257891,1.4257170635107337,0.5059578995704223,0.3
main,v040,LOSO-dep-f3,primary,LOSO,deployed,3,B,MAPPO|mappo_seed42_20260517T003433/mappo_best.pt,MAPPO,42,L,"May 2026, pre-781c90c reward",2,-283.75398926270066,283.21606466270066,0.0,0.0379246,0.5,207.10301467379784,207.09353352379784,0.0,0.0,0.0,0.0,0.0009910802775024777,2,0.19028741328047574,0,0.0,0.0,0.0,0.3
main,v040,LOSO-dep-f3,primary,LOSO,deployed,3,B,MAPPO|mappo_seed42_20260517T003433/mappo_best.pt,MAPPO,42,L,"May 2026, pre-781c90c reward",3,-164.931448168637,137.931448168637,27.0,0.0,0.0,207.4683263433343,207.4683263433343,0.0009910802775024777,0.0009910802775024777,0.0,0.0009910802775024777,0.0,0,0.0,1,5.638737068725305,5.638737068725305,1.0,0.3
main,v040,LOSO-dep-f3,primary,LOSO,deployed,3,B,MAPPO|mappo_seed42_20260517T003433/mappo_best.pt,MAPPO,42,L,"May 2026, pre-781c90c reward",4,-584.1550597427516,551.8853415427516,27.0,0.6447182,4.625,187.29161666362359,187.13043711362357,0.0009910802775024777,0.0,0.0009910802775024777,0.0009910802775024777,0.14172447968285432,34,3.2348860257680876,1,1.4257170635107337,1.4257170635107337,1.0,0.3
main,v040,LOSO-dep-f3,primary,LOSO,deployed,3,B,MAPPO|mappo_seed42_20260517T003433/mappo_best.pt,MAPPO,42,L,"May 2026, pre-781c90c reward",5,-368.7546430026915,368.56502000269154,0.0,0.189623,0.0,201.52744325328283,201.48003750328283,0.0,0.0,0.0,0.0,0.044598612487611496,10,0.9514370664023787,0,0.0,0.0,0.0,0.3
main,v040,LOSO-dep-f3,primary,LOSO,deployed,3,B,MAPPO|mappo_seed42_20260517T003433/mappo_best.pt,MAPPO,42,L,"May 2026, pre-781c90c reward",6,-654.4364191246352,641.4995303246353,0.0,1.0618888,11.875,190.88668070123873,190.62120850123875,0.0,0.0,0.0,0.0,0.11892963330029732,56,5.32804757185332,0,0.0,0.0,0.0,0.3
main,v040,LOSO-dep-f3,primary,LOSO,deployed,3,B,MAPPO|mappo_seed42_20260517T003433/mappo_best.pt,MAPPO,42,L,"May 2026, pre-781c90c reward",7,-573.271354802554,569.077485802554,0.0,0.5688690000000001,3.625,193.60084670153066,193.45862945153067,0.0,0.0,0.0,0.0,0.10901883052527254,30,2.8543111992071357,0,0.0,0.0,0.0,0.3
main,v040,LOSO-dep-f3,primary,LOSO,deployed,3,B,MAPPO|mappo_seed42_20260517T003433/mappo_best.pt,MAPPO,42,L,"May 2026, pre-781c90c reward",8,-374.9467516616113,370.2304302616112,0.0,0.3413214,4.375,204.8981151964324,204.8127848464324,0.0,0.0,0.0,0.0,0.01684836471754212,18,1.7125867195242817,0,0.0,0.0,0.0,0.3
main,v040,LOSO-dep-f3,primary,LOSO,deployed,3,B,MAPPO|mappo_seed42_20260517T003433/mappo_best.pt,MAPPO,42,L,"May 2026, pre-781c90c reward",9,-1080.01144018583,81.01144018583015,999.0,0.0,0.0,207.49609891718006,207.49609891718006,0.04558969276511397,0.04558969276511397,0.0,0.036669970267591674,0.0,0,0.0,46,8.450041579904692,99.27811641324571,0.815618707421439,0.3
main,v040,LOSO-dep-f3,primary,LOSO,deployed,3,B,MAPPO|mappo_seed42_20260526T143428/mappo_best.pt,MAPPO,42,L,"May 2026, pre-781c90c reward",all,-5480.285373630961,4244.241401830961,1188.0,5.0439718,43.0,1966.952718215705,1965.6917252657051,0.005351833498513379,0.0046580773042616454,0.0006937561942517344,0.004360753221010902,0.08116947472745292,266,2.5308225966303275,54,7.461238294899008,99.27811641324571,0.8246365988986489,0.3
main,v040,LOSO-dep-f3,primary,LOSO,deployed,3,B,MAPPO|mappo_seed42_20260526T143428/mappo_best.pt,MAPPO,42,L,"May 2026, pre-781c90c reward",0,-849.0515027041097,812.0766893041098,27.0,1.0998134,8.875,178.71050724685003,178.43555389685002,0.0009910802775024777,0.0,0.0009910802775024777,0.0009910802775024777,0.2130822596630327,58,5.518334985133796,1,1.4257170635107337,1.4257170635107337,1.0,0.3
main,v040,LOSO-dep-f3,primary,LOSO,deployed,3,B,MAPPO|mappo_seed42_20260526T143428/mappo_best.pt,MAPPO,42,L,"May 2026, pre-781c90c reward",1,-496.0054365973467,461.4590199973468,27.0,0.7964166000000001,6.75,192.20806304777767,192.0089588977777,0.0019821605550049554,0.0,0.0019821605550049554,0.0009910802775024777,0.1159563924677899,42,3.9960356788899905,2,0.7188164313257891,1.4257170635107337,0.5059578995704223,0.3
main,v040,LOSO-dep-f3,primary,LOSO,deployed,3,B,MAPPO|mappo_seed42_20260526T143428/mappo_best.pt,MAPPO,42,L,"May 2026, pre-781c90c reward",2,-282.81330896228934,281.73745976228935,0.0,0.0758492,1.0,206.99676890834297,206.97780660834297,0.0,0.0,0.0,0.0,0.0019821605550049554,4,0.3805748265609515,0,0.0,0.0,0.0,0.3
main,v040,LOSO-dep-f3,primary,LOSO,deployed,3,B,MAPPO|mappo_seed42_20260526T143428/mappo_best.pt,MAPPO,42,L,"May 2026, pre-781c90c reward",3,-164.931448168637,137.931448168637,27.0,0.0,0.0,207.4683263433343,207.4683263433343,0.0009910802775024777,0.0009910802775024777,0.0,0.0009910802775024777,0.0,0,0.0,1,5.638737068725305,5.638737068725305,1.0,0.3
main,v040,LOSO-dep-f3,primary,LOSO,deployed,3,B,MAPPO|mappo_seed42_20260526T143428/mappo_best.pt,MAPPO,42,L,"May 2026, pre-781c90c reward",4,-631.4226797939325,543.5771123939326,81.0,0.7205674,6.125,186.3379846748241,186.15784282482406,0.002973240832507433,0.0,0.002973240832507433,0.002973240832507433,0.15262636273538158,38,3.615460852329039,3,1.425717063510734,1.4257170635107337,1.0,0.3
main,v040,LOSO-dep-f3,primary,LOSO,deployed,3,B,MAPPO|mappo_seed42_20260526T143428/mappo_best.pt,MAPPO,42,L,"May 2026, pre-781c90c reward",5,-363.7730940564958,360.2688480564958,0.0,0.3792460000000001,3.125,200.6026677124352,200.5078562124352,0.0,0.0,0.0,0.0,0.053518334985133795,20,1.9028741328047574,0,0.0,0.0,0.0,0.3
main,v040,LOSO-dep-f3,primary,LOSO,deployed,3,B,MAPPO|mappo_seed42_20260526T143428/mappo_best.pt,MAPPO,42,L,"May 2026, pre-781c90c reward",6,-646.4268495556524,637.0658099556524,0.0,0.9860396,8.375,189.98778834671515,189.7412784467151,0.0,0.0,0.0,0.0,0.13280475718533202,52,4.947472745292369,0,0.0,0.0,0.0,0.3
main,v040,LOSO-dep-f3,primary,LOSO,deployed,3,B,MAPPO|mappo_seed42_20260526T143428/mappo_best.pt,MAPPO,42,L,"May 2026, pre-781c90c reward",7,-599.1470908241486,567.2032218241486,27.0,0.5688690000000001,4.375,193.2692995512562,193.1270823012562,0.0009910802775024777,0.0,0.0009910802775024777,0.0009910802775024777,0.11397423191278494,30,2.8543111992071357,1,1.4257170635107337,1.4257170635107337,1.0,0.3
main,v040,LOSO-dep-f3,primary,LOSO,deployed,3,B,MAPPO|mappo_seed42_20260526T143428/mappo_best.pt,MAPPO,42,L,"May 2026, pre-781c90c reward",8,-366.7025227825184,361.9103521825184,0.0,0.4171706,4.375,203.87521346698946,203.77092081698947,0.0,0.0,0.0,0.0,0.027750247770069375,22,2.093161546085233,0,0.0,0.0,0.0,0.3
main,v040,LOSO-dep-f3,primary,LOSO,deployed,3,B,MAPPO|mappo_seed42_20260526T143428/mappo_best.pt,MAPPO,42,L,"May 2026, pre-781c90c reward",9,-1080.01144018583,81.01144018583015,999.0,0.0,0.0,207.49609891718006,207.49609891718006,0.04558969276511397,0.04558969276511397,0.0,0.036669970267591674,0.0,0,0.0,46,8.450041579904692,99.27811641324571,0.815618707421439,0.3
main,v040,LOSO-dep-f3,primary,LOSO,deployed,3,B,MAPPO|mappo_seed99_20260516T092254/mappo_best.pt,MAPPO,99,L,"May 2026, pre-781c90c reward",all,-5478.814797318724,4251.9715717665695,1163.241610952155,5.7266146,57.875,1970.693516779902,1969.261863129902,0.005450941526263627,0.0046580773042616454,0.0009910802775024777,0.0044598612487611496,0.07700693756194252,302,2.8733399405351836,55,6169.177377378721,152721.76434411557,0.7964563037381615,0.3
main,v040,LOSO-dep-f3,primary,LOSO,deployed,3,B,MAPPO|mappo_seed99_20260516T092254/mappo_best.pt,MAPPO,99,L,"May 2026, pre-781c90c reward",0,-819.3864470609949,806.835784460995,0.0,1.1756626,11.375,178.67028982736252,178.3763741773625,0.0,0.0,0.0,0.0,0.20812685827552033,62,5.898909811694748,0,0.0,0.0,0.0,0.3
main,v040,LOSO-dep-f3,primary,LOSO,deployed,3,B,MAPPO|mappo_seed99_20260516T092254/mappo_best.pt,MAPPO,99,L,"May 2026, pre-781c90c reward",1,-500.7897225855595,463.9174567855595,27.0,0.8722658000000001,9.0,192.66252269224054,192.44445624224056,0.0019821605550049554,0.0,0.0019821605550049554,0.0009910802775024777,0.10604558969276512,46,4.376610505450942,2,0.7188164313257891,1.4257170635107337,0.5059578995704223,0.3
main,v040,LOSO-dep-f3,primary,LOSO,deployed,3,B,MAPPO|mappo_seed99_20260516T092254/mappo_best.pt,MAPPO,99,L,"May 2026, pre-781c90c reward",2,-283.2241911559289,279.4137626798514,1.1208054760775898,0.189623,2.5,206.77568333991485,206.72827758991485,0.0009910802775024777,0.0,0.0009910802775024777,0.0009910802775024777,0.004955401387512388,10,0.9514370664023787,1,0.1373601825359197,0.1373601825359197,0.13736018253591964,0.3
main,v040,LOSO-dep-f3,primary,LOSO,deployed,3,B,MAPPO|mappo_seed99_20260516T092254/mappo_best.pt,MAPPO,99,L,"May 2026, pre-781c90c reward",3,-164.931448168637,137.931448168637,27.0,0.0,0.0,207.4683263433343,207.4683263433343,0.0009910802775024777,0.0009910802775024777,0.0,0.0009910802775024777,0.0,0,0.0,1,5.638737068725305,5.638737068725305,1.0,0.3
main,v040,LOSO-dep-f3,primary,LOSO,deployed,3,B,MAPPO|mappo_seed99_20260516T092254/mappo_best.pt,MAPPO,99,L,"May 2026, pre-781c90c reward",4,-611.5147882257374,548.3054470257373,54.0,0.8343412,8.375,187.11737281769916,186.90878751769915,0.0019821605550049554,0.0,0.0019821605550049554,0.0019821605550049554,0.14172447968285432,44,4.186323092170466,2,1.4257170635107337,1.4257170635107337,1.0,0.3
main,v040,LOSO-dep-f3,primary,LOSO,deployed,3,B,MAPPO|mappo_seed99_20260516T092254/mappo_best.pt,MAPPO,99,L,"May 2026, pre-781c90c reward",5,-363.84145027026176,361.50012887026173,0.0,0.3413214,2.0,200.78027204463137,200.69494169463138,0.0,0.0,0.0,0.0,0.05153617443012884,18,1.7125867195242817,0,0.0,0.0,0.0,0.3
main,v040,LOSO-dep-f3,primary,LOSO,deployed,3,B,MAPPO|mappo_seed99_20260516T092254/mappo_best.pt,MAPPO,99,L,"May 2026, pre-781c90c reward",6,-680.7442413378392,639.4435787378393,27.0,1.1756626,13.125,190.62909659163898,190.335180941639,0.0009910802775024777,0.0,0.0009910802775024777,0.0009910802775024777,0.12190287413280476,62,5.898909811694748,1,231.04299167654068,231.04299167654068,1.0,0.3
main,v040,LOSO-dep-f3,primary,LOSO,deployed,3,B,MAPPO|mappo_seed99_20260516T092254/mappo_best.pt,MAPPO,99,L,"May 2026, pre-781c90c reward",7,-576.4700694296256,569.4545457535479,1.1208054760775898,0.6447182,5.25,193.61525240756646,193.45407285756647,0.0009910802775024777,0.0,0.0009910802775024777,0.0009910802775024777,0.10901883052527254,34,3.2348860257680876,1,0.1373601825359197,0.1373601825359197,0.13736018253591964,0.3
main,v040,LOSO-dep-f3,primary,LOSO,deployed,3,B,MAPPO|mappo_seed99_20260516T092254/mappo_best.pt,MAPPO,99,L,"May 2026, pre-781c90c reward",8,-370.3753462992256,364.04525109922565,0.0,0.45509520000000003,5.875,204.14627346073155,204.03249966073153,0.0,0.0,0.0,0.0,0.024777006937561942,24,2.2834489593657086,0,0.0,0.0,0.0,0.3
main,v040,LOSO-dep-f3,primary,LOSO,deployed,3,B,MAPPO|mappo_seed99_20260516T092254/mappo_best.pt,MAPPO,99,L,"May 2026, pre-781c90c reward",9,-1107.5370927849144,81.12416818491445,1026.0,0.0379246,0.375,208.82842725478227,208.81894610478227,0.04658077304261645,0.04558969276511397,0.002973240832507433,0.03766105054509415,0.0019821605550049554,2,0.19028741328047574,47,7214.117239143183,152721.76434411557,0.8195417136465148,0.3
main,v040,LOSO-dep-f3,primary,LOSO,deployed,3,B,Centralized PPO|central_nr_seed1/ppo_multi_site.zip,Centralized PPO,1,L,"June 2026, current reward",all,-18760.13085741308,5531.48056019643,13175.38024841665,4.0200488000000005,49.25,2280.4660847419586,2279.4610725419584,0.06105054509415263,0.021704658077304262,0.05639246778989098,0.05857284440039643,0.24380574826560952,210,1.9980178394449952,616,71.67115450404047,2442.613705294324,0.8100461930868961,0.29
main,v040,LOSO-dep-f3,primary,LOSO,deployed,3,B,Centralized PPO|central_nr_seed1/ppo_multi_site.zip,Centralized PPO,1,L,"June 2026, current reward",0,-3573.56516067055,833.487095230447,2731.7057790401027,0.8722863999999999,7.5,215.22983481080115,215.01176321080118,0.11496531219028741,0.01288404360753221,0.11496531219028741,0.11397423191278494,0.8800792864222002,46,4.376610505450942,116,37.49219182952864,1647.7475612632013,0.8842135784523932,0.3
main,v040,LOSO-dep-f3,primary,LOSO,deployed,3,B,Centralized PPO|central_nr_seed1/ppo_multi_site.zip,Centralized PPO,1,L,"June 2026, current reward",1,-924.4916854844087,869.9537608844087,54.0,0.0379246,0.5,207.32409368325415,207.31461253325415,0.0019821605550049554,0.0,0.0019821605550049554,0.0019821605550049554,0.0009910802775024777,1,0.09514370664023787,2,1.4257170635107337,1.4257170635107337,1.0,0.3
main,v040,LOSO-dep-f3,primary,LOSO,deployed,3,B,Centralized PPO|central_nr_seed1/ppo_multi_site.zip,Centralized PPO,1,L,"June 2026, current reward",2,-285.3829492908979,285.3829492908979,0.0,0.0,0.0,207.24386539215953,207.24386539215953,0.0,0.0,0.0,0.0,0.0,0,0.0,0,0.0,0.0,0.0,0.3
main,v040,LOSO-dep-f3,primary,LOSO,deployed,3,B,Centralized PPO|central_nr_seed1/ppo_multi_site.zip,Centralized PPO,1,L,"June 2026, current reward",3,-164.931448168637,137.931448168637,27.0,0.0,0.0,207.4683263433343,207.4683263433343,0.0009910802775024777,0.0009910802775024777,0.0,0.0009910802775024777,0.0,0,0.0,1,5.638737068725305,5.638737068725305,1.0,0.3
main,v040,LOSO-dep-f3,primary,LOSO,deployed,3,B,Centralized PPO|central_nr_seed1/ppo_multi_site.zip,Centralized PPO,1,L,"June 2026, current reward",4,-956.5650693456985,956.5650693456985,0.0,0.0,0.0,206.97065263864175,206.97065263864175,0.0,0.0,0.0,0.0,0.0,0,0.0,0,0.0,0.0,0.0,0.3
main,v040,LOSO-dep-f3,primary,LOSO,deployed,3,B,Centralized PPO|central_nr_seed1/ppo_multi_site.zip,Centralized PPO,1,L,"June 2026, current reward",5,-443.40120791877587,443.40120791877587,0.0,0.0,0.0,207.1529463248001,207.1529463248001,0.0,0.0,0.0,0.0,0.0,0,0.0,0,0.0,0.0,0.0,0.3
main,v040,LOSO-dep-f3,primary,LOSO,deployed,3,B,Centralized PPO|central_nr_seed1/ppo_multi_site.zip,Centralized PPO,1,L,"June 2026, current reward",6,-3451.987103497789,683.374620611506,2741.6024790862834,2.0100038,25.0,237.08672189206152,236.58422094206153,0.12388503468780972,0.028741328047571853,0.12388503468780972,0.12190287413280476,0.5946481665014867,105,9.990089197224975,125,133.8125230977697,1647.7475612632013,0.8296846472092625,0.3
main,v040,LOSO-dep-f3,primary,LOSO,deployed,3,B,Centralized PPO|central_nr_seed1/ppo_multi_site.zip,Centralized PPO,1,L,"June 2026, current reward",7,-7477.758212693569,838.3363884033051,6622.071990290262,1.099834,16.25,377.3454165830682,377.07045808306816,0.32309217046580774,0.1288404360753221,0.32309217046580774,0.31020812685827553,0.9623389494549058,58,5.518334985133796,326,69.5600596661688,2442.613705294324,0.7735909153328417,0.3
main,v040,LOSO-dep-f3,primary,LOSO,deployed,3,B,Centralized PPO|central_nr_seed1/ppo_multi_site.zip,Centralized PPO,1,L,"June 2026, current reward",8,-402.0365801569236,402.0365801569236,0.0,0.0,0.0,207.14812815665772,207.14812815665772,0.0,0.0,0.0,0.0,0.0,0,0.0,0,0.0,0.0,0.0,0.3
main,v040,LOSO-dep-f3,primary,LOSO,deployed,3,B,Centralized PPO|central_nr_seed1/ppo_multi_site.zip,Centralized PPO,1,L,"June 2026, current reward",9,-1080.01144018583,81.01144018583015,999.0,0.0,0.0,207.49609891718006,207.49609891718006,0.04558969276511397,0.04558969276511397,0.0,0.036669970267591674,0.0,0,0.0,46,8.450041579904692,99.27811641324571,0.815618707421439,0.3
main,v040,LOSO-dep-f3,primary,LOSO,deployed,3,B,Centralized PPO|central_nr_seed7/ppo_multi_site.zip,Centralized PPO,7,L,"June 2026, current reward",all,-7408.290652745033,6217.188105145033,1188.0,0.2275476,2.875,2074.3696288782703,2074.3127419782704,0.005252725470763132,0.004757185332011893,0.0005946481665014867,0.004360753221010902,0.0010901883052527254,12,0.11417244796828543,53,11.906448311634637,229.57252545474108,0.8399709536110603,0.29
main,v040,LOSO-dep-f3,primary,LOSO,deployed,3,B,Centralized PPO|central_nr_seed7/ppo_multi_site.zip,Centralized PPO,7,L,"June 2026, current reward",0,-1322.0174743298576,1322.0174743298576,0.0,0.0,0.0,206.8131393180388,206.8131393180388,0.0,0.0,0.0,0.0,0.0,0,0.0,0,0.0,0.0,0.0,0.29
main,v040,LOSO-dep-f3,primary,LOSO,deployed,3,B,Centralized PPO|central_nr_seed7/ppo_multi_site.zip,Centralized PPO,7,L,"June 2026, current reward",1,-869.3236030265607,869.3236030265607,0.0,0.0,0.0,207.06714615966618,207.06714615966618,0.0,0.0,0.0,0.0,0.0,0,0.0,0,0.0,0.0,0.0,0.29
main,v040,LOSO-dep-f3,primary,LOSO,deployed,3,B,Centralized PPO|central_nr_seed7/ppo_multi_site.zip,Centralized PPO,7,L,"June 2026, current reward",2,-285.3829492908979,285.3829492908979,0.0,0.0,0.0,207.24386539215953,207.24386539215953,0.0,0.0,0.0,0.0,0.0,0,0.0,0,0.0,0.0,0.0,0.29
main,v040,LOSO-dep-f3,primary,LOSO,deployed,3,B,Centralized PPO|central_nr_seed7/ppo_multi_site.zip,Centralized PPO,7,L,"June 2026, current reward",3,-164.931448168637,137.931448168637,27.0,0.0,0.0,207.4683263433343,207.4683263433343,0.0009910802775024777,0.0009910802775024777,0.0,0.0009910802775024777,0.0,0,0.0,1,5.638737068725305,5.638737068725305,1.0,0.29
main,v040,LOSO-dep-f3,primary,LOSO,deployed,3,B,Centralized PPO|central_nr_seed7/ppo_multi_site.zip,Centralized PPO,7,L,"June 2026, current reward",4,-984.5128737357377,956.9749491357377,27.0,0.0379246,0.5,207.22823174498907,207.21875059498907,0.0009910802775024777,0.0,0.0009910802775024777,0.0009910802775024777,0.0009910802775024777,2,0.19028741328047574,1,1.4257170635107337,1.4257170635107337,1.0,0.29
main,v040,LOSO-dep-f3,primary,LOSO,deployed,3,B,Centralized PPO|central_nr_seed7/ppo_multi_site.zip,Centralized PPO,7,L,"June 2026, current reward",5,-443.40120791877587,443.40120791877587,0.0,0.0,0.0,207.1529463248001,207.1529463248001,0.0,0.0,0.0,0.0,0.0,0,0.0,0,0.0,0.0,0.0,0.29
main,v040,LOSO-dep-f3,primary,LOSO,deployed,3,B,Centralized PPO|central_nr_seed7/ppo_multi_site.zip,Centralized PPO,7,L,"June 2026, current reward",6,-956.5359047416525,956.5359047416525,0.0,0.0,0.0,206.92409279657878,206.92409279657878,0.0,0.0,0.0,0.0,0.0,0,0.0,0,0.0,0.0,0.0,0.29
main,v040,LOSO-dep-f3,primary,LOSO,deployed,3,B,Centralized PPO|central_nr_seed7/ppo_multi_site.zip,Centralized PPO,7,L,"June 2026, current reward",7,-900.1371711901598,762.5725481901599,135.0,0.189623,2.375,209.82765372486602,209.78024797486603,0.004955401387512388,0.0009910802775024777,0.004955401387512388,0.004955401387512388,0.009910802775024777,10,0.9514370664023787,5,47.055078741756816,229.57252545474108,1.0,0.29
main,v040,LOSO-dep-f3,primary,LOSO,deployed,3,B,Centralized PPO|central_nr_seed7/ppo_multi_site.zip,Centralized PPO,7,L,"June 2026, current reward",8,-402.0365801569236,402.0365801569236,0.0,0.0,0.0,207.14812815665772,207.14812815665772,0.0,0.0,0.0,0.0,0.0,0,0.0,0,0.0,0.0,0.0,0.29
main,v040,LOSO-dep-f3,primary,LOSO,deployed,3,B,Centralized PPO|central_nr_seed7/ppo_multi_site.zip,Centralized PPO,7,L,"June 2026, current reward",9,-1080.01144018583,81.01144018583015,999.0,0.0,0.0,207.49609891718006,207.49609891718006,0.04558969276511397,0.04558969276511397,0.0,0.036669970267591674,0.0,0,0.0,46,8.450041579904692,99.27811641324571,0.815618707421439,0.29
main,v040,LOSO-dep-f3,primary,LOSO,deployed,3,B,Centralized PPO|central_nr_seed13/ppo_multi_site.zip,Centralized PPO,13,L,"June 2026, current reward",all,-7531.93598936192,5706.189669569861,1817.9189587920596,1.3273609999999998,6.5,2058.8250497194704,2058.4932094694705,0.00842418235877106,0.004955401387512388,0.0037661050545094153,0.007333994053518335,0.03201189296333003,69,0.6564915758176413,85,10.514276505837673,231.04299167654068,0.8063481266596455,0.29
main,v040,LOSO-dep-f3,primary,LOSO,deployed,3,B,Centralized PPO|central_nr_seed13/ppo_multi_site.zip,Centralized PPO,13,L,"June 2026, current reward",0,-1322.0174743298576,1322.0174743298576,0.0,0.0,0.0,206.8131393180388,206.8131393180388,0.0,0.0,0.0,0.0,0.0,0,0.0,0,0.0,0.0,0.0,0.29
main,v040,LOSO-dep-f3,primary,LOSO,deployed,3,B,Centralized PPO|central_nr_seed13/ppo_multi_site.zip,Centralized PPO,13,L,"June 2026, current reward",1,-907.8048633813826,488.7079692896789,416.0659496917038,0.5309444000000001,2.5,197.7856020756464,197.65286597564642,0.019821605550049554,0.0,0.019821605550049554,0.017839444995044598,0.17641228939544104,27,2.5688800792864224,20,12.494641158825655,229.24008769935762,0.7846348294002575,0.29
main,v040,LOSO-dep-f3,primary,LOSO,deployed,3,B,Centralized PPO|central_nr_seed13/ppo_multi_site.zip,Centralized PPO,13,L,"June 2026, current reward",2,-285.3829492908979,285.3829492908979,0.0,0.0,0.0,207.24386539215953,207.24386539215953,0.0,0.0,0.0,0.0,0.0,0,0.0,0,0.0,0.0,0.0,0.29
main,v040,LOSO-dep-f3,primary,LOSO,deployed,3,B,Centralized PPO|central_nr_seed13/ppo_multi_site.zip,Centralized PPO,13,L,"June 2026, current reward",3,-164.931448168637,137.931448168637,27.0,0.0,0.0,207.4683263433343,207.4683263433343,0.0009910802775024777,0.0009910802775024777,0.0,0.0009910802775024777,0.0,0,0.0,1,5.638737068725305,5.638737068725305,1.0,0.29
main,v040,LOSO-dep-f3,primary,LOSO,deployed,3,B,Centralized PPO|central_nr_seed13/ppo_multi_site.zip,Centralized PPO,13,L,"June 2026, current reward",4,-1105.2778406753782,961.9189908914875,141.09337758389069,0.26547220000000005,2.0,209.89673466182109,209.8303666118211,0.006937561942517344,0.0,0.006937561942517344,0.006937561942517344,0.019821605550049554,14,1.33201189296333,7,1.0759568433833369,1.4257170635107337,0.7718732265899558,0.29
main,v040,LOSO-dep-f3,primary,LOSO,deployed,3,B,Centralized PPO|central_nr_seed13/ppo_multi_site.zip,Centralized PPO,13,L,"June 2026, current reward",5,-443.40120791877587,443.40120791877587,0.0,0.0,0.0,207.1529463248001,207.1529463248001,0.0,0.0,0.0,0.0,0.0,0,0.0,0,0.0,0.0,0.0,0.29
main,v040,LOSO-dep-f3,primary,LOSO,deployed,3,B,Centralized PPO|central_nr_seed13/ppo_multi_site.zip,Centralized PPO,13,L,"June 2026, current reward",6,-985.778440346529,957.1197102704514,28.12080547607759,0.0379246,0.5,207.52455675466757,207.51507560466757,0.0019821605550049554,0.0009910802775024777,0.0019821605550049554,0.0019821605550049554,0.0009910802775024777,2,0.19028741328047574,2,115.5901759295383,231.04299167654068,0.5686800912679598,0.29
main,v040,LOSO-dep-f3,primary,LOSO,deployed,3,B,Centralized PPO|central_nr_seed13/ppo_multi_site.zip,Centralized PPO,13,L,"June 2026, current reward",7,-835.2937449077085,626.661899067321,206.6388260403876,0.4930198,1.5,200.29565177516486,200.17239682516484,0.008919722497522299,0.0019821605550049554,0.008919722497522299,0.008919722497522299,0.12289395441030723,26,2.4737363726461843,9,1.1964422569542286,1.4257170635107337,0.8653289853347689,0.29
main,v040,LOSO-dep-f3,primary,LOSO,deployed,3,B,Centralized PPO|central_nr_seed13/ppo_multi_site.zip,Centralized PPO,13,L,"June 2026, current reward",8,-402.0365801569236,402.0365801569236,0.0,0.0,0.0,207.14812815665772,207.14812815665772,0.0,0.0,0.0,0.0,0.0,0,0.0,0,0.0,0.0,0.0,0.29
main,v040,LOSO-dep-f3,primary,LOSO,deployed,3,B,Centralized PPO|central_nr_seed13/ppo_multi_site.zip,Centralized PPO,13,L,"June 2026, current reward",9,-1080.01144018583,81.01144018583015,999.0,0.0,0.0,207.49609891718006,207.49609891718006,0.04558969276511397,0.04558969276511397,0.0,0.036669970267591674,0.0,0,0.0,46,8.450041579904692,99.27811641324571,0.815618707421439,0.29
main,v040,LOSO-dep-f3,primary,LOSO,deployed,3,B,Centralized PPO|central_nr_seed42/ppo_multi_site.zip,Centralized PPO,42,L,"June 2026, current reward",all,-10428.159871674015,5762.4168169283275,4665.74303414569,2.06e-05,0.0,2098.8178514869514,2098.817846336952,0.019722497522299307,0.006144697720515362,0.015064420218037661,0.018632309217046582,0.1,0,0.0,199,25.223166822911598,1647.7475612632013,0.8787289444448453,0.29
main,v040,LOSO-dep-f3,primary,LOSO,deployed,3,B,Centralized PPO|central_nr_seed42/ppo_multi_site.zip,Centralized PPO,42,L,"June 2026, current reward",0,-4512.004341339477,872.2612865937868,3639.74303414569,2.06e-05,0.0,234.3965962708446,234.39659112084462,0.1506442021803766,0.014866204162537165,0.1506442021803766,0.14866204162537167,1.0,0,0.0,152,30.428089131678075,1647.7475612632013,0.8970302592311711,0.29
main,v040,LOSO-dep-f3,primary,LOSO,deployed,3,B,Centralized PPO|central_nr_seed42/ppo_multi_site.zip,Centralized PPO,42,L,"June 2026, current reward",1,-869.3236030265607,869.3236030265607,0.0,0.0,0.0,207.06714615966618,207.06714615966618,0.0,0.0,0.0,0.0,0.0,0,0.0,0,0.0,0.0,0.0,0.29
main,v040,LOSO-dep-f3,primary,LOSO,deployed,3,B,Centralized PPO|central_nr_seed42/ppo_multi_site.zip,Centralized PPO,42,L,"June 2026, current reward",2,-285.3829492908979,285.3829492908979,0.0,0.0,0.0,207.24386539215953,207.24386539215953,0.0,0.0,0.0,0.0,0.0,0,0.0,0,0.0,0.0,0.0,0.29
main,v040,LOSO-dep-f3,primary,LOSO,deployed,3,B,Centralized PPO|central_nr_seed42/ppo_multi_site.zip,Centralized PPO,42,L,"June 2026, current reward",3,-164.931448168637,137.931448168637,27.0,0.0,0.0,207.4683263433343,207.4683263433343,0.0009910802775024777,0.0009910802775024777,0.0,0.0009910802775024777,0.0,0,0.0,1,5.638737068725305,5.638737068725305,1.0,0.29
main,v040,LOSO-dep-f3,primary,LOSO,deployed,3,B,Centralized PPO|central_nr_seed42/ppo_multi_site.zip,Centralized PPO,42,L,"June 2026, current reward",4,-956.5650693456985,956.5650693456985,0.0,0.0,0.0,206.97065263864175,206.97065263864175,0.0,0.0,0.0,0.0,0.0,0,0.0,0,0.0,0.0,0.0,0.29
main,v040,LOSO-dep-f3,primary,LOSO,deployed,3,B,Centralized PPO|central_nr_seed42/ppo_multi_site.zip,Centralized PPO,42,L,"June 2026, current reward",5,-443.40120791877587,443.40120791877587,0.0,0.0,0.0,207.1529463248001,207.1529463248001,0.0,0.0,0.0,0.0,0.0,0,0.0,0,0.0,0.0,0.0,0.29
main,v040,LOSO-dep-f3,primary,LOSO,deployed,3,B,Centralized PPO|central_nr_seed42/ppo_multi_site.zip,Centralized PPO,42,L,"June 2026, current reward",6,-956.5359047416525,956.5359047416525,0.0,0.0,0.0,206.92409279657878,206.92409279657878,0.0,0.0,0.0,0.0,0.0,0,0.0,0,0.0,0.0,0.0,0.29
main,v040,LOSO-dep-f3,primary,LOSO,deployed,3,B,Centralized PPO|central_nr_seed42/ppo_multi_site.zip,Centralized PPO,42,L,"June 2026, current reward",7,-757.9673274995644,757.9673274995644,0.0,0.0,0.0,206.9499984870887,206.9499984870887,0.0,0.0,0.0,0.0,0.0,0,0.0,0,0.0,0.0,0.0,0.29
main,v040,LOSO-dep-f3,primary,LOSO,deployed,3,B,Centralized PPO|central_nr_seed42/ppo_multi_site.zip,Centralized PPO,42,L,"June 2026, current reward",8,-402.0365801569236,402.0365801569236,0.0,0.0,0.0,207.14812815665772,207.14812815665772,0.0,0.0,0.0,0.0,0.0,0,0.0,0,0.0,0.0,0.0,0.29
main,v040,LOSO-dep-f3,primary,LOSO,deployed,3,B,Centralized PPO|central_nr_seed42/ppo_multi_site.zip,Centralized PPO,42,L,"June 2026, current reward",9,-1080.01144018583,81.01144018583015,999.0,0.0,0.0,207.49609891718006,207.49609891718006,0.04558969276511397,0.04558969276511397,0.0,0.036669970267591674,0.0,0,0.0,46,8.450041579904692,99.27811641324571,0.815618707421439,0.29
main,v040,LOSO-dep-f3,primary,LOSO,deployed,3,B,Centralized PPO|central_nr_seed23/ppo_multi_site.zip,Centralized PPO,23,L,"Aug 2026, current reward",all,-19753.229056253083,5083.476271140855,14580.964261112229,6.788524,82.0,2268.793664178371,2267.0965331783705,0.0647175421209118,0.02309217046580773,0.06005946481665015,0.06273538156590684,0.26769078295341925,354,3.36808721506442,653,131.14145685158323,2442.613705294324,0.8422384017902141,0.3
main,v040,LOSO-dep-f3,primary,LOSO,deployed,3,B,Centralized PPO|central_nr_seed23/ppo_multi_site.zip,Centralized PPO,23,L,"Aug 2026, current reward",0,-4522.275772751546,858.3100564054348,3632.1677879461113,2.0479284,29.75,226.91061553090904,226.39863343090906,0.1506442021803766,0.010901883052527254,0.1506442021803766,0.14866204162537167,0.9464816650148662,107,10.180376610505451,152,30.426427893476408,1647.7475612632013,0.8953690210295093,0.3
main,v040,LOSO-dep-f3,primary,LOSO,deployed,3,B,Centralized PPO|central_nr_seed23/ppo_multi_site.zip,Centralized PPO,23,L,"Aug 2026, current reward",1,-707.1499624314108,595.9069426314109,108.0,0.4930198,2.75,200.13179493059067,200.00853998059068,0.004955401387512388,0.0,0.004955401387512388,0.003964321110009911,0.07433102081268583,25,2.3785926660059467,5,1.1429568106367558,1.4257170635107337,0.8023831598281689,0.3
main,v040,LOSO-dep-f3,primary,LOSO,deployed,3,B,Centralized PPO|central_nr_seed23/ppo_multi_site.zip,Centralized PPO,23,L,"Aug 2026, current reward",2,-285.3829492908979,285.3829492908979,0.0,0.0,0.0,207.24386539215953,207.24386539215953,0.0,0.0,0.0,0.0,0.0,0,0.0,0,0.0,0.0,0.0,0.3
main,v040,LOSO-dep-f3,primary,LOSO,deployed,3,B,Centralized PPO|central_nr_seed23/ppo_multi_site.zip,Centralized PPO,23,L,"Aug 2026, current reward",3,-164.931448168637,137.931448168637,27.0,0.0,0.0,207.4683263433343,207.4683263433343,0.0009910802775024777,0.0009910802775024777,0.0,0.0009910802775024777,0.0,0,0.0,1,5.638737068725305,5.638737068725305,1.0,0.3
main,v040,LOSO-dep-f3,primary,LOSO,deployed,3,B,Centralized PPO|central_nr_seed23/ppo_multi_site.zip,Centralized PPO,23,L,"Aug 2026, current reward",4,-855.0854460728823,605.7218066324947,233.6388260403876,1.0998134,14.625,194.24075641565173,193.96580306565176,0.009910802775024777,0.0019821605550049554,0.009910802775024777,0.009910802775024777,0.17542120911793854,57,5.423191278493558,10,1.2193697376098789,1.4257170635107337,0.8787960868012921,0.3
main,v040,LOSO-dep-f3,primary,LOSO,deployed,3,B,Centralized PPO|central_nr_seed23/ppo_multi_site.zip,Centralized PPO,23,L,"Aug 2026, current reward",5,-938.0308461628788,375.3195827749036,561.0061681879752,0.45509520000000003,1.25,210.99612957417497,210.88235577417498,0.024777006937561942,0.0019821605550049554,0.024777006937561942,0.024777006937561942,0.15857284440039643,23,2.188305252725471,25,54.57443737421815,1336.0721045424839,0.8480082242506336,0.3
main,v040,LOSO-dep-f3,primary,LOSO,deployed,3,B,Centralized PPO|central_nr_seed23/ppo_multi_site.zip,Centralized PPO,23,L,"Aug 2026, current reward",6,-7637.812747721708,1117.6273275492347,6507.362284572473,0.9481356000000001,11.875,371.077965685257,370.840931785257,0.30327056491575816,0.15163528245787908,0.30327056491575816,0.29633300297324083,0.8166501486620417,51,4.852329038652131,306,233.9077366484728,2442.613705294324,0.8068479959032735,0.3
main,v040,LOSO-dep-f3,primary,LOSO,deployed,3,B,Centralized PPO|central_nr_seed23/ppo_multi_site.zip,Centralized PPO,23,L,"Aug 2026, current reward",7,-3160.5118633103702,624.2281373450883,2512.789194365282,1.7445316000000002,21.75,236.0799832324554,235.64385033245537,0.10703666997026759,0.017839444995044598,0.10703666997026759,0.10604558969276512,0.5054509415262636,91,8.658077304261646,108,70.90904448438602,2442.613705294324,0.8747366260307122,0.3
main,v040,LOSO-dep-f3,primary,LOSO,deployed,3,B,Centralized PPO|central_nr_seed23/ppo_multi_site.zip,Centralized PPO,23,L,"Aug 2026, current reward",8,-402.0365801569236,402.0365801569236,0.0,0.0,0.0,207.14812815665772,207.14812815665772,0.0,0.0,0.0,0.0,0.0,0,0.0,0,0.0,0.0,0.0,0.3
main,v040,LOSO-dep-f3,primary,LOSO,deployed,3,B,Centralized PPO|central_nr_seed23/ppo_multi_site.zip,Centralized PPO,23,L,"Aug 2026, current reward",9,-1080.01144018583,81.01144018583015,999.0,0.0,0.0,207.49609891718006,207.49609891718006,0.04558969276511397,0.04558969276511397,0.0,0.036669970267591674,0.0,0,0.0,46,8.450041579904692,99.27811641324571,0.815618707421439,0.3
main,v040,LOSO-dep-f3,primary,LOSO,deployed,3,B,Shared-PPO|wcnc2027_ablation/shared_ppo_seed77/mappo_best.pt,Shared-PPO,77,R,wcnc2027_ablation 2026-09-14 (supplementary ablation),all,-5532.717485680337,4205.298410928181,1271.241610952155,5.8024638,50.375,1962.8935773544545,1961.4429614044543,0.005847373637264618,0.0046580773042616454,0.0011892963330029733,0.0048562933597621405,0.08711595639246779,306,2.911397423191279,59,10.797898543952208,231.04299167654068,0.8102558763660827,0.3
main,v040,LOSO-dep-f3,primary,LOSO,deployed,3,B,Shared-PPO|wcnc2027_ablation/shared_ppo_seed77/mappo_best.pt,Shared-PPO,77,R,wcnc2027_ablation 2026-09-14 (supplementary ablation),0,-836.4041037457696,796.7396673457695,27.0,1.2894364,11.375,177.22660759113273,176.90424849113273,0.0009910802775024777,0.0,0.0009910802775024777,0.0009910802775024777,0.22893954410307235,68,6.469772051536175,1,1.4257170635107337,1.4257170635107337,1.0,0.3
main,v040,LOSO-dep-f3,primary,LOSO,deployed,3,B,Shared-PPO|wcnc2027_ablation/shared_ppo_seed77/mappo_best.pt,Shared-PPO,77,R,wcnc2027_ablation 2026-09-14 (supplementary ablation),1,-493.2640569010514,457.92971570105146,27.0,0.8343412000000001,7.5,191.84056450374356,191.63197920374358,0.0019821605550049554,0.0,0.0019821605550049554,0.0009910802775024777,0.12190287413280476,44,4.186323092170466,2,0.7188164313257891,1.4257170635107337,0.5059578995704223,0.3
main,v040,LOSO-dep-f3,primary,LOSO,deployed,3,B,Shared-PPO|wcnc2027_ablation/shared_ppo_seed77/mappo_best.pt,Shared-PPO,77,R,wcnc2027_ablation 2026-09-14 (supplementary ablation),2,-308.7525550600998,278.1921265840222,28.12080547607759,0.189623,2.25,206.6442174700686,206.59681172006862,0.0019821605550049554,0.0,0.0019821605550049554,0.0019821605550049554,0.006937561942517344,10,0.9514370664023787,2,0.7815386230233267,1.4257170635107337,0.5686800912679598,0.3
main,v040,LOSO-dep-f3,primary,LOSO,deployed,3,B,Shared-PPO|wcnc2027_ablation/shared_ppo_seed77/mappo_best.pt,Shared-PPO,77,R,wcnc2027_ablation 2026-09-14 (supplementary ablation),3,-164.931448168637,137.931448168637,27.0,0.0,0.0,207.4683263433343,207.4683263433343,0.0009910802775024777,0.0009910802775024777,0.0,0.0009910802775024777,0.0,0,0.0,1,5.638737068725305,5.638737068725305,1.0,0.3
main,v040,LOSO-dep-f3,primary,LOSO,deployed,3,B,Shared-PPO|wcnc2027_ablation/shared_ppo_seed77/mappo_best.pt,Shared-PPO,77,R,wcnc2027_ablation 2026-09-14 (supplementary ablation),4,-605.0861703494206,546.5285275494207,54.0,0.6826428,3.875,186.7382223266909,186.56756162669092,0.0019821605550049554,0.0,0.0019821605550049554,0.0019821605550049554,0.14965312190287414,36,3.4251734390485633,2,1.4257170635107337,1.4257170635107337,1.0,0.3
main,v040,LOSO-dep-f3,primary,LOSO,deployed,3,B,Shared-PPO|wcnc2027_ablation/shared_ppo_seed77/mappo_best.pt,Shared-PPO,77,R,wcnc2027_ablation 2026-09-14 (supplementary ablation),5,-388.6180591182317,357.1250393182317,27.0,0.4930198,4.0,200.179594347923,200.056339397923,0.0009910802775024777,0.0,0.0009910802775024777,0.0009910802775024777,0.061446977205153616,26,2.4737363726461843,1,1.4257170635107337,1.4257170635107337,1.0,0.3
main,v040,LOSO-dep-f3,primary,LOSO,deployed,3,B,Shared-PPO|wcnc2027_ablation/shared_ppo_seed77/mappo_best.pt,Shared-PPO,77,R,wcnc2027_ablation 2026-09-14 (supplementary ablation),6,-670.2302532669927,630.1416660669927,27.0,1.2135872,11.875,189.30389956291896,189.00050276291898,0.0009910802775024777,0.0,0.0009910802775024777,0.0009910802775024777,0.14073339940535184,64,6.089197224975224,1,231.04299167654068,231.04299167654068,1.0,0.3
main,v040,LOSO-dep-f3,primary,LOSO,deployed,3,B,Shared-PPO|wcnc2027_ablation/shared_ppo_seed77/mappo_best.pt,Shared-PPO,77,R,wcnc2027_ablation 2026-09-14 (supplementary ablation),7,-621.7977979108321,560.4943496347545,55.12080547607759,0.6826428,5.5,192.46180274204244,192.29114204204245,0.002973240832507433,0.0,0.002973240832507433,0.002973240832507433,0.1278493557978196,36,3.4251734390485633,3,0.9962647698524624,1.4257170635107337,0.71245339417864,0.3
main,v040,LOSO-dep-f3,primary,LOSO,deployed,3,B,Shared-PPO|wcnc2027_ablation/shared_ppo_seed77/mappo_best.pt,Shared-PPO,77,R,wcnc2027_ablation 2026-09-14 (supplementary ablation),8,-363.62160097347135,359.2044303734714,0.0,0.4171706,4.0,203.5342435494198,203.42995089941982,0.0,0.0,0.0,0.0,0.03369672943508424,22,2.093161546085233,0,0.0,0.0,0.0,0.3
main,v040,LOSO-dep-f3,primary,LOSO,deployed,3,B,Shared-PPO|wcnc2027_ablation/shared_ppo_seed77/mappo_best.pt,Shared-PPO,77,R,wcnc2027_ablation 2026-09-14 (supplementary ablation),9,-1080.01144018583,81.01144018583015,999.0,0.0,0.0,207.49609891718006,207.49609891718006,0.04558969276511397,0.04558969276511397,0.0,0.036669970267591674,0.0,0,0.0,46,8.450041579904692,99.27811641324571,0.815618707421439,0.3
main,v040,LOSO-dep-f3,primary,LOSO,deployed,3,B,MAPPO|wcnc2027_ablation/mappo_seed99/mappo_best.pt,MAPPO,99,R,wcnc2027_ablation 2026-09-14,all,-5438.322068495721,4224.896013543566,1163.241610952155,5.309444000000001,44.875,1965.8728804348539,1964.5455194348538,0.005450941526263627,0.0046580773042616454,0.0007928642220019821,0.0044598612487611496,0.08156590683845391,280,2.66402378592666,55,11.479511742529775,231.04299167654068,0.7964563037381615,0.3
main,v040,LOSO-dep-f3,primary,LOSO,deployed,3,B,MAPPO|wcnc2027_ablation/mappo_seed99/mappo_best.pt,MAPPO,99,R,wcnc2027_ablation 2026-09-14,0,-811.4605416601867,801.3607282601868,0.0,1.0998134,9.0,177.91468095291458,177.63972760291455,0.0,0.0,0.0,0.0,0.2180376610505451,58,5.518334985133796,0,0.0,0.0,0.0,0.3
main,v040,LOSO-dep-f3,primary,LOSO,deployed,3,B,MAPPO|wcnc2027_ablation/mappo_seed99/mappo_best.pt,MAPPO,99,R,wcnc2027_ablation 2026-09-14,1,-496.1579828812322,461.6115662812322,27.0,0.7964166,6.75,192.36462747323952,192.16552332323948,0.0019821605550049554,0.0,0.0019821605550049554,0.0009910802775024777,0.11000991080277503,42,3.9960356788899905,2,0.7188164313257891,1.4257170635107337,0.5059578995704223,0.3
main,v040,LOSO-dep-f3,primary,LOSO,deployed,3,B,MAPPO|wcnc2027_ablation/mappo_seed99/mappo_best.pt,MAPPO,99,R,wcnc2027_ablation 2026-09-14,2,-283.95390794142673,280.68140406534917,1.1208054760775898,0.1516984,2.0,206.88145384947745,206.84352924947746,0.0009910802775024777,0.0,0.0009910802775024777,0.0009910802775024777,0.003964321110009911,8,0.761149653121903,1,0.1373601825359197,0.1373601825359197,0.13736018253591964,0.3
main,v040,LOSO-dep-f3,primary,LOSO,deployed,3,B,MAPPO|wcnc2027_ablation/mappo_seed99/mappo_best.pt,MAPPO,99,R,wcnc2027_ablation 2026-09-14,3,-164.931448168637,137.931448168637,27.0,0.0,0.0,207.4683263433343,207.4683263433343,0.0009910802775024777,0.0009910802775024777,0.0,0.0009910802775024777,0.0,0,0.0,1,5.638737068725305,5.638737068725305,1.0,0.3
main,v040,LOSO-dep-f3,primary,LOSO,deployed,3,B,MAPPO|wcnc2027_ablation/mappo_seed99/mappo_best.pt,MAPPO,99,R,wcnc2027_ablation 2026-09-14,4,-604.6158899141136,544.8953225141137,54.0,0.7205674,5.0,186.58907298450956,186.40893113450957,0.0019821605550049554,0.0,0.0019821605550049554,0.0019821605550049554,0.14965312190287414,38,3.615460852329039,2,1.4257170635107337,1.4257170635107337,1.0,0.3
main,v040,LOSO-dep-f3,primary,LOSO,deployed,3,B,MAPPO|wcnc2027_ablation/mappo_seed99/mappo_best.pt,MAPPO,99,R,wcnc2027_ablation 2026-09-14,5,-364.66562615011134,362.8622293501113,0.0,0.3033968,1.5,200.8860286044674,200.81017940446742,0.0,0.0,0.0,0.0,0.05054509415262636,16,1.522299306243806,0,0.0,0.0,0.0,0.3
main,v040,LOSO-dep-f3,primary,LOSO,deployed,3,B,MAPPO|wcnc2027_ablation/mappo_seed99/mappo_best.pt,MAPPO,99,R,wcnc2027_ablation 2026-09-14,6,-671.9222624721913,633.0345244721913,27.0,1.1377380000000001,10.75,189.81112203273875,189.52668753273875,0.0009910802775024777,0.0,0.0009910802775024777,0.0009910802775024777,0.13280475718533202,60,5.708622398414271,1,231.04299167654068,231.04299167654068,1.0,0.3
main,v040,LOSO-dep-f3,primary,LOSO,deployed,3,B,MAPPO|wcnc2027_ablation/mappo_seed99/mappo_best.pt,MAPPO,99,R,wcnc2027_ablation 2026-09-14,7,-595.9892345939807,561.9357863179031,28.12080547607759,0.6826428,5.25,192.71770504189533,192.54704434189534,0.0019821605550049554,0.0,0.0019821605550049554,0.0019821605550049554,0.12091179385530228,36,3.4251734390485633,2,0.7815386230233267,1.4257170635107337,0.5686800912679598,0.3
main,v040,LOSO-dep-f3,primary,LOSO,deployed,3,B,MAPPO|wcnc2027_ablation/mappo_seed99/mappo_best.pt,MAPPO,99,R,wcnc2027_ablation 2026-09-14,8,-364.6137345280113,359.5715639280113,0.0,0.41717060000000006,4.625,203.74376423509682,203.63947158509683,0.0,0.0,0.0,0.0,0.02973240832507433,22,2.093161546085233,0,0.0,0.0,0.0,0.3
main,v040,LOSO-dep-f3,primary,LOSO,deployed,3,B,MAPPO|wcnc2027_ablation/mappo_seed99/mappo_best.pt,MAPPO,99,R,wcnc2027_ablation 2026-09-14,9,-1080.01144018583,81.01144018583015,999.0,0.0,0.0,207.49609891718006,207.49609891718006,0.04558969276511397,0.04558969276511397,0.0,0.036669970267591674,0.0,0,0.0,46,8.450041579904692,99.27811641324571,0.815618707421439,0.3
main,v040,LOSO-dep-f3,primary,LOSO,deployed,3,B,Centralized PPO|wcnc2027_ablation/central_seed99/ppo_multi_site.zip,Centralized PPO,99,R,wcnc2027_ablation 2026-09-14,all,-12172.10542134052,5703.420562816376,6437.528624724145,3.9062338000000003,27.25,2140.010156245653,2139.033597795653,0.02854311199207136,0.011992071357779981,0.02388503468780971,0.02715559960356789,0.11793855302279485,205,1.9504459861248762,288,152.1374836525599,2442.613705294324,0.8422303021801917,0.3
main,v040,LOSO-dep-f3,primary,LOSO,deployed,3,B,Centralized PPO|wcnc2027_ablation/central_seed99/ppo_multi_site.zip,Centralized PPO,99,R,wcnc2027_ablation 2026-09-14,0,-3341.2476160223814,846.0262923887191,2477.5750936336617,1.89623,15.75,211.20276009295458,210.72870259295456,0.10109018830525272,0.007928642220019821,0.10109018830525272,0.10009910802775025,0.7789890981169475,99,9.419226957383549,102,26.36760439873199,1647.7475612632013,0.9088014926823161,0.3
main,v040,LOSO-dep-f3,primary,LOSO,deployed,3,B,Centralized PPO|wcnc2027_ablation/central_seed99/ppo_multi_site.zip,Centralized PPO,99,R,wcnc2027_ablation 2026-09-14,1,-869.3236030265607,869.3236030265607,0.0,0.0,0.0,207.06714615966618,207.06714615966618,0.0,0.0,0.0,0.0,0.0,0,0.0,0,0.0,0.0,0.0,0.3
main,v040,LOSO-dep-f3,primary,LOSO,deployed,3,B,Centralized PPO|wcnc2027_ablation/central_seed99/ppo_multi_site.zip,Centralized PPO,99,R,wcnc2027_ablation 2026-09-14,2,-285.3829492908979,285.3829492908979,0.0,0.0,0.0,207.24386539215953,207.24386539215953,0.0,0.0,0.0,0.0,0.0,0,0.0,0,0.0,0.0,0.0,0.3
main,v040,LOSO-dep-f3,primary,LOSO,deployed,3,B,Centralized PPO|wcnc2027_ablation/central_seed99/ppo_multi_site.zip,Centralized PPO,99,R,wcnc2027_ablation 2026-09-14,3,-164.931448168637,137.931448168637,27.0,0.0,0.0,207.4683263433343,207.4683263433343,0.0009910802775024777,0.0009910802775024777,0.0,0.0009910802775024777,0.0,0,0.0,1,5.638737068725305,5.638737068725305,1.0,0.3
main,v040,LOSO-dep-f3,primary,LOSO,deployed,3,B,Centralized PPO|wcnc2027_ablation/central_seed99/ppo_multi_site.zip,Centralized PPO,99,R,wcnc2027_ablation 2026-09-14,4,-1349.7629623135808,968.6652502402629,379.158089073318,0.18962299999999999,1.75,219.2007788310272,219.1533730810272,0.02081268582755203,0.01684836471754212,0.02081268582755203,0.019821605550049554,0.023785926660059464,10,0.9514370664023787,21,519.787824698113,1647.7475612632013,0.6976437508691165,0.3
main,v040,LOSO-dep-f3,primary,LOSO,deployed,3,B,Centralized PPO|wcnc2027_ablation/central_seed99/ppo_multi_site.zip,Centralized PPO,99,R,wcnc2027_ablation 2026-09-14,5,-443.40120791877587,443.40120791877587,0.0,0.0,0.0,207.1529463248001,207.1529463248001,0.0,0.0,0.0,0.0,0.0,0,0.0,0,0.0,0.0,0.0,0.3
main,v040,LOSO-dep-f3,primary,LOSO,deployed,3,B,Centralized PPO|wcnc2027_ablation/central_seed99/ppo_multi_site.zip,Centralized PPO,99,R,wcnc2027_ablation 2026-09-14,6,-956.5359047416525,956.5359047416525,0.0,0.0,0.0,206.92409279657878,206.92409279657878,0.0,0.0,0.0,0.0,0.0,0,0.0,0,0.0,0.0,0.0,0.3
main,v040,LOSO-dep-f3,primary,LOSO,deployed,3,B,Centralized PPO|wcnc2027_ablation/central_seed99/ppo_multi_site.zip,Centralized PPO,99,R,wcnc2027_ablation 2026-09-14,7,-1700.032584291783,699.1615035147365,990.2178705770466,1.4032102000000002,9.25,220.94778636602942,220.59698381602942,0.040634291377601585,0.006937561942517344,0.040634291377601585,0.040634291377601585,0.18929633300297324,74,7.040634291377602,41,85.10412702528214,1647.7475612632013,0.9050551793309322,0.3
main,v040,LOSO-dep-f3,primary,LOSO,deployed,3,B,Centralized PPO|wcnc2027_ablation/central_seed99/ppo_multi_site.zip,Centralized PPO,99,R,wcnc2027_ablation 2026-09-14,8,-1981.4757053804215,415.98096334030356,1564.5775714401177,0.4171706,0.5,245.30635502192257,245.20206237192258,0.07631318136769079,0.04162537165510406,0.07631318136769079,0.07333994053518335,0.18731417244796827,22,2.093161546085233,77,341.9083826860429,2442.613705294324,0.7738744560012095,0.3
main,v040,LOSO-dep-f3,primary,LOSO,deployed,3,B,Centralized PPO|wcnc2027_ablation/central_seed99/ppo_multi_site.zip,Centralized PPO,99,R,wcnc2027_ablation 2026-09-14,9,-1080.01144018583,81.01144018583015,999.0,0.0,0.0,207.49609891718006,207.49609891718006,0.04558969276511397,0.04558969276511397,0.0,0.036669970267591674,0.0,0,0.0,46,8.450041579904692,99.27811641324571,0.815618707421439,0.3
main,v040,LOSO-dep-f3,primary,LOSO,deployed,3,B,Shared-PPO|wcnc2027_ablation/shared_ppo_seed99/mappo_best.pt,Shared-PPO,99,R,wcnc2027_ablation 2026-09-14 (supplementary ablation),all,-5453.041413906123,4181.511299553968,1190.241610952155,6.7885034,74.5,1960.902844730434,1959.205718880434,0.005550049554013875,0.0046580773042616454,0.00089197224975223,0.0045589692765113975,0.08751238850346878,358,3.4061446977205154,56,11.299979694690146,231.04299167654068,0.80009101259998,0.3
main,v040,LOSO-dep-f3,primary,LOSO,deployed,3,B,Shared-PPO|wcnc2027_ablation/shared_ppo_seed99/mappo_best.pt,Shared-PPO,99,R,wcnc2027_ablation 2026-09-14 (supplementary ablation),0,-809.5116190812585,789.1687858812585,0.0,1.5928332,18.75,176.64849279986416,176.25028449986416,0.0,0.0,0.0,0.0,0.2309217046580773,84,7.992071357779981,0,0.0,0.0,0.0,0.3
main,v040,LOSO-dep-f3,primary,LOSO,deployed,3,B,Shared-PPO|wcnc2027_ablation/shared_ppo_seed99/mappo_best.pt,Shared-PPO,99,R,wcnc2027_ablation 2026-09-14 (supplementary ablation),1,-494.12245157451076,455.6743365745108,27.0,0.948115,10.5,191.61839602524725,191.38136727524721,0.0019821605550049554,0.0,0.0019821605550049554,0.0009910802775024777,0.1199207135777998,50,4.757185332011893,2,0.7188164313257891,1.4257170635107337,0.5059578995704223,0.3
main,v040,LOSO-dep-f3,primary,LOSO,deployed,3,B,Shared-PPO|wcnc2027_ablation/shared_ppo_seed99/mappo_best.pt,Shared-PPO,99,R,wcnc2027_ablation 2026-09-14 (supplementary ablation),2,-281.95672701668315,277.85837394060553,1.1208054760775898,0.22754760000000002,2.75,206.59189572262278,206.53500882262279,0.0009910802775024777,0.0,0.0009910802775024777,0.0009910802775024777,0.007928642220019821,12,1.1417244796828543,1,0.1373601825359197,0.1373601825359197,0.13736018253591964,0.3
main,v040,LOSO-dep-f3,primary,LOSO,deployed,3,B,Shared-PPO|wcnc2027_ablation/shared_ppo_seed99/mappo_best.pt,Shared-PPO,99,R,wcnc2027_ablation 2026-09-14 (supplementary ablation),3,-164.931448168637,137.931448168637,27.0,0.0,0.0,207.4683263433343,207.4683263433343,0.0009910802775024777,0.0009910802775024777,0.0,0.0009910802775024777,0.0,0,0.0,1,5.638737068725305,5.638737068725305,1.0,0.3
main,v040,LOSO-dep-f3,primary,LOSO,deployed,3,B,Shared-PPO|wcnc2027_ablation/shared_ppo_seed99/mappo_best.pt,Shared-PPO,99,R,wcnc2027_ablation 2026-09-14 (supplementary ablation),4,-606.0059699010826,544.4595533010826,54.0,0.7964166,6.75,186.5986100099311,186.39950585993105,0.0019821605550049554,0.0,0.0019821605550049554,0.0019821605550049554,0.14866204162537167,42,3.9960356788899905,2,1.4257170635107337,1.4257170635107337,1.0,0.3
main,v040,LOSO-dep-f3,primary,LOSO,deployed,3,B,Shared-PPO|wcnc2027_ablation/shared_ppo_seed99/mappo_best.pt,Shared-PPO,99,R,wcnc2027_ablation 2026-09-14 (supplementary ablation),5,-388.69747684908185,355.62860784908185,27.0,0.5688690000000001,5.5,200.04885474734124,199.90663749734125,0.0009910802775024777,0.0,0.0009910802775024777,0.0009910802775024777,0.062438057482656094,30,2.8543111992071357,1,1.4257170635107337,1.4257170635107337,1.0,0.3
main,v040,LOSO-dep-f3,primary,LOSO,deployed,3,B,Shared-PPO|wcnc2027_ablation/shared_ppo_seed99/mappo_best.pt,Shared-PPO,99,R,wcnc2027_ablation 2026-09-14 (supplementary ablation),6,-669.9457392784309,626.2433782784309,27.0,1.327361,15.375,188.99627587765303,188.66443562765306,0.0009910802775024777,0.0,0.0009910802775024777,0.0009910802775024777,0.14073339940535184,70,6.6600594648166505,1,231.04299167654068,231.04299167654068,1.0,0.3
main,v040,LOSO-dep-f3,primary,LOSO,deployed,3,B,Shared-PPO|wcnc2027_ablation/shared_ppo_seed99/mappo_best.pt,Shared-PPO,99,R,wcnc2027_ablation 2026-09-14 (supplementary ablation),7,-594.1516129310401,557.3593908549626,28.12080547607759,0.7964166,7.875,192.10199436901223,191.90289021901225,0.0019821605550049554,0.0,0.0019821605550049554,0.0019821605550049554,0.13082259663032705,42,3.9960356788899905,2,0.7815386230233267,1.4257170635107337,0.5686800912679598,0.3
main,v040,LOSO-dep-f3,primary,LOSO,deployed,3,B,Shared-PPO|wcnc2027_ablation/shared_ppo_seed99/mappo_best.pt,Shared-PPO,99,R,wcnc2027_ablation 2026-09-14 (supplementary ablation),8,-363.70692891956753,356.1759845195676,0.0,0.5309444,7.0,203.33389991824808,203.2011638182481,0.0,0.0,0.0,0.0,0.03369672943508424,28,2.66402378592666,0,0.0,0.0,0.0,0.3
main,v040,LOSO-dep-f3,primary,LOSO,deployed,3,B,Shared-PPO|wcnc2027_ablation/shared_ppo_seed99/mappo_best.pt,Shared-PPO,99,R,wcnc2027_ablation 2026-09-14 (supplementary ablation),9,-1080.01144018583,81.01144018583015,999.0,0.0,0.0,207.49609891718006,207.49609891718006,0.04558969276511397,0.04558969276511397,0.0,0.036669970267591674,0.0,0,0.0,46,8.450041579904692,99.27811641324571,0.815618707421439,0.3
main,v040,LOSO-dep-f3,primary,LOSO,deployed,3,B,MAPPO|mappo_seed1_20260517T110908/mappo_best.pt,MAPPO,1,P,"May 2026, pre-781c90c reward",all,-5476.43288833748,4307.25967053748,1107.0,5.4232178,56.75,1976.4948386559483,1975.1390342059483,0.005054509415262636,0.0046580773042616454,0.00039643211100099106,0.004063429137760159,0.06848364717542121,286,2.721110009910803,51,12.318568457785178,231.04299167654068,0.8143211047162165,0.3
main,v040,LOSO-dep-f3,primary,LOSO,deployed,3,B,MAPPO|mappo_seed1_20260517T110908/mappo_best.pt,MAPPO,1,P,"May 2026, pre-781c90c reward",0,-833.865292377923,821.890478977923,0.0,1.0998134000000002,10.875,180.5860491411696,180.31109579116963,0.0,0.0,0.0,0.0,0.18533201189296333,58,5.518334985133796,0,0.0,0.0,0.0,0.3
main,v040,LOSO-dep-f3,primary,LOSO,deployed,3,B,MAPPO|mappo_seed1_20260517T110908/mappo_best.pt,MAPPO,1,P,"May 2026, pre-781c90c reward",1,-509.3855531999551,474.50206119995505,27.0,0.758492,7.125,193.867525258831,193.677902258831,0.0019821605550049554,0.0,0.0019821605550049554,0.0009910802775024777,0.0931615460852329,40,3.8057482656095147,2,0.7188164313257891,1.4257170635107337,0.5059578995704223,0.3
main,v040,LOSO-dep-f3,primary,LOSO,deployed,3,B,MAPPO|mappo_seed1_20260517T110908/mappo_best.pt,MAPPO,1,P,"May 2026, pre-781c90c reward",2,-282.0835921767915,280.4698183767915,0.0,0.11377380000000001,1.5,206.8909983987804,206.8625549487804,0.0,0.0,0.0,0.0,0.002973240832507433,6,0.5708622398414271,0,0.0,0.0,0.0,0.3
main,v040,LOSO-dep-f3,primary,LOSO,deployed,3,B,MAPPO|mappo_seed1_20260517T110908/mappo_best.pt,MAPPO,1,P,"May 2026, pre-781c90c reward",3,-164.931448168637,137.931448168637,27.0,0.0,0.0,207.4683263433343,207.4683263433343,0.0009910802775024777,0.0009910802775024777,0.0,0.0009910802775024777,0.0,0,0.0,1,5.638737068725305,5.638737068725305,1.0,0.3
main,v040,LOSO-dep-f3,primary,LOSO,deployed,3,B,MAPPO|mappo_seed1_20260517T110908/mappo_best.pt,MAPPO,1,P,"May 2026, pre-781c90c reward",4,-599.3581217690694,561.6108559690695,27.0,0.8722658000000001,9.875,188.6948408790784,188.47677442907843,0.0009910802775024777,0.0,0.0009910802775024777,0.0009910802775024777,0.12586719524281467,46,4.376610505450942,1,1.4257170635107337,1.4257170635107337,1.0,0.3
main,v040,LOSO-dep-f3,primary,LOSO,deployed,3,B,MAPPO|mappo_seed1_20260517T110908/mappo_best.pt,MAPPO,1,P,"May 2026, pre-781c90c reward",5,-367.21610451649957,364.3747831164996,0.0,0.3413214,2.5,201.18857767522616,201.10324732522616,0.0,0.0,0.0,0.0,0.04658077304261645,18,1.7125867195242817,0,0.0,0.0,0.0,0.3
main,v040,LOSO-dep-f3,primary,LOSO,deployed,3,B,MAPPO|mappo_seed1_20260517T110908/mappo_best.pt,MAPPO,1,P,"May 2026, pre-781c90c reward",6,-683.8831462877574,641.9574836877575,27.0,1.1756626,13.75,191.21462037287887,190.9207047228789,0.0009910802775024777,0.0,0.0009910802775024777,0.0009910802775024777,0.11298315163528246,62,5.898909811694748,1,231.04299167654068,231.04299167654068,1.0,0.3
main,v040,LOSO-dep-f3,primary,LOSO,deployed,3,B,MAPPO|mappo_seed1_20260517T110908/mappo_best.pt,MAPPO,1,P,"May 2026, pre-781c90c reward",7,-581.2870687879486,575.5173505879486,0.0,0.6447182,5.125,194.4148872087902,194.25370765879018,0.0,0.0,0.0,0.0,0.09910802775024777,34,3.2348860257680876,0,0.0,0.0,0.0,0.3
main,v040,LOSO-dep-f3,primary,LOSO,deployed,3,B,MAPPO|mappo_seed1_20260517T110908/mappo_best.pt,MAPPO,1,P,"May 2026, pre-781c90c reward",8,-374.4111208670679,367.99395026706793,0.0,0.41717060000000006,6.0,204.67291446067932,204.56862181067933,0.0,0.0,0.0,0.0,0.018830525272547076,22,2.093161546085233,0,0.0,0.0,0.0,0.3
main,v040,LOSO-dep-f3,primary,LOSO,deployed,3,B,MAPPO|mappo_seed1_20260517T110908/mappo_best.pt,MAPPO,1,P,"May 2026, pre-781c90c reward",9,-1080.01144018583,81.01144018583015,999.0,0.0,0.0,207.49609891718006,207.49609891718006,0.04558969276511397,0.04558969276511397,0.0,0.036669970267591674,0.0,0,0.0,46,8.450041579904692,99.27811641324571,0.815618707421439,0.3
main,v040,LOSO-dep-f3,primary,LOSO,deployed,3,B,MAPPO|mappo_seed7_20260517T003433/mappo_best.pt,MAPPO,7,P,"May 2026, pre-781c90c reward",all,-5484.878515831799,4238.421567955722,1189.1208054760775,5.4611424,51.875,1966.891535569556,1965.5262499695561,0.005450941526263627,0.0046580773042616454,0.0007928642220019821,0.0044598612487611496,0.08126858275520317,288,2.7401387512388506,55,11.502936413092952,231.04299167654068,0.8121406640556901,0.3
main,v040,LOSO-dep-f3,primary,LOSO,deployed,3,B,MAPPO|mappo_seed7_20260517T003433/mappo_best.pt,MAPPO,7,P,"May 2026, pre-781c90c reward",0,-814.2810828142717,803.9312694142716,0.0,1.0998134000000002,9.25,178.13226815428644,177.85731480428643,0.0,0.0,0.0,0.0,0.21704658077304262,58,5.518334985133796,0,0.0,0.0,0.0,0.3
main,v040,LOSO-dep-f3,primary,LOSO,deployed,3,B,MAPPO|mappo_seed7_20260517T003433/mappo_best.pt,MAPPO,7,P,"May 2026, pre-781c90c reward",1,-495.7915083026787,461.9459409026788,27.0,0.7205674,6.125,192.32234706569835,192.14220521569837,0.0019821605550049554,0.0,0.0019821605550049554,0.0009910802775024777,0.11496531219028741,38,3.615460852329039,2,0.7188164313257891,1.4257170635107337,0.5059578995704223,0.3
main,v040,LOSO-dep-f3,primary,LOSO,deployed,3,B,MAPPO|mappo_seed7_20260517T003433/mappo_best.pt,MAPPO,7,P,"May 2026, pre-781c90c reward",2,-282.9337772833816,281.3200034833816,0.0,0.11377380000000001,1.5,206.93546526414303,206.90702181414304,0.0,0.0,0.0,0.0,0.002973240832507433,6,0.5708622398414271,0,0.0,0.0,0.0,0.3
main,v040,LOSO-dep-f3,primary,LOSO,deployed,3,B,MAPPO|mappo_seed7_20260517T003433/mappo_best.pt,MAPPO,7,P,"May 2026, pre-781c90c reward",3,-164.931448168637,137.931448168637,27.0,0.0,0.0,207.4683263433343,207.4683263433343,0.0009910802775024777,0.0009910802775024777,0.0,0.0009910802775024777,0.0,0,0.0,1,5.638737068725305,5.638737068725305,1.0,0.3
main,v040,LOSO-dep-f3,primary,LOSO,deployed,3,B,MAPPO|mappo_seed7_20260517T003433/mappo_best.pt,MAPPO,7,P,"May 2026, pre-781c90c reward",4,-637.6266269259997,547.7052103259998,81.0,0.7964166,8.125,186.82994287182024,186.63083872182025,0.002973240832507433,0.0,0.002973240832507433,0.002973240832507433,0.1466798810703667,42,3.9960356788899905,3,1.425717063510734,1.4257170635107337,1.0,0.3
main,v040,LOSO-dep-f3,primary,LOSO,deployed,3,B,MAPPO|mappo_seed7_20260517T003433/mappo_best.pt,MAPPO,7,P,"May 2026, pre-781c90c reward",5,-363.1917000448552,360.18745404485526,0.0,0.379246,2.625,200.56092008883454,200.46610858883454,0.0,0.0,0.0,0.0,0.05550049554013875,20,1.9028741328047574,0,0.0,0.0,0.0,0.3
main,v040,LOSO-dep-f3,primary,LOSO,deployed,3,B,MAPPO|mappo_seed7_20260517T003433/mappo_best.pt,MAPPO,7,P,"May 2026, pre-781c90c reward",6,-676.4369369179659,636.6741989179659,27.0,1.1377380000000001,11.625,190.2149643913745,189.93052989137453,0.0009910802775024777,0.0,0.0009910802775024777,0.0009910802775024777,0.1288404360753221,60,5.708622398414271,1,231.04299167654068,231.04299167654068,1.0,0.3
main,v040,LOSO-dep-f3,primary,LOSO,deployed,3,B,MAPPO|mappo_seed7_20260517T003433/mappo_best.pt,MAPPO,7,P,"May 2026, pre-781c90c reward",7,-604.3203179247971,568.8539450487195,28.12080547607759,0.7205674,6.625,193.28024845513386,193.10010660513387,0.0019821605550049554,0.0,0.0019821605550049554,0.0019821605550049554,0.1159563924677899,38,3.615460852329039,2,0.7815386230233267,1.4257170635107337,0.5686800912679598,0.3
main,v040,LOSO-dep-f3,primary,LOSO,deployed,3,B,MAPPO|mappo_seed7_20260517T003433/mappo_best.pt,MAPPO,7,P,"May 2026, pre-781c90c reward",8,-365.35367726338234,358.8606574633824,0.0,0.4930198,6.0,203.6509540177508,203.5276990677508,0.0,0.0,0.0,0.0,0.030723488602576808,26,2.4737363726461843,0,0.0,0.0,0.0,0.3
main,v040,LOSO-dep-f3,primary,LOSO,deployed,3,B,MAPPO|mappo_seed7_20260517T003433/mappo_best.pt,MAPPO,7,P,"May 2026, pre-781c90c reward",9,-1080.01144018583,81.01144018583015,999.0,0.0,0.0,207.49609891718006,207.49609891718006,0.04558969276511397,0.04558969276511397,0.0,0.036669970267591674,0.0,0,0.0,46,8.450041579904692,99.27811641324571,0.815618707421439,0.3
main,v040,LOSO-dep-f3,primary,LOSO,deployed,3,B,MAPPO|mappo_seed13_20260517T003433/mappo_best.pt,MAPPO,13,P,"May 2026, pre-781c90c reward",all,-5584.636334251692,4100.867446099536,1406.241610952155,6.9022772,70.625,1950.5244788250816,1948.7989095250814,0.006342913776015857,0.0046580773042616454,0.0016848364717542122,0.005351833498513379,0.1016848364717542,364,3.463230921704658,64,13.630490746905693,231.04299167654068,0.8250796360249826,0.3
main,v040,LOSO-dep-f3,primary,LOSO,deployed,3,B,MAPPO|mappo_seed13_20260517T003433/mappo_best.pt,MAPPO,13,P,"May 2026, pre-781c90c reward",0,-810.4137017503169,766.0217177503168,27.0,1.516984,15.875,173.4864895659017,173.1072435659017,0.0009910802775024777,0.0,0.0009910802775024777,0.0009910802775024777,0.27353815659068387,80,7.6114965312190295,1,1.4257170635107337,1.4257170635107337,1.0,0.3
main,v040,LOSO-dep-f3,primary,LOSO,deployed,3,B,MAPPO|mappo_seed13_20260517T003433/mappo_best.pt,MAPPO,13,P,"May 2026, pre-781c90c reward",1,-480.37302574276964,445.82660914276966,27.0,0.7964166,6.75,190.20450103861924,190.00539688861926,0.0019821605550049554,0.0,0.0019821605550049554,0.0009910802775024777,0.13974231912784935,42,3.9960356788899905,2,0.7188164313257891,1.4257170635107337,0.5059578995704223,0.3
main,v040,LOSO-dep-f3,primary,LOSO,deployed,3,B,MAPPO|mappo_seed13_20260517T003433/mappo_best.pt,MAPPO,13,P,"May 2026, pre-781c90c reward",2,-335.78552830069793,277.2742506246203,55.12080547607759,0.26547220000000005,3.125,206.52367105296366,206.45730300296364,0.002973240832507433,0.0,0.002973240832507433,0.002973240832507433,0.009910802775024777,14,1.33201189296333,3,0.9962647698524624,1.4257170635107337,0.71245339417864,0.3
main,v040,LOSO-dep-f3,primary,LOSO,deployed,3,B,MAPPO|mappo_seed13_20260517T003433/mappo_best.pt,MAPPO,13,P,"May 2026, pre-781c90c reward",3,-164.931448168637,137.931448168637,27.0,0.0,0.0,207.4683263433343,207.4683263433343,0.0009910802775024777,0.0009910802775024777,0.0,0.0009910802775024777,0.0,0,0.0,1,5.638737068725305,5.638737068725305,1.0,0.3
main,v040,LOSO-dep-f3,primary,LOSO,deployed,3,B,MAPPO|mappo_seed13_20260517T003433/mappo_best.pt,MAPPO,13,P,"May 2026, pre-781c90c reward",4,-622.5377433740424,536.4801005740424,81.0,0.6826428,4.375,185.47505401421705,185.30439331421707,0.002973240832507433,0.0,0.002973240832507433,0.002973240832507433,0.1645193260654113,36,3.4251734390485633,3,1.425717063510734,1.4257170635107337,1.0,0.3
main,v040,LOSO-dep-f3,primary,LOSO,deployed,3,B,MAPPO|mappo_seed13_20260517T003433/mappo_best.pt,MAPPO,13,P,"May 2026, pre-781c90c reward",5,-381.8925415184908,348.41074791849076,27.0,0.6067936,5.875,199.15722242142544,199.00552402142546,0.0009910802775024777,0.0,0.0009910802775024777,0.0009910802775024777,0.07631318136769079,32,3.044598612487612,1,1.4257170635107337,1.4257170635107337,1.0,0.3
main,v040,LOSO-dep-f3,primary,LOSO,deployed,3,B,MAPPO|mappo_seed13_20260517T003433/mappo_best.pt,MAPPO,13,P,"May 2026, pre-781c90c reward",6,-682.8373281785291,610.4832687785291,54.0,1.4790594,16.875,187.28980212399813,186.9200372739981,0.0019821605550049554,0.0,0.0019821605550049554,0.0019821605550049554,0.1635282457879088,78,7.421209117938553,2,230.30775856564088,231.04299167654068,1.0,0.3
main,v040,LOSO-dep-f3,primary,LOSO,deployed,3,B,MAPPO|mappo_seed13_20260517T003433/mappo_best.pt,MAPPO,13,P,"May 2026, pre-781c90c reward",7,-641.6695525473382,546.9377074712606,82.12080547607759,0.9860396,11.625,190.88121648993757,190.63470658993754,0.003964321110009911,0.0,0.003964321110009911,0.003964321110009911,0.14370664023785926,52,4.947472745292369,4,1.1036278432670303,1.4257170635107337,0.78434004563398,0.3
main,v040,LOSO-dep-f3,primary,LOSO,deployed,3,B,MAPPO|mappo_seed13_20260517T003433/mappo_best.pt,MAPPO,13,P,"May 2026, pre-781c90c reward",8,-384.18402448503906,350.49015548503905,27.0,0.5688690000000001,6.125,202.54209685750442,202.39987960750443,0.0009910802775024777,0.0,0.0009910802775024777,0.0009910802775024777,0.04558969276511397,30,2.8543111992071357,1,1.4257170635107337,1.4257170635107337,1.0,0.3
main,v040,LOSO-dep-f3,primary,LOSO,deployed,3,B,MAPPO|mappo_seed13_20260517T003433/mappo_best.pt,MAPPO,13,P,"May 2026, pre-781c90c reward",9,-1080.01144018583,81.01144018583015,999.0,0.0,0.0,207.49609891718006,207.49609891718006,0.04558969276511397,0.04558969276511397,0.0,0.036669970267591674,0.0,0,0.0,46,8.450041579904692,99.27811641324571,0.815618707421439,0.3
main,v040,LOSO-dep-f3,primary,LOSO,deployed,3,B,MAPPO|mappo_seed23_20260517T110908/mappo_best.pt,MAPPO,23,P,"May 2026, pre-781c90c reward",all,-5420.842455548456,4168.421868996302,1163.241610952155,7.0539756,82.125,1959.9484849441242,1958.1849910441242,0.005450941526263627,0.0046580773042616454,0.0007928642220019821,0.0044598612487611496,0.08681863230921705,372,3.539345887016849,55,11.479511742529775,231.04299167654068,0.7964563037381615,0.3
main,v040,LOSO-dep-f3,primary,LOSO,deployed,3,B,MAPPO|mappo_seed23_20260517T110908/mappo_best.pt,MAPPO,23,P,"May 2026, pre-781c90c reward",0,-801.8850787944735,780.3034717944735,0.0,1.706607,19.875,175.52283871145522,175.0961869614552,0.0,0.0,0.0,0.0,0.24281466798810702,90,8.562933597621408,0,0.0,0.0,0.0,0.3
main,v040,LOSO-dep-f3,primary,LOSO,deployed,3,B,MAPPO|mappo_seed23_20260517T110908/mappo_best.pt,MAPPO,23,P,"May 2026, pre-781c90c reward",1,-495.4409441761686,456.2428291761686,27.0,0.948115,11.25,191.77822848068217,191.5411997306822,0.0019821605550049554,0.0,0.0019821605550049554,0.0009910802775024777,0.11496531219028741,50,4.757185332011893,2,0.7188164313257891,1.4257170635107337,0.5059578995704223,0.3
main,v040,LOSO-dep-f3,primary,LOSO,deployed,3,B,MAPPO|mappo_seed23_20260517T110908/mappo_best.pt,MAPPO,23,P,"May 2026, pre-781c90c reward",2,-281.93852519106076,278.2530967149832,1.1208054760775898,0.189623,2.375,206.65450593778053,206.60710018778053,0.0009910802775024777,0.0,0.0009910802775024777,0.0009910802775024777,0.005946481665014866,10,0.9514370664023787,1,0.1373601825359197,0.1373601825359197,0.13736018253591964,0.3
main,v040,LOSO-dep-f3,primary,LOSO,deployed,3,B,MAPPO|mappo_seed23_20260517T110908/mappo_best.pt,MAPPO,23,P,"May 2026, pre-781c90c reward",3,-164.931448168637,137.931448168637,27.0,0.0,0.0,207.4683263433343,207.4683263433343,0.0009910802775024777,0.0009910802775024777,0.0,0.0009910802775024777,0.0,0,0.0,1,5.638737068725305,5.638737068725305,1.0,0.3
main,v040,LOSO-dep-f3,primary,LOSO,deployed,3,B,MAPPO|mappo_seed23_20260517T110908/mappo_best.pt,MAPPO,23,P,"May 2026, pre-781c90c reward",4,-605.7948825858712,541.922616785871,54.0,0.8722658,9.0,186.32107973815351,186.1030132881535,0.0019821605550049554,0.0,0.0019821605550049554,0.0019821605550049554,0.1506442021803766,46,4.376610505450942,2,1.4257170635107337,1.4257170635107337,1.0,0.3
main,v040,LOSO-dep-f3,primary,LOSO,deployed,3,B,MAPPO|mappo_seed23_20260517T110908/mappo_best.pt,MAPPO,23,P,"May 2026, pre-781c90c reward",5,-362.98501797237566,357.3669981723757,0.0,0.4930198,5.125,200.3163383638153,200.19308341381532,0.0,0.0,0.0,0.0,0.05649157581764123,26,2.4737363726461843,0,0.0,0.0,0.0,0.3
main,v040,LOSO-dep-f3,primary,LOSO,deployed,3,B,MAPPO|mappo_seed23_20260517T110908/mappo_best.pt,MAPPO,23,P,"May 2026, pre-781c90c reward",6,-668.0355597802582,621.844424980258,27.0,1.4411348,17.75,188.80717691310463,188.4468932131046,0.0009910802775024777,0.0,0.0009910802775024777,0.0009910802775024777,0.14073339940535184,76,7.230921704658078,1,231.04299167654068,231.04299167654068,1.0,0.3
main,v040,LOSO-dep-f3,primary,LOSO,deployed,3,B,MAPPO|mappo_seed23_20260517T110908/mappo_best.pt,MAPPO,23,P,"May 2026, pre-781c90c reward",7,-594.8301620483479,557.0000153722704,28.12080547607759,0.8343412000000001,8.875,192.17880425906372,191.97021895906374,0.0019821605550049554,0.0,0.0019821605550049554,0.0019821605550049554,0.12388503468780972,44,4.186323092170466,2,0.7815386230233267,1.4257170635107337,0.5686800912679598,0.3
main,v040,LOSO-dep-f3,primary,LOSO,deployed,3,B,MAPPO|mappo_seed23_20260517T110908/mappo_best.pt,MAPPO,23,P,"May 2026, pre-781c90c reward",8,-364.98939664543377,356.5455276454338,0.0,0.5688690000000001,7.875,203.40508727955466,203.26287002955468,0.0,0.0,0.0,0.0,0.03270564915758176,30,2.8543111992071357,0,0.0,0.0,0.0,0.3
main,v040,LOSO-dep-f3,primary,LOSO,deployed,3,B,MAPPO|mappo_seed23_20260517T110908/mappo_best.pt,MAPPO,23,P,"May 2026, pre-781c90c reward",9,-1080.01144018583,81.01144018583015,999.0,0.0,0.0,207.49609891718006,207.49609891718006,0.04558969276511397,0.04558969276511397,0.0,0.036669970267591674,0.0,0,0.0,46,8.450041579904692,99.27811641324571,0.815618707421439,0.3
main,v040,LOSO-dep-f3,primary,LOSO,deployed,3,B,MAPPO|mappo_seed42_20260526T143637/mappo_best.pt,MAPPO,42,P+T,"May 2026, pre-781c90c reward",all,-5438.211575103862,4227.489103551707,1136.241610952155,6.1058606,68.375,1967.8061577425801,1966.27969259258,0.005351833498513379,0.0046580773042616454,0.0006937561942517344,0.004360753221010902,0.07730426164519326,322,3.0636273538156593,54,7.413521373381421,99.27811641324571,0.7926869760296088,0.3
main,v040,LOSO-dep-f3,primary,LOSO,deployed,3,B,MAPPO|mappo_seed42_20260526T143637/mappo_best.pt,MAPPO,42,P+T,"May 2026, pre-781c90c reward",0,-820.9994105176313,807.7366725176314,0.0,1.1377380000000001,12.125,179.01913312736076,178.73469862736076,0.0,0.0,0.0,0.0,0.20118929633300298,60,5.708622398414271,0,0.0,0.0,0.0,0.3
main,v040,LOSO-dep-f3,primary,LOSO,deployed,3,B,MAPPO|mappo_seed42_20260526T143637/mappo_best.pt,MAPPO,42,P+T,"May 2026, pre-781c90c reward",1,-499.15171135496973,461.6544455549697,27.0,0.8722658000000001,9.625,192.41108469991724,192.1930182499172,0.0019821605550049554,0.0,0.0019821605550049554,0.0009910802775024777,0.10802775024777007,46,4.376610505450942,2,0.7188164313257891,1.4257170635107337,0.5059578995704223,0.3
main,v040,LOSO-dep-f3,primary,LOSO,deployed,3,B,MAPPO|mappo_seed42_20260526T143637/mappo_best.pt,MAPPO,42,P+T,"May 2026, pre-781c90c reward",2,-281.93852519106076,278.2530967149832,1.1208054760775898,0.189623,2.375,206.65450593778053,206.60710018778053,0.0009910802775024777,0.0,0.0009910802775024777,0.0009910802775024777,0.005946481665014866,10,0.9514370664023787,1,0.1373601825359197,0.1373601825359197,0.13736018253591964,0.3
main,v040,LOSO-dep-f3,primary,LOSO,deployed,3,B,MAPPO|mappo_seed42_20260526T143637/mappo_best.pt,MAPPO,42,P+T,"May 2026, pre-781c90c reward",3,-164.931448168637,137.931448168637,27.0,0.0,0.0,207.4683263433343,207.4683263433343,0.0009910802775024777,0.0009910802775024777,0.0,0.0009910802775024777,0.0,0,0.0,1,5.638737068725305,5.638737068725305,1.0,0.3
main,v040,LOSO-dep-f3,primary,LOSO,deployed,3,B,MAPPO|mappo_seed42_20260526T143637/mappo_best.pt,MAPPO,42,P+T,"May 2026, pre-781c90c reward",4,-612.8183270168042,547.4081366168043,54.0,0.9101904000000001,10.5,187.04508709662727,186.81753949662726,0.0019821605550049554,0.0,0.0019821605550049554,0.0019821605550049554,0.14271555996035679,48,4.566897918731417,2,1.4257170635107337,1.4257170635107337,1.0,0.3
main,v040,LOSO-dep-f3,primary,LOSO,deployed,3,B,MAPPO|mappo_seed42_20260526T143637/mappo_best.pt,MAPPO,42,P+T,"May 2026, pre-781c90c reward",5,-364.0260448575424,359.9838742575424,0.0,0.4171706,3.625,200.7809927910322,200.6767001410322,0.0,0.0,0.0,0.0,0.05054509415262636,22,2.093161546085233,0,0.0,0.0,0.0,0.3
main,v040,LOSO-dep-f3,primary,LOSO,deployed,3,B,MAPPO|mappo_seed42_20260526T143637/mappo_best.pt,MAPPO,42,P+T,"May 2026, pre-781c90c reward",6,-674.6958936864894,628.1676834864893,27.0,1.4032102,18.125,189.71296791820936,189.36216536820933,0.0009910802775024777,0.0,0.0009910802775024777,0.0009910802775024777,0.1288404360753221,74,7.040634291377602,1,1.4257170635107337,1.4257170635107337,1.0,0.3
main,v040,LOSO-dep-f3,primary,LOSO,deployed,3,B,MAPPO|mappo_seed42_20260526T143637/mappo_best.pt,MAPPO,42,P+T,"May 2026, pre-781c90c reward",7,-574.4525942356806,565.698296759603,1.1208054760775898,0.7584920000000002,6.875,193.32943784599817,193.13981484599816,0.0009910802775024777,0.0,0.0009910802775024777,0.0009910802775024777,0.11000991080277503,40,3.8057482656095147,1,0.1373601825359197,0.1373601825359197,0.13736018253591964,0.3
main,v040,LOSO-dep-f3,primary,LOSO,deployed,3,B,MAPPO|mappo_seed42_20260526T143637/mappo_best.pt,MAPPO,42,P+T,"May 2026, pre-781c90c reward",8,-365.1861798892162,359.6440092892162,0.0,0.41717060000000006,5.125,203.88852306514028,203.78423041514029,0.0,0.0,0.0,0.0,0.02576808721506442,22,2.093161546085233,0,0.0,0.0,0.0,0.3
main,v040,LOSO-dep-f3,primary,LOSO,deployed,3,B,MAPPO|mappo_seed42_20260526T143637/mappo_best.pt,MAPPO,42,P+T,"May 2026, pre-781c90c reward",9,-1080.01144018583,81.01144018583015,999.0,0.0,0.0,207.49609891718006,207.49609891718006,0.04558969276511397,0.04558969276511397,0.0,0.036669970267591674,0.0,0,0.0,46,8.450041579904692,99.27811641324571,0.815618707421439,0.3
main,v040,LOSO-dep-f3,primary,LOSO,deployed,3,B,MAPPO|mappo_seed64_20260517T110908/mappo_best.pt,MAPPO,64,P,"May 2026, pre-781c90c reward",all,-5431.272758700099,4276.668409900099,1107.0,4.8543488,42.75,1971.9017124226225,1970.6881252226226,0.005054509415262636,0.0046580773042616454,0.00039643211100099106,0.004063429137760159,0.07393458870168483,256,2.4356788899900894,51,7.816268955568906,99.27811641324571,0.8143211047162165,0.3
main,v040,LOSO-dep-f3,primary,LOSO,deployed,3,B,MAPPO|mappo_seed64_20260517T110908/mappo_best.pt,MAPPO,64,P,"May 2026, pre-781c90c reward",0,-826.4266288096173,819.0164384096173,0.0,0.9101904000000001,6.5,179.9991948048576,179.77164720485763,0.0,0.0,0.0,0.0,0.19425173439048563,48,4.566897918731417,0,0.0,0.0,0.0,0.3
main,v040,LOSO-dep-f3,primary,LOSO,deployed,3,B,MAPPO|mappo_seed64_20260517T110908/mappo_best.pt,MAPPO,64,P,"May 2026, pre-781c90c reward",1,-504.8750483089567,469.9915563089568,27.0,0.7584919999999999,7.125,193.32211831848642,193.1324953184864,0.0019821605550049554,0.0,0.0019821605550049554,0.0009910802775024777,0.09910802775024777,40,3.8057482656095147,2,0.7188164313257891,1.4257170635107337,0.5059578995704223,0.3
main,v040,LOSO-dep-f3,primary,LOSO,deployed,3,B,MAPPO|mappo_seed64_20260517T110908/mappo_best.pt,MAPPO,64,P,"May 2026, pre-781c90c reward",2,-282.81330896228934,281.73745976228935,0.0,0.0758492,1.0,206.99676890834297,206.97780660834297,0.0,0.0,0.0,0.0,0.0019821605550049554,4,0.3805748265609515,0,0.0,0.0,0.0,0.3
main,v040,LOSO-dep-f3,primary,LOSO,deployed,3,B,MAPPO|mappo_seed64_20260517T110908/mappo_best.pt,MAPPO,64,P,"May 2026, pre-781c90c reward",3,-164.931448168637,137.931448168637,27.0,0.0,0.0,207.4683263433343,207.4683263433343,0.0009910802775024777,0.0009910802775024777,0.0,0.0009910802775024777,0.0,0,0.0,1,5.638737068725305,5.638737068725305,1.0,0.3
main,v040,LOSO-dep-f3,primary,LOSO,deployed,3,B,MAPPO|mappo_seed64_20260517T110908/mappo_best.pt,MAPPO,64,P,"May 2026, pre-781c90c reward",4,-582.1705985673258,548.0371065673256,27.0,0.758492,6.375,187.0243425329544,186.8347195329544,0.0009910802775024777,0.0,0.0009910802775024777,0.0009910802775024777,0.14271555996035679,40,3.8057482656095147,1,1.4257170635107337,1.4257170635107337,1.0,0.3
main,v040,LOSO-dep-f3,primary,LOSO,deployed,3,B,MAPPO|mappo_seed64_20260517T110908/mappo_best.pt,MAPPO,64,P,"May 2026, pre-781c90c reward",5,-366.2066267810425,364.27822998104244,0.0,0.3033968,1.625,201.07713651283436,201.00128731283436,0.0,0.0,0.0,0.0,0.048562933597621406,16,1.522299306243806,0,0.0,0.0,0.0,0.3
main,v040,LOSO-dep-f3,primary,LOSO,deployed,3,B,MAPPO|mappo_seed64_20260517T110908/mappo_best.pt,MAPPO,64,P,"May 2026, pre-781c90c reward",6,-650.4496569288201,638.8006927288201,0.0,1.0239642,10.625,190.54285341948759,190.2868623694876,0.0,0.0,0.0,0.0,0.12190287413280476,54,5.137760158572845,0,0.0,0.0,0.0,0.3
main,v040,LOSO-dep-f3,primary,LOSO,deployed,3,B,MAPPO|mappo_seed64_20260517T110908/mappo_best.pt,MAPPO,64,P,"May 2026, pre-781c90c reward",7,-599.3853354668211,566.8656172668211,27.0,0.6447182,4.875,193.34413273341875,193.1829531834187,0.0009910802775024777,0.0,0.0009910802775024777,0.0009910802775024777,0.1110009910802775,34,3.2348860257680876,1,1.4257170635107337,1.4257170635107337,1.0,0.3
main,v040,LOSO-dep-f3,primary,LOSO,deployed,3,B,MAPPO|mappo_seed64_20260517T110908/mappo_best.pt,MAPPO,64,P,"May 2026, pre-781c90c reward",8,-374.0026665207596,368.99842052075957,0.0,0.379246,4.625,204.63073993172594,204.53592843172595,0.0,0.0,0.0,0.0,0.019821605550049554,20,1.9028741328047574,0,0.0,0.0,0.0,0.3
main,v040,LOSO-dep-f3,primary,LOSO,deployed,3,B,MAPPO|mappo_seed64_20260517T110908/mappo_best.pt,MAPPO,64,P,"May 2026, pre-781c90c reward",9,-1080.01144018583,81.01144018583015,999.0,0.0,0.0,207.49609891718006,207.49609891718006,0.04558969276511397,0.04558969276511397,0.0,0.036669970267591674,0.0,0,0.0,46,8.450041579904692,99.27811641324571,0.815618707421439,0.3
main,v040,LOSO-dep-f3,primary,LOSO,deployed,3,B,Centralized PPO|central_nr_seed64/ppo_multi_site.zip,Centralized PPO,64,L,"Aug 2026, current reward",all,-16956.916883927075,5556.985563375754,11330.369121751322,4.4371988,65.125,2251.2693181496506,2250.16001844965,0.052626362735381564,0.02101090188305253,0.047968285431119924,0.050445986124876115,0.1840436075322101,233,2.216848364717542,531,103.97071528023022,3171.3977268578114,0.8083848147933357,0.28
main,v040,LOSO-dep-f3,primary,LOSO,deployed,3,B,Centralized PPO|central_nr_seed64/ppo_multi_site.zip,Centralized PPO,64,L,"Aug 2026, current reward",0,-4512.004341339477,872.2612865937868,3639.74303414569,2.06e-05,0.0,234.3965962708446,234.39659112084462,0.1506442021803766,0.014866204162537165,0.1506442021803766,0.14866204162537167,1.0,0,0.0,152,30.428089131678075,1647.7475612632013,0.8970302592311711,0.28
main,v040,LOSO-dep-f3,primary,LOSO,deployed,3,B,Centralized PPO|central_nr_seed64/ppo_multi_site.zip,Centralized PPO,64,L,"Aug 2026, current reward",1,-2401.6189602949944,508.0503192306812,1874.6921292643128,1.2515118,17.625,227.07532699212175,226.76244904212174,0.08424182358771061,0.01288404360753221,0.08424182358771061,0.07928642220019821,0.38354806739345887,65,6.184340931615461,85,30.698818395288303,231.04299167654068,0.8299919604452706,0.28
main,v040,LOSO-dep-f3,primary,LOSO,deployed,3,B,Centralized PPO|central_nr_seed64/ppo_multi_site.zip,Centralized PPO,64,L,"Aug 2026, current reward",2,-285.3829492908979,285.3829492908979,0.0,0.0,0.0,207.24386539215953,207.24386539215953,0.0,0.0,0.0,0.0,0.0,0,0.0,0,0.0,0.0,0.0,0.28
main,v040,LOSO-dep-f3,primary,LOSO,deployed,3,B,Centralized PPO|central_nr_seed64/ppo_multi_site.zip,Centralized PPO,64,L,"Aug 2026, current reward",3,-164.931448168637,137.931448168637,27.0,0.0,0.0,207.4683263433343,207.4683263433343,0.0009910802775024777,0.0009910802775024777,0.0,0.0009910802775024777,0.0,0,0.0,1,5.638737068725305,5.638737068725305,1.0,0.28
main,v040,LOSO-dep-f3,primary,LOSO,deployed,3,B,Centralized PPO|central_nr_seed64/ppo_multi_site.zip,Centralized PPO,64,L,"Aug 2026, current reward",4,-5953.026724330324,1112.4070995890042,4789.933958341319,3.1856664,47.5,339.413938468885,338.617521868885,0.244796828543112,0.13577799801783944,0.244796828543112,0.23885034687809711,0.4568880079286422,168,15.984142715559962,247,192.6301216698111,3171.3977268578114,0.7442751419955022,0.28
main,v040,LOSO-dep-f3,primary,LOSO,deployed,3,B,Centralized PPO|central_nr_seed64/ppo_multi_site.zip,Centralized PPO,64,L,"Aug 2026, current reward",5,-443.40120791877587,443.40120791877587,0.0,0.0,0.0,207.1529463248001,207.1529463248001,0.0,0.0,0.0,0.0,0.0,0,0.0,0,0.0,0.0,0.0,0.28
main,v040,LOSO-dep-f3,primary,LOSO,deployed,3,B,Centralized PPO|central_nr_seed64/ppo_multi_site.zip,Centralized PPO,64,L,"Aug 2026, current reward",6,-956.5359047416525,956.5359047416525,0.0,0.0,0.0,206.92409279657878,206.92409279657878,0.0,0.0,0.0,0.0,0.0,0,0.0,0,0.0,0.0,0.0,0.28
main,v040,LOSO-dep-f3,primary,LOSO,deployed,3,B,Centralized PPO|central_nr_seed64/ppo_multi_site.zip,Centralized PPO,64,L,"Aug 2026, current reward",7,-757.9673274995644,757.9673274995644,0.0,0.0,0.0,206.9499984870887,206.9499984870887,0.0,0.0,0.0,0.0,0.0,0,0.0,0,0.0,0.0,0.0,0.28
main,v040,LOSO-dep-f3,primary,LOSO,deployed,3,B,Centralized PPO|central_nr_seed64/ppo_multi_site.zip,Centralized PPO,64,L,"Aug 2026, current reward",8,-402.0365801569236,402.0365801569236,0.0,0.0,0.0,207.14812815665772,207.14812815665772,0.0,0.0,0.0,0.0,0.0,0,0.0,0,0.0,0.0,0.0,0.28
main,v040,LOSO-dep-f3,primary,LOSO,deployed,3,B,Centralized PPO|central_nr_seed64/ppo_multi_site.zip,Centralized PPO,64,L,"Aug 2026, current reward",9,-1080.01144018583,81.01144018583015,999.0,0.0,0.0,207.49609891718006,207.49609891718006,0.04558969276511397,0.04558969276511397,0.0,0.036669970267591674,0.0,0,0.0,46,8.450041579904692,99.27811641324571,0.815618707421439,0.28
main,v040,LOSO-dep-f3,primary,LOSO,deployed,3,B,Centralized PPO|central_nr_seed77/ppo_multi_site.zip,Centralized PPO,77,L,"Aug 2026, current reward",all,-16146.868970399488,5178.509325269519,10948.80745012997,2.427195,17.125,2221.410427254489,2220.803628504489,0.05143706640237859,0.017145688800792865,0.046778989098116945,0.04975222993062438,0.21040634291377602,126,1.198810703666997,519,55.80267999558243,1647.7475612632013,0.8011060409868567,0.28
main,v040,LOSO-dep-f3,primary,LOSO,deployed,3,B,Centralized PPO|central_nr_seed77/ppo_multi_site.zip,Centralized PPO,77,L,"Aug 2026, current reward",0,-4512.004341339477,872.2612865937868,3639.74303414569,2.06e-05,0.0,234.3965962708446,234.39659112084462,0.1506442021803766,0.014866204162537165,0.1506442021803766,0.14866204162537167,1.0,0,0.0,152,30.428089131678075,1647.7475612632013,0.8970302592311711,0.28
main,v040,LOSO-dep-f3,primary,LOSO,deployed,3,B,Centralized PPO|central_nr_seed77/ppo_multi_site.zip,Centralized PPO,77,L,"Aug 2026, current reward",1,-1378.5120786602054,486.0094256404947,888.8579348197106,0.6447182,3.0,206.56959335737662,206.4084138073766,0.03865213082259663,0.004955401387512388,0.03865213082259663,0.036669970267591674,0.2556987115956392,33,3.1397423191278495,39,24.595645417115055,229.57252545474108,0.8551904980924456,0.28
main,v040,LOSO-dep-f3,primary,LOSO,deployed,3,B,Centralized PPO|central_nr_seed77/ppo_multi_site.zip,Centralized PPO,77,L,"Aug 2026, current reward",2,-285.3829492908979,285.3829492908979,0.0,0.0,0.0,207.24386539215953,207.24386539215953,0.0,0.0,0.0,0.0,0.0,0,0.0,0,0.0,0.0,0.0,0.28
main,v040,LOSO-dep-f3,primary,LOSO,deployed,3,B,Centralized PPO|central_nr_seed77/ppo_multi_site.zip,Centralized PPO,77,L,"Aug 2026, current reward",3,-164.931448168637,137.931448168637,27.0,0.0,0.0,207.4683263433343,207.4683263433343,0.0009910802775024777,0.0009910802775024777,0.0,0.0009910802775024777,0.0,0,0.0,1,5.638737068725305,5.638737068725305,1.0,0.28
main,v040,LOSO-dep-f3,primary,LOSO,deployed,3,B,Centralized PPO|central_nr_seed77/ppo_multi_site.zip,Centralized PPO,77,L,"Aug 2026, current reward",4,-5678.838382336173,742.089610413124,4929.436883123049,1.0618888,6.25,318.69156472564066,318.4260925256406,0.25074331020812685,0.09415262636273539,0.25074331020812685,0.24777006937561943,0.8067393458870169,55,5.232903865213083,253,59.943697814908425,1647.7475612632013,0.7484201982932444,0.28
main,v040,LOSO-dep-f3,primary,LOSO,deployed,3,B,Centralized PPO|central_nr_seed77/ppo_multi_site.zip,Centralized PPO,77,L,"Aug 2026, current reward",5,-443.40120791877587,443.40120791877587,0.0,0.0,0.0,207.1529463248001,207.1529463248001,0.0,0.0,0.0,0.0,0.0,0,0.0,0,0.0,0.0,0.0,0.28
main,v040,LOSO-dep-f3,primary,LOSO,deployed,3,B,Centralized PPO|central_nr_seed77/ppo_multi_site.zip,Centralized PPO,77,L,"Aug 2026, current reward",6,-1443.783214843006,970.4180494014847,464.769598041521,0.7205674000000001,7.875,218.2933092794072,218.1131674294072,0.027750247770069375,0.010901883052527254,0.027750247770069375,0.026759167492566897,0.04162537165510406,38,3.615460852329039,28,279.1855357681627,1647.7475612632013,0.6501512762092219,0.28
main,v040,LOSO-dep-f3,primary,LOSO,deployed,3,B,Centralized PPO|central_nr_seed77/ppo_multi_site.zip,Centralized PPO,77,L,"Aug 2026, current reward",7,-757.9673274995644,757.9673274995644,0.0,0.0,0.0,206.9499984870887,206.9499984870887,0.0,0.0,0.0,0.0,0.0,0,0.0,0,0.0,0.0,0.0,0.28
main,v040,LOSO-dep-f3,primary,LOSO,deployed,3,B,Centralized PPO|central_nr_seed77/ppo_multi_site.zip,Centralized PPO,77,L,"Aug 2026, current reward",8,-402.0365801569236,402.0365801569236,0.0,0.0,0.0,207.14812815665772,207.14812815665772,0.0,0.0,0.0,0.0,0.0,0,0.0,0,0.0,0.0,0.0,0.28
main,v040,LOSO-dep-f3,primary,LOSO,deployed,3,B,Centralized PPO|central_nr_seed77/ppo_multi_site.zip,Centralized PPO,77,L,"Aug 2026, current reward",9,-1080.01144018583,81.01144018583015,999.0,0.0,0.0,207.49609891718006,207.49609891718006,0.04558969276511397,0.04558969276511397,0.0,0.036669970267591674,0.0,0,0.0,46,8.450041579904692,99.27811641324571,0.815618707421439,0.28
main,v040,LOSO-dep-f3,primary,LOSO,deployed,3,B,Centralized PPO|ppo_multi_site_seed42_20260515T234034/ppo_multi_site.zip,Centralized PPO,42,L,"May 2026, pre-781c90c reward",all,-13258.504266684948,5642.237425215186,7600.124816269762,1.5170252,14.625,2149.4156345705796,2149.0363782705795,0.033201189296333006,0.01248761149653122,0.02854311199207136,0.03181367690782953,0.14757185332011893,80,0.761149653121903,335,110.80632010549407,1761.4781409140019,0.8537777116798483,0.28
main,v040,LOSO-dep-f3,primary,LOSO,deployed,3,B,Centralized PPO|ppo_multi_site_seed42_20260515T234034/ppo_multi_site.zip,Centralized PPO,42,L,"May 2026, pre-781c90c reward",0,-4512.004341339477,872.2612865937868,3639.74303414569,2.06e-05,0.0,234.3965962708446,234.39659112084462,0.1506442021803766,0.014866204162537165,0.1506442021803766,0.14866204162537167,1.0,0,0.0,152,30.428089131678075,1647.7475612632013,0.8970302592311711,0.28
main,v040,LOSO-dep-f3,primary,LOSO,deployed,3,B,Centralized PPO|ppo_multi_site_seed42_20260515T234034/ppo_multi_site.zip,Centralized PPO,42,L,"May 2026, pre-781c90c reward",1,-869.3236030265607,869.3236030265607,0.0,0.0,0.0,207.06714615966618,207.06714615966618,0.0,0.0,0.0,0.0,0.0,0,0.0,0,0.0,0.0,0.0,0.28
main,v040,LOSO-dep-f3,primary,LOSO,deployed,3,B,Centralized PPO|ppo_multi_site_seed42_20260515T234034/ppo_multi_site.zip,Centralized PPO,42,L,"May 2026, pre-781c90c reward",2,-285.3829492908979,285.3829492908979,0.0,0.0,0.0,207.24386539215953,207.24386539215953,0.0,0.0,0.0,0.0,0.0,0,0.0,0,0.0,0.0,0.0,0.28
main,v040,LOSO-dep-f3,primary,LOSO,deployed,3,B,Centralized PPO|ppo_multi_site_seed42_20260515T234034/ppo_multi_site.zip,Centralized PPO,42,L,"May 2026, pre-781c90c reward",3,-164.931448168637,137.931448168637,27.0,0.0,0.0,207.4683263433343,207.4683263433343,0.0009910802775024777,0.0009910802775024777,0.0,0.0009910802775024777,0.0,0,0.0,1,5.638737068725305,5.638737068725305,1.0,0.28
main,v040,LOSO-dep-f3,primary,LOSO,deployed,3,B,Centralized PPO|ppo_multi_site_seed42_20260515T234034/ppo_multi_site.zip,Centralized PPO,42,L,"May 2026, pre-781c90c reward",4,-2426.7003432519214,998.346828524736,1425.0233989271853,0.4551158,2.875,246.91231660692182,246.79853765692184,0.06739345887016848,0.053518334985133795,0.06739345887016848,0.06541129831516353,0.08424182358771061,25,2.3785926660059467,68,446.6944712378405,1761.4781409140019,0.7959501700370765,0.28
main,v040,LOSO-dep-f3,primary,LOSO,deployed,3,B,Centralized PPO|ppo_multi_site_seed42_20260515T234034/ppo_multi_site.zip,Centralized PPO,42,L,"May 2026, pre-781c90c reward",5,-443.40120791877587,443.40120791877587,0.0,0.0,0.0,207.1529463248001,207.1529463248001,0.0,0.0,0.0,0.0,0.0,0,0.0,0,0.0,0.0,0.0,0.28
main,v040,LOSO-dep-f3,primary,LOSO,deployed,3,B,Centralized PPO|ppo_multi_site_seed42_20260515T234034/ppo_multi_site.zip,Centralized PPO,42,L,"May 2026, pre-781c90c reward",6,-956.5359047416525,956.5359047416525,0.0,0.0,0.0,206.92409279657878,206.92409279657878,0.0,0.0,0.0,0.0,0.0,0,0.0,0,0.0,0.0,0.0,0.28
main,v040,LOSO-dep-f3,primary,LOSO,deployed,3,B,Centralized PPO|ppo_multi_site_seed42_20260515T234034/ppo_multi_site.zip,Centralized PPO,42,L,"May 2026, pre-781c90c reward",7,-2118.1764486042716,596.0061766073843,1509.3583831968874,1.0618888,11.75,217.6061176024362,217.3406454024362,0.06739345887016848,0.009910802775024777,0.06739345887016848,0.06640237859266601,0.3914767096134787,55,5.232903865213083,68,25.374749903058127,1647.7475612632013,0.8385862044956434,0.28
main,v040,LOSO-dep-f3,primary,LOSO,deployed,3,B,Centralized PPO|ppo_multi_site_seed42_20260515T234034/ppo_multi_site.zip,Centralized PPO,42,L,"May 2026, pre-781c90c reward",8,-402.0365801569236,402.0365801569236,0.0,0.0,0.0,207.14812815665772,207.14812815665772,0.0,0.0,0.0,0.0,0.0,0,0.0,0,0.0,0.0,0.0,0.28
main,v040,LOSO-dep-f3,primary,LOSO,deployed,3,B,Centralized PPO|ppo_multi_site_seed42_20260515T234034/ppo_multi_site.zip,Centralized PPO,42,L,"May 2026, pre-781c90c reward",9,-1080.01144018583,81.01144018583015,999.0,0.0,0.0,207.49609891718006,207.49609891718006,0.04558969276511397,0.04558969276511397,0.0,0.036669970267591674,0.0,0,0.0,46,8.450041579904692,99.27811641324571,0.815618707421439,0.28
main,v040,LOSO-dep-f3,primary,LOSO,deployed,3,B,Centralized PPO|ppo_multi_site_seed7_20260516T092256/ppo_multi_site.zip,Centralized PPO,7,L,"May 2026, pre-781c90c reward",all,-7515.823402195421,6089.593203278956,1422.759631516465,0.7205674,2.75,2071.2294424653583,2071.049300615358,0.006442021803766105,0.005054509415262636,0.00178394449950446,0.005450941526263627,0.009217046580773042,36,0.34251734390485633,65,66.77653170046885,1336.0721045424839,0.8223953444780905,0.28
main,v040,LOSO-dep-f3,primary,LOSO,deployed,3,B,Centralized PPO|ppo_multi_site_seed7_20260516T092256/ppo_multi_site.zip,Centralized PPO,7,L,"May 2026, pre-781c90c reward",0,-1322.0174743298576,1322.0174743298576,0.0,0.0,0.0,206.8131393180388,206.8131393180388,0.0,0.0,0.0,0.0,0.0,0,0.0,0,0.0,0.0,0.0,0.28
main,v040,LOSO-dep-f3,primary,LOSO,deployed,3,B,Centralized PPO|ppo_multi_site_seed7_20260516T092256/ppo_multi_site.zip,Centralized PPO,7,L,"May 2026, pre-781c90c reward",1,-805.674698855868,777.534226655868,27.0,0.2654722,0.875,204.776691625581,204.71032357558101,0.0019821605550049554,0.0,0.0019821605550049554,0.0009910802775024777,0.02973240832507433,14,1.33201189296333,2,0.7188164313257891,1.4257170635107337,0.5059578995704223,0.28
main,v040,LOSO-dep-f3,primary,LOSO,deployed,3,B,Centralized PPO|ppo_multi_site_seed7_20260516T092256/ppo_multi_site.zip,Centralized PPO,7,L,"May 2026, pre-781c90c reward",2,-285.3829492908979,285.3829492908979,0.0,0.0,0.0,207.24386539215953,207.24386539215953,0.0,0.0,0.0,0.0,0.0,0,0.0,0,0.0,0.0,0.0,0.28
main,v040,LOSO-dep-f3,primary,LOSO,deployed,3,B,Centralized PPO|ppo_multi_site_seed7_20260516T092256/ppo_multi_site.zip,Centralized PPO,7,L,"May 2026, pre-781c90c reward",3,-164.931448168637,137.931448168637,27.0,0.0,0.0,207.4683263433343,207.4683263433343,0.0009910802775024777,0.0009910802775024777,0.0,0.0009910802775024777,0.0,0,0.0,1,5.638737068725305,5.638737068725305,1.0,0.28
main,v040,LOSO-dep-f3,primary,LOSO,deployed,3,B,Centralized PPO|ppo_multi_site_seed7_20260516T092256/ppo_multi_site.zip,Centralized PPO,7,L,"May 2026, pre-781c90c reward",4,-956.5650693456985,956.5650693456985,0.0,0.0,0.0,206.97065263864175,206.97065263864175,0.0,0.0,0.0,0.0,0.0,0,0.0,0,0.0,0.0,0.0,0.28
main,v040,LOSO-dep-f3,primary,LOSO,deployed,3,B,Centralized PPO|ppo_multi_site_seed7_20260516T092256/ppo_multi_site.zip,Centralized PPO,7,L,"May 2026, pre-781c90c reward",5,-701.576520533752,411.43764301728675,288.7596315164652,0.379246,1.0,207.89925846716073,207.80444696716074,0.01288404360753221,0.0019821605550049554,0.01288404360753221,0.01288404360753221,0.05946481665014866,19,1.8077304261645195,13,1.167883975819706,1.4257170635107337,0.84040931158068,0.28
main,v040,LOSO-dep-f3,primary,LOSO,deployed,3,B,Centralized PPO|ppo_multi_site_seed7_20260516T092256/ppo_multi_site.zip,Centralized PPO,7,L,"May 2026, pre-781c90c reward",6,-956.5359047416525,956.5359047416525,0.0,0.0,0.0,206.92409279657878,206.92409279657878,0.0,0.0,0.0,0.0,0.0,0,0.0,0,0.0,0.0,0.0,0.28
main,v040,LOSO-dep-f3,primary,LOSO,deployed,3,B,Centralized PPO|ppo_multi_site_seed7_20260516T092256/ppo_multi_site.zip,Centralized PPO,7,L,"May 2026, pre-781c90c reward",7,-758.9522469337712,758.4143223337712,0.0,0.0379246,0.5,207.20192273793975,207.19244158793975,0.0,0.0,0.0,0.0,0.0009910802775024777,1,0.09514370664023787,0,0.0,0.0,0.0,0.28
main,v040,LOSO-dep-f3,primary,LOSO,deployed,3,B,Centralized PPO|ppo_multi_site_seed7_20260516T092256/ppo_multi_site.zip,Centralized PPO,7,L,"May 2026, pre-781c90c reward",8,-484.1756498094566,402.7627252094566,81.0,0.0379246,0.375,208.43539422874315,208.42591307874315,0.002973240832507433,0.0019821605550049554,0.002973240832507433,0.002973240832507433,0.0019821605550049554,2,0.19028741328047574,3,1309.8379287459422,1336.0721045424839,1.0,0.28
main,v040,LOSO-dep-f3,primary,LOSO,deployed,3,B,Centralized PPO|ppo_multi_site_seed7_20260516T092256/ppo_multi_site.zip,Centralized PPO,7,L,"May 2026, pre-781c90c reward",9,-1080.01144018583,81.01144018583015,999.0,0.0,0.0,207.49609891718006,207.49609891718006,0.04558969276511397,0.04558969276511397,0.0,0.036669970267591674,0.0,0,0.0,46,8.450041579904692,99.27811641324571,0.815618707421439,0.28
main,v040,LOSO-dep-f3,primary,LOSO,deployed,3,B,Centralized PPO|ppo_multi_site_seed13_20260516T092257/ppo_multi_site.zip,Centralized PPO,13,L,"May 2026, pre-781c90c reward",all,-12816.38837234052,5683.65602429486,7121.23779584566,1.7445522000000002,9.75,2193.7273482398105,2193.2912101898105,0.03369672943508424,0.019425173439048562,0.029038652130822597,0.03221010901883053,0.10981169474727454,92,0.8753221010901883,340,179.34717250460608,2442.613705294324,0.7954839662679019,0.28
main,v040,LOSO-dep-f3,primary,LOSO,deployed,3,B,Centralized PPO|ppo_multi_site_seed13_20260516T092257/ppo_multi_site.zip,Centralized PPO,13,L,"May 2026, pre-781c90c reward",0,-1322.0174743298576,1322.0174743298576,0.0,0.0,0.0,206.8131393180388,206.8131393180388,0.0,0.0,0.0,0.0,0.0,0,0.0,0,0.0,0.0,0.0,0.28
main,v040,LOSO-dep-f3,primary,LOSO,deployed,3,B,Centralized PPO|ppo_multi_site_seed13_20260516T092257/ppo_multi_site.zip,Centralized PPO,13,L,"May 2026, pre-781c90c reward",1,-1496.9240725226236,893.7684564473675,602.3522192752562,0.3033968,0.5,228.58539696866845,228.50954776866845,0.03468780971258672,0.027750247770069375,0.03468780971258672,0.03468780971258672,0.04558969276511397,16,1.522299306243806,35,241.61429176547207,1647.7475612632013,0.6736687802621488,0.28
main,v040,LOSO-dep-f3,primary,LOSO,deployed,3,B,Centralized PPO|ppo_multi_site_seed13_20260516T092257/ppo_multi_site.zip,Centralized PPO,13,L,"May 2026, pre-781c90c reward",2,-285.3829492908979,285.3829492908979,0.0,0.0,0.0,207.24386539215953,207.24386539215953,0.0,0.0,0.0,0.0,0.0,0,0.0,0,0.0,0.0,0.0,0.28
main,v040,LOSO-dep-f3,primary,LOSO,deployed,3,B,Centralized PPO|ppo_multi_site_seed13_20260516T092257/ppo_multi_site.zip,Centralized PPO,13,L,"May 2026, pre-781c90c reward",3,-164.931448168637,137.931448168637,27.0,0.0,0.0,207.4683263433343,207.4683263433343,0.0009910802775024777,0.0009910802775024777,0.0,0.0009910802775024777,0.0,0,0.0,1,5.638737068725305,5.638737068725305,1.0,0.28
main,v040,LOSO-dep-f3,primary,LOSO,deployed,3,B,Centralized PPO|ppo_multi_site_seed13_20260516T092257/ppo_multi_site.zip,Centralized PPO,13,L,"May 2026, pre-781c90c reward",4,-823.8239624529986,562.1751837249916,256.7919851280069,0.6067936,4.25,191.31755755175297,191.16585915175295,0.010901883052527254,0.0019821605550049554,0.010901883052527254,0.010901883052527254,0.19425173439048563,32,3.044598612487612,11,42.70770938105977,229.57252545474108,0.87815753069093,0.28
main,v040,LOSO-dep-f3,primary,LOSO,deployed,3,B,Centralized PPO|ppo_multi_site_seed13_20260516T092257/ppo_multi_site.zip,Centralized PPO,13,L,"May 2026, pre-781c90c reward",5,-443.40120791877587,443.40120791877587,0.0,0.0,0.0,207.1529463248001,207.1529463248001,0.0,0.0,0.0,0.0,0.0,0,0.0,0,0.0,0.0,0.0,0.28
main,v040,LOSO-dep-f3,primary,LOSO,deployed,3,B,Centralized PPO|ppo_multi_site_seed13_20260516T092257/ppo_multi_site.zip,Centralized PPO,13,L,"May 2026, pre-781c90c reward",6,-5909.239615293719,793.9392618917084,5110.45476540201,0.720588,4.125,319.8662660694838,319.68611906948377,0.23885034687809711,0.11298315163528246,0.23885034687809711,0.23290386521308226,0.8503468780971258,38,3.615460852329039,241,209.96557140197098,2442.613705294324,0.8046472488585563,0.28
main,v040,LOSO-dep-f3,primary,LOSO,deployed,3,B,Centralized PPO|ppo_multi_site_seed13_20260516T092257/ppo_multi_site.zip,Centralized PPO,13,L,"May 2026, pre-781c90c reward",7,-888.6196220202577,761.9920221798701,125.63882604038761,0.11377380000000001,0.875,210.63562319773473,210.60717974773473,0.005946481665014866,0.004955401387512388,0.005946481665014866,0.005946481665014866,0.007928642220019821,6,0.5708622398414271,6,175.95171316058983,594.3515501225331,0.7979934780021534,0.28
main,v040,LOSO-dep-f3,primary,LOSO,deployed,3,B,Centralized PPO|ppo_multi_site_seed13_20260516T092257/ppo_multi_site.zip,Centralized PPO,13,L,"May 2026, pre-781c90c reward",8,-402.0365801569236,402.0365801569236,0.0,0.0,0.0,207.14812815665772,207.14812815665772,0.0,0.0,0.0,0.0,0.0,0,0.0,0,0.0,0.0,0.0,0.28
main,v040,LOSO-dep-f3,primary,LOSO,deployed,3,B,Centralized PPO|ppo_multi_site_seed13_20260516T092257/ppo_multi_site.zip,Centralized PPO,13,L,"May 2026, pre-781c90c reward",9,-1080.01144018583,81.01144018583015,999.0,0.0,0.0,207.49609891718006,207.49609891718006,0.04558969276511397,0.04558969276511397,0.0,0.036669970267591674,0.0,0,0.0,46,8.450041579904692,99.27811641324571,0.815618707421439,0.28
main,v040,LOSO-dep-f3,primary,LOSO,deployed,3,B,Centralized PPO|ppo_multi_site_seed99_20260516T092259/ppo_multi_site.zip,Centralized PPO,99,L,"May 2026, pre-781c90c reward",all,-7432.145362912257,5731.792859479197,1692.8018408330604,1.1756626,6.375,2054.89636565024,2054.6024500002404,0.007928642220019821,0.005351833498513379,0.0032705649157581764,0.006937561942517344,0.04618434093161546,61,0.580376610505451,80,25.943336414602214,1647.7475612632013,0.7994638046036965,0.28
main,v040,LOSO-dep-f3,primary,LOSO,deployed,3,B,Centralized PPO|ppo_multi_site_seed99_20260516T092259/ppo_multi_site.zip,Centralized PPO,99,L,"May 2026, pre-781c90c reward",0,-1322.0174743298576,1322.0174743298576,0.0,0.0,0.0,206.8131393180388,206.8131393180388,0.0,0.0,0.0,0.0,0.0,0,0.0,0,0.0,0.0,0.0,0.28
main,v040,LOSO-dep-f3,primary,LOSO,deployed,3,B,Centralized PPO|ppo_multi_site_seed99_20260516T092259/ppo_multi_site.zip,Centralized PPO,99,L,"May 2026, pre-781c90c reward",1,-869.3236030265607,869.3236030265607,0.0,0.0,0.0,207.06714615966618,207.06714615966618,0.0,0.0,0.0,0.0,0.0,0,0.0,0,0.0,0.0,0.0,0.28
main,v040,LOSO-dep-f3,primary,LOSO,deployed,3,B,Centralized PPO|ppo_multi_site_seed99_20260516T092259/ppo_multi_site.zip,Centralized PPO,99,L,"May 2026, pre-781c90c reward",2,-285.3829492908979,285.3829492908979,0.0,0.0,0.0,207.24386539215953,207.24386539215953,0.0,0.0,0.0,0.0,0.0,0,0.0,0,0.0,0.0,0.0,0.28
main,v040,LOSO-dep-f3,primary,LOSO,deployed,3,B,Centralized PPO|ppo_multi_site_seed99_20260516T092259/ppo_multi_site.zip,Centralized PPO,99,L,"May 2026, pre-781c90c reward",3,-164.931448168637,137.931448168637,27.0,0.0,0.0,207.4683263433343,207.4683263433343,0.0009910802775024777,0.0009910802775024777,0.0,0.0009910802775024777,0.0,0,0.0,1,5.638737068725305,5.638737068725305,1.0,0.28
main,v040,LOSO-dep-f3,primary,LOSO,deployed,3,B,Centralized PPO|ppo_multi_site_seed99_20260516T092259/ppo_multi_site.zip,Centralized PPO,99,L,"May 2026, pre-781c90c reward",4,-956.5650693456985,956.5650693456985,0.0,0.0,0.0,206.97065263864175,206.97065263864175,0.0,0.0,0.0,0.0,0.0,0,0.0,0,0.0,0.0,0.0,0.28
main,v040,LOSO-dep-f3,primary,LOSO,deployed,3,B,Centralized PPO|ppo_multi_site_seed99_20260516T092259/ppo_multi_site.zip,Centralized PPO,99,L,"May 2026, pre-781c90c reward",5,-443.40120791877587,443.40120791877587,0.0,0.0,0.0,207.1529463248001,207.1529463248001,0.0,0.0,0.0,0.0,0.0,0,0.0,0,0.0,0.0,0.0,0.28
main,v040,LOSO-dep-f3,primary,LOSO,deployed,3,B,Centralized PPO|ppo_multi_site_seed99_20260516T092259/ppo_multi_site.zip,Centralized PPO,99,L,"May 2026, pre-781c90c reward",6,-871.8601307119691,661.4024356715814,206.6388260403876,0.5688690000000001,3.25,195.27124990514147,195.1290326551415,0.008919722497522299,0.0019821605550049554,0.008919722497522299,0.008919722497522299,0.19425173439048563,30,2.8543111992071357,9,1.1964422569542286,1.4257170635107337,0.8653289853347689,0.28
main,v040,LOSO-dep-f3,primary,LOSO,deployed,3,B,Centralized PPO|ppo_multi_site_seed99_20260516T092259/ppo_multi_site.zip,Centralized PPO,99,L,"May 2026, pre-781c90c reward",7,-1036.6154597771076,572.7206513844347,460.1630147926728,0.6067936,3.125,202.26481249462034,202.11311409462036,0.023785926660059464,0.004955401387512388,0.023785926660059464,0.022794846382556987,0.267591674925669,31,2.949454905847374,24,69.59826179630203,1647.7475612632013,0.7354451232873584,0.28
main,v040,LOSO-dep-f3,primary,LOSO,deployed,3,B,Centralized PPO|ppo_multi_site_seed99_20260516T092259/ppo_multi_site.zip,Centralized PPO,99,L,"May 2026, pre-781c90c reward",8,-402.0365801569236,402.0365801569236,0.0,0.0,0.0,207.14812815665772,207.14812815665772,0.0,0.0,0.0,0.0,0.0,0,0.0,0,0.0,0.0,0.0,0.28
main,v040,LOSO-dep-f3,primary,LOSO,deployed,3,B,Centralized PPO|ppo_multi_site_seed99_20260516T092259/ppo_multi_site.zip,Centralized PPO,99,L,"May 2026, pre-781c90c reward",9,-1080.01144018583,81.01144018583015,999.0,0.0,0.0,207.49609891718006,207.49609891718006,0.04558969276511397,0.04558969276511397,0.0,0.036669970267591674,0.0,0,0.0,46,8.450041579904692,99.27811641324571,0.815618707421439,0.28
main,v040,LOSO-dep-f3,primary,LOSO,deployed,3,B,Centralized PPO|ppo_multi_site_seed7_20260517T003435/best_model.zip,Centralized PPO,7,L,"May 2026, pre-781c90c reward; run has no final save (best_model.zip only)",all,-20348.944879170158,5512.4230632959025,14787.124032874251,3.1477830000000004,46.25,2326.073170742375,2325.2862249923746,0.06858275520317146,0.026957383548067395,0.0639246778989098,0.06669970267591675,0.25867195242814667,166,1.5793855302279487,692,96.38144125756473,3171.3977268578114,0.8104649609276536,0.28
main,v040,LOSO-dep-f3,primary,LOSO,deployed,3,B,Centralized PPO|ppo_multi_site_seed7_20260517T003435/best_model.zip,Centralized PPO,7,L,"May 2026, pre-781c90c reward; run has no final save (best_model.zip only)",0,-4512.004341339477,872.2612865937868,3639.74303414569,2.06e-05,0.0,234.3965962708446,234.39659112084462,0.1506442021803766,0.014866204162537165,0.1506442021803766,0.14866204162537167,1.0,0,0.0,152,30.428089131678075,1647.7475612632013,0.8970302592311711,0.28
main,v040,LOSO-dep-f3,primary,LOSO,deployed,3,B,Centralized PPO|ppo_multi_site_seed7_20260517T003435/best_model.zip,Centralized PPO,7,L,"May 2026, pre-781c90c reward; run has no final save (best_model.zip only)",1,-869.3236030265607,869.3236030265607,0.0,0.0,0.0,207.06714615966618,207.06714615966618,0.0,0.0,0.0,0.0,0.0,0,0.0,0,0.0,0.0,0.0,0.28
main,v040,LOSO-dep-f3,primary,LOSO,deployed,3,B,Centralized PPO|ppo_multi_site_seed7_20260517T003435/best_model.zip,Centralized PPO,7,L,"May 2026, pre-781c90c reward; run has no final save (best_model.zip only)",2,-966.095808737877,297.28510459713345,663.4918351407435,0.5688690000000001,4.75,218.72831825654978,218.58610100654977,0.02973240832507433,0.004955401387512388,0.02973240832507433,0.02973240832507433,0.1110009910802775,30,2.8543111992071357,30,63.694900192605296,1647.7475612632013,0.8372131501563816,0.28
main,v040,LOSO-dep-f3,primary,LOSO,deployed,3,B,Centralized PPO|ppo_multi_site_seed7_20260517T003435/best_model.zip,Centralized PPO,7,L,"May 2026, pre-781c90c reward; run has no final save (best_model.zip only)",3,-164.931448168637,137.931448168637,27.0,0.0,0.0,207.4683263433343,207.4683263433343,0.0009910802775024777,0.0009910802775024777,0.0,0.0009910802775024777,0.0,0,0.0,1,5.638737068725305,5.638737068725305,1.0,0.28
main,v040,LOSO-dep-f3,primary,LOSO,deployed,3,B,Centralized PPO|ppo_multi_site_seed7_20260517T003435/best_model.zip,Centralized PPO,7,L,"May 2026, pre-781c90c reward; run has no final save (best_model.zip only)",4,-7831.253510108797,837.1260923940736,6994.127397114722,2.06e-05,0.0,399.1981551252746,399.1981499752746,0.3528245787908821,0.19028741328047571,0.3528245787908821,0.3458870168483647,1.0,0,0.0,356,151.00121030423216,3171.3977268578114,0.7531488497129495,0.28
main,v040,LOSO-dep-f3,primary,LOSO,deployed,3,B,Centralized PPO|ppo_multi_site_seed7_20260517T003435/best_model.zip,Centralized PPO,7,L,"May 2026, pre-781c90c reward; run has no final save (best_model.zip only)",5,-443.40120791877587,443.40120791877587,0.0,0.0,0.0,207.1529463248001,207.1529463248001,0.0,0.0,0.0,0.0,0.0,0,0.0,0,0.0,0.0,0.0,0.28
main,v040,LOSO-dep-f3,primary,LOSO,deployed,3,B,Centralized PPO|ppo_multi_site_seed7_20260517T003435/best_model.zip,Centralized PPO,7,L,"May 2026, pre-781c90c reward; run has no final save (best_model.zip only)",6,-956.5359047416525,956.5359047416525,0.0,0.0,0.0,206.92409279657878,206.92409279657878,0.0,0.0,0.0,0.0,0.0,0,0.0,0,0.0,0.0,0.0,0.28
main,v040,LOSO-dep-f3,primary,LOSO,deployed,3,B,Centralized PPO|ppo_multi_site_seed7_20260517T003435/best_model.zip,Centralized PPO,7,L,"May 2026, pre-781c90c reward; run has no final save (best_model.zip only)",7,-3123.351034785624,615.5103955125289,2463.761766473095,2.5788728,41.5,230.49336239148883,229.8486441914888,0.10604558969276512,0.01288404360753221,0.10604558969276512,0.10505450941526263,0.4757185332011893,136,12.93954410307235,107,56.161395125145525,2442.613705294324,0.8667038132234645,0.28
main,v040,LOSO-dep-f3,primary,LOSO,deployed,3,B,Centralized PPO|ppo_multi_site_seed7_20260517T003435/best_model.zip,Centralized PPO,7,L,"May 2026, pre-781c90c reward; run has no final save (best_model.zip only)",8,-402.0365801569236,402.0365801569236,0.0,0.0,0.0,207.14812815665772,207.14812815665772,0.0,0.0,0.0,0.0,0.0,0,0.0,0,0.0,0.0,0.0,0.28
main,v040,LOSO-dep-f3,primary,LOSO,deployed,3,B,Centralized PPO|ppo_multi_site_seed7_20260517T003435/best_model.zip,Centralized PPO,7,L,"May 2026, pre-781c90c reward; run has no final save (best_model.zip only)",9,-1080.01144018583,81.01144018583015,999.0,0.0,0.0,207.49609891718006,207.49609891718006,0.04558969276511397,0.04558969276511397,0.0,0.036669970267591674,0.0,0,0.0,46,8.450041579904692,99.27811641324571,0.815618707421439,0.28
main,v040,LOSO-dep-f3,primary,LOSO,deployed,3,B,Centralized PPO|ppo_multi_site_seed13_20260517T003435/best_model.zip,Centralized PPO,13,L,"May 2026, pre-781c90c reward; run has no final save (best_model.zip only)",all,-19134.39213592023,5224.064163684705,13835.625280635522,4.7026916,70.0,2313.094895809804,2311.9192229098035,0.06541129831516353,0.028245787908820614,0.06075322101090188,0.06253716551040635,0.24182358771060455,247,2.350049554013875,660,118.82990444562022,2442.613705294324,0.7955216452707887,0.28
main,v040,LOSO-dep-f3,primary,LOSO,deployed,3,B,Centralized PPO|ppo_multi_site_seed13_20260517T003435/best_model.zip,Centralized PPO,13,L,"May 2026, pre-781c90c reward; run has no final save (best_model.zip only)",0,-943.9844551562048,830.8930822801273,109.12080547607759,0.7205674,3.25,181.4234903939331,181.2433485439331,0.004955401387512388,0.0,0.004955401387512388,0.004955401387512388,0.27155599603567887,38,3.615460852329039,5,1.168045687315771,1.4257170635107337,0.8274720365071839,0.28
main,v040,LOSO-dep-f3,primary,LOSO,deployed,3,B,Centralized PPO|ppo_multi_site_seed13_20260517T003435/best_model.zip,Centralized PPO,13,L,"May 2026, pre-781c90c reward; run has no final save (best_model.zip only)",1,-869.3236030265607,869.3236030265607,0.0,0.0,0.0,207.06714615966618,207.06714615966618,0.0,0.0,0.0,0.0,0.0,0,0.0,0,0.0,0.0,0.0,0.28
main,v040,LOSO-dep-f3,primary,LOSO,deployed,3,B,Centralized PPO|ppo_multi_site_seed13_20260517T003435/best_model.zip,Centralized PPO,13,L,"May 2026, pre-781c90c reward; run has no final save (best_model.zip only)",2,-285.3829492908979,285.3829492908979,0.0,0.0,0.0,207.24386539215953,207.24386539215953,0.0,0.0,0.0,0.0,0.0,0,0.0,0,0.0,0.0,0.0,0.28
main,v040,LOSO-dep-f3,primary,LOSO,deployed,3,B,Centralized PPO|ppo_multi_site_seed13_20260517T003435/best_model.zip,Centralized PPO,13,L,"May 2026, pre-781c90c reward; run has no final save (best_model.zip only)",3,-164.931448168637,137.931448168637,27.0,0.0,0.0,207.4683263433343,207.4683263433343,0.0009910802775024777,0.0009910802775024777,0.0,0.0009910802775024777,0.0,0,0.0,1,5.638737068725305,5.638737068725305,1.0,0.28
main,v040,LOSO-dep-f3,primary,LOSO,deployed,3,B,Centralized PPO|ppo_multi_site_seed13_20260517T003435/best_model.zip,Centralized PPO,13,L,"May 2026, pre-781c90c reward; run has no final save (best_model.zip only)",4,-1410.4838442958421,560.6991574961952,834.3210995996469,1.2135872,14.25,200.51019203335335,200.20679523335335,0.03766105054509415,0.004955401387512388,0.03766105054509415,0.036669970267591674,0.3240832507433102,63,5.994053518334986,38,87.80295006211372,1647.7475612632013,0.8295426083981337,0.28
main,v040,LOSO-dep-f3,primary,LOSO,deployed,3,B,Centralized PPO|ppo_multi_site_seed13_20260517T003435/best_model.zip,Centralized PPO,13,L,"May 2026, pre-781c90c reward; run has no final save (best_model.zip only)",5,-443.40120791877587,443.40120791877587,0.0,0.0,0.0,207.1529463248001,207.1529463248001,0.0,0.0,0.0,0.0,0.0,0,0.0,0,0.0,0.0,0.0,0.28
main,v040,LOSO-dep-f3,primary,LOSO,deployed,3,B,Centralized PPO|ppo_multi_site_seed13_20260517T003435/best_model.zip,Centralized PPO,13,L,"May 2026, pre-781c90c reward; run has no final save (best_model.zip only)",6,-6033.389360448253,765.9246944312594,5212.196149616993,2.7685164,52.5,301.8327079423965,301.1405788423965,0.24083250743310208,0.0931615460852329,0.24083250743310208,0.2348860257680872,0.8225966303270565,146,13.890981169474728,243,214.04650477863646,2442.613705294324,0.8128039771553287,0.28
main,v040,LOSO-dep-f3,primary,LOSO,deployed,3,B,Centralized PPO|ppo_multi_site_seed13_20260517T003435/best_model.zip,Centralized PPO,13,L,"May 2026, pre-781c90c reward; run has no final save (best_model.zip only)",7,-7501.447247272303,847.4600007294974,6653.987225942805,2.06e-05,0.0,385.7519941463229,385.7519889963229,0.3240832507433102,0.1377601585728444,0.3240832507433102,0.311199207135778,1.0,0,0.0,327,69.35089691853041,2442.613705294324,0.7747843412444175,0.28
main,v040,LOSO-dep-f3,primary,LOSO,deployed,3,B,Centralized PPO|ppo_multi_site_seed13_20260517T003435/best_model.zip,Centralized PPO,13,L,"May 2026, pre-781c90c reward; run has no final save (best_model.zip only)",8,-402.0365801569236,402.0365801569236,0.0,0.0,0.0,207.14812815665772,207.14812815665772,0.0,0.0,0.0,0.0,0.0,0,0.0,0,0.0,0.0,0.0,0.28
main,v040,LOSO-dep-f3,primary,LOSO,deployed,3,B,Centralized PPO|ppo_multi_site_seed13_20260517T003435/best_model.zip,Centralized PPO,13,L,"May 2026, pre-781c90c reward; run has no final save (best_model.zip only)",9,-1080.01144018583,81.01144018583015,999.0,0.0,0.0,207.49609891718006,207.49609891718006,0.04558969276511397,0.04558969276511397,0.0,0.036669970267591674,0.0,0,0.0,46,8.450041579904692,99.27811641324571,0.815618707421439,0.28
main,v040,LOSO-dep-f3,primary,LOSO,deployed,3,B,Centralized PPO|ppo_multi_site_seed42_20260517T003436/best_model.zip,Centralized PPO,42,L,"May 2026, pre-781c90c reward; run has no final save (best_model.zip only)",all,-28217.0337754743,5849.989714372757,22285.571651301547,5.3474098,76.125,2608.239179714046,2606.902327264046,0.11030723488602577,0.061446977205153616,0.10564915758176412,0.10564915758176412,0.27264618434093163,281,2.673538156590684,1113,224.5175129954863,3171.3977268578114,0.7641295804268255,0.28
main,v040,LOSO-dep-f3,primary,LOSO,deployed,3,B,Centralized PPO|ppo_multi_site_seed42_20260517T003436/best_model.zip,Centralized PPO,42,L,"May 2026, pre-781c90c reward; run has no final save (best_model.zip only)",0,-1611.5761694242933,801.0183007324592,802.3485274918338,0.8343412,7.375,186.26042590552214,186.05184060552213,0.035678889990089196,0.004955401387512388,0.035678889990089196,0.03468780971258672,0.4301288404360753,43,4.0911793855302285,36,59.57756681877741,1647.7475612632013,0.8404685198759807,0.28
main,v040,LOSO-dep-f3,primary,LOSO,deployed,3,B,Centralized PPO|ppo_multi_site_seed42_20260517T003436/best_model.zip,Centralized PPO,42,L,"May 2026, pre-781c90c reward; run has no final save (best_model.zip only)",1,-9487.482187684825,755.4696072281488,8711.158521056677,1.4790594000000001,19.375,446.6185387728352,446.2487739228352,0.4380574826560951,0.2804757185332012,0.4380574826560951,0.42120911793855303,0.9018830525272548,77,7.326065411298315,442,397.5702792985166,3171.3977268578114,0.7536812059205519,0.28
main,v040,LOSO-dep-f3,primary,LOSO,deployed,3,B,Centralized PPO|ppo_multi_site_seed42_20260517T003436/best_model.zip,Centralized PPO,42,L,"May 2026, pre-781c90c reward; run has no final save (best_model.zip only)",2,-285.3829492908979,285.3829492908979,0.0,0.0,0.0,207.24386539215953,207.24386539215953,0.0,0.0,0.0,0.0,0.0,0,0.0,0,0.0,0.0,0.0,0.28
main,v040,LOSO-dep-f3,primary,LOSO,deployed,3,B,Centralized PPO|ppo_multi_site_seed42_20260517T003436/best_model.zip,Centralized PPO,42,L,"May 2026, pre-781c90c reward; run has no final save (best_model.zip only)",3,-164.931448168637,137.931448168637,27.0,0.0,0.0,207.4683263433343,207.4683263433343,0.0009910802775024777,0.0009910802775024777,0.0,0.0009910802775024777,0.0,0,0.0,1,5.638737068725305,5.638737068725305,1.0,0.28
main,v040,LOSO-dep-f3,primary,LOSO,deployed,3,B,Centralized PPO|ppo_multi_site_seed42_20260517T003436/best_model.zip,Centralized PPO,42,L,"May 2026, pre-781c90c reward; run has no final save (best_model.zip only)",4,-5791.411449043899,1126.326276730068,4614.854580513829,2.7305918,47.5,336.9585389633892,336.2758910133891,0.2358771060455897,0.13577799801783944,0.2358771060455897,0.22993062438057482,0.3647175421209118,145,13.79583746283449,238,194.3109715439344,3171.3977268578114,0.7441175664368602,0.28
main,v040,LOSO-dep-f3,primary,LOSO,deployed,3,B,Centralized PPO|ppo_multi_site_seed42_20260517T003436/best_model.zip,Centralized PPO,42,L,"May 2026, pre-781c90c reward; run has no final save (best_model.zip only)",5,-443.40120791877587,443.40120791877587,0.0,0.0,0.0,207.1529463248001,207.1529463248001,0.0,0.0,0.0,0.0,0.0,0,0.0,0,0.0,0.0,0.0,0.28
main,v040,LOSO-dep-f3,primary,LOSO,deployed,3,B,Centralized PPO|ppo_multi_site_seed42_20260517T003436/best_model.zip,Centralized PPO,42,L,"May 2026, pre-781c90c reward; run has no final save (best_model.zip only)",6,-1421.2667528278253,969.2784843314237,450.22279629640144,0.2654722,1.5,215.86325263908105,215.79688458908106,0.02180376610505451,0.008919722497522299,0.02180376610505451,0.02081268582755203,0.027750247770069375,14,1.33201189296333,22,122.61887372419214,1761.4781409140019,0.7781519246524649,0.28
main,v040,LOSO-dep-f3,primary,LOSO,deployed,3,B,Centralized PPO|ppo_multi_site_seed42_20260517T003436/best_model.zip,Centralized PPO,42,L,"May 2026, pre-781c90c reward; run has no final save (best_model.zip only)",7,-7501.447247272303,847.4600007294974,6653.987225942805,2.06e-05,0.0,385.7519941463229,385.7519889963229,0.3240832507433102,0.1377601585728444,0.3240832507433102,0.311199207135778,1.0,0,0.0,327,69.35089691853041,2442.613705294324,0.7747843412444175,0.28
main,v040,LOSO-dep-f3,primary,LOSO,deployed,3,B,Centralized PPO|ppo_multi_site_seed42_20260517T003436/best_model.zip,Centralized PPO,42,L,"May 2026, pre-781c90c reward; run has no final save (best_model.zip only)",8,-430.12292365701904,402.70999905701905,27.0,0.0379246,0.375,207.42519230942173,207.41571115942173,0.0009910802775024777,0.0,0.0009910802775024777,0.0009910802775024777,0.0019821605550049554,2,0.19028741328047574,1,1.4257170635107337,1.4257170635107337,1.0,0.28
main,v040,LOSO-dep-f3,primary,LOSO,deployed,3,B,Centralized PPO|ppo_multi_site_seed42_20260517T003436/best_model.zip,Centralized PPO,42,L,"May 2026, pre-781c90c reward; run has no final save (best_model.zip only)",9,-1080.01144018583,81.01144018583015,999.0,0.0,0.0,207.49609891718006,207.49609891718006,0.04558969276511397,0.04558969276511397,0.0,0.036669970267591674,0.0,0,0.0,46,8.450041579904692,99.27811641324571,0.815618707421439,0.28
main,v040,LOSO-dep-f3,primary,LOSO,deployed,3,B,Centralized PPO|ppo_multi_site_seed99_20260517T003436/best_model.zip,Centralized PPO,99,L,"May 2026, pre-781c90c reward; run has no final save (best_model.zip only)",all,-29241.921040336754,5343.179001446249,23761.231415090508,8.760623800000001,128.75,2513.983689960197,2511.7935340101976,0.1138751238850347,0.05599603567888999,0.10921704658077304,0.110802775024777,0.3280475718533201,459,4.367096134786918,1149,257.5472186505178,3171.3977268578114,0.7873121455980576,0.29
main,v040,LOSO-dep-f3,primary,LOSO,deployed,3,B,Centralized PPO|ppo_multi_site_seed99_20260517T003436/best_model.zip,Centralized PPO,99,L,"May 2026, pre-781c90c reward; run has no final save (best_model.zip only)",0,-4512.004341339477,872.2612865937868,3639.74303414569,2.06e-05,0.0,234.3965962708446,234.39659112084462,0.1506442021803766,0.014866204162537165,0.1506442021803766,0.14866204162537167,1.0,0,0.0,152,30.428089131678075,1647.7475612632013,0.8970302592311711,0.29
main,v040,LOSO-dep-f3,primary,LOSO,deployed,3,B,Centralized PPO|ppo_multi_site_seed99_20260517T003436/best_model.zip,Centralized PPO,99,L,"May 2026, pre-781c90c reward; run has no final save (best_model.zip only)",1,-5590.768553966451,607.2719780840498,4938.989306282401,2.8822696000000003,41.625,308.73142732544017,308.0108599254402,0.24677898909811694,0.11892963330029732,0.24677898909811694,0.2398414271555996,0.5421209117938554,151,14.366699702675918,249,336.2336438639044,3171.3977268578114,0.7587003512854055,0.29
main,v040,LOSO-dep-f3,primary,LOSO,deployed,3,B,Centralized PPO|ppo_multi_site_seed99_20260517T003436/best_model.zip,Centralized PPO,99,L,"May 2026, pre-781c90c reward; run has no final save (best_model.zip only)",2,-285.3829492908979,285.3829492908979,0.0,0.0,0.0,207.24386539215953,207.24386539215953,0.0,0.0,0.0,0.0,0.0,0,0.0,0,0.0,0.0,0.0,0.29
main,v040,LOSO-dep-f3,primary,LOSO,deployed,3,B,Centralized PPO|ppo_multi_site_seed99_20260517T003436/best_model.zip,Centralized PPO,99,L,"May 2026, pre-781c90c reward; run has no final save (best_model.zip only)",3,-164.931448168637,137.931448168637,27.0,0.0,0.0,207.4683263433343,207.4683263433343,0.0009910802775024777,0.0009910802775024777,0.0,0.0009910802775024777,0.0,0,0.0,1,5.638737068725305,5.638737068725305,1.0,0.29
main,v040,LOSO-dep-f3,primary,LOSO,deployed,3,B,Centralized PPO|ppo_multi_site_seed99_20260517T003436/best_model.zip,Centralized PPO,99,L,"May 2026, pre-781c90c reward; run has no final save (best_model.zip only)",4,-1068.964268437679,956.2946834692847,112.43081116839454,0.11377380000000001,0.125,209.36889433059326,209.34045088059327,0.006937561942517344,0.002973240832507433,0.006937561942517344,0.006937561942517344,0.018830525272547076,6,0.5708622398414271,7,0.8178349851636216,1.4257170635107337,0.6353848150875929,0.29
main,v040,LOSO-dep-f3,primary,LOSO,deployed,3,B,Centralized PPO|ppo_multi_site_seed99_20260517T003436/best_model.zip,Centralized PPO,99,L,"May 2026, pre-781c90c reward; run has no final save (best_model.zip only)",5,-7197.520166417527,580.8867310051157,6544.783332612411,4.4751028,67.375,366.1347505875967,365.0159748875967,0.3389494549058474,0.21704658077304262,0.3389494549058474,0.333994053518335,0.40733399405351833,235,22.358771060455897,342,391.52135152595315,1761.4781409140019,0.7366053316260758,0.29
main,v040,LOSO-dep-f3,primary,LOSO,deployed,3,B,Centralized PPO|ppo_multi_site_seed99_20260517T003436/best_model.zip,Centralized PPO,99,L,"May 2026, pre-781c90c reward; run has no final save (best_model.zip only)",6,-7441.531592300665,844.349874107998,6597.181697592667,2.06e-05,0.0,359.5518270036197,359.5518218536197,0.3072348860257681,0.15361744301288405,0.3072348860257681,0.3002973240832507,1.0,0,0.0,310,230.90464047115228,2442.613705294324,0.8073853780013166,0.29
main,v040,LOSO-dep-f3,primary,LOSO,deployed,3,B,Centralized PPO|ppo_multi_site_seed99_20260517T003436/best_model.zip,Centralized PPO,99,L,"May 2026, pre-781c90c reward; run has no final save (best_model.zip only)",7,-1498.7697000726696,575.7520303837252,902.1032332889442,1.2894364,19.625,206.44377563277135,206.12141653277132,0.04162537165510406,0.005946481665014866,0.04162537165510406,0.040634291377601585,0.3121902874132805,67,6.374628344895937,42,40.326216589141964,1647.7475612632013,0.8138577041771188,0.29
main,v040,LOSO-dep-f3,primary,LOSO,deployed,3,B,Centralized PPO|ppo_multi_site_seed99_20260517T003436/best_model.zip,Centralized PPO,99,L,"May 2026, pre-781c90c reward; run has no final save (best_model.zip only)",8,-402.0365801569236,402.0365801569236,0.0,0.0,0.0,207.14812815665772,207.14812815665772,0.0,0.0,0.0,0.0,0.0,0,0.0,0,0.0,0.0,0.0,0.29
main,v040,LOSO-dep-f3,primary,LOSO,deployed,3,B,Centralized PPO|ppo_multi_site_seed99_20260517T003436/best_model.zip,Centralized PPO,99,L,"May 2026, pre-781c90c reward; run has no final save (best_model.zip only)",9,-1080.01144018583,81.01144018583015,999.0,0.0,0.0,207.49609891718006,207.49609891718006,0.04558969276511397,0.04558969276511397,0.0,0.036669970267591674,0.0,0,0.0,46,8.450041579904692,99.27811641324571,0.815618707421439,0.29
