tag,twin,world,tier,protocol,config,fold,experiment,ckpt_id,family,seed,cohorts,source,cluster,reward,energy_penalty,qos_penalty,switch_penalty,cooldown_penalty,energy_wh,energy_wh_steady,qos_violation_rate,delay_violation_rate,loss_violation_rate,qscore_below_tau_rate,usr_share,switches,switches_per_cluster_day,n_budget_violations,severity_mean,severity_max,q_shortfall_mean,seconds
main,v040,LOSO-nes-f2,secondary,LOSO,nested,2,B,IPPO|wcnc2027_ablation/ippo_seed13,IPPO,13,R,wcnc2027_ablation 2026-09-14,all,-5480.950836780079,4366.740403061316,1088.6455213187635,3.5649124,22.0,1973.7334921700062,1972.8422640700062,0.00624380574826561,0.0046580773042616454,0.0015857284440039642,0.00624380574826561,0.07581764122893954,187,1.779187314172448,63,8.293759787756374,78.76542503363426,0.6760029213326791,0.7
main,v040,LOSO-nes-f2,secondary,LOSO,nested,2,B,IPPO|wcnc2027_ablation/ippo_seed13,IPPO,13,R,wcnc2027_ablation 2026-09-14,0,-867.339076764172,797.0991969714573,67.7201615927146,0.6447182,1.875,176.6707289613774,176.50954941137738,0.004955401387512388,0.0,0.004955401387512388,0.004955401387512388,0.2537165510406343,33,3.1397423191278495,5,0.5671664242791246,1.0784934016384693,0.5514677439514306,0.7
main,v040,LOSO-nes-f2,secondary,LOSO,nested,2,B,IPPO|wcnc2027_ablation/ippo_seed13,IPPO,13,R,wcnc2027_ablation 2026-09-14,1,-531.6604214297479,464.2485874315692,64.18004039817865,0.6067936,2.625,192.13334041044084,191.98164201044085,0.002973240832507433,0.0,0.002973240832507433,0.002973240832507433,0.11793855302279485,32,3.044598612487612,3,0.8745422906869379,1.1057987904830557,0.8131115599797628,0.7
main,v040,LOSO-nes-f2,secondary,LOSO,nested,2,B,IPPO|wcnc2027_ablation/ippo_seed13,IPPO,13,R,wcnc2027_ablation 2026-09-14,2,-285.131772111562,285.131772111562,0.0,0.0,0.0,206.91604362617895,206.91604362617895,0.0,0.0,0.0,0.0,0.0,0,0.0,0,0.0,0.0,0.0,0.7
main,v040,LOSO-nes-f2,secondary,LOSO,nested,2,B,IPPO|wcnc2027_ablation/ippo_seed13,IPPO,13,R,wcnc2027_ablation 2026-09-14,3,-164.70421167677037,137.70421167677037,27.0,0.0,0.0,207.04287516734337,207.04287516734337,0.0009910802775024777,0.0009910802775024777,0.0,0.0009910802775024777,0.0,0,0.0,1,4.943537109139514,4.943537109139514,1.0,0.7
main,v040,LOSO-nes-f2,secondary,LOSO,nested,2,B,IPPO|wcnc2027_ablation/ippo_seed13,IPPO,13,R,wcnc2027_ablation 2026-09-14,4,-634.6576599033274,555.1149363069701,74.3600807963573,0.6826428,4.5,187.33129442011642,187.1606337201164,0.003964321110009911,0.0,0.003964321110009911,0.003964321110009911,0.13974231912784935,36,3.4251734390485633,4,0.7589140407888789,1.0784934016384693,0.7196673399696443,0.7
main,v040,LOSO-nes-f2,secondary,LOSO,nested,2,B,IPPO|wcnc2027_ablation/ippo_seed13,IPPO,13,R,wcnc2027_ablation 2026-09-14,5,-407.7331122261219,405.50556462612184,0.0,0.2275476,2.0,204.25594014733912,204.19905324733912,0.0,0.0,0.0,0.0,0.02180376610505451,12,1.1417244796828543,0,0.0,0.0,0.0,0.7
main,v040,LOSO-nes-f2,secondary,LOSO,nested,2,B,IPPO|wcnc2027_ablation/ippo_seed13,IPPO,13,R,wcnc2027_ablation 2026-09-14,6,-708.3273546756277,668.3350432158772,32.60881945975059,0.7584919999999999,6.625,191.61074036769367,191.42111736769368,0.0019821605550049554,0.0,0.0019821605550049554,0.0019821605550049554,0.1159563924677899,40,3.8057482656095147,2,0.6827270251484112,1.0784934016384693,0.6434803243291766,0.7
main,v040,LOSO-nes-f2,secondary,LOSO,nested,2,B,IPPO|wcnc2027_ablation/ippo_seed13,IPPO,13,R,wcnc2027_ablation 2026-09-14,7,-601.0337388145308,576.0668644181735,20.360080796357302,0.6067936,4.0,193.95244184216756,193.80074344216757,0.0019821605550049554,0.0,0.0019821605550049554,0.0019821605550049554,0.10703666997026759,32,3.044598612487612,2,0.4393346799392884,0.4393346799392884,0.4393346799392883,0.7
main,v040,LOSO-nes-f2,secondary,LOSO,nested,2,B,IPPO|wcnc2027_ablation/ippo_seed13,IPPO,13,R,wcnc2027_ablation 2026-09-14,8,-397.05747785390497,396.644553253905,0.0,0.0379246,0.375,206.57331278030193,206.56383163030193,0.0,0.0,0.0,0.0,0.0019821605550049554,2,0.19028741328047574,0,0.0,0.0,0.0,0.7
main,v040,LOSO-nes-f2,secondary,LOSO,nested,2,B,IPPO|wcnc2027_ablation/ippo_seed13,IPPO,13,R,wcnc2027_ablation 2026-09-14,9,-883.3060113243149,80.8896730489098,802.416338275405,0.0,0.0,207.2467744470471,207.2467744470471,0.04558969276511397,0.04558969276511397,0.0,0.04558969276511397,0.0,0,0.0,46,11.017915020711406,78.76542503363426,0.6814611146923226,0.7
main,v040,LOSO-nes-f2,secondary,LOSO,nested,2,B,IPPO|wcnc2027_ablation/ippo_seed23,IPPO,23,R,wcnc2027_ablation 2026-09-14,all,-5597.022469005405,4281.774648292105,1281.1856425132996,4.4371782,29.625,1963.5200989227358,1962.4108043727358,0.00713577799801784,0.0046580773042616454,0.002477700693756194,0.00713577799801784,0.088800792864222,233,2.216848364717542,72,21.394145928986763,506.8269331029031,0.6931415011635645,0.7
main,v040,LOSO-nes-f2,secondary,LOSO,nested,2,B,IPPO|wcnc2027_ablation/ippo_seed23,IPPO,23,R,wcnc2027_ablation 2026-09-14,0,-829.9916756788283,768.2775354824711,47.360080796357295,1.4790594000000001,12.875,173.22020350286692,172.85043865286693,0.002973240832507433,0.0,0.002973240832507433,0.002973240832507433,0.29137760158572845,77,7.326065411298315,3,0.6523875871723487,1.0784934016384693,0.6262231199595255,0.7
main,v040,LOSO-nes-f2,secondary,LOSO,nested,2,B,IPPO|wcnc2027_ablation/ippo_seed23,IPPO,23,R,wcnc2027_ablation 2026-09-14,1,-529.1605386173574,462.4116292191788,64.18004039817865,0.5688690000000001,2.0,192.03834219675753,191.89612494675754,0.002973240832507433,0.0,0.002973240832507433,0.002973240832507433,0.11793855302279485,30,2.8543111992071357,3,0.8745422906869379,1.1057987904830557,0.8131115599797628,0.7
main,v040,LOSO-nes-f2,secondary,LOSO,nested,2,B,IPPO|wcnc2027_ablation/ippo_seed23,IPPO,23,R,wcnc2027_ablation 2026-09-14,2,-285.131772111562,285.131772111562,0.0,0.0,0.0,206.91604362617895,206.91604362617895,0.0,0.0,0.0,0.0,0.0,0,0.0,0,0.0,0.0,0.0,0.7
main,v040,LOSO-nes-f2,secondary,LOSO,nested,2,B,IPPO|wcnc2027_ablation/ippo_seed23,IPPO,23,R,wcnc2027_ablation 2026-09-14,3,-164.70421167677037,137.70421167677037,27.0,0.0,0.0,207.04287516734337,207.04287516734337,0.0009910802775024777,0.0009910802775024777,0.0,0.0009910802775024777,0.0,0,0.0,1,4.943537109139514,4.943537109139514,1.0,0.7
main,v040,LOSO-nes-f2,secondary,LOSO,nested,2,B,IPPO|wcnc2027_ablation/ippo_seed23,IPPO,23,R,wcnc2027_ablation 2026-09-14,4,-647.6867996078655,561.5286586133295,84.54012119453594,0.4930198,1.125,187.45993782278148,187.33668287278147,0.004955401387512388,0.0,0.004955401387512388,0.004955401387512388,0.14469772051536176,26,2.4737363726461843,5,0.6949981686189608,1.0784934016384693,0.6636008079635731,0.7
main,v040,LOSO-nes-f2,secondary,LOSO,nested,2,B,IPPO|wcnc2027_ablation/ippo_seed23,IPPO,23,R,wcnc2027_ablation 2026-09-14,5,-440.75221167031964,386.18758867031966,54.0,0.18962299999999999,0.375,202.70944154590015,202.66203579590015,0.0019821605550049554,0.0,0.0019821605550049554,0.0019821605550049554,0.036669970267591674,10,0.9514370664023787,2,1.0784934016384693,1.0784934016384693,1.0,0.7
main,v040,LOSO-nes-f2,secondary,LOSO,nested,2,B,IPPO|wcnc2027_ablation/ippo_seed23,IPPO,23,R,wcnc2027_ablation 2026-09-14,6,-783.3705149854288,652.1714647274996,123.78885985792924,0.9101904000000001,6.5,189.50972570430915,189.28217810430914,0.005946481665014866,0.0,0.005946481665014866,0.005946481665014866,0.1466798810703667,48,4.566897918731417,6,169.15456526913871,506.8269331029031,0.787715888099607,0.7
main,v040,LOSO-nes-f2,secondary,LOSO,nested,2,B,IPPO|wcnc2027_ablation/ippo_seed23,IPPO,23,R,wcnc2027_ablation 2026-09-14,7,-636.6029592704042,552.107189879511,77.90020199089325,0.7205674,5.875,190.91376548170769,190.7336236317077,0.005946481665014866,0.0,0.005946481665014866,0.005946481665014866,0.14767096134786917,38,3.615460852329039,6,0.5784533217335155,1.274046530704651,0.532778899949407,0.7
main,v040,LOSO-nes-f2,secondary,LOSO,nested,2,B,IPPO|wcnc2027_ablation/ippo_seed23,IPPO,23,R,wcnc2027_ablation 2026-09-14,8,-396.3157740625531,395.3649248625531,0.0,0.0758492,0.875,206.4629894278434,206.4440271278434,0.0,0.0,0.0,0.0,0.002973240832507433,4,0.3805748265609515,0,0.0,0.0,0.0,0.7
main,v040,LOSO-nes-f2,secondary,LOSO,nested,2,B,IPPO|wcnc2027_ablation/ippo_seed23,IPPO,23,R,wcnc2027_ablation 2026-09-14,9,-883.3060113243149,80.8896730489098,802.416338275405,0.0,0.0,207.2467744470471,207.2467744470471,0.04558969276511397,0.04558969276511397,0.0,0.04558969276511397,0.0,0,0.0,46,11.017915020711406,78.76542503363426,0.6814611146923226,0.7
main,v040,LOSO-nes-f2,secondary,LOSO,nested,2,B,IPPO|wcnc2027_ablation/ippo_seed77,IPPO,77,R,wcnc2027_ablation 2026-09-14,all,-5565.846433191065,4293.665301179657,1243.6990490114085,3.982083,24.5,1968.6564424182136,1967.6609216682136,0.006838453914767096,0.0046580773042616454,0.002477700693756194,0.006838453914767096,0.08394449950445985,209,1.9885034687809713,69,6248.60340978815,166695.8999534797,0.7008207966238689,0.69
main,v040,LOSO-nes-f2,secondary,LOSO,nested,2,B,IPPO|wcnc2027_ablation/ippo_seed77,IPPO,77,R,wcnc2027_ablation 2026-09-14,0,-843.5512085546337,793.1334849582764,47.360080796357295,0.6826428,2.375,176.4220365311217,176.25137583112172,0.002973240832507433,0.0,0.002973240832507433,0.002973240832507433,0.25074331020812685,35,3.3300297324083252,3,0.6523875871723487,1.0784934016384693,0.6262231199595255,0.69
main,v040,LOSO-nes-f2,secondary,LOSO,nested,2,B,IPPO|wcnc2027_ablation/ippo_seed77,IPPO,77,R,wcnc2027_ablation 2026-09-14,1,-531.144412639746,463.6946540415673,64.18004039817865,0.6447182,2.625,192.0270207690051,191.8658412190051,0.002973240832507433,0.0,0.002973240832507433,0.002973240832507433,0.12091179385530228,34,3.2348860257680876,3,0.8745422906869379,1.1057987904830557,0.8131115599797628,0.69
main,v040,LOSO-nes-f2,secondary,LOSO,nested,2,B,IPPO|wcnc2027_ablation/ippo_seed77,IPPO,77,R,wcnc2027_ablation 2026-09-14,2,-285.131772111562,285.131772111562,0.0,0.0,0.0,206.91604362617895,206.91604362617895,0.0,0.0,0.0,0.0,0.0,0,0.0,0,0.0,0.0,0.0,0.69
main,v040,LOSO-nes-f2,secondary,LOSO,nested,2,B,IPPO|wcnc2027_ablation/ippo_seed77,IPPO,77,R,wcnc2027_ablation 2026-09-14,3,-164.70421167677037,137.70421167677037,27.0,0.0,0.0,207.04287516734337,207.04287516734337,0.0009910802775024777,0.0009910802775024777,0.0,0.0009910802775024777,0.0,0,0.0,1,4.943537109139514,4.943537109139514,1.0,0.69
main,v040,LOSO-nes-f2,secondary,LOSO,nested,2,B,IPPO|wcnc2027_ablation/ippo_seed77,IPPO,77,R,wcnc2027_ablation 2026-09-14,4,-643.744418639176,556.9233530446402,84.54012119453594,0.5309444,1.75,187.1016806748909,186.96894457489088,0.004955401387512388,0.0,0.004955401387512388,0.004955401387512388,0.14767096134786917,28,2.66402378592666,5,0.6949981686189608,1.0784934016384693,0.6636008079635731,0.69
main,v040,LOSO-nes-f2,secondary,LOSO,nested,2,B,IPPO|wcnc2027_ablation/ippo_seed77,IPPO,77,R,wcnc2027_ablation 2026-09-14,5,-412.93853934401903,374.20510214584044,37.18004039817865,0.3033968,1.25,201.69579511840138,201.61994591840136,0.0019821605550049554,0.0,0.0019821605550049554,0.0019821605550049554,0.04658077304261645,16,1.522299306243806,2,0.7589140407888788,1.0784934016384693,0.7196673399696442,0.69
main,v040,LOSO-nes-f2,secondary,LOSO,nested,2,B,IPPO|wcnc2027_ablation/ippo_seed77,IPPO,77,R,wcnc2027_ablation 2026-09-14,6,-768.5676209512174,637.1185706932881,123.78885985792924,0.9101904000000001,6.75,189.4981391749818,189.2705915749818,0.005946481665014866,0.0,0.005946481665014866,0.005946481665014866,0.1466798810703667,48,4.566897918731417,6,169.15456526913871,506.8269331029031,0.787715888099607,0.69
main,v040,LOSO-nes-f2,secondary,LOSO,nested,2,B,IPPO|wcnc2027_ablation/ippo_seed77,IPPO,77,R,wcnc2027_ablation 2026-09-14,7,-620.5589859738842,562.9516393775268,47.360080796357295,0.8722658000000001,9.375,192.48109282128524,192.26302637128526,0.002973240832507433,0.0,0.002973240832507433,0.002973240832507433,0.12487611496531219,46,4.376610505450942,3,0.7175719635277426,1.274046530704651,0.6262231199595255,0.69
main,v040,LOSO-nes-f2,secondary,LOSO,nested,2,B,IPPO|wcnc2027_ablation/ippo_seed77,IPPO,77,R,wcnc2027_ablation 2026-09-14,8,-401.81244815691986,401.81244815691986,0.0,0.0,0.0,206.8881858335294,206.8881858335294,0.0,0.0,0.0,0.0,0.0,0,0.0,0,0.0,0.0,0.0,0.69
main,v040,LOSO-nes-f2,secondary,LOSO,nested,2,B,IPPO|wcnc2027_ablation/ippo_seed77,IPPO,77,R,wcnc2027_ablation 2026-09-14,9,-893.6928151431373,80.99006497326565,812.2898255698715,0.0379246,0.375,208.5835727014757,208.5740915514757,0.04558969276511397,0.04558969276511397,0.002973240832507433,0.04558969276511397,0.0019821605550049554,2,0.19028741328047574,46,9350.479087439338,166695.8999534797,0.6886158156303418,0.69
main,v040,LOSO-nes-f2,secondary,LOSO,nested,2,B,IPPO|wcnc2027_ablation/ippo_seed99,IPPO,99,R,wcnc2027_ablation 2026-09-14,all,-25062.08373474353,4556.734269969722,20477.010588173805,4.5888766,23.75,2391.6965887288234,2390.549369578823,0.07928642220019821,0.06283448959365709,0.07462834489593657,0.07928642220019821,0.1550049554013875,241,2.2929633300297327,800,1978.6715746754842,11914.374993136844,0.9532087745072418,0.69
main,v040,LOSO-nes-f2,secondary,LOSO,nested,2,B,IPPO|wcnc2027_ablation/ippo_seed99,IPPO,99,R,wcnc2027_ablation 2026-09-14,0,-847.6604393160568,783.0092785215209,57.54012119453595,0.9860396,6.125,175.17695767914972,174.9304477791497,0.003964321110009911,0.0,0.003964321110009911,0.003964321110009911,0.26858275520317143,51,4.852329038652131,4,0.5991243603640836,1.0784934016384693,0.5795010099544662,0.69
main,v040,LOSO-nes-f2,secondary,LOSO,nested,2,B,IPPO|wcnc2027_ablation/ippo_seed99,IPPO,99,R,wcnc2027_ablation 2026-09-14,1,-535.4673965825722,468.05556258439356,64.18004039817865,0.6067936,2.625,192.5189397272191,192.3672413272191,0.002973240832507433,0.0,0.002973240832507433,0.002973240832507433,0.1159563924677899,32,3.044598612487612,3,0.8745422906869379,1.1057987904830557,0.8131115599797628,0.69
main,v040,LOSO-nes-f2,secondary,LOSO,nested,2,B,IPPO|wcnc2027_ablation/ippo_seed99,IPPO,99,R,wcnc2027_ablation 2026-09-14,2,-285.131772111562,285.131772111562,0.0,0.0,0.0,206.91604362617895,206.91604362617895,0.0,0.0,0.0,0.0,0.0,0,0.0,0,0.0,0.0,0.0,0.69
main,v040,LOSO-nes-f2,secondary,LOSO,nested,2,B,IPPO|wcnc2027_ablation/ippo_seed99,IPPO,99,R,wcnc2027_ablation 2026-09-14,3,-19689.57287274315,391.74312808628576,19297.185026456864,0.6447182,0.0,630.0164218777118,629.8552423277117,0.7264618434093162,0.5827552031714569,0.7254707631318137,0.7264618434093162,0.7324083250743311,34,3.2348860257680876,733,2157.4420954705342,11914.374993136844,0.9775436574104986,0.69
main,v040,LOSO-nes-f2,secondary,LOSO,nested,2,B,IPPO|wcnc2027_ablation/ippo_seed99,IPPO,99,R,wcnc2027_ablation 2026-09-14,4,-641.6093112575425,553.7503210630064,84.54012119453594,0.5688690000000001,2.75,187.03087366884617,186.88865641884615,0.004955401387512388,0.0,0.004955401387512388,0.004955401387512388,0.14568880079286423,30,2.8543111992071357,5,0.6949981686189608,1.0784934016384693,0.6636008079635731,0.69
main,v040,LOSO-nes-f2,secondary,LOSO,nested,2,B,IPPO|wcnc2027_ablation/ippo_seed99,IPPO,99,R,wcnc2027_ablation 2026-09-14,5,-403.6699565689213,375.9424089689213,27.0,0.22754760000000002,0.5,201.83929237912724,201.78240547912725,0.0009910802775024777,0.0,0.0009910802775024777,0.0009910802775024777,0.04162537165510406,12,1.1417244796828543,1,1.0784934016384693,1.0784934016384693,1.0,0.69
main,v040,LOSO-nes-f2,secondary,LOSO,nested,2,B,IPPO|wcnc2027_ablation/ippo_seed99,IPPO,99,R,wcnc2027_ablation 2026-09-14,6,-769.3725764500895,638.3364507921602,123.78885985792924,0.8722658000000001,6.375,189.6653932429516,189.44732679295163,0.005946481665014866,0.0,0.005946481665014866,0.005946481665014866,0.14469772051536176,46,4.376610505450942,6,169.15456526913871,506.8269331029031,0.787715888099607,0.69
main,v040,LOSO-nes-f2,secondary,LOSO,nested,2,B,IPPO|wcnc2027_ablation/ippo_seed99,IPPO,99,R,wcnc2027_ablation 2026-09-14,7,-609.9402143335072,583.81041533715,20.360080796357302,0.6447182,5.125,194.797887043481,194.63670749348103,0.0019821605550049554,0.0,0.0019821605550049554,0.0019821605550049554,0.0981169474727453,34,3.2348860257680876,2,0.4393346799392884,0.4393346799392884,0.4393346799392883,0.69
main,v040,LOSO-nes-f2,secondary,LOSO,nested,2,B,IPPO|wcnc2027_ablation/ippo_seed99,IPPO,99,R,wcnc2027_ablation 2026-09-14,8,-396.3531840558124,396.0652594558124,0.0,0.0379246,0.25,206.48800503711047,206.47852388711047,0.0,0.0,0.0,0.0,0.002973240832507433,2,0.19028741328047574,0,0.0,0.0,0.0,0.69
main,v040,LOSO-nes-f2,secondary,LOSO,nested,2,B,IPPO|wcnc2027_ablation/ippo_seed99,IPPO,99,R,wcnc2027_ablation 2026-09-14,9,-883.3060113243149,80.8896730489098,802.416338275405,0.0,0.0,207.2467744470471,207.2467744470471,0.04558969276511397,0.04558969276511397,0.0,0.04558969276511397,0.0,0,0.0,46,11.017915020711406,78.76542503363426,0.6814611146923226,0.69
main,v040,LOSO-nes-f2,secondary,LOSO,nested,2,B,IPPO|ppo_single_site_ensemble_seed13_20260517T091403,IPPO,13,P,"May 2026, pre-781c90c reward",all,-5443.499114012917,4337.0916712868675,1074.925359726049,3.982083,27.5,1972.1056539010237,1971.1101331510238,0.005946481665014866,0.0046580773042616454,0.001288404360753221,0.005946481665014866,0.07690782953419227,209,1.9885034687809713,60,8.697133688508881,78.76542503363426,0.6971807554033606,0.71
main,v040,LOSO-nes-f2,secondary,LOSO,nested,2,B,IPPO|ppo_single_site_ensemble_seed13_20260517T091403,IPPO,13,P,"May 2026, pre-781c90c reward",0,-835.6030795942296,792.0128487960509,37.18004039817865,0.9101904000000001,5.5,176.3402633398992,176.11271573989922,0.0019821605550049554,0.0,0.0019821605550049554,0.0019821605550049554,0.24281466798810702,47,4.47175421209118,2,0.7589140407888788,1.0784934016384693,0.7196673399696442,0.71
main,v040,LOSO-nes-f2,secondary,LOSO,nested,2,B,IPPO|ppo_single_site_ensemble_seed13_20260517T091403,IPPO,13,P,"May 2026, pre-781c90c reward",1,-530.642666838934,459.9541344407553,64.18004039817865,0.758492,5.75,191.55919982763794,191.36957682763796,0.002973240832507433,0.0,0.002973240832507433,0.002973240832507433,0.1278493557978196,40,3.8057482656095147,3,0.8745422906869379,1.1057987904830557,0.8131115599797628,0.71
main,v040,LOSO-nes-f2,secondary,LOSO,nested,2,B,IPPO|ppo_single_site_ensemble_seed13_20260517T091403,IPPO,13,P,"May 2026, pre-781c90c reward",2,-285.131772111562,285.131772111562,0.0,0.0,0.0,206.91604362617895,206.91604362617895,0.0,0.0,0.0,0.0,0.0,0,0.0,0,0.0,0.0,0.0,0.71
main,v040,LOSO-nes-f2,secondary,LOSO,nested,2,B,IPPO|ppo_single_site_ensemble_seed13_20260517T091403,IPPO,13,P,"May 2026, pre-781c90c reward",3,-164.70421167677037,137.70421167677037,27.0,0.0,0.0,207.04287516734337,207.04287516734337,0.0009910802775024777,0.0009910802775024777,0.0,0.0009910802775024777,0.0,0,0.0,1,4.943537109139514,4.943537109139514,1.0,0.71
main,v040,LOSO-nes-f2,secondary,LOSO,nested,2,B,IPPO|ppo_single_site_ensemble_seed13_20260517T091403,IPPO,13,P,"May 2026, pre-781c90c reward",4,-629.8107351007088,564.5505995025301,64.18004039817865,0.4550952,0.625,187.82584016054227,187.71206636054228,0.002973240832507433,0.0,0.002973240832507433,0.002973240832507433,0.1377601585728444,24,2.2834489593657086,3,0.865440494405409,1.0784934016384693,0.8131115599797628,0.71
main,v040,LOSO-nes-f2,secondary,LOSO,nested,2,B,IPPO|ppo_single_site_ensemble_seed13_20260517T091403,IPPO,13,P,"May 2026, pre-781c90c reward",5,-417.47322361382714,406.2285602156485,10.180040398178651,0.18962299999999999,0.875,204.59693628726086,204.54953053726086,0.0009910802775024777,0.0,0.0009910802775024777,0.0009910802775024777,0.024777006937561942,10,0.9514370664023787,1,0.4393346799392884,0.4393346799392884,0.4393346799392883,0.71
main,v040,LOSO-nes-f2,secondary,LOSO,nested,2,B,IPPO|ppo_single_site_ensemble_seed13_20260517T091403,IPPO,13,P,"May 2026, pre-781c90c reward",6,-714.5801325101418,642.9094242503911,59.60881945975059,1.0618888,11.0,190.66337675633497,190.39790455633494,0.002973240832507433,0.0,0.002973240832507433,0.002973240832507433,0.12190287413280476,56,5.32804757185332,3,0.8146491506450971,1.0784934016384693,0.7623202162194511,0.71
main,v040,LOSO-nes-f2,secondary,LOSO,nested,2,B,IPPO|ppo_single_site_ensemble_seed13_20260517T091403,IPPO,13,P,"May 2026, pre-781c90c reward",7,-585.9515569928419,571.5776475946633,10.180040398178651,0.5688690000000001,3.625,193.40960435578484,193.26738710578485,0.0009910802775024777,0.0,0.0009910802775024777,0.0009910802775024777,0.11000991080277503,30,2.8543111992071357,1,0.4393346799392884,0.4393346799392884,0.4393346799392883,0.71
main,v040,LOSO-nes-f2,secondary,LOSO,nested,2,B,IPPO|ppo_single_site_ensemble_seed13_20260517T091403,IPPO,13,P,"May 2026, pre-781c90c reward",8,-396.295724249586,396.132799649586,0.0,0.0379246,0.125,206.50473993299426,206.49525878299426,0.0,0.0,0.0,0.0,0.003964321110009911,2,0.19028741328047574,0,0.0,0.0,0.0,0.71
main,v040,LOSO-nes-f2,secondary,LOSO,nested,2,B,IPPO|ppo_single_site_ensemble_seed13_20260517T091403,IPPO,13,P,"May 2026, pre-781c90c reward",9,-883.3060113243149,80.8896730489098,802.416338275405,0.0,0.0,207.2467744470471,207.2467744470471,0.04558969276511397,0.04558969276511397,0.0,0.04558969276511397,0.0,0,0.0,46,11.017915020711406,78.76542503363426,0.6814611146923226,0.71
main,v040,LOSO-nes-f2,secondary,LOSO,nested,2,B,IPPO|ppo_single_site_ensemble_seed23_20260517T110907,IPPO,23,P,"May 2026, pre-781c90c reward",all,-5582.537908004478,4298.470680685714,1250.6455213187635,4.171706,29.25,1966.0891504620017,1965.0462239620015,0.006838453914767096,0.0046580773042616454,0.002180376610505451,0.006838453914767096,0.08493557978196234,219,2.083647175421209,69,22.305224678945354,506.8269331029031,0.7041765803472287,0.71
main,v040,LOSO-nes-f2,secondary,LOSO,nested,2,B,IPPO|ppo_single_site_ensemble_seed23_20260517T110907,IPPO,23,P,"May 2026, pre-781c90c reward",0,-843.1089053183834,790.2894833220263,47.360080796357295,0.8343412,4.625,176.07308412399684,175.86449882399683,0.002973240832507433,0.0,0.002973240832507433,0.002973240832507433,0.2556987115956392,43,4.0911793855302285,3,0.6523875871723487,1.0784934016384693,0.6262231199595255,0.71
main,v040,LOSO-nes-f2,secondary,LOSO,nested,2,B,IPPO|ppo_single_site_ensemble_seed23_20260517T110907,IPPO,23,P,"May 2026, pre-781c90c reward",1,-526.0375991545206,459.663689756342,64.18004039817865,0.5688690000000001,1.625,191.5590044545143,191.4167872045143,0.002973240832507433,0.0,0.002973240832507433,0.002973240832507433,0.12685827552031714,30,2.8543111992071357,3,0.8745422906869379,1.1057987904830557,0.8131115599797628,0.71
main,v040,LOSO-nes-f2,secondary,LOSO,nested,2,B,IPPO|ppo_single_site_ensemble_seed23_20260517T110907,IPPO,23,P,"May 2026, pre-781c90c reward",2,-285.131772111562,285.131772111562,0.0,0.0,0.0,206.91604362617895,206.91604362617895,0.0,0.0,0.0,0.0,0.0,0,0.0,0,0.0,0.0,0.0,0.71
main,v040,LOSO-nes-f2,secondary,LOSO,nested,2,B,IPPO|ppo_single_site_ensemble_seed23_20260517T110907,IPPO,23,P,"May 2026, pre-781c90c reward",3,-164.70421167677037,137.70421167677037,27.0,0.0,0.0,207.04287516734337,207.04287516734337,0.0009910802775024777,0.0009910802775024777,0.0,0.0009910802775024777,0.0,0,0.0,1,4.943537109139514,4.943537109139514,1.0,0.71
main,v040,LOSO-nes-f2,secondary,LOSO,nested,2,B,IPPO|ppo_single_site_ensemble_seed23_20260517T110907,IPPO,23,P,"May 2026, pre-781c90c reward",4,-645.7424743763852,559.7093333818493,84.54012119453594,0.4930198,1.0,187.2312614239348,187.10800647393478,0.004955401387512388,0.0,0.004955401387512388,0.004955401387512388,0.14469772051536176,26,2.4737363726461843,5,0.6949981686189608,1.0784934016384693,0.6636008079635731,0.71
main,v040,LOSO-nes-f2,secondary,LOSO,nested,2,B,IPPO|ppo_single_site_ensemble_seed23_20260517T110907,IPPO,23,P,"May 2026, pre-781c90c reward",5,-431.41478691124837,376.81223931124833,54.0,0.22754760000000002,0.375,201.87536207350036,201.81847517350036,0.0019821605550049554,0.0,0.0019821605550049554,0.0019821605550049554,0.04558969276511397,12,1.1417244796828543,2,1.0784934016384693,1.0784934016384693,1.0,0.71
main,v040,LOSO-nes-f2,secondary,LOSO,nested,2,B,IPPO|ppo_single_site_ensemble_seed23_20260517T110907,IPPO,23,P,"May 2026, pre-781c90c reward",6,-781.1737517152169,649.6867768572877,123.78885985792924,0.948115,6.75,189.16522246686634,188.92819371686633,0.005946481665014866,0.0,0.005946481665014866,0.005946481665014866,0.15163528245787908,50,4.757185332011893,6,169.15456526913871,506.8269331029031,0.787715888099607,0.71
main,v040,LOSO-nes-f2,secondary,LOSO,nested,2,B,IPPO|ppo_single_site_ensemble_seed23_20260517T110907,IPPO,23,P,"May 2026, pre-781c90c reward",7,-626.3069151516154,563.7978701552581,47.360080796357295,1.0239642,14.125,192.60184099396764,192.34584994396764,0.002973240832507433,0.0,0.002973240832507433,0.002973240832507433,0.12091179385530228,54,5.137760158572845,3,0.7175719635277426,1.274046530704651,0.6262231199595255,0.71
main,v040,LOSO-nes-f2,secondary,LOSO,nested,2,B,IPPO|ppo_single_site_ensemble_seed23_20260517T110907,IPPO,23,P,"May 2026, pre-781c90c reward",8,-395.6114802644605,394.7856310644605,0.0,0.0758492,0.75,206.37768168465198,206.35871938465198,0.0,0.0,0.0,0.0,0.003964321110009911,4,0.3805748265609515,0,0.0,0.0,0.0,0.71
main,v040,LOSO-nes-f2,secondary,LOSO,nested,2,B,IPPO|ppo_single_site_ensemble_seed23_20260517T110907,IPPO,23,P,"May 2026, pre-781c90c reward",9,-883.3060113243149,80.8896730489098,802.416338275405,0.0,0.0,207.2467744470471,207.2467744470471,0.04558969276511397,0.04558969276511397,0.0,0.04558969276511397,0.0,0,0.0,46,11.017915020711406,78.76542503363426,0.6814611146923226,0.71
main,v040,LOSO-nes-f2,secondary,LOSO,nested,2,B,IPPO|wcnc2027_ablation/ippo_seed1,IPPO,1,R,wcnc2027_ablation 2026-09-14,all,-5549.457672844833,4316.369505831603,1206.51900861323,3.9441584,22.625,1971.952378121805,1970.966338521805,0.006640237859266601,0.0046580773042616454,0.002477700693756194,0.006640237859266601,0.08067393458870169,207,1.9694747274529236,67,10551.00413384648,166695.8999534797,0.7002582132404129,0.77
main,v040,LOSO-nes-f2,secondary,LOSO,nested,2,B,IPPO|wcnc2027_ablation/ippo_seed1,IPPO,1,R,wcnc2027_ablation 2026-09-14,0,-843.0864006349943,801.3599436368156,37.18004039817865,0.7964165999999999,3.75,177.1421411616931,176.9430370116931,0.0019821605550049554,0.0,0.0019821605550049554,0.0019821605550049554,0.2358771060455897,41,3.9008919722497524,2,0.7589140407888788,1.0784934016384693,0.7196673399696442,0.77
main,v040,LOSO-nes-f2,secondary,LOSO,nested,2,B,IPPO|wcnc2027_ablation/ippo_seed1,IPPO,1,R,wcnc2027_ablation 2026-09-14,1,-544.0981971314809,473.8225893333022,64.18004039817865,0.7205674,5.375,193.3180433732939,193.1379015232939,0.002973240832507433,0.0,0.002973240832507433,0.002973240832507433,0.10307234886025768,38,3.615460852329039,3,0.8745422906869379,1.1057987904830557,0.8131115599797628,0.77
main,v040,LOSO-nes-f2,secondary,LOSO,nested,2,B,IPPO|wcnc2027_ablation/ippo_seed1,IPPO,1,R,wcnc2027_ablation 2026-09-14,2,-285.131772111562,285.131772111562,0.0,0.0,0.0,206.91604362617895,206.91604362617895,0.0,0.0,0.0,0.0,0.0,0,0.0,0,0.0,0.0,0.0,0.77
main,v040,LOSO-nes-f2,secondary,LOSO,nested,2,B,IPPO|wcnc2027_ablation/ippo_seed1,IPPO,1,R,wcnc2027_ablation 2026-09-14,3,-164.70421167677037,137.70421167677037,27.0,0.0,0.0,207.04287516734337,207.04287516734337,0.0009910802775024777,0.0009910802775024777,0.0,0.0009910802775024777,0.0,0,0.0,1,4.943537109139514,4.943537109139514,1.0,0.77
main,v040,LOSO-nes-f2,secondary,LOSO,nested,2,B,IPPO|wcnc2027_ablation/ippo_seed1,IPPO,1,R,wcnc2027_ablation 2026-09-14,4,-646.7665090594955,560.7333680649597,84.54012119453594,0.4930198,1.0,187.36265879556865,187.23940384556863,0.004955401387512388,0.0,0.004955401387512388,0.004955401387512388,0.14271555996035679,26,2.4737363726461843,5,0.6949981686189608,1.0784934016384693,0.6636008079635731,0.77
main,v040,LOSO-nes-f2,secondary,LOSO,nested,2,B,IPPO|wcnc2027_ablation/ippo_seed1,IPPO,1,R,wcnc2027_ablation 2026-09-14,5,-437.0386513923663,371.68021419418767,64.18004039817865,0.30339679999999997,0.875,201.54293169580006,201.46708249580007,0.002973240832507433,0.0,0.002973240832507433,0.002973240832507433,0.05252725470763132,16,1.522299306243806,3,0.8654404944054089,1.0784934016384693,0.8131115599797628,0.77
main,v040,LOSO-nes-f2,secondary,LOSO,nested,2,B,IPPO|wcnc2027_ablation/ippo_seed1,IPPO,1,R,wcnc2027_ablation 2026-09-14,6,-734.3636191481155,630.6645688901862,96.78885985792924,0.9101904000000001,6.0,188.97208420674602,188.744536606746,0.004955401387512388,0.0,0.004955401387512388,0.004955401387512388,0.15758176412289396,48,4.566897918731417,5,101.6200917023858,505.21717638005447,0.7452590657195284,0.77
main,v040,LOSO-nes-f2,secondary,LOSO,nested,2,B,IPPO|wcnc2027_ablation/ippo_seed1,IPPO,1,R,wcnc2027_ablation 2026-09-14,7,-598.1725108891019,572.4177118927446,20.360080796357302,0.6447182,4.75,193.51394684358712,193.35276729358714,0.0019821605550049554,0.0,0.0019821605550049554,0.0019821605550049554,0.11199207135777998,34,3.2348860257680876,2,0.4393346799392884,0.4393346799392884,0.4393346799392883,0.77
main,v040,LOSO-nes-f2,secondary,LOSO,nested,2,B,IPPO|wcnc2027_ablation/ippo_seed1,IPPO,1,R,wcnc2027_ablation 2026-09-14,8,-401.81244815691986,401.81244815691986,0.0,0.0,0.0,206.8881858335294,206.8881858335294,0.0,0.0,0.0,0.0,0.0,0,0.0,0,0.0,0.0,0.0,0.77
main,v040,LOSO-nes-f2,secondary,LOSO,nested,2,B,IPPO|wcnc2027_ablation/ippo_seed1,IPPO,1,R,wcnc2027_ablation 2026-09-14,9,-894.2833526440268,81.04267787415512,812.2898255698715,0.0758492,0.875,209.2534674180643,209.2345051180643,0.04558969276511397,0.04558969276511397,0.004955401387512388,0.04558969276511397,0.002973240832507433,4,0.3805748265609515,46,15356.372642075072,166695.8999534797,0.6886158156303418,0.77
main,v040,LOSO-nes-f2,secondary,LOSO,nested,2,B,IPPO|wcnc2027_ablation/ippo_seed7,IPPO,7,R,wcnc2027_ablation 2026-09-14,all,-5596.236683765936,4380.341963648994,1179.825561716942,3.9441584,32.125,1972.6966238209357,1971.7105842209357,0.006640237859266601,0.0046580773042616454,0.0019821605550049554,0.006640237859266601,0.07809712586719525,207,1.9694747274529236,67,7.8563766364563055,78.76542503363426,0.6869778914014638,0.77
main,v040,LOSO-nes-f2,secondary,LOSO,nested,2,B,IPPO|wcnc2027_ablation/ippo_seed7,IPPO,7,R,wcnc2027_ablation 2026-09-14,0,-848.075031092569,797.7823074962117,47.360080796357295,0.6826428,2.25,176.68183644263445,176.51117574263444,0.002973240832507433,0.0,0.002973240832507433,0.002973240832507433,0.24777006937561943,35,3.3300297324083252,3,0.6523875871723487,1.0784934016384693,0.6262231199595255,0.77
main,v040,LOSO-nes-f2,secondary,LOSO,nested,2,B,IPPO|wcnc2027_ablation/ippo_seed7,IPPO,7,R,wcnc2027_ablation 2026-09-14,1,-536.1471875868956,456.8181829887169,64.18004039817865,1.0239642,14.125,191.47730210570498,191.22131105570497,0.002973240832507433,0.0,0.002973240832507433,0.002973240832507433,0.12289395441030723,54,5.137760158572845,3,0.8745422906869379,1.1057987904830557,0.8131115599797628,0.77
main,v040,LOSO-nes-f2,secondary,LOSO,nested,2,B,IPPO|wcnc2027_ablation/ippo_seed7,IPPO,7,R,wcnc2027_ablation 2026-09-14,2,-285.131772111562,285.131772111562,0.0,0.0,0.0,206.91604362617895,206.91604362617895,0.0,0.0,0.0,0.0,0.0,0,0.0,0,0.0,0.0,0.0,0.77
main,v040,LOSO-nes-f2,secondary,LOSO,nested,2,B,IPPO|wcnc2027_ablation/ippo_seed7,IPPO,7,R,wcnc2027_ablation 2026-09-14,3,-164.70421167677037,137.70421167677037,27.0,0.0,0.0,207.04287516734337,207.04287516734337,0.0009910802775024777,0.0009910802775024777,0.0,0.0009910802775024777,0.0,0,0.0,1,4.943537109139514,4.943537109139514,1.0,0.77
main,v040,LOSO-nes-f2,secondary,LOSO,nested,2,B,IPPO|wcnc2027_ablation/ippo_seed7,IPPO,7,R,wcnc2027_ablation 2026-09-14,4,-635.1810946372664,559.3279940409092,74.3600807963573,0.4930198,1.0,187.17492045589677,187.05166550589675,0.003964321110009911,0.0,0.003964321110009911,0.003964321110009911,0.14469772051536176,26,2.4737363726461843,4,0.7589140407888789,1.0784934016384693,0.7196673399696443,0.77
main,v040,LOSO-nes-f2,secondary,LOSO,nested,2,B,IPPO|wcnc2027_ablation/ippo_seed7,IPPO,7,R,wcnc2027_ablation 2026-09-14,5,-437.6229514484577,398.965363450279,37.18004039817865,0.22754760000000002,1.25,203.76059665312044,203.70370975312045,0.0019821605550049554,0.0,0.0019821605550049554,0.0019821605550049554,0.02973240832507433,12,1.1417244796828543,2,0.7589140407888788,1.0784934016384693,0.7196673399696442,0.77
main,v040,LOSO-nes-f2,secondary,LOSO,nested,2,B,IPPO|wcnc2027_ablation/ippo_seed7,IPPO,7,R,wcnc2027_ablation 2026-09-14,6,-750.1259175599259,708.7206815001753,32.60881945975059,0.7964166,8.0,194.4502945325812,194.25119038258123,0.0019821605550049554,0.0,0.0019821605550049554,0.0019821605550049554,0.08721506442021804,42,3.9960356788899905,2,0.6827270251484112,1.0784934016384693,0.6434803243291766,0.77
main,v040,LOSO-nes-f2,secondary,LOSO,nested,2,B,IPPO|wcnc2027_ablation/ippo_seed7,IPPO,7,R,wcnc2027_ablation 2026-09-14,7,-654.1300581712541,553.1893291785394,94.72016159271459,0.7205674,5.5,191.05779455689884,190.87765270689886,0.005946481665014866,0.0,0.005946481665014866,0.005946481665014866,0.14866204162537167,38,3.615460852329039,6,0.6849797753500456,1.274046530704651,0.6262231199595255,0.77
main,v040,LOSO-nes-f2,secondary,LOSO,nested,2,B,IPPO|wcnc2027_ablation/ippo_seed7,IPPO,7,R,wcnc2027_ablation 2026-09-14,8,-401.81244815691986,401.81244815691986,0.0,0.0,0.0,206.8881858335294,206.8881858335294,0.0,0.0,0.0,0.0,0.0,0,0.0,0,0.0,0.0,0.0,0.77
main,v040,LOSO-nes-f2,secondary,LOSO,nested,2,B,IPPO|wcnc2027_ablation/ippo_seed7,IPPO,7,R,wcnc2027_ablation 2026-09-14,9,-883.3060113243149,80.8896730489098,802.416338275405,0.0,0.0,207.2467744470471,207.2467744470471,0.04558969276511397,0.04558969276511397,0.0,0.04558969276511397,0.0,0,0.0,46,11.017915020711406,78.76542503363426,0.6814611146923226,0.77
main,v040,LOSO-nes-f2,secondary,LOSO,nested,2,B,IPPO|wcnc2027_ablation/ippo_seed42,IPPO,42,R,wcnc2027_ablation 2026-09-14,all,-5528.222186543102,4273.7977833627665,1219.0743003803354,4.4751028,30.875,1965.6977703177777,1964.5789946177777,0.006739345887016849,0.0046580773042616454,0.0020812685827552033,0.006739345887016849,0.08414271555996036,234,2.226362735381566,68,15.198461754512172,506.8269331029031,0.6975854413629096,0.78
main,v040,LOSO-nes-f2,secondary,LOSO,nested,2,B,IPPO|wcnc2027_ablation/ippo_seed42,IPPO,42,R,wcnc2027_ablation 2026-09-14,0,-834.5345412810605,788.004687482882,37.18004039817865,1.0998134,8.25,175.51876312370936,175.24380977370936,0.0019821605550049554,0.0,0.0019821605550049554,0.0019821605550049554,0.2556987115956392,57,5.423191278493558,2,0.7589140407888788,1.0784934016384693,0.7196673399696442,0.78
main,v040,LOSO-nes-f2,secondary,LOSO,nested,2,B,IPPO|wcnc2027_ablation/ippo_seed42,IPPO,42,R,wcnc2027_ablation 2026-09-14,1,-532.1884905675265,463.0378827693478,64.18004039817865,0.7205674,4.25,191.92236145779253,191.74221960779255,0.002973240832507433,0.0,0.002973240832507433,0.002973240832507433,0.1199207135777998,38,3.615460852329039,3,0.8745422906869379,1.1057987904830557,0.8131115599797628,0.78
main,v040,LOSO-nes-f2,secondary,LOSO,nested,2,B,IPPO|wcnc2027_ablation/ippo_seed42,IPPO,42,R,wcnc2027_ablation 2026-09-14,2,-285.131772111562,285.131772111562,0.0,0.0,0.0,206.91604362617895,206.91604362617895,0.0,0.0,0.0,0.0,0.0,0,0.0,0,0.0,0.0,0.0,0.78
main,v040,LOSO-nes-f2,secondary,LOSO,nested,2,B,IPPO|wcnc2027_ablation/ippo_seed42,IPPO,42,R,wcnc2027_ablation 2026-09-14,3,-164.70421167677037,137.70421167677037,27.0,0.0,0.0,207.04287516734337,207.04287516734337,0.0009910802775024777,0.0009910802775024777,0.0,0.0009910802775024777,0.0,0,0.0,1,4.943537109139514,4.943537109139514,1.0,0.78
main,v040,LOSO-nes-f2,secondary,LOSO,nested,2,B,IPPO|wcnc2027_ablation/ippo_seed42,IPPO,42,R,wcnc2027_ablation 2026-09-14,4,-633.6499156986833,558.209739702326,74.3600807963573,0.45509520000000003,0.625,187.27424879308896,187.16047499308894,0.003964321110009911,0.0,0.003964321110009911,0.003964321110009911,0.14271555996035679,24,2.2834489593657086,4,0.7589140407888789,1.0784934016384693,0.7196673399696443,0.78
main,v040,LOSO-nes-f2,secondary,LOSO,nested,2,B,IPPO|wcnc2027_ablation/ippo_seed42,IPPO,42,R,wcnc2027_ablation 2026-09-14,5,-435.30285652320606,369.6944193250274,64.18004039817865,0.30339679999999997,1.125,201.19448646769177,201.11863726769178,0.002973240832507433,0.0,0.002973240832507433,0.002973240832507433,0.05153617443012884,16,1.522299306243806,3,0.8654404944054089,1.0784934016384693,0.8131115599797628,0.78
main,v040,LOSO-nes-f2,secondary,LOSO,nested,2,B,IPPO|wcnc2027_ablation/ippo_seed42,IPPO,42,R,wcnc2027_ablation 2026-09-14,6,-748.4271924592578,639.2885192013287,96.78885985792924,1.0998134,11.25,190.12533343976708,189.8503800897671,0.004955401387512388,0.0,0.004955401387512388,0.004955401387512388,0.13676907829534193,57,5.423191278493558,5,101.94204304695555,506.8269331029031,0.7452590657195283,0.78
main,v040,LOSO-nes-f2,secondary,LOSO,nested,2,B,IPPO|wcnc2027_ablation/ippo_seed42,IPPO,42,R,wcnc2027_ablation 2026-09-14,7,-594.2246102854067,570.0835850890494,20.360080796357302,0.5309444,3.25,193.17713144894986,193.04439534894988,0.0019821605550049554,0.0,0.0019821605550049554,0.0019821605550049554,0.11496531219028741,28,2.66402378592666,2,0.4393346799392884,0.4393346799392884,0.4393346799392883,0.78
main,v040,LOSO-nes-f2,secondary,LOSO,nested,2,B,IPPO|wcnc2027_ablation/ippo_seed42,IPPO,42,R,wcnc2027_ablation 2026-09-14,8,-416.7525846153135,381.75329295556287,32.60881945975059,0.26547220000000005,2.125,205.27975234620854,205.21338429620855,0.0019821605550049554,0.0,0.0019821605550049554,0.0019821605550049554,0.019821605550049554,14,1.33201189296333,2,0.6827270251484112,1.0784934016384693,0.6434803243291766,0.78
main,v040,LOSO-nes-f2,secondary,LOSO,nested,2,B,IPPO|wcnc2027_ablation/ippo_seed42,IPPO,42,R,wcnc2027_ablation 2026-09-14,9,-883.3060113243149,80.8896730489098,802.416338275405,0.0,0.0,207.2467744470471,207.2467744470471,0.04558969276511397,0.04558969276511397,0.0,0.04558969276511397,0.0,0,0.0,46,11.017915020711406,78.76542503363426,0.6814611146923226,0.78
main,v040,LOSO-nes-f2,secondary,LOSO,nested,2,B,IPPO|wcnc2027_ablation/ippo_seed64,IPPO,64,R,wcnc2027_ablation 2026-09-14,all,-5538.569282988858,4444.131854666451,1068.2854405224061,3.5269878,22.625,1979.9179041517084,1979.0361572017082,0.006045589692765114,0.0046580773042616454,0.0013875123885034688,0.006045589692765114,0.06858275520317146,185,1.7601585728444005,61,8.5512819224389,78.76542503363426,0.6837625358045936,0.77
main,v040,LOSO-nes-f2,secondary,LOSO,nested,2,B,IPPO|wcnc2027_ablation/ippo_seed64,IPPO,64,R,wcnc2027_ablation 2026-09-14,0,-841.5526872360308,799.326230237852,37.18004039817865,0.7964166,4.25,176.92854550622667,176.7294413562267,0.0019821605550049554,0.0,0.0019821605550049554,0.0019821605550049554,0.23686818632309217,41,3.9008919722497524,2,0.7589140407888788,1.0784934016384693,0.7196673399696442,0.77
main,v040,LOSO-nes-f2,secondary,LOSO,nested,2,B,IPPO|wcnc2027_ablation/ippo_seed64,IPPO,64,R,wcnc2027_ablation 2026-09-14,1,-544.2675199973394,476.48068599916076,64.18004039817865,0.6067936,3.0,193.41512336578086,193.26342496578087,0.002973240832507433,0.0,0.002973240832507433,0.002973240832507433,0.10604558969276512,32,3.044598612487612,3,0.8745422906869379,1.1057987904830557,0.8131115599797628,0.77
main,v040,LOSO-nes-f2,secondary,LOSO,nested,2,B,IPPO|wcnc2027_ablation/ippo_seed64,IPPO,64,R,wcnc2027_ablation 2026-09-14,2,-285.131772111562,285.131772111562,0.0,0.0,0.0,206.91604362617895,206.91604362617895,0.0,0.0,0.0,0.0,0.0,0,0.0,0,0.0,0.0,0.0,0.77
main,v040,LOSO-nes-f2,secondary,LOSO,nested,2,B,IPPO|wcnc2027_ablation/ippo_seed64,IPPO,64,R,wcnc2027_ablation 2026-09-14,3,-164.70421167677037,137.70421167677037,27.0,0.0,0.0,207.04287516734337,207.04287516734337,0.0009910802775024777,0.0009910802775024777,0.0,0.0009910802775024777,0.0,0,0.0,1,4.943537109139514,4.943537109139514,1.0,0.77
main,v040,LOSO-nes-f2,secondary,LOSO,nested,2,B,IPPO|wcnc2027_ablation/ippo_seed64,IPPO,64,R,wcnc2027_ablation 2026-09-14,4,-649.3096436936972,561.7006534991613,84.54012119453594,0.5688690000000001,2.5,187.72592469883995,187.58370744883996,0.004955401387512388,0.0,0.004955401387512388,0.004955401387512388,0.1377601585728444,30,2.8543111992071357,5,0.6949981686189608,1.0784934016384693,0.6636008079635731,0.77
main,v040,LOSO-nes-f2,secondary,LOSO,nested,2,B,IPPO|wcnc2027_ablation/ippo_seed64,IPPO,64,R,wcnc2027_ablation 2026-09-14,5,-426.55909671535414,426.52117211535415,0.0,0.0379246,0.0,206.0822189512902,206.0727378012902,0.0,0.0,0.0,0.0,0.005946481665014866,2,0.19028741328047574,0,0.0,0.0,0.0,0.77
main,v040,LOSO-nes-f2,secondary,LOSO,nested,2,B,IPPO|wcnc2027_ablation/ippo_seed64,IPPO,64,R,wcnc2027_ablation 2026-09-14,6,-744.3046690108024,702.8615083510517,32.60881945975059,0.8343412,8.0,193.85211714376481,193.6435318437648,0.0019821605550049554,0.0,0.0019821605550049554,0.0019821605550049554,0.09415262636273539,44,4.186323092170466,2,0.6827270251484112,1.0784934016384693,0.6434803243291766,0.77
main,v040,LOSO-nes-f2,secondary,LOSO,nested,2,B,IPPO|wcnc2027_ablation/ippo_seed64,IPPO,64,R,wcnc2027_ablation 2026-09-14,7,-607.5026691554308,583.3616439590735,20.360080796357302,0.5309444,3.25,194.71395352078565,194.58121742078566,0.0019821605550049554,0.0,0.0019821605550049554,0.0019821605550049554,0.0981169474727453,28,2.66402378592666,2,0.4393346799392884,0.4393346799392884,0.4393346799392883,0.77
main,v040,LOSO-nes-f2,secondary,LOSO,nested,2,B,IPPO|wcnc2027_ablation/ippo_seed64,IPPO,64,R,wcnc2027_ablation 2026-09-14,8,-391.9310020675555,390.1543036675555,0.0,0.1516984,1.625,205.99432772445073,205.95640312445073,0.0,0.0,0.0,0.0,0.006937561942517344,8,0.761149653121903,0,0.0,0.0,0.0,0.77
main,v040,LOSO-nes-f2,secondary,LOSO,nested,2,B,IPPO|wcnc2027_ablation/ippo_seed64,IPPO,64,R,wcnc2027_ablation 2026-09-14,9,-883.3060113243149,80.8896730489098,802.416338275405,0.0,0.0,207.2467744470471,207.2467744470471,0.04558969276511397,0.04558969276511397,0.0,0.04558969276511397,0.0,0,0.0,46,11.017915020711406,78.76542503363426,0.6814611146923226,0.77
main,v040,LOSO-nes-f2,secondary,LOSO,nested,2,B,IPPO|ppo_single_site_ensemble_seed42_20260517T091403,IPPO,42,P,"May 2026, pre-781c90c reward",all,-5605.762996333702,4316.104853422224,1264.365682911478,3.79246,21.5,1970.7189825547084,1969.7708675547083,0.00713577799801784,0.0046580773042616454,0.002477700693756194,0.00713577799801784,0.08146679881070366,198,1.8838453914767097,72,7.356342671619457,78.76542503363426,0.685354482829388,0.77
main,v040,LOSO-nes-f2,secondary,LOSO,nested,2,B,IPPO|ppo_single_site_ensemble_seed42_20260517T091403,IPPO,42,P,"May 2026, pre-781c90c reward",0,-864.6544744802281,796.1533684875136,67.7201615927146,0.5309444000000001,0.25,176.71266677018343,176.5799306701834,0.004955401387512388,0.0,0.004955401387512388,0.004955401387512388,0.25867195242814667,27,2.5688800792864224,5,0.5671664242791246,1.0784934016384693,0.5514677439514306,0.77
main,v040,LOSO-nes-f2,secondary,LOSO,nested,2,B,IPPO|ppo_single_site_ensemble_seed42_20260517T091403,IPPO,42,P,"May 2026, pre-781c90c reward",1,-542.5547887130316,473.730030114853,64.18004039817865,0.6447182,4.0,193.0524297839492,192.89125023394922,0.002973240832507433,0.0,0.002973240832507433,0.002973240832507433,0.1110009910802775,34,3.2348860257680876,3,0.8745422906869379,1.1057987904830557,0.8131115599797628,0.77
main,v040,LOSO-nes-f2,secondary,LOSO,nested,2,B,IPPO|ppo_single_site_ensemble_seed42_20260517T091403,IPPO,42,P,"May 2026, pre-781c90c reward",2,-334.4446837884059,286.1337537920486,47.360080796357295,0.0758492,0.875,207.3593785652427,207.3404162652427,0.002973240832507433,0.0,0.002973240832507433,0.002973240832507433,0.002973240832507433,4,0.3805748265609515,3,0.6523875871723487,1.0784934016384693,0.6262231199595255,0.77
main,v040,LOSO-nes-f2,secondary,LOSO,nested,2,B,IPPO|ppo_single_site_ensemble_seed42_20260517T091403,IPPO,42,P,"May 2026, pre-781c90c reward",3,-164.70421167677037,137.70421167677037,27.0,0.0,0.0,207.04287516734337,207.04287516734337,0.0009910802775024777,0.0009910802775024777,0.0,0.0009910802775024777,0.0,0,0.0,1,4.943537109139514,4.943537109139514,1.0,0.77
main,v040,LOSO-nes-f2,secondary,LOSO,nested,2,B,IPPO|ppo_single_site_ensemble_seed42_20260517T091403,IPPO,42,P,"May 2026, pre-781c90c reward",4,-637.988744862441,562.5485688660837,74.3600807963573,0.45509520000000003,0.625,187.55479825175178,187.4410244517518,0.003964321110009911,0.0,0.003964321110009911,0.003964321110009911,0.14073339940535184,24,2.2834489593657086,4,0.7589140407888789,1.0784934016384693,0.7196673399696443,0.77
main,v040,LOSO-nes-f2,secondary,LOSO,nested,2,B,IPPO|ppo_single_site_ensemble_seed42_20260517T091403,IPPO,42,P,"May 2026, pre-781c90c reward",5,-434.258097718558,368.89966052037937,64.18004039817865,0.3033968,0.875,201.27470884213017,201.19885964213017,0.002973240832507433,0.0,0.002973240832507433,0.002973240832507433,0.05550049554013875,16,1.522299306243806,3,0.8654404944054089,1.0784934016384693,0.8131115599797628,0.77
main,v040,LOSO-nes-f2,secondary,LOSO,nested,2,B,IPPO|ppo_single_site_ensemble_seed42_20260517T091403,IPPO,42,P,"May 2026, pre-781c90c reward",6,-721.4158710938159,640.5651224358867,69.78885985792924,1.0618888000000002,10.0,190.16971280868734,189.90424060868736,0.003964321110009911,0.0,0.003964321110009911,0.003964321110009911,0.13676907829534193,55,5.232903865213083,4,0.720820532968645,1.0784934016384693,0.6815738321494104,0.77
main,v040,LOSO-nes-f2,secondary,LOSO,nested,2,B,IPPO|ppo_single_site_ensemble_seed42_20260517T091403,IPPO,42,P,"May 2026, pre-781c90c reward",7,-606.3481075529553,582.8320823565981,20.360080796357302,0.5309444000000001,2.625,194.57472091591535,194.44198481591536,0.0019821605550049554,0.0,0.0019821605550049554,0.0019821605550049554,0.10009910802775025,28,2.66402378592666,2,0.4393346799392884,0.4393346799392884,0.4393346799392883,0.77
main,v040,LOSO-nes-f2,secondary,LOSO,nested,2,B,IPPO|ppo_single_site_ensemble_seed42_20260517T091403,IPPO,42,P,"May 2026, pre-781c90c reward",8,-416.08800512318084,386.6483821231808,27.0,0.189623,2.25,205.73091700245803,205.68351125245803,0.0009910802775024777,0.0,0.0009910802775024777,0.0009910802775024777,0.008919722497522299,10,0.9514370664023787,1,1.0784934016384693,1.0784934016384693,1.0,0.77
main,v040,LOSO-nes-f2,secondary,LOSO,nested,2,B,IPPO|ppo_single_site_ensemble_seed42_20260517T091403,IPPO,42,P,"May 2026, pre-781c90c reward",9,-883.3060113243149,80.8896730489098,802.416338275405,0.0,0.0,207.2467744470471,207.2467744470471,0.04558969276511397,0.04558969276511397,0.0,0.04558969276511397,0.0,0,0.0,46,11.017915020711406,78.76542503363426,0.6814611146923226,0.77
main,v040,LOSO-nes-f2,secondary,LOSO,nested,2,B,IPPO|ppo_single_site_ensemble_seed64_20260517T110907,IPPO,64,P,"May 2026, pre-781c90c reward",all,-5583.074771869087,4316.026156757609,1237.3656829114782,4.0579322,25.625,1966.667802030898,1965.653318980898,0.007036669970267592,0.0046580773042616454,0.0023785926660059467,0.007036669970267592,0.08602576808721507,213,2.0265609514370664,71,14.548062183978095,505.21717638005447,0.680922855826985,0.77
main,v040,LOSO-nes-f2,secondary,LOSO,nested,2,B,IPPO|ppo_single_site_ensemble_seed64_20260517T110907,IPPO,64,P,"May 2026, pre-781c90c reward",0,-869.9479297642548,765.9271055715402,94.7201615927146,1.1756626,8.125,173.04430763442173,172.7503919844217,0.005946481665014866,0.0,0.005946481665014866,0.005946481665014866,0.30822596630327054,61,5.8037661050545095,6,0.6523875871723488,1.0784934016384693,0.6262231199595257,0.77
main,v040,LOSO-nes-f2,secondary,LOSO,nested,2,B,IPPO|ppo_single_site_ensemble_seed64_20260517T110907,IPPO,64,P,"May 2026, pre-781c90c reward",1,-542.1421378444704,475.55615304629174,64.18004039817865,0.5309444000000001,1.875,193.3331380702936,193.20040197029357,0.002973240832507433,0.0,0.002973240832507433,0.002973240832507433,0.10703666997026759,28,2.66402378592666,3,0.8745422906869379,1.1057987904830557,0.8131115599797628,0.77
main,v040,LOSO-nes-f2,secondary,LOSO,nested,2,B,IPPO|ppo_single_site_ensemble_seed64_20260517T110907,IPPO,64,P,"May 2026, pre-781c90c reward",2,-285.131772111562,285.131772111562,0.0,0.0,0.0,206.91604362617895,206.91604362617895,0.0,0.0,0.0,0.0,0.0,0,0.0,0,0.0,0.0,0.0,0.77
main,v040,LOSO-nes-f2,secondary,LOSO,nested,2,B,IPPO|ppo_single_site_ensemble_seed64_20260517T110907,IPPO,64,P,"May 2026, pre-781c90c reward",3,-164.70421167677037,137.70421167677037,27.0,0.0,0.0,207.04287516734337,207.04287516734337,0.0009910802775024777,0.0009910802775024777,0.0,0.0009910802775024777,0.0,0,0.0,1,4.943537109139514,4.943537109139514,1.0,0.77
main,v040,LOSO-nes-f2,secondary,LOSO,nested,2,B,IPPO|ppo_single_site_ensemble_seed64_20260517T110907,IPPO,64,P,"May 2026, pre-781c90c reward",4,-647.7971262012683,561.6389852067323,84.54012119453594,0.4930198,1.125,187.47018216692595,187.34692721692596,0.004955401387512388,0.0,0.004955401387512388,0.004955401387512388,0.14271555996035679,26,2.4737363726461843,5,0.6949981686189608,1.0784934016384693,0.6636008079635731,0.77
main,v040,LOSO-nes-f2,secondary,LOSO,nested,2,B,IPPO|ppo_single_site_ensemble_seed64_20260517T110907,IPPO,64,P,"May 2026, pre-781c90c reward",5,-407.60388675240745,369.4083741542288,37.18004039817865,0.2654722,0.75,201.21831864591113,201.1519505959111,0.0019821605550049554,0.0,0.0019821605550049554,0.0019821605550049554,0.049554013875123884,14,1.33201189296333,2,0.7589140407888788,1.0784934016384693,0.7196673399696442,0.77
main,v040,LOSO-nes-f2,secondary,LOSO,nested,2,B,IPPO|ppo_single_site_ensemble_seed64_20260517T110907,IPPO,64,P,"May 2026, pre-781c90c reward",6,-758.07612692117,684.6425488632408,69.78885985792924,0.6447182,3.0,191.86521885795494,191.70403930795496,0.003964321110009911,0.0,0.003964321110009911,0.003964321110009911,0.12289395441030723,34,3.2348860257680876,4,126.75549127757265,505.21717638005447,0.6815738321494105,0.77
main,v040,LOSO-nes-f2,secondary,LOSO,nested,2,B,IPPO|ppo_single_site_ensemble_seed64_20260517T110907,IPPO,64,P,"May 2026, pre-781c90c reward",7,-629.3743655836458,562.8257523891099,57.54012119453595,0.758492,8.25,192.32681245446753,192.13718945446755,0.003964321110009911,0.0,0.003964321110009911,0.003964321110009911,0.12487611496531219,40,3.8057482656095147,4,0.6480126426306291,1.274046530704651,0.5795010099544662,0.77
main,v040,LOSO-nes-f2,secondary,LOSO,nested,2,B,IPPO|ppo_single_site_ensemble_seed64_20260517T110907,IPPO,64,P,"May 2026, pre-781c90c reward",8,-394.9912036892233,392.30158068922333,0.0,0.189623,2.5,206.20413096035367,206.15672521035367,0.0,0.0,0.0,0.0,0.004955401387512388,10,0.9514370664023787,0,0.0,0.0,0.0,0.77
main,v040,LOSO-nes-f2,secondary,LOSO,nested,2,B,IPPO|ppo_single_site_ensemble_seed64_20260517T110907,IPPO,64,P,"May 2026, pre-781c90c reward",9,-883.3060113243149,80.8896730489098,802.416338275405,0.0,0.0,207.2467744470471,207.2467744470471,0.04558969276511397,0.04558969276511397,0.0,0.04558969276511397,0.0,0,0.0,46,11.017915020711406,78.76542503363426,0.6814611146923226,0.77
main,v040,LOSO-nes-f2,secondary,LOSO,nested,2,B,IPPO|ppo_single_site_ensemble_seed1_20260517T110907,IPPO,1,P,"May 2026, pre-781c90c reward",all,-5505.102021191354,4343.855859467127,1139.1054001242276,3.6407616000000003,18.5,1973.273077923219,1972.3628875232191,0.00624380574826561,0.0046580773042616454,0.0015857284440039642,0.00624380574826561,0.07621407333994054,191,1.8172447968285435,63,16.326397234478815,505.21717638005447,0.7027012699069987,0.77
main,v040,LOSO-nes-f2,secondary,LOSO,nested,2,B,IPPO|ppo_single_site_ensemble_seed1_20260517T110907,IPPO,1,P,"May 2026, pre-781c90c reward",0,-852.2944416265289,802.5017180301716,47.3600807963573,0.6826428,1.75,177.23178335019927,177.06112265019925,0.002973240832507433,0.0,0.002973240832507433,0.002973240832507433,0.244796828543112,35,3.3300297324083252,3,0.6523875871723487,1.0784934016384693,0.6262231199595255,0.77
main,v040,LOSO-nes-f2,secondary,LOSO,nested,2,B,IPPO|ppo_single_site_ensemble_seed1_20260517T110907,IPPO,1,P,"May 2026, pre-781c90c reward",1,-545.1682991700665,477.75646517188784,64.18004039817865,0.6067936,2.625,193.5881308288318,193.43643242883178,0.002973240832507433,0.0,0.002973240832507433,0.002973240832507433,0.10307234886025768,32,3.044598612487612,3,0.8745422906869379,1.1057987904830557,0.8131115599797628,0.77
main,v040,LOSO-nes-f2,secondary,LOSO,nested,2,B,IPPO|ppo_single_site_ensemble_seed1_20260517T110907,IPPO,1,P,"May 2026, pre-781c90c reward",2,-285.131772111562,285.131772111562,0.0,0.0,0.0,206.91604362617895,206.91604362617895,0.0,0.0,0.0,0.0,0.0,0,0.0,0,0.0,0.0,0.0,0.77
main,v040,LOSO-nes-f2,secondary,LOSO,nested,2,B,IPPO|ppo_single_site_ensemble_seed1_20260517T110907,IPPO,1,P,"May 2026, pre-781c90c reward",3,-164.70421167677037,137.70421167677037,27.0,0.0,0.0,207.04287516734337,207.04287516734337,0.0009910802775024777,0.0009910802775024777,0.0,0.0009910802775024777,0.0,0,0.0,1,4.943537109139514,4.943537109139514,1.0,0.77
main,v040,LOSO-nes-f2,secondary,LOSO,nested,2,B,IPPO|ppo_single_site_ensemble_seed1_20260517T110907,IPPO,1,P,"May 2026, pre-781c90c reward",4,-637.4152874636284,570.7913780654496,64.18004039817865,0.5688690000000001,1.875,188.62624538452553,188.48402813452552,0.002973240832507433,0.0,0.002973240832507433,0.002973240832507433,0.1288404360753221,30,2.8543111992071357,3,0.865440494405409,1.0784934016384693,0.8131115599797628,0.77
main,v040,LOSO-nes-f2,secondary,LOSO,nested,2,B,IPPO|ppo_single_site_ensemble_seed1_20260517T110907,IPPO,1,P,"May 2026, pre-781c90c reward",5,-414.204284583123,386.51466158312303,27.0,0.18962299999999999,0.5,202.71086385880608,202.66345810880608,0.0009910802775024777,0.0,0.0009910802775024777,0.0009910802775024777,0.03468780971258672,10,0.9514370664023787,1,1.0784934016384693,1.0784934016384693,1.0,0.77
main,v040,LOSO-nes-f2,secondary,LOSO,nested,2,B,IPPO|ppo_single_site_ensemble_seed1_20260517T110907,IPPO,1,P,"May 2026, pre-781c90c reward",6,-729.403565003726,634.8845551439755,86.60881945975059,0.9101904000000001,7.0,189.51416162372442,189.28661402372444,0.003964321110009911,0.0,0.003964321110009911,0.003964321110009911,0.14172447968285432,48,4.566897918731417,4,126.91528095799744,505.21717638005447,0.8217401621645883,0.77
main,v040,LOSO-nes-f2,secondary,LOSO,nested,2,B,IPPO|ppo_single_site_ensemble_seed1_20260517T110907,IPPO,1,P,"May 2026, pre-781c90c reward",7,-608.8742331056501,583.2823587092928,20.360080796357302,0.6067936,4.625,194.7739531863364,194.6222547863364,0.0019821605550049554,0.0,0.0019821605550049554,0.0019821605550049554,0.09712586719524281,32,3.044598612487612,2,0.4393346799392884,0.4393346799392884,0.4393346799392883,0.77
main,v040,LOSO-nes-f2,secondary,LOSO,nested,2,B,IPPO|ppo_single_site_ensemble_seed1_20260517T110907,IPPO,1,P,"May 2026, pre-781c90c reward",8,-384.5999151259843,384.3990659259843,0.0,0.0758492,0.125,205.62224645022616,205.60328415022616,0.0,0.0,0.0,0.0,0.011892963330029732,4,0.3805748265609515,0,0.0,0.0,0.0,0.77
main,v040,LOSO-nes-f2,secondary,LOSO,nested,2,B,IPPO|ppo_single_site_ensemble_seed1_20260517T110907,IPPO,1,P,"May 2026, pre-781c90c reward",9,-883.3060113243149,80.8896730489098,802.416338275405,0.0,0.0,207.2467744470471,207.2467744470471,0.04558969276511397,0.04558969276511397,0.0,0.04558969276511397,0.0,0,0.0,46,11.017915020711406,78.76542503363426,0.6814611146923226,0.77
main,v040,LOSO-nes-f2,secondary,LOSO,nested,2,B,IPPO|ppo_single_site_ensemble_seed7_20260517T091403,IPPO,7,P,"May 2026, pre-781c90c reward",all,-5539.796307383488,4313.657476864724,1196.6455213187635,3.8683091999999997,25.625,1969.4728436621717,1968.5057663621717,0.006640237859266601,0.0046580773042616454,0.0019821605550049554,0.006640237859266601,0.08126858275520317,203,1.9314172447968287,67,22.935939744998297,506.8269331029031,0.6953460305068475,0.77
main,v040,LOSO-nes-f2,secondary,LOSO,nested,2,B,IPPO|ppo_single_site_ensemble_seed7_20260517T091403,IPPO,7,P,"May 2026, pre-781c90c reward",0,-842.5036557950698,791.6730075987124,47.360080796357295,0.7205674000000001,2.75,176.26741589218852,176.08727404218854,0.002973240832507433,0.0,0.002973240832507433,0.002973240832507433,0.2556987115956392,37,3.520317145688801,3,0.6523875871723487,1.0784934016384693,0.6262231199595255,0.77
main,v040,LOSO-nes-f2,secondary,LOSO,nested,2,B,IPPO|ppo_single_site_ensemble_seed7_20260517T091403,IPPO,7,P,"May 2026, pre-781c90c reward",1,-525.546777344898,450.5815465467194,64.18004039817865,0.9101904000000001,9.875,190.6691280592707,190.44158045927068,0.002973240832507433,0.0,0.002973240832507433,0.002973240832507433,0.13181367690782952,48,4.566897918731417,3,0.8745422906869379,1.1057987904830557,0.8131115599797628,0.77
main,v040,LOSO-nes-f2,secondary,LOSO,nested,2,B,IPPO|ppo_single_site_ensemble_seed7_20260517T091403,IPPO,7,P,"May 2026, pre-781c90c reward",2,-285.131772111562,285.131772111562,0.0,0.0,0.0,206.91604362617895,206.91604362617895,0.0,0.0,0.0,0.0,0.0,0,0.0,0,0.0,0.0,0.0,0.77
main,v040,LOSO-nes-f2,secondary,LOSO,nested,2,B,IPPO|ppo_single_site_ensemble_seed7_20260517T091403,IPPO,7,P,"May 2026, pre-781c90c reward",3,-164.70421167677037,137.70421167677037,27.0,0.0,0.0,207.04287516734337,207.04287516734337,0.0009910802775024777,0.0009910802775024777,0.0,0.0009910802775024777,0.0,0,0.0,1,4.943537109139514,4.943537109139514,1.0,0.77
main,v040,LOSO-nes-f2,secondary,LOSO,nested,2,B,IPPO|ppo_single_site_ensemble_seed7_20260517T091403,IPPO,7,P,"May 2026, pre-781c90c reward",4,-654.9600308655456,558.871849472831,94.72016159271459,0.4930198,0.875,187.11153233392434,186.98827738392436,0.005946481665014866,0.0,0.005946481665014866,0.005946481665014866,0.14866204162537167,26,2.4737363726461843,6,0.6523875871723488,1.0784934016384693,0.6262231199595257,0.77
main,v040,LOSO-nes-f2,secondary,LOSO,nested,2,B,IPPO|ppo_single_site_ensemble_seed7_20260517T091403,IPPO,7,P,"May 2026, pre-781c90c reward",5,-415.6907921904465,388.1261691904465,27.0,0.18962299999999999,0.375,202.92358931541582,202.87618356541583,0.0009910802775024777,0.0,0.0009910802775024777,0.0009910802775024777,0.03369672943508424,10,0.9514370664023787,1,1.0784934016384693,1.0784934016384693,1.0,0.77
main,v040,LOSO-nes-f2,secondary,LOSO,nested,2,B,IPPO|ppo_single_site_ensemble_seed7_20260517T091403,IPPO,7,P,"May 2026, pre-781c90c reward",6,-765.8594907746183,633.872515916689,123.78885985792924,0.948115,7.25,189.35662848540787,189.11959973540786,0.005946481665014866,0.0,0.005946481665014866,0.005946481665014866,0.14767096134786917,50,4.757185332011893,6,169.15456526913871,506.8269331029031,0.787715888099607,0.77
main,v040,LOSO-nes-f2,secondary,LOSO,nested,2,B,IPPO|ppo_single_site_ensemble_seed7_20260517T091403,IPPO,7,P,"May 2026, pre-781c90c reward",7,-600.2811171433431,584.9942831451644,10.180040398178651,0.6067936,4.5,195.05067050186574,194.89897210186575,0.0009910802775024777,0.0,0.0009910802775024777,0.0009910802775024777,0.09514370664023786,32,3.044598612487612,1,0.4393346799392884,0.4393346799392884,0.4393346799392883,0.77
main,v040,LOSO-nes-f2,secondary,LOSO,nested,2,B,IPPO|ppo_single_site_ensemble_seed7_20260517T091403,IPPO,7,P,"May 2026, pre-781c90c reward",8,-401.81244815691986,401.81244815691986,0.0,0.0,0.0,206.8881858335294,206.8881858335294,0.0,0.0,0.0,0.0,0.0,0,0.0,0,0.0,0.0,0.0,0.77
main,v040,LOSO-nes-f2,secondary,LOSO,nested,2,B,IPPO|ppo_single_site_ensemble_seed7_20260517T091403,IPPO,7,P,"May 2026, pre-781c90c reward",9,-883.3060113243149,80.8896730489098,802.416338275405,0.0,0.0,207.2467744470471,207.2467744470471,0.04558969276511397,0.04558969276511397,0.0,0.04558969276511397,0.0,0,0.0,46,11.017915020711406,78.76542503363426,0.6814611146923226,0.77
main,v040,LOSO-nes-f2,secondary,LOSO,nested,2,B,IPPO|ppo_single_site_ensemble_seed77_20260517T110907,IPPO,77,P,"May 2026, pre-781c90c reward",all,-5665.527807905729,4308.013835634849,1330.5698138708804,3.9441584,23.0,1975.8506587402053,1974.8646191402054,0.006838453914767096,0.004757185332011893,0.003468780971258672,0.006838453914767096,0.08275520317145689,207,1.9694747274529236,69,25463.450545219206,166695.8999534797,0.7427873496960775,0.76
main,v040,LOSO-nes-f2,secondary,LOSO,nested,2,B,IPPO|ppo_single_site_ensemble_seed77_20260517T110907,IPPO,77,P,"May 2026, pre-781c90c reward",0,-842.8565415074655,802.2059337092869,37.18004039817865,0.7205674,2.75,177.20150859475808,177.0213667447581,0.0019821605550049554,0.0,0.0019821605550049554,0.0019821605550049554,0.24083250743310208,37,3.520317145688801,2,0.7589140407888788,1.0784934016384693,0.7196673399696442,0.76
main,v040,LOSO-nes-f2,secondary,LOSO,nested,2,B,IPPO|ppo_single_site_ensemble_seed77_20260517T110907,IPPO,77,P,"May 2026, pre-781c90c reward",1,-536.8925639925955,468.98072999441683,64.18004039817865,0.6067936,3.125,192.65551017473302,192.50381177473304,0.002973240832507433,0.0,0.002973240832507433,0.002973240832507433,0.11199207135777998,32,3.044598612487612,3,0.8745422906869379,1.1057987904830557,0.8131115599797628,0.76
main,v040,LOSO-nes-f2,secondary,LOSO,nested,2,B,IPPO|ppo_single_site_ensemble_seed77_20260517T110907,IPPO,77,P,"May 2026, pre-781c90c reward",2,-285.131772111562,285.131772111562,0.0,0.0,0.0,206.91604362617895,206.91604362617895,0.0,0.0,0.0,0.0,0.0,0,0.0,0,0.0,0.0,0.0,0.76
main,v040,LOSO-nes-f2,secondary,LOSO,nested,2,B,IPPO|ppo_single_site_ensemble_seed77_20260517T110907,IPPO,77,P,"May 2026, pre-781c90c reward",3,-164.70421167677037,137.70421167677037,27.0,0.0,0.0,207.04287516734337,207.04287516734337,0.0009910802775024777,0.0009910802775024777,0.0,0.0009910802775024777,0.0,0,0.0,1,4.943537109139514,4.943537109139514,1.0,0.76
main,v040,LOSO-nes-f2,secondary,LOSO,nested,2,B,IPPO|ppo_single_site_ensemble_seed77_20260517T110907,IPPO,77,P,"May 2026, pre-781c90c reward",4,-637.7527412844975,562.3125652881401,74.3600807963573,0.45509520000000003,0.625,187.54286427326969,187.4290904732697,0.003964321110009911,0.0,0.003964321110009911,0.003964321110009911,0.14172447968285432,24,2.2834489593657086,4,0.7589140407888789,1.0784934016384693,0.7196673399696443,0.76
main,v040,LOSO-nes-f2,secondary,LOSO,nested,2,B,IPPO|ppo_single_site_ensemble_seed77_20260517T110907,IPPO,77,P,"May 2026, pre-781c90c reward",5,-403.78428313381136,364.34999673563266,37.18004039817865,0.37924599999999997,1.875,200.62748855534437,200.53267705534438,0.0019821605550049554,0.0,0.0019821605550049554,0.0019821605550049554,0.057482656095143705,20,1.9028741328047574,2,0.7589140407888788,1.0784934016384693,0.7196673399696442,0.76
main,v040,LOSO-nes-f2,secondary,LOSO,nested,2,B,IPPO|ppo_single_site_ensemble_seed77_20260517T110907,IPPO,77,P,"May 2026, pre-781c90c reward",6,-770.1752115417686,640.0520104838394,123.78885985792924,0.8343412,5.5,189.85371406936696,189.64512876936698,0.005946481665014866,0.0,0.005946481665014866,0.005946481665014866,0.14172447968285432,44,4.186323092170466,6,169.15456526913871,506.8269331029031,0.787715888099607,0.76
main,v040,LOSO-nes-f2,secondary,LOSO,nested,2,B,IPPO|ppo_single_site_ensemble_seed77_20260517T110907,IPPO,77,P,"May 2026, pre-781c90c reward",7,-619.6802808315382,563.8987834351808,47.360080796357295,0.7964166000000001,7.625,192.56739475589637,192.3682906058964,0.002973240832507433,0.0,0.002973240832507433,0.002973240832507433,0.12289395441030723,42,3.9960356788899905,3,0.7175719635277426,1.274046530704651,0.6262231199595255,0.76
main,v040,LOSO-nes-f2,secondary,LOSO,nested,2,B,IPPO|ppo_single_site_ensemble_seed77_20260517T110907,IPPO,77,P,"May 2026, pre-781c90c reward",8,-401.81244815691986,401.81244815691986,0.0,0.0,0.0,206.8881858335294,206.8881858335294,0.0,0.0,0.0,0.0,0.0,0,0.0,0,0.0,0.0,0.0,0.76
main,v040,LOSO-nes-f2,secondary,LOSO,nested,2,B,IPPO|ppo_single_site_ensemble_seed77_20260517T110907,IPPO,77,P,"May 2026, pre-781c90c reward",9,-1002.7377536687999,81.56538404309933,919.5206712257004,0.1516984,1.5,214.5550736897851,214.5171490897851,0.04757185332011893,0.04658077304261645,0.014866204162537165,0.04757185332011893,0.010901883052527254,8,0.761149653121903,48,36582.23685492317,166695.8999534797,0.7385560216845143,0.76
main,v040,LOSO-nes-f2,secondary,LOSO,nested,2,B,IPPO|ppo_single_site_ensemble_seed99_20260517T091403,IPPO,99,P,"May 2026, pre-781c90c reward",all,-5484.358502007333,4318.72391748857,1142.6455213187635,3.4890632000000004,19.5,1970.2134725618644,1969.3412067618644,0.006442021803766105,0.0046580773042616454,0.00178394449950446,0.006442021803766105,0.07958374628344896,183,1.741129831516353,65,15.827731329389916,505.21717638005447,0.6859720622147505,0.76
main,v040,LOSO-nes-f2,secondary,LOSO,nested,2,B,IPPO|ppo_single_site_ensemble_seed99_20260517T091403,IPPO,99,P,"May 2026, pre-781c90c reward",0,-867.5315581671973,798.1175275744827,67.7201615927146,0.5688690000000001,1.125,176.98959724399697,176.84737999399692,0.004955401387512388,0.0,0.004955401387512388,0.004955401387512388,0.25173439048562934,29,2.759167492566898,5,0.5671664242791246,1.0784934016384693,0.5514677439514306,0.76
main,v040,LOSO-nes-f2,secondary,LOSO,nested,2,B,IPPO|ppo_single_site_ensemble_seed99_20260517T091403,IPPO,99,P,"May 2026, pre-781c90c reward",1,-527.0904983417183,458.4778151435398,64.18004039817865,0.6826428,3.75,191.64177737701107,191.47111667701103,0.002973240832507433,0.0,0.002973240832507433,0.002973240832507433,0.12289395441030723,36,3.4251734390485633,3,0.8745422906869379,1.1057987904830557,0.8131115599797628,0.76
main,v040,LOSO-nes-f2,secondary,LOSO,nested,2,B,IPPO|ppo_single_site_ensemble_seed99_20260517T091403,IPPO,99,P,"May 2026, pre-781c90c reward",2,-285.131772111562,285.131772111562,0.0,0.0,0.0,206.91604362617895,206.91604362617895,0.0,0.0,0.0,0.0,0.0,0,0.0,0,0.0,0.0,0.0,0.76
main,v040,LOSO-nes-f2,secondary,LOSO,nested,2,B,IPPO|ppo_single_site_ensemble_seed99_20260517T091403,IPPO,99,P,"May 2026, pre-781c90c reward",3,-164.70421167677037,137.70421167677037,27.0,0.0,0.0,207.04287516734337,207.04287516734337,0.0009910802775024777,0.0009910802775024777,0.0,0.0009910802775024777,0.0,0,0.0,1,4.943537109139514,4.943537109139514,1.0,0.76
main,v040,LOSO-nes-f2,secondary,LOSO,nested,2,B,IPPO|ppo_single_site_ensemble_seed99_20260517T091403,IPPO,99,P,"May 2026, pre-781c90c reward",4,-637.2332299806889,560.8801293843314,74.3600807963573,0.4930198,1.5,187.59506562070533,187.47181067070534,0.003964321110009911,0.0,0.003964321110009911,0.003964321110009911,0.13974231912784935,26,2.4737363726461843,4,0.7589140407888789,1.0784934016384693,0.7196673399696443,0.76
main,v040,LOSO-nes-f2,secondary,LOSO,nested,2,B,IPPO|ppo_single_site_ensemble_seed99_20260517T091403,IPPO,99,P,"May 2026, pre-781c90c reward",5,-381.7817705008149,381.0921475008149,0.0,0.189623,0.5,202.3683550945605,202.32094934456052,0.0,0.0,0.0,0.0,0.035678889990089196,10,0.9514370664023787,0,0.0,0.0,0.0,0.76
main,v040,LOSO-nes-f2,secondary,LOSO,nested,2,B,IPPO|ppo_single_site_ensemble_seed99_20260517T091403,IPPO,99,P,"May 2026, pre-781c90c reward",6,-730.7229250779658,636.8668398182152,86.60881945975059,0.8722658,6.375,189.66589960591745,189.44783315591746,0.003964321110009911,0.0,0.003964321110009911,0.003964321110009911,0.13974231912784935,46,4.376610505450942,4,126.91528095799744,505.21717638005447,0.8217401621645883,0.76
main,v040,LOSO-nes-f2,secondary,LOSO,nested,2,B,IPPO|ppo_single_site_ensemble_seed99_20260517T091403,IPPO,99,P,"May 2026, pre-781c90c reward",7,-611.2450445618401,584.778170165483,20.360080796357302,0.6067936,5.5,194.3694026944517,194.2177042944517,0.0019821605550049554,0.0,0.0019821605550049554,0.0019821605550049554,0.10208126858275521,32,3.044598612487612,2,0.4393346799392884,0.4393346799392884,0.4393346799392883,0.76
main,v040,LOSO-nes-f2,secondary,LOSO,nested,2,B,IPPO|ppo_single_site_ensemble_seed99_20260517T091403,IPPO,99,P,"May 2026, pre-781c90c reward",8,-395.6114802644605,394.7856310644605,0.0,0.0758492,0.75,206.37768168465198,206.35871938465198,0.0,0.0,0.0,0.0,0.003964321110009911,4,0.3805748265609515,0,0.0,0.0,0.0,0.76
main,v040,LOSO-nes-f2,secondary,LOSO,nested,2,B,IPPO|ppo_single_site_ensemble_seed99_20260517T091403,IPPO,99,P,"May 2026, pre-781c90c reward",9,-883.3060113243149,80.8896730489098,802.416338275405,0.0,0.0,207.2467744470471,207.2467744470471,0.04558969276511397,0.04558969276511397,0.0,0.04558969276511397,0.0,0,0.0,46,11.017915020711406,78.76542503363426,0.6814611146923226,0.76
main,v040,LOSO-nes-f2,secondary,LOSO,nested,2,B,IPPO|ippo_nr_seed1,IPPO,1,T,"June 2026, current reward",all,-5836.728030774817,4357.648486654231,1456.465480920585,3.4890631999999995,19.125,1981.2231130488935,1980.3508472488936,0.0075322101090188305,0.005748265609514371,0.0028741328047571855,0.0075322101090188305,0.077601585728444,183,1.741129831516353,76,299.50193099615103,3200.590467190297,0.7388006495265722,0.67
main,v040,LOSO-nes-f2,secondary,LOSO,nested,2,B,IPPO|ippo_nr_seed1,IPPO,1,T,"June 2026, current reward",0,-871.9067986530195,802.8677680603048,67.7201615927146,0.5688690000000001,0.75,177.27345207915593,177.13123482915591,0.004955401387512388,0.0,0.004955401387512388,0.004955401387512388,0.24777006937561943,29,2.759167492566898,5,0.5671664242791246,1.0784934016384693,0.5514677439514306,0.67
main,v040,LOSO-nes-f2,secondary,LOSO,nested,2,B,IPPO|ippo_nr_seed1,IPPO,1,T,"June 2026, current reward",1,-537.4704138545367,469.93357985635805,64.18004039817865,0.6067936,2.75,192.69851025268207,192.54681185268208,0.002973240832507433,0.0,0.002973240832507433,0.002973240832507433,0.11496531219028741,32,3.044598612487612,3,0.8745422906869379,1.1057987904830557,0.8131115599797628,0.67
main,v040,LOSO-nes-f2,secondary,LOSO,nested,2,B,IPPO|ippo_nr_seed1,IPPO,1,T,"June 2026, current reward",2,-285.131772111562,285.131772111562,0.0,0.0,0.0,206.91604362617895,206.91604362617895,0.0,0.0,0.0,0.0,0.0,0,0.0,0,0.0,0.0,0.0,0.67
main,v040,LOSO-nes-f2,secondary,LOSO,nested,2,B,IPPO|ippo_nr_seed1,IPPO,1,T,"June 2026, current reward",3,-492.6862967442971,141.64837214429707,351.0,0.0379246,0.0,214.36589088217426,214.35640973217426,0.01288404360753221,0.011892963330029732,0.011892963330029732,0.01288404360753221,0.010901883052527254,2,0.19028741328047574,13,1710.9896749280479,3200.590467190297,1.0,0.67
main,v040,LOSO-nes-f2,secondary,LOSO,nested,2,B,IPPO|ippo_nr_seed1,IPPO,1,T,"June 2026, current reward",4,-627.4261429852456,559.889308987067,64.18004039817865,0.6067936,2.75,187.83195013842118,187.68025173842116,0.002973240832507433,0.0,0.002973240832507433,0.002973240832507433,0.13478691774033696,32,3.044598612487612,3,0.865440494405409,1.0784934016384693,0.8131115599797628,0.67
main,v040,LOSO-nes-f2,secondary,LOSO,nested,2,B,IPPO|ippo_nr_seed1,IPPO,1,T,"June 2026, current reward",5,-436.5122555164026,398.51759211822394,37.18004039817865,0.18962299999999999,0.625,203.85118507675705,203.80377932675705,0.0019821605550049554,0.0,0.0019821605550049554,0.0019821605550049554,0.030723488602576808,10,0.9514370664023787,2,0.7589140407888788,1.0784934016384693,0.7196673399696442,0.67
main,v040,LOSO-nes-f2,secondary,LOSO,nested,2,B,IPPO|ippo_nr_seed1,IPPO,1,T,"June 2026, current reward",6,-711.4551352481571,646.8757483884066,59.60881945975059,0.7205674,4.25,190.84258843733582,190.6624465873358,0.002973240832507433,0.0,0.002973240832507433,0.002973240832507433,0.12487611496531219,38,3.615460852329039,3,0.8146491506450971,1.0784934016384693,0.7623202162194511,0.67
main,v040,LOSO-nes-f2,secondary,LOSO,nested,2,B,IPPO|ippo_nr_seed1,IPPO,1,T,"June 2026, current reward",7,-589.0207561803609,570.0822237821822,10.180040398178651,0.7584919999999999,8.0,193.30853227561192,193.11890927561194,0.0009910802775024777,0.0,0.0009910802775024777,0.0009910802775024777,0.11199207135777998,40,3.8057482656095147,1,0.4393346799392884,0.4393346799392884,0.4393346799392883,0.67
main,v040,LOSO-nes-f2,secondary,LOSO,nested,2,B,IPPO|ippo_nr_seed1,IPPO,1,T,"June 2026, current reward",8,-401.81244815691986,401.81244815691986,0.0,0.0,0.0,206.8881858335294,206.8881858335294,0.0,0.0,0.0,0.0,0.0,0,0.0,0,0.0,0.0,0.0,0.67
main,v040,LOSO-nes-f2,secondary,LOSO,nested,2,B,IPPO|ippo_nr_seed1,IPPO,1,T,"June 2026, current reward",9,-883.3060113243149,80.8896730489098,802.416338275405,0.0,0.0,207.2467744470471,207.2467744470471,0.04558969276511397,0.04558969276511397,0.0,0.04558969276511397,0.0,0,0.0,46,11.017915020711406,78.76542503363426,0.6814611146923226,0.67
main,v040,LOSO-nes-f2,secondary,LOSO,nested,2,B,IPPO|ippo_nr_seed7,IPPO,7,T,"June 2026, current reward",all,-5552.844636061,4320.427463544058,1206.825561716942,3.7166107999999998,21.875,1970.1807195653098,1969.25156686531,0.006739345887016849,0.0046580773042616454,0.0020812685827552033,0.006739345887016849,0.08097125867195243,195,1.8553022794846383,68,22.605107317570965,506.8269331029031,0.6915811577043833,0.67
main,v040,LOSO-nes-f2,secondary,LOSO,nested,2,B,IPPO|ippo_nr_seed7,IPPO,7,T,"June 2026, current reward",0,-848.2269064358802,797.9341828395228,47.360080796357295,0.6826428,2.25,176.72452247484364,176.55386177484365,0.002973240832507433,0.0,0.002973240832507433,0.002973240832507433,0.24975222993062438,35,3.3300297324083252,3,0.6523875871723487,1.0784934016384693,0.6262231199595255,0.67
main,v040,LOSO-nes-f2,secondary,LOSO,nested,2,B,IPPO|ippo_nr_seed7,IPPO,7,T,"June 2026, current reward",1,-541.2263292386754,474.10241984049674,64.18004039817865,0.5688690000000001,2.375,193.1078261186391,192.9656088686391,0.002973240832507433,0.0,0.002973240832507433,0.002973240832507433,0.11000991080277503,30,2.8543111992071357,3,0.8745422906869379,1.1057987904830557,0.8131115599797628,0.67
main,v040,LOSO-nes-f2,secondary,LOSO,nested,2,B,IPPO|ippo_nr_seed7,IPPO,7,T,"June 2026, current reward",2,-285.131772111562,285.131772111562,0.0,0.0,0.0,206.91604362617895,206.91604362617895,0.0,0.0,0.0,0.0,0.0,0,0.0,0,0.0,0.0,0.0,0.67
main,v040,LOSO-nes-f2,secondary,LOSO,nested,2,B,IPPO|ippo_nr_seed7,IPPO,7,T,"June 2026, current reward",3,-202.88283184135372,138.16486684317508,64.18004039817865,0.0379246,0.5,207.2670559911761,207.25757484117608,0.002973240832507433,0.0009910802775024777,0.0019821605550049554,0.002973240832507433,0.0009910802775024777,2,0.19028741328047574,3,2.153788396905757,4.943537109139514,0.8131115599797628,0.67
main,v040,LOSO-nes-f2,secondary,LOSO,nested,2,B,IPPO|ippo_nr_seed7,IPPO,7,T,"June 2026, current reward",4,-645.6004795540373,558.6544139595013,84.54012119453594,0.5309444,1.875,187.10223834955303,186.96950224955305,0.004955401387512388,0.0,0.004955401387512388,0.004955401387512388,0.14568880079286423,28,2.66402378592666,5,0.6949981686189608,1.0784934016384693,0.6636008079635731,0.67
main,v040,LOSO-nes-f2,secondary,LOSO,nested,2,B,IPPO|ippo_nr_seed7,IPPO,7,T,"June 2026, current reward",5,-416.732354356322,405.77561555814333,10.180040398178651,0.1516984,0.625,204.55162405197024,204.51369945197024,0.0009910802775024777,0.0,0.0009910802775024777,0.0009910802775024777,0.023785926660059464,8,0.761149653121903,1,0.4393346799392884,0.4393346799392884,0.4393346799392883,0.67
main,v040,LOSO-nes-f2,secondary,LOSO,nested,2,B,IPPO|ippo_nr_seed7,IPPO,7,T,"June 2026, current reward",6,-749.9637344796522,625.6680262199015,113.60881945975059,1.0618888,9.625,188.46697859326935,188.2015063932693,0.004955401387512388,0.0,0.004955401387512388,0.004955401387512388,0.15361744301288405,56,5.32804757185332,5,202.89761138697858,506.8269331029031,0.8573921297316707,0.67
main,v040,LOSO-nes-f2,secondary,LOSO,nested,2,B,IPPO|ippo_nr_seed7,IPPO,7,T,"June 2026, current reward",7,-595.1168417869919,569.7749673906346,20.360080796357302,0.6067936,4.375,193.19214435829005,193.04044595829006,0.0019821605550049554,0.0,0.0019821605550049554,0.0019821605550049554,0.11496531219028741,32,3.044598612487612,2,0.4393346799392884,0.4393346799392884,0.4393346799392883,0.67
main,v040,LOSO-nes-f2,secondary,LOSO,nested,2,B,IPPO|ippo_nr_seed7,IPPO,7,T,"June 2026, current reward",8,-384.6573749322107,384.3315257322107,0.0,0.0758492,0.25,205.6055115543424,205.5865492543424,0.0,0.0,0.0,0.0,0.010901883052527254,4,0.3805748265609515,0,0.0,0.0,0.0,0.67
main,v040,LOSO-nes-f2,secondary,LOSO,nested,2,B,IPPO|ippo_nr_seed7,IPPO,7,T,"June 2026, current reward",9,-883.3060113243149,80.8896730489098,802.416338275405,0.0,0.0,207.2467744470471,207.2467744470471,0.04558969276511397,0.04558969276511397,0.0,0.04558969276511397,0.0,0,0.0,46,11.017915020711406,78.76542503363426,0.6814611146923226,0.67
main,v040,LOSO-nes-f2,secondary,LOSO,nested,2,B,IPPO|ippo_nr_seed13,IPPO,13,T,"June 2026, current reward",all,-5528.9578574395055,4363.048218118922,1132.465480920585,3.9441584,29.5,1972.5008133962674,1971.5147737962675,0.006342913776015857,0.0046580773042616454,0.0016848364717542122,0.006342913776015857,0.07690782953419227,207,1.9694747274529236,64,16.09332747583209,506.8269331029031,0.6898257713128046,0.67
main,v040,LOSO-nes-f2,secondary,LOSO,nested,2,B,IPPO|ippo_nr_seed13,IPPO,13,T,"June 2026, current reward",0,-845.0491820454785,805.0614988472996,37.18004039817865,0.6826428,2.125,177.60288458376357,177.43222388376358,0.0019821605550049554,0.0,0.0019821605550049554,0.0019821605550049554,0.2348860257680872,35,3.3300297324083252,2,0.7589140407888788,1.0784934016384693,0.7196673399696442,0.67
main,v040,LOSO-nes-f2,secondary,LOSO,nested,2,B,IPPO|ippo_nr_seed13,IPPO,13,T,"June 2026, current reward",1,-529.1321259533191,460.64444275514046,64.18004039817865,0.6826428,3.625,191.68051783204487,191.50985713204489,0.002973240832507433,0.0,0.002973240832507433,0.002973240832507433,0.12487611496531219,36,3.4251734390485633,3,0.8745422906869379,1.1057987904830557,0.8131115599797628,0.67
main,v040,LOSO-nes-f2,secondary,LOSO,nested,2,B,IPPO|ippo_nr_seed13,IPPO,13,T,"June 2026, current reward",2,-285.131772111562,285.131772111562,0.0,0.0,0.0,206.91604362617895,206.91604362617895,0.0,0.0,0.0,0.0,0.0,0,0.0,0,0.0,0.0,0.0,0.67
main,v040,LOSO-nes-f2,secondary,LOSO,nested,2,B,IPPO|ippo_nr_seed13,IPPO,13,T,"June 2026, current reward",3,-164.70421167677037,137.70421167677037,27.0,0.0,0.0,207.04287516734337,207.04287516734337,0.0009910802775024777,0.0009910802775024777,0.0,0.0009910802775024777,0.0,0,0.0,1,4.943537109139514,4.943537109139514,1.0,0.67
main,v040,LOSO-nes-f2,secondary,LOSO,nested,2,B,IPPO|ippo_nr_seed13,IPPO,13,T,"June 2026, current reward",4,-647.8493561423202,561.6912151477842,84.54012119453594,0.4930198,1.125,187.48217926275854,187.35892431275855,0.004955401387512388,0.0,0.004955401387512388,0.004955401387512388,0.14172447968285432,26,2.4737363726461843,5,0.6949981686189608,1.0784934016384693,0.6636008079635731,0.67
main,v040,LOSO-nes-f2,secondary,LOSO,nested,2,B,IPPO|ippo_nr_seed13,IPPO,13,T,"June 2026, current reward",5,-410.4225009133245,409.9337271133245,0.0,0.1137738,0.375,204.63983320054382,204.61138975054382,0.0,0.0,0.0,0.0,0.019821605550049554,6,0.5708622398414271,0,0.0,0.0,0.0,0.67
main,v040,LOSO-nes-f2,secondary,LOSO,nested,2,B,IPPO|ippo_nr_seed13,IPPO,13,T,"June 2026, current reward",6,-758.5707372156404,655.3354059558898,86.60881945975059,1.2515117999999998,15.375,190.39392441831717,190.08104646831717,0.003964321110009911,0.0,0.003964321110009911,0.003964321110009911,0.12487611496531219,66,6.279484638255699,4,127.3177201387096,506.8269331029031,0.8217401621645883,0.67
main,v040,LOSO-nes-f2,secondary,LOSO,nested,2,B,IPPO|ippo_nr_seed13,IPPO,13,T,"June 2026, current reward",7,-602.9795118998567,564.8438233053207,30.540121194535953,0.7205674,6.875,192.6075950247406,192.4274531747406,0.002973240832507433,0.0,0.002973240832507433,0.002973240832507433,0.12289395441030723,38,3.615460852329039,3,0.4393346799392884,0.4393346799392884,0.4393346799392883,0.67
main,v040,LOSO-nes-f2,secondary,LOSO,nested,2,B,IPPO|ippo_nr_seed13,IPPO,13,T,"June 2026, current reward",8,-401.81244815691986,401.81244815691986,0.0,0.0,0.0,206.8881858335294,206.8881858335294,0.0,0.0,0.0,0.0,0.0,0,0.0,0,0.0,0.0,0.0,0.67
main,v040,LOSO-nes-f2,secondary,LOSO,nested,2,B,IPPO|ippo_nr_seed13,IPPO,13,T,"June 2026, current reward",9,-883.3060113243149,80.8896730489098,802.416338275405,0.0,0.0,207.2467744470471,207.2467744470471,0.04558969276511397,0.04558969276511397,0.0,0.04558969276511397,0.0,0,0.0,46,11.017915020711406,78.76542503363426,0.6814611146923226,0.67
main,v040,LOSO-nes-f2,secondary,LOSO,nested,2,B,IPPO|ippo_nr_seed23,IPPO,23,T,"June 2026, current reward",all,-5479.696348756422,4363.608312635837,1078.465480920585,4.2475552,33.375,1972.1975254965496,1971.1356366965492,0.006144697720515362,0.0046580773042616454,0.0014866204162537165,0.006144697720515362,0.07770069375619425,223,2.1217046580773045,62,8.420444063688908,78.76542503363426,0.6798201510325725,0.67
main,v040,LOSO-nes-f2,secondary,LOSO,nested,2,B,IPPO|ippo_nr_seed23,IPPO,23,T,"June 2026, current reward",0,-844.7363573812663,778.5964227867305,57.54012119453595,1.0998134,7.5,174.53335508520058,174.2584017352006,0.003964321110009911,0.0,0.003964321110009911,0.003964321110009911,0.27849355797819625,57,5.423191278493558,4,0.5991243603640836,1.0784934016384693,0.5795010099544662,0.67
main,v040,LOSO-nes-f2,secondary,LOSO,nested,2,B,IPPO|ippo_nr_seed23,IPPO,23,T,"June 2026, current reward",1,-530.1959775916057,462.7841435934272,64.18004039817865,0.6067936,2.625,192.14650144296002,191.99480304296,0.002973240832507433,0.0,0.002973240832507433,0.002973240832507433,0.1159563924677899,32,3.044598612487612,3,0.8745422906869379,1.1057987904830557,0.8131115599797628,0.67
main,v040,LOSO-nes-f2,secondary,LOSO,nested,2,B,IPPO|ippo_nr_seed23,IPPO,23,T,"June 2026, current reward",2,-285.131772111562,285.131772111562,0.0,0.0,0.0,206.91604362617895,206.91604362617895,0.0,0.0,0.0,0.0,0.0,0,0.0,0,0.0,0.0,0.0,0.67
main,v040,LOSO-nes-f2,secondary,LOSO,nested,2,B,IPPO|ippo_nr_seed23,IPPO,23,T,"June 2026, current reward",3,-164.70421167677037,137.70421167677037,27.0,0.0,0.0,207.04287516734337,207.04287516734337,0.0009910802775024777,0.0009910802775024777,0.0,0.0009910802775024777,0.0,0,0.0,1,4.943537109139514,4.943537109139514,1.0,0.67
main,v040,LOSO-nes-f2,secondary,LOSO,nested,2,B,IPPO|ippo_nr_seed23,IPPO,23,T,"June 2026, current reward",4,-648.3068198691822,562.2736788746463,84.54012119453594,0.4930198,1.0,187.47108539832192,187.34783044832193,0.004955401387512388,0.0,0.004955401387512388,0.004955401387512388,0.14469772051536176,26,2.4737363726461843,5,0.6949981686189608,1.0784934016384693,0.6636008079635731,0.67
main,v040,LOSO-nes-f2,secondary,LOSO,nested,2,B,IPPO|ippo_nr_seed23,IPPO,23,T,"June 2026, current reward",5,-390.4358851056743,388.1704129056743,0.0,0.2654722,2.0,202.91164302885903,202.84527497885904,0.0,0.0,0.0,0.0,0.03270564915758176,14,1.33201189296333,0,0.0,0.0,0.0,0.67
main,v040,LOSO-nes-f2,secondary,LOSO,nested,2,B,IPPO|ippo_nr_seed23,IPPO,23,T,"June 2026, current reward",6,-740.4570698668851,698.6389092071346,32.60881945975059,0.8343412,8.375,193.60902485101235,193.40043955101237,0.0019821605550049554,0.0,0.0019821605550049554,0.0019821605550049554,0.09514370664023786,44,4.186323092170466,2,0.6827270251484112,1.0784934016384693,0.6434803243291766,0.67
main,v040,LOSO-nes-f2,secondary,LOSO,nested,2,B,IPPO|ippo_nr_seed23,IPPO,23,T,"June 2026, current reward",7,-596.9836610885825,575.4692794904039,10.180040398178651,0.8343412000000001,10.5,193.9689529064093,193.76036760640926,0.0009910802775024777,0.0,0.0009910802775024777,0.0009910802775024777,0.10604558969276512,44,4.186323092170466,1,0.4393346799392884,0.4393346799392884,0.4393346799392883,0.67
main,v040,LOSO-nes-f2,secondary,LOSO,nested,2,B,IPPO|ippo_nr_seed23,IPPO,23,T,"June 2026, current reward",8,-395.4385827405788,393.9498089405788,0.0,0.11377380000000001,1.375,206.35126954321677,206.32282609321678,0.0,0.0,0.0,0.0,0.003964321110009911,6,0.5708622398414271,0,0.0,0.0,0.0,0.67
main,v040,LOSO-nes-f2,secondary,LOSO,nested,2,B,IPPO|ippo_nr_seed23,IPPO,23,T,"June 2026, current reward",9,-883.3060113243149,80.8896730489098,802.416338275405,0.0,0.0,207.2467744470471,207.2467744470471,0.04558969276511397,0.04558969276511397,0.0,0.04558969276511397,0.0,0,0.0,46,11.017915020711406,78.76542503363426,0.6814611146923226,0.67
main,v040,LOSO-nes-f2,secondary,LOSO,nested,2,B,IPPO|ippo_nr_seed42,IPPO,42,T,"June 2026, current reward",all,-5487.523924516996,4319.588139792769,1139.1054001242276,3.8303846000000004,25.0,1969.6566616447367,1968.6990654947367,0.00624380574826561,0.0046580773042616454,0.0015857284440039642,0.00624380574826561,0.08067393458870169,201,1.9123885034687813,63,16.329501252400497,505.21717638005447,0.7027012699069987,0.77
main,v040,LOSO-nes-f2,secondary,LOSO,nested,2,B,IPPO|ippo_nr_seed42,IPPO,42,T,"June 2026, current reward",0,-839.9872323692878,786.8419611729305,47.360080796357295,0.9101904,4.875,175.34233895303498,175.11479135303497,0.002973240832507433,0.0,0.002973240832507433,0.002973240832507433,0.26461843409316155,47,4.47175421209118,3,0.6523875871723487,1.0784934016384693,0.6262231199595255,0.77
main,v040,LOSO-nes-f2,secondary,LOSO,nested,2,B,IPPO|ippo_nr_seed42,IPPO,42,T,"June 2026, current reward",1,-525.5579982536048,458.93408885542607,64.18004039817865,0.5688690000000001,1.875,191.62497172960366,191.48275447960367,0.002973240832507433,0.0,0.002973240832507433,0.002973240832507433,0.12388503468780972,30,2.8543111992071357,3,0.8745422906869379,1.1057987904830557,0.8131115599797628,0.77
main,v040,LOSO-nes-f2,secondary,LOSO,nested,2,B,IPPO|ippo_nr_seed42,IPPO,42,T,"June 2026, current reward",2,-285.131772111562,285.131772111562,0.0,0.0,0.0,206.91604362617895,206.91604362617895,0.0,0.0,0.0,0.0,0.0,0,0.0,0,0.0,0.0,0.0,0.77
main,v040,LOSO-nes-f2,secondary,LOSO,nested,2,B,IPPO|ippo_nr_seed42,IPPO,42,T,"June 2026, current reward",3,-164.70421167677037,137.70421167677037,27.0,0.0,0.0,207.04287516734337,207.04287516734337,0.0009910802775024777,0.0009910802775024777,0.0,0.0009910802775024777,0.0,0,0.0,1,4.943537109139514,4.943537109139514,1.0,0.77
main,v040,LOSO-nes-f2,secondary,LOSO,nested,2,B,IPPO|ippo_nr_seed42,IPPO,42,T,"June 2026, current reward",4,-633.9773609545751,568.0543007563965,64.18004039817865,0.4930198,1.25,188.20359397180624,188.08033902180625,0.002973240832507433,0.0,0.002973240832507433,0.002973240832507433,0.1337958374628345,26,2.4737363726461843,3,0.865440494405409,1.0784934016384693,0.8131115599797628,0.77
main,v040,LOSO-nes-f2,secondary,LOSO,nested,2,B,IPPO|ippo_nr_seed42,IPPO,42,T,"June 2026, current reward",5,-405.51107340087145,405.43522420087146,0.0,0.0758492,0.0,204.35633778933934,204.33737548933934,0.0,0.0,0.0,0.0,0.019821605550049554,4,0.3805748265609515,0,0.0,0.0,0.0,0.77
main,v040,LOSO-nes-f2,secondary,LOSO,nested,2,B,IPPO|ippo_nr_seed42,IPPO,42,T,"June 2026, current reward",6,-731.9524231076086,637.596337847858,86.60881945975059,0.8722658000000001,6.875,189.83223896905685,189.61417251905686,0.003964321110009911,0.0,0.003964321110009911,0.003964321110009911,0.13875123885034688,46,4.376610505450942,4,126.91528095799744,505.21717638005447,0.8217401621645883,0.77
main,v040,LOSO-nes-f2,secondary,LOSO,nested,2,B,IPPO|ippo_nr_seed42,IPPO,42,T,"June 2026, current reward",7,-623.6790100870281,567.0604372906707,47.3600807963573,0.7584919999999999,8.5,192.84744910403245,192.65782610403247,0.002973240832507433,0.0,0.002973240832507433,0.002973240832507433,0.11892963330029732,40,3.8057482656095147,3,0.7175719635277426,1.274046530704651,0.6262231199595255,0.77
main,v040,LOSO-nes-f2,secondary,LOSO,nested,2,B,IPPO|ippo_nr_seed42,IPPO,42,T,"June 2026, current reward",8,-393.7168312313735,391.9401328313735,0.0,0.1516984,1.625,206.24403788729367,206.20611328729368,0.0,0.0,0.0,0.0,0.006937561942517344,8,0.761149653121903,0,0.0,0.0,0.0,0.77
main,v040,LOSO-nes-f2,secondary,LOSO,nested,2,B,IPPO|ippo_nr_seed42,IPPO,42,T,"June 2026, current reward",9,-883.3060113243149,80.8896730489098,802.416338275405,0.0,0.0,207.2467744470471,207.2467744470471,0.04558969276511397,0.04558969276511397,0.0,0.04558969276511397,0.0,0,0.0,46,11.017915020711406,78.76542503363426,0.6814611146923226,0.77
main,v040,LOSO-nes-f2,secondary,LOSO,nested,2,B,IPPO|ippo_nr_seed64,IPPO,64,T,"June 2026, current reward",all,-5496.746473453806,4273.191562936864,1179.825561716942,4.8543488,38.875,1963.3912826940898,1962.1776954940897,0.006640237859266601,0.0046580773042616454,0.0019821605550049554,0.006640237859266601,0.08771060455896927,255,2.4261645193260657,67,7.856376636456304,78.76542503363426,0.6869778914014637,0.77
main,v040,LOSO-nes-f2,secondary,LOSO,nested,2,B,IPPO|ippo_nr_seed64,IPPO,64,T,"June 2026, current reward",0,-824.5095868857602,764.610069689403,47.360080796357295,1.2894364,11.25,172.87497733962323,172.55261823962323,0.002973240832507433,0.0,0.002973240832507433,0.002973240832507433,0.2993062438057483,67,6.374628344895937,3,0.6523875871723487,1.0784934016384693,0.6262231199595255,0.77
main,v040,LOSO-nes-f2,secondary,LOSO,nested,2,B,IPPO|ippo_nr_seed64,IPPO,64,T,"June 2026, current reward",1,-530.695384598589,463.4085506004104,64.18004039817865,0.6067936,2.5,192.1808247679738,192.02912636797382,0.002973240832507433,0.0,0.002973240832507433,0.002973240832507433,0.11793855302279485,32,3.044598612487612,3,0.8745422906869379,1.1057987904830557,0.8131115599797628,0.77
main,v040,LOSO-nes-f2,secondary,LOSO,nested,2,B,IPPO|ippo_nr_seed64,IPPO,64,T,"June 2026, current reward",2,-296.45916368844775,284.6653494902691,10.180040398178651,0.11377380000000001,1.5,206.871468694521,206.84302524452102,0.0009910802775024777,0.0,0.0009910802775024777,0.0009910802775024777,0.002973240832507433,6,0.5708622398414271,1,0.4393346799392884,0.4393346799392884,0.4393346799392883,0.77
main,v040,LOSO-nes-f2,secondary,LOSO,nested,2,B,IPPO|ippo_nr_seed64,IPPO,64,T,"June 2026, current reward",3,-164.70421167677037,137.70421167677037,27.0,0.0,0.0,207.04287516734337,207.04287516734337,0.0009910802775024777,0.0009910802775024777,0.0,0.0009910802775024777,0.0,0,0.0,1,4.943537109139514,4.943537109139514,1.0,0.77
main,v040,LOSO-nes-f2,secondary,LOSO,nested,2,B,IPPO|ippo_nr_seed64,IPPO,64,T,"June 2026, current reward",4,-643.4484651952745,561.4548923989171,74.3600807963573,0.7584919999999999,6.875,188.12670794601405,187.93708494601404,0.003964321110009911,0.0,0.003964321110009911,0.003964321110009911,0.13082259663032705,40,3.8057482656095147,4,0.7589140407888789,1.0784934016384693,0.7196673399696443,0.77
main,v040,LOSO-nes-f2,secondary,LOSO,nested,2,B,IPPO|ippo_nr_seed64,IPPO,64,T,"June 2026, current reward",5,-403.5813893915997,365.22295219342107,37.18004039817865,0.30339679999999997,0.875,200.80650980712542,200.7306606071254,0.0019821605550049554,0.0,0.0019821605550049554,0.0019821605550049554,0.05550049554013875,16,1.522299306243806,2,0.7589140407888788,1.0784934016384693,0.7196673399696442,0.77
main,v040,LOSO-nes-f2,secondary,LOSO,nested,2,B,IPPO|ippo_nr_seed64,IPPO,64,T,"June 2026, current reward",6,-724.1175321862427,682.3864469264921,32.60881945975059,0.8722658,8.25,192.04994592373924,191.83187947373926,0.0019821605550049554,0.0,0.0019821605550049554,0.0019821605550049554,0.11000991080277503,46,4.376610505450942,2,0.6827270251484112,1.0784934016384693,0.6434803243291766,0.77
main,v040,LOSO-nes-f2,secondary,LOSO,nested,2,B,IPPO|ippo_nr_seed64,IPPO,64,T,"June 2026, current reward",7,-641.5413446063873,551.6065052118513,84.54012119453594,0.6447182,4.75,190.86315951990093,190.70197996990095,0.004955401387512388,0.0,0.004955401387512388,0.004955401387512388,0.14866204162537167,34,3.2348860257680876,5,0.7341087944321971,1.274046530704651,0.6636008079635729,0.77
main,v040,LOSO-nes-f2,secondary,LOSO,nested,2,B,IPPO|ippo_nr_seed64,IPPO,64,T,"June 2026, current reward",8,-384.3833839004198,381.24291170041977,0.0,0.26547220000000005,2.875,205.3280390808015,205.26167103080147,0.0,0.0,0.0,0.0,0.011892963330029732,14,1.33201189296333,0,0.0,0.0,0.0,0.77
main,v040,LOSO-nes-f2,secondary,LOSO,nested,2,B,IPPO|ippo_nr_seed64,IPPO,64,T,"June 2026, current reward",9,-883.3060113243149,80.8896730489098,802.416338275405,0.0,0.0,207.2467744470471,207.2467744470471,0.04558969276511397,0.04558969276511397,0.0,0.04558969276511397,0.0,0,0.0,46,11.017915020711406,78.76542503363426,0.6814611146923226,0.77
main,v040,LOSO-nes-f2,secondary,LOSO,nested,2,B,IPPO|ippo_nr_seed77,IPPO,77,T,"June 2026, current reward",all,-5545.482243201874,4267.577387486754,1244.0056021151208,4.3992536,29.5,1966.640177389107,1965.5403639891072,0.006937561942517344,0.0046580773042616454,0.002576808721506442,0.006937561942517344,0.08721506442021804,231,2.1978196233894947,70,6686.281844677349,155349.738807616,0.6923836200548195,0.84
main,v040,LOSO-nes-f2,secondary,LOSO,nested,2,B,IPPO|ippo_nr_seed77,IPPO,77,T,"June 2026, current reward",0,-839.1518183837703,771.0231099892344,57.54012119453595,1.2135872,9.375,173.74061098054136,173.43721418054136,0.003964321110009911,0.0,0.003964321110009911,0.003964321110009911,0.28344895936570863,63,5.994053518334986,4,0.5991243603640836,1.0784934016384693,0.5795010099544662,0.84
main,v040,LOSO-nes-f2,secondary,LOSO,nested,2,B,IPPO|ippo_nr_seed77,IPPO,77,T,"June 2026, current reward",1,-519.4304196576031,451.8935856594245,64.18004039817865,0.6067936,2.75,190.70954580821913,190.55784740821915,0.002973240832507433,0.0,0.002973240832507433,0.002973240832507433,0.13478691774033696,32,3.044598612487612,3,0.8745422906869379,1.1057987904830557,0.8131115599797628,0.84
main,v040,LOSO-nes-f2,secondary,LOSO,nested,2,B,IPPO|ippo_nr_seed77,IPPO,77,T,"June 2026, current reward",2,-285.131772111562,285.131772111562,0.0,0.0,0.0,206.91604362617895,206.91604362617895,0.0,0.0,0.0,0.0,0.0,0,0.0,0,0.0,0.0,0.0,0.84
main,v040,LOSO-nes-f2,secondary,LOSO,nested,2,B,IPPO|ippo_nr_seed77,IPPO,77,T,"June 2026, current reward",3,-164.70421167677037,137.70421167677037,27.0,0.0,0.0,207.04287516734337,207.04287516734337,0.0009910802775024777,0.0009910802775024777,0.0,0.0009910802775024777,0.0,0,0.0,1,4.943537109139514,4.943537109139514,1.0,0.84
main,v040,LOSO-nes-f2,secondary,LOSO,nested,2,B,IPPO|ippo_nr_seed77,IPPO,77,T,"June 2026, current reward",4,-644.0155887543906,555.4936739598545,84.54012119453594,0.6067936,3.375,187.04891579448957,186.89721739448956,0.004955401387512388,0.0,0.004955401387512388,0.004955401387512388,0.1466798810703667,32,3.044598612487612,5,0.6949981686189608,1.0784934016384693,0.6636008079635731,0.84
main,v040,LOSO-nes-f2,secondary,LOSO,nested,2,B,IPPO|ippo_nr_seed77,IPPO,77,T,"June 2026, current reward",5,-412.2261308858655,373.6176936876868,37.18004039817865,0.3033968,1.125,201.78187788635336,201.70602868635336,0.0019821605550049554,0.0,0.0019821605550049554,0.0019821605550049554,0.048562933597621406,16,1.522299306243806,2,0.7589140407888788,1.0784934016384693,0.7196673399696442,0.84
main,v040,LOSO-nes-f2,secondary,LOSO,nested,2,B,IPPO|ippo_nr_seed77,IPPO,77,T,"June 2026, current reward",6,-763.0151374915602,630.6152380336309,123.78885985792924,0.9860396,7.625,188.90543264878698,188.65892274878695,0.005946481665014866,0.0,0.005946481665014866,0.005946481665014866,0.15163528245787908,52,4.947472745292369,6,169.15456526913871,506.8269331029031,0.787715888099607,0.84
main,v040,LOSO-nes-f2,secondary,LOSO,nested,2,B,IPPO|ippo_nr_seed77,IPPO,77,T,"June 2026, current reward",7,-605.2256135382166,579.2208145418593,20.360080796357302,0.6447182,5.0,194.3652722850463,194.20409273504632,0.0019821605550049554,0.0,0.0019821605550049554,0.0019821605550049554,0.10406342913776016,34,3.2348860257680876,2,0.4393346799392884,0.4393346799392884,0.4393346799392883,0.84
main,v040,LOSO-nes-f2,secondary,LOSO,nested,2,B,IPPO|ippo_nr_seed77,IPPO,77,T,"June 2026, current reward",8,-401.81244815691986,401.81244815691986,0.0,0.0,0.0,206.8881858335294,206.8881858335294,0.0,0.0,0.0,0.0,0.0,0,0.0,0,0.0,0.0,0.0,0.84
main,v040,LOSO-nes-f2,secondary,LOSO,nested,2,B,IPPO|ippo_nr_seed77,IPPO,77,T,"June 2026, current reward",9,-910.769102545216,81.06483966981097,829.416338275405,0.0379246,0.25,209.2414173586186,209.2319362086186,0.04658077304261645,0.04558969276511397,0.003964321110009911,0.04658077304261645,0.002973240832507433,2,0.19028741328047574,47,9936.360991193453,155349.738807616,0.6882385377839755,0.84
main,v040,LOSO-nes-f2,secondary,LOSO,nested,2,B,IPPO|ippo_nr_seed99,IPPO,99,T,"June 2026, current reward",all,-5596.592681919408,4310.813785007931,1264.365682911478,3.413214,18.0,1968.5490059648364,1967.6957024648364,0.00713577799801784,0.0046580773042616454,0.002477700693756194,0.00713577799801784,0.08513379583746283,179,1.7030723488602577,72,21.38526872451872,506.8269331029031,0.6853544828293879,0.84
main,v040,LOSO-nes-f2,secondary,LOSO,nested,2,B,IPPO|ippo_nr_seed99,IPPO,99,T,"June 2026, current reward",0,-867.5315581671973,798.1175275744827,67.7201615927146,0.5688690000000001,1.125,176.98959724399697,176.84737999399692,0.004955401387512388,0.0,0.004955401387512388,0.004955401387512388,0.25173439048562934,29,2.759167492566898,5,0.5671664242791246,1.0784934016384693,0.5514677439514306,0.84
main,v040,LOSO-nes-f2,secondary,LOSO,nested,2,B,IPPO|ippo_nr_seed99,IPPO,99,T,"June 2026, current reward",1,-539.6275287908362,472.5036193926575,64.18004039817865,0.5688690000000001,2.375,193.00589887993104,192.86368162993102,0.002973240832507433,0.0,0.002973240832507433,0.002973240832507433,0.11000991080277503,30,2.8543111992071357,3,0.8745422906869379,1.1057987904830557,0.8131115599797628,0.84
main,v040,LOSO-nes-f2,secondary,LOSO,nested,2,B,IPPO|ippo_nr_seed99,IPPO,99,T,"June 2026, current reward",2,-285.131772111562,285.131772111562,0.0,0.0,0.0,206.91604362617895,206.91604362617895,0.0,0.0,0.0,0.0,0.0,0,0.0,0,0.0,0.0,0.0,0.84
main,v040,LOSO-nes-f2,secondary,LOSO,nested,2,B,IPPO|ippo_nr_seed99,IPPO,99,T,"June 2026, current reward",3,-164.70421167677037,137.70421167677037,27.0,0.0,0.0,207.04287516734337,207.04287516734337,0.0009910802775024777,0.0009910802775024777,0.0,0.0009910802775024777,0.0,0,0.0,1,4.943537109139514,4.943537109139514,1.0,0.84
main,v040,LOSO-nes-f2,secondary,LOSO,nested,2,B,IPPO|ippo_nr_seed99,IPPO,99,T,"June 2026, current reward",4,-644.0358328649844,556.1768426704484,84.54012119453594,0.5688690000000001,2.75,187.08174502277714,186.93952777277713,0.004955401387512388,0.0,0.004955401387512388,0.004955401387512388,0.14866204162537167,30,2.8543111992071357,5,0.6949981686189608,1.0784934016384693,0.6636008079635731,0.84
main,v040,LOSO-nes-f2,secondary,LOSO,nested,2,B,IPPO|ippo_nr_seed99,IPPO,99,T,"June 2026, current reward",5,-410.34325259607317,410.2674033960732,0.0,0.0758492,0.0,204.67874569845554,204.65978339845555,0.0,0.0,0.0,0.0,0.017839444995044598,4,0.3805748265609515,0,0.0,0.0,0.0,0.84
main,v040,LOSO-nes-f2,secondary,LOSO,nested,2,B,IPPO|ippo_nr_seed99,IPPO,99,T,"June 2026, current reward",6,-753.5415969075377,631.6475870477872,113.60881945975059,0.9101904000000001,7.375,189.1892220925949,188.96167449259485,0.004955401387512388,0.0,0.004955401387512388,0.004955401387512388,0.14469772051536176,48,4.566897918731417,5,202.89761138697858,506.8269331029031,0.8573921297316707,0.84
main,v040,LOSO-nes-f2,secondary,LOSO,nested,2,B,IPPO|ippo_nr_seed99,IPPO,99,T,"June 2026, current reward",7,-655.0425464984678,545.7476263075745,104.90020199089324,0.6447182,3.75,190.18172117641427,190.02054162641429,0.006937561942517344,0.0,0.006937561942517344,0.006937561942517344,0.1734390485629336,34,3.2348860257680876,7,0.6498876188627946,1.274046530704651,0.599524771385206,0.84
main,v040,LOSO-nes-f2,secondary,LOSO,nested,2,B,IPPO|ippo_nr_seed99,IPPO,99,T,"June 2026, current reward",8,-393.3283709816651,392.6275217816651,0.0,0.0758492,0.625,206.21638261009718,206.1974203100972,0.0,0.0,0.0,0.0,0.004955401387512388,4,0.3805748265609515,0,0.0,0.0,0.0,0.84
main,v040,LOSO-nes-f2,secondary,LOSO,nested,2,B,IPPO|ippo_nr_seed99,IPPO,99,T,"June 2026, current reward",9,-883.3060113243149,80.8896730489098,802.416338275405,0.0,0.0,207.2467744470471,207.2467744470471,0.04558969276511397,0.04558969276511397,0.0,0.04558969276511397,0.0,0,0.0,46,11.017915020711406,78.76542503363426,0.6814611146923226,0.84
main,v040,LOSO-nes-f2,secondary,LOSO,nested,2,B,MAPPO|mappo_pool_off_seed1_20260526T162327/mappo_best.pt,MAPPO,1,T,search-only (scenario-variant sweep dir); traced to Table I,all,-5436.928789480497,4211.025724552626,1172.7453193278702,5.1577456,48.0,1962.2929079794926,1961.0034715794927,0.00624380574826561,0.0046580773042616454,0.0015857284440039642,0.00624380574826561,0.08097125867195243,272,2.58790882061447,63,16.375343699483786,506.8269331029031,0.7205001689565452,0.25
main,v040,LOSO-nes-f2,secondary,LOSO,nested,2,B,MAPPO|mappo_pool_off_seed1_20260526T162327/mappo_best.pt,MAPPO,1,T,search-only (scenario-variant sweep dir); traced to Table I,0,-810.4534108323888,797.7777482323888,0.0,1.1756626,11.5,177.6006595356474,177.3067438856474,0.0,0.0,0.0,0.0,0.21605550049554015,62,5.898909811694748,0,0.0,0.0,0.0,0.25
main,v040,LOSO-nes-f2,secondary,LOSO,nested,2,B,MAPPO|mappo_pool_off_seed1_20260526T162327/mappo_best.pt,MAPPO,1,T,search-only (scenario-variant sweep dir); traced to Table I,1,-532.2351711381264,460.54663873994775,64.18004039817865,0.7584919999999999,6.75,192.07732908116662,191.8877060811666,0.002973240832507433,0.0,0.002973240832507433,0.002973240832507433,0.10901883052527254,40,3.8057482656095147,3,0.8745422906869379,1.1057987904830557,0.8131115599797628,0.25
main,v040,LOSO-nes-f2,secondary,LOSO,nested,2,B,MAPPO|mappo_pool_off_seed1_20260526T162327/mappo_best.pt,MAPPO,1,T,search-only (scenario-variant sweep dir); traced to Table I,2,-308.7227195572506,280.10894575725064,27.0,0.11377380000000001,1.5,206.55192063718997,206.52347718718997,0.0009910802775024777,0.0,0.0009910802775024777,0.0009910802775024777,0.002973240832507433,6,0.5708622398414271,1,1.0784934016384693,1.0784934016384693,1.0,0.25
main,v040,LOSO-nes-f2,secondary,LOSO,nested,2,B,MAPPO|mappo_pool_off_seed1_20260526T162327/mappo_best.pt,MAPPO,1,T,search-only (scenario-variant sweep dir); traced to Table I,3,-164.70421167677037,137.70421167677037,27.0,0.0,0.0,207.04287516734337,207.04287516734337,0.0009910802775024777,0.0009910802775024777,0.0,0.0009910802775024777,0.0,0,0.0,1,4.943537109139514,4.943537109139514,1.0,0.25
main,v040,LOSO-nes-f2,secondary,LOSO,nested,2,B,MAPPO|mappo_pool_off_seed1_20260526T162327/mappo_best.pt,MAPPO,1,T,search-only (scenario-variant sweep dir); traced to Table I,4,-624.3578504324629,542.7772022361055,74.3600807963573,0.7205674000000001,6.5,186.21241730085143,186.0322754508514,0.003964321110009911,0.0,0.003964321110009911,0.003964321110009911,0.14866204162537167,38,3.615460852329039,4,0.7589140407888789,1.0784934016384693,0.7196673399696443,0.25
main,v040,LOSO-nes-f2,secondary,LOSO,nested,2,B,MAPPO|mappo_pool_off_seed1_20260526T162327/mappo_best.pt,MAPPO,1,T,search-only (scenario-variant sweep dir); traced to Table I,5,-391.41011555430384,361.2808695543039,27.0,0.379246,2.75,200.41371121385066,200.31889971385067,0.0009910802775024777,0.0,0.0009910802775024777,0.0009910802775024777,0.05252725470763132,20,1.9028741328047574,1,1.0784934016384693,1.0784934016384693,1.0,0.25
main,v040,LOSO-nes-f2,secondary,LOSO,nested,2,B,MAPPO|mappo_pool_off_seed1_20260526T162327/mappo_best.pt,MAPPO,1,T,search-only (scenario-variant sweep dir); traced to Table I,6,-726.4010410137598,629.0182573540093,86.60881945975059,1.0239642,9.75,189.17705560169287,188.92106455169287,0.003964321110009911,0.0,0.003964321110009911,0.003964321110009911,0.13577799801783944,54,5.137760158572845,4,127.3177201387096,506.8269331029031,0.8217401621645883,0.25
main,v040,LOSO-nes-f2,secondary,LOSO,nested,2,B,MAPPO|mappo_pool_off_seed1_20260526T162327/mappo_best.pt,MAPPO,1,T,search-only (scenario-variant sweep dir); traced to Table I,7,-604.7049320946966,562.9560226965178,37.18004039817865,0.5688690000000001,4.0,192.68842134071716,192.54620409071717,0.0019821605550049554,0.0,0.0019821605550049554,0.0019821605550049554,0.11496531219028741,30,2.8543111992071357,2,0.8566906053219696,1.274046530704651,0.7196673399696442,0.25
main,v040,LOSO-nes-f2,secondary,LOSO,nested,2,B,MAPPO|mappo_pool_off_seed1_20260526T162327/mappo_best.pt,MAPPO,1,T,search-only (scenario-variant sweep dir); traced to Table I,8,-390.63332585642274,357.9661552564228,27.0,0.41717060000000006,5.25,203.28174365398598,203.177451003986,0.0009910802775024777,0.0,0.0009910802775024777,0.0009910802775024777,0.02973240832507433,22,2.093161546085233,1,1.0784934016384693,1.0784934016384693,1.0,0.25
main,v040,LOSO-nes-f2,secondary,LOSO,nested,2,B,MAPPO|mappo_pool_off_seed1_20260526T162327/mappo_best.pt,MAPPO,1,T,search-only (scenario-variant sweep dir); traced to Table I,9,-883.3060113243149,80.8896730489098,802.416338275405,0.0,0.0,207.2467744470471,207.2467744470471,0.04558969276511397,0.04558969276511397,0.0,0.04558969276511397,0.0,0,0.0,46,11.017915020711406,78.76542503363426,0.6814611146923226,0.25
main,v040,LOSO-nes-f2,secondary,LOSO,nested,2,B,MAPPO|mappo_pool_off_seed7_20260526T162327/mappo_best.pt,MAPPO,7,T,search-only (scenario-variant sweep dir); traced to Table I,all,-5559.754239652568,4163.07665752834,1328.1054001242278,6.447182,62.125,1956.8516530645106,1955.2398575645107,0.006937561942517344,0.0046580773042616454,0.0022794846382556988,0.006937561942517344,0.08840436075322101,340,3.2348860257680876,70,14.830190608065937,506.8269331029031,0.732431142916299,0.25
main,v040,LOSO-nes-f2,secondary,LOSO,nested,2,B,MAPPO|mappo_pool_off_seed7_20260526T162327/mappo_best.pt,MAPPO,7,T,search-only (scenario-variant sweep dir); traced to Table I,0,-828.0720702031094,789.5326338031094,27.0,1.2894364,10.25,176.32803381260473,176.0056747126047,0.0009910802775024777,0.0,0.0009910802775024777,0.0009910802775024777,0.23389494549058473,68,6.469772051536175,1,1.0784934016384693,1.0784934016384693,1.0,0.25
main,v040,LOSO-nes-f2,secondary,LOSO,nested,2,B,MAPPO|mappo_pool_off_seed7_20260526T162327/mappo_best.pt,MAPPO,7,T,search-only (scenario-variant sweep dir); traced to Table I,1,-503.1930186682458,455.18986327006724,37.18004039817865,0.948115,9.875,191.34454097368348,191.10751222368344,0.0019821605550049554,0.0,0.0019821605550049554,0.0019821605550049554,0.11793855302279485,50,4.757185332011893,2,0.772566735211172,1.1057987904830557,0.7196673399696442,0.25
main,v040,LOSO-nes-f2,secondary,LOSO,nested,2,B,MAPPO|mappo_pool_off_seed7_20260526T162327/mappo_best.pt,MAPPO,7,T,search-only (scenario-variant sweep dir); traced to Table I,2,-334.25045118387015,276.9849789838702,54.0,0.26547220000000005,3.0,206.17935168310316,206.11298363310317,0.0019821605550049554,0.0,0.0019821605550049554,0.0019821605550049554,0.010901883052527254,14,1.33201189296333,2,1.17626996617156,1.274046530704651,1.0,0.25
main,v040,LOSO-nes-f2,secondary,LOSO,nested,2,B,MAPPO|mappo_pool_off_seed7_20260526T162327/mappo_best.pt,MAPPO,7,T,search-only (scenario-variant sweep dir); traced to Table I,3,-164.70421167677037,137.70421167677037,27.0,0.0,0.0,207.04287516734337,207.04287516734337,0.0009910802775024777,0.0009910802775024777,0.0,0.0009910802775024777,0.0,0,0.0,1,4.943537109139514,4.943537109139514,1.0,0.25
main,v040,LOSO-nes-f2,secondary,LOSO,nested,2,B,MAPPO|mappo_pool_off_seed7_20260526T162327/mappo_best.pt,MAPPO,7,T,search-only (scenario-variant sweep dir); traced to Table I,4,-621.4847105577508,540.2411377613935,74.3600807963573,0.758492,6.125,185.90283744609235,185.71321444609234,0.003964321110009911,0.0,0.003964321110009911,0.003964321110009911,0.15262636273538158,40,3.8057482656095147,4,0.7589140407888789,1.0784934016384693,0.7196673399696443,0.25
main,v040,LOSO-nes-f2,secondary,LOSO,nested,2,B,MAPPO|mappo_pool_off_seed7_20260526T162327/mappo_best.pt,MAPPO,7,T,search-only (scenario-variant sweep dir); traced to Table I,5,-424.40627785059655,354.407368452418,64.18004039817865,0.5688690000000001,5.25,199.78297616864342,199.6407589186434,0.002973240832507433,0.0,0.002973240832507433,0.002973240832507433,0.062438057482656094,30,2.8543111992071357,3,0.8654404944054089,1.0784934016384693,0.8131115599797628,0.25
main,v040,LOSO-nes-f2,secondary,LOSO,nested,2,B,MAPPO|mappo_pool_off_seed7_20260526T162327/mappo_best.pt,MAPPO,7,T,search-only (scenario-variant sweep dir); traced to Table I,6,-755.6400260085941,616.6867297506648,123.78885985792924,1.2894364,13.875,188.0443238907467,187.72196479074668,0.005946481665014866,0.0,0.005946481665014866,0.005946481665014866,0.1466798810703667,68,6.469772051536175,6,85.1314514394027,506.8269331029031,0.787715888099607,0.25
main,v040,LOSO-nes-f2,secondary,LOSO,nested,2,B,MAPPO|mappo_pool_off_seed7_20260526T162327/mappo_best.pt,MAPPO,7,T,search-only (scenario-variant sweep dir); traced to Table I,7,-629.3824948665433,556.5310378683647,64.18004039817865,0.7964166,7.875,192.03468982591573,191.83558567591575,0.002973240832507433,0.0,0.002973240832507433,0.002973240832507433,0.12388503468780972,42,3.9960356788899905,3,0.9306248707608029,1.274046530704651,0.8131115599797628,0.25
main,v040,LOSO-nes-f2,secondary,LOSO,nested,2,B,MAPPO|mappo_pool_off_seed7_20260526T162327/mappo_best.pt,MAPPO,7,T,search-only (scenario-variant sweep dir); traced to Table I,8,-415.3149673127723,354.9090229127723,54.0,0.5309444,5.875,202.9452496493305,202.8125135493305,0.0019821605550049554,0.0,0.0019821605550049554,0.0019821605550049554,0.035678889990089196,28,2.66402378592666,2,1.0784934016384693,1.0784934016384693,1.0,0.25
main,v040,LOSO-nes-f2,secondary,LOSO,nested,2,B,MAPPO|mappo_pool_off_seed7_20260526T162327/mappo_best.pt,MAPPO,7,T,search-only (scenario-variant sweep dir); traced to Table I,9,-883.3060113243149,80.8896730489098,802.416338275405,0.0,0.0,207.2467744470471,207.2467744470471,0.04558969276511397,0.04558969276511397,0.0,0.04558969276511397,0.0,0,0.0,46,11.017915020711406,78.76542503363426,0.6814611146923226,0.25
main,v040,LOSO-nes-f2,secondary,LOSO,nested,2,B,MAPPO|mappo_pool_off_seed13_20260526T162327/mappo_best.pt,MAPPO,13,T,search-only (scenario-variant sweep dir); traced to Table I,all,-5435.317721559528,4193.594144033479,1182.925359726049,5.423217800000001,53.375,1960.4151138050388,1959.059309355039,0.006342913776015857,0.0046580773042616454,0.0016848364717542122,0.006342913776015857,0.08285431119920714,286,2.721110009910803,64,16.123288040911742,506.8269331029031,0.7161069581906505,0.25
main,v040,LOSO-nes-f2,secondary,LOSO,nested,2,B,MAPPO|mappo_pool_off_seed13_20260526T162327/mappo_best.pt,MAPPO,13,T,search-only (scenario-variant sweep dir); traced to Table I,0,-805.5309501697819,791.9423629697819,0.0,1.2135872,12.375,176.9289683933219,176.62557159332192,0.0,0.0,0.0,0.0,0.22299306243805747,64,6.089197224975224,0,0.0,0.0,0.0,0.25
main,v040,LOSO-nes-f2,secondary,LOSO,nested,2,B,MAPPO|mappo_pool_off_seed13_20260526T162327/mappo_best.pt,MAPPO,13,T,search-only (scenario-variant sweep dir); traced to Table I,1,-533.9297309143229,458.21450011614434,64.18004039817865,0.9101904000000001,10.625,191.80655551697993,191.5790079169799,0.002973240832507433,0.0,0.002973240832507433,0.002973240832507433,0.1110009910802775,48,4.566897918731417,3,0.8745422906869379,1.1057987904830557,0.8131115599797628,0.25
main,v040,LOSO-nes-f2,secondary,LOSO,nested,2,B,MAPPO|mappo_pool_off_seed13_20260526T162327/mappo_best.pt,MAPPO,13,T,search-only (scenario-variant sweep dir); traced to Table I,2,-309.5005114376965,281.4246622376965,27.0,0.0758492,1.0,206.6623020089554,206.6433397089554,0.0009910802775024777,0.0,0.0009910802775024777,0.0009910802775024777,0.0019821605550049554,4,0.3805748265609515,1,1.0784934016384693,1.0784934016384693,1.0,0.25
main,v040,LOSO-nes-f2,secondary,LOSO,nested,2,B,MAPPO|mappo_pool_off_seed13_20260526T162327/mappo_best.pt,MAPPO,13,T,search-only (scenario-variant sweep dir); traced to Table I,3,-164.70421167677037,137.70421167677037,27.0,0.0,0.0,207.04287516734337,207.04287516734337,0.0009910802775024777,0.0009910802775024777,0.0,0.0009910802775024777,0.0,0,0.0,1,4.943537109139514,4.943537109139514,1.0,0.25
main,v040,LOSO-nes-f2,secondary,LOSO,nested,2,B,MAPPO|mappo_pool_off_seed13_20260526T162327/mappo_best.pt,MAPPO,13,T,search-only (scenario-variant sweep dir); traced to Table I,4,-631.8453830832442,539.7967698887081,84.54012119453594,0.758492,6.75,185.85841797091078,185.66879497091077,0.004955401387512388,0.0,0.004955401387512388,0.004955401387512388,0.15262636273538158,40,3.8057482656095147,5,0.6949981686189608,1.0784934016384693,0.6636008079635731,0.25
main,v040,LOSO-nes-f2,secondary,LOSO,nested,2,B,MAPPO|mappo_pool_off_seed13_20260526T162327/mappo_best.pt,MAPPO,13,T,search-only (scenario-variant sweep dir); traced to Table I,5,-386.23219781610936,356.10295181610934,27.0,0.379246,2.75,199.8667999581658,199.7719884581658,0.0009910802775024777,0.0,0.0009910802775024777,0.0009910802775024777,0.05847373637264618,20,1.9028741328047574,1,1.0784934016384693,1.0784934016384693,1.0,0.25
main,v040,LOSO-nes-f2,secondary,LOSO,nested,2,B,MAPPO|mappo_pool_off_seed13_20260526T162327/mappo_best.pt,MAPPO,13,T,search-only (scenario-variant sweep dir); traced to Table I,6,-752.217336660304,627.2966284005533,113.60881945975059,1.0618888,10.25,189.14819602672168,188.88272382672164,0.004955401387512388,0.0,0.004955401387512388,0.004955401387512388,0.1337958374628345,56,5.32804757185332,5,102.06987479129538,506.8269331029031,0.8573921297316707,0.25
main,v040,LOSO-nes-f2,secondary,LOSO,nested,2,B,MAPPO|mappo_pool_off_seed13_20260526T162327/mappo_best.pt,MAPPO,13,T,search-only (scenario-variant sweep dir); traced to Table I,7,-577.2472656424335,561.8354316442549,10.180040398178651,0.6067936,4.625,192.47354707451083,192.32184867451085,0.0009910802775024777,0.0,0.0009910802775024777,0.0009910802775024777,0.11892963330029732,32,3.044598612487612,1,0.4393346799392884,0.4393346799392884,0.4393346799392883,0.25
main,v040,LOSO-nes-f2,secondary,LOSO,nested,2,B,MAPPO|mappo_pool_off_seed13_20260526T162327/mappo_best.pt,MAPPO,13,T,search-only (scenario-variant sweep dir); traced to Table I,8,-390.80412283455047,358.38695223455045,27.0,0.41717060000000006,5.0,203.38067724108208,203.2763845910821,0.0009910802775024777,0.0,0.0009910802775024777,0.0009910802775024777,0.028741328047571853,22,2.093161546085233,1,1.0784934016384693,1.0784934016384693,1.0,0.25
main,v040,LOSO-nes-f2,secondary,LOSO,nested,2,B,MAPPO|mappo_pool_off_seed13_20260526T162327/mappo_best.pt,MAPPO,13,T,search-only (scenario-variant sweep dir); traced to Table I,9,-883.3060113243149,80.8896730489098,802.416338275405,0.0,0.0,207.2467744470471,207.2467744470471,0.04558969276511397,0.04558969276511397,0.0,0.04558969276511397,0.0,0,0.0,46,11.017915020711406,78.76542503363426,0.6814611146923226,0.25
main,v040,LOSO-nes-f2,secondary,LOSO,nested,2,B,MAPPO|mappo_pool_off_seed77_20260526T162327/mappo_best.pt,MAPPO,77,T,search-only (scenario-variant sweep dir); traced to Table I,all,-5374.961796395139,4245.0533948654465,1081.5652789296917,4.968122599999999,43.375,1966.7202424587426,1965.4782118087423,0.005847373637264618,0.0046580773042616454,0.0011892963330029733,0.005847373637264618,0.07591674925668979,262,2.492765113974232,59,8.847929582242253,78.76542503363426,0.7110538299037804,0.25
main,v040,LOSO-nes-f2,secondary,LOSO,nested,2,B,MAPPO|mappo_pool_off_seed77_20260526T162327/mappo_best.pt,MAPPO,77,T,search-only (scenario-variant sweep dir); traced to Table I,0,-822.7278636843804,813.4918240843804,0.0,0.9860396,8.25,179.49260257801717,179.24609267801713,0.0,0.0,0.0,0.0,0.1962338949454906,52,4.947472745292369,0,0.0,0.0,0.0,0.25
main,v040,LOSO-nes-f2,secondary,LOSO,nested,2,B,MAPPO|mappo_pool_off_seed77_20260526T162327/mappo_best.pt,MAPPO,77,T,search-only (scenario-variant sweep dir); traced to Table I,1,-509.65653081018866,464.30507381200994,37.18004039817865,0.7964166,7.375,192.51600201079003,192.31689786079005,0.0019821605550049554,0.0,0.0019821605550049554,0.0019821605550049554,0.10307234886025768,42,3.9960356788899905,2,0.772566735211172,1.1057987904830557,0.7196673399696442,0.25
main,v040,LOSO-nes-f2,secondary,LOSO,nested,2,B,MAPPO|mappo_pool_off_seed77_20260526T162327/mappo_best.pt,MAPPO,77,T,search-only (scenario-variant sweep dir); traced to Table I,2,-309.35399574015594,280.74022194015595,27.0,0.11377380000000001,1.5,206.58319860777635,206.55475515777636,0.0009910802775024777,0.0,0.0009910802775024777,0.0009910802775024777,0.002973240832507433,6,0.5708622398414271,1,1.0784934016384693,1.0784934016384693,1.0,0.25
main,v040,LOSO-nes-f2,secondary,LOSO,nested,2,B,MAPPO|mappo_pool_off_seed77_20260526T162327/mappo_best.pt,MAPPO,77,T,search-only (scenario-variant sweep dir); traced to Table I,3,-164.70421167677037,137.70421167677037,27.0,0.0,0.0,207.04287516734337,207.04287516734337,0.0009910802775024777,0.0009910802775024777,0.0,0.0009910802775024777,0.0,0,0.0,1,4.943537109139514,4.943537109139514,1.0,0.25
main,v040,LOSO-nes-f2,secondary,LOSO,nested,2,B,MAPPO|mappo_pool_off_seed77_20260526T162327/mappo_best.pt,MAPPO,77,T,search-only (scenario-variant sweep dir); traced to Table I,4,-618.7439355719195,548.2183277737407,64.18004039817865,0.7205674000000001,5.625,186.91575975678518,186.73561790678514,0.002973240832507433,0.0,0.002973240832507433,0.002973240832507433,0.14073339940535184,38,3.615460852329039,3,0.865440494405409,1.0784934016384693,0.8131115599797628,0.25
main,v040,LOSO-nes-f2,secondary,LOSO,nested,2,B,MAPPO|mappo_pool_off_seed77_20260526T162327/mappo_best.pt,MAPPO,77,T,search-only (scenario-variant sweep dir); traced to Table I,5,-365.57187826086647,363.7684814608665,0.0,0.3033968,1.5,200.7728992798048,200.6970500798048,0.0,0.0,0.0,0.0,0.048562933597621406,16,1.522299306243806,0,0.0,0.0,0.0,0.25
main,v040,LOSO-nes-f2,secondary,LOSO,nested,2,B,MAPPO|mappo_pool_off_seed77_20260526T162327/mappo_best.pt,MAPPO,77,T,search-only (scenario-variant sweep dir); traced to Table I,6,-727.38258265578,629.3368743960293,86.60881945975059,1.0618888000000002,10.375,189.4101724969609,189.1447002969609,0.003964321110009911,0.0,0.003964321110009911,0.003964321110009911,0.13082259663032705,56,5.32804757185332,4,0.8806102133934404,1.0784934016384693,0.8217401621645883,0.25
main,v040,LOSO-nes-f2,secondary,LOSO,nested,2,B,MAPPO|mappo_pool_off_seed77_20260526T162327/mappo_best.pt,MAPPO,77,T,search-only (scenario-variant sweep dir); traced to Table I,7,-576.7762372296421,562.1144032314635,10.180040398178651,0.6067936,3.875,192.6188833604283,192.4671849604283,0.0009910802775024777,0.0,0.0009910802775024777,0.0009910802775024777,0.1159563924677899,32,3.044598612487612,1,0.4393346799392884,0.4393346799392884,0.4393346799392883,0.25
main,v040,LOSO-nes-f2,secondary,LOSO,nested,2,B,MAPPO|mappo_pool_off_seed77_20260526T162327/mappo_best.pt,MAPPO,77,T,search-only (scenario-variant sweep dir); traced to Table I,8,-396.73854944112054,364.4843034411206,27.0,0.37924599999999997,4.875,204.12107475378934,204.02626325378935,0.0009910802775024777,0.0,0.0009910802775024777,0.0009910802775024777,0.02081268582755203,20,1.9028741328047574,1,1.0784934016384693,1.0784934016384693,1.0,0.25
main,v040,LOSO-nes-f2,secondary,LOSO,nested,2,B,MAPPO|mappo_pool_off_seed77_20260526T162327/mappo_best.pt,MAPPO,77,T,search-only (scenario-variant sweep dir); traced to Table I,9,-883.3060113243149,80.8896730489098,802.416338275405,0.0,0.0,207.2467744470471,207.2467744470471,0.04558969276511397,0.04558969276511397,0.0,0.04558969276511397,0.0,0,0.0,46,11.017915020711406,78.76542503363426,0.6814611146923226,0.25
main,v040,LOSO-nes-f2,secondary,LOSO,nested,2,B,"Hysteresis (fixed, t_up=81, b=50 Mbps)|-",Hysteresis (fixed),0,baseline,baseline,all,-5924.802496433049,4573.179014470927,1347.874704362122,2.1237776,1.625,1991.833898361706,1991.302953961706,0.007829534192269574,0.0046580773042616454,0.0031714568880079285,0.007829534192269574,0.07472745292368682,111,1.0560951437066404,79,6.752080416907095,78.76542503363426,0.6687235039502623,0.25
main,v040,LOSO-nes-f2,secondary,LOSO,nested,2,B,"Hysteresis (fixed, t_up=81, b=50 Mbps)|-",Hysteresis (fixed),0,baseline,baseline,0,-955.436568959439,849.9562717685457,104.90020199089324,0.45509520000000003,0.125,182.4969634530554,182.3831896530554,0.006937561942517344,0.0,0.006937561942517344,0.006937561942517344,0.22497522299306244,23,2.188305252725471,7,0.6219514575676258,1.0784934016384693,0.599524771385206,0.25
main,v040,LOSO-nes-f2,secondary,LOSO,nested,2,B,"Hysteresis (fixed, t_up=81, b=50 Mbps)|-",Hysteresis (fixed),0,baseline,baseline,1,-591.3149568211534,489.57563002479606,101.3600807963573,0.379246,0.0,194.0825415919661,193.9877300919661,0.004955401387512388,0.0,0.004955401387512388,0.004955401387512388,0.12586719524281467,20,1.9028741328047574,5,0.8282909907277143,1.1057987904830557,0.7757338719757154,0.25
main,v040,LOSO-nes-f2,secondary,LOSO,nested,2,B,"Hysteresis (fixed, t_up=81, b=50 Mbps)|-",Hysteresis (fixed),0,baseline,baseline,2,-285.131772111562,285.131772111562,0.0,0.0,0.0,206.91604362617895,206.91604362617895,0.0,0.0,0.0,0.0,0.0,0,0.0,0,0.0,0.0,0.0,0.25
main,v040,LOSO-nes-f2,secondary,LOSO,nested,2,B,"Hysteresis (fixed, t_up=81, b=50 Mbps)|-",Hysteresis (fixed),0,baseline,baseline,3,-164.70421167677037,137.70421167677037,27.0,0.0,0.0,207.04287516734337,207.04287516734337,0.0009910802775024777,0.0009910802775024777,0.0,0.0009910802775024777,0.0,0,0.0,1,4.943537109139514,4.943537109139514,1.0,0.25
main,v040,LOSO-nes-f2,secondary,LOSO,nested,2,B,"Hysteresis (fixed, t_up=81, b=50 Mbps)|-",Hysteresis (fixed),0,baseline,baseline,4,-731.2664006129385,581.5040684202238,148.7201615927146,0.4171706,0.625,190.26307382338481,190.15878117338482,0.007928642220019821,0.0,0.007928642220019821,0.007928642220019821,0.14866204162537167,22,2.093161546085233,8,0.7833581819221516,1.274046530704651,0.7196673399696442,0.25
main,v040,LOSO-nes-f2,secondary,LOSO,nested,2,B,"Hysteresis (fixed, t_up=81, b=50 Mbps)|-",Hysteresis (fixed),0,baseline,baseline,5,-443.11352341741014,416.03767421741014,27.0,0.0758492,0.0,204.86167846300032,204.84271616300032,0.0009910802775024777,0.0,0.0009910802775024777,0.0009910802775024777,0.018830525272547076,4,0.3805748265609515,1,1.0784934016384693,1.0784934016384693,1.0,0.25
main,v040,LOSO-nes-f2,secondary,LOSO,nested,2,B,"Hysteresis (fixed, t_up=81, b=50 Mbps)|-",Hysteresis (fixed),0,baseline,baseline,6,-827.8021537795918,720.534258067376,105.93780051221577,0.4550952,0.875,195.65532458304904,195.54155078304905,0.007928642220019821,0.0,0.007928642220019821,0.007928642220019821,0.12388503468780972,24,2.2834489593657086,8,0.5610308525438498,1.0784934016384693,0.5414075021342324,0.25
main,v040,LOSO-nes-f2,secondary,LOSO,nested,2,B,"Hysteresis (fixed, t_up=81, b=50 Mbps)|-",Hysteresis (fixed),0,baseline,baseline,7,-640.9144495729487,610.0330069784127,30.540121194535953,0.3413214,0.0,196.38043737315135,196.29510702315133,0.002973240832507433,0.0,0.002973240832507433,0.002973240832507433,0.10505450941526263,18,1.7125867195242817,3,0.4393346799392884,0.4393346799392884,0.4393346799392883,0.25
main,v040,LOSO-nes-f2,secondary,LOSO,nested,2,B,"Hysteresis (fixed, t_up=81, b=50 Mbps)|-",Hysteresis (fixed),0,baseline,baseline,8,-401.81244815691986,401.81244815691986,0.0,0.0,0.0,206.8881858335294,206.8881858335294,0.0,0.0,0.0,0.0,0.0,0,0.0,0,0.0,0.0,0.0,0.25
main,v040,LOSO-nes-f2,secondary,LOSO,nested,2,B,"Hysteresis (fixed, t_up=81, b=50 Mbps)|-",Hysteresis (fixed),0,baseline,baseline,9,-883.3060113243149,80.8896730489098,802.416338275405,0.0,0.0,207.2467744470471,207.2467744470471,0.04558969276511397,0.04558969276511397,0.0,0.04558969276511397,0.0,0,0.0,46,11.017915020711406,78.76542503363426,0.6814611146923226,0.25
main,v040,LOSO-nes-f2,secondary,LOSO,nested,2,B,Always-DPDK|-,Always-DPDK,0,baseline,baseline,all,-7039.608337964925,6210.19199968952,829.416338275405,0.0,0.0,2069.200505712244,2069.200505712244,0.0046580773042616454,0.0046580773042616454,0.0,0.0046580773042616454,0.0,0,0.0,47,10.888672937486474,78.76542503363426,0.6882385377839755,0.25
main,v040,LOSO-nes-f2,secondary,LOSO,nested,2,B,Always-DPDK|-,Always-DPDK,0,baseline,baseline,0,-1321.9717524581893,1321.9717524581893,0.0,0.0,0.0,206.81987013212373,206.81987013212373,0.0,0.0,0.0,0.0,0.0,0,0.0,0,0.0,0.0,0.0,0.25
main,v040,LOSO-nes-f2,secondary,LOSO,nested,2,B,Always-DPDK|-,Always-DPDK,0,baseline,baseline,1,-869.0016926283404,869.0016926283404,0.0,0.0,0.0,206.86854941298162,206.86854941298162,0.0,0.0,0.0,0.0,0.0,0,0.0,0,0.0,0.0,0.0,0.25
main,v040,LOSO-nes-f2,secondary,LOSO,nested,2,B,Always-DPDK|-,Always-DPDK,0,baseline,baseline,2,-285.131772111562,285.131772111562,0.0,0.0,0.0,206.91604362617895,206.91604362617895,0.0,0.0,0.0,0.0,0.0,0,0.0,0,0.0,0.0,0.0,0.25
main,v040,LOSO-nes-f2,secondary,LOSO,nested,2,B,Always-DPDK|-,Always-DPDK,0,baseline,baseline,3,-164.70421167677037,137.70421167677037,27.0,0.0,0.0,207.04287516734337,207.04287516734337,0.0009910802775024777,0.0009910802775024777,0.0,0.0009910802775024777,0.0,0,0.0,1,4.943537109139514,4.943537109139514,1.0,0.25
main,v040,LOSO-nes-f2,secondary,LOSO,nested,2,B,Always-DPDK|-,Always-DPDK,0,baseline,baseline,4,-956.265112824797,956.265112824797,0.0,0.0,0.0,206.84610010160299,206.84610010160299,0.0,0.0,0.0,0.0,0.0,0,0.0,0,0.0,0.0,0.0,0.25
main,v040,LOSO-nes-f2,secondary,LOSO,nested,2,B,Always-DPDK|-,Always-DPDK,0,baseline,baseline,5,-443.1623741628722,443.1623741628722,0.0,0.0,0.0,206.88829172154493,206.88829172154493,0.0,0.0,0.0,0.0,0.0,0,0.0,0,0.0,0.0,0.0,0.25
main,v040,LOSO-nes-f2,secondary,LOSO,nested,2,B,Always-DPDK|-,Always-DPDK,0,baseline,baseline,6,-956.4140420846386,956.4140420846386,0.0,0.0,0.0,206.8410907092473,206.8410907092473,0.0,0.0,0.0,0.0,0.0,0,0.0,0,0.0,0.0,0.0,0.25
main,v040,LOSO-nes-f2,secondary,LOSO,nested,2,B,Always-DPDK|-,Always-DPDK,0,baseline,baseline,7,-757.8389205365211,757.8389205365211,0.0,0.0,0.0,206.84272456064485,206.84272456064485,0.0,0.0,0.0,0.0,0.0,0,0.0,0,0.0,0.0,0.0,0.25
main,v040,LOSO-nes-f2,secondary,LOSO,nested,2,B,Always-DPDK|-,Always-DPDK,0,baseline,baseline,8,-401.81244815691986,401.81244815691986,0.0,0.0,0.0,206.8881858335294,206.8881858335294,0.0,0.0,0.0,0.0,0.0,0,0.0,0,0.0,0.0,0.0,0.25
main,v040,LOSO-nes-f2,secondary,LOSO,nested,2,B,Always-DPDK|-,Always-DPDK,0,baseline,baseline,9,-883.3060113243149,80.8896730489098,802.416338275405,0.0,0.0,207.2467744470471,207.2467744470471,0.04558969276511397,0.04558969276511397,0.0,0.04558969276511397,0.0,0,0.0,46,11.017915020711406,78.76542503363426,0.6814611146923226,0.25
main,v040,LOSO-nes-f2,secondary,LOSO,nested,2,B,Always-USR|-,Always-USR (supplementary),0,baseline,baseline,all,-181384.75318096796,7036.062722964634,174348.69025200332,0.000206,0.0,5339.911948501257,5339.911897001257,0.7025768087215064,0.33766105054509415,0.7025768087215064,0.7025768087215064,1.0,0,0.0,7089,3018.4658718334094,166695.8999534797,0.9198085778530273,0.25
main,v040,LOSO-nes-f2,secondary,LOSO,nested,2,B,Always-USR|-,Always-USR (supplementary),0,baseline,baseline,0,-4378.587133032929,841.6156850777033,3536.9714273552254,2.06e-05,0.0,226.6264346711247,226.62642952112472,0.20812685827552033,0.006937561942517344,0.20812685827552033,0.20812685827552033,1.0,0,0.0,210,27.710456584867785,1576.7739628035374,0.6614240360881312,0.25
main,v040,LOSO-nes-f2,secondary,LOSO,nested,2,B,Always-USR|-,Always-USR (supplementary),0,baseline,baseline,1,-18082.98043303773,786.0255745527895,17296.954837884943,2.06e-05,0.0,495.05718920708955,495.05718405708956,0.7066402378592666,0.2051536174430129,0.7066402378592666,0.7066402378592666,1.0,0,0.0,713,370.7749179218547,3200.590467190297,0.9086467899899459,0.25
main,v040,LOSO-nes-f2,secondary,LOSO,nested,2,B,Always-USR|-,Always-USR (supplementary),0,baseline,baseline,2,-23675.48607026093,688.3105474189931,22987.17550224194,2.06e-05,0.0,674.8308174210696,674.8308122710696,0.88800792864222,0.49950445986124875,0.88800792864222,0.88800792864222,1.0,0,0.0,896,841.7599607782432,10015.449993473032,0.9551776600536435,0.25
main,v040,LOSO-nes-f2,secondary,LOSO,nested,2,B,Always-USR|-,Always-USR (supplementary),0,baseline,baseline,3,-26554.383600317262,453.1985532604016,26101.185026456864,2.06e-05,0.0,800.5244671510197,800.5244620010196,0.9762140733399405,0.8493557978196233,0.9762140733399405,0.9762140733399405,1.0,0,0.0,985,3143.024334356105,111044.23580173959,0.983288833382635,0.25
main,v040,LOSO-nes-f2,secondary,LOSO,nested,2,B,Always-USR|-,Always-USR (supplementary),0,baseline,baseline,4,-14108.123979321743,824.3094835169816,13283.814475204761,2.06e-05,0.0,395.8150199135597,395.8150147635597,0.574826560951437,0.07333994053518335,0.574826560951437,0.574826560951437,1.0,0,0.0,580,118.66566392840438,3200.590467190297,0.863437613517515,0.25
main,v040,LOSO-nes-f2,secondary,LOSO,nested,2,B,Always-USR|-,Always-USR (supplementary),0,baseline,baseline,5,-21573.1965702722,745.5807242448317,20827.61582542737,2.06e-05,0.0,593.3703907127565,593.3703855627566,0.8136769078295342,0.35678889990089196,0.8136769078295342,0.8136769078295342,1.0,0,0.0,821,503.1196525140736,3227.5868787430645,0.9456198061480865,0.25
main,v040,LOSO-nes-f2,secondary,LOSO,nested,2,B,Always-USR|-,Always-USR (supplementary),0,baseline,baseline,6,-10863.588803672756,822.3631853380333,10041.22559773472,2.06e-05,0.0,353.32112448564794,353.32111933564795,0.4638255698711596,0.07333994053518335,0.4638255698711596,0.4638255698711596,1.0,0,0.0,468,183.1941831595181,2437.8633385722264,0.8151870083856638,0.25
main,v040,LOSO-nes-f2,secondary,LOSO,nested,2,B,Always-USR|-,Always-USR (supplementary),0,baseline,baseline,7,-13281.703274302226,833.9561419071629,12447.747111795063,2.06e-05,0.0,383.22326530495747,383.2232601549575,0.5777998017839445,0.04162537165510406,0.5777998017839445,0.5777998017839445,1.0,0,0.0,583,60.2868153628351,2437.8633385722264,0.8117065244022335,0.25
main,v040,LOSO-nes-f2,secondary,LOSO,nested,2,B,Always-USR|-,Always-USR (supplementary),0,baseline,baseline,8,-21549.195076857453,747.0948103459059,20802.100245911548,2.06e-05,0.0,595.752600974025,595.7525958240249,0.821605550049554,0.3419226957383548,0.821605550049554,0.821605550049554,1.0,0,0.0,829,500.04778872725535,11914.374993136844,0.9364334638484739,0.25
main,v040,LOSO-nes-f2,secondary,LOSO,nested,2,B,Always-USR|-,Always-USR (supplementary),0,baseline,baseline,9,-27317.508239892726,293.60801730183067,27023.900201990895,2.06e-05,0.0,821.3906386600072,821.3906335100071,0.9950445986124876,0.9286422200198216,0.9950445986124876,0.9950445986124876,1.0,0,0.0,1004,16195.535787993285,166695.8999534797,0.9972078420315702,0.25
main,v040,LOSO-nes-f2,secondary,LOSO,nested,2,B,Centralized PPO|wcnc2027_ablation/central_seed23/ppo_multi_site.zip,Centralized PPO,23,R,wcnc2027_ablation 2026-09-14,all,-16525.628328099978,5167.1680496619765,11110.046175638003,13.5391028,234.875,2133.8025894965285,2130.417813796529,0.05698711595639247,0.008919722497522299,0.05232903865213082,0.05698711595639247,0.15054509415262637,712,6.774231912784936,575,116.93190185618478,2437.8633385722264,0.7440606478630727,0.2
main,v040,LOSO-nes-f2,secondary,LOSO,nested,2,B,Centralized PPO|wcnc2027_ablation/central_seed23/ppo_multi_site.zip,Centralized PPO,23,R,wcnc2027_ablation 2026-09-14,0,-4053.20009077792,886.3918359971954,3016.450861780724,7.357393,143.0,210.7049916970244,208.8656434470244,0.18037661050545095,0.0,0.18037661050545095,0.18037661050545095,0.686818632309217,388,36.91575817641229,182,14.539363981418774,505.21717638005447,0.6524635277986676,0.2
main,v040,LOSO-nes-f2,secondary,LOSO,nested,2,B,Centralized PPO|wcnc2027_ablation/central_seed23/ppo_multi_site.zip,Centralized PPO,23,R,wcnc2027_ablation 2026-09-14,1,-1557.2244492241116,462.89774541353734,1090.4699102105742,0.6067936,3.25,203.49769586946667,203.34599746946668,0.057482656095143705,0.002973240832507433,0.057482656095143705,0.057482656095143705,0.27155599603567887,31,2.949454905847374,58,35.536645628636485,505.21717638005447,0.7267068449486058,0.2
main,v040,LOSO-nes-f2,secondary,LOSO,nested,2,B,Centralized PPO|wcnc2027_ablation/central_seed23/ppo_multi_site.zip,Centralized PPO,23,R,wcnc2027_ablation 2026-09-14,2,-285.131772111562,285.131772111562,0.0,0.0,0.0,206.91604362617895,206.91604362617895,0.0,0.0,0.0,0.0,0.0,0,0.0,0,0.0,0.0,0.0,0.2
main,v040,LOSO-nes-f2,secondary,LOSO,nested,2,B,Centralized PPO|wcnc2027_ablation/central_seed23/ppo_multi_site.zip,Centralized PPO,23,R,wcnc2027_ablation 2026-09-14,3,-164.70421167677037,137.70421167677037,27.0,0.0,0.0,207.04287516734337,207.04287516734337,0.0009910802775024777,0.0009910802775024777,0.0,0.0009910802775024777,0.0,0,0.0,1,4.943537109139514,4.943537109139514,1.0,0.2
main,v040,LOSO-nes-f2,secondary,LOSO,nested,2,B,Centralized PPO|wcnc2027_ablation/central_seed23/ppo_multi_site.zip,Centralized PPO,23,R,wcnc2027_ablation 2026-09-14,4,-1203.810690717299,959.071916917299,243.0,0.11377380000000001,1.625,209.6775820017602,209.6491385517602,0.008919722497522299,0.0019821605550049554,0.008919722497522299,0.008919722497522299,0.005946481665014866,6,0.5708622398414271,9,351.28256627270724,1576.7739628035374,1.0,0.2
main,v040,LOSO-nes-f2,secondary,LOSO,nested,2,B,Centralized PPO|wcnc2027_ablation/central_seed23/ppo_multi_site.zip,Centralized PPO,23,R,wcnc2027_ablation 2026-09-14,5,-579.8195880394735,444.6566634394735,135.0,0.0379246,0.125,209.54377244306366,209.53429129306366,0.004955401387512388,0.003964321110009911,0.004955401387512388,0.004955401387512388,0.003964321110009911,2,0.19028741328047574,5,1185.9606087800423,1576.7739628035374,1.0,0.2
main,v040,LOSO-nes-f2,secondary,LOSO,nested,2,B,Centralized PPO|wcnc2027_ablation/central_seed23/ppo_multi_site.zip,Centralized PPO,23,R,wcnc2027_ablation 2026-09-14,6,-6602.97162287904,752.1823047059187,5758.529024973121,5.3852932,86.875,265.40828213837995,264.06195883837995,0.26957383548067393,0.03369672943508424,0.26957383548067393,0.26957383548067393,0.5322101090188305,283,26.925668979187314,272,194.57252473014717,2437.8633385722264,0.8057020863937648,0.2
main,v040,LOSO-nes-f2,secondary,LOSO,nested,2,B,Centralized PPO|wcnc2027_ablation/central_seed23/ppo_multi_site.zip,Centralized PPO,23,R,wcnc2027_ablation 2026-09-14,7,-757.8389205365211,757.8389205365211,0.0,0.0,0.0,206.84272456064485,206.84272456064485,0.0,0.0,0.0,0.0,0.0,0,0.0,0,0.0,0.0,0.0,0.2
main,v040,LOSO-nes-f2,secondary,LOSO,nested,2,B,Centralized PPO|wcnc2027_ablation/central_seed23/ppo_multi_site.zip,Centralized PPO,23,R,wcnc2027_ablation 2026-09-14,8,-437.62097081296804,400.40300581478937,37.18004039817865,0.0379246,0.0,206.92184754561964,206.91236639561964,0.0019821605550049554,0.0,0.0019821605550049554,0.0019821605550049554,0.004955401387512388,2,0.19028741328047574,2,0.8566906053219696,1.274046530704651,0.7196673399696442,0.2
main,v040,LOSO-nes-f2,secondary,LOSO,nested,2,B,Centralized PPO|wcnc2027_ablation/central_seed23/ppo_multi_site.zip,Centralized PPO,23,R,wcnc2027_ablation 2026-09-14,9,-883.3060113243149,80.8896730489098,802.416338275405,0.0,0.0,207.2467744470471,207.2467744470471,0.04558969276511397,0.04558969276511397,0.0,0.04558969276511397,0.0,0,0.0,46,11.017915020711406,78.76542503363426,0.6814611146923226,0.2
main,v040,LOSO-nes-f2,secondary,LOSO,nested,2,B,Shared-PPO|wcnc2027_ablation/shared_ppo_seed23/mappo_best.pt,Shared-PPO,23,R,wcnc2027_ablation 2026-09-14 (supplementary ablation),all,-5531.155441097303,4176.987994571255,1290.925359726049,5.992086800000001,57.25,1956.6604580844896,1955.1624363844899,0.006739345887016849,0.0046580773042616454,0.0020812685827552033,0.006739345887016849,0.08909811694747274,316,3.0065411298315166,68,15.241175902264288,506.8269331029031,0.7328065488853182,0.2
main,v040,LOSO-nes-f2,secondary,LOSO,nested,2,B,Shared-PPO|wcnc2027_ablation/shared_ppo_seed23/mappo_best.pt,Shared-PPO,23,R,wcnc2027_ablation 2026-09-14 (supplementary ablation),0,-803.7290017995567,788.8637161995567,0.0,1.3652856,13.5,176.1794390994204,175.83811769942042,0.0,0.0,0.0,0.0,0.2358771060455897,72,6.850346878097127,0,0.0,0.0,0.0,0.2
main,v040,LOSO-nes-f2,secondary,LOSO,nested,2,B,Shared-PPO|wcnc2027_ablation/shared_ppo_seed23/mappo_best.pt,Shared-PPO,23,R,wcnc2027_ablation 2026-09-14 (supplementary ablation),1,-525.1649614959072,453.68850449772845,64.18004039817865,0.7964166,6.5,190.94506715203923,190.74596300203922,0.002973240832507433,0.0,0.002973240832507433,0.002973240832507433,0.12685827552031714,42,3.9960356788899905,3,0.8745422906869379,1.1057987904830557,0.8131115599797628,0.2
main,v040,LOSO-nes-f2,secondary,LOSO,nested,2,B,Shared-PPO|wcnc2027_ablation/shared_ppo_seed23/mappo_best.pt,Shared-PPO,23,R,wcnc2027_ablation 2026-09-14 (supplementary ablation),2,-307.61011831239057,277.5075707123906,27.0,0.22754760000000002,2.875,206.2386758535509,206.18178895355086,0.0009910802775024777,0.0,0.0009910802775024777,0.0009910802775024777,0.006937561942517344,12,1.1417244796828543,1,1.0784934016384693,1.0784934016384693,1.0,0.2
main,v040,LOSO-nes-f2,secondary,LOSO,nested,2,B,Shared-PPO|wcnc2027_ablation/shared_ppo_seed23/mappo_best.pt,Shared-PPO,23,R,wcnc2027_ablation 2026-09-14 (supplementary ablation),3,-164.70421167677037,137.70421167677037,27.0,0.0,0.0,207.04287516734337,207.04287516734337,0.0009910802775024777,0.0009910802775024777,0.0,0.0009910802775024777,0.0,0,0.0,1,4.943537109139514,4.943537109139514,1.0,0.2
main,v040,LOSO-nes-f2,secondary,LOSO,nested,2,B,Shared-PPO|wcnc2027_ablation/shared_ppo_seed23/mappo_best.pt,Shared-PPO,23,R,wcnc2027_ablation 2026-09-14 (supplementary ablation),4,-635.2534876265154,543.7427990319794,84.54012119453594,0.7205674,6.25,185.95871844567677,185.77857659567675,0.004955401387512388,0.0,0.004955401387512388,0.004955401387512388,0.15460852329038652,38,3.615460852329039,5,0.6949981686189608,1.0784934016384693,0.6636008079635731,0.2
main,v040,LOSO-nes-f2,secondary,LOSO,nested,2,B,Shared-PPO|wcnc2027_ablation/shared_ppo_seed23/mappo_best.pt,Shared-PPO,23,R,wcnc2027_ablation 2026-09-14 (supplementary ablation),5,-414.5300463690972,355.2870265690972,54.0,0.49301980000000006,4.75,199.74303188580706,199.61977693580707,0.0019821605550049554,0.0,0.0019821605550049554,0.0019821605550049554,0.061446977205153616,26,2.4737363726461843,2,1.0784934016384693,1.0784934016384693,1.0,0.2
main,v040,LOSO-nes-f2,secondary,LOSO,nested,2,B,Shared-PPO|wcnc2027_ablation/shared_ppo_seed23/mappo_best.pt,Shared-PPO,23,R,wcnc2027_ablation 2026-09-14 (supplementary ablation),6,-750.8654040348908,625.4938465751403,113.60881945975059,1.1377380000000001,10.625,188.67350978717818,188.38907528717817,0.004955401387512388,0.0,0.004955401387512388,0.004955401387512388,0.14172447968285432,60,5.708622398414271,5,102.06987479129538,506.8269331029031,0.8573921297316707,0.2
main,v040,LOSO-nes-f2,secondary,LOSO,nested,2,B,Shared-PPO|wcnc2027_ablation/shared_ppo_seed23/mappo_best.pt,Shared-PPO,23,R,wcnc2027_ablation 2026-09-14 (supplementary ablation),7,-627.4166071655792,555.8909993674006,64.18004039817865,0.7205674,6.625,191.50287314459433,191.32273129459432,0.002973240832507433,0.0,0.002973240832507433,0.002973240832507433,0.13082259663032705,38,3.615460852329039,3,0.9306248707608029,1.274046530704651,0.8131115599797628,0.2
main,v040,LOSO-nes-f2,secondary,LOSO,nested,2,B,Shared-PPO|wcnc2027_ablation/shared_ppo_seed23/mappo_best.pt,Shared-PPO,23,R,wcnc2027_ablation 2026-09-14 (supplementary ablation),8,-418.5755912922805,357.91964689228047,54.0,0.5309444000000001,6.125,203.1294931018325,202.99675700183252,0.0019821605550049554,0.0,0.0019821605550049554,0.0019821605550049554,0.03270564915758176,28,2.66402378592666,2,1.0784934016384693,1.0784934016384693,1.0,0.2
main,v040,LOSO-nes-f2,secondary,LOSO,nested,2,B,Shared-PPO|wcnc2027_ablation/shared_ppo_seed23/mappo_best.pt,Shared-PPO,23,R,wcnc2027_ablation 2026-09-14 (supplementary ablation),9,-883.3060113243149,80.8896730489098,802.416338275405,0.0,0.0,207.2467744470471,207.2467744470471,0.04558969276511397,0.04558969276511397,0.0,0.04558969276511397,0.0,0,0.0,46,11.017915020711406,78.76542503363426,0.6814611146923226,0.2
main,v040,LOSO-nes-f2,secondary,LOSO,nested,2,B,MAPPO|wcnc2027_ablation/mappo_seed42/mappo_best.pt,MAPPO,42,R,wcnc2027_ablation 2026-09-14,all,-5483.8879040528855,4295.691577923193,1135.5652789296917,5.0060472,47.625,1973.166881482985,1971.9153696829849,0.006045589692765114,0.004757185332011893,0.0013875123885034688,0.006045589692765114,0.07006937561942517,264,2.5117938553022796,61,2256.7384755939747,68569.41180637554,0.7205274748249683,0.2
main,v040,LOSO-nes-f2,secondary,LOSO,nested,2,B,MAPPO|wcnc2027_ablation/mappo_seed42/mappo_best.pt,MAPPO,42,R,wcnc2027_ablation 2026-09-14,0,-834.2707348660026,825.7355444660027,0.0,0.9101904000000001,7.625,180.8901819782152,180.66263437821522,0.0,0.0,0.0,0.0,0.18136769078295342,48,4.566897918731417,0,0.0,0.0,0.0,0.2
main,v040,LOSO-nes-f2,secondary,LOSO,nested,2,B,MAPPO|wcnc2027_ablation/mappo_seed42/mappo_best.pt,MAPPO,42,R,wcnc2027_ablation 2026-09-14,1,-516.9332455131205,469.91886391494177,37.18004039817865,0.8343412000000001,9.0,193.16118113186425,192.95259583186424,0.0019821605550049554,0.0,0.0019821605550049554,0.0019821605550049554,0.09712586719524281,44,4.186323092170466,2,0.772566735211172,1.1057987904830557,0.7196673399696442,0.2
main,v040,LOSO-nes-f2,secondary,LOSO,nested,2,B,MAPPO|wcnc2027_ablation/mappo_seed42/mappo_best.pt,MAPPO,42,R,wcnc2027_ablation 2026-09-14,2,-336.4634873292498,280.8497135292498,54.0,0.11377380000000001,1.5,206.59773936702038,206.56929591702038,0.0019821605550049554,0.0,0.0019821605550049554,0.0019821605550049554,0.002973240832507433,6,0.5708622398414271,2,1.17626996617156,1.274046530704651,1.0,0.2
main,v040,LOSO-nes-f2,secondary,LOSO,nested,2,B,MAPPO|wcnc2027_ablation/mappo_seed42/mappo_best.pt,MAPPO,42,R,wcnc2027_ablation 2026-09-14,3,-164.70421167677037,137.70421167677037,27.0,0.0,0.0,207.04287516734337,207.04287516734337,0.0009910802775024777,0.0009910802775024777,0.0,0.0009910802775024777,0.0,0,0.0,1,4.943537109139514,4.943537109139514,1.0,0.2
main,v040,LOSO-nes-f2,secondary,LOSO,nested,2,B,MAPPO|wcnc2027_ablation/mappo_seed42/mappo_best.pt,MAPPO,42,R,wcnc2027_ablation 2026-09-14,4,-634.9357833998815,553.4422106035242,74.3600807963573,0.7584919999999999,6.375,187.5240168000476,187.33439380004762,0.003964321110009911,0.0,0.003964321110009911,0.003964321110009911,0.13478691774033696,40,3.8057482656095147,4,0.7589140407888789,1.0784934016384693,0.7196673399696443,0.2
main,v040,LOSO-nes-f2,secondary,LOSO,nested,2,B,MAPPO|wcnc2027_ablation/mappo_seed42/mappo_best.pt,MAPPO,42,R,wcnc2027_ablation 2026-09-14,5,-368.9177254331829,366.73932863318294,0.0,0.3033968,1.875,201.09447422902264,201.01862502902264,0.0,0.0,0.0,0.0,0.04558969276511397,16,1.522299306243806,0,0.0,0.0,0.0,0.2
main,v040,LOSO-nes-f2,secondary,LOSO,nested,2,B,MAPPO|wcnc2027_ablation/mappo_seed42/mappo_best.pt,MAPPO,42,R,wcnc2027_ablation 2026-09-14,6,-718.1709810755399,646.4131974157892,59.60881945975059,1.0239642,11.125,191.2355348502395,190.97954380023953,0.002973240832507433,0.0,0.002973240832507433,0.002973240832507433,0.11199207135777998,54,5.137760158572845,3,0.8146491506450974,1.0784934016384693,0.7623202162194511,0.2
main,v040,LOSO-nes-f2,secondary,LOSO,nested,2,B,MAPPO|wcnc2027_ablation/mappo_seed42/mappo_best.pt,MAPPO,42,R,wcnc2027_ablation 2026-09-14,7,-575.9716860214862,570.4519678214862,0.0,0.6447182,4.875,193.69237067329766,193.53119112329767,0.0,0.0,0.0,0.0,0.10406342913776016,34,3.2348860257680876,0,0.0,0.0,0.0,0.2
main,v040,LOSO-nes-f2,secondary,LOSO,nested,2,B,MAPPO|wcnc2027_ablation/mappo_seed42/mappo_best.pt,MAPPO,42,R,wcnc2027_ablation 2026-09-14,8,-395.5905650782532,363.4613190782532,27.0,0.37924599999999997,4.75,204.00155488468897,203.90674338468898,0.0009910802775024777,0.0,0.0009910802775024777,0.0009910802775024777,0.02180376610505451,20,1.9028741328047574,1,1.0784934016384693,1.0784934016384693,1.0,0.2
main,v040,LOSO-nes-f2,secondary,LOSO,nested,2,B,MAPPO|wcnc2027_ablation/mappo_seed42/mappo_best.pt,MAPPO,42,R,wcnc2027_ablation 2026-09-14,9,-937.9294836593983,80.97522078399331,856.416338275405,0.0379246,0.5,207.92695240124527,207.91747125124527,0.04757185332011893,0.04658077304261645,0.0019821605550049554,0.04757185332011893,0.0009910802775024777,2,0.19028741328047574,48,2867.61766049383,68569.41180637554,0.6947335682468093,0.2
main,v040,LOSO-nes-f2,secondary,LOSO,nested,2,B,Centralized PPO|wcnc2027_ablation/central_seed42/ppo_multi_site.zip,Centralized PPO,42,R,wcnc2027_ablation 2026-09-14,all,-7099.600032759894,5943.874798502703,1147.2167422571915,0.758492,7.75,2060.70053810567,2060.51091510567,0.006442021803766105,0.0046580773042616454,0.00178394449950446,0.006442021803766105,0.01427155599603568,39,0.37106045589692765,65,8.07668423389894,78.76542503363426,0.6883162780806109,0.19
main,v040,LOSO-nes-f2,secondary,LOSO,nested,2,B,Centralized PPO|wcnc2027_ablation/central_seed42/ppo_multi_site.zip,Centralized PPO,42,R,wcnc2027_ablation 2026-09-14,0,-1321.9717524581893,1321.9717524581893,0.0,0.0,0.0,206.81987013212373,206.81987013212373,0.0,0.0,0.0,0.0,0.0,0,0.0,0,0.0,0.0,0.0,0.19
main,v040,LOSO-nes-f2,secondary,LOSO,nested,2,B,Centralized PPO|wcnc2027_ablation/central_seed42/ppo_multi_site.zip,Centralized PPO,42,R,wcnc2027_ablation 2026-09-14,1,-869.0016926283404,869.0016926283404,0.0,0.0,0.0,206.86854941298162,206.86854941298162,0.0,0.0,0.0,0.0,0.0,0,0.0,0,0.0,0.0,0.0,0.19
main,v040,LOSO-nes-f2,secondary,LOSO,nested,2,B,Centralized PPO|wcnc2027_ablation/central_seed42/ppo_multi_site.zip,Centralized PPO,42,R,wcnc2027_ablation 2026-09-14,2,-285.131772111562,285.131772111562,0.0,0.0,0.0,206.91604362617895,206.91604362617895,0.0,0.0,0.0,0.0,0.0,0,0.0,0,0.0,0.0,0.0,0.19
main,v040,LOSO-nes-f2,secondary,LOSO,nested,2,B,Centralized PPO|wcnc2027_ablation/central_seed42/ppo_multi_site.zip,Centralized PPO,42,R,wcnc2027_ablation 2026-09-14,3,-164.70421167677037,137.70421167677037,27.0,0.0,0.0,207.04287516734337,207.04287516734337,0.0009910802775024777,0.0009910802775024777,0.0,0.0009910802775024777,0.0,0,0.0,1,4.943537109139514,4.943537109139514,1.0,0.19
main,v040,LOSO-nes-f2,secondary,LOSO,nested,2,B,Centralized PPO|wcnc2027_ablation/central_seed42/ppo_multi_site.zip,Centralized PPO,42,R,wcnc2027_ablation 2026-09-14,4,-1016.2568076197656,689.9479116379791,317.8004039817865,0.7584919999999999,7.75,198.34613249502877,198.15650949502873,0.017839444995044598,0.0,0.017839444995044598,0.017839444995044598,0.14271555996035679,39,3.7106045589692767,18,0.7342692856426011,1.274046530704651,0.6885192666329378,0.19
main,v040,LOSO-nes-f2,secondary,LOSO,nested,2,B,Centralized PPO|wcnc2027_ablation/central_seed42/ppo_multi_site.zip,Centralized PPO,42,R,wcnc2027_ablation 2026-09-14,5,-443.1623741628722,443.1623741628722,0.0,0.0,0.0,206.88829172154493,206.88829172154493,0.0,0.0,0.0,0.0,0.0,0,0.0,0,0.0,0.0,0.0,0.19
main,v040,LOSO-nes-f2,secondary,LOSO,nested,2,B,Centralized PPO|wcnc2027_ablation/central_seed42/ppo_multi_site.zip,Centralized PPO,42,R,wcnc2027_ablation 2026-09-14,6,-956.4140420846386,956.4140420846386,0.0,0.0,0.0,206.8410907092473,206.8410907092473,0.0,0.0,0.0,0.0,0.0,0,0.0,0,0.0,0.0,0.0,0.19
main,v040,LOSO-nes-f2,secondary,LOSO,nested,2,B,Centralized PPO|wcnc2027_ablation/central_seed42/ppo_multi_site.zip,Centralized PPO,42,R,wcnc2027_ablation 2026-09-14,7,-757.8389205365211,757.8389205365211,0.0,0.0,0.0,206.84272456064485,206.84272456064485,0.0,0.0,0.0,0.0,0.0,0,0.0,0,0.0,0.0,0.0,0.19
main,v040,LOSO-nes-f2,secondary,LOSO,nested,2,B,Centralized PPO|wcnc2027_ablation/central_seed42/ppo_multi_site.zip,Centralized PPO,42,R,wcnc2027_ablation 2026-09-14,8,-401.81244815691986,401.81244815691986,0.0,0.0,0.0,206.8881858335294,206.8881858335294,0.0,0.0,0.0,0.0,0.0,0,0.0,0,0.0,0.0,0.0,0.19
main,v040,LOSO-nes-f2,secondary,LOSO,nested,2,B,Centralized PPO|wcnc2027_ablation/central_seed42/ppo_multi_site.zip,Centralized PPO,42,R,wcnc2027_ablation 2026-09-14,9,-883.3060113243149,80.8896730489098,802.416338275405,0.0,0.0,207.2467744470471,207.2467744470471,0.04558969276511397,0.04558969276511397,0.0,0.04558969276511397,0.0,0,0.0,46,11.017915020711406,78.76542503363426,0.6814611146923226,0.19
main,v040,LOSO-nes-f2,secondary,LOSO,nested,2,B,Shared-PPO|wcnc2027_ablation/shared_ppo_seed42/mappo_best.pt,Shared-PPO,42,R,wcnc2027_ablation 2026-09-14 (supplementary ablation),all,-5518.195381645231,4150.734120921003,1301.1054001242276,6.1058606,60.25,1954.6045962091894,1953.078131059189,0.006838453914767096,0.0046580773042616454,0.002180376610505451,0.006838453914767096,0.09008919722497523,322,3.0636273538156593,69,15.026656464259577,506.8269331029031,0.7285533333933467,0.2
main,v040,LOSO-nes-f2,secondary,LOSO,nested,2,B,Shared-PPO|wcnc2027_ablation/shared_ppo_seed42/mappo_best.pt,Shared-PPO,42,R,wcnc2027_ablation 2026-09-14 (supplementary ablation),0,-806.382988041772,781.9626620435934,10.180040398178651,1.3652856,12.875,175.30085240308597,174.95953100308594,0.0009910802775024777,0.0,0.0009910802775024777,0.0009910802775024777,0.244796828543112,72,6.850346878097127,1,0.4393346799392884,0.4393346799392884,0.4393346799392883,0.2
main,v040,LOSO-nes-f2,secondary,LOSO,nested,2,B,Shared-PPO|wcnc2027_ablation/shared_ppo_seed42/mappo_best.pt,Shared-PPO,42,R,wcnc2027_ablation 2026-09-14 (supplementary ablation),1,-524.2861536243482,451.39677202616963,64.18004039817865,0.8343412,7.875,190.8313800745376,190.62279477453762,0.002973240832507433,0.0,0.002973240832507433,0.002973240832507433,0.12586719524281467,44,4.186323092170466,3,0.8745422906869379,1.1057987904830557,0.8131115599797628,0.2
main,v040,LOSO-nes-f2,secondary,LOSO,nested,2,B,Shared-PPO|wcnc2027_ablation/shared_ppo_seed42/mappo_best.pt,Shared-PPO,42,R,wcnc2027_ablation 2026-09-14 (supplementary ablation),2,-308.7618291119459,279.0722061119459,27.0,0.189623,2.5,206.42007793115158,206.3726721811516,0.0009910802775024777,0.0,0.0009910802775024777,0.0009910802775024777,0.004955401387512388,10,0.9514370664023787,1,1.0784934016384693,1.0784934016384693,1.0,0.2
main,v040,LOSO-nes-f2,secondary,LOSO,nested,2,B,Shared-PPO|wcnc2027_ablation/shared_ppo_seed42/mappo_best.pt,Shared-PPO,42,R,wcnc2027_ablation 2026-09-14 (supplementary ablation),3,-164.70421167677037,137.70421167677037,27.0,0.0,0.0,207.04287516734337,207.04287516734337,0.0009910802775024777,0.0009910802775024777,0.0,0.0009910802775024777,0.0,0,0.0,1,4.943537109139514,4.943537109139514,1.0,0.2
main,v040,LOSO-nes-f2,secondary,LOSO,nested,2,B,Shared-PPO|wcnc2027_ablation/shared_ppo_seed42/mappo_best.pt,Shared-PPO,42,R,wcnc2027_ablation 2026-09-14 (supplementary ablation),4,-629.121683962946,537.8609953684099,84.54012119453594,0.7205674,6.0,185.60142877515568,185.4212869251557,0.004955401387512388,0.0,0.004955401387512388,0.004955401387512388,0.155599603567889,38,3.615460852329039,5,0.6949981686189608,1.0784934016384693,0.6636008079635731,0.2
main,v040,LOSO-nes-f2,secondary,LOSO,nested,2,B,Shared-PPO|wcnc2027_ablation/shared_ppo_seed42/mappo_best.pt,Shared-PPO,42,R,wcnc2027_ablation 2026-09-14 (supplementary ablation),5,-412.7715447070127,354.69144950701263,54.0,0.45509520000000003,3.625,199.64807879271083,199.53430499271082,0.0019821605550049554,0.0,0.0019821605550049554,0.0019821605550049554,0.061446977205153616,24,2.2834489593657086,2,1.0784934016384693,1.0784934016384693,1.0,0.2
main,v040,LOSO-nes-f2,secondary,LOSO,nested,2,B,Shared-PPO|wcnc2027_ablation/shared_ppo_seed42/mappo_best.pt,Shared-PPO,42,R,wcnc2027_ablation 2026-09-14 (supplementary ablation),6,-749.6355926777094,623.1011106179587,113.60881945975059,1.1756626,11.75,188.53691779686582,188.24300214686582,0.004955401387512388,0.0,0.004955401387512388,0.004955401387512388,0.14172447968285432,62,5.898909811694748,5,102.06987479129538,506.8269331029031,0.8573921297316707,0.2
main,v040,LOSO-nes-f2,secondary,LOSO,nested,2,B,Shared-PPO|wcnc2027_ablation/shared_ppo_seed42/mappo_best.pt,Shared-PPO,42,R,wcnc2027_ablation 2026-09-14 (supplementary ablation),7,-624.6011775916711,551.3747205934925,64.18004039817865,0.7964166,8.25,191.30915451500886,191.11005036500887,0.002973240832507433,0.0,0.002973240832507433,0.002973240832507433,0.12983151635282458,42,3.9960356788899905,3,0.9306248707608029,1.274046530704651,0.8131115599797628,0.2
main,v040,LOSO-nes-f2,secondary,LOSO,nested,2,B,Shared-PPO|wcnc2027_ablation/shared_ppo_seed42/mappo_best.pt,Shared-PPO,42,R,wcnc2027_ablation 2026-09-14 (supplementary ablation),8,-414.62418892673975,352.6803199267397,54.0,0.5688690000000001,7.375,202.6670563062823,202.5248390562823,0.0019821605550049554,0.0,0.0019821605550049554,0.0019821605550049554,0.036669970267591674,30,2.8543111992071357,2,1.0784934016384693,1.0784934016384693,1.0,0.2
main,v040,LOSO-nes-f2,secondary,LOSO,nested,2,B,Shared-PPO|wcnc2027_ablation/shared_ppo_seed42/mappo_best.pt,Shared-PPO,42,R,wcnc2027_ablation 2026-09-14 (supplementary ablation),9,-883.3060113243149,80.8896730489098,802.416338275405,0.0,0.0,207.2467744470471,207.2467744470471,0.04558969276511397,0.04558969276511397,0.0,0.04558969276511397,0.0,0,0.0,46,11.017915020711406,78.76542503363426,0.6814611146923226,0.2
main,v040,LOSO-nes-f2,secondary,LOSO,nested,2,B,MAPPO|wcnc2027_ablation/mappo_seed64/mappo_best.pt,MAPPO,64,R,wcnc2027_ablation 2026-09-14,all,-5443.761209393813,4153.513667667765,1209.925359726049,6.447182,73.875,1956.2477492800017,1954.6359537800017,0.006442021803766105,0.0046580773042616454,0.00178394449950446,0.006442021803766105,0.0865213082259663,340,3.2348860257680876,65,15.894838171523942,506.8269331029031,0.7204745434492559,0.2
main,v040,LOSO-nes-f2,secondary,LOSO,nested,2,B,MAPPO|wcnc2027_ablation/mappo_seed64/mappo_best.pt,MAPPO,64,R,wcnc2027_ablation 2026-09-14,0,-799.4911431111317,783.1637821111317,0.0,1.327361,15.0,176.00592343915957,175.67408318915957,0.0,0.0,0.0,0.0,0.22993062438057482,70,6.6600594648166505,0,0.0,0.0,0.0,0.2
main,v040,LOSO-nes-f2,secondary,LOSO,nested,2,B,MAPPO|wcnc2027_ablation/mappo_seed64/mappo_best.pt,MAPPO,64,R,wcnc2027_ablation 2026-09-14,1,-526.8209339692872,451.73070317110864,64.18004039817865,0.9101904000000001,10.0,190.96544077984953,190.7378931798495,0.002973240832507433,0.0,0.002973240832507433,0.002973240832507433,0.12091179385530228,48,4.566897918731417,3,0.8745422906869379,1.1057987904830557,0.8131115599797628,0.2
main,v040,LOSO-nes-f2,secondary,LOSO,nested,2,B,MAPPO|wcnc2027_ablation/mappo_seed64/mappo_best.pt,MAPPO,64,R,wcnc2027_ablation 2026-09-14,2,-307.30635458750345,278.27965618750346,27.0,0.1516984,1.875,206.35329829947705,206.31537369947705,0.0009910802775024777,0.0,0.0009910802775024777,0.0009910802775024777,0.004955401387512388,8,0.761149653121903,1,1.0784934016384693,1.0784934016384693,1.0,0.2
main,v040,LOSO-nes-f2,secondary,LOSO,nested,2,B,MAPPO|wcnc2027_ablation/mappo_seed64/mappo_best.pt,MAPPO,64,R,wcnc2027_ablation 2026-09-14,3,-164.70421167677037,137.70421167677037,27.0,0.0,0.0,207.04287516734337,207.04287516734337,0.0009910802775024777,0.0009910802775024777,0.0,0.0009910802775024777,0.0,0,0.0,1,4.943537109139514,4.943537109139514,1.0,0.2
main,v040,LOSO-nes-f2,secondary,LOSO,nested,2,B,MAPPO|wcnc2027_ablation/mappo_seed64/mappo_best.pt,MAPPO,64,R,wcnc2027_ablation 2026-09-14,4,-630.0581499297325,537.0966121351964,84.54012119453594,0.7964166,7.625,185.51496717722137,185.31586302722138,0.004955401387512388,0.0,0.004955401387512388,0.004955401387512388,0.1565906838453915,42,3.9960356788899905,5,0.6949981686189608,1.0784934016384693,0.6636008079635731,0.2
main,v040,LOSO-nes-f2,secondary,LOSO,nested,2,B,MAPPO|wcnc2027_ablation/mappo_seed64/mappo_best.pt,MAPPO,64,R,wcnc2027_ablation 2026-09-14,5,-362.87539394211757,357.25737414211756,0.0,0.4930198,5.125,200.11558740584326,199.99233245584327,0.0,0.0,0.0,0.0,0.05450941526263627,26,2.4737363726461843,0,0.0,0.0,0.0,0.2
main,v040,LOSO-nes-f2,secondary,LOSO,nested,2,B,MAPPO|wcnc2027_ablation/mappo_seed64/mappo_best.pt,MAPPO,64,R,wcnc2027_ablation 2026-09-14,6,-748.8590251632615,617.5099201035109,113.60881945975059,1.3652856,16.375,188.12996947032786,187.78864807032784,0.004955401387512388,0.0,0.004955401387512388,0.004955401387512388,0.14469772051536176,72,6.850346878097127,5,102.06987479129538,506.8269331029031,0.8573921297316707,0.2
main,v040,LOSO-nes-f2,secondary,LOSO,nested,2,B,MAPPO|wcnc2027_ablation/mappo_seed64/mappo_best.pt,MAPPO,64,R,wcnc2027_ablation 2026-09-14,7,-628.7880423898955,553.3607361917168,64.18004039817865,0.8722658000000001,10.375,191.66558043072843,191.44751398072844,0.002973240832507433,0.0,0.002973240832507433,0.002973240832507433,0.12388503468780972,46,4.376610505450942,3,0.9306248707608029,1.274046530704651,0.8131115599797628,0.2
main,v040,LOSO-nes-f2,secondary,LOSO,nested,2,B,MAPPO|wcnc2027_ablation/mappo_seed64/mappo_best.pt,MAPPO,64,R,wcnc2027_ablation 2026-09-14,8,-391.5519432997991,356.52099889979917,27.0,0.5309444,7.5,203.20733266300425,203.07459656300426,0.0009910802775024777,0.0,0.0009910802775024777,0.0009910802775024777,0.02973240832507433,28,2.66402378592666,1,1.0784934016384693,1.0784934016384693,1.0,0.2
main,v040,LOSO-nes-f2,secondary,LOSO,nested,2,B,MAPPO|wcnc2027_ablation/mappo_seed64/mappo_best.pt,MAPPO,64,R,wcnc2027_ablation 2026-09-14,9,-883.3060113243149,80.8896730489098,802.416338275405,0.0,0.0,207.2467744470471,207.2467744470471,0.04558969276511397,0.04558969276511397,0.0,0.04558969276511397,0.0,0,0.0,46,11.017915020711406,78.76542503363426,0.6814611146923226,0.2
main,v040,LOSO-nes-f2,secondary,LOSO,nested,2,B,Centralized PPO|wcnc2027_ablation/central_seed64/ppo_multi_site.zip,Centralized PPO,64,R,wcnc2027_ablation 2026-09-14,all,-7717.315708018054,5426.579483552108,2274.866692865944,1.7445316000000002,14.125,2044.4733192357564,2044.0371863357564,0.012388503468780971,0.0046580773042616454,0.007730426164519326,0.012388503468780971,0.05153617443012884,89,0.846778989098117,125,4.574306518859575,78.76542503363426,0.7066311180975852,0.2
main,v040,LOSO-nes-f2,secondary,LOSO,nested,2,B,Centralized PPO|wcnc2027_ablation/central_seed64/ppo_multi_site.zip,Centralized PPO,64,R,wcnc2027_ablation 2026-09-14,0,-1186.57491270775,1003.3573381259635,182.80040398178647,0.41717060000000006,0.0,190.88710722991854,190.78281457991855,0.01288404360753221,0.0,0.01288404360753221,0.01288404360753221,0.1774033696729435,21,1.9980178394449952,13,0.6018753948749596,1.274046530704651,0.5687189845686833,0.2
main,v040,LOSO-nes-f2,secondary,LOSO,nested,2,B,Centralized PPO|wcnc2027_ablation/central_seed64/ppo_multi_site.zip,Centralized PPO,64,R,wcnc2027_ablation 2026-09-14,1,-869.0016926283404,869.0016926283404,0.0,0.0,0.0,206.86854941298162,206.86854941298162,0.0,0.0,0.0,0.0,0.0,0,0.0,0,0.0,0.0,0.0,0.2
main,v040,LOSO-nes-f2,secondary,LOSO,nested,2,B,Centralized PPO|wcnc2027_ablation/central_seed64/ppo_multi_site.zip,Centralized PPO,64,R,wcnc2027_ablation 2026-09-14,2,-285.131772111562,285.131772111562,0.0,0.0,0.0,206.91604362617895,206.91604362617895,0.0,0.0,0.0,0.0,0.0,0,0.0,0,0.0,0.0,0.0,0.2
main,v040,LOSO-nes-f2,secondary,LOSO,nested,2,B,Centralized PPO|wcnc2027_ablation/central_seed64/ppo_multi_site.zip,Centralized PPO,64,R,wcnc2027_ablation 2026-09-14,3,-164.70421167677037,137.70421167677037,27.0,0.0,0.0,207.04287516734337,207.04287516734337,0.0009910802775024777,0.0009910802775024777,0.0,0.0009910802775024777,0.0,0,0.0,1,4.943537109139514,4.943537109139514,1.0,0.2
main,v040,LOSO-nes-f2,secondary,LOSO,nested,2,B,Centralized PPO|wcnc2027_ablation/central_seed64/ppo_multi_site.zip,Centralized PPO,64,R,wcnc2027_ablation 2026-09-14,4,-1821.5643179147187,565.2059613638951,1246.8610907508235,0.8722658000000001,8.625,200.49178501523974,200.27371856523973,0.062438057482656094,0.0,0.062438057482656094,0.062438057482656094,0.3141724479682854,45,4.281466798810704,63,0.8169843068827047,1.274046530704651,0.7597148628311234,0.2
main,v040,LOSO-nes-f2,secondary,LOSO,nested,2,B,Centralized PPO|wcnc2027_ablation/central_seed64/ppo_multi_site.zip,Centralized PPO,64,R,wcnc2027_ablation 2026-09-14,5,-443.1623741628722,443.1623741628722,0.0,0.0,0.0,206.88829172154493,206.88829172154493,0.0,0.0,0.0,0.0,0.0,0,0.0,0,0.0,0.0,0.0,0.2
main,v040,LOSO-nes-f2,secondary,LOSO,nested,2,B,Centralized PPO|wcnc2027_ablation/central_seed64/ppo_multi_site.zip,Centralized PPO,64,R,wcnc2027_ablation 2026-09-14,6,-904.2190467982839,882.4750917403546,15.788859857929246,0.45509520000000003,5.5,204.40098222132798,204.28720842132796,0.0019821605550049554,0.0,0.0019821605550049554,0.0019821605550049554,0.023785926660059464,23,2.188305252725471,2,0.3631476642988208,0.4393346799392884,0.3631476642988207,0.2
main,v040,LOSO-nes-f2,secondary,LOSO,nested,2,B,Centralized PPO|wcnc2027_ablation/central_seed64/ppo_multi_site.zip,Centralized PPO,64,R,wcnc2027_ablation 2026-09-14,7,-757.8389205365211,757.8389205365211,0.0,0.0,0.0,206.84272456064485,206.84272456064485,0.0,0.0,0.0,0.0,0.0,0,0.0,0,0.0,0.0,0.0,0.2
main,v040,LOSO-nes-f2,secondary,LOSO,nested,2,B,Centralized PPO|wcnc2027_ablation/central_seed64/ppo_multi_site.zip,Centralized PPO,64,R,wcnc2027_ablation 2026-09-14,8,-401.81244815691986,401.81244815691986,0.0,0.0,0.0,206.8881858335294,206.8881858335294,0.0,0.0,0.0,0.0,0.0,0,0.0,0,0.0,0.0,0.0,0.2
main,v040,LOSO-nes-f2,secondary,LOSO,nested,2,B,Centralized PPO|wcnc2027_ablation/central_seed64/ppo_multi_site.zip,Centralized PPO,64,R,wcnc2027_ablation 2026-09-14,9,-883.3060113243149,80.8896730489098,802.416338275405,0.0,0.0,207.2467744470471,207.2467744470471,0.04558969276511397,0.04558969276511397,0.0,0.04558969276511397,0.0,0,0.0,46,11.017915020711406,78.76542503363426,0.6814611146923226,0.2
main,v040,LOSO-nes-f2,secondary,LOSO,nested,2,B,Shared-PPO|wcnc2027_ablation/shared_ppo_seed64/mappo_best.pt,Shared-PPO,64,R,wcnc2027_ablation 2026-09-14 (supplementary ablation),all,-5525.576035681117,4121.785770358711,1311.2854405224061,7.129824800000001,85.375,1952.1221240769537,1950.3396678769536,0.006937561942517344,0.0046580773042616454,0.0022794846382556988,0.006937561942517344,0.09117938553022795,376,3.5774033696729437,70,14.818266153055001,506.8269331029031,0.724421638344003,0.2
main,v040,LOSO-nes-f2,secondary,LOSO,nested,2,B,Shared-PPO|wcnc2027_ablation/shared_ppo_seed64/mappo_best.pt,Shared-PPO,64,R,wcnc2027_ablation 2026-09-14 (supplementary ablation),0,-793.5705456931807,770.2010140931808,0.0,1.7445316000000002,21.625,174.38505625419472,173.94892335419473,0.0,0.0,0.0,0.0,0.24777006937561943,92,8.753221010901884,0,0.0,0.0,0.0,0.2
main,v040,LOSO-nes-f2,secondary,LOSO,nested,2,B,Shared-PPO|wcnc2027_ablation/shared_ppo_seed64/mappo_best.pt,Shared-PPO,64,R,wcnc2027_ablation 2026-09-14 (supplementary ablation),1,-526.2015485374131,449.03546853923456,64.18004039817865,0.9860396,12.0,190.6862988355631,190.43978893556312,0.002973240832507433,0.0,0.002973240832507433,0.002973240832507433,0.12190287413280476,52,4.947472745292369,3,0.8745422906869379,1.1057987904830557,0.8131115599797628,0.2
main,v040,LOSO-nes-f2,secondary,LOSO,nested,2,B,Shared-PPO|wcnc2027_ablation/shared_ppo_seed64/mappo_best.pt,Shared-PPO,64,R,wcnc2027_ablation 2026-09-14 (supplementary ablation),2,-307.42449306015476,277.8598700601548,27.0,0.189623,2.375,206.2914151584102,206.2440094084102,0.0009910802775024777,0.0,0.0009910802775024777,0.0009910802775024777,0.005946481665014866,10,0.9514370664023787,1,1.0784934016384693,1.0784934016384693,1.0,0.2
main,v040,LOSO-nes-f2,secondary,LOSO,nested,2,B,Shared-PPO|wcnc2027_ablation/shared_ppo_seed64/mappo_best.pt,Shared-PPO,64,R,wcnc2027_ablation 2026-09-14 (supplementary ablation),3,-164.70421167677037,137.70421167677037,27.0,0.0,0.0,207.04287516734337,207.04287516734337,0.0009910802775024777,0.0009910802775024777,0.0,0.0009910802775024777,0.0,0,0.0,1,4.943537109139514,4.943537109139514,1.0,0.2
main,v040,LOSO-nes-f2,secondary,LOSO,nested,2,B,Shared-PPO|wcnc2027_ablation/shared_ppo_seed64/mappo_best.pt,Shared-PPO,64,R,wcnc2027_ablation 2026-09-14 (supplementary ablation),4,-631.5809454378543,538.3694076433185,84.54012119453594,0.7964166,7.875,185.70833367198458,185.50922952198457,0.004955401387512388,0.0,0.004955401387512388,0.004955401387512388,0.15361744301288405,42,3.9960356788899905,5,0.6949981686189608,1.0784934016384693,0.6636008079635731,0.2
main,v040,LOSO-nes-f2,secondary,LOSO,nested,2,B,Shared-PPO|wcnc2027_ablation/shared_ppo_seed64/mappo_best.pt,Shared-PPO,64,R,wcnc2027_ablation 2026-09-14 (supplementary ablation),5,-414.28516500402213,352.96629600402207,54.0,0.5688690000000001,6.75,199.50599862760663,199.3637813776066,0.0019821605550049554,0.0,0.0019821605550049554,0.0019821605550049554,0.062438057482656094,30,2.8543111992071357,2,1.0784934016384693,1.0784934016384693,1.0,0.2
main,v040,LOSO-nes-f2,secondary,LOSO,nested,2,B,Shared-PPO|wcnc2027_ablation/shared_ppo_seed64/mappo_best.pt,Shared-PPO,64,R,wcnc2027_ablation 2026-09-14 (supplementary ablation),6,-743.6525266043834,612.6784215446328,113.60881945975059,1.3652856,16.0,187.55691551141112,187.21559411141112,0.004955401387512388,0.0,0.004955401387512388,0.004955401387512388,0.14965312190287414,72,6.850346878097127,5,102.06987479129538,506.8269331029031,0.8573921297316707,0.2
main,v040,LOSO-nes-f2,secondary,LOSO,nested,2,B,Shared-PPO|wcnc2027_ablation/shared_ppo_seed64/mappo_best.pt,Shared-PPO,64,R,wcnc2027_ablation 2026-09-14 (supplementary ablation),7,-644.6168745829482,548.9544875884123,84.54012119453594,0.8722658000000001,10.25,190.95209773892475,190.73403128892477,0.004955401387512388,0.0,0.004955401387512388,0.004955401387512388,0.13478691774033696,46,4.376610505450942,5,0.7341087944321971,1.274046530704651,0.6636008079635729,0.2
main,v040,LOSO-nes-f2,secondary,LOSO,nested,2,B,Shared-PPO|wcnc2027_ablation/shared_ppo_seed64/mappo_best.pt,Shared-PPO,64,R,wcnc2027_ablation 2026-09-14 (supplementary ablation),8,-416.23371376007447,353.1269201600744,54.0,0.6067936,8.5,202.74635866446792,202.59466026446793,0.0019821605550049554,0.0,0.0019821605550049554,0.0019821605550049554,0.035678889990089196,32,3.044598612487612,2,1.0784934016384693,1.0784934016384693,1.0,0.2
main,v040,LOSO-nes-f2,secondary,LOSO,nested,2,B,Shared-PPO|wcnc2027_ablation/shared_ppo_seed64/mappo_best.pt,Shared-PPO,64,R,wcnc2027_ablation 2026-09-14 (supplementary ablation),9,-883.3060113243149,80.8896730489098,802.416338275405,0.0,0.0,207.2467744470471,207.2467744470471,0.04558969276511397,0.04558969276511397,0.0,0.04558969276511397,0.0,0,0.0,46,11.017915020711406,78.76542503363426,0.6814611146923226,0.2
main,v040,LOSO-nes-f2,secondary,LOSO,nested,2,B,MAPPO|wcnc2027_ablation/mappo_seed77/mappo_best.pt,MAPPO,77,R,wcnc2027_ablation 2026-09-14,all,-5448.847046515732,4226.942469787861,1145.7453193278702,6.4092573999999995,69.75,1964.6661582624342,1963.063843912434,0.006144697720515362,0.0046580773042616454,0.0014866204162537165,0.006144697720515362,0.07799801783944499,338,3.2158572844400397,62,16.62206709138452,506.8269331029031,0.7159921071655218,0.2
main,v040,LOSO-nes-f2,secondary,LOSO,nested,2,B,MAPPO|wcnc2027_ablation/mappo_seed77/mappo_best.pt,MAPPO,77,R,wcnc2027_ablation 2026-09-14,0,-818.1371596858535,799.6201756858536,0.0,1.5169839999999999,17.0,177.93046499563334,177.55121899563335,0.0,0.0,0.0,0.0,0.21110009910802774,80,7.6114965312190295,0,0.0,0.0,0.0,0.2
main,v040,LOSO-nes-f2,secondary,LOSO,nested,2,B,MAPPO|wcnc2027_ablation/mappo_seed77/mappo_best.pt,MAPPO,77,R,wcnc2027_ablation 2026-09-14,1,-538.6879688010251,462.18481340284654,64.18004039817865,0.948115,11.375,192.29303676890967,192.05600801890967,0.002973240832507433,0.0,0.002973240832507433,0.002973240832507433,0.10604558969276512,50,4.757185332011893,3,0.8745422906869379,1.1057987904830557,0.8131115599797628,0.2
main,v040,LOSO-nes-f2,secondary,LOSO,nested,2,B,MAPPO|wcnc2027_ablation/mappo_seed77/mappo_best.pt,MAPPO,77,R,wcnc2027_ablation 2026-09-14,2,-307.30635458750345,278.27965618750346,27.0,0.1516984,1.875,206.35329829947705,206.31537369947705,0.0009910802775024777,0.0,0.0009910802775024777,0.0009910802775024777,0.004955401387512388,8,0.761149653121903,1,1.0784934016384693,1.0784934016384693,1.0,0.2
main,v040,LOSO-nes-f2,secondary,LOSO,nested,2,B,MAPPO|wcnc2027_ablation/mappo_seed77/mappo_best.pt,MAPPO,77,R,wcnc2027_ablation 2026-09-14,3,-164.70421167677037,137.70421167677037,27.0,0.0,0.0,207.04287516734337,207.04287516734337,0.0009910802775024777,0.0009910802775024777,0.0,0.0009910802775024777,0.0,0,0.0,1,4.943537109139514,4.943537109139514,1.0,0.2
main,v040,LOSO-nes-f2,secondary,LOSO,nested,2,B,MAPPO|wcnc2027_ablation/mappo_seed77/mappo_best.pt,MAPPO,77,R,wcnc2027_ablation 2026-09-14,4,-629.9364234814011,545.9540768850438,74.3600807963573,0.8722658000000001,8.75,186.79610534702326,186.57803889702325,0.003964321110009911,0.0,0.003964321110009911,0.003964321110009911,0.14172447968285432,46,4.376610505450942,4,0.7589140407888789,1.0784934016384693,0.7196673399696443,0.2
main,v040,LOSO-nes-f2,secondary,LOSO,nested,2,B,MAPPO|wcnc2027_ablation/mappo_seed77/mappo_best.pt,MAPPO,77,R,wcnc2027_ablation 2026-09-14,5,-366.1361260719717,360.93103087197176,0.0,0.45509520000000003,4.75,200.51418017062633,200.40040637062634,0.0,0.0,0.0,0.0,0.05054509415262636,24,2.2834489593657086,0,0.0,0.0,0.0,0.2
main,v040,LOSO-nes-f2,secondary,LOSO,nested,2,B,MAPPO|wcnc2027_ablation/mappo_seed77/mappo_best.pt,MAPPO,77,R,wcnc2027_ablation 2026-09-14,6,-737.7645520103403,636.8171453505897,86.60881945975059,1.2135872,13.125,190.07624589049217,189.77284909049217,0.003964321110009911,0.0,0.003964321110009911,0.003964321110009911,0.12487611496531219,64,6.089197224975224,4,127.3177201387096,506.8269331029031,0.8217401621645883,0.2
main,v040,LOSO-nes-f2,secondary,LOSO,nested,2,B,MAPPO|wcnc2027_ablation/mappo_seed77/mappo_best.pt,MAPPO,77,R,wcnc2027_ablation 2026-09-14,7,-609.1205360731974,563.5190790750187,37.18004039817865,0.7964166,7.625,192.87909315770648,192.67998900770647,0.0019821605550049554,0.0,0.0019821605550049554,0.0019821605550049554,0.11298315163528246,42,3.9960356788899905,2,0.8566906053219696,1.274046530704651,0.7196673399696442,0.2
main,v040,LOSO-nes-f2,secondary,LOSO,nested,2,B,MAPPO|wcnc2027_ablation/mappo_seed77/mappo_best.pt,MAPPO,77,R,wcnc2027_ablation 2026-09-14,8,-393.7477028033532,361.0426076033532,27.0,0.45509520000000003,5.25,203.53408401817538,203.4203102181754,0.0009910802775024777,0.0,0.0009910802775024777,0.0009910802775024777,0.027750247770069375,24,2.2834489593657086,1,1.0784934016384693,1.0784934016384693,1.0,0.2
main,v040,LOSO-nes-f2,secondary,LOSO,nested,2,B,MAPPO|wcnc2027_ablation/mappo_seed77/mappo_best.pt,MAPPO,77,R,wcnc2027_ablation 2026-09-14,9,-883.3060113243149,80.8896730489098,802.416338275405,0.0,0.0,207.2467744470471,207.2467744470471,0.04558969276511397,0.04558969276511397,0.0,0.04558969276511397,0.0,0,0.0,46,11.017915020711406,78.76542503363426,0.6814611146923226,0.2
main,v040,LOSO-nes-f2,secondary,LOSO,nested,2,B,Centralized PPO|wcnc2027_ablation/central_seed77/ppo_multi_site.zip,Centralized PPO,77,R,wcnc2027_ablation 2026-09-14,all,-25445.78838662266,5295.925888515785,20140.091226906872,1.8962712000000002,7.875,2291.669413928036,2291.1953461280364,0.0981169474727453,0.01110009910802775,0.09345887016848364,0.0981169474727453,0.23161546085232904,98,0.9324083250743311,990,60.59553929480066,2437.8633385722264,0.778117549727504,0.2
main,v040,LOSO-nes-f2,secondary,LOSO,nested,2,B,Centralized PPO|wcnc2027_ablation/central_seed77/ppo_multi_site.zip,Centralized PPO,77,R,wcnc2027_ablation 2026-09-14,0,-4378.587133032929,841.6156850777033,3536.9714273552254,2.06e-05,0.0,226.6264346711247,226.62642952112472,0.20812685827552033,0.006937561942517344,0.20812685827552033,0.20812685827552033,1.0,0,0.0,210,27.710456584867785,1576.7739628035374,0.6614240360881312,0.2
main,v040,LOSO-nes-f2,secondary,LOSO,nested,2,B,Centralized PPO|wcnc2027_ablation/central_seed77/ppo_multi_site.zip,Centralized PPO,77,R,wcnc2027_ablation 2026-09-14,1,-1464.45320853389,473.88828391967303,989.1098294142167,0.4550952,1.0,203.5461711636975,203.43239736369748,0.05252725470763132,0.002973240832507433,0.05252725470763132,0.05252725470763132,0.24578790882061446,23,2.188305252725471,53,38.811533903700415,505.21717638005447,0.7220816537196331,0.2
main,v040,LOSO-nes-f2,secondary,LOSO,nested,2,B,Centralized PPO|wcnc2027_ablation/central_seed77/ppo_multi_site.zip,Centralized PPO,77,R,wcnc2027_ablation 2026-09-14,2,-285.131772111562,285.131772111562,0.0,0.0,0.0,206.91604362617895,206.91604362617895,0.0,0.0,0.0,0.0,0.0,0,0.0,0,0.0,0.0,0.0,0.2
main,v040,LOSO-nes-f2,secondary,LOSO,nested,2,B,Centralized PPO|wcnc2027_ablation/central_seed77/ppo_multi_site.zip,Centralized PPO,77,R,wcnc2027_ablation 2026-09-14,3,-164.70421167677037,137.70421167677037,27.0,0.0,0.0,207.04287516734337,207.04287516734337,0.0009910802775024777,0.0009910802775024777,0.0,0.0009910802775024777,0.0,0,0.0,1,4.943537109139514,4.943537109139514,1.0,0.2
main,v040,LOSO-nes-f2,secondary,LOSO,nested,2,B,Centralized PPO|wcnc2027_ablation/central_seed77/ppo_multi_site.zip,Centralized PPO,77,R,wcnc2027_ablation 2026-09-14,4,-1365.0970124759947,630.4917234399215,731.949344636073,0.5309444000000001,2.125,199.70188986389223,199.56915376389225,0.035678889990089196,0.0,0.035678889990089196,0.035678889990089196,0.2130822596630327,27,2.5688800792864224,36,0.8419951586420548,1.274046530704651,0.7777308746630306,0.2
main,v040,LOSO-nes-f2,secondary,LOSO,nested,2,B,Centralized PPO|wcnc2027_ablation/central_seed77/ppo_multi_site.zip,Centralized PPO,77,R,wcnc2027_ablation 2026-09-14,5,-443.1623741628722,443.1623741628722,0.0,0.0,0.0,206.88829172154493,206.88829172154493,0.0,0.0,0.0,0.0,0.0,0,0.0,0,0.0,0.0,0.0,0.2
main,v040,LOSO-nes-f2,secondary,LOSO,nested,2,B,Centralized PPO|wcnc2027_ablation/central_seed77/ppo_multi_site.zip,Centralized PPO,77,R,wcnc2027_ablation 2026-09-14,6,-3058.9808744495103,995.7321029861926,2060.206600863318,0.41717060000000006,2.625,238.2445283830745,238.14023573307452,0.08721506442021804,0.013875123885034688,0.08721506442021804,0.08721506442021804,0.08126858275520317,22,2.093161546085233,88,204.7622629942555,2213.1720412039294,0.8803812882058022,0.2
main,v040,LOSO-nes-f2,secondary,LOSO,nested,2,B,Centralized PPO|wcnc2027_ablation/central_seed77/ppo_multi_site.zip,Centralized PPO,77,R,wcnc2027_ablation 2026-09-14,7,-12945.463499365362,1004.9456972027276,11938.437686362631,0.4551158,1.625,388.03682781728253,387.92304886728255,0.5490584737363726,0.040634291377601585,0.5490584737363726,0.5490584737363726,0.7750247770069376,25,2.3785926660059467,554,60.55927487282608,2437.8633385722264,0.8183175503226614,0.2
main,v040,LOSO-nes-f2,secondary,LOSO,nested,2,B,Centralized PPO|wcnc2027_ablation/central_seed77/ppo_multi_site.zip,Centralized PPO,77,R,wcnc2027_ablation 2026-09-14,8,-456.90228948945287,402.3643648894529,54.0,0.0379246,0.5,207.4195770668506,207.4100959168506,0.0019821605550049554,0.0,0.0019821605550049554,0.0019821605550049554,0.0009910802775024777,1,0.09514370664023787,2,1.1899226605938533,1.274046530704651,1.0,0.2
main,v040,LOSO-nes-f2,secondary,LOSO,nested,2,B,Centralized PPO|wcnc2027_ablation/central_seed77/ppo_multi_site.zip,Centralized PPO,77,R,wcnc2027_ablation 2026-09-14,9,-883.3060113243149,80.8896730489098,802.416338275405,0.0,0.0,207.2467744470471,207.2467744470471,0.04558969276511397,0.04558969276511397,0.0,0.04558969276511397,0.0,0,0.0,46,11.017915020711406,78.76542503363426,0.6814611146923226,0.2
main,v040,LOSO-nes-f2,secondary,LOSO,nested,2,B,Shared-PPO|wcnc2027_ablation/shared_ppo_seed77/mappo_best.pt,Shared-PPO,77,R,wcnc2027_ablation 2026-09-14 (supplementary ablation),all,-5481.978943338419,4185.335998617835,1240.465480920585,5.8024638,50.375,1958.5791929036461,1957.1285769536457,0.006739345887016849,0.0046580773042616454,0.0020812685827552033,0.006739345887016849,0.08711595639246779,306,2.911397423191279,68,15.215853504675593,506.8269331029031,0.7080713141767573,0.2
main,v040,LOSO-nes-f2,secondary,LOSO,nested,2,B,Shared-PPO|wcnc2027_ablation/shared_ppo_seed77/mappo_best.pt,Shared-PPO,77,R,wcnc2027_ablation 2026-09-14 (supplementary ablation),0,-815.3039401681515,792.4594633699728,10.180040398178651,1.2894364,11.375,176.71747956427708,176.39512046427706,0.0009910802775024777,0.0,0.0009910802775024777,0.0009910802775024777,0.22893954410307235,68,6.469772051536175,1,0.4393346799392884,0.4393346799392884,0.4393346799392883,0.2
main,v040,LOSO-nes-f2,secondary,LOSO,nested,2,B,Shared-PPO|wcnc2027_ablation/shared_ppo_seed77/mappo_best.pt,Shared-PPO,77,R,wcnc2027_ablation 2026-09-14 (supplementary ablation),1,-527.7823080693661,455.2679264711874,64.18004039817865,0.8343412000000001,7.5,191.33482482927838,191.1262395292784,0.002973240832507433,0.0,0.002973240832507433,0.002973240832507433,0.12190287413280476,44,4.186323092170466,3,0.8745422906869379,1.1057987904830557,0.8131115599797628,0.2
main,v040,LOSO-nes-f2,secondary,LOSO,nested,2,B,Shared-PPO|wcnc2027_ablation/shared_ppo_seed77/mappo_best.pt,Shared-PPO,77,R,wcnc2027_ablation 2026-09-14 (supplementary ablation),2,-344.2024611607107,277.58279776253204,64.18004039817865,0.189623,2.25,206.2647999238366,206.21739417383657,0.002973240832507433,0.0,0.002973240832507433,0.002973240832507433,0.006937561942517344,10,0.9514370664023787,3,0.9306248707608029,1.274046530704651,0.8131115599797628,0.2
main,v040,LOSO-nes-f2,secondary,LOSO,nested,2,B,Shared-PPO|wcnc2027_ablation/shared_ppo_seed77/mappo_best.pt,Shared-PPO,77,R,wcnc2027_ablation 2026-09-14 (supplementary ablation),3,-164.70421167677037,137.70421167677037,27.0,0.0,0.0,207.04287516734337,207.04287516734337,0.0009910802775024777,0.0009910802775024777,0.0,0.0009910802775024777,0.0,0,0.0,1,4.943537109139514,4.943537109139514,1.0,0.2
main,v040,LOSO-nes-f2,secondary,LOSO,nested,2,B,Shared-PPO|wcnc2027_ablation/shared_ppo_seed77/mappo_best.pt,Shared-PPO,77,R,wcnc2027_ablation 2026-09-14 (supplementary ablation),4,-622.5770320113323,543.659308414975,74.3600807963573,0.6826428,3.875,186.30847153162102,186.137810831621,0.003964321110009911,0.0,0.003964321110009911,0.003964321110009911,0.14965312190287414,36,3.4251734390485633,4,0.7589140407888789,1.0784934016384693,0.7196673399696443,0.2
main,v040,LOSO-nes-f2,secondary,LOSO,nested,2,B,Shared-PPO|wcnc2027_ablation/shared_ppo_seed77/mappo_best.pt,Shared-PPO,77,R,wcnc2027_ablation 2026-09-14 (supplementary ablation),5,-370.4275292980785,355.7544690998999,10.180040398178651,0.4930198,4.0,199.772709312995,199.649454362995,0.0009910802775024777,0.0,0.0009910802775024777,0.0009910802775024777,0.061446977205153616,26,2.4737363726461843,1,0.4393346799392884,0.4393346799392884,0.4393346799392883,0.2
main,v040,LOSO-nes-f2,secondary,LOSO,nested,2,B,Shared-PPO|wcnc2027_ablation/shared_ppo_seed77/mappo_best.pt,Shared-PPO,77,R,wcnc2027_ablation 2026-09-14 (supplementary ablation),6,-753.8867488609923,627.1893422012416,113.60881945975059,1.2135872,11.875,188.86658787849814,188.56319107849816,0.004955401387512388,0.0,0.004955401387512388,0.004955401387512388,0.14073339940535184,64,6.089197224975224,5,102.06987479129538,506.8269331029031,0.8573921297316707,0.2
main,v040,LOSO-nes-f2,secondary,LOSO,nested,2,B,Shared-PPO|wcnc2027_ablation/shared_ppo_seed77/mappo_best.pt,Shared-PPO,77,R,wcnc2027_ablation 2026-09-14 (supplementary ablation),7,-610.4515459349568,556.9088223385994,47.360080796357295,0.6826428,5.5,191.88314276058634,191.71248206058635,0.002973240832507433,0.0,0.002973240832507433,0.002973240832507433,0.1278493557978196,36,3.4251734390485633,3,0.7175719635277426,1.274046530704651,0.6262231199595255,0.2
main,v040,LOSO-nes-f2,secondary,LOSO,nested,2,B,Shared-PPO|wcnc2027_ablation/shared_ppo_seed77/mappo_best.pt,Shared-PPO,77,R,wcnc2027_ablation 2026-09-14 (supplementary ablation),8,-389.3371548337454,357.9199842337454,27.0,0.4171706,4.0,203.14152748816292,203.03723483816293,0.0009910802775024777,0.0,0.0009910802775024777,0.0009910802775024777,0.03369672943508424,22,2.093161546085233,1,1.0784934016384693,1.0784934016384693,1.0,0.2
main,v040,LOSO-nes-f2,secondary,LOSO,nested,2,B,Shared-PPO|wcnc2027_ablation/shared_ppo_seed77/mappo_best.pt,Shared-PPO,77,R,wcnc2027_ablation 2026-09-14 (supplementary ablation),9,-883.3060113243149,80.8896730489098,802.416338275405,0.0,0.0,207.2467744470471,207.2467744470471,0.04558969276511397,0.04558969276511397,0.0,0.04558969276511397,0.0,0,0.0,46,11.017915020711406,78.76542503363426,0.6814611146923226,0.2
main,v040,LOSO-nes-f2,secondary,LOSO,nested,2,B,MAPPO|wcnc2027_ablation/mappo_seed99/mappo_best.pt,MAPPO,99,R,wcnc2027_ablation 2026-09-14,all,-5430.679747528784,4207.749984200914,1172.7453193278702,5.309444000000001,44.875,1962.0177258037695,1960.6903648037694,0.00624380574826561,0.0046580773042616454,0.0015857284440039642,0.00624380574826561,0.08156590683845391,280,2.66402378592666,63,16.378447717405468,506.8269331029031,0.7205001689565451,0.2
main,v040,LOSO-nes-f2,secondary,LOSO,nested,2,B,MAPPO|wcnc2027_ablation/mappo_seed99/mappo_best.pt,MAPPO,99,R,wcnc2027_ablation 2026-09-14,0,-807.8415856802634,797.7417722802634,0.0,1.0998134,9.0,177.5082869731153,177.2333336231153,0.0,0.0,0.0,0.0,0.2180376610505451,58,5.518334985133796,0,0.0,0.0,0.0,0.2
main,v040,LOSO-nes-f2,secondary,LOSO,nested,2,B,MAPPO|wcnc2027_ablation/mappo_seed99/mappo_best.pt,MAPPO,99,R,wcnc2027_ablation 2026-09-14,1,-504.1576131067087,459.4311561085301,37.18004039817865,0.7964166,6.75,191.9304141219488,191.7313099719488,0.0019821605550049554,0.0,0.0019821605550049554,0.0019821605550049554,0.11000991080277503,42,3.9960356788899905,2,0.772566735211172,1.1057987904830557,0.7196673399696442,0.2
main,v040,LOSO-nes-f2,secondary,LOSO,nested,2,B,MAPPO|wcnc2027_ablation/mappo_seed99/mappo_best.pt,MAPPO,99,R,wcnc2027_ablation 2026-09-14,2,-336.31697163170924,280.1652732317092,54.0,0.1516984,2.0,206.51863596584133,206.48071136584133,0.0019821605550049554,0.0,0.0019821605550049554,0.0019821605550049554,0.003964321110009911,8,0.761149653121903,2,1.17626996617156,1.274046530704651,1.0,0.2
main,v040,LOSO-nes-f2,secondary,LOSO,nested,2,B,MAPPO|wcnc2027_ablation/mappo_seed99/mappo_best.pt,MAPPO,99,R,wcnc2027_ablation 2026-09-14,3,-164.70421167677037,137.70421167677037,27.0,0.0,0.0,207.04287516734337,207.04287516734337,0.0009910802775024777,0.0009910802775024777,0.0,0.0009910802775024777,0.0,0,0.0,1,4.943537109139514,4.943537109139514,1.0,0.2
main,v040,LOSO-nes-f2,secondary,LOSO,nested,2,B,MAPPO|wcnc2027_ablation/mappo_seed99/mappo_best.pt,MAPPO,99,R,wcnc2027_ablation 2026-09-14,4,-622.3057144420782,542.2250662457209,74.3600807963573,0.7205674,5.0,186.1983064886685,186.01816463866848,0.003964321110009911,0.0,0.003964321110009911,0.003964321110009911,0.14965312190287414,38,3.615460852329039,4,0.7589140407888789,1.0784934016384693,0.7196673399696443,0.2
main,v040,LOSO-nes-f2,secondary,LOSO,nested,2,B,MAPPO|wcnc2027_ablation/mappo_seed99/mappo_best.pt,MAPPO,99,R,wcnc2027_ablation 2026-09-14,5,-363.59828949079565,361.7948926907957,0.0,0.3033968,1.5,200.53386374443812,200.4580145444381,0.0,0.0,0.0,0.0,0.05054509415262636,16,1.522299306243806,0,0.0,0.0,0.0,0.2
main,v040,LOSO-nes-f2,secondary,LOSO,nested,2,B,MAPPO|wcnc2027_ablation/mappo_seed99/mappo_best.pt,MAPPO,99,R,wcnc2027_ablation 2026-09-14,6,-755.7623704619103,630.2658130021598,113.60881945975059,1.1377380000000001,10.75,189.410495396931,189.126060896931,0.004955401387512388,0.0,0.004955401387512388,0.004955401387512388,0.13280475718533202,60,5.708622398414271,5,102.06987479129538,506.8269331029031,0.8573921297316707,0.2
main,v040,LOSO-nes-f2,secondary,LOSO,nested,2,B,MAPPO|wcnc2027_ablation/mappo_seed99/mappo_best.pt,MAPPO,99,R,wcnc2027_ablation 2026-09-14,7,-602.0627459685986,558.9500627704199,37.18004039817865,0.6826428,5.25,192.2392358879772,192.0685751879772,0.0019821605550049554,0.0,0.0019821605550049554,0.0019821605550049554,0.12091179385530228,36,3.4251734390485633,2,0.8566906053219696,1.274046530704651,0.7196673399696442,0.2
main,v040,LOSO-nes-f2,secondary,LOSO,nested,2,B,MAPPO|wcnc2027_ablation/mappo_seed99/mappo_best.pt,MAPPO,99,R,wcnc2027_ablation 2026-09-14,8,-390.6242337456348,358.5820631456348,27.0,0.41717060000000006,4.625,203.38883761045895,203.28454496045893,0.0009910802775024777,0.0,0.0009910802775024777,0.0009910802775024777,0.02973240832507433,22,2.093161546085233,1,1.0784934016384693,1.0784934016384693,1.0,0.2
main,v040,LOSO-nes-f2,secondary,LOSO,nested,2,B,MAPPO|wcnc2027_ablation/mappo_seed99/mappo_best.pt,MAPPO,99,R,wcnc2027_ablation 2026-09-14,9,-883.3060113243149,80.8896730489098,802.416338275405,0.0,0.0,207.2467744470471,207.2467744470471,0.04558969276511397,0.04558969276511397,0.0,0.04558969276511397,0.0,0,0.0,46,11.017915020711406,78.76542503363426,0.6814611146923226,0.2
main,v040,LOSO-nes-f2,secondary,LOSO,nested,2,B,Centralized PPO|wcnc2027_ablation/central_seed99/ppo_multi_site.zip,Centralized PPO,99,R,wcnc2027_ablation 2026-09-14,all,-13908.301118483574,5669.21705714615,8207.927827537424,3.9062338000000003,27.25,2129.8108888781867,2128.834330428187,0.04132804757185332,0.00842418235877106,0.036669970267591674,0.04132804757185332,0.11793855302279485,205,1.9504459861248762,417,119.66319666467805,2437.8633385722264,0.7561093387320083,0.2
main,v040,LOSO-nes-f2,secondary,LOSO,nested,2,B,Centralized PPO|wcnc2027_ablation/central_seed99/ppo_multi_site.zip,Centralized PPO,99,R,wcnc2027_ablation 2026-09-14,0,-3087.775711717073,821.1796298908146,2248.949851826258,1.89623,15.75,204.8819451777655,204.40788767776547,0.13676907829534193,0.003964321110009911,0.13676907829534193,0.13676907829534193,0.7789890981169475,99,9.419226957383549,138,26.70889766496456,1576.7739628035374,0.6432246018904006,0.2
main,v040,LOSO-nes-f2,secondary,LOSO,nested,2,B,Centralized PPO|wcnc2027_ablation/central_seed99/ppo_multi_site.zip,Centralized PPO,99,R,wcnc2027_ablation 2026-09-14,1,-869.0016926283404,869.0016926283404,0.0,0.0,0.0,206.86854941298162,206.86854941298162,0.0,0.0,0.0,0.0,0.0,0,0.0,0,0.0,0.0,0.0,0.2
main,v040,LOSO-nes-f2,secondary,LOSO,nested,2,B,Centralized PPO|wcnc2027_ablation/central_seed99/ppo_multi_site.zip,Centralized PPO,99,R,wcnc2027_ablation 2026-09-14,2,-285.131772111562,285.131772111562,0.0,0.0,0.0,206.91604362617895,206.91604362617895,0.0,0.0,0.0,0.0,0.0,0,0.0,0,0.0,0.0,0.0,0.2
main,v040,LOSO-nes-f2,secondary,LOSO,nested,2,B,Centralized PPO|wcnc2027_ablation/central_seed99/ppo_multi_site.zip,Centralized PPO,99,R,wcnc2027_ablation 2026-09-14,3,-164.70421167677037,137.70421167677037,27.0,0.0,0.0,207.04287516734337,207.04287516734337,0.0009910802775024777,0.0009910802775024777,0.0,0.0009910802775024777,0.0,0,0.0,1,4.943537109139514,4.943537109139514,1.0,0.2
main,v040,LOSO-nes-f2,secondary,LOSO,nested,2,B,Centralized PPO|wcnc2027_ablation/central_seed99/ppo_multi_site.zip,Centralized PPO,99,R,wcnc2027_ablation 2026-09-14,4,-1753.2102650949719,968.2706420949719,783.0,0.18962299999999999,1.75,218.77701768293844,218.72961193293844,0.028741328047571853,0.010901883052527254,0.028741328047571853,0.028741328047571853,0.023785926660059464,10,0.9514370664023787,29,425.30348794450606,1576.7739628035374,1.0,0.2
main,v040,LOSO-nes-f2,secondary,LOSO,nested,2,B,Centralized PPO|wcnc2027_ablation/central_seed99/ppo_multi_site.zip,Centralized PPO,99,R,wcnc2027_ablation 2026-09-14,5,-443.1623741628722,443.1623741628722,0.0,0.0,0.0,206.88829172154493,206.88829172154493,0.0,0.0,0.0,0.0,0.0,0,0.0,0,0.0,0.0,0.0,0.2
main,v040,LOSO-nes-f2,secondary,LOSO,nested,2,B,Centralized PPO|wcnc2027_ablation/central_seed99/ppo_multi_site.zip,Centralized PPO,99,R,wcnc2027_ablation 2026-09-14,6,-956.4140420846386,956.4140420846386,0.0,0.0,0.0,206.8410907092473,206.8410907092473,0.0,0.0,0.0,0.0,0.0,0,0.0,0,0.0,0.0,0.0,0.2
main,v040,LOSO-nes-f2,secondary,LOSO,nested,2,B,Centralized PPO|wcnc2027_ablation/central_seed99/ppo_multi_site.zip,Centralized PPO,99,R,wcnc2027_ablation 2026-09-14,7,-2454.094797873538,695.8162380312472,1747.625349642291,1.4032102000000002,9.25,220.78854183281305,220.43773928281303,0.08721506442021804,0.0019821605550049554,0.08721506442021804,0.08721506442021804,0.18929633300297324,74,7.040634291377602,88,46.65668758477374,1576.7739628035374,0.7619792991069285,0.2
main,v040,LOSO-nes-f2,secondary,LOSO,nested,2,B,Centralized PPO|wcnc2027_ablation/central_seed99/ppo_multi_site.zip,Centralized PPO,99,R,wcnc2027_ablation 2026-09-14,8,-3011.500239809492,411.64678141602326,2598.9362877934686,0.4171706,0.5,243.55975910032643,243.45546645032644,0.11397423191278494,0.02081268582755203,0.11397423191278494,0.11397423191278494,0.18731417244796827,22,2.093161546085233,115,254.4553725695044,2437.8633385722264,0.8533148660270924,0.2
main,v040,LOSO-nes-f2,secondary,LOSO,nested,2,B,Centralized PPO|wcnc2027_ablation/central_seed99/ppo_multi_site.zip,Centralized PPO,99,R,wcnc2027_ablation 2026-09-14,9,-883.3060113243149,80.8896730489098,802.416338275405,0.0,0.0,207.2467744470471,207.2467744470471,0.04558969276511397,0.04558969276511397,0.0,0.04558969276511397,0.0,0,0.0,46,11.017915020711406,78.76542503363426,0.6814611146923226,0.2
main,v040,LOSO-nes-f2,secondary,LOSO,nested,2,B,Shared-PPO|wcnc2027_ablation/shared_ppo_seed99/mappo_best.pt,Shared-PPO,99,R,wcnc2027_ablation 2026-09-14 (supplementary ablation),all,-5533.456775802625,4161.242912676576,1290.925359726049,6.7885034,74.5,1956.6032044742906,1954.9060786242908,0.006739345887016849,0.0046580773042616454,0.0020812685827552033,0.006739345887016849,0.08751238850346878,358,3.4061446977205154,68,15.244051683574087,506.8269331029031,0.7328065488853182,0.2
main,v040,LOSO-nes-f2,secondary,LOSO,nested,2,B,Shared-PPO|wcnc2027_ablation/shared_ppo_seed99/mappo_best.pt,Shared-PPO,99,R,wcnc2027_ablation 2026-09-14 (supplementary ablation),0,-804.8393037344426,784.4964705344427,0.0,1.5928332,18.75,176.10363239398652,175.70542409398652,0.0,0.0,0.0,0.0,0.2309217046580773,84,7.992071357779981,0,0.0,0.0,0.0,0.2
main,v040,LOSO-nes-f2,secondary,LOSO,nested,2,B,Shared-PPO|wcnc2027_ablation/shared_ppo_seed99/mappo_best.pt,Shared-PPO,99,R,wcnc2027_ablation 2026-09-14 (supplementary ablation),1,-528.7364681547949,453.1083127566164,64.18004039817865,0.948115,10.5,191.13852840660974,190.90149965660973,0.002973240832507433,0.0,0.002973240832507433,0.002973240832507433,0.1199207135777998,50,4.757185332011893,3,0.8745422906869379,1.1057987904830557,0.8131115599797628,0.2
main,v040,LOSO-nes-f2,secondary,LOSO,nested,2,B,Shared-PPO|wcnc2027_ablation/shared_ppo_seed99/mappo_best.pt,Shared-PPO,99,R,wcnc2027_ablation 2026-09-14 (supplementary ablation),2,-334.1931232982488,277.21557569824876,54.0,0.22754760000000002,2.75,206.2095865595452,206.15269965954516,0.0019821605550049554,0.0,0.0019821605550049554,0.0019821605550049554,0.007928642220019821,12,1.1417244796828543,2,1.17626996617156,1.274046530704651,1.0,0.2
main,v040,LOSO-nes-f2,secondary,LOSO,nested,2,B,Shared-PPO|wcnc2027_ablation/shared_ppo_seed99/mappo_best.pt,Shared-PPO,99,R,wcnc2027_ablation 2026-09-14 (supplementary ablation),3,-164.70421167677037,137.70421167677037,27.0,0.0,0.0,207.04287516734337,207.04287516734337,0.0009910802775024777,0.0009910802775024777,0.0,0.0009910802775024777,0.0,0,0.0,1,4.943537109139514,4.943537109139514,1.0,0.2
main,v040,LOSO-nes-f2,secondary,LOSO,nested,2,B,Shared-PPO|wcnc2027_ablation/shared_ppo_seed99/mappo_best.pt,Shared-PPO,99,R,wcnc2027_ablation 2026-09-14 (supplementary ablation),4,-623.6157974626173,541.7093000662599,74.3600807963573,0.7964166,6.75,186.1922970236859,185.99319287368593,0.003964321110009911,0.0,0.003964321110009911,0.003964321110009911,0.14866204162537167,42,3.9960356788899905,4,0.7589140407888789,1.0784934016384693,0.7196673399696443,0.2
main,v040,LOSO-nes-f2,secondary,LOSO,nested,2,B,Shared-PPO|wcnc2027_ablation/shared_ppo_seed99/mappo_best.pt,Shared-PPO,99,R,wcnc2027_ablation 2026-09-14 (supplementary ablation),5,-397.51893953918903,354.2700301410104,37.18004039817865,0.5688690000000001,5.5,199.64704214721826,199.50482489721824,0.0019821605550049554,0.0,0.0019821605550049554,0.0019821605550049554,0.062438057482656094,30,2.8543111992071357,2,0.7589140407888788,1.0784934016384693,0.7196673399696442,0.2
main,v040,LOSO-nes-f2,secondary,LOSO,nested,2,B,Shared-PPO|wcnc2027_ablation/shared_ppo_seed99/mappo_best.pt,Shared-PPO,99,R,wcnc2027_ablation 2026-09-14 (supplementary ablation),6,-753.6366020178554,623.3254215581048,113.60881945975059,1.327361,15.375,188.5685021475127,188.2366618975127,0.004955401387512388,0.0,0.004955401387512388,0.004955401387512388,0.14073339940535184,70,6.6600594648166505,5,102.06987479129538,506.8269331029031,0.8573921297316707,0.2
main,v040,LOSO-nes-f2,secondary,LOSO,nested,2,B,Shared-PPO|wcnc2027_ablation/shared_ppo_seed99/mappo_best.pt,Shared-PPO,99,R,wcnc2027_ablation 2026-09-14 (supplementary ablation),7,-626.559735781626,553.7082787834473,64.18004039817865,0.7964166,7.875,191.5194142223154,191.3203100723154,0.002973240832507433,0.0,0.002973240832507433,0.002973240832507433,0.13082259663032705,42,3.9960356788899905,3,0.9306248707608029,1.274046530704651,0.8131115599797628,0.2
main,v040,LOSO-nes-f2,secondary,LOSO,nested,2,B,Shared-PPO|wcnc2027_ablation/shared_ppo_seed99/mappo_best.pt,Shared-PPO,99,R,wcnc2027_ablation 2026-09-14 (supplementary ablation),8,-416.3465828127658,354.8156384127658,54.0,0.5309444,7.0,202.9345519590264,202.80181585902642,0.0019821605550049554,0.0,0.0019821605550049554,0.0019821605550049554,0.03369672943508424,28,2.66402378592666,2,1.0784934016384693,1.0784934016384693,1.0,0.2
main,v040,LOSO-nes-f2,secondary,LOSO,nested,2,B,Shared-PPO|wcnc2027_ablation/shared_ppo_seed99/mappo_best.pt,Shared-PPO,99,R,wcnc2027_ablation 2026-09-14 (supplementary ablation),9,-883.3060113243149,80.8896730489098,802.416338275405,0.0,0.0,207.2467744470471,207.2467744470471,0.04558969276511397,0.04558969276511397,0.0,0.04558969276511397,0.0,0,0.0,46,11.017915020711406,78.76542503363426,0.6814611146923226,0.2
main,v040,LOSO-nes-f2,secondary,LOSO,nested,2,B,MAPPO|mappo_seed1_20260517T110908/mappo_best.pt,MAPPO,1,P,"May 2026, pre-781c90c reward",all,-5455.439130858387,4294.880674526874,1098.385238531513,5.4232178,56.75,1973.3310112630058,1971.975206813006,0.005847373637264618,0.0046580773042616454,0.0011892963330029733,0.005847373637264618,0.06848364717542121,286,2.721110009910803,59,17.430770233478924,506.8269331029031,0.7205566319387079,0.2
main,v040,LOSO-nes-f2,secondary,LOSO,nested,2,B,MAPPO|mappo_seed1_20260517T110908/mappo_best.pt,MAPPO,1,P,"May 2026, pre-781c90c reward",0,-831.4185584236509,819.4437450236508,0.0,1.0998134000000002,10.875,180.34749314651503,180.072539796515,0.0,0.0,0.0,0.0,0.18533201189296333,58,5.518334985133796,0,0.0,0.0,0.0,0.2
main,v040,LOSO-nes-f2,secondary,LOSO,nested,2,B,MAPPO|mappo_seed1_20260517T110908/mappo_best.pt,MAPPO,1,P,"May 2026, pre-781c90c reward",1,-518.0609194961255,472.9973870979469,37.18004039817865,0.758492,7.125,193.52767925412937,193.33805625412936,0.0019821605550049554,0.0,0.0019821605550049554,0.0019821605550049554,0.0931615460852329,40,3.8057482656095147,2,0.772566735211172,1.1057987904830557,0.7196673399696442,0.2
main,v040,LOSO-nes-f2,secondary,LOSO,nested,2,B,MAPPO|mappo_seed1_20260517T110908/mappo_best.pt,MAPPO,1,P,"May 2026, pre-781c90c reward",2,-308.7227195572506,280.10894575725064,27.0,0.11377380000000001,1.5,206.55192063718997,206.52347718718997,0.0009910802775024777,0.0,0.0009910802775024777,0.0009910802775024777,0.002973240832507433,6,0.5708622398414271,1,1.0784934016384693,1.0784934016384693,1.0,0.2
main,v040,LOSO-nes-f2,secondary,LOSO,nested,2,B,MAPPO|mappo_seed1_20260517T110908/mappo_best.pt,MAPPO,1,P,"May 2026, pre-781c90c reward",3,-164.70421167677037,137.70421167677037,27.0,0.0,0.0,207.04287516734337,207.04287516734337,0.0009910802775024777,0.0009910802775024777,0.0,0.0009910802775024777,0.0,0,0.0,1,4.943537109139514,4.943537109139514,1.0,0.2
main,v040,LOSO-nes-f2,secondary,LOSO,nested,2,B,MAPPO|mappo_seed1_20260517T110908/mappo_best.pt,MAPPO,1,P,"May 2026, pre-781c90c reward",4,-634.36467395046,559.4373677522815,64.18004039817865,0.8722658000000001,9.875,188.37005934093375,188.15199289093374,0.002973240832507433,0.0,0.002973240832507433,0.002973240832507433,0.12586719524281467,46,4.376610505450942,3,0.865440494405409,1.0784934016384693,0.8131115599797628,0.2
main,v040,LOSO-nes-f2,secondary,LOSO,nested,2,B,MAPPO|mappo_seed1_20260517T110908/mappo_best.pt,MAPPO,1,P,"May 2026, pre-781c90c reward",5,-366.2756487691976,363.4343273691976,0.0,0.3413214,2.5,200.85825151365955,200.77292116365956,0.0,0.0,0.0,0.0,0.04658077304261645,18,1.7125867195242817,0,0.0,0.0,0.0,0.2
main,v040,LOSO-nes-f2,secondary,LOSO,nested,2,B,MAPPO|mappo_seed1_20260517T110908/mappo_best.pt,MAPPO,1,P,"May 2026, pre-781c90c reward",6,-741.7848699177332,640.2503878579824,86.60881945975059,1.1756626,13.75,190.96064914604426,190.66673349604426,0.003964321110009911,0.0,0.003964321110009911,0.003964321110009911,0.11298315163528246,62,5.898909811694748,4,127.3177201387096,506.8269331029031,0.8217401621645883,0.2
main,v040,LOSO-nes-f2,secondary,LOSO,nested,2,B,MAPPO|mappo_seed1_20260517T110908/mappo_best.pt,MAPPO,1,P,"May 2026, pre-781c90c reward",7,-605.9984582232912,573.228740023291,27.0,0.6447182,5.125,194.04859335394508,193.8874138039451,0.0009910802775024777,0.0,0.0009910802775024777,0.0009910802775024777,0.09910802775024777,34,3.2348860257680876,1,1.0784934016384693,1.0784934016384693,1.0,0.2
main,v040,LOSO-nes-f2,secondary,LOSO,nested,2,B,MAPPO|mappo_seed1_20260517T110908/mappo_best.pt,MAPPO,1,P,"May 2026, pre-781c90c reward",8,-400.80305951959303,367.38588891959307,27.0,0.41717060000000006,6.0,204.37671525619848,204.2724226061985,0.0009910802775024777,0.0,0.0009910802775024777,0.0009910802775024777,0.018830525272547076,22,2.093161546085233,1,1.0784934016384693,1.0784934016384693,1.0,0.2
main,v040,LOSO-nes-f2,secondary,LOSO,nested,2,B,MAPPO|mappo_seed1_20260517T110908/mappo_best.pt,MAPPO,1,P,"May 2026, pre-781c90c reward",9,-883.3060113243149,80.8896730489098,802.416338275405,0.0,0.0,207.2467744470471,207.2467744470471,0.04558969276511397,0.04558969276511397,0.0,0.04558969276511397,0.0,0,0.0,46,11.017915020711406,78.76542503363426,0.6814611146923226,0.2
main,v040,LOSO-nes-f2,secondary,LOSO,nested,2,B,MAPPO|mappo_seed7_20260517T003433/mappo_best.pt,MAPPO,7,P,"May 2026, pre-781c90c reward",all,-5515.3696238119755,4221.1081216859275,1236.925359726049,5.4611424,51.875,1962.9989492091597,1961.6336636091596,0.006541129831516353,0.0046580773042616454,0.0018830525272547076,0.006541129831516353,0.08126858275520317,288,2.7401387512388506,66,15.670348099252948,506.8269331029031,0.7247097776394187,0.2
main,v040,LOSO-nes-f2,secondary,LOSO,nested,2,B,MAPPO|mappo_seed7_20260517T003433/mappo_best.pt,MAPPO,7,P,"May 2026, pre-781c90c reward",0,-810.7241276594337,800.3743142594337,0.0,1.0998134000000002,9.25,177.73135202766161,177.4563986776616,0.0,0.0,0.0,0.0,0.21704658077304262,58,5.518334985133796,0,0.0,0.0,0.0,0.2
main,v040,LOSO-nes-f2,secondary,LOSO,nested,2,B,MAPPO|mappo_seed7_20260517T003433/mappo_best.pt,MAPPO,7,P,"May 2026, pre-781c90c reward",1,-530.2507817210399,459.22517392286125,64.18004039817865,0.7205674,6.125,191.8037423987334,191.62360054873338,0.002973240832507433,0.0,0.002973240832507433,0.002973240832507433,0.11496531219028741,38,3.615460852329039,3,0.8745422906869379,1.1057987904830557,0.8131115599797628,0.2
main,v040,LOSO-nes-f2,secondary,LOSO,nested,2,B,MAPPO|mappo_seed7_20260517T003433/mappo_best.pt,MAPPO,7,P,"May 2026, pre-781c90c reward",2,-309.6186499103478,281.0048761103478,27.0,0.11377380000000001,1.5,206.60041886788855,206.57197541788855,0.0009910802775024777,0.0,0.0009910802775024777,0.0009910802775024777,0.002973240832507433,6,0.5708622398414271,1,1.0784934016384693,1.0784934016384693,1.0,0.2
main,v040,LOSO-nes-f2,secondary,LOSO,nested,2,B,MAPPO|mappo_seed7_20260517T003433/mappo_best.pt,MAPPO,7,P,"May 2026, pre-781c90c reward",3,-164.70421167677037,137.70421167677037,27.0,0.0,0.0,207.04287516734337,207.04287516734337,0.0009910802775024777,0.0009910802775024777,0.0,0.0009910802775024777,0.0,0,0.0,1,4.943537109139514,4.943537109139514,1.0,0.2
main,v040,LOSO-nes-f2,secondary,LOSO,nested,2,B,MAPPO|mappo_seed7_20260517T003433/mappo_best.pt,MAPPO,7,P,"May 2026, pre-781c90c reward",4,-638.4581024166771,544.9965646221412,84.54012119453594,0.7964166,8.125,186.42850116704972,186.2293970170497,0.004955401387512388,0.0,0.004955401387512388,0.004955401387512388,0.1466798810703667,42,3.9960356788899905,5,0.6949981686189608,1.0784934016384693,0.6636008079635731,0.2
main,v040,LOSO-nes-f2,secondary,LOSO,nested,2,B,MAPPO|mappo_seed7_20260517T003433/mappo_best.pt,MAPPO,7,P,"May 2026, pre-781c90c reward",5,-389.0828027643198,359.0785567643198,27.0,0.379246,2.625,200.20515266639927,200.11034116639928,0.0009910802775024777,0.0,0.0009910802775024777,0.0009910802775024777,0.05550049554013875,20,1.9028741328047574,1,1.0784934016384693,1.0784934016384693,1.0,0.2
main,v040,LOSO-nes-f2,secondary,LOSO,nested,2,B,MAPPO|mappo_seed7_20260517T003433/mappo_best.pt,MAPPO,7,P,"May 2026, pre-781c90c reward",6,-760.4011404588857,634.0295829991352,113.60881945975059,1.1377380000000001,11.625,189.82413039997317,189.53969589997314,0.004955401387512388,0.0,0.004955401387512388,0.004955401387512388,0.1288404360753221,60,5.708622398414271,5,102.06987479129538,506.8269331029031,0.8573921297316707,0.2
main,v040,LOSO-nes-f2,secondary,LOSO,nested,2,B,MAPPO|mappo_seed7_20260517T003433/mappo_best.pt,MAPPO,7,P,"May 2026, pre-781c90c reward",7,-610.5969702540149,566.0713624558363,37.18004039817865,0.7205674,6.625,192.83698672069752,192.65684487069754,0.0019821605550049554,0.0,0.0019821605550049554,0.0019821605550049554,0.1159563924677899,38,3.615460852329039,2,0.8566906053219696,1.274046530704651,0.7196673399696442,0.2
main,v040,LOSO-nes-f2,secondary,LOSO,nested,2,B,MAPPO|mappo_seed7_20260517T003433/mappo_best.pt,MAPPO,7,P,"May 2026, pre-781c90c reward",8,-418.2268256261723,357.7338058261723,54.0,0.4930198,6.0,203.27901534636595,203.15576039636596,0.0019821605550049554,0.0,0.0019821605550049554,0.0019821605550049554,0.030723488602576808,26,2.4737363726461843,2,1.0784934016384693,1.0784934016384693,1.0,0.2
main,v040,LOSO-nes-f2,secondary,LOSO,nested,2,B,MAPPO|mappo_seed7_20260517T003433/mappo_best.pt,MAPPO,7,P,"May 2026, pre-781c90c reward",9,-883.3060113243149,80.8896730489098,802.416338275405,0.0,0.0,207.2467744470471,207.2467744470471,0.04558969276511397,0.04558969276511397,0.0,0.04558969276511397,0.0,0,0.0,46,11.017915020711406,78.76542503363426,0.6814611146923226,0.2
main,v040,LOSO-nes-f2,secondary,LOSO,nested,2,B,MAPPO|mappo_seed13_20260517T003433/mappo_best.pt,MAPPO,13,P,"May 2026, pre-781c90c reward",all,-5597.306732596893,4076.5938128835933,1443.1856425132992,6.9022772,70.625,1945.6113411985323,1943.8857718985323,0.007730426164519326,0.0046580773042616454,0.003072348860257681,0.007730426164519326,0.1016848364717542,364,3.463230921704658,78,19.83391051828134,506.8269331029031,0.7167460010740596,0.2
main,v040,LOSO-nes-f2,secondary,LOSO,nested,2,B,MAPPO|mappo_seed13_20260517T003433/mappo_best.pt,MAPPO,13,P,"May 2026, pre-781c90c reward",0,-814.6031147956086,760.0310903974298,37.18004039817865,1.516984,15.875,172.73600419054864,172.35675819054862,0.0019821605550049554,0.0,0.0019821605550049554,0.0019821605550049554,0.27353815659068387,80,7.6114965312190295,2,0.7589140407888788,1.0784934016384693,0.7196673399696442,0.2
main,v040,LOSO-nes-f2,secondary,LOSO,nested,2,B,MAPPO|mappo_seed13_20260517T003433/mappo_best.pt,MAPPO,13,P,"May 2026, pre-781c90c reward",1,-514.5666828965093,442.84022589833063,64.18004039817865,0.7964166,6.75,189.65388608087673,189.45478193087675,0.002973240832507433,0.0,0.002973240832507433,0.002973240832507433,0.13974231912784935,42,3.9960356788899905,3,0.8745422906869379,1.1057987904830557,0.8131115599797628,0.2
main,v040,LOSO-nes-f2,secondary,LOSO,nested,2,B,MAPPO|mappo_seed13_20260517T003433/mappo_best.pt,MAPPO,13,P,"May 2026, pre-781c90c reward",2,-354.2175615475159,276.4670085511586,74.3600807963573,0.26547220000000005,3.125,206.11296820987442,206.0466001598744,0.003964321110009911,0.0,0.003964321110009911,0.003964321110009911,0.009910802775024777,14,1.33201189296333,4,0.8078023230554243,1.274046530704651,0.7196673399696442,0.2
main,v040,LOSO-nes-f2,secondary,LOSO,nested,2,B,MAPPO|mappo_seed13_20260517T003433/mappo_best.pt,MAPPO,13,P,"May 2026, pre-781c90c reward",3,-164.70421167677037,137.70421167677037,27.0,0.0,0.0,207.04287516734337,207.04287516734337,0.0009910802775024777,0.0009910802775024777,0.0,0.0009910802775024777,0.0,0,0.0,1,4.943537109139514,4.943537109139514,1.0,0.2
main,v040,LOSO-nes-f2,secondary,LOSO,nested,2,B,MAPPO|mappo_seed13_20260517T003433/mappo_best.pt,MAPPO,13,P,"May 2026, pre-781c90c reward",4,-622.6570458414428,533.059281846907,84.54012119453594,0.6826428,4.375,184.96909847513615,184.79843777513616,0.004955401387512388,0.0,0.004955401387512388,0.004955401387512388,0.1645193260654113,36,3.4251734390485633,5,0.6949981686189608,1.0784934016384693,0.6636008079635731,0.2
main,v040,LOSO-nes-f2,secondary,LOSO,nested,2,B,MAPPO|mappo_seed13_20260517T003433/mappo_best.pt,MAPPO,13,P,"May 2026, pre-781c90c reward",5,-417.4227101601953,346.76087616201664,64.18004039817865,0.6067936,5.875,198.71001660279063,198.55831820279064,0.002973240832507433,0.0,0.002973240832507433,0.002973240832507433,0.07631318136769079,32,3.044598612487612,3,0.8654404944054089,1.0784934016384693,0.8131115599797628,0.2
main,v040,LOSO-nes-f2,secondary,LOSO,nested,2,B,MAPPO|mappo_seed13_20260517T003433/mappo_best.pt,MAPPO,13,P,"May 2026, pre-781c90c reward",6,-765.8567376092074,606.8938587494569,140.60881945975058,1.4790594,16.875,186.77136996395967,186.40160511395968,0.005946481665014866,0.0,0.005946481665014866,0.005946481665014866,0.1635282457879088,78,7.421209117938553,6,169.26109172275525,506.8269331029031,0.8811601081097256,0.2
main,v040,LOSO-nes-f2,secondary,LOSO,nested,2,B,MAPPO|mappo_seed13_20260517T003433/mappo_best.pt,MAPPO,13,P,"May 2026, pre-781c90c reward",7,-640.3021975720592,543.1510367775232,84.54012119453594,0.9860396,11.625,190.27719650564518,190.03068660564517,0.004955401387512388,0.0,0.004955401387512388,0.004955401387512388,0.14370664023785926,52,4.947472745292369,5,0.7341087944321971,1.274046530704651,0.6636008079635729,0.2
main,v040,LOSO-nes-f2,secondary,LOSO,nested,2,B,MAPPO|mappo_seed13_20260517T003433/mappo_best.pt,MAPPO,13,P,"May 2026, pre-781c90c reward",8,-419.6704591732689,348.7965497750903,64.18004039817865,0.5688690000000001,6.125,202.09115155531038,201.94893430531036,0.002973240832507433,0.0,0.002973240832507433,0.002973240832507433,0.04558969276511397,30,2.8543111992071357,3,0.8654404944054089,1.0784934016384693,0.8131115599797628,0.2
main,v040,LOSO-nes-f2,secondary,LOSO,nested,2,B,MAPPO|mappo_seed13_20260517T003433/mappo_best.pt,MAPPO,13,P,"May 2026, pre-781c90c reward",9,-883.3060113243149,80.8896730489098,802.416338275405,0.0,0.0,207.2467744470471,207.2467744470471,0.04558969276511397,0.04558969276511397,0.0,0.04558969276511397,0.0,0,0.0,46,11.017915020711406,78.76542503363426,0.6814611146923226,0.2
main,v040,LOSO-nes-f2,secondary,LOSO,nested,2,B,MAPPO|mappo_seed23_20260517T110908/mappo_best.pt,MAPPO,23,P,"May 2026, pre-781c90c reward",all,-5464.066582119907,4148.142287192038,1226.7453193278702,7.0539756,82.125,1955.6950755506616,1953.9315816506619,0.006442021803766105,0.0046580773042616454,0.00178394449950446,0.006442021803766105,0.08681863230921705,372,3.539345887016849,65,15.907679892304945,506.8269331029031,0.7291001637578821,0.2
main,v040,LOSO-nes-f2,secondary,LOSO,nested,2,B,MAPPO|mappo_seed23_20260517T110908/mappo_best.pt,MAPPO,23,P,"May 2026, pre-781c90c reward",0,-796.813680428886,775.232073428886,0.0,1.706607,19.875,174.91873929269929,174.49208754269927,0.0,0.0,0.0,0.0,0.24281466798810702,90,8.562933597621408,0,0.0,0.0,0.0,0.2
main,v040,LOSO-nes-f2,secondary,LOSO,nested,2,B,MAPPO|mappo_seed23_20260517T110908/mappo_best.pt,MAPPO,23,P,"May 2026, pre-781c90c reward",1,-530.0623859027806,453.68423050460194,64.18004039817865,0.948115,11.25,191.3016704876244,191.0646417376244,0.002973240832507433,0.0,0.002973240832507433,0.002973240832507433,0.11496531219028741,50,4.757185332011893,3,0.8745422906869379,1.1057987904830557,0.8131115599797628,0.2
main,v040,LOSO-nes-f2,secondary,LOSO,nested,2,B,MAPPO|mappo_seed23_20260517T110908/mappo_best.pt,MAPPO,23,P,"May 2026, pre-781c90c reward",2,-334.26933047905675,277.70470747905676,54.0,0.189623,2.375,206.28873565754202,206.24132990754202,0.0019821605550049554,0.0,0.0019821605550049554,0.0019821605550049554,0.005946481665014866,10,0.9514370664023787,2,1.17626996617156,1.274046530704651,1.0,0.2
main,v040,LOSO-nes-f2,secondary,LOSO,nested,2,B,MAPPO|mappo_seed23_20260517T110908/mappo_best.pt,MAPPO,23,P,"May 2026, pre-781c90c reward",3,-164.70421167677037,137.70421167677037,27.0,0.0,0.0,207.04287516734337,207.04287516734337,0.0009910802775024777,0.0009910802775024777,0.0,0.0009910802775024777,0.0,0,0.0,1,4.943537109139514,4.943537109139514,1.0,0.2
main,v040,LOSO-nes-f2,secondary,LOSO,nested,2,B,MAPPO|mappo_seed23_20260517T110908/mappo_best.pt,MAPPO,23,P,"May 2026, pre-781c90c reward",4,-623.2893697973831,539.0570232010257,74.3600807963573,0.8722658,9.0,185.90812954958483,185.69006309958482,0.003964321110009911,0.0,0.003964321110009911,0.003964321110009911,0.1506442021803766,46,4.376610505450942,4,0.7589140407888789,1.0784934016384693,0.7196673399696443,0.2
main,v040,LOSO-nes-f2,secondary,LOSO,nested,2,B,MAPPO|mappo_seed23_20260517T110908/mappo_best.pt,MAPPO,23,P,"May 2026, pre-781c90c reward",5,-388.913431727029,356.295411927029,27.0,0.4930198,5.125,199.96671014543062,199.84345519543064,0.0009910802775024777,0.0,0.0009910802775024777,0.0009910802775024777,0.05649157581764123,26,2.4737363726461843,1,1.0784934016384693,1.0784934016384693,1.0,0.2
main,v040,LOSO-nes-f2,secondary,LOSO,nested,2,B,MAPPO|mappo_seed23_20260517T110908/mappo_best.pt,MAPPO,23,P,"May 2026, pre-781c90c reward",6,-751.5167387849297,618.716784525179,113.60881945975059,1.4411348,17.75,188.35730403761224,187.99702033761224,0.004955401387512388,0.0,0.004955401387512388,0.004955401387512388,0.14073339940535184,76,7.230921704658078,5,102.06987479129538,506.8269331029031,0.8573921297316707,0.2
main,v040,LOSO-nes-f2,secondary,LOSO,nested,2,B,MAPPO|mappo_seed23_20260517T110908/mappo_best.pt,MAPPO,23,P,"May 2026, pre-781c90c reward",7,-600.663803977053,553.7744223788743,37.18004039817865,0.8343412000000001,8.875,191.675313760815,191.466728460815,0.0019821605550049554,0.0,0.0019821605550049554,0.0019821605550049554,0.12388503468780972,44,4.186323092170466,2,0.8566906053219696,1.274046530704651,0.7196673399696442,0.2
main,v040,LOSO-nes-f2,secondary,LOSO,nested,2,B,MAPPO|mappo_seed23_20260517T110908/mappo_best.pt,MAPPO,23,P,"May 2026, pre-781c90c reward",8,-390.52761802170414,355.0837490217041,27.0,0.5688690000000001,7.875,202.98882300496282,202.8466057549628,0.0009910802775024777,0.0,0.0009910802775024777,0.0009910802775024777,0.03270564915758176,30,2.8543111992071357,1,1.0784934016384693,1.0784934016384693,1.0,0.2
main,v040,LOSO-nes-f2,secondary,LOSO,nested,2,B,MAPPO|mappo_seed23_20260517T110908/mappo_best.pt,MAPPO,23,P,"May 2026, pre-781c90c reward",9,-883.3060113243149,80.8896730489098,802.416338275405,0.0,0.0,207.2467744470471,207.2467744470471,0.04558969276511397,0.04558969276511397,0.0,0.04558969276511397,0.0,0,0.0,46,11.017915020711406,78.76542503363426,0.6814611146923226,0.2
main,v040,LOSO-nes-f2,secondary,LOSO,nested,2,B,MAPPO|mappo_seed42_20260526T143637/mappo_best.pt,MAPPO,42,P+T,"May 2026, pre-781c90c reward",all,-5458.985250527956,4211.759070600085,1172.7453193278702,6.1058606,68.375,1964.1960001816615,1962.6695350316616,0.00624380574826561,0.0046580773042616454,0.0015857284440039642,0.00624380574826561,0.07730426164519326,322,3.0636273538156593,63,8.350694706274286,78.76542503363426,0.7205001689565451,0.2
main,v040,LOSO-nes-f2,secondary,LOSO,nested,2,B,MAPPO|mappo_seed42_20260526T143637/mappo_best.pt,MAPPO,42,P+T,"May 2026, pre-781c90c reward",0,-817.7807034151081,804.5179654151082,0.0,1.1377380000000001,12.125,178.6825452420338,178.3981107420338,0.0,0.0,0.0,0.0,0.20118929633300298,60,5.708622398414271,0,0.0,0.0,0.0,0.2
main,v040,LOSO-nes-f2,secondary,LOSO,nested,2,B,MAPPO|mappo_seed42_20260526T143637/mappo_best.pt,MAPPO,42,P+T,"May 2026, pre-781c90c reward",1,-507.14282253385113,459.4655163356725,37.18004039817865,0.8722658000000001,9.625,191.98348311806922,191.7654166680692,0.0019821605550049554,0.0,0.0019821605550049554,0.0019821605550049554,0.10802775024777007,46,4.376610505450942,2,0.772566735211172,1.1057987904830557,0.7196673399696442,0.2
main,v040,LOSO-nes-f2,secondary,LOSO,nested,2,B,MAPPO|mappo_seed42_20260526T143637/mappo_best.pt,MAPPO,42,P+T,"May 2026, pre-781c90c reward",2,-334.26933047905675,277.70470747905676,54.0,0.189623,2.375,206.28873565754202,206.24132990754202,0.0019821605550049554,0.0,0.0019821605550049554,0.0019821605550049554,0.005946481665014866,10,0.9514370664023787,2,1.17626996617156,1.274046530704651,1.0,0.2
main,v040,LOSO-nes-f2,secondary,LOSO,nested,2,B,MAPPO|mappo_seed42_20260526T143637/mappo_best.pt,MAPPO,42,P+T,"May 2026, pre-781c90c reward",3,-164.70421167677037,137.70421167677037,27.0,0.0,0.0,207.04287516734337,207.04287516734337,0.0009910802775024777,0.0009910802775024777,0.0,0.0009910802775024777,0.0,0,0.0,1,4.943537109139514,4.943537109139514,1.0,0.2
main,v040,LOSO-nes-f2,secondary,LOSO,nested,2,B,MAPPO|mappo_seed42_20260526T143637/mappo_best.pt,MAPPO,42,P+T,"May 2026, pre-781c90c reward",4,-630.5250691658487,544.7547979694913,74.3600807963573,0.9101904000000001,10.5,186.6610719453326,186.4335243453326,0.003964321110009911,0.0,0.003964321110009911,0.003964321110009911,0.14271555996035679,48,4.566897918731417,4,0.7589140407888789,1.0784934016384693,0.7196673399696443,0.2
main,v040,LOSO-nes-f2,secondary,LOSO,nested,2,B,MAPPO|mappo_seed42_20260526T143637/mappo_best.pt,MAPPO,42,P+T,"May 2026, pre-781c90c reward",5,-362.99410416339015,358.9519335633902,0.0,0.4171706,3.625,200.43737636900818,200.3330837190082,0.0,0.0,0.0,0.0,0.05054509415262636,22,2.093161546085233,0,0.0,0.0,0.0,0.2
main,v040,LOSO-nes-f2,secondary,LOSO,nested,2,B,MAPPO|mappo_seed42_20260526T143637/mappo_best.pt,MAPPO,42,P+T,"May 2026, pre-781c90c reward",6,-742.1455432590776,625.8284732011483,96.78885985792924,1.4032102,18.125,189.3720577421806,189.02125519218058,0.004955401387512388,0.0,0.004955401387512388,0.004955401387512388,0.1288404360753221,74,7.040634291377602,5,0.79235510670261,1.0784934016384693,0.7452590657195284,0.2
main,v040,LOSO-nes-f2,secondary,LOSO,nested,2,B,MAPPO|mappo_seed42_20260526T143637/mappo_best.pt,MAPPO,42,P+T,"May 2026, pre-781c90c reward",7,-624.8149592297485,563.1814672297485,54.0,0.7584920000000002,6.875,192.9274762620583,192.7378532620583,0.0019821605550049554,0.0,0.0019821605550049554,0.0019821605550049554,0.11000991080277503,40,3.8057482656095147,2,1.17626996617156,1.274046530704651,1.0,0.2
main,v040,LOSO-nes-f2,secondary,LOSO,nested,2,B,MAPPO|mappo_seed42_20260526T143637/mappo_best.pt,MAPPO,42,P+T,"May 2026, pre-781c90c reward",8,-391.30249528078946,358.7603246807895,27.0,0.41717060000000006,5.125,203.55360423104642,203.44931158104643,0.0009910802775024777,0.0,0.0009910802775024777,0.0009910802775024777,0.02576808721506442,22,2.093161546085233,1,1.0784934016384693,1.0784934016384693,1.0,0.2
main,v040,LOSO-nes-f2,secondary,LOSO,nested,2,B,MAPPO|mappo_seed42_20260526T143637/mappo_best.pt,MAPPO,42,P+T,"May 2026, pre-781c90c reward",9,-883.3060113243149,80.8896730489098,802.416338275405,0.0,0.0,207.2467744470471,207.2467744470471,0.04558969276511397,0.04558969276511397,0.0,0.04558969276511397,0.0,0,0.0,46,11.017915020711406,78.76542503363426,0.6814611146923226,0.2
main,v040,LOSO-nes-f2,secondary,LOSO,nested,2,B,MAPPO|mappo_seed64_20260517T110908/mappo_best.pt,MAPPO,64,P,"May 2026, pre-781c90c reward",all,-5364.5888961676155,4262.419268437925,1054.5652789296917,4.8543488,42.75,1968.468439292986,1967.2548520929859,0.005748265609514371,0.0046580773042616454,0.0010901883052527254,0.005748265609514371,0.07393458870168483,256,2.4356788899900894,58,8.981885378459559,78.76542503363426,0.7060719993848801,0.2
main,v040,LOSO-nes-f2,secondary,LOSO,nested,2,B,MAPPO|mappo_seed64_20260517T110908/mappo_best.pt,MAPPO,64,P,"May 2026, pre-781c90c reward",0,-823.3047542297525,815.8945638297523,0.0,0.9101904000000001,6.5,179.6695004841028,179.4419528841028,0.0,0.0,0.0,0.0,0.19425173439048563,48,4.566897918731417,0,0.0,0.0,0.0,0.2
main,v040,LOSO-nes-f2,secondary,LOSO,nested,2,B,MAPPO|mappo_seed64_20260517T110908/mappo_best.pt,MAPPO,64,P,"May 2026, pre-781c90c reward",1,-513.1114896047998,468.0479572066211,37.18004039817865,0.7584919999999999,7.125,192.92454079363188,192.73491779363184,0.0019821605550049554,0.0,0.0019821605550049554,0.0019821605550049554,0.09910802775024777,40,3.8057482656095147,2,0.772566735211172,1.1057987904830557,0.7196673399696442,0.2
main,v040,LOSO-nes-f2,secondary,LOSO,nested,2,B,MAPPO|mappo_seed64_20260517T110908/mappo_best.pt,MAPPO,64,P,"May 2026, pre-781c90c reward",2,-309.5005114376965,281.4246622376965,27.0,0.0758492,1.0,206.6623020089554,206.6433397089554,0.0009910802775024777,0.0,0.0009910802775024777,0.0009910802775024777,0.0019821605550049554,4,0.3805748265609515,1,1.0784934016384693,1.0784934016384693,1.0,0.2
main,v040,LOSO-nes-f2,secondary,LOSO,nested,2,B,MAPPO|mappo_seed64_20260517T110908/mappo_best.pt,MAPPO,64,P,"May 2026, pre-781c90c reward",3,-164.70421167677037,137.70421167677037,27.0,0.0,0.0,207.04287516734337,207.04287516734337,0.0009910802775024777,0.0009910802775024777,0.0,0.0009910802775024777,0.0,0,0.0,1,4.943537109139514,4.943537109139514,1.0,0.2
main,v040,LOSO-nes-f2,secondary,LOSO,nested,2,B,MAPPO|mappo_seed64_20260517T110908/mappo_best.pt,MAPPO,64,P,"May 2026, pre-781c90c reward",4,-617.0186457814273,545.7051133832485,64.18004039817865,0.758492,6.375,186.6831667531195,186.4935437531195,0.002973240832507433,0.0,0.002973240832507433,0.002973240832507433,0.14271555996035679,40,3.8057482656095147,3,0.865440494405409,1.0784934016384693,0.8131115599797628,0.2
main,v040,LOSO-nes-f2,secondary,LOSO,nested,2,B,MAPPO|mappo_seed64_20260517T110908/mappo_best.pt,MAPPO,64,P,"May 2026, pre-781c90c reward",5,-365.12687492137127,363.1984781213713,0.0,0.3033968,1.625,200.72357226200688,200.64772306200686,0.0,0.0,0.0,0.0,0.048562933597621406,16,1.522299306243806,0,0.0,0.0,0.0,0.2
main,v040,LOSO-nes-f2,secondary,LOSO,nested,2,B,MAPPO|mappo_seed64_20260517T110908/mappo_best.pt,MAPPO,64,P,"May 2026, pre-781c90c reward",6,-707.9954538437535,636.7376701840028,59.60881945975059,1.0239642,10.625,190.23038960067953,189.97439855067952,0.002973240832507433,0.0,0.002973240832507433,0.002973240832507433,0.12190287413280476,54,5.137760158572845,3,0.8146491506450974,1.0784934016384693,0.7623202162194511,0.2
main,v040,LOSO-nes-f2,secondary,LOSO,nested,2,B,MAPPO|mappo_seed64_20260517T110908/mappo_best.pt,MAPPO,64,P,"May 2026, pre-781c90c reward",7,-580.2098841112504,564.5101255130718,10.180040398178651,0.6447182,4.875,192.9626461579566,192.80146660795663,0.0009910802775024777,0.0,0.0009910802775024777,0.0009910802775024777,0.1110009910802775,34,3.2348860257680876,1,0.4393346799392884,0.4393346799392884,0.4393346799392883,0.2
main,v040,LOSO-nes-f2,secondary,LOSO,nested,2,B,MAPPO|mappo_seed64_20260517T110908/mappo_best.pt,MAPPO,64,P,"May 2026, pre-781c90c reward",8,-400.31105923647976,368.30681323647974,27.0,0.379246,4.625,204.3226716181428,204.22786011814281,0.0009910802775024777,0.0,0.0009910802775024777,0.0009910802775024777,0.019821605550049554,20,1.9028741328047574,1,1.0784934016384693,1.0784934016384693,1.0,0.2
main,v040,LOSO-nes-f2,secondary,LOSO,nested,2,B,MAPPO|mappo_seed64_20260517T110908/mappo_best.pt,MAPPO,64,P,"May 2026, pre-781c90c reward",9,-883.3060113243149,80.8896730489098,802.416338275405,0.0,0.0,207.2467744470471,207.2467744470471,0.04558969276511397,0.04558969276511397,0.0,0.04558969276511397,0.0,0,0.0,46,11.017915020711406,78.76542503363426,0.6814611146923226,0.2
main,v040,LOSO-nes-f2,secondary,LOSO,nested,2,B,Centralized PPO|central_nr_seed64/ppo_multi_site.zip,Centralized PPO,64,L,"Aug 2026, current reward",all,-21879.73252092379,5513.501703705504,16296.668618418287,4.4371988,65.125,2238.6972780689402,2237.5879783689406,0.07809712586719525,0.011496531219028742,0.0734390485629336,0.07809712586719525,0.1840436075322101,233,2.216848364717542,788,91.67464025815437,3200.590467190297,0.7893683848738701,0.2
main,v040,LOSO-nes-f2,secondary,LOSO,nested,2,B,Centralized PPO|central_nr_seed64/ppo_multi_site.zip,Centralized PPO,64,L,"Aug 2026, current reward",0,-4378.587133032929,841.6156850777033,3536.9714273552254,2.06e-05,0.0,226.6264346711247,226.62642952112472,0.20812685827552033,0.006937561942517344,0.20812685827552033,0.20812685827552033,1.0,0,0.0,210,27.710456584867785,1576.7739628035374,0.6614240360881312,0.2
main,v040,LOSO-nes-f2,secondary,LOSO,nested,2,B,Centralized PPO|central_nr_seed64/ppo_multi_site.zip,Centralized PPO,64,L,"Aug 2026, current reward",1,-3422.984545825817,499.77053428698866,2904.3374997388282,1.2515118,17.625,225.0973860541894,224.7845081041894,0.14370664023785926,0.003964321110009911,0.14370664023785926,0.14370664023785926,0.38354806739345887,65,6.184340931615461,145,39.07944208585956,506.8269331029031,0.7676637930434089,0.2
main,v040,LOSO-nes-f2,secondary,LOSO,nested,2,B,Centralized PPO|central_nr_seed64/ppo_multi_site.zip,Centralized PPO,64,L,"Aug 2026, current reward",2,-285.131772111562,285.131772111562,0.0,0.0,0.0,206.91604362617895,206.91604362617895,0.0,0.0,0.0,0.0,0.0,0,0.0,0,0.0,0.0,0.0,0.2
main,v040,LOSO-nes-f2,secondary,LOSO,nested,2,B,Centralized PPO|central_nr_seed64/ppo_multi_site.zip,Centralized PPO,64,L,"Aug 2026, current reward",3,-164.70421167677037,137.70421167677037,27.0,0.0,0.0,207.04287516734337,207.04287516734337,0.0009910802775024777,0.0009910802775024777,0.0,0.0009910802775024777,0.0,0,0.0,1,4.943537109139514,4.943537109139514,1.0,0.2
main,v040,LOSO-nes-f2,secondary,LOSO,nested,2,B,Centralized PPO|central_nr_seed64/ppo_multi_site.zip,Centralized PPO,64,L,"Aug 2026, current reward",4,-10185.791062011447,1109.1620425626188,9025.943353048828,3.1856664,47.5,338.3074712780902,337.51105467809015,0.38255698711595637,0.057482656095143705,0.38255698711595637,0.38255698711595637,0.4568880079286422,168,15.984142715559962,386,156.0677044302899,3200.590467190297,0.8794424311786553,0.2
main,v040,LOSO-nes-f2,secondary,LOSO,nested,2,B,Centralized PPO|central_nr_seed64/ppo_multi_site.zip,Centralized PPO,64,L,"Aug 2026, current reward",5,-443.1623741628722,443.1623741628722,0.0,0.0,0.0,206.88829172154493,206.88829172154493,0.0,0.0,0.0,0.0,0.0,0,0.0,0,0.0,0.0,0.0,0.2
main,v040,LOSO-nes-f2,secondary,LOSO,nested,2,B,Centralized PPO|central_nr_seed64/ppo_multi_site.zip,Centralized PPO,64,L,"Aug 2026, current reward",6,-956.4140420846386,956.4140420846386,0.0,0.0,0.0,206.8410907092473,206.8410907092473,0.0,0.0,0.0,0.0,0.0,0,0.0,0,0.0,0.0,0.0,0.2
main,v040,LOSO-nes-f2,secondary,LOSO,nested,2,B,Centralized PPO|central_nr_seed64/ppo_multi_site.zip,Centralized PPO,64,L,"Aug 2026, current reward",7,-757.8389205365211,757.8389205365211,0.0,0.0,0.0,206.84272456064485,206.84272456064485,0.0,0.0,0.0,0.0,0.0,0,0.0,0,0.0,0.0,0.0,0.2
main,v040,LOSO-nes-f2,secondary,LOSO,nested,2,B,Centralized PPO|central_nr_seed64/ppo_multi_site.zip,Centralized PPO,64,L,"Aug 2026, current reward",8,-401.81244815691986,401.81244815691986,0.0,0.0,0.0,206.8881858335294,206.8881858335294,0.0,0.0,0.0,0.0,0.0,0,0.0,0,0.0,0.0,0.0,0.2
main,v040,LOSO-nes-f2,secondary,LOSO,nested,2,B,Centralized PPO|central_nr_seed64/ppo_multi_site.zip,Centralized PPO,64,L,"Aug 2026, current reward",9,-883.3060113243149,80.8896730489098,802.416338275405,0.0,0.0,207.2467744470471,207.2467744470471,0.04558969276511397,0.04558969276511397,0.0,0.04558969276511397,0.0,0,0.0,46,11.017915020711406,78.76542503363426,0.6814611146923226,0.2
main,v040,LOSO-nes-f2,secondary,LOSO,nested,2,B,Centralized PPO|central_nr_seed77/ppo_multi_site.zip,Centralized PPO,77,L,"Aug 2026, current reward",all,-20808.232390450783,5127.479467334138,15661.200728116644,2.427195,17.125,2207.8019091315,2207.1951103815,0.07710604558969276,0.00842418235877106,0.07244796828543112,0.07710604558969276,0.21040634291377602,126,1.198810703666997,778,50.51736955281953,1576.7739628035374,0.7710026018901733,0.2
main,v040,LOSO-nes-f2,secondary,LOSO,nested,2,B,Centralized PPO|central_nr_seed77/ppo_multi_site.zip,Centralized PPO,77,L,"Aug 2026, current reward",0,-4378.587133032929,841.6156850777033,3536.9714273552254,2.06e-05,0.0,226.6264346711247,226.62642952112472,0.20812685827552033,0.006937561942517344,0.20812685827552033,0.20812685827552033,1.0,0,0.0,210,27.710456584867785,1576.7739628035374,0.6614240360881312,0.2
main,v040,LOSO-nes-f2,secondary,LOSO,nested,2,B,Centralized PPO|central_nr_seed77/ppo_multi_site.zip,Centralized PPO,77,L,"Aug 2026, current reward",1,-1617.4399268609181,480.5364385924146,1133.2587700685035,0.6447182,3.0,205.3995095783992,205.23833002839922,0.06045589692765114,0.002973240832507433,0.06045589692765114,0.06045589692765114,0.2556987115956392,33,3.1397423191278495,61,33.81852844575659,505.21717638005447,0.7192670874691275,0.2
main,v040,LOSO-nes-f2,secondary,LOSO,nested,2,B,Centralized PPO|central_nr_seed77/ppo_multi_site.zip,Centralized PPO,77,L,"Aug 2026, current reward",2,-285.131772111562,285.131772111562,0.0,0.0,0.0,206.91604362617895,206.91604362617895,0.0,0.0,0.0,0.0,0.0,0,0.0,0,0.0,0.0,0.0,0.2
main,v040,LOSO-nes-f2,secondary,LOSO,nested,2,B,Centralized PPO|central_nr_seed77/ppo_multi_site.zip,Centralized PPO,77,L,"Aug 2026, current reward",3,-164.70421167677037,137.70421167677037,27.0,0.0,0.0,207.04287516734337,207.04287516734337,0.0009910802775024777,0.0009910802775024777,0.0,0.0009910802775024777,0.0,0,0.0,1,4.943537109139514,4.943537109139514,1.0,0.2
main,v040,LOSO-nes-f2,secondary,LOSO,nested,2,B,Centralized PPO|central_nr_seed77/ppo_multi_site.zip,Centralized PPO,77,L,"Aug 2026, current reward",4,-9925.475033951103,729.0492759190204,9189.113869232082,1.0618888,6.25,315.8417953395567,315.5763231395567,0.41526263627353815,0.02180376610505451,0.41526263627353815,0.41526263627353815,0.8067393458870169,55,5.232903865213083,419,53.37904944713357,1576.7739628035374,0.8310353117925284,0.2
main,v040,LOSO-nes-f2,secondary,LOSO,nested,2,B,Centralized PPO|central_nr_seed77/ppo_multi_site.zip,Centralized PPO,77,L,"Aug 2026, current reward",5,-443.1623741628722,443.1623741628722,0.0,0.0,0.0,206.88829172154493,206.88829172154493,0.0,0.0,0.0,0.0,0.0,0,0.0,0,0.0,0.0,0.0,0.2
main,v040,LOSO-nes-f2,secondary,LOSO,nested,2,B,Centralized PPO|central_nr_seed77/ppo_multi_site.zip,Centralized PPO,77,L,"Aug 2026, current reward",6,-1950.7745586368728,969.7386680514437,972.4403231854292,0.7205674000000001,7.875,218.10927418613085,217.9291323361308,0.040634291377601585,0.005946481665014866,0.040634291377601585,0.040634291377601585,0.04162537165510406,38,3.615460852329039,41,208.36092799193608,1576.7739628035374,0.8906018887686417,0.2
main,v040,LOSO-nes-f2,secondary,LOSO,nested,2,B,Centralized PPO|central_nr_seed77/ppo_multi_site.zip,Centralized PPO,77,L,"Aug 2026, current reward",7,-757.8389205365211,757.8389205365211,0.0,0.0,0.0,206.84272456064485,206.84272456064485,0.0,0.0,0.0,0.0,0.0,0,0.0,0,0.0,0.0,0.0,0.2
main,v040,LOSO-nes-f2,secondary,LOSO,nested,2,B,Centralized PPO|central_nr_seed77/ppo_multi_site.zip,Centralized PPO,77,L,"Aug 2026, current reward",8,-401.81244815691986,401.81244815691986,0.0,0.0,0.0,206.8881858335294,206.8881858335294,0.0,0.0,0.0,0.0,0.0,0,0.0,0,0.0,0.0,0.0,0.2
main,v040,LOSO-nes-f2,secondary,LOSO,nested,2,B,Centralized PPO|central_nr_seed77/ppo_multi_site.zip,Centralized PPO,77,L,"Aug 2026, current reward",9,-883.3060113243149,80.8896730489098,802.416338275405,0.0,0.0,207.2467744470471,207.2467744470471,0.04558969276511397,0.04558969276511397,0.0,0.04558969276511397,0.0,0,0.0,46,11.017915020711406,78.76542503363426,0.6814611146923226,0.2
main,v040,LOSO-nes-f2,secondary,LOSO,nested,2,B,Centralized PPO|ppo_multi_site_seed42_20260515T234034/ppo_multi_site.zip,Centralized PPO,42,L,"May 2026, pre-781c90c reward",all,-14199.091277110034,5596.89500548811,8586.054246421925,1.5170252,14.625,2135.6936707236355,2135.3144144236353,0.04499504459861249,0.008919722497522299,0.040336967294350844,0.04499504459861249,0.14757185332011893,80,0.761149653121903,454,98.71510827044852,2213.1720412039294,0.7304004586212867,0.2
main,v040,LOSO-nes-f2,secondary,LOSO,nested,2,B,Centralized PPO|ppo_multi_site_seed42_20260515T234034/ppo_multi_site.zip,Centralized PPO,42,L,"May 2026, pre-781c90c reward",0,-4378.587133032929,841.6156850777033,3536.9714273552254,2.06e-05,0.0,226.6264346711247,226.62642952112472,0.20812685827552033,0.006937561942517344,0.20812685827552033,0.20812685827552033,1.0,0,0.0,210,27.710456584867785,1576.7739628035374,0.6614240360881312,0.2
main,v040,LOSO-nes-f2,secondary,LOSO,nested,2,B,Centralized PPO|ppo_multi_site_seed42_20260515T234034/ppo_multi_site.zip,Centralized PPO,42,L,"May 2026, pre-781c90c reward",1,-869.0016926283404,869.0016926283404,0.0,0.0,0.0,206.86854941298162,206.86854941298162,0.0,0.0,0.0,0.0,0.0,0,0.0,0,0.0,0.0,0.0,0.2
main,v040,LOSO-nes-f2,secondary,LOSO,nested,2,B,Centralized PPO|ppo_multi_site_seed42_20260515T234034/ppo_multi_site.zip,Centralized PPO,42,L,"May 2026, pre-781c90c reward",2,-285.131772111562,285.131772111562,0.0,0.0,0.0,206.91604362617895,206.91604362617895,0.0,0.0,0.0,0.0,0.0,0,0.0,0,0.0,0.0,0.0,0.2
main,v040,LOSO-nes-f2,secondary,LOSO,nested,2,B,Centralized PPO|ppo_multi_site_seed42_20260515T234034/ppo_multi_site.zip,Centralized PPO,42,L,"May 2026, pre-781c90c reward",3,-164.70421167677037,137.70421167677037,27.0,0.0,0.0,207.04287516734337,207.04287516734337,0.0009910802775024777,0.0009910802775024777,0.0,0.0009910802775024777,0.0,0,0.0,1,4.943537109139514,4.943537109139514,1.0,0.2
main,v040,LOSO-nes-f2,secondary,LOSO,nested,2,B,Centralized PPO|ppo_multi_site_seed42_20260515T234034/ppo_multi_site.zip,Centralized PPO,42,L,"May 2026, pre-781c90c reward",4,-3350.050565289128,997.2801263036984,2349.4403231854294,0.4551158,2.875,245.7552454446503,245.6414664946503,0.09117938553022795,0.03468780971258672,0.09117938553022795,0.09117938553022795,0.08424182358771061,25,2.3785926660059467,92,400.3405466219309,2213.1720412039294,0.9512464939077643,0.2
main,v040,LOSO-nes-f2,secondary,LOSO,nested,2,B,Centralized PPO|ppo_multi_site_seed42_20260515T234034/ppo_multi_site.zip,Centralized PPO,42,L,"May 2026, pre-781c90c reward",5,-443.1623741628722,443.1623741628722,0.0,0.0,0.0,206.88829172154493,206.88829172154493,0.0,0.0,0.0,0.0,0.0,0,0.0,0,0.0,0.0,0.0,0.2
main,v040,LOSO-nes-f2,secondary,LOSO,nested,2,B,Centralized PPO|ppo_multi_site_seed42_20260515T234034/ppo_multi_site.zip,Centralized PPO,42,L,"May 2026, pre-781c90c reward",6,-956.4140420846386,956.4140420846386,0.0,0.0,0.0,206.8410907092473,206.8410907092473,0.0,0.0,0.0,0.0,0.0,0,0.0,0,0.0,0.0,0.0,0.2
main,v040,LOSO-nes-f2,secondary,LOSO,nested,2,B,Centralized PPO|ppo_multi_site_seed42_20260515T234034/ppo_multi_site.zip,Centralized PPO,42,L,"May 2026, pre-781c90c reward",7,-2466.9210266425594,583.882980236695,1870.226157605864,1.0618888,11.75,214.62017968998754,214.35470748998753,0.10406342913776016,0.0009910802775024777,0.10406342913776016,0.10406342913776016,0.3914767096134787,55,5.232903865213083,105,15.755860520779866,1576.7739628035374,0.6937225897161473,0.2
main,v040,LOSO-nes-f2,secondary,LOSO,nested,2,B,Centralized PPO|ppo_multi_site_seed42_20260515T234034/ppo_multi_site.zip,Centralized PPO,42,L,"May 2026, pre-781c90c reward",8,-401.81244815691986,401.81244815691986,0.0,0.0,0.0,206.8881858335294,206.8881858335294,0.0,0.0,0.0,0.0,0.0,0,0.0,0,0.0,0.0,0.0,0.2
main,v040,LOSO-nes-f2,secondary,LOSO,nested,2,B,Centralized PPO|ppo_multi_site_seed42_20260515T234034/ppo_multi_site.zip,Centralized PPO,42,L,"May 2026, pre-781c90c reward",9,-883.3060113243149,80.8896730489098,802.416338275405,0.0,0.0,207.2467744470471,207.2467744470471,0.04558969276511397,0.04558969276511397,0.0,0.04558969276511397,0.0,0,0.0,46,11.017915020711406,78.76542503363426,0.6814611146923226,0.2
main,v040,LOSO-nes-f2,secondary,LOSO,nested,2,B,Centralized PPO|ppo_multi_site_seed7_20260516T092256/ppo_multi_site.zip,Centralized PPO,7,L,"May 2026, pre-781c90c reward",all,-7434.832583915767,6084.965233860397,1346.39678265537,0.7205674,2.75,2068.4069248977103,2068.226783047711,0.007234886025768088,0.0048562933597621405,0.002576808721506442,0.007234886025768088,0.009217046580773042,36,0.34251734390485633,73,65.45404830610619,1450.5850115219898,0.7147930514408083,0.2
main,v040,LOSO-nes-f2,secondary,LOSO,nested,2,B,Centralized PPO|ppo_multi_site_seed7_20260516T092256/ppo_multi_site.zip,Centralized PPO,7,L,"May 2026, pre-781c90c reward",0,-1321.9717524581893,1321.9717524581893,0.0,0.0,0.0,206.81987013212373,206.81987013212373,0.0,0.0,0.0,0.0,0.0,0,0.0,0,0.0,0.0,0.0,0.2
main,v040,LOSO-nes-f2,secondary,LOSO,nested,2,B,Centralized PPO|ppo_multi_site_seed7_20260516T092256/ppo_multi_site.zip,Centralized PPO,7,L,"May 2026, pre-781c90c reward",1,-841.8779089298828,776.5573963317042,64.18004039817865,0.2654722,0.875,204.4068955847199,204.3405275347199,0.002973240832507433,0.0,0.002973240832507433,0.002973240832507433,0.02973240832507433,14,1.33201189296333,3,0.8745422906869379,1.1057987904830557,0.8131115599797628,0.2
main,v040,LOSO-nes-f2,secondary,LOSO,nested,2,B,Centralized PPO|ppo_multi_site_seed7_20260516T092256/ppo_multi_site.zip,Centralized PPO,7,L,"May 2026, pre-781c90c reward",2,-285.131772111562,285.131772111562,0.0,0.0,0.0,206.91604362617895,206.91604362617895,0.0,0.0,0.0,0.0,0.0,0,0.0,0,0.0,0.0,0.0,0.2
main,v040,LOSO-nes-f2,secondary,LOSO,nested,2,B,Centralized PPO|ppo_multi_site_seed7_20260516T092256/ppo_multi_site.zip,Centralized PPO,7,L,"May 2026, pre-781c90c reward",3,-164.70421167677037,137.70421167677037,27.0,0.0,0.0,207.04287516734337,207.04287516734337,0.0009910802775024777,0.0009910802775024777,0.0,0.0009910802775024777,0.0,0,0.0,1,4.943537109139514,4.943537109139514,1.0,0.2
main,v040,LOSO-nes-f2,secondary,LOSO,nested,2,B,Centralized PPO|ppo_multi_site_seed7_20260516T092256/ppo_multi_site.zip,Centralized PPO,7,L,"May 2026, pre-781c90c reward",4,-956.265112824797,956.265112824797,0.0,0.0,0.0,206.84610010160299,206.84610010160299,0.0,0.0,0.0,0.0,0.0,0,0.0,0,0.0,0.0,0.0,0.2
main,v040,LOSO-nes-f2,secondary,LOSO,nested,2,B,Centralized PPO|ppo_multi_site_seed7_20260516T092256/ppo_multi_site.zip,Centralized PPO,7,L,"May 2026, pre-781c90c reward",5,-755.4485379658995,409.26888798411306,344.8004039817865,0.379246,1.0,207.00293238101816,206.90812088101816,0.018830525272547076,0.0,0.018830525272547076,0.018830525272547076,0.05946481665014866,19,1.8077304261645195,19,0.772970884280929,1.274046530704651,0.7049129894417306,0.2
main,v040,LOSO-nes-f2,secondary,LOSO,nested,2,B,Centralized PPO|ppo_multi_site_seed7_20260516T092256/ppo_multi_site.zip,Centralized PPO,7,L,"May 2026, pre-781c90c reward",6,-956.4140420846386,956.4140420846386,0.0,0.0,0.0,206.8410907092473,206.8410907092473,0.0,0.0,0.0,0.0,0.0,0,0.0,0,0.0,0.0,0.0,0.2
main,v040,LOSO-nes-f2,secondary,LOSO,nested,2,B,Centralized PPO|ppo_multi_site_seed7_20260516T092256/ppo_multi_site.zip,Centralized PPO,7,L,"May 2026, pre-781c90c reward",7,-785.7244066543634,758.1864820543634,27.0,0.0379246,0.5,207.04073586019638,207.03125471019638,0.0009910802775024777,0.0,0.0009910802775024777,0.0009910802775024777,0.0009910802775024777,1,0.09514370664023787,1,1.0784934016384693,1.0784934016384693,1.0,0.2
main,v040,LOSO-nes-f2,secondary,LOSO,nested,2,B,Centralized PPO|ppo_multi_site_seed7_20260516T092256/ppo_multi_site.zip,Centralized PPO,7,L,"May 2026, pre-781c90c reward",8,-483.98882788534877,402.5759032853488,81.0,0.0379246,0.375,208.2436068882327,208.2341257382327,0.002973240832507433,0.0019821605550049554,0.002973240832507433,0.002973240832507433,0.0019821605550049554,2,0.19028741328047574,3,1415.996443736284,1450.5850115219898,1.0,0.2
main,v040,LOSO-nes-f2,secondary,LOSO,nested,2,B,Centralized PPO|ppo_multi_site_seed7_20260516T092256/ppo_multi_site.zip,Centralized PPO,7,L,"May 2026, pre-781c90c reward",9,-883.3060113243149,80.8896730489098,802.416338275405,0.0,0.0,207.2467744470471,207.2467744470471,0.04558969276511397,0.04558969276511397,0.0,0.04558969276511397,0.0,0,0.0,46,11.017915020711406,78.76542503363426,0.6814611146923226,0.2
main,v040,LOSO-nes-f2,secondary,LOSO,nested,2,B,Centralized PPO|ppo_multi_site_seed13_20260516T092257/ppo_multi_site.zip,Centralized PPO,13,L,"May 2026, pre-781c90c reward",all,-16536.240712394007,5658.770703852659,10865.975456341344,1.7445522000000002,9.75,2185.7388917089384,2185.302753658938,0.050049554013875126,0.011199207135777997,0.04539147670961348,0.050049554013875126,0.10981169474727454,92,0.8753221010901883,505,148.50322589153646,2437.8633385722264,0.8172261027288017,0.2
main,v040,LOSO-nes-f2,secondary,LOSO,nested,2,B,Centralized PPO|ppo_multi_site_seed13_20260516T092257/ppo_multi_site.zip,Centralized PPO,13,L,"May 2026, pre-781c90c reward",0,-1321.9717524581893,1321.9717524581893,0.0,0.0,0.0,206.81987013212373,206.81987013212373,0.0,0.0,0.0,0.0,0.0,0,0.0,0,0.0,0.0,0.0,0.2
main,v040,LOSO-nes-f2,secondary,LOSO,nested,2,B,Centralized PPO|ppo_multi_site_seed13_20260516T092257/ppo_multi_site.zip,Centralized PPO,13,L,"May 2026, pre-781c90c reward",1,-2240.3805197256934,892.6769209348001,1346.9002019908933,0.3033968,0.5,227.60999533412738,227.53414613412738,0.05252725470763132,0.010901883052527254,0.05252725470763132,0.05252725470763132,0.04558969276511397,16,1.522299306243806,53,198.72391389475982,1576.7739628035374,0.9471070452772914,0.2
main,v040,LOSO-nes-f2,secondary,LOSO,nested,2,B,Centralized PPO|ppo_multi_site_seed13_20260516T092257/ppo_multi_site.zip,Centralized PPO,13,L,"May 2026, pre-781c90c reward",2,-285.131772111562,285.131772111562,0.0,0.0,0.0,206.91604362617895,206.91604362617895,0.0,0.0,0.0,0.0,0.0,0,0.0,0,0.0,0.0,0.0,0.2
main,v040,LOSO-nes-f2,secondary,LOSO,nested,2,B,Centralized PPO|ppo_multi_site_seed13_20260516T092257/ppo_multi_site.zip,Centralized PPO,13,L,"May 2026, pre-781c90c reward",3,-164.70421167677037,137.70421167677037,27.0,0.0,0.0,207.04287516734337,207.04287516734337,0.0009910802775024777,0.0009910802775024777,0.0,0.0009910802775024777,0.0,0,0.0,1,4.943537109139514,4.943537109139514,1.0,0.2
main,v040,LOSO-nes-f2,secondary,LOSO,nested,2,B,Centralized PPO|ppo_multi_site_seed13_20260516T092257/ppo_multi_site.zip,Centralized PPO,13,L,"May 2026, pre-781c90c reward",4,-850.2994751977211,558.1823988104704,287.2602827872505,0.6067936,4.25,190.64289658601456,190.49119818601454,0.014866204162537165,0.0009910802775024777,0.014866204162537165,0.014866204162537165,0.19425173439048563,32,3.044598612487612,15,68.01174727057206,505.21717638005447,0.7383561839716677,0.2
main,v040,LOSO-nes-f2,secondary,LOSO,nested,2,B,Centralized PPO|ppo_multi_site_seed13_20260516T092257/ppo_multi_site.zip,Centralized PPO,13,L,"May 2026, pre-781c90c reward",5,-443.1623741628722,443.1623741628722,0.0,0.0,0.0,206.88829172154493,206.88829172154493,0.0,0.0,0.0,0.0,0.0,0,0.0,0,0.0,0.0,0.0,0.2
main,v040,LOSO-nes-f2,secondary,LOSO,nested,2,B,Centralized PPO|ppo_multi_site_seed13_20260516T092257/ppo_multi_site.zip,Centralized PPO,13,L,"May 2026, pre-781c90c reward",6,-8902.424027820438,775.3598469308226,8122.218592889616,0.720588,4.125,315.2045436626836,315.0243966626836,0.37561942517343905,0.05054509415262636,0.37561942517343905,0.37561942517343905,0.8503468780971258,38,3.615460852329039,379,161.18821253184805,2437.8633385722264,0.8143551972638186,0.2
main,v040,LOSO-nes-f2,secondary,LOSO,nested,2,B,Centralized PPO|ppo_multi_site_seed13_20260516T092257/ppo_multi_site.zip,Centralized PPO,13,L,"May 2026, pre-781c90c reward",7,-1043.048119759521,761.8793055613421,280.1800403981787,0.11377380000000001,0.875,210.47941519834524,210.45097174834524,0.010901883052527254,0.002973240832507433,0.010901883052527254,0.010901883052527254,0.007928642220019821,6,0.5708622398414271,11,167.22593201025182,820.67100460312,0.9490304254490263,0.2
main,v040,LOSO-nes-f2,secondary,LOSO,nested,2,B,Centralized PPO|ppo_multi_site_seed13_20260516T092257/ppo_multi_site.zip,Centralized PPO,13,L,"May 2026, pre-781c90c reward",8,-401.81244815691986,401.81244815691986,0.0,0.0,0.0,206.8881858335294,206.8881858335294,0.0,0.0,0.0,0.0,0.0,0,0.0,0,0.0,0.0,0.0,0.2
main,v040,LOSO-nes-f2,secondary,LOSO,nested,2,B,Centralized PPO|ppo_multi_site_seed13_20260516T092257/ppo_multi_site.zip,Centralized PPO,13,L,"May 2026, pre-781c90c reward",9,-883.3060113243149,80.8896730489098,802.416338275405,0.0,0.0,207.2467744470471,207.2467744470471,0.04558969276511397,0.04558969276511397,0.0,0.04558969276511397,0.0,0,0.0,46,11.017915020711406,78.76542503363426,0.6814611146923226,0.2
main,v040,LOSO-nes-f2,secondary,LOSO,nested,2,B,Centralized PPO|ppo_multi_site_seed99_20260516T092259/ppo_multi_site.zip,Centralized PPO,99,L,"May 2026, pre-781c90c reward",all,-7594.048942889904,5716.474635273496,1870.0236450164084,1.1756626,6.375,2050.2515139609072,2049.957598310907,0.010009910802775026,0.0046580773042616454,0.005351833498513379,0.010009910802775026,0.04618434093161546,61,0.580376610505451,101,21.10392614018803,1576.7739628035374,0.7171695198073955,0.2
main,v040,LOSO-nes-f2,secondary,LOSO,nested,2,B,Centralized PPO|ppo_multi_site_seed99_20260516T092259/ppo_multi_site.zip,Centralized PPO,99,L,"May 2026, pre-781c90c reward",0,-1321.9717524581893,1321.9717524581893,0.0,0.0,0.0,206.81987013212373,206.81987013212373,0.0,0.0,0.0,0.0,0.0,0,0.0,0,0.0,0.0,0.0,0.2
main,v040,LOSO-nes-f2,secondary,LOSO,nested,2,B,Centralized PPO|ppo_multi_site_seed99_20260516T092259/ppo_multi_site.zip,Centralized PPO,99,L,"May 2026, pre-781c90c reward",1,-869.0016926283404,869.0016926283404,0.0,0.0,0.0,206.86854941298162,206.86854941298162,0.0,0.0,0.0,0.0,0.0,0,0.0,0,0.0,0.0,0.0,0.2
main,v040,LOSO-nes-f2,secondary,LOSO,nested,2,B,Centralized PPO|ppo_multi_site_seed99_20260516T092259/ppo_multi_site.zip,Centralized PPO,99,L,"May 2026, pre-781c90c reward",2,-285.131772111562,285.131772111562,0.0,0.0,0.0,206.91604362617895,206.91604362617895,0.0,0.0,0.0,0.0,0.0,0,0.0,0,0.0,0.0,0.0,0.2
main,v040,LOSO-nes-f2,secondary,LOSO,nested,2,B,Centralized PPO|ppo_multi_site_seed99_20260516T092259/ppo_multi_site.zip,Centralized PPO,99,L,"May 2026, pre-781c90c reward",3,-164.70421167677037,137.70421167677037,27.0,0.0,0.0,207.04287516734337,207.04287516734337,0.0009910802775024777,0.0009910802775024777,0.0,0.0009910802775024777,0.0,0,0.0,1,4.943537109139514,4.943537109139514,1.0,0.2
main,v040,LOSO-nes-f2,secondary,LOSO,nested,2,B,Centralized PPO|ppo_multi_site_seed99_20260516T092259/ppo_multi_site.zip,Centralized PPO,99,L,"May 2026, pre-781c90c reward",4,-956.265112824797,956.265112824797,0.0,0.0,0.0,206.84610010160299,206.84610010160299,0.0,0.0,0.0,0.0,0.0,0,0.0,0,0.0,0.0,0.0,0.2
main,v040,LOSO-nes-f2,secondary,LOSO,nested,2,B,Centralized PPO|ppo_multi_site_seed99_20260516T092259/ppo_multi_site.zip,Centralized PPO,99,L,"May 2026, pre-781c90c reward",5,-443.1623741628722,443.1623741628722,0.0,0.0,0.0,206.88829172154493,206.88829172154493,0.0,0.0,0.0,0.0,0.0,0,0.0,0,0.0,0.0,0.0,0.2
main,v040,LOSO-nes-f2,secondary,LOSO,nested,2,B,Centralized PPO|ppo_multi_site_seed99_20260516T092259/ppo_multi_site.zip,Centralized PPO,99,L,"May 2026, pre-781c90c reward",6,-904.6982457632615,656.4014550565098,244.47792170675172,0.5688690000000001,3.25,194.31451954922883,194.17230229922885,0.014866204162537165,0.0,0.014866204162537165,0.014866204162537165,0.19425173439048563,30,2.8543111992071357,15,0.7007553816569935,1.274046530704651,0.6432842704594482,0.2
main,v040,LOSO-nes-f2,secondary,LOSO,nested,2,B,Centralized PPO|ppo_multi_site_seed99_20260516T092259/ppo_multi_site.zip,Centralized PPO,99,L,"May 2026, pre-781c90c reward",7,-1363.9953217828765,564.1341431486251,796.1293850342518,0.6067936,3.125,200.42030396932626,200.26860556932624,0.03865213082259663,0.0,0.03865213082259663,0.03865213082259663,0.267591674925669,31,2.949454905847374,39,41.261989265955705,1576.7739628035374,0.780452465841241,0.2
main,v040,LOSO-nes-f2,secondary,LOSO,nested,2,B,Centralized PPO|ppo_multi_site_seed99_20260516T092259/ppo_multi_site.zip,Centralized PPO,99,L,"May 2026, pre-781c90c reward",8,-401.81244815691986,401.81244815691986,0.0,0.0,0.0,206.8881858335294,206.8881858335294,0.0,0.0,0.0,0.0,0.0,0,0.0,0,0.0,0.0,0.0,0.2
main,v040,LOSO-nes-f2,secondary,LOSO,nested,2,B,Centralized PPO|ppo_multi_site_seed99_20260516T092259/ppo_multi_site.zip,Centralized PPO,99,L,"May 2026, pre-781c90c reward",9,-883.3060113243149,80.8896730489098,802.416338275405,0.0,0.0,207.2467744470471,207.2467744470471,0.04558969276511397,0.04558969276511397,0.0,0.04558969276511397,0.0,0,0.0,46,11.017915020711406,78.76542503363426,0.6814611146923226,0.2
main,v040,LOSO-nes-f2,secondary,LOSO,nested,2,B,Centralized PPO|ppo_multi_site_seed7_20260517T003435/best_model.zip,Centralized PPO,7,L,"May 2026, pre-781c90c reward; run has no final save (best_model.zip only)",all,-27582.01565259493,5451.18095246731,22081.43691712762,3.1477830000000004,46.25,2309.3913798766507,2308.6044341266506,0.10614469772051537,0.012784935579781963,0.10148662041625371,0.10614469772051537,0.25867195242814667,166,1.5793855302279487,1071,78.33328690291474,3200.590467190297,0.787252938597187,0.2
main,v040,LOSO-nes-f2,secondary,LOSO,nested,2,B,Centralized PPO|ppo_multi_site_seed7_20260517T003435/best_model.zip,Centralized PPO,7,L,"May 2026, pre-781c90c reward; run has no final save (best_model.zip only)",0,-4378.587133032929,841.6156850777033,3536.9714273552254,2.06e-05,0.0,226.6264346711247,226.62642952112472,0.20812685827552033,0.006937561942517344,0.20812685827552033,0.20812685827552033,1.0,0,0.0,210,27.710456584867785,1576.7739628035374,0.6614240360881312,0.2
main,v040,LOSO-nes-f2,secondary,LOSO,nested,2,B,Centralized PPO|ppo_multi_site_seed7_20260517T003435/best_model.zip,Centralized PPO,7,L,"May 2026, pre-781c90c reward; run has no final save (best_model.zip only)",1,-869.0016926283404,869.0016926283404,0.0,0.0,0.0,206.86854941298162,206.86854941298162,0.0,0.0,0.0,0.0,0.0,0,0.0,0,0.0,0.0,0.0,0.2
main,v040,LOSO-nes-f2,secondary,LOSO,nested,2,B,Centralized PPO|ppo_multi_site_seed7_20260517T003435/best_model.zip,Centralized PPO,7,L,"May 2026, pre-781c90c reward; run has no final save (best_model.zip only)",2,-1301.1711536396033,293.4626168181012,1002.3896678215023,0.5688690000000001,4.75,217.42607552146094,217.28385827146093,0.05054509415262636,0.0,0.05054509415262636,0.05054509415262636,0.1110009910802775,30,2.8543111992071357,51,41.63542206769528,1576.7739628035374,0.7551566456349689,0.2
main,v040,LOSO-nes-f2,secondary,LOSO,nested,2,B,Centralized PPO|ppo_multi_site_seed7_20260517T003435/best_model.zip,Centralized PPO,7,L,"May 2026, pre-781c90c reward; run has no final save (best_model.zip only)",3,-164.70421167677037,137.70421167677037,27.0,0.0,0.0,207.04287516734337,207.04287516734337,0.0009910802775024777,0.0009910802775024777,0.0,0.0009910802775024777,0.0,0,0.0,1,4.943537109139514,4.943537109139514,1.0,0.2
main,v040,LOSO-nes-f2,secondary,LOSO,nested,2,B,Centralized PPO|ppo_multi_site_seed7_20260517T003435/best_model.zip,Centralized PPO,7,L,"May 2026, pre-781c90c reward; run has no final save (best_model.zip only)",4,-14108.123979321743,824.3094835169816,13283.814475204761,2.06e-05,0.0,395.8150199135597,395.8150147635597,0.574826560951437,0.07333994053518335,0.574826560951437,0.574826560951437,1.0,0,0.0,580,118.66566392840438,3200.590467190297,0.863437613517515,0.2
main,v040,LOSO-nes-f2,secondary,LOSO,nested,2,B,Centralized PPO|ppo_multi_site_seed7_20260517T003435/best_model.zip,Centralized PPO,7,L,"May 2026, pre-781c90c reward; run has no final save (best_model.zip only)",5,-443.1623741628722,443.1623741628722,0.0,0.0,0.0,206.88829172154493,206.88829172154493,0.0,0.0,0.0,0.0,0.0,0,0.0,0,0.0,0.0,0.0,0.2
main,v040,LOSO-nes-f2,secondary,LOSO,nested,2,B,Centralized PPO|ppo_multi_site_seed7_20260517T003435/best_model.zip,Centralized PPO,7,L,"May 2026, pre-781c90c reward; run has no final save (best_model.zip only)",6,-956.4140420846386,956.4140420846386,0.0,0.0,0.0,206.8410907092473,206.8410907092473,0.0,0.0,0.0,0.0,0.0,0,0.0,0,0.0,0.0,0.0,0.2
main,v040,LOSO-nes-f2,secondary,LOSO,nested,2,B,Centralized PPO|ppo_multi_site_seed7_20260517T003435/best_model.zip,Centralized PPO,7,L,"May 2026, pre-781c90c reward; run has no final save (best_model.zip only)",7,-4075.732606566798,602.8087252960731,3428.8450084707247,2.5788728,41.5,227.74808247881177,227.10336427881177,0.18136769078295342,0.0009910802775024777,0.18136769078295342,0.18136769078295342,0.4757185332011893,136,12.93954410307235,183,36.14478228530365,2437.8633385722264,0.7245619323261795,0.2
main,v040,LOSO-nes-f2,secondary,LOSO,nested,2,B,Centralized PPO|ppo_multi_site_seed7_20260517T003435/best_model.zip,Centralized PPO,7,L,"May 2026, pre-781c90c reward; run has no final save (best_model.zip only)",8,-401.81244815691986,401.81244815691986,0.0,0.0,0.0,206.8881858335294,206.8881858335294,0.0,0.0,0.0,0.0,0.0,0,0.0,0,0.0,0.0,0.0,0.2
main,v040,LOSO-nes-f2,secondary,LOSO,nested,2,B,Centralized PPO|ppo_multi_site_seed7_20260517T003435/best_model.zip,Centralized PPO,7,L,"May 2026, pre-781c90c reward; run has no final save (best_model.zip only)",9,-883.3060113243149,80.8896730489098,802.416338275405,0.0,0.0,207.2467744470471,207.2467744470471,0.04558969276511397,0.04558969276511397,0.0,0.04558969276511397,0.0,0,0.0,46,11.017915020711406,78.76542503363426,0.6814611146923226,0.2
main,v040,LOSO-nes-f2,secondary,LOSO,nested,2,B,Centralized PPO|ppo_multi_site_seed13_20260517T003435/best_model.zip,Centralized PPO,13,L,"May 2026, pre-781c90c reward; run has no final save (best_model.zip only)",all,-27663.85579834551,5173.572474418283,22415.580632327226,4.7026916,70.0,2300.27628563923,2299.10061273923,0.10604558969276512,0.013478691774033697,0.10138751238850346,0.10604558969276512,0.24182358771060455,247,2.350049554013875,1070,95.11016867306705,2437.8633385722264,0.7983046925958638,0.2
main,v040,LOSO-nes-f2,secondary,LOSO,nested,2,B,Centralized PPO|ppo_multi_site_seed13_20260517T003435/best_model.zip,Centralized PPO,13,L,"May 2026, pre-781c90c reward; run has no final save (best_model.zip only)",0,-922.6992961979497,824.0085672052351,94.72016159271459,0.7205674,3.25,180.19066050372726,180.01051865372727,0.005946481665014866,0.0,0.005946481665014866,0.005946481665014866,0.27155599603567887,38,3.615460852329039,6,0.6849797753500456,1.274046530704651,0.6262231199595255,0.2
main,v040,LOSO-nes-f2,secondary,LOSO,nested,2,B,Centralized PPO|ppo_multi_site_seed13_20260517T003435/best_model.zip,Centralized PPO,13,L,"May 2026, pre-781c90c reward; run has no final save (best_model.zip only)",1,-869.0016926283404,869.0016926283404,0.0,0.0,0.0,206.86854941298162,206.86854941298162,0.0,0.0,0.0,0.0,0.0,0,0.0,0,0.0,0.0,0.0,0.2
main,v040,LOSO-nes-f2,secondary,LOSO,nested,2,B,Centralized PPO|ppo_multi_site_seed13_20260517T003435/best_model.zip,Centralized PPO,13,L,"May 2026, pre-781c90c reward; run has no final save (best_model.zip only)",2,-285.131772111562,285.131772111562,0.0,0.0,0.0,206.91604362617895,206.91604362617895,0.0,0.0,0.0,0.0,0.0,0,0.0,0,0.0,0.0,0.0,0.2
main,v040,LOSO-nes-f2,secondary,LOSO,nested,2,B,Centralized PPO|ppo_multi_site_seed13_20260517T003435/best_model.zip,Centralized PPO,13,L,"May 2026, pre-781c90c reward; run has no final save (best_model.zip only)",3,-164.70421167677037,137.70421167677037,27.0,0.0,0.0,207.04287516734337,207.04287516734337,0.0009910802775024777,0.0009910802775024777,0.0,0.0009910802775024777,0.0,0,0.0,1,4.943537109139514,4.943537109139514,1.0,0.2
main,v040,LOSO-nes-f2,secondary,LOSO,nested,2,B,Centralized PPO|ppo_multi_site_seed13_20260517T003435/best_model.zip,Centralized PPO,13,L,"May 2026, pre-781c90c reward; run has no final save (best_model.zip only)",4,-1814.206582847946,551.8819048971225,1246.8610907508235,1.2135872,14.25,198.5209197191825,198.2175229191825,0.062438057482656094,0.0019821605550049554,0.062438057482656094,0.062438057482656094,0.3240832507433102,63,5.994053518334986,63,50.83639210154264,1576.7739628035374,0.7597148628311235,0.2
main,v040,LOSO-nes-f2,secondary,LOSO,nested,2,B,Centralized PPO|ppo_multi_site_seed13_20260517T003435/best_model.zip,Centralized PPO,13,L,"May 2026, pre-781c90c reward; run has no final save (best_model.zip only)",5,-443.1623741628722,443.1623741628722,0.0,0.0,0.0,206.88829172154493,206.88829172154493,0.0,0.0,0.0,0.0,0.0,0,0.0,0,0.0,0.0,0.0,0.2
main,v040,LOSO-nes-f2,secondary,LOSO,nested,2,B,Centralized PPO|ppo_multi_site_seed13_20260517T003435/best_model.zip,Centralized PPO,13,L,"May 2026, pre-781c90c reward; run has no final save (best_model.zip only)",6,-8598.128134936607,746.0236886233881,7796.835929913219,2.7685164,52.5,296.4907199027375,295.7985908027374,0.3676907829534192,0.044598612487611496,0.3676907829534192,0.3676907829534192,0.8225966303270565,146,13.890981169474728,371,169.54743103648985,2437.8633385722264,0.8005243423102623,0.2
main,v040,LOSO-nes-f2,secondary,LOSO,nested,2,B,Centralized PPO|ppo_multi_site_seed13_20260517T003435/best_model.zip,Centralized PPO,13,L,"May 2026, pre-781c90c reward; run has no final save (best_model.zip only)",7,-13281.703274302226,833.9561419071629,12447.747111795063,2.06e-05,0.0,383.22326530495747,383.2232601549575,0.5777998017839445,0.04162537165510406,0.5777998017839445,0.5777998017839445,1.0,0,0.0,583,60.2868153628351,2437.8633385722264,0.8117065244022335,0.2
main,v040,LOSO-nes-f2,secondary,LOSO,nested,2,B,Centralized PPO|ppo_multi_site_seed13_20260517T003435/best_model.zip,Centralized PPO,13,L,"May 2026, pre-781c90c reward; run has no final save (best_model.zip only)",8,-401.81244815691986,401.81244815691986,0.0,0.0,0.0,206.8881858335294,206.8881858335294,0.0,0.0,0.0,0.0,0.0,0,0.0,0,0.0,0.0,0.0,0.2
main,v040,LOSO-nes-f2,secondary,LOSO,nested,2,B,Centralized PPO|ppo_multi_site_seed13_20260517T003435/best_model.zip,Centralized PPO,13,L,"May 2026, pre-781c90c reward; run has no final save (best_model.zip only)",9,-883.3060113243149,80.8896730489098,802.416338275405,0.0,0.0,207.2467744470471,207.2467744470471,0.04558969276511397,0.04558969276511397,0.0,0.04558969276511397,0.0,0,0.0,46,11.017915020711406,78.76542503363426,0.6814611146923226,0.2
main,v040,LOSO-nes-f2,secondary,LOSO,nested,2,B,Centralized PPO|ppo_multi_site_seed42_20260517T003436/best_model.zip,Centralized PPO,42,L,"May 2026, pre-781c90c reward; run has no final save (best_model.zip only)",all,-44908.863030634246,5807.318948424901,39020.07167240935,5.3474098,76.125,2593.646188376594,2592.309335926594,0.1711595639246779,0.02943508424182359,0.16650148662041625,0.1711595639246779,0.27264618434093163,281,2.673538156590684,1727,174.9107820725624,3200.590467190297,0.8531378435130157,0.2
main,v040,LOSO-nes-f2,secondary,LOSO,nested,2,B,Centralized PPO|ppo_multi_site_seed42_20260517T003436/best_model.zip,Centralized PPO,42,L,"May 2026, pre-781c90c reward; run has no final save (best_model.zip only)",0,-1489.6281218060499,789.3089511918332,692.1098294142168,0.8343412,7.375,183.85864982216592,183.6500645221659,0.04162537165510406,0.0019821605550049554,0.04162537165510406,0.04162537165510406,0.4301288404360753,43,4.0911793855302285,42,62.216976719241195,1576.7739628035374,0.6492935154081086,0.2
main,v040,LOSO-nes-f2,secondary,LOSO,nested,2,B,Centralized PPO|ppo_multi_site_seed42_20260517T003436/best_model.zip,Centralized PPO,42,L,"May 2026, pre-781c90c reward; run has no final save (best_model.zip only)",1,-16439.489161288067,741.6802640031261,15676.954837884943,1.4790594000000001,19.375,440.06596018703965,439.6961953370396,0.647175421209118,0.1377601585728444,0.647175421209118,0.647175421209118,0.9018830525272548,77,7.326065411298315,653,305.8022727601146,3200.590467190297,0.9002529268956071,0.2
main,v040,LOSO-nes-f2,secondary,LOSO,nested,2,B,Centralized PPO|ppo_multi_site_seed42_20260517T003436/best_model.zip,Centralized PPO,42,L,"May 2026, pre-781c90c reward; run has no final save (best_model.zip only)",2,-285.131772111562,285.131772111562,0.0,0.0,0.0,206.91604362617895,206.91604362617895,0.0,0.0,0.0,0.0,0.0,0,0.0,0,0.0,0.0,0.0,0.2
main,v040,LOSO-nes-f2,secondary,LOSO,nested,2,B,Centralized PPO|ppo_multi_site_seed42_20260517T003436/best_model.zip,Centralized PPO,42,L,"May 2026, pre-781c90c reward; run has no final save (best_model.zip only)",3,-164.70421167677037,137.70421167677037,27.0,0.0,0.0,207.04287516734337,207.04287516734337,0.0009910802775024777,0.0009910802775024777,0.0,0.0009910802775024777,0.0,0,0.0,1,4.943537109139514,4.943537109139514,1.0,0.2
main,v040,LOSO-nes-f2,secondary,LOSO,nested,2,B,Centralized PPO|ppo_multi_site_seed42_20260517T003436/best_model.zip,Centralized PPO,42,L,"May 2026, pre-781c90c reward; run has no final save (best_model.zip only)",4,-10058.87441947182,1124.780717012064,8883.863110659757,2.7305918,47.5,335.87867629519917,335.1960283451992,0.3736372646184341,0.062438057482656094,0.3736372646184341,0.3736372646184341,0.3647175421209118,145,13.79583746283449,377,158.77703813451302,3200.590467190297,0.885487454523409,0.2
main,v040,LOSO-nes-f2,secondary,LOSO,nested,2,B,Centralized PPO|ppo_multi_site_seed42_20260517T003436/best_model.zip,Centralized PPO,42,L,"May 2026, pre-781c90c reward; run has no final save (best_model.zip only)",5,-443.1623741628722,443.1623741628722,0.0,0.0,0.0,206.88829172154493,206.88829172154493,0.0,0.0,0.0,0.0,0.0,0,0.0,0,0.0,0.0,0.0,0.2
main,v040,LOSO-nes-f2,secondary,LOSO,nested,2,B,Centralized PPO|ppo_multi_site_seed42_20260517T003436/best_model.zip,Centralized PPO,42,L,"May 2026, pre-781c90c reward; run has no final save (best_model.zip only)",6,-1449.8894798294994,968.3236036477128,479.8004039817865,0.2654722,1.5,215.39945634925184,215.33308829925184,0.023785926660059464,0.003964321110009911,0.023785926660059464,0.023785926660059464,0.027750247770069375,14,1.33201189296333,24,177.1066586985935,2213.1720412039294,0.7663894499747035,0.2
main,v040,LOSO-nes-f2,secondary,LOSO,nested,2,B,Centralized PPO|ppo_multi_site_seed42_20260517T003436/best_model.zip,Centralized PPO,42,L,"May 2026, pre-781c90c reward; run has no final save (best_model.zip only)",7,-13281.703274302226,833.9561419071629,12447.747111795063,2.06e-05,0.0,383.22326530495747,383.2232601549575,0.5777998017839445,0.04162537165510406,0.5777998017839445,0.5777998017839445,1.0,0,0.0,583,60.2868153628351,2437.8633385722264,0.8117065244022335,0.2
main,v040,LOSO-nes-f2,secondary,LOSO,nested,2,B,Centralized PPO|ppo_multi_site_seed42_20260517T003436/best_model.zip,Centralized PPO,42,L,"May 2026, pre-781c90c reward; run has no final save (best_model.zip only)",8,-412.9742046610663,402.3812396628877,10.180040398178651,0.0379246,0.375,207.12619545586568,207.11671430586568,0.0009910802775024777,0.0,0.0009910802775024777,0.0009910802775024777,0.0019821605550049554,2,0.19028741328047574,1,0.4393346799392884,0.4393346799392884,0.4393346799392883,0.2
main,v040,LOSO-nes-f2,secondary,LOSO,nested,2,B,Centralized PPO|ppo_multi_site_seed42_20260517T003436/best_model.zip,Centralized PPO,42,L,"May 2026, pre-781c90c reward; run has no final save (best_model.zip only)",9,-883.3060113243149,80.8896730489098,802.416338275405,0.0,0.0,207.2467744470471,207.2467744470471,0.04558969276511397,0.04558969276511397,0.0,0.04558969276511397,0.0,0,0.0,46,11.017915020711406,78.76542503363426,0.6814611146923226,0.2
main,v040,LOSO-nes-f2,secondary,LOSO,nested,2,B,Centralized PPO|ppo_multi_site_seed99_20260517T003436/best_model.zip,Centralized PPO,99,L,"May 2026, pre-781c90c reward; run has no final save (best_model.zip only)",all,-40739.47707738716,5262.87270070368,35339.09375288348,8.760623800000001,128.75,2487.2996769799934,2485.1095210299936,0.1584737363726462,0.030723488602576808,0.15381565906838454,0.1584737363726462,0.3280475718533201,459,4.367096134786918,1599,222.08198252868817,3200.590467190297,0.8366915520717841,0.2
main,v040,LOSO-nes-f2,secondary,LOSO,nested,2,B,Centralized PPO|ppo_multi_site_seed99_20260517T003436/best_model.zip,Centralized PPO,99,L,"May 2026, pre-781c90c reward; run has no final save (best_model.zip only)",0,-4378.587133032929,841.6156850777033,3536.9714273552254,2.06e-05,0.0,226.6264346711247,226.62642952112472,0.20812685827552033,0.006937561942517344,0.20812685827552033,0.20812685827552033,1.0,0,0.0,210,27.710456584867785,1576.7739628035374,0.6614240360881312,0.2
main,v040,LOSO-nes-f2,secondary,LOSO,nested,2,B,Centralized PPO|ppo_multi_site_seed99_20260517T003436/best_model.zip,Centralized PPO,99,L,"May 2026, pre-781c90c reward; run has no final save (best_model.zip only)",1,-9082.999630069811,598.2677155826954,8440.224644887116,2.8822696000000003,41.625,305.5939227116668,304.87335531166684,0.3597621407333994,0.06342913776015857,0.3597621407333994,0.3597621407333994,0.5421209117938554,151,14.366699702675918,363,270.08488802218903,3200.590467190297,0.8750435853890833,0.2
main,v040,LOSO-nes-f2,secondary,LOSO,nested,2,B,Centralized PPO|ppo_multi_site_seed99_20260517T003436/best_model.zip,Centralized PPO,99,L,"May 2026, pre-781c90c reward; run has no final save (best_model.zip only)",2,-285.131772111562,285.131772111562,0.0,0.0,0.0,206.91604362617895,206.91604362617895,0.0,0.0,0.0,0.0,0.0,0,0.0,0,0.0,0.0,0.0,0.2
main,v040,LOSO-nes-f2,secondary,LOSO,nested,2,B,Centralized PPO|ppo_multi_site_seed99_20260517T003436/best_model.zip,Centralized PPO,99,L,"May 2026, pre-781c90c reward; run has no final save (best_model.zip only)",3,-164.70421167677037,137.70421167677037,27.0,0.0,0.0,207.04287516734337,207.04287516734337,0.0009910802775024777,0.0009910802775024777,0.0,0.0009910802775024777,0.0,0,0.0,1,4.943537109139514,4.943537109139514,1.0,0.2
main,v040,LOSO-nes-f2,secondary,LOSO,nested,2,B,Centralized PPO|ppo_multi_site_seed99_20260517T003436/best_model.zip,Centralized PPO,99,L,"May 2026, pre-781c90c reward; run has no final save (best_model.zip only)",4,-1121.085705885298,955.3068108907619,165.54012119453594,0.11377380000000001,0.125,209.10465548737875,209.07621203737875,0.007928642220019821,0.0,0.007928642220019821,0.007928642220019821,0.018830525272547076,6,0.5708622398414271,8,0.9121413044010945,1.274046530704651,0.7897505049772331,0.2
main,v040,LOSO-nes-f2,secondary,LOSO,nested,2,B,Centralized PPO|ppo_multi_site_seed99_20260517T003436/best_model.zip,Centralized PPO,99,L,"May 2026, pre-781c90c reward; run has no final save (best_model.zip only)",5,-11736.570169504788,573.6232941331762,11091.096772571613,4.4751028,67.375,360.2370544201522,359.1182787201522,0.43310208126858274,0.11694747274529237,0.43310208126858274,0.43310208126858274,0.40733399405351833,235,22.358771060455897,437,373.8385066685802,2213.1720412039294,0.946002804925371,0.2
main,v040,LOSO-nes-f2,secondary,LOSO,nested,2,B,Centralized PPO|ppo_multi_site_seed99_20260517T003436/best_model.zip,Centralized PPO,99,L,"May 2026, pre-781c90c reward; run has no final save (best_model.zip only)",6,-10863.588803672756,822.3631853380333,10041.22559773472,2.06e-05,0.0,353.32112448564794,353.32111933564795,0.4638255698711596,0.07333994053518335,0.4638255698711596,0.4638255698711596,1.0,0,0.0,468,183.1941831595181,2437.8633385722264,0.8151870083856638,0.2
main,v040,LOSO-nes-f2,secondary,LOSO,nested,2,B,Centralized PPO|ppo_multi_site_seed99_20260517T003436/best_model.zip,Centralized PPO,99,L,"May 2026, pre-781c90c reward; run has no final save (best_model.zip only)",7,-1821.6911919520087,566.1579046871478,1234.6188508648606,1.2894364,19.625,204.3226061299241,204.0002470299241,0.06541129831516353,0.0,0.06541129831516353,0.06541129831516353,0.3121902874132805,67,6.374628344895937,66,24.66227177537085,1576.7739628035374,0.7235448741741719,0.2
main,v040,LOSO-nes-f2,secondary,LOSO,nested,2,B,Centralized PPO|ppo_multi_site_seed99_20260517T003436/best_model.zip,Centralized PPO,99,L,"May 2026, pre-781c90c reward; run has no final save (best_model.zip only)",8,-401.81244815691986,401.81244815691986,0.0,0.0,0.0,206.8881858335294,206.8881858335294,0.0,0.0,0.0,0.0,0.0,0,0.0,0,0.0,0.0,0.0,0.2
main,v040,LOSO-nes-f2,secondary,LOSO,nested,2,B,Centralized PPO|ppo_multi_site_seed99_20260517T003436/best_model.zip,Centralized PPO,99,L,"May 2026, pre-781c90c reward; run has no final save (best_model.zip only)",9,-883.3060113243149,80.8896730489098,802.416338275405,0.0,0.0,207.2467744470471,207.2467744470471,0.04558969276511397,0.04558969276511397,0.0,0.04558969276511397,0.0,0,0.0,46,11.017915020711406,78.76542503363426,0.6814611146923226,0.2
main,v040,LOSO-nes-f2,secondary,LOSO,nested,2,B,MAPPO|wcnc2027_ablation/mappo_seed1/mappo_best.pt,MAPPO,1,R,wcnc2027_ablation 2026-09-14,all,-5424.118325979223,4240.05986964771,1125.385238531513,5.423217800000001,53.25,1966.0494269485266,1964.6936224985266,0.005946481665014866,0.0046580773042616454,0.001288404360753221,0.005946481665014866,0.07641228939544104,286,2.721110009910803,60,17.161491505099356,506.8269331029031,0.7252140214063961,0.21
main,v040,LOSO-nes-f2,secondary,LOSO,nested,2,B,MAPPO|wcnc2027_ablation/mappo_seed1/mappo_best.pt,MAPPO,1,R,wcnc2027_ablation 2026-09-14,0,-811.26532011489,800.41550671489,0.0,1.0998134,9.75,177.89644816336647,177.6214948133665,0.0,0.0,0.0,0.0,0.21209117938553024,58,5.518334985133796,0,0.0,0.0,0.0,0.21
main,v040,LOSO-nes-f2,secondary,LOSO,nested,2,B,MAPPO|wcnc2027_ablation/mappo_seed1/mappo_best.pt,MAPPO,1,R,wcnc2027_ablation 2026-09-14,1,-510.81984400688486,465.21838700870626,37.18004039817865,0.7964166,7.625,192.6346478273279,192.4355436773279,0.0019821605550049554,0.0,0.0019821605550049554,0.0019821605550049554,0.10208126858275521,42,3.9960356788899905,2,0.772566735211172,1.1057987904830557,0.7196673399696442,0.21
main,v040,LOSO-nes-f2,secondary,LOSO,nested,2,B,MAPPO|wcnc2027_ablation/mappo_seed1/mappo_best.pt,MAPPO,1,R,wcnc2027_ablation 2026-09-14,2,-308.7227195572506,280.10894575725064,27.0,0.11377380000000001,1.5,206.55192063718997,206.52347718718997,0.0009910802775024777,0.0,0.0009910802775024777,0.0009910802775024777,0.002973240832507433,6,0.5708622398414271,1,1.0784934016384693,1.0784934016384693,1.0,0.21
main,v040,LOSO-nes-f2,secondary,LOSO,nested,2,B,MAPPO|wcnc2027_ablation/mappo_seed1/mappo_best.pt,MAPPO,1,R,wcnc2027_ablation 2026-09-14,3,-164.70421167677037,137.70421167677037,27.0,0.0,0.0,207.04287516734337,207.04287516734337,0.0009910802775024777,0.0009910802775024777,0.0,0.0009910802775024777,0.0,0,0.0,1,4.943537109139514,4.943537109139514,1.0,0.21
main,v040,LOSO-nes-f2,secondary,LOSO,nested,2,B,MAPPO|wcnc2027_ablation/mappo_seed1/mappo_best.pt,MAPPO,1,R,wcnc2027_ablation 2026-09-14,4,-620.8616234393448,549.0480910411661,64.18004039817865,0.758492,6.875,187.06639037010743,186.87676737010742,0.002973240832507433,0.0,0.002973240832507433,0.002973240832507433,0.13875123885034688,40,3.8057482656095147,3,0.865440494405409,1.0784934016384693,0.8131115599797628,0.21
main,v040,LOSO-nes-f2,secondary,LOSO,nested,2,B,MAPPO|wcnc2027_ablation/mappo_seed1/mappo_best.pt,MAPPO,1,R,wcnc2027_ablation 2026-09-14,5,-363.3880572604721,360.92173586047215,0.0,0.3413214,2.125,200.49474930018695,200.40941895018693,0.0,0.0,0.0,0.0,0.05054509415262636,18,1.7125867195242817,0,0.0,0.0,0.0,0.21
main,v040,LOSO-nes-f2,secondary,LOSO,nested,2,B,MAPPO|wcnc2027_ablation/mappo_seed1/mappo_best.pt,MAPPO,1,R,wcnc2027_ablation 2026-09-14,6,-766.1397322464584,638.1052501867078,113.60881945975059,1.1756626,13.25,190.44066837907673,190.14675272907672,0.004955401387512388,0.0,0.004955401387512388,0.004955401387512388,0.1199207135777998,62,5.898909811694748,5,102.06987479129538,506.8269331029031,0.8573921297316707,0.21
main,v040,LOSO-nes-f2,secondary,LOSO,nested,2,B,MAPPO|wcnc2027_ablation/mappo_seed1/mappo_best.pt,MAPPO,1,R,wcnc2027_ablation 2026-09-14,7,-600.1521360825184,566.4694932825183,27.0,0.6826428,6.0,192.9480544013617,192.7773937013617,0.0009910802775024777,0.0,0.0009910802775024777,0.0009910802775024777,0.11298315163528246,36,3.4251734390485633,1,1.274046530704651,1.274046530704651,1.0,0.21
main,v040,LOSO-nes-f2,secondary,LOSO,nested,2,B,MAPPO|wcnc2027_ablation/mappo_seed1/mappo_best.pt,MAPPO,1,R,wcnc2027_ablation 2026-09-14,8,-394.758670270318,361.178575070318,27.0,0.45509520000000003,6.125,203.72689825551907,203.61312445551908,0.0009910802775024777,0.0,0.0009910802775024777,0.0009910802775024777,0.024777006937561942,24,2.2834489593657086,1,1.0784934016384693,1.0784934016384693,1.0,0.21
main,v040,LOSO-nes-f2,secondary,LOSO,nested,2,B,MAPPO|wcnc2027_ablation/mappo_seed1/mappo_best.pt,MAPPO,1,R,wcnc2027_ablation 2026-09-14,9,-883.3060113243149,80.8896730489098,802.416338275405,0.0,0.0,207.2467744470471,207.2467744470471,0.04558969276511397,0.04558969276511397,0.0,0.04558969276511397,0.0,0,0.0,46,11.017915020711406,78.76542503363426,0.6814611146923226,0.21
main,v040,LOSO-nes-f2,secondary,LOSO,nested,2,B,Centralized PPO|wcnc2027_ablation/central_seed1/ppo_multi_site.zip,Centralized PPO,1,R,wcnc2027_ablation 2026-09-14,all,-19208.335895700227,5756.13430706801,13409.94429843222,2.8822902,39.375,2207.6188756767933,2206.8983031267935,0.06422200198216055,0.008126858275520317,0.05956392467789891,0.06422200198216055,0.1322101090188305,150,1.4271555996035679,648,50.36877487040685,2437.8633385722264,0.7898119495078304,0.21
main,v040,LOSO-nes-f2,secondary,LOSO,nested,2,B,Centralized PPO|wcnc2027_ablation/central_seed1/ppo_multi_site.zip,Centralized PPO,1,R,wcnc2027_ablation 2026-09-14,0,-1436.5345727490057,816.663243125682,587.2096274233236,2.1617021999999997,30.5,184.60288028194188,184.0624547319419,0.03468780971258672,0.0009910802775024777,0.03468780971258672,0.03468780971258672,0.3508424182358771,113,10.751238850346878,35,15.105781460198033,505.21717638005447,0.6592472642126892,0.21
main,v040,LOSO-nes-f2,secondary,LOSO,nested,2,B,Centralized PPO|wcnc2027_ablation/central_seed1/ppo_multi_site.zip,Centralized PPO,1,R,wcnc2027_ablation 2026-09-14,1,-869.0016926283404,869.0016926283404,0.0,0.0,0.0,206.86854941298162,206.86854941298162,0.0,0.0,0.0,0.0,0.0,0,0.0,0,0.0,0.0,0.0,0.21
main,v040,LOSO-nes-f2,secondary,LOSO,nested,2,B,Centralized PPO|wcnc2027_ablation/central_seed1/ppo_multi_site.zip,Centralized PPO,1,R,wcnc2027_ablation 2026-09-14,2,-285.131772111562,285.131772111562,0.0,0.0,0.0,206.91604362617895,206.91604362617895,0.0,0.0,0.0,0.0,0.0,0,0.0,0,0.0,0.0,0.0,0.21
main,v040,LOSO-nes-f2,secondary,LOSO,nested,2,B,Centralized PPO|wcnc2027_ablation/central_seed1/ppo_multi_site.zip,Centralized PPO,1,R,wcnc2027_ablation 2026-09-14,3,-164.70421167677037,137.70421167677037,27.0,0.0,0.0,207.04287516734337,207.04287516734337,0.0009910802775024777,0.0009910802775024777,0.0,0.0009910802775024777,0.0,0,0.0,1,4.943537109139514,4.943537109139514,1.0,0.21
main,v040,LOSO-nes-f2,secondary,LOSO,nested,2,B,Centralized PPO|wcnc2027_ablation/central_seed1/ppo_multi_site.zip,Centralized PPO,1,R,wcnc2027_ablation 2026-09-14,4,-962.9923932619803,952.5244282638016,10.180040398178651,0.0379246,0.25,206.78502884850857,206.77554769850857,0.0009910802775024777,0.0,0.0009910802775024777,0.0009910802775024777,0.002973240832507433,2,0.19028741328047574,1,0.4393346799392884,0.4393346799392884,0.4393346799392883,0.21
main,v040,LOSO-nes-f2,secondary,LOSO,nested,2,B,Centralized PPO|wcnc2027_ablation/central_seed1/ppo_multi_site.zip,Centralized PPO,1,R,wcnc2027_ablation 2026-09-14,5,-443.1623741628722,443.1623741628722,0.0,0.0,0.0,206.88829172154493,206.88829172154493,0.0,0.0,0.0,0.0,0.0,0,0.0,0,0.0,0.0,0.0,0.21
main,v040,LOSO-nes-f2,secondary,LOSO,nested,2,B,Centralized PPO|wcnc2027_ablation/central_seed1/ppo_multi_site.zip,Centralized PPO,1,R,wcnc2027_ablation 2026-09-14,6,-954.3424934475295,953.2666442475295,0.0,0.0758492,1.0,206.7175929975882,206.69863069758821,0.0,0.0,0.0,0.0,0.0019821605550049554,3,0.28543111992071357,0,0.0,0.0,0.0,0.21
main,v040,LOSO-nes-f2,secondary,LOSO,nested,2,B,Centralized PPO|wcnc2027_ablation/central_seed1/ppo_multi_site.zip,Centralized PPO,1,R,wcnc2027_ablation 2026-09-14,7,-12807.347926180935,815.9778196456218,11983.138292335312,0.6068142,7.625,367.6626533401293,367.5109497901293,0.5599603567888999,0.03369672943508424,0.5599603567888999,0.5599603567888999,0.9663032705649157,32,3.044598612487612,565,55.925764251637,2437.8633385722264,0.8069698107572456,0.21
main,v040,LOSO-nes-f2,secondary,LOSO,nested,2,B,Centralized PPO|wcnc2027_ablation/central_seed1/ppo_multi_site.zip,Centralized PPO,1,R,wcnc2027_ablation 2026-09-14,8,-401.81244815691986,401.81244815691986,0.0,0.0,0.0,206.8881858335294,206.8881858335294,0.0,0.0,0.0,0.0,0.0,0,0.0,0,0.0,0.0,0.0,0.21
main,v040,LOSO-nes-f2,secondary,LOSO,nested,2,B,Centralized PPO|wcnc2027_ablation/central_seed1/ppo_multi_site.zip,Centralized PPO,1,R,wcnc2027_ablation 2026-09-14,9,-883.3060113243149,80.8896730489098,802.416338275405,0.0,0.0,207.2467744470471,207.2467744470471,0.04558969276511397,0.04558969276511397,0.0,0.04558969276511397,0.0,0,0.0,46,11.017915020711406,78.76542503363426,0.6814611146923226,0.21
main,v040,LOSO-nes-f2,secondary,LOSO,nested,2,B,Shared-PPO|wcnc2027_ablation/shared_ppo_seed1/mappo_best.pt,Shared-PPO,1,R,wcnc2027_ablation 2026-09-14 (supplementary ablation),all,-5642.6830925009,4148.315357926027,1438.6144215748716,5.878313,49.875,1951.8519656964208,1950.3823874464206,0.007730426164519326,0.0046580773042616454,0.003072348860257681,0.007730426164519326,0.1001982160555005,310,2.949454905847374,78,19.8294499136615,506.8269331029031,0.714792487852509,0.21
main,v040,LOSO-nes-f2,secondary,LOSO,nested,2,B,Shared-PPO|wcnc2027_ablation/shared_ppo_seed1/mappo_best.pt,Shared-PPO,1,R,wcnc2027_ablation 2026-09-14 (supplementary ablation),0,-826.4861420034833,774.9520422053047,37.18004039817865,1.4790594000000001,12.875,173.79624380678862,173.42647895678863,0.0019821605550049554,0.0,0.0019821605550049554,0.0019821605550049554,0.27849355797819625,78,7.421209117938553,2,0.7589140407888788,1.0784934016384693,0.7196673399696442,0.21
main,v040,LOSO-nes-f2,secondary,LOSO,nested,2,B,Shared-PPO|wcnc2027_ablation/shared_ppo_seed1/mappo_best.pt,Shared-PPO,1,R,wcnc2027_ablation 2026-09-14 (supplementary ablation),1,-515.9211220309516,448.17221263277287,64.18004039817865,0.5688690000000001,3.0,190.22598182597403,190.08376457597404,0.002973240832507433,0.0,0.002973240832507433,0.002973240832507433,0.13974231912784935,30,2.8543111992071357,3,0.8745422906869379,1.1057987904830557,0.8131115599797628,0.21
main,v040,LOSO-nes-f2,secondary,LOSO,nested,2,B,Shared-PPO|wcnc2027_ablation/shared_ppo_seed1/mappo_best.pt,Shared-PPO,1,R,wcnc2027_ablation 2026-09-14 (supplementary ablation),2,-310.2254929131624,279.9979453131624,27.0,0.22754760000000002,3.0,206.45570745186313,206.39882055186314,0.0009910802775024777,0.0,0.0009910802775024777,0.0009910802775024777,0.006937561942517344,12,1.1417244796828543,1,1.0784934016384693,1.0784934016384693,1.0,0.21
main,v040,LOSO-nes-f2,secondary,LOSO,nested,2,B,Shared-PPO|wcnc2027_ablation/shared_ppo_seed1/mappo_best.pt,Shared-PPO,1,R,wcnc2027_ablation 2026-09-14 (supplementary ablation),3,-165.09422764426802,137.55630304426802,27.0,0.0379246,0.5,207.0253092388396,207.0158280888396,0.0009910802775024777,0.0009910802775024777,0.0,0.0009910802775024777,0.0009910802775024777,2,0.19028741328047574,1,4.943537109139514,4.943537109139514,1.0,0.21
main,v040,LOSO-nes-f2,secondary,LOSO,nested,2,B,Shared-PPO|wcnc2027_ablation/shared_ppo_seed1/mappo_best.pt,Shared-PPO,1,R,wcnc2027_ablation 2026-09-14 (supplementary ablation),4,-638.3678689520762,538.4650645593615,94.72016159271459,0.6826428,4.5,185.41638389439785,185.24572319439784,0.005946481665014866,0.0,0.005946481665014866,0.005946481665014866,0.16749256689791872,36,3.4251734390485633,6,0.6523875871723488,1.0784934016384693,0.6262231199595257,0.21
main,v040,LOSO-nes-f2,secondary,LOSO,nested,2,B,Shared-PPO|wcnc2027_ablation/shared_ppo_seed1/mappo_best.pt,Shared-PPO,1,R,wcnc2027_ablation 2026-09-14 (supplementary ablation),5,-438.73193638670057,353.9018411867006,81.0,0.45509520000000003,3.375,199.36508874434284,199.25131494434282,0.002973240832507433,0.0,0.002973240832507433,0.002973240832507433,0.06937561942517344,24,2.2834489593657086,3,1.0784934016384693,1.0784934016384693,1.0,0.21
main,v040,LOSO-nes-f2,secondary,LOSO,nested,2,B,Shared-PPO|wcnc2027_ablation/shared_ppo_seed1/mappo_best.pt,Shared-PPO,1,R,wcnc2027_ablation 2026-09-14 (supplementary ablation),6,-806.9657924639562,624.1411892096698,171.14894065428655,1.1756626000000001,10.5,188.4078597867649,188.1139441367649,0.008919722497522299,0.0,0.008919722497522299,0.008919722497522299,0.15758176412289396,62,5.898909811694748,9,112.98717270848324,506.8269331029031,0.7338849653862465,0.21
main,v040,LOSO-nes-f2,secondary,LOSO,nested,2,B,Shared-PPO|wcnc2027_ablation/shared_ppo_seed1/mappo_best.pt,Shared-PPO,1,R,wcnc2027_ablation 2026-09-14 (supplementary ablation),7,-633.8657527158496,552.7851045194923,74.3600807963573,0.7205674,6.0,190.9378791818034,190.7577373318034,0.003964321110009911,0.0,0.003964321110009911,0.003964321110009911,0.14370664023785926,38,3.615460852329039,4,0.8078023230554242,1.274046530704651,0.7196673399696442,0.21
main,v040,LOSO-nes-f2,secondary,LOSO,nested,2,B,Shared-PPO|wcnc2027_ablation/shared_ppo_seed1/mappo_best.pt,Shared-PPO,1,R,wcnc2027_ablation 2026-09-14 (supplementary ablation),8,-423.7187460661362,357.45398220638566,59.60881945975059,0.5309444000000001,6.125,202.97473731859927,202.84200121859925,0.002973240832507433,0.0,0.002973240832507433,0.002973240832507433,0.03766105054509415,28,2.66402378592666,3,0.8146491506450974,1.0784934016384693,0.7623202162194511,0.21
main,v040,LOSO-nes-f2,secondary,LOSO,nested,2,B,Shared-PPO|wcnc2027_ablation/shared_ppo_seed1/mappo_best.pt,Shared-PPO,1,R,wcnc2027_ablation 2026-09-14 (supplementary ablation),9,-883.3060113243149,80.8896730489098,802.416338275405,0.0,0.0,207.2467744470471,207.2467744470471,0.04558969276511397,0.04558969276511397,0.0,0.04558969276511397,0.0,0,0.0,46,11.017915020711406,78.76542503363426,0.6814611146923226,0.21
main,v040,LOSO-nes-f2,secondary,LOSO,nested,2,B,MAPPO|wcnc2027_ablation/mappo_seed7/mappo_best.pt,MAPPO,7,R,wcnc2027_ablation 2026-09-14,all,-5447.055305590739,4212.545447062869,1172.7453193278702,5.7645392,56.0,1962.1878914574363,1960.7467566574362,0.00624380574826561,0.0046580773042616454,0.0015857284440039642,0.00624380574826561,0.08156590683845391,304,2.892368681863231,63,16.37534369948379,506.8269331029031,0.7205001689565451,0.21
main,v040,LOSO-nes-f2,secondary,LOSO,nested,2,B,MAPPO|wcnc2027_ablation/mappo_seed7/mappo_best.pt,MAPPO,7,R,wcnc2027_ablation 2026-09-14,0,-814.6755042949084,799.8481432949083,0.0,1.327361,13.5,177.81184548480655,177.48000523480655,0.0,0.0,0.0,0.0,0.21407333994053518,70,6.6600594648166505,0,0.0,0.0,0.0,0.21
main,v040,LOSO-nes-f2,secondary,LOSO,nested,2,B,MAPPO|wcnc2027_ablation/mappo_seed7/mappo_best.pt,MAPPO,7,R,wcnc2027_ablation 2026-09-14,1,-536.1500375864637,461.72273138828507,64.18004039817865,0.8722658000000001,9.375,192.2192878997614,192.00122144976143,0.002973240832507433,0.0,0.002973240832507433,0.002973240832507433,0.10703666997026759,46,4.376610505450942,3,0.8745422906869379,1.1057987904830557,0.8131115599797628,0.21
main,v040,LOSO-nes-f2,secondary,LOSO,nested,2,B,MAPPO|wcnc2027_ablation/mappo_seed7/mappo_best.pt,MAPPO,7,R,wcnc2027_ablation 2026-09-14,2,-308.84085802990194,279.68915962990195,27.0,0.1516984,2.0,206.4900374961231,206.4521128961231,0.0009910802775024777,0.0,0.0009910802775024777,0.0009910802775024777,0.003964321110009911,8,0.761149653121903,1,1.0784934016384693,1.0784934016384693,1.0,0.21
main,v040,LOSO-nes-f2,secondary,LOSO,nested,2,B,MAPPO|wcnc2027_ablation/mappo_seed7/mappo_best.pt,MAPPO,7,R,wcnc2027_ablation 2026-09-14,3,-164.70421167677037,137.70421167677037,27.0,0.0,0.0,207.04287516734337,207.04287516734337,0.0009910802775024777,0.0009910802775024777,0.0,0.0009910802775024777,0.0,0,0.0,1,4.943537109139514,4.943537109139514,1.0,0.21
main,v040,LOSO-nes-f2,secondary,LOSO,nested,2,B,MAPPO|wcnc2027_ablation/mappo_seed7/mappo_best.pt,MAPPO,7,R,wcnc2027_ablation 2026-09-14,4,-624.5966815385958,544.2660333422385,74.3600807963573,0.7205674,5.25,186.36631145437497,186.18616960437492,0.003964321110009911,0.0,0.003964321110009911,0.003964321110009911,0.14767096134786917,38,3.615460852329039,4,0.7589140407888789,1.0784934016384693,0.7196673399696443,0.21
main,v040,LOSO-nes-f2,secondary,LOSO,nested,2,B,MAPPO|wcnc2027_ablation/mappo_seed7/mappo_best.pt,MAPPO,7,R,wcnc2027_ablation 2026-09-14,5,-361.1815319931455,358.1772859931455,0.0,0.379246,2.625,200.1255773151043,200.0307658151043,0.0,0.0,0.0,0.0,0.05550049554013875,20,1.9028741328047574,0,0.0,0.0,0.0,0.21
main,v040,LOSO-nes-f2,secondary,LOSO,nested,2,B,MAPPO|wcnc2027_ablation/mappo_seed7/mappo_best.pt,MAPPO,7,R,wcnc2027_ablation 2026-09-14,6,-728.0557174951251,629.3091600353745,86.60881945975059,1.1377380000000001,11.0,189.19640765695044,188.9119731569504,0.003964321110009911,0.0,0.003964321110009911,0.003964321110009911,0.13577799801783944,60,5.708622398414271,4,127.3177201387096,506.8269331029031,0.8217401621645883,0.21
main,v040,LOSO-nes-f2,secondary,LOSO,nested,2,B,MAPPO|wcnc2027_ablation/mappo_seed7/mappo_best.pt,MAPPO,7,R,wcnc2027_ablation 2026-09-14,7,-607.1142138784616,563.3765306802829,37.18004039817865,0.6826428,5.875,192.46781191607562,192.2971512160756,0.0019821605550049554,0.0,0.0019821605550049554,0.0019821605550049554,0.1199207135777998,36,3.4251734390485633,2,0.8566906053219696,1.274046530704651,0.7196673399696442,0.21
main,v040,LOSO-nes-f2,secondary,LOSO,nested,2,B,MAPPO|wcnc2027_ablation/mappo_seed7/mappo_best.pt,MAPPO,7,R,wcnc2027_ablation 2026-09-14,8,-418.43053777305204,357.5625179730521,54.0,0.4930198,6.375,203.22096261984942,203.0977076698494,0.0019821605550049554,0.0,0.0019821605550049554,0.0019821605550049554,0.031714568880079286,26,2.4737363726461843,2,1.0784934016384693,1.0784934016384693,1.0,0.21
main,v040,LOSO-nes-f2,secondary,LOSO,nested,2,B,MAPPO|wcnc2027_ablation/mappo_seed7/mappo_best.pt,MAPPO,7,R,wcnc2027_ablation 2026-09-14,9,-883.3060113243149,80.8896730489098,802.416338275405,0.0,0.0,207.2467744470471,207.2467744470471,0.04558969276511397,0.04558969276511397,0.0,0.04558969276511397,0.0,0,0.0,46,11.017915020711406,78.76542503363426,0.6814611146923226,0.21
main,v040,LOSO-nes-f2,secondary,LOSO,nested,2,B,Centralized PPO|wcnc2027_ablation/central_seed7/ppo_multi_site.zip,Centralized PPO,7,R,wcnc2027_ablation 2026-09-14,all,-10144.834660842884,5769.540930212252,4366.38776563063,0.5309650000000001,8.375,2091.9760935354157,2091.8433522854157,0.02547076313181368,0.005351833498513379,0.02081268582755203,0.02547076313181368,0.09762140733399405,29,0.2759167492566898,257,24.634099264140463,1576.7739628035374,0.666327855464414,0.2
main,v040,LOSO-nes-f2,secondary,LOSO,nested,2,B,Centralized PPO|wcnc2027_ablation/central_seed7/ppo_multi_site.zip,Centralized PPO,7,R,wcnc2027_ablation 2026-09-14,0,-4427.198075336146,881.3206829809203,3536.9714273552254,0.530965,8.375,229.59545795529513,229.46271670529512,0.20812685827552033,0.006937561942517344,0.20812685827552033,0.20812685827552033,0.9762140733399405,29,2.759167492566898,210,27.710456584867785,1576.7739628035374,0.6614240360881312,0.2
main,v040,LOSO-nes-f2,secondary,LOSO,nested,2,B,Centralized PPO|wcnc2027_ablation/central_seed7/ppo_multi_site.zip,Centralized PPO,7,R,wcnc2027_ablation 2026-09-14,1,-869.0016926283404,869.0016926283404,0.0,0.0,0.0,206.86854941298162,206.86854941298162,0.0,0.0,0.0,0.0,0.0,0,0.0,0,0.0,0.0,0.0,0.2
main,v040,LOSO-nes-f2,secondary,LOSO,nested,2,B,Centralized PPO|wcnc2027_ablation/central_seed7/ppo_multi_site.zip,Centralized PPO,7,R,wcnc2027_ablation 2026-09-14,2,-285.131772111562,285.131772111562,0.0,0.0,0.0,206.91604362617895,206.91604362617895,0.0,0.0,0.0,0.0,0.0,0,0.0,0,0.0,0.0,0.0,0.2
main,v040,LOSO-nes-f2,secondary,LOSO,nested,2,B,Centralized PPO|wcnc2027_ablation/central_seed7/ppo_multi_site.zip,Centralized PPO,7,R,wcnc2027_ablation 2026-09-14,3,-164.70421167677037,137.70421167677037,27.0,0.0,0.0,207.04287516734337,207.04287516734337,0.0009910802775024777,0.0009910802775024777,0.0,0.0009910802775024777,0.0,0,0.0,1,4.943537109139514,4.943537109139514,1.0,0.2
main,v040,LOSO-nes-f2,secondary,LOSO,nested,2,B,Centralized PPO|wcnc2027_ablation/central_seed7/ppo_multi_site.zip,Centralized PPO,7,R,wcnc2027_ablation 2026-09-14,4,-956.265112824797,956.265112824797,0.0,0.0,0.0,206.84610010160299,206.84610010160299,0.0,0.0,0.0,0.0,0.0,0,0.0,0,0.0,0.0,0.0,0.2
main,v040,LOSO-nes-f2,secondary,LOSO,nested,2,B,Centralized PPO|wcnc2027_ablation/central_seed7/ppo_multi_site.zip,Centralized PPO,7,R,wcnc2027_ablation 2026-09-14,5,-443.1623741628722,443.1623741628722,0.0,0.0,0.0,206.88829172154493,206.88829172154493,0.0,0.0,0.0,0.0,0.0,0,0.0,0,0.0,0.0,0.0,0.2
main,v040,LOSO-nes-f2,secondary,LOSO,nested,2,B,Centralized PPO|wcnc2027_ablation/central_seed7/ppo_multi_site.zip,Centralized PPO,7,R,wcnc2027_ablation 2026-09-14,6,-956.4140420846386,956.4140420846386,0.0,0.0,0.0,206.8410907092473,206.8410907092473,0.0,0.0,0.0,0.0,0.0,0,0.0,0,0.0,0.0,0.0,0.2
main,v040,LOSO-nes-f2,secondary,LOSO,nested,2,B,Centralized PPO|wcnc2027_ablation/central_seed7/ppo_multi_site.zip,Centralized PPO,7,R,wcnc2027_ablation 2026-09-14,7,-757.8389205365211,757.8389205365211,0.0,0.0,0.0,206.84272456064485,206.84272456064485,0.0,0.0,0.0,0.0,0.0,0,0.0,0,0.0,0.0,0.0,0.2
main,v040,LOSO-nes-f2,secondary,LOSO,nested,2,B,Centralized PPO|wcnc2027_ablation/central_seed7/ppo_multi_site.zip,Centralized PPO,7,R,wcnc2027_ablation 2026-09-14,8,-401.81244815691986,401.81244815691986,0.0,0.0,0.0,206.8881858335294,206.8881858335294,0.0,0.0,0.0,0.0,0.0,0,0.0,0,0.0,0.0,0.0,0.2
main,v040,LOSO-nes-f2,secondary,LOSO,nested,2,B,Centralized PPO|wcnc2027_ablation/central_seed7/ppo_multi_site.zip,Centralized PPO,7,R,wcnc2027_ablation 2026-09-14,9,-883.3060113243149,80.8896730489098,802.416338275405,0.0,0.0,207.2467744470471,207.2467744470471,0.04558969276511397,0.04558969276511397,0.0,0.04558969276511397,0.0,0,0.0,46,11.017915020711406,78.76542503363426,0.6814611146923226,0.2
main,v040,LOSO-nes-f2,secondary,LOSO,nested,2,B,Shared-PPO|wcnc2027_ablation/shared_ppo_seed7/mappo_best.pt,Shared-PPO,7,R,wcnc2027_ablation 2026-09-14 (supplementary ablation),all,-5460.435326965002,4261.85550883531,1135.5652789296917,5.764539200000001,57.25,1968.369453908972,1966.928319108972,0.006045589692765114,0.0046580773042616454,0.0013875123885034688,0.006045589692765114,0.07413280475718534,304,2.892368681863231,61,16.887357786654107,506.8269331029031,0.7205274748249683,0.21
main,v040,LOSO-nes-f2,secondary,LOSO,nested,2,B,Shared-PPO|wcnc2027_ablation/shared_ppo_seed7/mappo_best.pt,Shared-PPO,7,R,wcnc2027_ablation 2026-09-14 (supplementary ablation),0,-822.985068539953,809.358556739953,0.0,1.2515118,12.375,179.0248808213494,178.7120028713494,0.0,0.0,0.0,0.0,0.199207135777998,66,6.279484638255699,0,0.0,0.0,0.0,0.21
main,v040,LOSO-nes-f2,secondary,LOSO,nested,2,B,Shared-PPO|wcnc2027_ablation/shared_ppo_seed7/mappo_best.pt,Shared-PPO,7,R,wcnc2027_ablation 2026-09-14 (supplementary ablation),1,-518.1354261960893,471.62104459791067,37.18004039817865,0.8343412000000001,8.5,193.24391493026351,193.0353296302635,0.0019821605550049554,0.0,0.0019821605550049554,0.0019821605550049554,0.09712586719524281,44,4.186323092170466,2,0.772566735211172,1.1057987904830557,0.7196673399696442,0.21
main,v040,LOSO-nes-f2,secondary,LOSO,nested,2,B,Shared-PPO|wcnc2027_ablation/shared_ppo_seed7/mappo_best.pt,Shared-PPO,7,R,wcnc2027_ablation 2026-09-14 (supplementary ablation),2,-307.30635458750345,278.27965618750346,27.0,0.1516984,1.875,206.35329829947705,206.31537369947705,0.0009910802775024777,0.0,0.0009910802775024777,0.0009910802775024777,0.004955401387512388,8,0.761149653121903,1,1.0784934016384693,1.0784934016384693,1.0,0.21
main,v040,LOSO-nes-f2,secondary,LOSO,nested,2,B,Shared-PPO|wcnc2027_ablation/shared_ppo_seed7/mappo_best.pt,Shared-PPO,7,R,wcnc2027_ablation 2026-09-14 (supplementary ablation),3,-164.70421167677037,137.70421167677037,27.0,0.0,0.0,207.04287516734337,207.04287516734337,0.0009910802775024777,0.0009910802775024777,0.0,0.0009910802775024777,0.0,0,0.0,1,4.943537109139514,4.943537109139514,1.0,0.21
main,v040,LOSO-nes-f2,secondary,LOSO,nested,2,B,Shared-PPO|wcnc2027_ablation/shared_ppo_seed7/mappo_best.pt,Shared-PPO,7,R,wcnc2027_ablation 2026-09-14 (supplementary ablation),4,-633.1790438927735,550.2346218964162,74.3600807963573,0.8343412,7.75,187.14161993727606,186.93303463727608,0.003964321110009911,0.0,0.003964321110009911,0.003964321110009911,0.13875123885034688,44,4.186323092170466,4,0.7589140407888789,1.0784934016384693,0.7196673399696443,0.21
main,v040,LOSO-nes-f2,secondary,LOSO,nested,2,B,Shared-PPO|wcnc2027_ablation/shared_ppo_seed7/mappo_best.pt,Shared-PPO,7,R,wcnc2027_ablation 2026-09-14 (supplementary ablation),5,-362.9397481503305,359.81050215033054,0.0,0.379246,2.75,200.38325337120895,200.28844187120893,0.0,0.0,0.0,0.0,0.05153617443012884,20,1.9028741328047574,0,0.0,0.0,0.0,0.21
main,v040,LOSO-nes-f2,secondary,LOSO,nested,2,B,Shared-PPO|wcnc2027_ablation/shared_ppo_seed7/mappo_best.pt,Shared-PPO,7,R,wcnc2027_ablation 2026-09-14 (supplementary ablation),6,-770.3988721320086,644.027314672258,113.60881945975059,1.1377380000000001,11.625,190.84841092790452,190.5639764279045,0.004955401387512388,0.0,0.004955401387512388,0.004955401387512388,0.11694747274529237,60,5.708622398414271,5,102.06987479129538,506.8269331029031,0.8573921297316707,0.21
main,v040,LOSO-nes-f2,secondary,LOSO,nested,2,B,Shared-PPO|wcnc2027_ablation/shared_ppo_seed7/mappo_best.pt,Shared-PPO,7,R,wcnc2027_ablation 2026-09-14 (supplementary ablation),7,-601.8949133233405,567.2993459233405,27.0,0.7205674000000001,6.875,193.34638745650958,193.16624560650956,0.0009910802775024777,0.0,0.0009910802775024777,0.0009910802775024777,0.10703666997026759,38,3.615460852329039,1,1.274046530704651,1.274046530704651,1.0,0.21
main,v040,LOSO-nes-f2,secondary,LOSO,nested,2,B,Shared-PPO|wcnc2027_ablation/shared_ppo_seed7/mappo_best.pt,Shared-PPO,7,R,wcnc2027_ablation 2026-09-14 (supplementary ablation),8,-395.58567714191713,362.6305819419171,27.0,0.45509520000000003,5.5,203.73803855059228,203.6242647505923,0.0009910802775024777,0.0,0.0009910802775024777,0.0009910802775024777,0.02576808721506442,24,2.2834489593657086,1,1.0784934016384693,1.0784934016384693,1.0,0.21
main,v040,LOSO-nes-f2,secondary,LOSO,nested,2,B,Shared-PPO|wcnc2027_ablation/shared_ppo_seed7/mappo_best.pt,Shared-PPO,7,R,wcnc2027_ablation 2026-09-14 (supplementary ablation),9,-883.3060113243149,80.8896730489098,802.416338275405,0.0,0.0,207.2467744470471,207.2467744470471,0.04558969276511397,0.04558969276511397,0.0,0.04558969276511397,0.0,0,0.0,46,11.017915020711406,78.76542503363426,0.6814611146923226,0.21
main,v040,LOSO-nes-f2,secondary,LOSO,nested,2,B,MAPPO|wcnc2027_ablation/mappo_seed13/mappo_best.pt,MAPPO,13,R,wcnc2027_ablation 2026-09-14,all,-5461.006102795546,4253.185867267676,1145.7453193278702,5.5749162000000005,56.5,1967.6828347429816,1966.2891056929816,0.006144697720515362,0.0046580773042616454,0.0014866204162537165,0.006144697720515362,0.07482656095143707,294,2.797224975222993,62,16.622067091384515,506.8269331029031,0.7159921071655216,0.21
main,v040,LOSO-nes-f2,secondary,LOSO,nested,2,B,MAPPO|wcnc2027_ablation/mappo_seed13/mappo_best.pt,MAPPO,13,R,wcnc2027_ablation 2026-09-14,0,-818.9530020282853,806.4023394282854,0.0,1.1756626,11.375,178.73637893176027,178.4424632817603,0.0,0.0,0.0,0.0,0.20317145688800792,62,5.898909811694748,0,0.0,0.0,0.0,0.21
main,v040,LOSO-nes-f2,secondary,LOSO,nested,2,B,MAPPO|wcnc2027_ablation/mappo_seed13/mappo_best.pt,MAPPO,13,R,wcnc2027_ablation 2026-09-14,1,-540.6982508484821,464.9830200503034,64.18004039817865,0.9101904000000001,10.625,192.66702006734528,192.43947246734527,0.002973240832507433,0.0,0.002973240832507433,0.002973240832507433,0.10208126858275521,48,4.566897918731417,3,0.8745422906869379,1.1057987904830557,0.8131115599797628,0.21
main,v040,LOSO-nes-f2,secondary,LOSO,nested,2,B,MAPPO|wcnc2027_ablation/mappo_seed13/mappo_best.pt,MAPPO,13,R,wcnc2027_ablation 2026-09-14,2,-308.7227195572506,280.10894575725064,27.0,0.11377380000000001,1.5,206.55192063718997,206.52347718718997,0.0009910802775024777,0.0,0.0009910802775024777,0.0009910802775024777,0.002973240832507433,6,0.5708622398414271,1,1.0784934016384693,1.0784934016384693,1.0,0.21
main,v040,LOSO-nes-f2,secondary,LOSO,nested,2,B,MAPPO|wcnc2027_ablation/mappo_seed13/mappo_best.pt,MAPPO,13,R,wcnc2027_ablation 2026-09-14,3,-164.70421167677037,137.70421167677037,27.0,0.0,0.0,207.04287516734337,207.04287516734337,0.0009910802775024777,0.0009910802775024777,0.0,0.0009910802775024777,0.0,0,0.0,1,4.943537109139514,4.943537109139514,1.0,0.21
main,v040,LOSO-nes-f2,secondary,LOSO,nested,2,B,MAPPO|wcnc2027_ablation/mappo_seed13/mappo_best.pt,MAPPO,13,R,wcnc2027_ablation 2026-09-14,4,-635.5878281213536,551.3554815249963,74.3600807963573,0.8722658,9.0,187.46132871205958,187.24326226205957,0.003964321110009911,0.0,0.003964321110009911,0.003964321110009911,0.13478691774033696,46,4.376610505450942,4,0.7589140407888789,1.0784934016384693,0.7196673399696443,0.21
main,v040,LOSO-nes-f2,secondary,LOSO,nested,2,B,MAPPO|wcnc2027_ablation/mappo_seed13/mappo_best.pt,MAPPO,13,R,wcnc2027_ablation 2026-09-14,5,-366.87969317299763,362.71252257299767,0.0,0.4171706,3.75,200.64037492101022,200.5360822710102,0.0,0.0,0.0,0.0,0.049554013875123884,22,2.093161546085233,0,0.0,0.0,0.0,0.21
main,v040,LOSO-nes-f2,secondary,LOSO,nested,2,B,MAPPO|wcnc2027_ablation/mappo_seed13/mappo_best.pt,MAPPO,13,R,wcnc2027_ablation 2026-09-14,6,-736.9870705891788,638.816362329428,86.60881945975059,1.0618888000000002,10.5,190.3327969620002,190.06732476200023,0.003964321110009911,0.0,0.003964321110009911,0.003964321110009911,0.12190287413280476,56,5.32804757185332,4,127.3177201387096,506.8269331029031,0.8217401621645883,0.21
main,v040,LOSO-nes-f2,secondary,LOSO,nested,2,B,MAPPO|wcnc2027_ablation/mappo_seed13/mappo_best.pt,MAPPO,13,R,wcnc2027_ablation 2026-09-14,7,-611.7817896866793,568.2070310885006,37.18004039817865,0.6447182,5.75,193.38277626188113,193.2215967118811,0.0019821605550049554,0.0,0.0019821605550049554,0.0019821605550049554,0.10703666997026759,34,3.2348860257680876,2,0.8566906053219696,1.274046530704651,0.7196673399696442,0.21
main,v040,LOSO-nes-f2,secondary,LOSO,nested,2,B,MAPPO|wcnc2027_ablation/mappo_seed13/mappo_best.pt,MAPPO,13,R,wcnc2027_ablation 2026-09-14,8,-393.385525790234,362.006279790234,27.0,0.37924599999999997,4.0,203.6205886353444,203.5257771353444,0.0009910802775024777,0.0,0.0009910802775024777,0.0009910802775024777,0.026759167492566897,20,1.9028741328047574,1,1.0784934016384693,1.0784934016384693,1.0,0.21
main,v040,LOSO-nes-f2,secondary,LOSO,nested,2,B,MAPPO|wcnc2027_ablation/mappo_seed13/mappo_best.pt,MAPPO,13,R,wcnc2027_ablation 2026-09-14,9,-883.3060113243149,80.8896730489098,802.416338275405,0.0,0.0,207.2467744470471,207.2467744470471,0.04558969276511397,0.04558969276511397,0.0,0.04558969276511397,0.0,0,0.0,46,11.017915020711406,78.76542503363426,0.6814611146923226,0.21
main,v040,LOSO-nes-f2,secondary,LOSO,nested,2,B,Centralized PPO|wcnc2027_ablation/central_seed13/ppo_multi_site.zip,Centralized PPO,13,R,wcnc2027_ablation 2026-09-14,all,-9812.145581982266,5723.544908737063,4068.9474424452014,1.4032308000000002,18.25,2083.791417659543,2083.4406099595426,0.02388503468780971,0.005351833498513379,0.019226957383548068,0.02388503468780971,0.09246778989098117,74,0.7040634291377602,241,26.219173801790365,1576.7739628035374,0.662786644874855,0.21
main,v040,LOSO-nes-f2,secondary,LOSO,nested,2,B,Centralized PPO|wcnc2027_ablation/central_seed13/ppo_multi_site.zip,Centralized PPO,13,R,wcnc2027_ablation 2026-09-14,0,-4094.508996475529,835.3246615057321,3239.531104169796,1.4032308,18.25,221.41078207942215,221.05997437942213,0.19226957383548068,0.006937561942517344,0.19226957383548068,0.19226957383548068,0.9246778989098117,74,7.040634291377602,194,29.933264217369143,1576.7739628035374,0.6566204646339857,0.21
main,v040,LOSO-nes-f2,secondary,LOSO,nested,2,B,Centralized PPO|wcnc2027_ablation/central_seed13/ppo_multi_site.zip,Centralized PPO,13,R,wcnc2027_ablation 2026-09-14,1,-869.0016926283404,869.0016926283404,0.0,0.0,0.0,206.86854941298162,206.86854941298162,0.0,0.0,0.0,0.0,0.0,0,0.0,0,0.0,0.0,0.0,0.21
main,v040,LOSO-nes-f2,secondary,LOSO,nested,2,B,Centralized PPO|wcnc2027_ablation/central_seed13/ppo_multi_site.zip,Centralized PPO,13,R,wcnc2027_ablation 2026-09-14,2,-285.131772111562,285.131772111562,0.0,0.0,0.0,206.91604362617895,206.91604362617895,0.0,0.0,0.0,0.0,0.0,0,0.0,0,0.0,0.0,0.0,0.21
main,v040,LOSO-nes-f2,secondary,LOSO,nested,2,B,Centralized PPO|wcnc2027_ablation/central_seed13/ppo_multi_site.zip,Centralized PPO,13,R,wcnc2027_ablation 2026-09-14,3,-164.70421167677037,137.70421167677037,27.0,0.0,0.0,207.04287516734337,207.04287516734337,0.0009910802775024777,0.0009910802775024777,0.0,0.0009910802775024777,0.0,0,0.0,1,4.943537109139514,4.943537109139514,1.0,0.21
main,v040,LOSO-nes-f2,secondary,LOSO,nested,2,B,Centralized PPO|wcnc2027_ablation/central_seed13/ppo_multi_site.zip,Centralized PPO,13,R,wcnc2027_ablation 2026-09-14,4,-956.265112824797,956.265112824797,0.0,0.0,0.0,206.84610010160299,206.84610010160299,0.0,0.0,0.0,0.0,0.0,0,0.0,0,0.0,0.0,0.0,0.21
main,v040,LOSO-nes-f2,secondary,LOSO,nested,2,B,Centralized PPO|wcnc2027_ablation/central_seed13/ppo_multi_site.zip,Centralized PPO,13,R,wcnc2027_ablation 2026-09-14,5,-443.1623741628722,443.1623741628722,0.0,0.0,0.0,206.88829172154493,206.88829172154493,0.0,0.0,0.0,0.0,0.0,0,0.0,0,0.0,0.0,0.0,0.21
main,v040,LOSO-nes-f2,secondary,LOSO,nested,2,B,Centralized PPO|wcnc2027_ablation/central_seed13/ppo_multi_site.zip,Centralized PPO,13,R,wcnc2027_ablation 2026-09-14,6,-956.4140420846386,956.4140420846386,0.0,0.0,0.0,206.8410907092473,206.8410907092473,0.0,0.0,0.0,0.0,0.0,0,0.0,0,0.0,0.0,0.0,0.21
main,v040,LOSO-nes-f2,secondary,LOSO,nested,2,B,Centralized PPO|wcnc2027_ablation/central_seed13/ppo_multi_site.zip,Centralized PPO,13,R,wcnc2027_ablation 2026-09-14,7,-757.8389205365211,757.8389205365211,0.0,0.0,0.0,206.84272456064485,206.84272456064485,0.0,0.0,0.0,0.0,0.0,0,0.0,0,0.0,0.0,0.0,0.21
main,v040,LOSO-nes-f2,secondary,LOSO,nested,2,B,Centralized PPO|wcnc2027_ablation/central_seed13/ppo_multi_site.zip,Centralized PPO,13,R,wcnc2027_ablation 2026-09-14,8,-401.81244815691986,401.81244815691986,0.0,0.0,0.0,206.8881858335294,206.8881858335294,0.0,0.0,0.0,0.0,0.0,0,0.0,0,0.0,0.0,0.0,0.21
main,v040,LOSO-nes-f2,secondary,LOSO,nested,2,B,Centralized PPO|wcnc2027_ablation/central_seed13/ppo_multi_site.zip,Centralized PPO,13,R,wcnc2027_ablation 2026-09-14,9,-883.3060113243149,80.8896730489098,802.416338275405,0.0,0.0,207.2467744470471,207.2467744470471,0.04558969276511397,0.04558969276511397,0.0,0.04558969276511397,0.0,0,0.0,46,11.017915020711406,78.76542503363426,0.6814611146923226,0.21
main,v040,LOSO-nes-f2,secondary,LOSO,nested,2,B,Shared-PPO|wcnc2027_ablation/shared_ppo_seed13/mappo_best.pt,Shared-PPO,13,R,wcnc2027_ablation 2026-09-14 (supplementary ablation),all,-5455.523735215102,4392.864243083588,1017.3852385315129,4.399253600000001,40.875,1982.0948259067854,1980.9950125067853,0.005550049554013875,0.0046580773042616454,0.00089197224975223,0.005550049554013875,0.06124876114965312,232,2.2073339940535184,56,9.275562926233508,78.76542503363426,0.705586451506853,0.21
main,v040,LOSO-nes-f2,secondary,LOSO,nested,2,B,Shared-PPO|wcnc2027_ablation/shared_ppo_seed13/mappo_best.pt,Shared-PPO,13,R,wcnc2027_ablation 2026-09-14 (supplementary ablation),0,-840.8880072207658,833.1786660207656,0.0,0.8343411999999999,6.875,181.65412650705696,181.44554120705698,0.0,0.0,0.0,0.0,0.17443012884043607,44,4.186323092170466,0,0.0,0.0,0.0,0.21
main,v040,LOSO-nes-f2,secondary,LOSO,nested,2,B,Shared-PPO|wcnc2027_ablation/shared_ppo_seed13/mappo_best.pt,Shared-PPO,13,R,wcnc2027_ablation 2026-09-14 (supplementary ablation),1,-531.3764373163054,485.5629049181267,37.18004039817865,0.7584919999999999,7.875,194.7956248605154,194.6060018605154,0.0019821605550049554,0.0,0.0019821605550049554,0.0019821605550049554,0.08225966303270565,40,3.8057482656095147,2,0.772566735211172,1.1057987904830557,0.7196673399696442,0.21
main,v040,LOSO-nes-f2,secondary,LOSO,nested,2,B,Shared-PPO|wcnc2027_ablation/shared_ppo_seed13/mappo_best.pt,Shared-PPO,13,R,wcnc2027_ablation 2026-09-14 (supplementary ablation),2,-309.5005114376965,281.4246622376965,27.0,0.0758492,1.0,206.6623020089554,206.6433397089554,0.0009910802775024777,0.0,0.0009910802775024777,0.0009910802775024777,0.0019821605550049554,4,0.3805748265609515,1,1.0784934016384693,1.0784934016384693,1.0,0.21
main,v040,LOSO-nes-f2,secondary,LOSO,nested,2,B,Shared-PPO|wcnc2027_ablation/shared_ppo_seed13/mappo_best.pt,Shared-PPO,13,R,wcnc2027_ablation 2026-09-14 (supplementary ablation),3,-164.70421167677037,137.70421167677037,27.0,0.0,0.0,207.04287516734337,207.04287516734337,0.0009910802775024777,0.0009910802775024777,0.0,0.0009910802775024777,0.0,0,0.0,1,4.943537109139514,4.943537109139514,1.0,0.21
main,v040,LOSO-nes-f2,secondary,LOSO,nested,2,B,Shared-PPO|wcnc2027_ablation/shared_ppo_seed13/mappo_best.pt,Shared-PPO,13,R,wcnc2027_ablation 2026-09-14 (supplementary ablation),4,-639.818752841104,568.9181450429254,64.18004039817865,0.7205674,6.0,188.96333520237425,188.78319335237424,0.002973240832507433,0.0,0.002973240832507433,0.002973240832507433,0.12190287413280476,38,3.615460852329039,3,0.865440494405409,1.0784934016384693,0.8131115599797628,0.21
main,v040,LOSO-nes-f2,secondary,LOSO,nested,2,B,Shared-PPO|wcnc2027_ablation/shared_ppo_seed13/mappo_best.pt,Shared-PPO,13,R,wcnc2027_ablation 2026-09-14 (supplementary ablation),5,-374.40505931682287,373.1775117168229,0.0,0.22754760000000002,1.0,201.75408941683688,201.69720251683685,0.0,0.0,0.0,0.0,0.03964321110009911,12,1.1417244796828543,0,0.0,0.0,0.0,0.21
main,v040,LOSO-nes-f2,secondary,LOSO,nested,2,B,Shared-PPO|wcnc2027_ablation/shared_ppo_seed13/mappo_best.pt,Shared-PPO,13,R,wcnc2027_ablation 2026-09-14 (supplementary ablation),6,-709.070743922068,664.1008848623173,32.60881945975059,0.9860396,11.375,192.97459703030648,192.72808713030645,0.0019821605550049554,0.0,0.0019821605550049554,0.0019821605550049554,0.09712586719524281,52,4.947472745292369,2,0.6827270251484112,1.0784934016384693,0.6434803243291766,0.21
main,v040,LOSO-nes-f2,secondary,LOSO,nested,2,B,Shared-PPO|wcnc2027_ablation/shared_ppo_seed13/mappo_best.pt,Shared-PPO,13,R,wcnc2027_ablation 2026-09-14 (supplementary ablation),7,-596.1323388441941,592.226394444194,0.0,0.5309444000000001,3.375,195.9797021271237,195.8469660271237,0.0,0.0,0.0,0.0,0.08126858275520317,28,2.66402378592666,0,0.0,0.0,0.0,0.21
main,v040,LOSO-nes-f2,secondary,LOSO,nested,2,B,Shared-PPO|wcnc2027_ablation/shared_ppo_seed13/mappo_best.pt,Shared-PPO,13,R,wcnc2027_ablation 2026-09-14 (supplementary ablation),8,-406.3216613150593,375.68118911505934,27.0,0.26547220000000005,3.375,205.021399139226,204.955031089226,0.0009910802775024777,0.0,0.0009910802775024777,0.0009910802775024777,0.013875123885034688,14,1.33201189296333,1,1.0784934016384693,1.0784934016384693,1.0,0.21
main,v040,LOSO-nes-f2,secondary,LOSO,nested,2,B,Shared-PPO|wcnc2027_ablation/shared_ppo_seed13/mappo_best.pt,Shared-PPO,13,R,wcnc2027_ablation 2026-09-14 (supplementary ablation),9,-883.3060113243149,80.8896730489098,802.416338275405,0.0,0.0,207.2467744470471,207.2467744470471,0.04558969276511397,0.04558969276511397,0.0,0.04558969276511397,0.0,0,0.0,46,11.017915020711406,78.76542503363426,0.6814611146923226,0.21
main,v040,LOSO-nes-f2,secondary,LOSO,nested,2,B,MAPPO|wcnc2027_ablation/mappo_seed23/mappo_best.pt,MAPPO,23,R,wcnc2027_ablation 2026-09-14,all,-5462.908023104026,4230.100657374335,1162.5652789296917,5.9920868,64.25,1965.173075336536,1963.6750536365357,0.006144697720515362,0.0046580773042616454,0.0014866204162537165,0.006144697720515362,0.07720515361744301,316,3.0065411298315166,62,16.63237610302483,506.8269331029031,0.725035096198759,0.21
main,v040,LOSO-nes-f2,secondary,LOSO,nested,2,B,MAPPO|wcnc2027_ablation/mappo_seed23/mappo_best.pt,MAPPO,23,R,wcnc2027_ablation 2026-09-14,0,-812.2933603716517,799.3297731716518,0.0,1.2135872,11.75,177.81605366253703,177.51265686253703,0.0,0.0,0.0,0.0,0.2130822596630327,64,6.089197224975224,0,0.0,0.0,0.0,0.21
main,v040,LOSO-nes-f2,secondary,LOSO,nested,2,B,MAPPO|wcnc2027_ablation/mappo_seed23/mappo_best.pt,MAPPO,23,R,wcnc2027_ablation 2026-09-14,1,-536.4936782166956,461.27844741851686,64.18004039817865,0.9101904000000001,10.125,192.18467857137423,191.95713097137423,0.002973240832507433,0.0,0.002973240832507433,0.002973240832507433,0.10703666997026759,48,4.566897918731417,3,0.8745422906869379,1.1057987904830557,0.8131115599797628,0.21
main,v040,LOSO-nes-f2,secondary,LOSO,nested,2,B,MAPPO|wcnc2027_ablation/mappo_seed23/mappo_best.pt,MAPPO,23,R,wcnc2027_ablation 2026-09-14,2,-308.57620385971006,279.4245054597101,27.0,0.1516984,2.0,206.47281723601088,206.4348926360109,0.0009910802775024777,0.0,0.0009910802775024777,0.0009910802775024777,0.003964321110009911,8,0.761149653121903,1,1.0784934016384693,1.0784934016384693,1.0,0.21
main,v040,LOSO-nes-f2,secondary,LOSO,nested,2,B,MAPPO|wcnc2027_ablation/mappo_seed23/mappo_best.pt,MAPPO,23,R,wcnc2027_ablation 2026-09-14,3,-164.70421167677037,137.70421167677037,27.0,0.0,0.0,207.04287516734337,207.04287516734337,0.0009910802775024777,0.0009910802775024777,0.0,0.0009910802775024777,0.0,0,0.0,1,4.943537109139514,4.943537109139514,1.0,0.21
main,v040,LOSO-nes-f2,secondary,LOSO,nested,2,B,MAPPO|wcnc2027_ablation/mappo_seed23/mappo_best.pt,MAPPO,23,R,wcnc2027_ablation 2026-09-14,4,-634.4486844975689,548.9284133012117,74.3600807963573,0.9101904,10.25,187.16011430384128,186.9325667038413,0.003964321110009911,0.0,0.003964321110009911,0.003964321110009911,0.1377601585728444,48,4.566897918731417,4,0.7589140407888789,1.0784934016384693,0.7196673399696443,0.21
main,v040,LOSO-nes-f2,secondary,LOSO,nested,2,B,MAPPO|wcnc2027_ablation/mappo_seed23/mappo_best.pt,MAPPO,23,R,wcnc2027_ablation 2026-09-14,5,-364.3440881658206,360.96484216582064,0.0,0.37924599999999997,3.0,200.51921866643573,200.42440716643574,0.0,0.0,0.0,0.0,0.05054509415262636,20,1.9028741328047574,0,0.0,0.0,0.0,0.21
main,v040,LOSO-nes-f2,secondary,LOSO,nested,2,B,MAPPO|wcnc2027_ablation/mappo_seed23/mappo_best.pt,MAPPO,23,R,wcnc2027_ablation 2026-09-14,6,-765.9708025822522,635.9854713225017,113.60881945975059,1.2515118,15.125,190.18888538981673,189.8760074398167,0.004955401387512388,0.0,0.004955401387512388,0.004955401387512388,0.12190287413280476,66,6.279484638255699,5,102.06987479129538,506.8269331029031,0.8573921297316707,0.21
main,v040,LOSO-nes-f2,secondary,LOSO,nested,2,B,MAPPO|wcnc2027_ablation/mappo_seed23/mappo_best.pt,MAPPO,23,R,wcnc2027_ablation 2026-09-14,7,-597.4584199427266,563.2378525427265,27.0,0.7205674,6.5,192.8312617578013,192.6511199078013,0.0009910802775024777,0.0,0.0009910802775024777,0.0009910802775024777,0.11199207135777998,38,3.615460852329039,1,1.274046530704651,1.274046530704651,1.0,0.21
main,v040,LOSO-nes-f2,secondary,LOSO,nested,2,B,MAPPO|wcnc2027_ablation/mappo_seed23/mappo_best.pt,MAPPO,23,R,wcnc2027_ablation 2026-09-14,8,-395.31256246651577,362.35746726651576,27.0,0.45509520000000003,5.5,203.71039613432825,203.59662233432823,0.0009910802775024777,0.0,0.0009910802775024777,0.0009910802775024777,0.02576808721506442,24,2.2834489593657086,1,1.0784934016384693,1.0784934016384693,1.0,0.21
main,v040,LOSO-nes-f2,secondary,LOSO,nested,2,B,MAPPO|wcnc2027_ablation/mappo_seed23/mappo_best.pt,MAPPO,23,R,wcnc2027_ablation 2026-09-14,9,-883.3060113243149,80.8896730489098,802.416338275405,0.0,0.0,207.2467744470471,207.2467744470471,0.04558969276511397,0.04558969276511397,0.0,0.04558969276511397,0.0,0,0.0,46,11.017915020711406,78.76542503363426,0.6814611146923226,0.21
main,v040,LOSO-nes-f2,secondary,LOSO,nested,2,B,MAPPO|mappo_seed13_20260516T092252/mappo_best.pt,MAPPO,13,L,"May 2026, pre-781c90c reward",all,-5430.455967910179,4258.3675259823085,1118.7453193278702,4.9681226,48.375,1967.7294033594958,1966.487372709496,0.006045589692765114,0.0046580773042616454,0.0013875123885034688,0.006045589692765114,0.07542120911793855,262,2.492765113974232,61,8.582715957932306,78.76542503363426,0.7113362400698744,0.2
main,v040,LOSO-nes-f2,secondary,LOSO,nested,2,B,MAPPO|mappo_seed13_20260516T092252/mappo_best.pt,MAPPO,13,L,"May 2026, pre-781c90c reward",0,-820.6951983192569,808.7583095192568,0.0,1.0618888000000002,10.875,178.7599701673542,178.49449796735416,0.0,0.0,0.0,0.0,0.2051536174430129,56,5.32804757185332,0,0.0,0.0,0.0,0.2
main,v040,LOSO-nes-f2,secondary,LOSO,nested,2,B,MAPPO|mappo_seed13_20260516T092252/mappo_best.pt,MAPPO,13,L,"May 2026, pre-781c90c reward",1,-536.5813225122852,461.77901631410646,64.18004039817865,0.8722658000000001,9.75,192.21756071938972,191.9994942693897,0.002973240832507433,0.0,0.002973240832507433,0.002973240832507433,0.10901883052527254,46,4.376610505450942,3,0.8745422906869379,1.1057987904830557,0.8131115599797628,0.2
main,v040,LOSO-nes-f2,secondary,LOSO,nested,2,B,MAPPO|mappo_seed13_20260516T092252/mappo_best.pt,MAPPO,13,L,"May 2026, pre-781c90c reward",2,-309.5005114376965,281.4246622376965,27.0,0.0758492,1.0,206.6623020089554,206.6433397089554,0.0009910802775024777,0.0,0.0009910802775024777,0.0009910802775024777,0.0019821605550049554,4,0.3805748265609515,1,1.0784934016384693,1.0784934016384693,1.0,0.2
main,v040,LOSO-nes-f2,secondary,LOSO,nested,2,B,MAPPO|mappo_seed13_20260516T092252/mappo_best.pt,MAPPO,13,L,"May 2026, pre-781c90c reward",3,-164.70421167677037,137.70421167677037,27.0,0.0,0.0,207.04287516734337,207.04287516734337,0.0009910802775024777,0.0009910802775024777,0.0,0.0009910802775024777,0.0,0,0.0,1,4.943537109139514,4.943537109139514,1.0,0.2
main,v040,LOSO-nes-f2,secondary,LOSO,nested,2,B,MAPPO|mappo_seed13_20260516T092252/mappo_best.pt,MAPPO,13,L,"May 2026, pre-781c90c reward",4,-628.584491683685,546.5909188873277,74.3600807963573,0.7584919999999999,6.875,186.7325684086193,186.5429454086193,0.003964321110009911,0.0,0.003964321110009911,0.003964321110009911,0.14370664023785926,40,3.8057482656095147,4,0.7589140407888789,1.0784934016384693,0.7196673399696443,0.2
main,v040,LOSO-nes-f2,secondary,LOSO,nested,2,B,MAPPO|mappo_seed13_20260516T092252/mappo_best.pt,MAPPO,13,L,"May 2026, pre-781c90c reward",5,-366.3099966255637,364.13159982556374,0.0,0.3033968,1.875,200.8429267461383,200.76707754613827,0.0,0.0,0.0,0.0,0.04757185332011893,16,1.522299306243806,0,0.0,0.0,0.0,0.2
main,v040,LOSO-nes-f2,secondary,LOSO,nested,2,B,MAPPO|mappo_seed13_20260516T092252/mappo_best.pt,MAPPO,13,L,"May 2026, pre-781c90c reward",6,-741.3427686343373,642.5849849745866,86.60881945975059,1.0239642,11.125,190.73182203377968,190.4758309837797,0.003964321110009911,0.0,0.003964321110009911,0.003964321110009911,0.11793855302279485,54,5.137760158572845,4,0.8806102133934404,1.0784934016384693,0.8217401621645883,0.2
main,v040,LOSO-nes-f2,secondary,LOSO,nested,2,B,MAPPO|mappo_seed13_20260516T092252/mappo_best.pt,MAPPO,13,L,"May 2026, pre-781c90c reward",7,-582.7954937788999,568.8345089807212,10.180040398178651,0.5309444000000001,3.25,193.4062625045815,193.2735264045815,0.0009910802775024777,0.0,0.0009910802775024777,0.0009910802775024777,0.10703666997026759,28,2.66402378592666,1,0.4393346799392884,0.4393346799392884,0.4393346799392883,0.2
main,v040,LOSO-nes-f2,secondary,LOSO,nested,2,B,MAPPO|mappo_seed13_20260516T092252/mappo_best.pt,MAPPO,13,L,"May 2026, pre-781c90c reward",8,-396.63596191736946,365.6696405173695,27.0,0.3413214,3.625,204.08634115628718,204.00101080628718,0.0009910802775024777,0.0,0.0009910802775024777,0.0009910802775024777,0.02180376610505451,18,1.7125867195242817,1,1.0784934016384693,1.0784934016384693,1.0,0.2
main,v040,LOSO-nes-f2,secondary,LOSO,nested,2,B,MAPPO|mappo_seed13_20260516T092252/mappo_best.pt,MAPPO,13,L,"May 2026, pre-781c90c reward",9,-883.3060113243149,80.8896730489098,802.416338275405,0.0,0.0,207.2467744470471,207.2467744470471,0.04558969276511397,0.04558969276511397,0.0,0.04558969276511397,0.0,0,0.0,46,11.017915020711406,78.76542503363426,0.6814611146923226,0.2
main,v040,LOSO-nes-f2,secondary,LOSO,nested,2,B,MAPPO|mappo_seed42_20260516T081859/mappo_best.pt,MAPPO,42,L,"May 2026, pre-781c90c reward",all,-5373.097568191701,4224.993654063831,1091.7453193278702,5.2335948,51.125,1964.0991484278281,1962.790749727828,0.005946481665014866,0.0046580773042616454,0.001288404360753221,0.005946481665014866,0.07908820614469772,276,2.625966303270565,60,8.707786333870535,78.76542503363426,0.7065251774043724,0.2
main,v040,LOSO-nes-f2,secondary,LOSO,nested,2,B,MAPPO|mappo_seed42_20260516T081859/mappo_best.pt,MAPPO,42,L,"May 2026, pre-781c90c reward",0,-815.9772394865454,805.0403506865454,0.0,1.0618888000000002,9.875,178.3569495106126,178.0914773106126,0.0,0.0,0.0,0.0,0.21010901883052527,56,5.32804757185332,0,0.0,0.0,0.0,0.2
main,v040,LOSO-nes-f2,secondary,LOSO,nested,2,B,MAPPO|mappo_seed42_20260516T081859/mappo_best.pt,MAPPO,42,L,"May 2026, pre-781c90c reward",1,-531.3932371229389,456.8409309247603,64.18004039817865,0.8722658000000001,9.5,191.64498464425577,191.42691819425573,0.002973240832507433,0.0,0.002973240832507433,0.002973240832507433,0.11298315163528246,46,4.376610505450942,3,0.8745422906869379,1.1057987904830557,0.8131115599797628,0.2
main,v040,LOSO-nes-f2,secondary,LOSO,nested,2,B,MAPPO|mappo_seed42_20260516T081859/mappo_best.pt,MAPPO,42,L,"May 2026, pre-781c90c reward",2,-309.5005114376965,281.4246622376965,27.0,0.0758492,1.0,206.6623020089554,206.6433397089554,0.0009910802775024777,0.0,0.0009910802775024777,0.0009910802775024777,0.0019821605550049554,4,0.3805748265609515,1,1.0784934016384693,1.0784934016384693,1.0,0.2
main,v040,LOSO-nes-f2,secondary,LOSO,nested,2,B,MAPPO|mappo_seed42_20260516T081859/mappo_best.pt,MAPPO,42,L,"May 2026, pre-781c90c reward",3,-164.70421167677037,137.70421167677037,27.0,0.0,0.0,207.04287516734337,207.04287516734337,0.0009910802775024777,0.0009910802775024777,0.0,0.0009910802775024777,0.0,0,0.0,1,4.943537109139514,4.943537109139514,1.0,0.2
main,v040,LOSO-nes-f2,secondary,LOSO,nested,2,B,MAPPO|mappo_seed42_20260516T081859/mappo_best.pt,MAPPO,42,L,"May 2026, pre-781c90c reward",4,-625.9053891040904,544.0368163077333,74.3600807963573,0.7584919999999999,6.75,186.4741732591852,186.28455025918518,0.003964321110009911,0.0,0.003964321110009911,0.003964321110009911,0.14568880079286423,40,3.8057482656095147,4,0.7589140407888789,1.0784934016384693,0.7196673399696443,0.2
main,v040,LOSO-nes-f2,secondary,LOSO,nested,2,B,MAPPO|mappo_seed42_20260516T081859/mappo_best.pt,MAPPO,42,L,"May 2026, pre-781c90c reward",5,-365.4885258077099,362.35927980770987,0.0,0.379246,2.75,200.60160913722987,200.50679763722985,0.0,0.0,0.0,0.0,0.05054509415262636,20,1.9028741328047574,0,0.0,0.0,0.0,0.2
main,v040,LOSO-nes-f2,secondary,LOSO,nested,2,B,MAPPO|mappo_seed42_20260516T081859/mappo_best.pt,MAPPO,42,L,"May 2026, pre-781c90c reward",6,-714.0399811517815,631.6513078938522,69.78885985792924,1.0998134,11.5,189.5461649000252,189.27121155002516,0.003964321110009911,0.0,0.003964321110009911,0.003964321110009911,0.13082259663032705,58,5.518334985133796,4,0.7208205329686451,1.0784934016384693,0.6815738321494105,0.2
main,v040,LOSO-nes-f2,secondary,LOSO,nested,2,B,MAPPO|mappo_seed42_20260516T081859/mappo_best.pt,MAPPO,42,L,"May 2026, pre-781c90c reward",7,-569.2315802043045,564.5377112043045,0.0,0.5688690000000001,4.125,192.89022699918098,192.748009749181,0.0,0.0,0.0,0.0,0.11298315163528246,30,2.8543111992071357,0,0.0,0.0,0.0,0.2
main,v040,LOSO-nes-f2,secondary,LOSO,nested,2,B,MAPPO|mappo_seed42_20260516T081859/mappo_best.pt,MAPPO,42,L,"May 2026, pre-781c90c reward",8,-393.5508808755486,360.50871027554865,27.0,0.41717060000000006,5.625,203.63308835399272,203.52879570399273,0.0009910802775024777,0.0,0.0009910802775024777,0.0009910802775024777,0.02576808721506442,22,2.093161546085233,1,1.0784934016384693,1.0784934016384693,1.0,0.2
main,v040,LOSO-nes-f2,secondary,LOSO,nested,2,B,MAPPO|mappo_seed42_20260516T081859/mappo_best.pt,MAPPO,42,L,"May 2026, pre-781c90c reward",9,-883.3060113243149,80.8896730489098,802.416338275405,0.0,0.0,207.2467744470471,207.2467744470471,0.04558969276511397,0.04558969276511397,0.0,0.04558969276511397,0.0,0,0.0,46,11.017915020711406,78.76542503363426,0.6814611146923226,0.2
main,v040,LOSO-nes-f2,secondary,LOSO,nested,2,B,MAPPO|mappo_seed42_20260517T003433/mappo_best.pt,MAPPO,42,L,"May 2026, pre-781c90c reward",all,-5372.6027173086895,4284.079451377176,1044.3852385315129,4.5130274,39.625,1970.8691230926424,1969.7408662426424,0.005649157581764123,0.0046580773042616454,0.0009910802775024777,0.005649157581764123,0.07195242814667988,238,2.264420218037661,57,9.131754688959912,78.76542503363426,0.7107516014804169,0.2
main,v040,LOSO-nes-f2,secondary,LOSO,nested,2,B,MAPPO|mappo_seed42_20260517T003433/mappo_best.pt,MAPPO,42,L,"May 2026, pre-781c90c reward",0,-828.9984678666198,820.5882774666197,0.0,0.9101904000000001,7.5,180.24447250367894,180.0169249036789,0.0,0.0,0.0,0.0,0.18929633300297324,48,4.566897918731417,0,0.0,0.0,0.0,0.2
main,v040,LOSO-nes-f2,secondary,LOSO,nested,2,B,MAPPO|mappo_seed42_20260517T003433/mappo_best.pt,MAPPO,42,L,"May 2026, pre-781c90c reward",1,-514.1866413760443,469.1231089778656,37.18004039817865,0.7584919999999999,7.125,193.0445565266424,192.8549335266424,0.0019821605550049554,0.0,0.0019821605550049554,0.0019821605550049554,0.0981169474727453,40,3.8057482656095147,2,0.772566735211172,1.1057987904830557,0.7196673399696442,0.2
main,v040,LOSO-nes-f2,secondary,LOSO,nested,2,B,MAPPO|mappo_seed42_20260517T003433/mappo_best.pt,MAPPO,42,L,"May 2026, pre-781c90c reward",2,-310.49876460014144,282.96084000014145,27.0,0.0379246,0.5,206.77355267111244,206.76407152111244,0.0009910802775024777,0.0,0.0009910802775024777,0.0009910802775024777,0.0009910802775024777,2,0.19028741328047574,1,1.0784934016384693,1.0784934016384693,1.0,0.2
main,v040,LOSO-nes-f2,secondary,LOSO,nested,2,B,MAPPO|mappo_seed42_20260517T003433/mappo_best.pt,MAPPO,42,L,"May 2026, pre-781c90c reward",3,-164.70421167677037,137.70421167677037,27.0,0.0,0.0,207.04287516734337,207.04287516734337,0.0009910802775024777,0.0009910802775024777,0.0,0.0009910802775024777,0.0,0,0.0,1,4.943537109139514,4.943537109139514,1.0,0.2
main,v040,LOSO-nes-f2,secondary,LOSO,nested,2,B,MAPPO|mappo_seed42_20260517T003433/mappo_best.pt,MAPPO,42,L,"May 2026, pre-781c90c reward",4,-618.8584358675248,549.4086772693463,64.18004039817865,0.6447182,4.625,186.9236143858949,186.76243483589485,0.002973240832507433,0.0,0.002973240832507433,0.002973240832507433,0.14172447968285432,34,3.2348860257680876,3,0.865440494405409,1.0784934016384693,0.8131115599797628,0.2
main,v040,LOSO-nes-f2,secondary,LOSO,nested,2,B,MAPPO|mappo_seed42_20260517T003433/mappo_best.pt,MAPPO,42,L,"May 2026, pre-781c90c reward",5,-367.6801631972177,367.49054019721774,0.0,0.189623,0.0,201.17406561621232,201.12665986621232,0.0,0.0,0.0,0.0,0.044598612487611496,10,0.9514370664023787,0,0.0,0.0,0.0,0.2
main,v040,LOSO-nes-f2,secondary,LOSO,nested,2,B,MAPPO|mappo_seed42_20260517T003433/mappo_best.pt,MAPPO,42,L,"May 2026, pre-781c90c reward",6,-712.0914289251007,639.54572066535,59.60881945975059,1.0618888,11.875,190.59201499532242,190.32654279532244,0.002973240832507433,0.0,0.002973240832507433,0.002973240832507433,0.11892963330029732,56,5.32804757185332,3,0.8146491506450974,1.0784934016384693,0.7623202162194511,0.2
main,v040,LOSO-nes-f2,secondary,LOSO,nested,2,B,MAPPO|mappo_seed42_20260517T003433/mappo_best.pt,MAPPO,42,L,"May 2026, pre-781c90c reward",7,-570.9596988247215,566.7658298247214,0.0,0.5688690000000001,3.625,193.22820285868153,193.08598560868154,0.0,0.0,0.0,0.0,0.10901883052527254,30,2.8543111992071357,0,0.0,0.0,0.0,0.2
main,v040,LOSO-nes-f2,secondary,LOSO,nested,2,B,MAPPO|mappo_seed42_20260517T003433/mappo_best.pt,MAPPO,42,L,"May 2026, pre-781c90c reward",8,-401.31889365023403,369.60257225023406,27.0,0.3413214,4.375,204.59899392070702,204.51366357070702,0.0009910802775024777,0.0,0.0009910802775024777,0.0009910802775024777,0.01684836471754212,18,1.7125867195242817,1,1.0784934016384693,1.0784934016384693,1.0,0.2
main,v040,LOSO-nes-f2,secondary,LOSO,nested,2,B,MAPPO|mappo_seed42_20260517T003433/mappo_best.pt,MAPPO,42,L,"May 2026, pre-781c90c reward",9,-883.3060113243149,80.8896730489098,802.416338275405,0.0,0.0,207.2467744470471,207.2467744470471,0.04558969276511397,0.04558969276511397,0.0,0.04558969276511397,0.0,0,0.0,46,11.017915020711406,78.76542503363426,0.6814611146923226,0.2
main,v040,LOSO-nes-f2,secondary,LOSO,nested,2,B,MAPPO|mappo_seed42_20260526T143428/mappo_best.pt,MAPPO,42,L,"May 2026, pre-781c90c reward",all,-5441.037069348577,4226.887697424349,1166.1054001242276,5.0439718,43.0,1963.060987719402,1961.7999947694018,0.006342913776015857,0.0046580773042616454,0.0016848364717542122,0.006342913776015857,0.08116947472745292,266,2.5308225966303275,64,8.21098181555293,78.76542503363426,0.707346562564702,0.2
main,v040,LOSO-nes-f2,secondary,LOSO,nested,2,B,MAPPO|mappo_seed42_20260526T143428/mappo_best.pt,MAPPO,42,L,"May 2026, pre-781c90c reward",0,-828.5082704936913,808.3534166955126,10.180040398178651,1.0998134,8.875,178.28479074591445,178.00983739591447,0.0009910802775024777,0.0,0.0009910802775024777,0.0009910802775024777,0.2130822596630327,58,5.518334985133796,1,0.4393346799392884,0.4393346799392884,0.4393346799392883,0.2
main,v040,LOSO-nes-f2,secondary,LOSO,nested,2,B,MAPPO|mappo_seed42_20260526T143428/mappo_best.pt,MAPPO,42,L,"May 2026, pre-781c90c reward",1,-530.8269471909167,459.10049019273805,64.18004039817865,0.7964166000000001,6.75,191.74425498884108,191.54515083884107,0.002973240832507433,0.0,0.002973240832507433,0.002973240832507433,0.1159563924677899,42,3.9960356788899905,3,0.8745422906869379,1.1057987904830557,0.8131115599797628,0.2
main,v040,LOSO-nes-f2,secondary,LOSO,nested,2,B,MAPPO|mappo_seed42_20260526T143428/mappo_best.pt,MAPPO,42,L,"May 2026, pre-781c90c reward",2,-309.5005114376965,281.4246622376965,27.0,0.0758492,1.0,206.6623020089554,206.6433397089554,0.0009910802775024777,0.0,0.0009910802775024777,0.0009910802775024777,0.0019821605550049554,4,0.3805748265609515,1,1.0784934016384693,1.0784934016384693,1.0,0.2
main,v040,LOSO-nes-f2,secondary,LOSO,nested,2,B,MAPPO|mappo_seed42_20260526T143428/mappo_best.pt,MAPPO,42,L,"May 2026, pre-781c90c reward",3,-164.70421167677037,137.70421167677037,27.0,0.0,0.0,207.04287516734337,207.04287516734337,0.0009910802775024777,0.0009910802775024777,0.0,0.0009910802775024777,0.0,0,0.0,1,4.943537109139514,4.943537109139514,1.0,0.2
main,v040,LOSO-nes-f2,secondary,LOSO,nested,2,B,MAPPO|mappo_seed42_20260526T143428/mappo_best.pt,MAPPO,42,L,"May 2026, pre-781c90c reward",4,-632.1624845387078,540.7767959441718,84.54012119453594,0.7205674,6.125,185.9298528417765,185.7497109917765,0.004955401387512388,0.0,0.004955401387512388,0.004955401387512388,0.15262636273538158,38,3.615460852329039,5,0.6949981686189608,1.0784934016384693,0.6636008079635731,0.2
main,v040,LOSO-nes-f2,secondary,LOSO,nested,2,B,MAPPO|mappo_seed42_20260526T143428/mappo_best.pt,MAPPO,42,L,"May 2026, pre-781c90c reward",5,-389.7346127826426,359.23036678264265,27.0,0.3792460000000001,3.125,200.2525461183119,200.15773461831188,0.0009910802775024777,0.0,0.0009910802775024777,0.0009910802775024777,0.053518334985133795,20,1.9028741328047574,1,1.0784934016384693,1.0784934016384693,1.0,0.2
main,v040,LOSO-nes-f2,secondary,LOSO,nested,2,B,MAPPO|mappo_seed42_20260526T143428/mappo_best.pt,MAPPO,42,L,"May 2026, pre-781c90c reward",6,-730.3860370390612,634.4161779793108,86.60881945975059,0.9860396,8.375,189.5856858052726,189.33917590527258,0.003964321110009911,0.0,0.003964321110009911,0.003964321110009911,0.13280475718533202,52,4.947472745292369,4,0.8806102133934404,1.0784934016384693,0.8217401621645883,0.2
main,v040,LOSO-nes-f2,secondary,LOSO,nested,2,B,MAPPO|mappo_seed42_20260526T143428/mappo_best.pt,MAPPO,42,L,"May 2026, pre-781c90c reward",7,-579.27793493951,564.1540255413313,10.180040398178651,0.5688690000000001,4.375,192.79768829499085,192.65547104499086,0.0009910802775024777,0.0,0.0009910802775024777,0.0009910802775024777,0.11397423191278494,30,2.8543111992071357,1,0.4393346799392884,0.4393346799392884,0.4393346799392883,0.2
main,v040,LOSO-nes-f2,secondary,LOSO,nested,2,B,MAPPO|mappo_seed42_20260526T143428/mappo_best.pt,MAPPO,42,L,"May 2026, pre-781c90c reward",8,-392.63004792526556,360.83787732526554,27.0,0.4171706,4.375,203.5142173009485,203.4099246509485,0.0009910802775024777,0.0,0.0009910802775024777,0.0009910802775024777,0.027750247770069375,22,2.093161546085233,1,1.0784934016384693,1.0784934016384693,1.0,0.2
main,v040,LOSO-nes-f2,secondary,LOSO,nested,2,B,MAPPO|mappo_seed42_20260526T143428/mappo_best.pt,MAPPO,42,L,"May 2026, pre-781c90c reward",9,-883.3060113243149,80.8896730489098,802.416338275405,0.0,0.0,207.2467744470471,207.2467744470471,0.04558969276511397,0.04558969276511397,0.0,0.04558969276511397,0.0,0,0.0,46,11.017915020711406,78.76542503363426,0.6814611146923226,0.2
main,v040,LOSO-nes-f2,secondary,LOSO,nested,2,B,MAPPO|mappo_seed99_20260516T092254/mappo_best.pt,MAPPO,99,L,"May 2026, pre-781c90c reward",all,-5489.140002743001,4235.973109213309,1189.5652789296917,5.7266146,57.875,1967.0382087564599,1965.60655510646,0.00624380574826561,0.0046580773042616454,0.00178394449950446,0.00624380574826561,0.07700693756194252,302,2.8733399405351836,63,5658.638938127393,155349.738807616,0.7293996184813184,0.2
main,v040,LOSO-nes-f2,secondary,LOSO,nested,2,B,MAPPO|mappo_seed99_20260516T092254/mappo_best.pt,MAPPO,99,L,"May 2026, pre-781c90c reward",0,-816.0000803412391,803.4494177412391,0.0,1.1756626,11.375,178.30353251748141,178.00961686748144,0.0,0.0,0.0,0.0,0.20812685827552033,62,5.898909811694748,0,0.0,0.0,0.0,0.2
main,v040,LOSO-nes-f2,secondary,LOSO,nested,2,B,MAPPO|mappo_seed99_20260516T092254/mappo_best.pt,MAPPO,99,L,"May 2026, pre-781c90c reward",1,-508.8198198737881,461.76751367560945,37.18004039817865,0.8722658000000001,9.0,192.237281033043,192.019214583043,0.0019821605550049554,0.0,0.0019821605550049554,0.0019821605550049554,0.10604558969276512,46,4.376610505450942,2,0.772566735211172,1.1057987904830557,0.7196673399696442,0.2
main,v040,LOSO-nes-f2,secondary,LOSO,nested,2,B,MAPPO|mappo_seed99_20260516T092254/mappo_best.pt,MAPPO,99,L,"May 2026, pre-781c90c reward",2,-335.53917975126336,278.8495567512633,54.0,0.189623,2.5,206.40825459407586,206.36084884407586,0.0019821605550049554,0.0,0.0019821605550049554,0.0019821605550049554,0.004955401387512388,10,0.9514370664023787,2,1.17626996617156,1.274046530704651,1.0,0.2
main,v040,LOSO-nes-f2,secondary,LOSO,nested,2,B,MAPPO|mappo_seed99_20260516T092254/mappo_best.pt,MAPPO,99,L,"May 2026, pre-781c90c reward",3,-164.70421167677037,137.70421167677037,27.0,0.0,0.0,207.04287516734337,207.04287516734337,0.0009910802775024777,0.0009910802775024777,0.0,0.0009910802775024777,0.0,0,0.0,1,4.943537109139514,4.943537109139514,1.0,0.2
main,v040,LOSO-nes-f2,secondary,LOSO,nested,2,B,MAPPO|mappo_seed99_20260516T092254/mappo_best.pt,MAPPO,99,L,"May 2026, pre-781c90c reward",4,-629.4307185656235,545.8612965692662,74.3600807963573,0.8343412,8.375,186.76111526009805,186.55252996009807,0.003964321110009911,0.0,0.003964321110009911,0.003964321110009911,0.14172447968285432,44,4.186323092170466,4,0.7589140407888789,1.0784934016384693,0.7196673399696443,0.2
main,v040,LOSO-nes-f2,secondary,LOSO,nested,2,B,MAPPO|mappo_seed99_20260516T092254/mappo_best.pt,MAPPO,99,L,"May 2026, pre-781c90c reward",5,-362.72204644299364,360.3807250429937,0.0,0.3413214,2.0,200.4233958036162,200.33806545361617,0.0,0.0,0.0,0.0,0.05153617443012884,18,1.7125867195242817,0,0.0,0.0,0.0,0.2
main,v040,LOSO-nes-f2,secondary,LOSO,nested,2,B,MAPPO|mappo_seed99_20260516T092254/mappo_best.pt,MAPPO,99,L,"May 2026, pre-781c90c reward",6,-765.0351868315863,637.1257047718357,113.60881945975059,1.1756626,13.125,190.2903588344667,189.99644318446667,0.004955401387512388,0.0,0.004955401387512388,0.004955401387512388,0.12190287413280476,62,5.898909811694748,5,102.06987479129538,506.8269331029031,0.8573921297316707,0.2
main,v040,LOSO-nes-f2,secondary,LOSO,nested,2,B,MAPPO|mappo_seed99_20260516T092254/mappo_best.pt,MAPPO,99,L,"May 2026, pre-781c90c reward",7,-599.6573142800218,566.7625960800217,27.0,0.6447182,5.25,193.18942302017967,193.02824347017963,0.0009910802775024777,0.0,0.0009910802775024777,0.0009910802775024777,0.10901883052527254,34,3.2348860257680876,1,1.274046530704651,1.274046530704651,1.0,0.2
main,v040,LOSO-nes-f2,secondary,LOSO,nested,2,B,MAPPO|mappo_seed99_20260516T092254/mappo_best.pt,MAPPO,99,L,"May 2026, pre-781c90c reward",8,-396.39930323787485,363.0692080378749,27.0,0.45509520000000003,5.875,203.79718644717912,203.68341264717913,0.0009910802775024777,0.0,0.0009910802775024777,0.0009910802775024777,0.024777006937561942,24,2.2834489593657086,1,1.0784934016384693,1.0784934016384693,1.0,0.2
main,v040,LOSO-nes-f2,secondary,LOSO,nested,2,B,MAPPO|mappo_seed99_20260516T092254/mappo_best.pt,MAPPO,99,L,"May 2026, pre-781c90c reward",9,-910.8321417418397,81.0028788664346,829.416338275405,0.0379246,0.375,208.5847860789765,208.5753049289765,0.04658077304261645,0.04558969276511397,0.002973240832507433,0.04658077304261645,0.0019821605550049554,2,0.19028741328047574,47,7573.822857903444,155349.738807616,0.6882385377839755,0.2
main,v040,LOSO-nes-f2,secondary,LOSO,nested,2,B,Centralized PPO|central_nr_seed1/ppo_multi_site.zip,Centralized PPO,1,L,"June 2026, current reward",all,-24946.45387599211,5471.906061109629,19421.27776608248,4.0200488000000005,49.25,2264.838593917749,2263.8335817177494,0.09583746283448959,0.010406342913776016,0.09117938553022795,0.09583746283448959,0.24380574826560952,210,1.9980178394449952,967,64.07728645430015,2437.8633385722264,0.7694683821469314,0.2
main,v040,LOSO-nes-f2,secondary,LOSO,nested,2,B,Centralized PPO|central_nr_seed1/ppo_multi_site.zip,Centralized PPO,1,L,"June 2026, current reward",0,-3323.426470997747,805.8440499842379,2509.2101346135087,0.8722863999999999,7.5,208.3325152958188,208.1144436958188,0.1506442021803766,0.005946481665014866,0.1506442021803766,0.1506442021803766,0.8800792864222002,46,4.376610505450942,152,34.690331291146826,1576.7739628035374,0.6502653803976994,0.2
main,v040,LOSO-nes-f2,secondary,LOSO,nested,2,B,Centralized PPO|central_nr_seed1/ppo_multi_site.zip,Centralized PPO,1,L,"June 2026, current reward",1,-890.4479123416743,869.5499069453172,20.360080796357302,0.0379246,0.5,207.0933172680413,207.0838361180413,0.0019821605550049554,0.0,0.0019821605550049554,0.0019821605550049554,0.0009910802775024777,1,0.09514370664023787,2,0.4393346799392884,0.4393346799392884,0.4393346799392883,0.2
main,v040,LOSO-nes-f2,secondary,LOSO,nested,2,B,Centralized PPO|central_nr_seed1/ppo_multi_site.zip,Centralized PPO,1,L,"June 2026, current reward",2,-285.131772111562,285.131772111562,0.0,0.0,0.0,206.91604362617895,206.91604362617895,0.0,0.0,0.0,0.0,0.0,0,0.0,0,0.0,0.0,0.0,0.2
main,v040,LOSO-nes-f2,secondary,LOSO,nested,2,B,Centralized PPO|central_nr_seed1/ppo_multi_site.zip,Centralized PPO,1,L,"June 2026, current reward",3,-164.70421167677037,137.70421167677037,27.0,0.0,0.0,207.04287516734337,207.04287516734337,0.0009910802775024777,0.0009910802775024777,0.0,0.0009910802775024777,0.0,0,0.0,1,4.943537109139514,4.943537109139514,1.0,0.2
main,v040,LOSO-nes-f2,secondary,LOSO,nested,2,B,Centralized PPO|central_nr_seed1/ppo_multi_site.zip,Centralized PPO,1,L,"June 2026, current reward",4,-956.265112824797,956.265112824797,0.0,0.0,0.0,206.84610010160299,206.84610010160299,0.0,0.0,0.0,0.0,0.0,0,0.0,0,0.0,0.0,0.0,0.2
main,v040,LOSO-nes-f2,secondary,LOSO,nested,2,B,Centralized PPO|central_nr_seed1/ppo_multi_site.zip,Centralized PPO,1,L,"June 2026, current reward",5,-443.1623741628722,443.1623741628722,0.0,0.0,0.0,206.88829172154493,206.88829172154493,0.0,0.0,0.0,0.0,0.0,0,0.0,0,0.0,0.0,0.0,0.2
main,v040,LOSO-nes-f2,secondary,LOSO,nested,2,B,Centralized PPO|central_nr_seed1/ppo_multi_site.zip,Centralized PPO,1,L,"June 2026, current reward",6,-4421.626211226254,666.4632873643566,3728.1529200618966,2.0100038,25.0,232.72005248685315,232.21755153685316,0.1863230921704658,0.01288404360753221,0.1863230921704658,0.1863230921704658,0.5946481665014867,105,9.990089197224975,188,111.88692807704048,1576.7739628035374,0.7610200212875705,0.2
main,v040,LOSO-nes-f2,secondary,LOSO,nested,2,B,Centralized PPO|central_nr_seed1/ppo_multi_site.zip,Centralized PPO,1,L,"June 2026, current reward",7,-13176.571351169201,825.0832248338863,12334.138292335312,1.099834,16.25,374.86443796978926,374.5894794697893,0.5728444003964321,0.03865213082259663,0.5728444003964321,0.5728444003964321,0.9623389494549058,58,5.518334985133796,578,60.80002918537817,2437.8633385722264,0.811311320203882,0.2
main,v040,LOSO-nes-f2,secondary,LOSO,nested,2,B,Centralized PPO|central_nr_seed1/ppo_multi_site.zip,Centralized PPO,1,L,"June 2026, current reward",8,-401.81244815691986,401.81244815691986,0.0,0.0,0.0,206.8881858335294,206.8881858335294,0.0,0.0,0.0,0.0,0.0,0,0.0,0,0.0,0.0,0.0,0.2
main,v040,LOSO-nes-f2,secondary,LOSO,nested,2,B,Centralized PPO|central_nr_seed1/ppo_multi_site.zip,Centralized PPO,1,L,"June 2026, current reward",9,-883.3060113243149,80.8896730489098,802.416338275405,0.0,0.0,207.2467744470471,207.2467744470471,0.04558969276511397,0.04558969276511397,0.0,0.04558969276511397,0.0,0,0.0,46,11.017915020711406,78.76542503363426,0.6814611146923226,0.2
main,v040,LOSO-nes-f2,secondary,LOSO,nested,2,B,Centralized PPO|central_nr_seed7/ppo_multi_site.zip,Centralized PPO,7,L,"June 2026, current reward",all,-7358.986203174252,6215.740656928703,1140.14299864555,0.2275476,2.875,2072.663288659248,2072.6064017592475,0.006342913776015857,0.004757185332011893,0.0016848364717542122,0.006342913776015857,0.0010901883052527254,12,0.11417244796828543,64,16.07297354688591,505.21717638005447,0.6938244784612241,0.2
main,v040,LOSO-nes-f2,secondary,LOSO,nested,2,B,Centralized PPO|central_nr_seed7/ppo_multi_site.zip,Centralized PPO,7,L,"June 2026, current reward",0,-1321.9717524581893,1321.9717524581893,0.0,0.0,0.0,206.81987013212373,206.81987013212373,0.0,0.0,0.0,0.0,0.0,0,0.0,0,0.0,0.0,0.0,0.2
main,v040,LOSO-nes-f2,secondary,LOSO,nested,2,B,Centralized PPO|central_nr_seed7/ppo_multi_site.zip,Centralized PPO,7,L,"June 2026, current reward",1,-869.0016926283404,869.0016926283404,0.0,0.0,0.0,206.86854941298162,206.86854941298162,0.0,0.0,0.0,0.0,0.0,0,0.0,0,0.0,0.0,0.0,0.2
main,v040,LOSO-nes-f2,secondary,LOSO,nested,2,B,Centralized PPO|central_nr_seed7/ppo_multi_site.zip,Centralized PPO,7,L,"June 2026, current reward",2,-285.131772111562,285.131772111562,0.0,0.0,0.0,206.91604362617895,206.91604362617895,0.0,0.0,0.0,0.0,0.0,0,0.0,0,0.0,0.0,0.0,0.2
main,v040,LOSO-nes-f2,secondary,LOSO,nested,2,B,Centralized PPO|central_nr_seed7/ppo_multi_site.zip,Centralized PPO,7,L,"June 2026, current reward",3,-164.70421167677037,137.70421167677037,27.0,0.0,0.0,207.04287516734337,207.04287516734337,0.0009910802775024777,0.0009910802775024777,0.0,0.0009910802775024777,0.0,0,0.0,1,4.943537109139514,4.943537109139514,1.0,0.2
main,v040,LOSO-nes-f2,secondary,LOSO,nested,2,B,Centralized PPO|central_nr_seed7/ppo_multi_site.zip,Centralized PPO,7,L,"June 2026, current reward",4,-994.5292307521479,956.8112657539691,37.18004039817865,0.0379246,0.5,207.18701116840822,207.17753001840822,0.0019821605550049554,0.0,0.0019821605550049554,0.0019821605550049554,0.0009910802775024777,2,0.19028741328047574,2,0.7589140407888788,1.0784934016384693,0.7196673399696442,0.2
main,v040,LOSO-nes-f2,secondary,LOSO,nested,2,B,Centralized PPO|central_nr_seed7/ppo_multi_site.zip,Centralized PPO,7,L,"June 2026, current reward",5,-443.1623741628722,443.1623741628722,0.0,0.0,0.0,206.88829172154493,206.88829172154493,0.0,0.0,0.0,0.0,0.0,0,0.0,0,0.0,0.0,0.0,0.2
main,v040,LOSO-nes-f2,secondary,LOSO,nested,2,B,Centralized PPO|central_nr_seed7/ppo_multi_site.zip,Centralized PPO,7,L,"June 2026, current reward",6,-956.4140420846386,956.4140420846386,0.0,0.0,0.0,206.8410907092473,206.8410907092473,0.0,0.0,0.0,0.0,0.0,0,0.0,0,0.0,0.0,0.0,0.2
main,v040,LOSO-nes-f2,secondary,LOSO,nested,2,B,Centralized PPO|central_nr_seed7/ppo_multi_site.zip,Centralized PPO,7,L,"June 2026, current reward",7,-1038.9526678184975,762.841424846531,273.5466199719664,0.189623,2.375,209.9645964408432,209.9171906908432,0.014866204162537165,0.0009910802775024777,0.014866204162537165,0.014866204162537165,0.009910802775024777,10,0.9514370664023787,15,34.358990057150415,505.21717638005447,0.7078813777154809,0.2
main,v040,LOSO-nes-f2,secondary,LOSO,nested,2,B,Centralized PPO|central_nr_seed7/ppo_multi_site.zip,Centralized PPO,7,L,"June 2026, current reward",8,-401.81244815691986,401.81244815691986,0.0,0.0,0.0,206.8881858335294,206.8881858335294,0.0,0.0,0.0,0.0,0.0,0,0.0,0,0.0,0.0,0.0,0.2
main,v040,LOSO-nes-f2,secondary,LOSO,nested,2,B,Centralized PPO|central_nr_seed7/ppo_multi_site.zip,Centralized PPO,7,L,"June 2026, current reward",9,-883.3060113243149,80.8896730489098,802.416338275405,0.0,0.0,207.2467744470471,207.2467744470471,0.04558969276511397,0.04558969276511397,0.0,0.04558969276511397,0.0,0,0.0,46,11.017915020711406,78.76542503363426,0.6814611146923226,0.2
main,v040,LOSO-nes-f2,secondary,LOSO,nested,2,B,Centralized PPO|central_nr_seed13/ppo_multi_site.zip,Centralized PPO,13,L,"June 2026, current reward",all,-7553.845911254057,5695.921161626006,1850.0973886280499,1.3273609999999998,6.5,2055.257878719812,2054.9260384698123,0.010009910802775026,0.0046580773042616454,0.005351833498513379,0.010009910802775026,0.03201189296333003,69,0.6564915758176413,101,15.484443985585358,506.8269331029031,0.7105931975670132,0.2
main,v040,LOSO-nes-f2,secondary,LOSO,nested,2,B,Centralized PPO|central_nr_seed13/ppo_multi_site.zip,Centralized PPO,13,L,"June 2026, current reward",0,-1321.9717524581893,1321.9717524581893,0.0,0.0,0.0,206.81987013212373,206.81987013212373,0.0,0.0,0.0,0.0,0.0,0,0.0,0,0.0,0.0,0.0,0.2
main,v040,LOSO-nes-f2,secondary,LOSO,nested,2,B,Centralized PPO|central_nr_seed13/ppo_multi_site.zip,Centralized PPO,13,L,"June 2026, current reward",1,-927.1589491382953,484.6074391637941,439.5205655745011,0.5309444000000001,2.5,196.86087450074152,196.7281384007415,0.024777006937561942,0.0,0.024777006937561942,0.024777006937561942,0.17641228939544104,27,2.5688800792864224,25,20.880966331104062,504.8383748353115,0.6860274207660015,0.2
main,v040,LOSO-nes-f2,secondary,LOSO,nested,2,B,Centralized PPO|central_nr_seed13/ppo_multi_site.zip,Centralized PPO,13,L,"June 2026, current reward",2,-285.131772111562,285.131772111562,0.0,0.0,0.0,206.91604362617895,206.91604362617895,0.0,0.0,0.0,0.0,0.0,0,0.0,0,0.0,0.0,0.0,0.2
main,v040,LOSO-nes-f2,secondary,LOSO,nested,2,B,Centralized PPO|central_nr_seed13/ppo_multi_site.zip,Centralized PPO,13,L,"June 2026, current reward",3,-164.70421167677037,137.70421167677037,27.0,0.0,0.0,207.04287516734337,207.04287516734337,0.0009910802775024777,0.0009910802775024777,0.0,0.0009910802775024777,0.0,0,0.0,1,4.943537109139514,4.943537109139514,1.0,0.2
main,v040,LOSO-nes-f2,secondary,LOSO,nested,2,B,Centralized PPO|central_nr_seed13/ppo_multi_site.zip,Centralized PPO,13,L,"June 2026, current reward",4,-1257.1380611839757,960.9723869930824,293.90020199089327,0.26547220000000005,2.0,209.62987871918273,209.5635106691827,0.013875123885034688,0.0,0.013875123885034688,0.013875123885034688,0.019821605550049554,14,1.33201189296333,14,0.8641905102506319,1.274046530704651,0.7997623856926029,0.2
main,v040,LOSO-nes-f2,secondary,LOSO,nested,2,B,Centralized PPO|central_nr_seed13/ppo_multi_site.zip,Centralized PPO,13,L,"June 2026, current reward",5,-443.1623741628722,443.1623741628722,0.0,0.0,0.0,206.88829172154493,206.88829172154493,0.0,0.0,0.0,0.0,0.0,0,0.0,0,0.0,0.0,0.0,0.2
main,v040,LOSO-nes-f2,secondary,LOSO,nested,2,B,Centralized PPO|central_nr_seed13/ppo_multi_site.zip,Centralized PPO,13,L,"June 2026, current reward",6,-1011.5383548464592,957.0004302464592,54.0,0.0379246,0.5,207.44422485464912,207.43474370464912,0.0019821605550049554,0.0,0.0019821605550049554,0.0019821605550049554,0.0009910802775024777,2,0.19028741328047574,2,254.0504898168039,506.8269331029031,1.0,0.2
main,v040,LOSO-nes-f2,secondary,LOSO,nested,2,B,Centralized PPO|central_nr_seed13/ppo_multi_site.zip,Centralized PPO,13,L,"June 2026, current reward",7,-857.9219761946975,622.6686736074471,233.26028278725056,0.4930198,1.5,199.52085971747124,199.39760476747125,0.01288404360753221,0.0,0.01288404360753221,0.01288404360753221,0.12289395441030723,26,2.4737363726461843,13,0.7644161098106305,1.274046530704651,0.6981032891980783,0.2
main,v040,LOSO-nes-f2,secondary,LOSO,nested,2,B,Centralized PPO|central_nr_seed13/ppo_multi_site.zip,Centralized PPO,13,L,"June 2026, current reward",8,-401.81244815691986,401.81244815691986,0.0,0.0,0.0,206.8881858335294,206.8881858335294,0.0,0.0,0.0,0.0,0.0,0,0.0,0,0.0,0.0,0.0,0.2
main,v040,LOSO-nes-f2,secondary,LOSO,nested,2,B,Centralized PPO|central_nr_seed13/ppo_multi_site.zip,Centralized PPO,13,L,"June 2026, current reward",9,-883.3060113243149,80.8896730489098,802.416338275405,0.0,0.0,207.2467744470471,207.2467744470471,0.04558969276511397,0.04558969276511397,0.0,0.04558969276511397,0.0,0,0.0,46,11.017915020711406,78.76542503363426,0.6814611146923226,0.2
main,v040,LOSO-nes-f2,secondary,LOSO,nested,2,B,Centralized PPO|central_nr_seed42/ppo_multi_site.zip,Centralized PPO,42,L,"June 2026, current reward",all,-10096.223718539666,5729.835932309034,4366.38776563063,2.06e-05,0.0,2089.0070702512453,2089.007065101245,0.02547076313181368,0.005351833498513379,0.02081268582755203,0.02547076313181368,0.1,0,0.0,257,24.634099264140463,1576.7739628035374,0.666327855464414,0.2
main,v040,LOSO-nes-f2,secondary,LOSO,nested,2,B,Centralized PPO|central_nr_seed42/ppo_multi_site.zip,Centralized PPO,42,L,"June 2026, current reward",0,-4378.587133032929,841.6156850777033,3536.9714273552254,2.06e-05,0.0,226.6264346711247,226.62642952112472,0.20812685827552033,0.006937561942517344,0.20812685827552033,0.20812685827552033,1.0,0,0.0,210,27.710456584867785,1576.7739628035374,0.6614240360881312,0.2
main,v040,LOSO-nes-f2,secondary,LOSO,nested,2,B,Centralized PPO|central_nr_seed42/ppo_multi_site.zip,Centralized PPO,42,L,"June 2026, current reward",1,-869.0016926283404,869.0016926283404,0.0,0.0,0.0,206.86854941298162,206.86854941298162,0.0,0.0,0.0,0.0,0.0,0,0.0,0,0.0,0.0,0.0,0.2
main,v040,LOSO-nes-f2,secondary,LOSO,nested,2,B,Centralized PPO|central_nr_seed42/ppo_multi_site.zip,Centralized PPO,42,L,"June 2026, current reward",2,-285.131772111562,285.131772111562,0.0,0.0,0.0,206.91604362617895,206.91604362617895,0.0,0.0,0.0,0.0,0.0,0,0.0,0,0.0,0.0,0.0,0.2
main,v040,LOSO-nes-f2,secondary,LOSO,nested,2,B,Centralized PPO|central_nr_seed42/ppo_multi_site.zip,Centralized PPO,42,L,"June 2026, current reward",3,-164.70421167677037,137.70421167677037,27.0,0.0,0.0,207.04287516734337,207.04287516734337,0.0009910802775024777,0.0009910802775024777,0.0,0.0009910802775024777,0.0,0,0.0,1,4.943537109139514,4.943537109139514,1.0,0.2
main,v040,LOSO-nes-f2,secondary,LOSO,nested,2,B,Centralized PPO|central_nr_seed42/ppo_multi_site.zip,Centralized PPO,42,L,"June 2026, current reward",4,-956.265112824797,956.265112824797,0.0,0.0,0.0,206.84610010160299,206.84610010160299,0.0,0.0,0.0,0.0,0.0,0,0.0,0,0.0,0.0,0.0,0.2
main,v040,LOSO-nes-f2,secondary,LOSO,nested,2,B,Centralized PPO|central_nr_seed42/ppo_multi_site.zip,Centralized PPO,42,L,"June 2026, current reward",5,-443.1623741628722,443.1623741628722,0.0,0.0,0.0,206.88829172154493,206.88829172154493,0.0,0.0,0.0,0.0,0.0,0,0.0,0,0.0,0.0,0.0,0.2
main,v040,LOSO-nes-f2,secondary,LOSO,nested,2,B,Centralized PPO|central_nr_seed42/ppo_multi_site.zip,Centralized PPO,42,L,"June 2026, current reward",6,-956.4140420846386,956.4140420846386,0.0,0.0,0.0,206.8410907092473,206.8410907092473,0.0,0.0,0.0,0.0,0.0,0,0.0,0,0.0,0.0,0.0,0.2
main,v040,LOSO-nes-f2,secondary,LOSO,nested,2,B,Centralized PPO|central_nr_seed42/ppo_multi_site.zip,Centralized PPO,42,L,"June 2026, current reward",7,-757.8389205365211,757.8389205365211,0.0,0.0,0.0,206.84272456064485,206.84272456064485,0.0,0.0,0.0,0.0,0.0,0,0.0,0,0.0,0.0,0.0,0.2
main,v040,LOSO-nes-f2,secondary,LOSO,nested,2,B,Centralized PPO|central_nr_seed42/ppo_multi_site.zip,Centralized PPO,42,L,"June 2026, current reward",8,-401.81244815691986,401.81244815691986,0.0,0.0,0.0,206.8881858335294,206.8881858335294,0.0,0.0,0.0,0.0,0.0,0,0.0,0,0.0,0.0,0.0,0.2
main,v040,LOSO-nes-f2,secondary,LOSO,nested,2,B,Centralized PPO|central_nr_seed42/ppo_multi_site.zip,Centralized PPO,42,L,"June 2026, current reward",9,-883.3060113243149,80.8896730489098,802.416338275405,0.0,0.0,207.2467744470471,207.2467744470471,0.04558969276511397,0.04558969276511397,0.0,0.04558969276511397,0.0,0,0.0,46,11.017915020711406,78.76542503363426,0.6814611146923226,0.2
main,v040,LOSO-nes-f2,secondary,LOSO,nested,2,B,Centralized PPO|central_nr_seed23/ppo_multi_site.zip,Centralized PPO,23,L,"Aug 2026, current reward",all,-24228.00002513382,5014.140777210312,19125.070723923505,6.788524,82.0,2250.1332588827268,2248.4361278827264,0.09643211100099108,0.012983151635282459,0.09177403369672943,0.09643211100099108,0.26769078295341925,354,3.36808721506442,973,104.58243154584451,2437.8633385722264,0.7551925564893287,0.2
main,v040,LOSO-nes-f2,secondary,LOSO,nested,2,B,Centralized PPO|central_nr_seed23/ppo_multi_site.zip,Centralized PPO,23,L,"Aug 2026, current reward",0,-4397.87094209542,829.1015863401938,3536.9714273552254,2.0479284,29.75,219.55796026563144,219.04597816563145,0.20812685827552033,0.003964321110009911,0.20812685827552033,0.20812685827552033,0.9464816650148662,107,10.180376610505451,210,27.710456584867785,1576.7739628035374,0.6614240360881312,0.2
main,v040,LOSO-nes-f2,secondary,LOSO,nested,2,B,Centralized PPO|central_nr_seed23/ppo_multi_site.zip,Centralized PPO,23,L,"Aug 2026, current reward",1,-692.0470251691447,594.0838437764301,94.72016159271459,0.4930198,2.75,199.59701075604283,199.47375580604282,0.005946481665014866,0.0,0.005946481665014866,0.005946481665014866,0.07433102081268583,25,2.3785926660059467,6,0.6569384853131132,1.1057987904830557,0.6262231199595255,0.2
main,v040,LOSO-nes-f2,secondary,LOSO,nested,2,B,Centralized PPO|central_nr_seed23/ppo_multi_site.zip,Centralized PPO,23,L,"Aug 2026, current reward",2,-285.131772111562,285.131772111562,0.0,0.0,0.0,206.91604362617895,206.91604362617895,0.0,0.0,0.0,0.0,0.0,0,0.0,0,0.0,0.0,0.0,0.2
main,v040,LOSO-nes-f2,secondary,LOSO,nested,2,B,Centralized PPO|central_nr_seed23/ppo_multi_site.zip,Centralized PPO,23,L,"Aug 2026, current reward",3,-164.70421167677037,137.70421167677037,27.0,0.0,0.0,207.04287516734337,207.04287516734337,0.0009910802775024777,0.0009910802775024777,0.0,0.0009910802775024777,0.0,0,0.0,1,4.943537109139514,4.943537109139514,1.0,0.2
main,v040,LOSO-nes-f2,secondary,LOSO,nested,2,B,Centralized PPO|central_nr_seed23/ppo_multi_site.zip,Centralized PPO,23,L,"Aug 2026, current reward",4,-968.9472708484122,601.7821342629829,351.4403231854292,1.0998134,14.625,193.50607314278065,193.23111979278065,0.017839444995044598,0.0,0.017839444995044598,0.017839444995044598,0.17542120911793854,57,5.423191278493558,18,0.8161509841128535,1.274046530704651,0.7508154133063504,0.2
main,v040,LOSO-nes-f2,secondary,LOSO,nested,2,B,Centralized PPO|central_nr_seed23/ppo_multi_site.zip,Centralized PPO,23,L,"Aug 2026, current reward",5,-1355.6228974638693,371.8882152387245,982.0295870251449,0.45509520000000003,1.25,210.18814750839772,210.0743737083977,0.048562933597621406,0.0009910802775024777,0.048562933597621406,0.048562933597621406,0.15857284440039643,23,2.188305252725471,49,30.40824093311368,1450.5850115219898,0.7680473381123436,0.2
main,v040,LOSO-nes-f2,secondary,LOSO,nested,2,B,Centralized PPO|central_nr_seed23/ppo_multi_site.zip,Centralized PPO,23,L,"Aug 2026, current reward",6,-11031.831660594082,1100.5406873733987,9918.467837620683,0.9481356000000001,11.875,365.7344230958613,365.4973891958613,0.45589692765113976,0.07333994053518335,0.45589692765113976,0.45589692765113976,0.8166501486620417,51,4.852329038652131,460,186.36859730431163,2437.8633385722264,0.8187295534507743,0.2
main,v040,LOSO-nes-f2,secondary,LOSO,nested,2,B,Centralized PPO|central_nr_seed23/ppo_multi_site.zip,Centralized PPO,23,L,"Aug 2026, current reward",7,-4046.725785693324,611.20620522442,3412.0250488689035,1.7445316000000002,21.75,233.45576503991384,233.01963213991382,0.18136769078295342,0.004955401387512388,0.18136769078295342,0.18136769078295342,0.5054509415262636,91,8.658077304261646,183,44.7516473709878,2437.8633385722264,0.7214981874078148,0.2
main,v040,LOSO-nes-f2,secondary,LOSO,nested,2,B,Centralized PPO|central_nr_seed23/ppo_multi_site.zip,Centralized PPO,23,L,"Aug 2026, current reward",8,-401.81244815691986,401.81244815691986,0.0,0.0,0.0,206.8881858335294,206.8881858335294,0.0,0.0,0.0,0.0,0.0,0,0.0,0,0.0,0.0,0.0,0.2
main,v040,LOSO-nes-f2,secondary,LOSO,nested,2,B,Centralized PPO|central_nr_seed23/ppo_multi_site.zip,Centralized PPO,23,L,"Aug 2026, current reward",9,-883.3060113243149,80.8896730489098,802.416338275405,0.0,0.0,207.2467744470471,207.2467744470471,0.04558969276511397,0.04558969276511397,0.0,0.04558969276511397,0.0,0,0.0,46,11.017915020711406,78.76542503363426,0.6814611146923226,0.2
main,v040,LOSO-nes-f2,secondary,LOSO,nested,2,B,MAPPO|mappo_seed77_20260517T110908/mappo_best.pt,MAPPO,77,P,"May 2026, pre-781c90c reward",all,-5463.645022243143,4301.46156591163,1098.385238531513,5.4232178,58.375,1973.3037222677526,1971.9479178177526,0.005847373637264618,0.0046580773042616454,0.0011892963330029733,0.005847373637264618,0.0688800792864222,286,2.721110009910803,59,17.434084693293606,506.8269331029031,0.7205566319387079,0.22
main,v040,LOSO-nes-f2,secondary,LOSO,nested,2,B,MAPPO|mappo_seed77_20260517T110908/mappo_best.pt,MAPPO,77,P,"May 2026, pre-781c90c reward",0,-827.2641460227196,816.0772572227196,0.0,1.0618888000000002,10.125,179.96645934458581,179.7009871445858,0.0,0.0,0.0,0.0,0.18929633300297324,56,5.32804757185332,0,0.0,0.0,0.0,0.22
main,v040,LOSO-nes-f2,secondary,LOSO,nested,2,B,MAPPO|mappo_seed77_20260517T110908/mappo_best.pt,MAPPO,77,P,"May 2026, pre-781c90c reward",1,-520.8646009096906,472.81229471151187,37.18004039817865,0.8722658000000001,10.0,193.6050087800553,193.3869423300553,0.0019821605550049554,0.0,0.0019821605550049554,0.0019821605550049554,0.09217046580773043,46,4.376610505450942,2,0.772566735211172,1.1057987904830557,0.7196673399696442,0.22
main,v040,LOSO-nes-f2,secondary,LOSO,nested,2,B,MAPPO|mappo_seed77_20260517T110908/mappo_best.pt,MAPPO,77,P,"May 2026, pre-781c90c reward",2,-308.2306621654899,280.2798129654899,27.0,0.0758492,0.875,206.54278307242157,206.52382077242157,0.0009910802775024777,0.0,0.0009910802775024777,0.0009910802775024777,0.002973240832507433,4,0.3805748265609515,1,1.0784934016384693,1.0784934016384693,1.0,0.22
main,v040,LOSO-nes-f2,secondary,LOSO,nested,2,B,MAPPO|mappo_seed77_20260517T110908/mappo_best.pt,MAPPO,77,P,"May 2026, pre-781c90c reward",3,-164.70421167677037,137.70421167677037,27.0,0.0,0.0,207.04287516734337,207.04287516734337,0.0009910802775024777,0.0009910802775024777,0.0,0.0009910802775024777,0.0,0,0.0,1,4.943537109139514,4.943537109139514,1.0,0.22
main,v040,LOSO-nes-f2,secondary,LOSO,nested,2,B,MAPPO|mappo_seed77_20260517T110908/mappo_best.pt,MAPPO,77,P,"May 2026, pre-781c90c reward",4,-627.3653386580008,553.4759570598221,64.18004039817865,0.8343412,8.875,187.71122310590889,187.50263780590888,0.002973240832507433,0.0,0.002973240832507433,0.002973240832507433,0.13181367690782952,44,4.186323092170466,3,0.865440494405409,1.0784934016384693,0.8131115599797628,0.22
main,v040,LOSO-nes-f2,secondary,LOSO,nested,2,B,MAPPO|mappo_seed77_20260517T110908/mappo_best.pt,MAPPO,77,P,"May 2026, pre-781c90c reward",5,-371.6694109325447,368.57808953254465,0.0,0.3413214,2.75,201.2558133366294,201.1704829866294,0.0,0.0,0.0,0.0,0.04360753221010902,18,1.7125867195242817,0,0.0,0.0,0.0,0.22
main,v040,LOSO-nes-f2,secondary,LOSO,nested,2,B,MAPPO|mappo_seed77_20260517T110908/mappo_best.pt,MAPPO,77,P,"May 2026, pre-781c90c reward",6,-752.8107927932533,650.1133861335027,86.60881945975059,1.2135872,14.875,191.46859619973833,191.16519939973833,0.003964321110009911,0.0,0.003964321110009911,0.003964321110009911,0.1110009910802775,64,6.089197224975224,4,127.3177201387096,506.8269331029031,0.8217401621645883,0.22
main,v040,LOSO-nes-f2,secondary,LOSO,nested,2,B,MAPPO|mappo_seed77_20260517T110908/mappo_best.pt,MAPPO,77,P,"May 2026, pre-781c90c reward",7,-605.7773044587793,572.5075862587793,27.0,0.6447182,5.625,193.97784158046204,193.81666203046206,0.0009910802775024777,0.0,0.0009910802775024777,0.0009910802775024777,0.10009910802775025,34,3.2348860257680876,1,1.274046530704651,1.274046530704651,1.0,0.22
main,v040,LOSO-nes-f2,secondary,LOSO,nested,2,B,MAPPO|mappo_seed77_20260517T110908/mappo_best.pt,MAPPO,77,P,"May 2026, pre-781c90c reward",8,-401.6525433015795,369.02329730157953,27.0,0.379246,5.25,204.48634723356076,204.39153573356077,0.0009910802775024777,0.0,0.0009910802775024777,0.0009910802775024777,0.017839444995044598,20,1.9028741328047574,1,1.0784934016384693,1.0784934016384693,1.0,0.22
main,v040,LOSO-nes-f2,secondary,LOSO,nested,2,B,MAPPO|mappo_seed77_20260517T110908/mappo_best.pt,MAPPO,77,P,"May 2026, pre-781c90c reward",9,-883.3060113243149,80.8896730489098,802.416338275405,0.0,0.0,207.2467744470471,207.2467744470471,0.04558969276511397,0.04558969276511397,0.0,0.04558969276511397,0.0,0,0.0,46,11.017915020711406,78.76542503363426,0.6814611146923226,0.22
main,v040,LOSO-nes-f2,secondary,LOSO,nested,2,B,MAPPO|mappo_seed99_20260517T003433/mappo_best.pt,MAPPO,99,P,"May 2026, pre-781c90c reward",all,-5448.364026905621,4286.392645974108,1098.385238531513,5.4611424,58.125,1972.2690556014602,1970.90377000146,0.005847373637264618,0.0046580773042616454,0.0011892963330029733,0.005847373637264618,0.06947472745292368,288,2.7401387512388506,59,8.862077240729802,78.76542503363426,0.7205566319387079,0.22
main,v040,LOSO-nes-f2,secondary,LOSO,nested,2,B,MAPPO|mappo_seed99_20260517T003433/mappo_best.pt,MAPPO,99,P,"May 2026, pre-781c90c reward",0,-828.632538867399,818.6464992673991,0.0,0.9860396000000001,9.0,180.23646410278633,179.98995420278635,0.0,0.0,0.0,0.0,0.1863230921704658,52,4.947472745292369,0,0.0,0.0,0.0,0.22
main,v040,LOSO-nes-f2,secondary,LOSO,nested,2,B,MAPPO|mappo_seed99_20260517T003433/mappo_best.pt,MAPPO,99,P,"May 2026, pre-781c90c reward",1,-517.631109499538,470.61672790135935,37.18004039817865,0.8343412000000001,9.0,193.36054096310642,193.15195566310638,0.0019821605550049554,0.0,0.0019821605550049554,0.0019821605550049554,0.09415262636273539,44,4.186323092170466,2,0.772566735211172,1.1057987904830557,0.7196673399696442,0.22
main,v040,LOSO-nes-f2,secondary,LOSO,nested,2,B,MAPPO|mappo_seed99_20260517T003433/mappo_best.pt,MAPPO,99,P,"May 2026, pre-781c90c reward",2,-336.31697163170924,280.1652732317092,54.0,0.1516984,2.0,206.51863596584133,206.48071136584133,0.0019821605550049554,0.0,0.0019821605550049554,0.0019821605550049554,0.003964321110009911,8,0.761149653121903,2,1.17626996617156,1.274046530704651,1.0,0.22
main,v040,LOSO-nes-f2,secondary,LOSO,nested,2,B,MAPPO|mappo_seed99_20260517T003433/mappo_best.pt,MAPPO,99,P,"May 2026, pre-781c90c reward",3,-164.70421167677037,137.70421167677037,27.0,0.0,0.0,207.04287516734337,207.04287516734337,0.0009910802775024777,0.0009910802775024777,0.0,0.0009910802775024777,0.0,0,0.0,1,4.943537109139514,4.943537109139514,1.0,0.22
main,v040,LOSO-nes-f2,secondary,LOSO,nested,2,B,MAPPO|mappo_seed99_20260517T003433/mappo_best.pt,MAPPO,99,P,"May 2026, pre-781c90c reward",4,-627.8028826616115,553.1255764634329,64.18004039817865,0.8722658000000001,9.625,187.64995870310545,187.43189225310545,0.002973240832507433,0.0,0.002973240832507433,0.002973240832507433,0.13280475718533202,46,4.376610505450942,3,0.865440494405409,1.0784934016384693,0.8131115599797628,0.22
main,v040,LOSO-nes-f2,secondary,LOSO,nested,2,B,MAPPO|mappo_seed99_20260517T003433/mappo_best.pt,MAPPO,99,P,"May 2026, pre-781c90c reward",5,-370.9194857645414,367.2902397645414,0.0,0.379246,3.25,201.27414557561968,201.1793340756197,0.0,0.0,0.0,0.0,0.04261645193260654,20,1.9028741328047574,0,0.0,0.0,0.0,0.22
main,v040,LOSO-nes-f2,secondary,LOSO,nested,2,B,MAPPO|mappo_seed99_20260517T003433/mappo_best.pt,MAPPO,99,P,"May 2026, pre-781c90c reward",6,-746.3872855816768,644.3528035219263,86.60881945975059,1.1756626,14.25,191.16546233077565,190.87154668077565,0.003964321110009911,0.0,0.003964321110009911,0.003964321110009911,0.11199207135777998,62,5.898909811694748,4,0.8806102133934404,1.0784934016384693,0.8217401621645883,0.22
main,v040,LOSO-nes-f2,secondary,LOSO,nested,2,B,MAPPO|mappo_seed99_20260517T003433/mappo_best.pt,MAPPO,99,P,"May 2026, pre-781c90c reward",7,-575.0468163131281,569.2770981131281,0.0,0.6447182,5.125,193.64887902937147,193.48769947937149,0.0,0.0,0.0,0.0,0.10208126858275521,34,3.2348860257680876,0,0.0,0.0,0.0,0.22
main,v040,LOSO-nes-f2,secondary,LOSO,nested,2,B,MAPPO|mappo_seed99_20260517T003433/mappo_best.pt,MAPPO,99,P,"May 2026, pre-781c90c reward",8,-397.6167135849319,364.3245429849319,27.0,0.41717060000000006,5.875,204.12531931646333,204.02102666646334,0.0009910802775024777,0.0,0.0009910802775024777,0.0009910802775024777,0.02081268582755203,22,2.093161546085233,1,1.0784934016384693,1.0784934016384693,1.0,0.22
main,v040,LOSO-nes-f2,secondary,LOSO,nested,2,B,MAPPO|mappo_seed99_20260517T003433/mappo_best.pt,MAPPO,99,P,"May 2026, pre-781c90c reward",9,-883.3060113243149,80.8896730489098,802.416338275405,0.0,0.0,207.2467744470471,207.2467744470471,0.04558969276511397,0.04558969276511397,0.0,0.04558969276511397,0.0,0,0.0,46,11.017915020711406,78.76542503363426,0.6814611146923226,0.22
main,v040,LOSO-nes-f2,secondary,LOSO,nested,2,B,Centralized PPO|ppo_multi_site_seed7_20260517T004954/ppo_multi_site.zip,Centralized PPO,7,P,"May 2026, pre-781c90c reward",all,-11873.035411738147,5868.561649977841,5943.309035960307,4.6647258,56.5,2104.3443284420136,2103.178146992014,0.02943508424182359,0.005550049554013875,0.024777006937561942,0.02943508424182359,0.05113974231912785,245,2.3310208126858276,297,48.11575682269975,1576.7739628035374,0.7670380511739963,0.22
main,v040,LOSO-nes-f2,secondary,LOSO,nested,2,B,Centralized PPO|ppo_multi_site_seed7_20260517T004954/ppo_multi_site.zip,Centralized PPO,7,P,"May 2026, pre-781c90c reward",0,-1888.4535783965457,1331.459142834794,537.7808483617516,1.2135872,18.0,212.24191971415485,211.93852291415482,0.03270564915758176,0.0009910802775024777,0.03270564915758176,0.03270564915758176,0.04757185332011893,64,6.089197224975224,33,15.966463377697007,505.21717638005447,0.6432129781431835,0.22
main,v040,LOSO-nes-f2,secondary,LOSO,nested,2,B,Centralized PPO|ppo_multi_site_seed7_20260517T004954/ppo_multi_site.zip,Centralized PPO,7,P,"May 2026, pre-781c90c reward",1,-869.0016926283404,869.0016926283404,0.0,0.0,0.0,206.86854941298162,206.86854941298162,0.0,0.0,0.0,0.0,0.0,0,0.0,0,0.0,0.0,0.0,0.22
main,v040,LOSO-nes-f2,secondary,LOSO,nested,2,B,Centralized PPO|ppo_multi_site_seed7_20260517T004954/ppo_multi_site.zip,Centralized PPO,7,P,"May 2026, pre-781c90c reward",2,-285.131772111562,285.131772111562,0.0,0.0,0.0,206.91604362617895,206.91604362617895,0.0,0.0,0.0,0.0,0.0,0,0.0,0,0.0,0.0,0.0,0.22
main,v040,LOSO-nes-f2,secondary,LOSO,nested,2,B,Centralized PPO|ppo_multi_site_seed7_20260517T004954/ppo_multi_site.zip,Centralized PPO,7,P,"May 2026, pre-781c90c reward",3,-164.70421167677037,137.70421167677037,27.0,0.0,0.0,207.04287516734337,207.04287516734337,0.0009910802775024777,0.0009910802775024777,0.0,0.0009910802775024777,0.0,0,0.0,1,4.943537109139514,4.943537109139514,1.0,0.22
main,v040,LOSO-nes-f2,secondary,LOSO,nested,2,B,Centralized PPO|ppo_multi_site_seed7_20260517T004954/ppo_multi_site.zip,Centralized PPO,7,P,"May 2026, pre-781c90c reward",4,-4147.150920053467,599.8005677627489,3526.802423890719,2.0479284,18.5,227.96140997209642,227.4494278720964,0.16650148662041625,0.005946481665014866,0.16650148662041625,0.16650148662041625,0.4122893954410307,108,10.27552031714569,168,55.33771619231216,1576.7739628035374,0.7997623856926029,0.22
main,v040,LOSO-nes-f2,secondary,LOSO,nested,2,B,Centralized PPO|ppo_multi_site_seed7_20260517T004954/ppo_multi_site.zip,Centralized PPO,7,P,"May 2026, pre-781c90c reward",5,-443.1623741628722,443.1623741628722,0.0,0.0,0.0,206.88829172154493,206.88829172154493,0.0,0.0,0.0,0.0,0.0,0,0.0,0,0.0,0.0,0.0,0.22
main,v040,LOSO-nes-f2,secondary,LOSO,nested,2,B,Centralized PPO|ppo_multi_site_seed7_20260517T004954/ppo_multi_site.zip,Centralized PPO,7,P,"May 2026, pre-781c90c reward",6,-956.4140420846386,956.4140420846386,0.0,0.0,0.0,206.8410907092473,206.8410907092473,0.0,0.0,0.0,0.0,0.0,0,0.0,0,0.0,0.0,0.0,0.22
main,v040,LOSO-nes-f2,secondary,LOSO,nested,2,B,Centralized PPO|ppo_multi_site_seed7_20260517T004954/ppo_multi_site.zip,Centralized PPO,7,P,"May 2026, pre-781c90c reward",7,-1833.8983611427145,763.1857255102842,1049.30942543243,1.4032102000000002,20.0,215.44918783788987,215.09838528788987,0.048562933597621406,0.0019821605550049554,0.048562933597621406,0.048562933597621406,0.05153617443012884,73,6.945490584737364,49,80.71392931647993,1576.7739628035374,0.8138159356683199,0.22
main,v040,LOSO-nes-f2,secondary,LOSO,nested,2,B,Centralized PPO|ppo_multi_site_seed7_20260517T004954/ppo_multi_site.zip,Centralized PPO,7,P,"May 2026, pre-781c90c reward",8,-401.81244815691986,401.81244815691986,0.0,0.0,0.0,206.8881858335294,206.8881858335294,0.0,0.0,0.0,0.0,0.0,0,0.0,0,0.0,0.0,0.0,0.22
main,v040,LOSO-nes-f2,secondary,LOSO,nested,2,B,Centralized PPO|ppo_multi_site_seed7_20260517T004954/ppo_multi_site.zip,Centralized PPO,7,P,"May 2026, pre-781c90c reward",9,-883.3060113243149,80.8896730489098,802.416338275405,0.0,0.0,207.2467744470471,207.2467744470471,0.04558969276511397,0.04558969276511397,0.0,0.04558969276511397,0.0,0,0.0,46,11.017915020711406,78.76542503363426,0.6814611146923226,0.22
main,v040,LOSO-nes-f2,secondary,LOSO,nested,2,B,Centralized PPO|ppo_multi_site_seed13_20260517T004954/ppo_multi_site.zip,Centralized PPO,13,P,"May 2026, pre-781c90c reward",all,-12026.990607293043,6107.234859808443,5915.894707884599,0.9860396,2.875,2121.348440124528,2121.101930224528,0.030029732408325075,0.005252725470763132,0.025371655104063428,0.030029732408325075,0.057482656095143705,51,0.48523290386521306,303,26.115006499574903,1576.7739628035374,0.7508134992172275,0.22
main,v040,LOSO-nes-f2,secondary,LOSO,nested,2,B,Centralized PPO|ppo_multi_site_seed13_20260517T004954/ppo_multi_site.zip,Centralized PPO,13,P,"May 2026, pre-781c90c reward",0,-1321.9717524581893,1321.9717524581893,0.0,0.0,0.0,206.81987013212373,206.81987013212373,0.0,0.0,0.0,0.0,0.0,0,0.0,0,0.0,0.0,0.0,0.22
main,v040,LOSO-nes-f2,secondary,LOSO,nested,2,B,Centralized PPO|ppo_multi_site_seed13_20260517T004954/ppo_multi_site.zip,Centralized PPO,13,P,"May 2026, pre-781c90c reward",1,-869.0016926283404,869.0016926283404,0.0,0.0,0.0,206.86854941298162,206.86854941298162,0.0,0.0,0.0,0.0,0.0,0,0.0,0,0.0,0.0,0.0,0.22
main,v040,LOSO-nes-f2,secondary,LOSO,nested,2,B,Centralized PPO|ppo_multi_site_seed13_20260517T004954/ppo_multi_site.zip,Centralized PPO,13,P,"May 2026, pre-781c90c reward",2,-285.131772111562,285.131772111562,0.0,0.0,0.0,206.91604362617895,206.91604362617895,0.0,0.0,0.0,0.0,0.0,0,0.0,0,0.0,0.0,0.0,0.22
main,v040,LOSO-nes-f2,secondary,LOSO,nested,2,B,Centralized PPO|ppo_multi_site_seed13_20260517T004954/ppo_multi_site.zip,Centralized PPO,13,P,"May 2026, pre-781c90c reward",3,-164.70421167677037,137.70421167677037,27.0,0.0,0.0,207.04287516734337,207.04287516734337,0.0009910802775024777,0.0009910802775024777,0.0,0.0009910802775024777,0.0,0,0.0,1,4.943537109139514,4.943537109139514,1.0,0.22
main,v040,LOSO-nes-f2,secondary,LOSO,nested,2,B,Centralized PPO|ppo_multi_site_seed13_20260517T004954/ppo_multi_site.zip,Centralized PPO,13,P,"May 2026, pre-781c90c reward",4,-1252.5396509700468,961.0657963736896,290.3600807963573,0.11377380000000001,1.0,209.83663806053931,209.80819461053932,0.011892963330029732,0.0009910802775024777,0.011892963330029732,0.011892963330029732,0.010901883052527254,6,0.5708622398414271,12,174.30777574047036,1576.7739628035374,0.9065557799898815,0.22
main,v040,LOSO-nes-f2,secondary,LOSO,nested,2,B,Centralized PPO|ppo_multi_site_seed13_20260517T004954/ppo_multi_site.zip,Centralized PPO,13,P,"May 2026, pre-781c90c reward",5,-443.1623741628722,443.1623741628722,0.0,0.0,0.0,206.88829172154493,206.88829172154493,0.0,0.0,0.0,0.0,0.0,0,0.0,0,0.0,0.0,0.0,0.22
main,v040,LOSO-nes-f2,secondary,LOSO,nested,2,B,Centralized PPO|ppo_multi_site_seed13_20260517T004954/ppo_multi_site.zip,Centralized PPO,13,P,"May 2026, pre-781c90c reward",6,-956.4140420846386,956.4140420846386,0.0,0.0,0.0,206.8410907092473,206.8410907092473,0.0,0.0,0.0,0.0,0.0,0,0.0,0,0.0,0.0,0.0,0.22
main,v040,LOSO-nes-f2,secondary,LOSO,nested,2,B,Centralized PPO|ppo_multi_site_seed13_20260517T004954/ppo_multi_site.zip,Centralized PPO,13,P,"May 2026, pre-781c90c reward",7,-5448.946651719388,650.0810971065514,4796.118288812836,0.8722657999999999,1.875,256.00012101399244,255.7820545639924,0.24182358771060455,0.004955401387512388,0.24182358771060455,0.24182358771060455,0.5639246778989098,45,4.281466798810704,244,21.759778821408556,1576.7739628035374,0.7552074165044858,0.22
main,v040,LOSO-nes-f2,secondary,LOSO,nested,2,B,Centralized PPO|ppo_multi_site_seed13_20260517T004954/ppo_multi_site.zip,Centralized PPO,13,P,"May 2026, pre-781c90c reward",8,-401.81244815691986,401.81244815691986,0.0,0.0,0.0,206.8881858335294,206.8881858335294,0.0,0.0,0.0,0.0,0.0,0,0.0,0,0.0,0.0,0.0,0.22
main,v040,LOSO-nes-f2,secondary,LOSO,nested,2,B,Centralized PPO|ppo_multi_site_seed13_20260517T004954/ppo_multi_site.zip,Centralized PPO,13,P,"May 2026, pre-781c90c reward",9,-883.3060113243149,80.8896730489098,802.416338275405,0.0,0.0,207.2467744470471,207.2467744470471,0.04558969276511397,0.04558969276511397,0.0,0.04558969276511397,0.0,0,0.0,46,11.017915020711406,78.76542503363426,0.6814611146923226,0.22
main,v040,LOSO-nes-f2,secondary,LOSO,nested,2,B,Centralized PPO|ppo_multi_site_seed42_20260517T004954/ppo_multi_site.zip,Centralized PPO,42,P,"May 2026, pre-781c90c reward",all,-10013.424733866153,5414.024564238056,4551.413820028096,4.3613496000000005,43.625,2070.1734288314638,2069.083091431464,0.02576808721506442,0.004955401387512388,0.021110009910802776,0.02576808721506442,0.08374628344895936,227,2.1597621407333993,260,14.448701612754974,1576.7739628035374,0.6835145923112944,0.22
main,v040,LOSO-nes-f2,secondary,LOSO,nested,2,B,Centralized PPO|ppo_multi_site_seed42_20260517T004954/ppo_multi_site.zip,Centralized PPO,42,P,"May 2026, pre-781c90c reward",0,-3008.209544534885,1333.204333236881,1650.0822622980045,2.047949,22.875,224.97900961987517,224.46702236987517,0.09514370664023786,0.0009910802775024777,0.09514370664023786,0.09514370664023786,0.17046580773042616,108,10.27552031714569,96,5.961453882995123,505.21717638005447,0.672945229964585,0.22
main,v040,LOSO-nes-f2,secondary,LOSO,nested,2,B,Centralized PPO|ppo_multi_site_seed42_20260517T004954/ppo_multi_site.zip,Centralized PPO,42,P,"May 2026, pre-781c90c reward",1,-981.3008818099125,491.32631163723283,476.70060597267974,1.0239642,12.25,197.49000873717802,197.23401768717804,0.026759167492566897,0.0009910802775024777,0.026759167492566897,0.026759167492566897,0.15460852329038652,53,5.042616451932607,27,19.396219606889318,505.21717638005447,0.688519266632938,0.22
main,v040,LOSO-nes-f2,secondary,LOSO,nested,2,B,Centralized PPO|ppo_multi_site_seed42_20260517T004954/ppo_multi_site.zip,Centralized PPO,42,P,"May 2026, pre-781c90c reward",2,-285.131772111562,285.131772111562,0.0,0.0,0.0,206.91604362617895,206.91604362617895,0.0,0.0,0.0,0.0,0.0,0,0.0,0,0.0,0.0,0.0,0.22
main,v040,LOSO-nes-f2,secondary,LOSO,nested,2,B,Centralized PPO|ppo_multi_site_seed42_20260517T004954/ppo_multi_site.zip,Centralized PPO,42,P,"May 2026, pre-781c90c reward",3,-164.70421167677037,137.70421167677037,27.0,0.0,0.0,207.04287516734337,207.04287516734337,0.0009910802775024777,0.0009910802775024777,0.0,0.0009910802775024777,0.0,0,0.0,1,4.943537109139514,4.943537109139514,1.0,0.22
main,v040,LOSO-nes-f2,secondary,LOSO,nested,2,B,Centralized PPO|ppo_multi_site_seed42_20260517T004954/ppo_multi_site.zip,Centralized PPO,42,P,"May 2026, pre-781c90c reward",4,-956.265112824797,956.265112824797,0.0,0.0,0.0,206.84610010160299,206.84610010160299,0.0,0.0,0.0,0.0,0.0,0,0.0,0,0.0,0.0,0.0,0.22
main,v040,LOSO-nes-f2,secondary,LOSO,nested,2,B,Centralized PPO|ppo_multi_site_seed42_20260517T004954/ppo_multi_site.zip,Centralized PPO,42,P,"May 2026, pre-781c90c reward",5,-443.1623741628722,443.1623741628722,0.0,0.0,0.0,206.88829172154493,206.88829172154493,0.0,0.0,0.0,0.0,0.0,0,0.0,0,0.0,0.0,0.0,0.22
main,v040,LOSO-nes-f2,secondary,LOSO,nested,2,B,Centralized PPO|ppo_multi_site_seed42_20260517T004954/ppo_multi_site.zip,Centralized PPO,42,P,"May 2026, pre-781c90c reward",6,-999.1027714212668,707.5239457126936,288.2978813085731,0.5309444000000001,2.75,197.27042155633023,197.13768545633025,0.015857284440039643,0.0,0.015857284440039643,0.015857284440039643,0.16650148662041625,27,2.5688800792864224,16,32.37358890934107,506.8269331029031,0.7006205860595273,0.22
main,v040,LOSO-nes-f2,secondary,LOSO,nested,2,B,Centralized PPO|ppo_multi_site_seed42_20260517T004954/ppo_multi_site.zip,Centralized PPO,42,P,"May 2026, pre-781c90c reward",7,-1890.4296058428513,577.0043816694176,1306.9167321734337,0.7584919999999999,5.75,208.6057180208337,208.4160950208337,0.07333994053518335,0.0009910802775024777,0.07333994053518335,0.07333994053518335,0.3458870168483647,39,3.7106045589692767,74,22.03945765610039,1576.7739628035374,0.688701230708754,0.22
main,v040,LOSO-nes-f2,secondary,LOSO,nested,2,B,Centralized PPO|ppo_multi_site_seed42_20260517T004954/ppo_multi_site.zip,Centralized PPO,42,P,"May 2026, pre-781c90c reward",8,-401.81244815691986,401.81244815691986,0.0,0.0,0.0,206.8881858335294,206.8881858335294,0.0,0.0,0.0,0.0,0.0,0,0.0,0,0.0,0.0,0.0,0.22
main,v040,LOSO-nes-f2,secondary,LOSO,nested,2,B,Centralized PPO|ppo_multi_site_seed42_20260517T004954/ppo_multi_site.zip,Centralized PPO,42,P,"May 2026, pre-781c90c reward",9,-883.3060113243149,80.8896730489098,802.416338275405,0.0,0.0,207.2467744470471,207.2467744470471,0.04558969276511397,0.04558969276511397,0.0,0.04558969276511397,0.0,0,0.0,46,11.017915020711406,78.76542503363426,0.6814611146923226,0.22
main,v040,LOSO-nes-f2,secondary,LOSO,nested,2,B,Centralized PPO|ppo_multi_site_seed99_20260517T004954/ppo_multi_site.zip,Centralized PPO,99,P,"May 2026, pre-781c90c reward",all,-19603.60482369482,5165.817116303261,14418.992492591557,2.9202148,15.875,2221.4882102685046,2220.758156568504,0.066798810703667,0.018929633300297323,0.06214073339940535,0.066798810703667,0.17888999008919723,152,1.4461843409316155,674,277.5284398849515,2437.8633385722264,0.8131054645198595,0.22
main,v040,LOSO-nes-f2,secondary,LOSO,nested,2,B,Centralized PPO|ppo_multi_site_seed99_20260517T004954/ppo_multi_site.zip,Centralized PPO,99,P,"May 2026, pre-781c90c reward",0,-1628.5390114724569,784.6198802691681,834.1900718032888,1.4790594,8.25,184.3079296013876,183.9381647513876,0.05054509415262636,0.0019821605550049554,0.05054509415262636,0.05054509415262636,0.49157581764122893,77,7.326065411298315,51,41.467029845596485,1576.7739628035374,0.6452222691524764,0.22
main,v040,LOSO-nes-f2,secondary,LOSO,nested,2,B,Centralized PPO|ppo_multi_site_seed99_20260517T004954/ppo_multi_site.zip,Centralized PPO,99,P,"May 2026, pre-781c90c reward",1,-869.0016926283404,869.0016926283404,0.0,0.0,0.0,206.86854941298162,206.86854941298162,0.0,0.0,0.0,0.0,0.0,0,0.0,0,0.0,0.0,0.0,0.22
main,v040,LOSO-nes-f2,secondary,LOSO,nested,2,B,Centralized PPO|ppo_multi_site_seed99_20260517T004954/ppo_multi_site.zip,Centralized PPO,99,P,"May 2026, pre-781c90c reward",2,-285.131772111562,285.131772111562,0.0,0.0,0.0,206.91604362617895,206.91604362617895,0.0,0.0,0.0,0.0,0.0,0,0.0,0,0.0,0.0,0.0,0.22
main,v040,LOSO-nes-f2,secondary,LOSO,nested,2,B,Centralized PPO|ppo_multi_site_seed99_20260517T004954/ppo_multi_site.zip,Centralized PPO,99,P,"May 2026, pre-781c90c reward",3,-164.70421167677037,137.70421167677037,27.0,0.0,0.0,207.04287516734337,207.04287516734337,0.0009910802775024777,0.0009910802775024777,0.0,0.0009910802775024777,0.0,0,0.0,1,4.943537109139514,4.943537109139514,1.0,0.22
main,v040,LOSO-nes-f2,secondary,LOSO,nested,2,B,Centralized PPO|ppo_multi_site_seed99_20260517T004954/ppo_multi_site.zip,Centralized PPO,99,P,"May 2026, pre-781c90c reward",4,-1161.7606453137175,557.7582861392164,601.520565574501,0.6067936,1.875,193.9177521685806,193.7660537685806,0.030723488602576808,0.0009910802775024777,0.030723488602576808,0.030723488602576808,0.244796828543112,31,2.949454905847374,31,17.058687401757624,505.21717638005447,0.7467963070693562,0.22
main,v040,LOSO-nes-f2,secondary,LOSO,nested,2,B,Centralized PPO|ppo_multi_site_seed99_20260517T004954/ppo_multi_site.zip,Centralized PPO,99,P,"May 2026, pre-781c90c reward",5,-443.1623741628722,443.1623741628722,0.0,0.0,0.0,206.88829172154493,206.88829172154493,0.0,0.0,0.0,0.0,0.0,0,0.0,0,0.0,0.0,0.0,0.22
main,v040,LOSO-nes-f2,secondary,LOSO,nested,2,B,Centralized PPO|ppo_multi_site_seed99_20260517T004954/ppo_multi_site.zip,Centralized PPO,99,P,"May 2026, pre-781c90c reward",6,-10789.781985105978,817.7492769676139,9966.865516938364,0.4171912,4.75,350.22025217088486,350.1159543708849,0.45986124876114964,0.07234886025768088,0.45986124876114964,0.45986124876114964,0.9831516352824579,22,2.093161546085233,464,184.76690099674855,2437.8633385722264,0.8160104538030433,0.22
main,v040,LOSO-nes-f2,secondary,LOSO,nested,2,B,Centralized PPO|ppo_multi_site_seed99_20260517T004954/ppo_multi_site.zip,Centralized PPO,99,P,"May 2026, pre-781c90c reward",7,-757.8389205365211,757.8389205365211,0.0,0.0,0.0,206.84272456064485,206.84272456064485,0.0,0.0,0.0,0.0,0.0,0,0.0,0,0.0,0.0,0.0,0.22
main,v040,LOSO-nes-f2,secondary,LOSO,nested,2,B,Centralized PPO|ppo_multi_site_seed99_20260517T004954/ppo_multi_site.zip,Centralized PPO,99,P,"May 2026, pre-781c90c reward",8,-2620.378199362287,431.9610287622869,2187.0,0.41717060000000006,1.0,251.23701739191063,251.13272474191064,0.0802775024777007,0.06739345887016848,0.0802775024777007,0.0802775024777007,0.06937561942517344,22,2.093161546085233,81,1211.9372958064723,2437.8633385722264,1.0,0.22
main,v040,LOSO-nes-f2,secondary,LOSO,nested,2,B,Centralized PPO|ppo_multi_site_seed99_20260517T004954/ppo_multi_site.zip,Centralized PPO,99,P,"May 2026, pre-781c90c reward",9,-883.3060113243149,80.8896730489098,802.416338275405,0.0,0.0,207.2467744470471,207.2467744470471,0.04558969276511397,0.04558969276511397,0.0,0.04558969276511397,0.0,0,0.0,46,11.017915020711406,78.76542503363426,0.6814611146923226,0.22
main,v040,LOSO-nes-f2,secondary,LOSO,nested,2,B,MAPPO|mappo_nr_seed23/mappo_best.pt,MAPPO,23,T,"June 2026, current reward",all,-5741.153490046023,4141.826962288101,1528.8301949579222,6.371332800000001,64.125,1963.8773360175019,1962.284502817502,0.007333994053518335,0.004955401387512388,0.004162537165510407,0.007333994053518335,0.09177403369672943,336,3.1968285431119923,74,29751.843525933877,155349.738807616,0.7886622499810461,0.22
main,v040,LOSO-nes-f2,secondary,LOSO,nested,2,B,MAPPO|mappo_nr_seed23/mappo_best.pt,MAPPO,23,T,"June 2026, current reward",0,-803.2509744496408,775.553950051462,10.180040398178651,1.516984,16.0,174.85059883724068,174.47135283724066,0.0009910802775024777,0.0,0.0009910802775024777,0.0009910802775024777,0.24677898909811694,80,7.6114965312190295,1,0.4393346799392884,0.4393346799392884,0.4393346799392883,0.22
main,v040,LOSO-nes-f2,secondary,LOSO,nested,2,B,MAPPO|mappo_nr_seed23/mappo_best.pt,MAPPO,23,T,"June 2026, current reward",1,-521.1540724667695,447.88969086859095,64.18004039817865,0.8343412,8.25,190.42915396136277,190.22056866136276,0.002973240832507433,0.0,0.002973240832507433,0.002973240832507433,0.1278493557978196,44,4.186323092170466,3,0.8745422906869379,1.1057987904830557,0.8131115599797628,0.22
main,v040,LOSO-nes-f2,secondary,LOSO,nested,2,B,MAPPO|mappo_nr_seed23/mappo_best.pt,MAPPO,23,T,"June 2026, current reward",2,-307.30635458750345,278.27965618750346,27.0,0.1516984,1.875,206.35329829947705,206.31537369947705,0.0009910802775024777,0.0,0.0009910802775024777,0.0009910802775024777,0.004955401387512388,8,0.761149653121903,1,1.0784934016384693,1.0784934016384693,1.0,0.22
main,v040,LOSO-nes-f2,secondary,LOSO,nested,2,B,MAPPO|mappo_nr_seed23/mappo_best.pt,MAPPO,23,T,"June 2026, current reward",3,-164.70421167677037,137.70421167677037,27.0,0.0,0.0,207.04287516734337,207.04287516734337,0.0009910802775024777,0.0009910802775024777,0.0,0.0009910802775024777,0.0,0,0.0,1,4.943537109139514,4.943537109139514,1.0,0.22
main,v040,LOSO-nes-f2,secondary,LOSO,nested,2,B,MAPPO|mappo_nr_seed23/mappo_best.pt,MAPPO,23,T,"June 2026, current reward",4,-628.6876763843127,537.3019877897768,84.54012119453594,0.7205674,6.125,185.51332871677553,185.33318686677552,0.004955401387512388,0.0,0.004955401387512388,0.004955401387512388,0.1565906838453915,38,3.615460852329039,5,0.6949981686189608,1.0784934016384693,0.6636008079635731,0.22
main,v040,LOSO-nes-f2,secondary,LOSO,nested,2,B,MAPPO|mappo_nr_seed23/mappo_best.pt,MAPPO,23,T,"June 2026, current reward",5,-386.8677798487704,355.2876846487704,27.0,0.45509520000000003,4.125,199.79326974219404,199.67949594219402,0.0009910802775024777,0.0,0.0009910802775024777,0.0009910802775024777,0.05946481665014866,24,2.2834489593657086,1,1.0784934016384693,1.0784934016384693,1.0,0.22
main,v040,LOSO-nes-f2,secondary,LOSO,nested,2,B,MAPPO|mappo_nr_seed23/mappo_best.pt,MAPPO,23,T,"June 2026, current reward",6,-747.5697019986821,620.4972953389316,113.60881945975059,1.2135872,12.25,188.30406624297717,188.00066944297717,0.004955401387512388,0.0,0.004955401387512388,0.004955401387512388,0.14370664023785926,64,6.089197224975224,5,102.06987479129538,506.8269331029031,0.8573921297316707,0.22
main,v040,LOSO-nes-f2,secondary,LOSO,nested,2,B,MAPPO|mappo_nr_seed23/mappo_best.pt,MAPPO,23,T,"June 2026, current reward",7,-597.5831760599165,553.7204928617377,37.18004039817865,0.6826428,6.0,191.5094057128323,191.3387450128323,0.0019821605550049554,0.0,0.0019821605550049554,0.0019821605550049554,0.1288404360753221,36,3.4251734390485633,2,0.8566906053219696,1.274046530704651,0.7196673399696442,0.22
main,v040,LOSO-nes-f2,secondary,LOSO,nested,2,B,MAPPO|mappo_nr_seed23/mappo_best.pt,MAPPO,23,T,"June 2026, current reward",8,-415.08508389691053,353.6791394969105,54.0,0.5309444,6.875,202.81503296475083,202.68229686475084,0.0019821605550049554,0.0,0.0019821605550049554,0.0019821605550049554,0.03468780971258672,28,2.66402378592666,2,1.0784934016384693,1.0784934016384693,1.0,0.22
main,v040,LOSO-nes-f2,secondary,LOSO,nested,2,B,MAPPO|mappo_nr_seed23/mappo_best.pt,MAPPO,23,T,"June 2026, current reward",9,-1168.944458676746,81.91285336764616,1084.1411331090999,0.2654722,2.625,217.26630637254817,217.19993832254818,0.05252725470763132,0.048562933597621406,0.02180376610505451,0.05252725470763132,0.014866204162537165,14,1.33201189296333,53,41530.3502396383,155349.738807616,0.7818497692510064,0.22
main,v040,LOSO-nes-f2,secondary,LOSO,nested,2,B,MAPPO|mappo_nr_seed64/mappo_best.pt,MAPPO,64,T,"June 2026, current reward",all,-5448.269463380242,4224.18006264873,1152.385238531513,5.9541622,65.75,1965.3748227405038,1963.8862821905038,0.006045589692765114,0.0046580773042616454,0.0013875123885034688,0.006045589692765114,0.07631318136769079,314,2.9875123885034687,61,16.897835798485247,506.8269331029031,0.7297187095800618,0.22
main,v040,LOSO-nes-f2,secondary,LOSO,nested,2,B,MAPPO|mappo_nr_seed64/mappo_best.pt,MAPPO,64,T,"June 2026, current reward",0,-816.3104053677966,803.2976673677967,0.0,1.1377380000000001,11.875,178.39027220027566,178.10583770027569,0.0,0.0,0.0,0.0,0.20614469772051536,60,5.708622398414271,0,0.0,0.0,0.0,0.22
main,v040,LOSO-nes-f2,secondary,LOSO,nested,2,B,MAPPO|mappo_nr_seed64/mappo_best.pt,MAPPO,64,T,"June 2026, current reward",1,-536.5437859552801,460.1656305571014,64.18004039817865,0.948115,11.25,192.11405187960423,191.87702312960425,0.002973240832507433,0.0,0.002973240832507433,0.002973240832507433,0.10703666997026759,50,4.757185332011893,3,0.8745422906869379,1.1057987904830557,0.8131115599797628,0.22
main,v040,LOSO-nes-f2,secondary,LOSO,nested,2,B,MAPPO|mappo_nr_seed64/mappo_best.pt,MAPPO,64,T,"June 2026, current reward",2,-308.57620385971006,279.4245054597101,27.0,0.1516984,2.0,206.47281723601088,206.4348926360109,0.0009910802775024777,0.0,0.0009910802775024777,0.0009910802775024777,0.003964321110009911,8,0.761149653121903,1,1.0784934016384693,1.0784934016384693,1.0,0.22
main,v040,LOSO-nes-f2,secondary,LOSO,nested,2,B,MAPPO|mappo_nr_seed64/mappo_best.pt,MAPPO,64,T,"June 2026, current reward",3,-164.70421167677037,137.70421167677037,27.0,0.0,0.0,207.04287516734337,207.04287516734337,0.0009910802775024777,0.0009910802775024777,0.0,0.0009910802775024777,0.0,0,0.0,1,4.943537109139514,4.943537109139514,1.0,0.22
main,v040,LOSO-nes-f2,secondary,LOSO,nested,2,B,MAPPO|mappo_nr_seed64/mappo_best.pt,MAPPO,64,T,"June 2026, current reward",4,-619.7381163376374,545.9737347394587,64.18004039817865,0.8343412,8.75,186.7924933843438,186.58390808434376,0.002973240832507433,0.0,0.002973240832507433,0.002973240832507433,0.14073339940535184,44,4.186323092170466,3,0.865440494405409,1.0784934016384693,0.8131115599797628,0.22
main,v040,LOSO-nes-f2,secondary,LOSO,nested,2,B,MAPPO|mappo_nr_seed64/mappo_best.pt,MAPPO,64,T,"June 2026, current reward",5,-365.048500280545,361.00632968054504,0.0,0.4171706,3.625,200.71672321565697,200.61243056565698,0.0,0.0,0.0,0.0,0.04757185332011893,22,2.093161546085233,0,0.0,0.0,0.0,0.22
main,v040,LOSO-nes-f2,secondary,LOSO,nested,2,B,MAPPO|mappo_nr_seed64/mappo_best.pt,MAPPO,64,T,"June 2026, current reward",6,-762.746663591248,632.2234077314973,113.60881945975059,1.2894364,15.625,190.050871249436,189.72851214943597,0.004955401387512388,0.0,0.004955401387512388,0.004955401387512388,0.12190287413280476,68,6.469772051536175,5,102.06987479129538,506.8269331029031,0.8573921297316707,0.22
main,v040,LOSO-nes-f2,secondary,LOSO,nested,2,B,MAPPO|mappo_nr_seed64/mappo_best.pt,MAPPO,64,T,"June 2026, current reward",7,-597.0462327267817,562.2877407267815,27.0,0.758492,7.0,192.77755235412704,192.58792935412706,0.0009910802775024777,0.0,0.0009910802775024777,0.0009910802775024777,0.11199207135777998,40,3.8057482656095147,1,1.274046530704651,1.274046530704651,1.0,0.22
main,v040,LOSO-nes-f2,secondary,LOSO,nested,2,B,MAPPO|mappo_nr_seed64/mappo_best.pt,MAPPO,64,T,"June 2026, current reward",8,-394.2493322601586,361.2071616601586,27.0,0.41717060000000006,5.625,203.77039160665873,203.66609895665874,0.0009910802775024777,0.0,0.0009910802775024777,0.0009910802775024777,0.023785926660059464,22,2.093161546085233,1,1.0784934016384693,1.0784934016384693,1.0,0.22
main,v040,LOSO-nes-f2,secondary,LOSO,nested,2,B,MAPPO|mappo_nr_seed64/mappo_best.pt,MAPPO,64,T,"June 2026, current reward",9,-883.3060113243149,80.8896730489098,802.416338275405,0.0,0.0,207.2467744470471,207.2467744470471,0.04558969276511397,0.04558969276511397,0.0,0.04558969276511397,0.0,0,0.0,46,11.017915020711406,78.76542503363426,0.6814611146923226,0.22
main,v040,LOSO-nes-f2,secondary,LOSO,nested,2,B,MAPPO|mappo_nr_seed99/mappo_best.pt,MAPPO,99,T,"June 2026, current reward",all,-5473.058507489117,4264.300292559425,1135.5652789296917,6.0679359999999996,67.125,1969.63298605043,1968.1160020504299,0.006045589692765114,0.0046580773042616454,0.0013875123885034688,0.006045589692765114,0.07215064420218038,320,3.044598612487612,61,16.887357786654107,506.8269331029031,0.7205274748249683,0.22
main,v040,LOSO-nes-f2,secondary,LOSO,nested,2,B,MAPPO|mappo_nr_seed99/mappo_best.pt,MAPPO,99,T,"June 2026, current reward",0,-823.1846577365469,810.5089951365469,0.0,1.1756626000000001,11.5,179.35656773997425,179.06265208997425,0.0,0.0,0.0,0.0,0.19425173439048563,62,5.898909811694748,0,0.0,0.0,0.0,0.22
main,v040,LOSO-nes-f2,secondary,LOSO,nested,2,B,MAPPO|mappo_nr_seed99/mappo_best.pt,MAPPO,99,T,"June 2026, current reward",1,-518.2061949842625,469.86596418608383,37.18004039817865,0.9101904000000001,10.25,193.1769240031285,192.94937640312847,0.0019821605550049554,0.0,0.0019821605550049554,0.0019821605550049554,0.09712586719524281,48,4.566897918731417,2,0.772566735211172,1.1057987904830557,0.7196673399696442,0.22
main,v040,LOSO-nes-f2,secondary,LOSO,nested,2,B,MAPPO|mappo_nr_seed99/mappo_best.pt,MAPPO,99,T,"June 2026, current reward",2,-307.30635458750345,278.27965618750346,27.0,0.1516984,1.875,206.35329829947705,206.31537369947705,0.0009910802775024777,0.0,0.0009910802775024777,0.0009910802775024777,0.004955401387512388,8,0.761149653121903,1,1.0784934016384693,1.0784934016384693,1.0,0.22
main,v040,LOSO-nes-f2,secondary,LOSO,nested,2,B,MAPPO|mappo_nr_seed99/mappo_best.pt,MAPPO,99,T,"June 2026, current reward",3,-164.70421167677037,137.70421167677037,27.0,0.0,0.0,207.04287516734337,207.04287516734337,0.0009910802775024777,0.0009910802775024777,0.0,0.0009910802775024777,0.0,0,0.0,1,4.943537109139514,4.943537109139514,1.0,0.22
main,v040,LOSO-nes-f2,secondary,LOSO,nested,2,B,MAPPO|mappo_nr_seed99/mappo_best.pt,MAPPO,99,T,"June 2026, current reward",4,-636.502236551178,550.4440407548207,74.3600807963573,0.9481149999999999,10.75,187.3976773429746,187.16064859297458,0.003964321110009911,0.0,0.003964321110009911,0.003964321110009911,0.13478691774033696,50,4.757185332011893,4,0.7589140407888789,1.0784934016384693,0.7196673399696443,0.22
main,v040,LOSO-nes-f2,secondary,LOSO,nested,2,B,MAPPO|mappo_nr_seed99/mappo_best.pt,MAPPO,99,T,"June 2026, current reward",5,-364.1368899481795,359.9697193481795,0.0,0.4171706,3.75,200.40888313452746,200.30459048452744,0.0,0.0,0.0,0.0,0.05153617443012884,22,2.093161546085233,0,0.0,0.0,0.0,0.22
main,v040,LOSO-nes-f2,secondary,LOSO,nested,2,B,MAPPO|mappo_nr_seed99/mappo_best.pt,MAPPO,99,T,"June 2026, current reward",6,-773.1303952897513,643.1450640300006,113.60881945975059,1.2515117999999998,15.125,191.0519945515269,190.73911660152686,0.004955401387512388,0.0,0.004955401387512388,0.004955401387512388,0.11298315163528246,66,6.279484638255699,5,102.06987479129538,506.8269331029031,0.8573921297316707,0.22
main,v040,LOSO-nes-f2,secondary,LOSO,nested,2,B,MAPPO|mappo_nr_seed99/mappo_best.pt,MAPPO,99,T,"June 2026, current reward",7,-603.3204363850598,568.1869443850599,27.0,0.758492,7.375,193.51022864110828,193.32060564110827,0.0009910802775024777,0.0,0.0009910802775024777,0.0009910802775024777,0.10406342913776016,40,3.8057482656095147,1,1.274046530704651,1.274046530704651,1.0,0.22
main,v040,LOSO-nes-f2,secondary,LOSO,nested,2,B,MAPPO|mappo_nr_seed99/mappo_best.pt,MAPPO,99,T,"June 2026, current reward",8,-399.2611190055496,365.3060238055496,27.0,0.45509520000000003,6.5,204.0877627233225,203.9739889233225,0.0009910802775024777,0.0,0.0009910802775024777,0.0009910802775024777,0.02180376610505451,24,2.2834489593657086,1,1.0784934016384693,1.0784934016384693,1.0,0.22
main,v040,LOSO-nes-f2,secondary,LOSO,nested,2,B,MAPPO|mappo_nr_seed99/mappo_best.pt,MAPPO,99,T,"June 2026, current reward",9,-883.3060113243149,80.8896730489098,802.416338275405,0.0,0.0,207.2467744470471,207.2467744470471,0.04558969276511397,0.04558969276511397,0.0,0.04558969276511397,0.0,0,0.0,46,11.017915020711406,78.76542503363426,0.6814611146923226,0.22
main,v040,LOSO-nes-f2,secondary,LOSO,nested,2,B,MAPPO|mappo_seed7_20260516T092249/mappo_best.pt,MAPPO,7,L,"May 2026, pre-781c90c reward",all,-5446.122881847538,4215.753495519668,1172.7453193278702,5.499067,52.125,1963.4478116560738,1962.0730449060738,0.00624380574826561,0.0046580773042616454,0.0015857284440039642,0.00624380574826561,0.07928642220019821,290,2.759167492566898,63,16.37534369948379,506.8269331029031,0.7205001689565452,0.22
main,v040,LOSO-nes-f2,secondary,LOSO,nested,2,B,MAPPO|mappo_seed7_20260516T092249/mappo_best.pt,MAPPO,7,L,"May 2026, pre-781c90c reward",0,-814.0656545547077,803.0529165547077,0.0,1.1377380000000001,9.875,178.2755021072287,177.9910676072287,0.0,0.0,0.0,0.0,0.20812685827552033,60,5.708622398414271,0,0.0,0.0,0.0,0.22
main,v040,LOSO-nes-f2,secondary,LOSO,nested,2,B,MAPPO|mappo_seed7_20260516T092249/mappo_best.pt,MAPPO,7,L,"May 2026, pre-781c90c reward",1,-538.3654940135889,463.5631878154103,64.18004039817865,0.8722658000000001,9.75,192.4710744936196,192.2530080436196,0.002973240832507433,0.0,0.002973240832507433,0.002973240832507433,0.10406342913776016,46,4.376610505450942,3,0.8745422906869379,1.1057987904830557,0.8131115599797628,0.22
main,v040,LOSO-nes-f2,secondary,LOSO,nested,2,B,MAPPO|mappo_seed7_20260516T092249/mappo_best.pt,MAPPO,7,L,"May 2026, pre-781c90c reward",2,-307.452870285044,278.964096485044,27.0,0.11377380000000001,1.375,206.43240170065613,206.4039582506561,0.0009910802775024777,0.0,0.0009910802775024777,0.0009910802775024777,0.003964321110009911,6,0.5708622398414271,1,1.0784934016384693,1.0784934016384693,1.0,0.22
main,v040,LOSO-nes-f2,secondary,LOSO,nested,2,B,MAPPO|mappo_seed7_20260516T092249/mappo_best.pt,MAPPO,7,L,"May 2026, pre-781c90c reward",3,-164.70421167677037,137.70421167677037,27.0,0.0,0.0,207.04287516734337,207.04287516734337,0.0009910802775024777,0.0009910802775024777,0.0,0.0009910802775024777,0.0,0,0.0,1,4.943537109139514,4.943537109139514,1.0,0.22
main,v040,LOSO-nes-f2,secondary,LOSO,nested,2,B,MAPPO|mappo_seed7_20260516T092249/mappo_best.pt,MAPPO,7,L,"May 2026, pre-781c90c reward",4,-624.1724018786457,543.0538290822884,74.3600807963573,0.758492,6.0,186.35101586114638,186.1613928611464,0.003964321110009911,0.0,0.003964321110009911,0.003964321110009911,0.1466798810703667,40,3.8057482656095147,4,0.7589140407888789,1.0784934016384693,0.7196673399696443,0.22
main,v040,LOSO-nes-f2,secondary,LOSO,nested,2,B,MAPPO|mappo_seed7_20260516T092249/mappo_best.pt,MAPPO,7,L,"May 2026, pre-781c90c reward",5,-362.5148482253526,359.38560222535256,0.0,0.379246,2.75,200.31306027170788,200.21824877170786,0.0,0.0,0.0,0.0,0.05252725470763132,20,1.9028741328047574,0,0.0,0.0,0.0,0.22
main,v040,LOSO-nes-f2,secondary,LOSO,nested,2,B,MAPPO|mappo_seed7_20260516T092249/mappo_best.pt,MAPPO,7,L,"May 2026, pre-781c90c reward",6,-755.3613411417664,629.9027082820157,113.60881945975059,1.0998134,10.75,189.4013833979609,189.12643004796092,0.004955401387512388,0.0,0.004955401387512388,0.004955401387512388,0.13181367690782952,58,5.518334985133796,5,102.06987479129538,506.8269331029031,0.8573921297316707,0.22
main,v040,LOSO-nes-f2,secondary,LOSO,nested,2,B,MAPPO|mappo_seed7_20260516T092249/mappo_best.pt,MAPPO,7,L,"May 2026, pre-781c90c reward",7,-603.8113240392369,559.8236408410581,37.18004039817865,0.6826428,6.125,192.37109246129975,192.20043176129974,0.0019821605550049554,0.0,0.0019821605550049554,0.0019821605550049554,0.11793855302279485,36,3.4251734390485633,2,0.8566906053219696,1.274046530704651,0.7196673399696442,0.22
main,v040,LOSO-nes-f2,secondary,LOSO,nested,2,B,MAPPO|mappo_seed7_20260516T092249/mappo_best.pt,MAPPO,7,L,"May 2026, pre-781c90c reward",8,-392.36872470811085,359.41362950811083,27.0,0.45509520000000003,5.5,203.5426317480639,203.42885794806392,0.0009910802775024777,0.0,0.0009910802775024777,0.0009910802775024777,0.027750247770069375,24,2.2834489593657086,1,1.0784934016384693,1.0784934016384693,1.0,0.22
main,v040,LOSO-nes-f2,secondary,LOSO,nested,2,B,MAPPO|mappo_seed7_20260516T092249/mappo_best.pt,MAPPO,7,L,"May 2026, pre-781c90c reward",9,-883.3060113243149,80.8896730489098,802.416338275405,0.0,0.0,207.2467744470471,207.2467744470471,0.04558969276511397,0.04558969276511397,0.0,0.04558969276511397,0.0,0,0.0,46,11.017915020711406,78.76542503363426,0.6814611146923226,0.22
