tag,twin,world,tier,protocol,config,fold,experiment,ckpt_id,family,seed,cohorts,source,cluster,reward,energy_penalty,qos_penalty,switch_penalty,cooldown_penalty,energy_wh,energy_wh_steady,qos_violation_rate,delay_violation_rate,loss_violation_rate,qscore_below_tau_rate,usr_share,switches,switches_per_cluster_day,n_budget_violations,severity_mean,severity_max,q_shortfall_mean,seconds
main,v040,LOSO-nes-f0,secondary,LOSO,nested,0,A,Shared-PPO|wcnc2027_ablation/shared_ppo_seed77/mappo_best.pt,Shared-PPO,77,R,wcnc2027_ablation 2026-09-14 (supplementary ablation),all,-5191.257114956666,4189.300011593518,945.7796395631473,5.8024638,50.375,1960.7171783784102,1959.26656242841,0.005847373637264618,0.0037661050545094153,0.0020812685827552033,0.00356788899900892,0.08711595639246779,306,2.911397423191279,59,9.763492624862312,304.83747554532965,0.6260484354850684,0.38
main,v040,LOSO-nes-f0,secondary,LOSO,nested,0,A,Shared-PPO|wcnc2027_ablation/shared_ppo_seed77/mappo_best.pt,Shared-PPO,77,R,wcnc2027_ablation 2026-09-14 (supplementary ablation),0,-832.8165405213255,793.1521041213255,27.0,1.2894364,11.375,176.9557520649508,176.63339296495076,0.0009910802775024777,0.0,0.0009910802775024777,0.0009910802775024777,0.22893954410307235,68,6.469772051536175,1,1.4213917743330218,1.4213917743330218,1.0,0.38
main,v040,LOSO-nes-f0,secondary,LOSO,nested,0,A,Shared-PPO|wcnc2027_ablation/shared_ppo_seed77/mappo_best.pt,Shared-PPO,77,R,wcnc2027_ablation 2026-09-14 (supplementary ablation),1,-544.9464316698306,455.61209046983066,81.0,0.8343412000000001,7.5,191.56511722712713,191.35653192712712,0.002973240832507433,0.0,0.002973240832507433,0.002973240832507433,0.12190287413280476,44,4.186323092170466,3,1.3845715880624054,1.4213917743330218,1.0,0.38
main,v040,LOSO-nes-f0,secondary,LOSO,nested,0,A,Shared-PPO|wcnc2027_ablation/shared_ppo_seed77/mappo_best.pt,Shared-PPO,77,R,wcnc2027_ablation 2026-09-14 (supplementary ablation),2,-361.39806893385673,277.95844593385675,81.0,0.189623,2.25,206.5149918799517,206.4675861299517,0.002973240832507433,0.0,0.002973240832507433,0.002973240832507433,0.006937561942517344,10,0.9514370664023787,3,1.3864290202028844,1.4213917743330218,1.0,0.38
main,v040,LOSO-nes-f0,secondary,LOSO,nested,0,A,Shared-PPO|wcnc2027_ablation/shared_ppo_seed77/mappo_best.pt,Shared-PPO,77,R,wcnc2027_ablation 2026-09-14 (supplementary ablation),3,-164.84558623109876,137.84558623109876,27.0,0.0,0.0,207.2423125911026,207.2423125911026,0.0009910802775024777,0.0009910802775024777,0.0,0.0009910802775024777,0.0,0,0.0,1,3.2475083125733666,3.2475083125733666,1.0,0.38
main,v040,LOSO-nes-f0,secondary,LOSO,nested,0,A,Shared-PPO|wcnc2027_ablation/shared_ppo_seed77/mappo_best.pt,Shared-PPO,77,R,wcnc2027_ablation 2026-09-14 (supplementary ablation),4,-655.8883208825782,543.3306780825783,108.0,0.6826428,3.875,186.5311984042363,186.3605377042363,0.003964321110009911,0.0,0.003964321110009911,0.003964321110009911,0.14965312190287414,36,3.4251734390485633,4,1.3922255235189482,1.4213917743330218,1.0,0.38
main,v040,LOSO-nes-f0,secondary,LOSO,nested,0,A,Shared-PPO|wcnc2027_ablation/shared_ppo_seed77/mappo_best.pt,Shared-PPO,77,R,wcnc2027_ablation 2026-09-14 (supplementary ablation),5,-388.0047403034688,356.51172050346884,27.0,0.4930198,4.0,200.04008741966786,199.91683246966784,0.0009910802775024777,0.0,0.0009910802775024777,0.0009910802775024777,0.061446977205153616,26,2.4737363726461843,1,1.4213917743330218,1.4213917743330218,1.0,0.38
main,v040,LOSO-nes-f0,secondary,LOSO,nested,0,A,Shared-PPO|wcnc2027_ablation/shared_ppo_seed77/mappo_best.pt,Shared-PPO,77,R,wcnc2027_ablation 2026-09-14 (supplementary ablation),6,-749.2284127781987,627.3601860150515,108.7796395631473,1.2135872,11.875,189.06522259240165,188.76182579240165,0.004955401387512388,0.0,0.004955401387512388,0.004955401387512388,0.14073339940535184,64,6.089197224975224,5,61.81052826977651,304.83747554532965,0.8251975970876486,0.38
main,v040,LOSO-nes-f0,secondary,LOSO,nested,0,A,Shared-PPO|wcnc2027_ablation/shared_ppo_seed77/mappo_best.pt,Shared-PPO,77,R,wcnc2027_ablation 2026-09-14 (supplementary ablation),7,-645.1372682167441,557.9546254167442,81.0,0.6826428,5.5,192.1262307476416,191.95557004764163,0.002973240832507433,0.0,0.002973240832507433,0.002973240832507433,0.1278493557978196,36,3.4251734390485633,3,1.4058731874122667,1.4213917743330218,1.0,0.38
main,v040,LOSO-nes-f0,secondary,LOSO,nested,0,A,Shared-PPO|wcnc2027_ablation/shared_ppo_seed77/mappo_best.pt,Shared-PPO,77,R,wcnc2027_ablation 2026-09-14 (supplementary ablation),8,-390.0458374666206,358.62866686662056,27.0,0.4171706,4.0,203.3982769959708,203.2939843459708,0.0009910802775024777,0.0,0.0009910802775024777,0.0009910802775024777,0.03369672943508424,22,2.093161546085233,1,1.363059272704875,1.363059272704875,1.0,0.38
main,v040,LOSO-nes-f0,secondary,LOSO,nested,0,A,Shared-PPO|wcnc2027_ablation/shared_ppo_seed77/mappo_best.pt,Shared-PPO,77,R,wcnc2027_ablation 2026-09-14 (supplementary ablation),9,-458.94590795294357,80.94590795294356,378.0,0.0,0.0,207.27798845535966,207.27798845535966,0.036669970267591674,0.036669970267591674,0.0,0.013875123885034688,0.0,0,0.0,37,6.525420240620031,71.8121952661898,0.42732080292380503,0.38
main,v040,LOSO-nes-f0,secondary,LOSO,nested,0,A,MAPPO|wcnc2027_ablation/mappo_seed99/mappo_best.pt,MAPPO,99,R,wcnc2027_ablation 2026-09-14,all,-5072.721134118549,4211.757050555401,810.7796395631473,5.309444000000001,44.875,1964.1746195088267,1962.8472585088266,0.005351833498513379,0.0037661050545094153,0.0015857284440039642,0.003072348860257681,0.08156590683845391,280,2.66402378592666,54,10.536989601793323,304.83747554532965,0.5914232906225746,0.38
main,v040,LOSO-nes-f0,secondary,LOSO,nested,0,A,MAPPO|wcnc2027_ablation/mappo_seed99/mappo_best.pt,MAPPO,99,R,wcnc2027_ablation 2026-09-14,0,-808.4502393969449,798.3504259969449,0.0,1.0998134,9.0,177.73406185115448,177.4591085011545,0.0,0.0,0.0,0.0,0.2180376610505451,58,5.518334985133796,0,0.0,0.0,0.0,0.38
main,v040,LOSO-nes-f0,secondary,LOSO,nested,0,A,MAPPO|wcnc2027_ablation/mappo_seed99/mappo_best.pt,MAPPO,99,R,wcnc2027_ablation 2026-09-14,1,-521.4557233503232,459.90930675032325,54.0,0.7964166,6.75,192.18813374840425,191.98902959840424,0.0019821605550049554,0.0,0.0019821605550049554,0.0019821605550049554,0.11000991080277503,42,3.9960356788899905,2,1.3953277457411706,1.4213917743330218,1.0,0.38
main,v040,LOSO-nes-f0,secondary,LOSO,nested,0,A,MAPPO|wcnc2027_ablation/mappo_seed99/mappo_best.pt,MAPPO,99,R,wcnc2027_ablation 2026-09-14,2,-336.6522329584333,280.5005345584333,54.0,0.1516984,2.0,206.76400631031203,206.726081710312,0.0019821605550049554,0.0,0.0019821605550049554,0.0019821605550049554,0.003964321110009911,8,0.761149653121903,2,1.368947643137816,1.3748360135707571,1.0,0.38
main,v040,LOSO-nes-f0,secondary,LOSO,nested,0,A,MAPPO|wcnc2027_ablation/mappo_seed99/mappo_best.pt,MAPPO,99,R,wcnc2027_ablation 2026-09-14,3,-164.84558623109876,137.84558623109876,27.0,0.0,0.0,207.2423125911026,207.2423125911026,0.0009910802775024777,0.0009910802775024777,0.0,0.0009910802775024777,0.0,0,0.0,1,3.2475083125733666,3.2475083125733666,1.0,0.38
main,v040,LOSO-nes-f0,secondary,LOSO,nested,0,A,MAPPO|wcnc2027_ablation/mappo_seed99/mappo_best.pt,MAPPO,99,R,wcnc2027_ablation 2026-09-14,4,-655.5939535324077,541.8733861324076,108.0,0.7205674,5.0,186.41490185465153,186.23476000465155,0.003964321110009911,0.0,0.003964321110009911,0.003964321110009911,0.14965312190287414,38,3.615460852329039,4,1.3922255235189482,1.4213917743330218,1.0,0.38
main,v040,LOSO-nes-f0,secondary,LOSO,nested,0,A,MAPPO|wcnc2027_ablation/mappo_seed99/mappo_best.pt,MAPPO,99,R,wcnc2027_ablation 2026-09-14,5,-364.37868643369734,362.5752896336973,0.0,0.3033968,1.5,200.80762147231735,200.73177227231736,0.0,0.0,0.0,0.0,0.05054509415262636,16,1.522299306243806,0,0.0,0.0,0.0,0.38
main,v040,LOSO-nes-f0,secondary,LOSO,nested,0,A,MAPPO|wcnc2027_ablation/mappo_seed99/mappo_best.pt,MAPPO,99,R,wcnc2027_ablation 2026-09-14,6,-751.1853638175699,630.5179862544225,108.7796395631473,1.1377380000000001,10.75,189.61969345136828,189.3352589513683,0.004955401387512388,0.0,0.004955401387512388,0.004955401387512388,0.13280475718533202,60,5.708622398414271,5,61.81052826977651,304.83747554532965,0.8251975970876486,0.38
main,v040,LOSO-nes-f0,secondary,LOSO,nested,0,A,MAPPO|wcnc2027_ablation/mappo_seed99/mappo_best.pt,MAPPO,99,R,wcnc2027_ablation 2026-09-14,7,-619.9369032985717,560.0042604985716,54.0,0.6826428,5.25,192.4865004419048,192.31583974190482,0.0019821605550049554,0.0,0.0019821605550049554,0.0019821605550049554,0.12091179385530228,36,3.4251734390485633,2,1.3981138939518893,1.4213917743330218,1.0,0.38
main,v040,LOSO-nes-f0,secondary,LOSO,nested,0,A,MAPPO|wcnc2027_ablation/mappo_seed99/mappo_best.pt,MAPPO,99,R,wcnc2027_ablation 2026-09-14,8,-391.27653714655924,359.2343665465592,27.0,0.41717060000000006,4.625,203.6393993322518,203.53510668225178,0.0009910802775024777,0.0,0.0009910802775024777,0.0009910802775024777,0.02973240832507433,22,2.093161546085233,1,1.363059272704875,1.363059272704875,1.0,0.38
main,v040,LOSO-nes-f0,secondary,LOSO,nested,0,A,MAPPO|wcnc2027_ablation/mappo_seed99/mappo_best.pt,MAPPO,99,R,wcnc2027_ablation 2026-09-14,9,-458.94590795294357,80.94590795294356,378.0,0.0,0.0,207.27798845535966,207.27798845535966,0.036669970267591674,0.036669970267591674,0.0,0.013875123885034688,0.0,0,0.0,37,6.525420240620031,71.8121952661898,0.42732080292380503,0.38
main,v040,LOSO-nes-f0,secondary,LOSO,nested,0,A,Centralized PPO|wcnc2027_ablation/central_seed99/ppo_multi_site.zip,Centralized PPO,99,R,wcnc2027_ablation 2026-09-14,all,-16145.724460839006,5654.840922861703,10457.276454977302,3.982083,29.625,2122.3109400296075,2121.315419279608,0.04271555996035679,0.019722497522299307,0.03894945490584737,0.04043607532210109,0.11853320118929633,209,1.9885034687809713,431,117.17394222316027,2384.262057332388,0.907625873644449,0.79
main,v040,LOSO-nes-f0,secondary,LOSO,nested,0,A,Centralized PPO|wcnc2027_ablation/central_seed99/ppo_multi_site.zip,Centralized PPO,99,R,wcnc2027_ablation 2026-09-14,0,-4610.028752303417,813.747481115539,3776.059191987878,1.9720792,18.25,202.06105790911806,201.56803810911808,0.14866204162537167,0.024777006937561942,0.14866204162537167,0.14866204162537167,0.7770069375619425,103,9.7998017839445,150,20.02527508628143,1603.7432307830027,0.9391242648861949,0.79
main,v040,LOSO-nes-f0,secondary,LOSO,nested,0,A,Centralized PPO|wcnc2027_ablation/central_seed99/ppo_multi_site.zip,Centralized PPO,99,R,wcnc2027_ablation 2026-09-14,1,-869.3226350929075,869.3226350929075,0.0,0.0,0.0,207.06233983456252,207.06233983456252,0.0,0.0,0.0,0.0,0.0,0,0.0,0,0.0,0.0,0.0,0.79
main,v040,LOSO-nes-f0,secondary,LOSO,nested,0,A,Centralized PPO|wcnc2027_ablation/central_seed99/ppo_multi_site.zip,Centralized PPO,99,R,wcnc2027_ablation 2026-09-14,2,-285.3978943212564,285.3978943212564,0.0,0.0,0.0,207.1596652387821,207.1596652387821,0.0,0.0,0.0,0.0,0.0,0,0.0,0,0.0,0.0,0.0,0.79
main,v040,LOSO-nes-f0,secondary,LOSO,nested,0,A,Centralized PPO|wcnc2027_ablation/central_seed99/ppo_multi_site.zip,Centralized PPO,99,R,wcnc2027_ablation 2026-09-14,3,-164.84558623109876,137.84558623109876,27.0,0.0,0.0,207.2423125911026,207.2423125911026,0.0009910802775024777,0.0009910802775024777,0.0,0.0009910802775024777,0.0,0,0.0,1,3.2475083125733666,3.2475083125733666,1.0,0.79
main,v040,LOSO-nes-f0,secondary,LOSO,nested,0,A,Centralized PPO|wcnc2027_ablation/central_seed99/ppo_multi_site.zip,Centralized PPO,99,R,wcnc2027_ablation 2026-09-14,4,-1861.5222515904545,967.9197039904545,891.0,0.22754760000000002,2.375,218.7360959285993,218.6792090285993,0.03270564915758176,0.026759167492566897,0.03270564915758176,0.03270564915758176,0.026759167492566897,12,1.1417244796828543,33,404.6928176764879,1603.7432307830027,1.0,0.79
main,v040,LOSO-nes-f0,secondary,LOSO,nested,0,A,Centralized PPO|wcnc2027_ablation/central_seed99/ppo_multi_site.zip,Centralized PPO,99,R,wcnc2027_ablation 2026-09-14,5,-443.50485080580836,443.50485080580836,0.0,0.0,0.0,207.11606339401706,207.11606339401706,0.0,0.0,0.0,0.0,0.0,0,0.0,0,0.0,0.0,0.0,0.79
main,v040,LOSO-nes-f0,secondary,LOSO,nested,0,A,Centralized PPO|wcnc2027_ablation/central_seed99/ppo_multi_site.zip,Centralized PPO,99,R,wcnc2027_ablation 2026-09-14,6,-956.8470664123463,956.8470664123463,0.0,0.0,0.0,206.98977289917428,206.98977289917428,0.0,0.0,0.0,0.0,0.0,0,0.0,0,0.0,0.0,0.0,0.79
main,v040,LOSO-nes-f0,secondary,LOSO,nested,0,A,Centralized PPO|wcnc2027_ablation/central_seed99/ppo_multi_site.zip,Centralized PPO,99,R,wcnc2027_ablation 2026-09-14,7,-2919.69831197844,691.9348285627035,2217.8981978157362,1.3652856,8.5,218.0122588581138,217.6709374581138,0.08622398414271557,0.03369672943508424,0.08622398414271557,0.08622398414271557,0.18830525272547077,72,6.850346878097127,87,44.80087147548761,1603.7432307830027,0.9497694244504737,0.79
main,v040,LOSO-nes-f0,secondary,LOSO,nested,0,A,Centralized PPO|wcnc2027_ablation/central_seed99/ppo_multi_site.zip,Centralized PPO,99,R,wcnc2027_ablation 2026-09-14,8,-3575.611204150334,407.3749683766445,3167.319065173689,0.4171706,0.5,240.65338492077834,240.54909227077835,0.12190287413280476,0.07433102081268583,0.12190287413280476,0.12190287413280476,0.19326065411298315,22,2.093161546085233,123,243.9101705392913,2384.262057332388,0.9583520501825716,0.79
main,v040,LOSO-nes-f0,secondary,LOSO,nested,0,A,Centralized PPO|wcnc2027_ablation/central_seed99/ppo_multi_site.zip,Centralized PPO,99,R,wcnc2027_ablation 2026-09-14,9,-458.94590795294357,80.94590795294356,378.0,0.0,0.0,207.27798845535966,207.27798845535966,0.036669970267591674,0.036669970267591674,0.0,0.013875123885034688,0.0,0,0.0,37,6.525420240620031,71.8121952661898,0.42732080292380503,0.79
main,v040,LOSO-nes-f0,secondary,LOSO,nested,0,A,Shared-PPO|wcnc2027_ablation/shared_ppo_seed99/mappo_best.pt,Shared-PPO,99,R,wcnc2027_ablation 2026-09-14 (supplementary ablation),all,-5193.04768882473,4165.979545861583,945.7796395631473,6.7885034,74.5,1958.8503687263435,1957.1532428763435,0.005847373637264618,0.0037661050545094153,0.0020812685827552033,0.00356788899900892,0.08751238850346878,358,3.4061446977205154,59,9.760403372536254,304.83747554532965,0.6260484354850684,0.38
main,v040,LOSO-nes-f0,secondary,LOSO,nested,0,A,Shared-PPO|wcnc2027_ablation/shared_ppo_seed99/mappo_best.pt,Shared-PPO,99,R,wcnc2027_ablation 2026-09-14 (supplementary ablation),0,-805.8192374410801,785.4764042410801,0.0,1.5928332,18.75,176.37875543718343,175.98054713718346,0.0,0.0,0.0,0.0,0.2309217046580773,84,7.992071357779981,0,0.0,0.0,0.0,0.38
main,v040,LOSO-nes-f0,secondary,LOSO,nested,0,A,Shared-PPO|wcnc2027_ablation/shared_ppo_seed99/mappo_best.pt,Shared-PPO,99,R,wcnc2027_ablation 2026-09-14 (supplementary ablation),1,-546.1542435522363,453.7061285522363,81.0,0.948115,10.5,191.40932109991684,191.17229234991686,0.002973240832507433,0.0,0.002973240832507433,0.002973240832507433,0.1199207135777998,50,4.757185332011893,3,1.3845715880624054,1.4213917743330218,1.0,0.38
main,v040,LOSO-nes-f0,secondary,LOSO,nested,0,A,Shared-PPO|wcnc2027_ablation/shared_ppo_seed99/mappo_best.pt,Shared-PPO,99,R,wcnc2027_ablation 2026-09-14 (supplementary ablation),2,-334.53298486356755,277.55543726356757,54.0,0.22754760000000002,2.75,206.45248368246945,206.39559678246943,0.0019821605550049554,0.0,0.0019821605550049554,0.0019821605550049554,0.007928642220019821,12,1.1417244796828543,2,1.368947643137816,1.3748360135707571,1.0,0.38
main,v040,LOSO-nes-f0,secondary,LOSO,nested,0,A,Shared-PPO|wcnc2027_ablation/shared_ppo_seed99/mappo_best.pt,Shared-PPO,99,R,wcnc2027_ablation 2026-09-14 (supplementary ablation),3,-164.84558623109876,137.84558623109876,27.0,0.0,0.0,207.2423125911026,207.2423125911026,0.0009910802775024777,0.0009910802775024777,0.0,0.0009910802775024777,0.0,0,0.0,1,3.2475083125733666,3.2475083125733666,1.0,0.38
main,v040,LOSO-nes-f0,secondary,LOSO,nested,0,A,Shared-PPO|wcnc2027_ablation/shared_ppo_seed99/mappo_best.pt,Shared-PPO,99,R,wcnc2027_ablation 2026-09-14 (supplementary ablation),4,-656.9525767479474,541.4061601479475,108.0,0.7964166,6.75,186.4174157740424,186.2183116240424,0.003964321110009911,0.0,0.003964321110009911,0.003964321110009911,0.14866204162537167,42,3.9960356788899905,4,1.3922255235189482,1.4213917743330218,1.0,0.38
main,v040,LOSO-nes-f0,secondary,LOSO,nested,0,A,Shared-PPO|wcnc2027_ablation/shared_ppo_seed99/mappo_best.pt,Shared-PPO,99,R,wcnc2027_ablation 2026-09-14 (supplementary ablation),5,-415.17748451749793,355.1086155174979,54.0,0.5688690000000001,5.5,199.92413802592,199.78192077592,0.0019821605550049554,0.0,0.0019821605550049554,0.0019821605550049554,0.062438057482656094,30,2.8543111992071357,2,1.3922255235189485,1.4213917743330218,1.0,0.38
main,v040,LOSO-nes-f0,secondary,LOSO,nested,0,A,Shared-PPO|wcnc2027_ablation/shared_ppo_seed99/mappo_best.pt,Shared-PPO,99,R,wcnc2027_ablation 2026-09-14 (supplementary ablation),6,-749.071145776843,623.5891452136957,108.7796395631473,1.327361,15.375,188.77882014189893,188.44697989189893,0.004955401387512388,0.0,0.004955401387512388,0.004955401387512388,0.14073339940535184,70,6.6600594648166505,5,61.81052826977651,304.83747554532965,0.8251975970876486,0.38
main,v040,LOSO-nes-f0,secondary,LOSO,nested,0,A,Shared-PPO|wcnc2027_ablation/shared_ppo_seed99/mappo_best.pt,Shared-PPO,99,R,wcnc2027_ablation 2026-09-14 (supplementary ablation),7,-644.407821342075,554.7364047420749,81.0,0.7964166,7.875,191.76154186086578,191.56243771086574,0.002973240832507433,0.0,0.002973240832507433,0.002973240832507433,0.13082259663032705,42,3.9960356788899905,3,1.3840062260852377,1.4213917743330218,1.0,0.38
main,v040,LOSO-nes-f0,secondary,LOSO,nested,0,A,Shared-PPO|wcnc2027_ablation/shared_ppo_seed99/mappo_best.pt,Shared-PPO,99,R,wcnc2027_ablation 2026-09-14 (supplementary ablation),8,-417.1407003994411,355.60975599944106,54.0,0.5309444,7.0,203.20759165758437,203.07485555758436,0.0019821605550049554,0.0,0.0019821605550049554,0.0019821605550049554,0.03369672943508424,28,2.66402378592666,2,1.363059272704875,1.363059272704875,1.0,0.38
main,v040,LOSO-nes-f0,secondary,LOSO,nested,0,A,Shared-PPO|wcnc2027_ablation/shared_ppo_seed99/mappo_best.pt,Shared-PPO,99,R,wcnc2027_ablation 2026-09-14 (supplementary ablation),9,-458.94590795294357,80.94590795294356,378.0,0.0,0.0,207.27798845535966,207.27798845535966,0.036669970267591674,0.036669970267591674,0.0,0.013875123885034688,0.0,0,0.0,37,6.525420240620031,71.8121952661898,0.42732080292380503,0.38
main,v040,LOSO-nes-f0,secondary,LOSO,nested,0,A,MAPPO|mappo_seed1_20260517T110908/mappo_best.pt,MAPPO,1,P,"May 2026, pre-781c90c reward",all,-5063.000268590191,4298.047411227044,702.7796395631473,5.4232178,56.75,1975.4079273213565,1974.0521228713565,0.004955401387512388,0.0037661050545094153,0.0011892963330029733,0.0026759167492566896,0.06848364717542121,286,2.721110009910803,50,11.268099658420638,304.83747554532965,0.5587371538723805,0.38
main,v040,LOSO-nes-f0,secondary,LOSO,nested,0,A,MAPPO|mappo_seed1_20260517T110908/mappo_best.pt,MAPPO,1,P,"May 2026, pre-781c90c reward",0,-831.8751299506517,819.9003165506516,0.0,1.0998134000000002,10.875,180.56101609736493,180.28606274736492,0.0,0.0,0.0,0.0,0.18533201189296333,58,5.518334985133796,0,0.0,0.0,0.0,0.38
main,v040,LOSO-nes-f0,secondary,LOSO,nested,0,A,MAPPO|mappo_seed1_20260517T110908/mappo_best.pt,MAPPO,1,P,"May 2026, pre-781c90c reward",1,-535.1569985937074,473.27350659370734,54.0,0.758492,7.125,193.7647244422046,193.5751014422046,0.0019821605550049554,0.0,0.0019821605550049554,0.0019821605550049554,0.0931615460852329,40,3.8057482656095147,2,1.3953277457411706,1.4213917743330218,1.0,0.38
main,v040,LOSO-nes-f0,secondary,LOSO,nested,0,A,MAPPO|mappo_seed1_20260517T110908/mappo_best.pt,MAPPO,1,P,"May 2026, pre-781c90c reward",2,-309.0417344519466,280.4279606519466,27.0,0.11377380000000001,1.5,206.797951031916,206.769507581916,0.0009910802775024777,0.0,0.0009910802775024777,0.0009910802775024777,0.002973240832507433,6,0.5708622398414271,1,1.363059272704875,1.363059272704875,1.0,0.38
main,v040,LOSO-nes-f0,secondary,LOSO,nested,0,A,MAPPO|mappo_seed1_20260517T110908/mappo_best.pt,MAPPO,1,P,"May 2026, pre-781c90c reward",3,-164.84558623109876,137.84558623109876,27.0,0.0,0.0,207.2423125911026,207.2423125911026,0.0009910802775024777,0.0009910802775024777,0.0,0.0009910802775024777,0.0,0,0.0,1,3.2475083125733666,3.2475083125733666,1.0,0.38
main,v040,LOSO-nes-f0,secondary,LOSO,nested,0,A,MAPPO|mappo_seed1_20260517T110908/mappo_best.pt,MAPPO,1,P,"May 2026, pre-781c90c reward",4,-650.7198612980378,558.9725954980378,81.0,0.8722658000000001,9.875,188.57506666494083,188.35700021494083,0.002973240832507433,0.0,0.002973240832507433,0.002973240832507433,0.12586719524281467,46,4.376610505450942,3,1.382503439914257,1.4213917743330218,1.0,0.38
main,v040,LOSO-nes-f0,secondary,LOSO,nested,0,A,MAPPO|mappo_seed1_20260517T110908/mappo_best.pt,MAPPO,1,P,"May 2026, pre-781c90c reward",5,-367.02242825150404,364.181106851504,0.0,0.3413214,2.5,201.12564538044938,201.04031503044936,0.0,0.0,0.0,0.0,0.04658077304261645,18,1.7125867195242817,0,0.0,0.0,0.0,0.38
main,v040,LOSO-nes-f0,secondary,LOSO,nested,0,A,MAPPO|mappo_seed1_20260517T110908/mappo_best.pt,MAPPO,1,P,"May 2026, pre-781c90c reward",6,-737.0797806702778,640.3744785071306,81.7796395631473,1.1756626,13.75,191.15591911825868,190.86200346825865,0.003964321110009911,0.0,0.003964321110009911,0.003964321110009911,0.11298315163528246,62,5.898909811694748,4,76.92239551904441,304.83747554532965,0.7814969963595608,0.38
main,v040,LOSO-nes-f0,secondary,LOSO,nested,0,A,MAPPO|mappo_seed1_20260517T110908/mappo_best.pt,MAPPO,1,P,"May 2026, pre-781c90c reward",7,-606.9394214145957,574.1697032145958,27.0,0.6447182,5.125,194.28496524243084,194.12378569243086,0.0009910802775024777,0.0,0.0009910802775024777,0.0009910802775024777,0.09910802775024777,34,3.2348860257680876,1,1.363059272704875,1.363059272704875,1.0,0.38
main,v040,LOSO-nes-f0,secondary,LOSO,nested,0,A,MAPPO|mappo_seed1_20260517T110908/mappo_best.pt,MAPPO,1,P,"May 2026, pre-781c90c reward",8,-401.37341977542735,367.9562491754274,27.0,0.41717060000000006,6.0,204.62233829732895,204.51804564732896,0.0009910802775024777,0.0,0.0009910802775024777,0.0009910802775024777,0.018830525272547076,22,2.093161546085233,1,1.363059272704875,1.363059272704875,1.0,0.38
main,v040,LOSO-nes-f0,secondary,LOSO,nested,0,A,MAPPO|mappo_seed1_20260517T110908/mappo_best.pt,MAPPO,1,P,"May 2026, pre-781c90c reward",9,-458.94590795294357,80.94590795294356,378.0,0.0,0.0,207.27798845535966,207.27798845535966,0.036669970267591674,0.036669970267591674,0.0,0.013875123885034688,0.0,0,0.0,37,6.525420240620031,71.8121952661898,0.42732080292380503,0.38
main,v040,LOSO-nes-f0,secondary,LOSO,nested,0,A,MAPPO|mappo_seed7_20260517T003433/mappo_best.pt,MAPPO,7,P,"May 2026, pre-781c90c reward",all,-5173.373065577698,4224.38228361455,891.7796395631473,5.4611424,51.75,1965.0566440411985,1963.6913584411982,0.005649157581764123,0.0037661050545094153,0.0018830525272547076,0.0033696729435084244,0.08136769078295342,288,2.7401387512388506,57,10.054967931152918,304.83747554532965,0.6129273279582287,0.38
main,v040,LOSO-nes-f0,secondary,LOSO,nested,0,A,MAPPO|mappo_seed7_20260517T003433/mappo_best.pt,MAPPO,7,P,"May 2026, pre-781c90c reward",0,-811.2896688808996,800.9398554808997,0.0,1.0998134000000002,9.25,177.9541897785632,177.6792364285632,0.0,0.0,0.0,0.0,0.21704658077304262,58,5.518334985133796,0,0.0,0.0,0.0,0.38
main,v040,LOSO-nes-f0,secondary,LOSO,nested,0,A,MAPPO|mappo_seed7_20260517T003433/mappo_best.pt,MAPPO,7,P,"May 2026, pre-781c90c reward",1,-546.8945874119825,459.1740200119823,81.0,0.7205674,6.0,191.97623471427696,191.79609286427697,0.002973240832507433,0.0,0.002973240832507433,0.002973240832507433,0.1159563924677899,38,3.615460852329039,3,1.3845715880624054,1.4213917743330218,1.0,0.38
main,v040,LOSO-nes-f0,secondary,LOSO,nested,0,A,MAPPO|mappo_seed7_20260517T003433/mappo_best.pt,MAPPO,7,P,"May 2026, pre-781c90c reward",2,-309.9177478894165,281.3039740894165,27.0,0.11377380000000001,1.5,206.8450262037319,206.8165827537319,0.0009910802775024777,0.0,0.0009910802775024777,0.0009910802775024777,0.002973240832507433,6,0.5708622398414271,1,1.363059272704875,1.363059272704875,1.0,0.38
main,v040,LOSO-nes-f0,secondary,LOSO,nested,0,A,MAPPO|mappo_seed7_20260517T003433/mappo_best.pt,MAPPO,7,P,"May 2026, pre-781c90c reward",3,-164.84558623109876,137.84558623109876,27.0,0.0,0.0,207.2423125911026,207.2423125911026,0.0009910802775024777,0.0009910802775024777,0.0,0.0009910802775024777,0.0,0,0.0,1,3.2475083125733666,3.2475083125733666,1.0,0.38
main,v040,LOSO-nes-f0,secondary,LOSO,nested,0,A,MAPPO|mappo_seed7_20260517T003433/mappo_best.pt,MAPPO,7,P,"May 2026, pre-781c90c reward",4,-688.4783995004324,544.5569829004323,135.0,0.7964166,8.125,186.637057282478,186.43795313247801,0.004955401387512388,0.0,0.004955401387512388,0.004955401387512388,0.1466798810703667,42,3.9960356788899905,5,1.398058773681763,1.4213917743330218,1.0,0.38
main,v040,LOSO-nes-f0,secondary,LOSO,nested,0,A,MAPPO|mappo_seed7_20260517T003433/mappo_best.pt,MAPPO,7,P,"May 2026, pre-781c90c reward",5,-389.8771326110009,359.87288661100087,27.0,0.379246,2.625,200.47674995390807,200.38193845390805,0.0009910802775024777,0.0,0.0009910802775024777,0.0009910802775024777,0.05550049554013875,20,1.9028741328047574,1,1.363059272704875,1.363059272704875,1.0,0.38
main,v040,LOSO-nes-f0,secondary,LOSO,nested,0,A,MAPPO|mappo_seed7_20260517T003433/mappo_best.pt,MAPPO,7,P,"May 2026, pre-781c90c reward",6,-755.779180800039,634.2368032368917,108.7796395631473,1.1377380000000001,11.625,190.02977876698955,189.74534426698955,0.004955401387512388,0.0,0.004955401387512388,0.004955401387512388,0.1288404360753221,60,5.708622398414271,5,61.81052826977651,304.83747554532965,0.8251975970876486,0.38
main,v040,LOSO-nes-f0,secondary,LOSO,nested,0,A,MAPPO|mappo_seed7_20260517T003433/mappo_best.pt,MAPPO,7,P,"May 2026, pre-781c90c reward",7,-628.3965264087373,567.0509590087372,54.0,0.7205674,6.625,193.07434670547957,192.8942048554796,0.0019821605550049554,0.0,0.0019821605550049554,0.0019821605550049554,0.1159563924677899,38,3.615460852329039,2,1.3981138939518893,1.4213917743330218,1.0,0.38
main,v040,LOSO-nes-f0,secondary,LOSO,nested,0,A,MAPPO|mappo_seed7_20260517T003433/mappo_best.pt,MAPPO,7,P,"May 2026, pre-781c90c reward",8,-418.9483278911479,358.45530809114786,54.0,0.4930198,6.0,203.54295958930885,203.41970463930886,0.0019821605550049554,0.0,0.0019821605550049554,0.0019821605550049554,0.030723488602576808,26,2.4737363726461843,2,1.363059272704875,1.363059272704875,1.0,0.38
main,v040,LOSO-nes-f0,secondary,LOSO,nested,0,A,MAPPO|mappo_seed7_20260517T003433/mappo_best.pt,MAPPO,7,P,"May 2026, pre-781c90c reward",9,-458.94590795294357,80.94590795294356,378.0,0.0,0.0,207.27798845535966,207.27798845535966,0.036669970267591674,0.036669970267591674,0.0,0.013875123885034688,0.0,0,0.0,37,6.525420240620031,71.8121952661898,0.42732080292380503,0.38
main,v040,LOSO-nes-f0,secondary,LOSO,nested,0,A,MAPPO|mappo_seed13_20260517T003433/mappo_best.pt,MAPPO,13,P,"May 2026, pre-781c90c reward",all,-5374.981456181589,4081.6745394184413,1215.7796395631472,6.9022772,70.625,1947.8605934928155,1946.1350241928153,0.006838453914767096,0.0037661050545094153,0.003072348860257681,0.0045589692765113975,0.1016848364717542,364,3.463230921704658,69,12.911634051337376,304.83747554532965,0.6802443144002759,0.38
main,v040,LOSO-nes-f0,secondary,LOSO,nested,0,A,MAPPO|mappo_seed13_20260517T003433/mappo_best.pt,MAPPO,13,P,"May 2026, pre-781c90c reward",0,-832.4958706200443,761.1038866200442,54.0,1.516984,15.875,173.01176473841895,172.63251873841895,0.0019821605550049554,0.0,0.0019821605550049554,0.0019821605550049554,0.27353815659068387,80,7.6114965312190295,2,1.3922255235189485,1.4213917743330218,1.0,0.38
main,v040,LOSO-nes-f0,secondary,LOSO,nested,0,A,MAPPO|mappo_seed13_20260517T003433/mappo_best.pt,MAPPO,13,P,"May 2026, pre-781c90c reward",1,-531.9472782741053,443.40086167410533,81.0,0.7964166,6.75,189.9168591126585,189.7177549626585,0.002973240832507433,0.0,0.002973240832507433,0.002973240832507433,0.13974231912784935,42,3.9960356788899905,3,1.3845715880624054,1.4213917743330218,1.0,0.38
main,v040,LOSO-nes-f0,secondary,LOSO,nested,0,A,MAPPO|mappo_seed13_20260517T003433/mappo_best.pt,MAPPO,13,P,"May 2026, pre-781c90c reward",2,-388.22892509236584,276.8384528923658,108.0,0.26547220000000005,3.125,206.361323380947,206.29495533094698,0.003964321110009911,0.0,0.003964321110009911,0.003964321110009911,0.009910802775024777,14,1.33201189296333,4,1.395169708735419,1.4213917743330218,1.0,0.38
main,v040,LOSO-nes-f0,secondary,LOSO,nested,0,A,MAPPO|mappo_seed13_20260517T003433/mappo_best.pt,MAPPO,13,P,"May 2026, pre-781c90c reward",3,-164.84558623109876,137.84558623109876,27.0,0.0,0.0,207.2423125911026,207.2423125911026,0.0009910802775024777,0.0009910802775024777,0.0,0.0009910802775024777,0.0,0,0.0,1,3.2475083125733666,3.2475083125733666,1.0,0.38
main,v040,LOSO-nes-f0,secondary,LOSO,nested,0,A,MAPPO|mappo_seed13_20260517T003433/mappo_best.pt,MAPPO,13,P,"May 2026, pre-781c90c reward",4,-672.8771878673883,532.8195450673884,135.0,0.6826428,4.375,185.20021935103708,185.02955865103706,0.004955401387512388,0.0,0.004955401387512388,0.004955401387512388,0.1645193260654113,36,3.4251734390485633,5,1.398058773681763,1.4213917743330218,1.0,0.38
main,v040,LOSO-nes-f0,secondary,LOSO,nested,0,A,MAPPO|mappo_seed13_20260517T003433/mappo_best.pt,MAPPO,13,P,"May 2026, pre-781c90c reward",5,-435.0693233478904,347.5875297478904,81.0,0.6067936,5.875,198.9813889130204,198.8296905130204,0.002973240832507433,0.0,0.002973240832507433,0.002973240832507433,0.07631318136769079,32,3.044598612487612,3,1.382503439914257,1.4213917743330218,1.0,0.38
main,v040,LOSO-nes-f0,secondary,LOSO,nested,0,A,MAPPO|mappo_seed13_20260517T003433/mappo_best.pt,MAPPO,13,P,"May 2026, pre-781c90c reward",6,-761.4093252534723,607.2756262903251,135.7796395631473,1.4790594,16.875,186.98138803303885,186.61162318303886,0.005946481665014866,0.0,0.005946481665014866,0.005946481665014866,0.1635282457879088,78,7.421209117938553,6,101.90141042723813,304.83747554532965,0.8543313309063739,0.38
main,v040,LOSO-nes-f0,secondary,LOSO,nested,0,A,MAPPO|mappo_seed13_20260517T003433/mappo_best.pt,MAPPO,13,P,"May 2026, pre-781c90c reward",7,-691.8464395047324,544.2353999047324,135.0,0.9860396,11.625,190.52180735458418,190.2752974545842,0.004955401387512388,0.0,0.004955401387512388,0.004955401387512388,0.14370664023785926,52,4.947472745292369,5,1.4004141218549395,1.4213917743330218,1.0,0.38
main,v040,LOSO-nes-f0,secondary,LOSO,nested,0,A,MAPPO|mappo_seed13_20260517T003433/mappo_best.pt,MAPPO,13,P,"May 2026, pre-781c90c reward",8,-437.3156120375478,349.62174303754773,81.0,0.5688690000000001,6.125,202.36554156264822,202.22332431264823,0.002973240832507433,0.0,0.002973240832507433,0.002973240832507433,0.04558969276511397,30,2.8543111992071357,3,1.382503439914257,1.4213917743330218,1.0,0.38
main,v040,LOSO-nes-f0,secondary,LOSO,nested,0,A,MAPPO|mappo_seed13_20260517T003433/mappo_best.pt,MAPPO,13,P,"May 2026, pre-781c90c reward",9,-458.94590795294357,80.94590795294356,378.0,0.0,0.0,207.27798845535966,207.27798845535966,0.036669970267591674,0.036669970267591674,0.0,0.013875123885034688,0.0,0,0.0,37,6.525420240620031,71.8121952661898,0.42732080292380503,0.38
main,v040,LOSO-nes-f0,secondary,LOSO,nested,0,A,MAPPO|mappo_seed23_20260517T110908/mappo_best.pt,MAPPO,23,P,"May 2026, pre-781c90c reward",all,-5106.599894852517,4152.641279689369,864.7796395631473,7.0539756,82.125,1957.906922001262,1956.143428101262,0.005550049554013875,0.0037661050545094153,0.00178394449950446,0.0032705649157581764,0.0869177403369673,372,3.539345887016849,56,10.209349232897308,304.83747554532965,0.6060153159574827,0.38
main,v040,LOSO-nes-f0,secondary,LOSO,nested,0,A,MAPPO|mappo_seed23_20260517T110908/mappo_best.pt,MAPPO,23,P,"May 2026, pre-781c90c reward",0,-797.922421837701,776.3408148377009,0.0,1.706607,19.875,175.21154970547013,174.78489795547017,0.0,0.0,0.0,0.0,0.24281466798810702,90,8.562933597621408,0,0.0,0.0,0.0,0.38
main,v040,LOSO-nes-f0,secondary,LOSO,nested,0,A,MAPPO|mappo_seed23_20260517T110908/mappo_best.pt,MAPPO,23,P,"May 2026, pre-781c90c reward",1,-547.4303833385152,454.23226833851515,81.0,0.948115,11.25,191.56941407842356,191.33238532842353,0.002973240832507433,0.0,0.002973240832507433,0.002973240832507433,0.11496531219028741,50,4.757185332011893,3,1.3845715880624054,1.4213917743330218,1.0,0.38
main,v040,LOSO-nes-f0,secondary,LOSO,nested,0,A,MAPPO|mappo_seed23_20260517T110908/mappo_best.pt,MAPPO,23,P,"May 2026, pre-781c90c reward",2,-334.6375392552793,278.07291625527927,54.0,0.189623,2.375,206.53709190697313,206.48968615697314,0.0019821605550049554,0.0,0.0019821605550049554,0.0019821605550049554,0.005946481665014866,10,0.9514370664023787,2,1.368947643137816,1.3748360135707571,1.0,0.38
main,v040,LOSO-nes-f0,secondary,LOSO,nested,0,A,MAPPO|mappo_seed23_20260517T110908/mappo_best.pt,MAPPO,23,P,"May 2026, pre-781c90c reward",3,-164.84558623109876,137.84558623109876,27.0,0.0,0.0,207.2423125911026,207.2423125911026,0.0009910802775024777,0.0009910802775024777,0.0,0.0009910802775024777,0.0,0,0.0,1,3.2475083125733666,3.2475083125733666,1.0,0.38
main,v040,LOSO-nes-f0,secondary,LOSO,nested,0,A,MAPPO|mappo_seed23_20260517T110908/mappo_best.pt,MAPPO,23,P,"May 2026, pre-781c90c reward",4,-656.1310927422638,538.2588269422639,108.0,0.8722658,9.0,186.05529804330996,185.83723159330998,0.003964321110009911,0.0,0.003964321110009911,0.003964321110009911,0.15163528245787908,46,4.376610505450942,4,1.3922255235189482,1.4213917743330218,1.0,0.38
main,v040,LOSO-nes-f0,secondary,LOSO,nested,0,A,MAPPO|mappo_seed23_20260517T110908/mappo_best.pt,MAPPO,23,P,"May 2026, pre-781c90c reward",5,-389.75009002903687,357.13207022903686,27.0,0.4930198,5.125,200.24439605457675,200.12114110457676,0.0009910802775024777,0.0,0.0009910802775024777,0.0009910802775024777,0.05649157581764123,26,2.4737363726461843,1,1.363059272704875,1.363059272704875,1.0,0.38
main,v040,LOSO-nes-f0,secondary,LOSO,nested,0,A,MAPPO|mappo_seed23_20260517T110908/mappo_best.pt,MAPPO,23,P,"May 2026, pre-781c90c reward",6,-747.0867441680786,619.1159698049313,108.7796395631473,1.4411348,17.75,188.5832897141815,188.22300601418146,0.004955401387512388,0.0,0.004955401387512388,0.004955401387512388,0.14073339940535184,76,7.230921704658078,5,61.81052826977651,304.83747554532965,0.8251975970876486,0.38
main,v040,LOSO-nes-f0,secondary,LOSO,nested,0,A,MAPPO|mappo_seed23_20260517T110908/mappo_best.pt,MAPPO,23,P,"May 2026, pre-781c90c reward",7,-618.5126320179197,554.8032908179196,54.0,0.8343412000000001,8.875,191.91977310255774,191.71118780255773,0.0019821605550049554,0.0,0.0019821605550049554,0.0019821605550049554,0.12388503468780972,44,4.186323092170466,2,1.3981138939518893,1.4213917743330218,1.0,0.38
main,v040,LOSO-nes-f0,secondary,LOSO,nested,0,A,MAPPO|mappo_seed23_20260517T110908/mappo_best.pt,MAPPO,23,P,"May 2026, pre-781c90c reward",8,-391.33749727967967,355.89362827967966,27.0,0.5688690000000001,7.875,203.2658083493072,203.1235910993072,0.0009910802775024777,0.0,0.0009910802775024777,0.0009910802775024777,0.03270564915758176,30,2.8543111992071357,1,1.363059272704875,1.363059272704875,1.0,0.38
main,v040,LOSO-nes-f0,secondary,LOSO,nested,0,A,MAPPO|mappo_seed23_20260517T110908/mappo_best.pt,MAPPO,23,P,"May 2026, pre-781c90c reward",9,-458.94590795294357,80.94590795294356,378.0,0.0,0.0,207.27798845535966,207.27798845535966,0.036669970267591674,0.036669970267591674,0.0,0.013875123885034688,0.0,0,0.0,37,6.525420240620031,71.8121952661898,0.42732080292380503,0.38
main,v040,LOSO-nes-f0,secondary,LOSO,nested,0,A,MAPPO|mappo_seed42_20260526T143637/mappo_best.pt,MAPPO,42,P+T,"May 2026, pre-781c90c reward",all,-5098.9514094646875,4213.94090930154,810.7796395631473,6.1058606,68.125,1966.1544296500656,1964.6279645000654,0.005351833498513379,0.0037661050545094153,0.0015857284440039642,0.003072348860257681,0.07750247770069375,322,3.0636273538156593,54,4.917093004152126,71.8121952661898,0.5914232906225746,0.38
main,v040,LOSO-nes-f0,secondary,LOSO,nested,0,A,MAPPO|mappo_seed42_20260526T143637/mappo_best.pt,MAPPO,42,P+T,"May 2026, pre-781c90c reward",0,-818.3975368798335,805.1347988798336,0.0,1.1377380000000001,12.125,178.909616778231,178.625182278231,0.0,0.0,0.0,0.0,0.20118929633300298,60,5.708622398414271,0,0.0,0.0,0.0,0.38
main,v040,LOSO-nes-f0,secondary,LOSO,nested,0,A,MAPPO|mappo_seed42_20260526T143637/mappo_best.pt,MAPPO,42,P+T,"May 2026, pre-781c90c reward",1,-522.3430680838434,458.09580228384334,54.0,0.8722658000000001,9.375,192.03588276208035,191.81781631208037,0.0019821605550049554,0.0,0.0019821605550049554,0.0019821605550049554,0.11000991080277503,46,4.376610505450942,2,1.3953277457411706,1.4213917743330218,1.0,0.38
main,v040,LOSO-nes-f0,secondary,LOSO,nested,0,A,MAPPO|mappo_seed42_20260526T143637/mappo_best.pt,MAPPO,42,P+T,"May 2026, pre-781c90c reward",2,-334.6375392552793,278.07291625527927,54.0,0.189623,2.375,206.53709190697313,206.48968615697314,0.0019821605550049554,0.0,0.0019821605550049554,0.0019821605550049554,0.005946481665014866,10,0.9514370664023787,2,1.368947643137816,1.3748360135707571,1.0,0.38
main,v040,LOSO-nes-f0,secondary,LOSO,nested,0,A,MAPPO|mappo_seed42_20260526T143637/mappo_best.pt,MAPPO,42,P+T,"May 2026, pre-781c90c reward",3,-164.84558623109876,137.84558623109876,27.0,0.0,0.0,207.2423125911026,207.2423125911026,0.0009910802775024777,0.0009910802775024777,0.0,0.0009910802775024777,0.0,0,0.0,1,3.2475083125733666,3.2475083125733666,1.0,0.38
main,v040,LOSO-nes-f0,secondary,LOSO,nested,0,A,MAPPO|mappo_seed42_20260526T143637/mappo_best.pt,MAPPO,42,P+T,"May 2026, pre-781c90c reward",4,-663.8244474568636,544.4142570568636,108.0,0.9101904000000001,10.5,186.8798867914349,186.65233919143492,0.003964321110009911,0.0,0.003964321110009911,0.003964321110009911,0.14271555996035679,48,4.566897918731417,4,1.3922255235189482,1.4213917743330218,1.0,0.38
main,v040,LOSO-nes-f0,secondary,LOSO,nested,0,A,MAPPO|mappo_seed42_20260526T143637/mappo_best.pt,MAPPO,42,P+T,"May 2026, pre-781c90c reward",5,-363.77990633927124,359.7377357392712,0.0,0.4171706,3.625,200.7097255548606,200.6054329048606,0.0,0.0,0.0,0.0,0.05054509415262636,22,2.093161546085233,0,0.0,0.0,0.0,0.38
main,v040,LOSO-nes-f0,secondary,LOSO,nested,0,A,MAPPO|mappo_seed42_20260526T143637/mappo_best.pt,MAPPO,42,P+T,"May 2026, pre-781c90c reward",6,-754.3674484908485,626.0595987277011,108.7796395631473,1.4032102,18.125,189.580732483576,189.22992993357602,0.004955401387512388,0.0,0.004955401387512388,0.004955401387512388,0.1288404360753221,74,7.040634291377602,5,1.127311515577178,1.4213917743330218,0.8251975970876486,0.38
main,v040,LOSO-nes-f0,secondary,LOSO,nested,0,A,MAPPO|mappo_seed42_20260526T143637/mappo_best.pt,MAPPO,42,P+T,"May 2026, pre-781c90c reward",7,-625.8440406948932,564.2105486948933,54.0,0.7584920000000002,6.875,193.17029115183175,192.9806681518317,0.0019821605550049554,0.0,0.0019821605550049554,0.0019821605550049554,0.11000991080277503,40,3.8057482656095147,2,1.368947643137816,1.3748360135707571,1.0,0.38
main,v040,LOSO-nes-f0,secondary,LOSO,nested,0,A,MAPPO|mappo_seed42_20260526T143637/mappo_best.pt,MAPPO,42,P+T,"May 2026, pre-781c90c reward",8,-391.9659280798128,359.4237574798128,27.0,0.41717060000000006,5.125,203.81090117461548,203.7066085246155,0.0009910802775024777,0.0,0.0009910802775024777,0.0009910802775024777,0.02576808721506442,22,2.093161546085233,1,1.363059272704875,1.363059272704875,1.0,0.38
main,v040,LOSO-nes-f0,secondary,LOSO,nested,0,A,MAPPO|mappo_seed42_20260526T143637/mappo_best.pt,MAPPO,42,P+T,"May 2026, pre-781c90c reward",9,-458.94590795294357,80.94590795294356,378.0,0.0,0.0,207.27798845535966,207.27798845535966,0.036669970267591674,0.036669970267591674,0.0,0.013875123885034688,0.0,0,0.0,37,6.525420240620031,71.8121952661898,0.42732080292380503,0.38
main,v040,LOSO-nes-f0,secondary,LOSO,nested,0,A,MAPPO|mappo_seed64_20260517T110908/mappo_best.pt,MAPPO,64,P,"May 2026, pre-781c90c reward",all,-4989.43178626634,4266.047797903193,675.7796395631473,4.8543488,42.75,1970.6056782974101,1969.3920910974102,0.0048562933597621405,0.0037661050545094153,0.0010901883052527254,0.002576808721506442,0.07393458870168483,256,2.4356788899900894,49,5.278078364843478,71.8121952661898,0.5497317896656944,0.38
main,v040,LOSO-nes-f0,secondary,LOSO,nested,0,A,MAPPO|mappo_seed64_20260517T110908/mappo_best.pt,MAPPO,64,P,"May 2026, pre-781c90c reward",0,-823.7649991972428,816.3548087972426,0.0,0.9101904000000001,6.5,179.88266309329623,179.65511549329622,0.0,0.0,0.0,0.0,0.19425173439048563,48,4.566897918731417,0,0.0,0.0,0.0,0.38
main,v040,LOSO-nes-f0,secondary,LOSO,nested,0,A,MAPPO|mappo_seed64_20260517T110908/mappo_best.pt,MAPPO,64,P,"May 2026, pre-781c90c reward",1,-530.2193281892216,468.3358361892217,54.0,0.7584919999999999,7.125,193.1628778386622,192.9732548386622,0.0019821605550049554,0.0,0.0019821605550049554,0.0019821605550049554,0.09910802775024777,40,3.8057482656095147,2,1.3953277457411706,1.4213917743330218,1.0,0.38
main,v040,LOSO-nes-f0,secondary,LOSO,nested,0,A,MAPPO|mappo_seed64_20260517T110908/mappo_best.pt,MAPPO,64,P,"May 2026, pre-781c90c reward",2,-309.7959854538205,281.7201362538205,27.0,0.0758492,1.0,206.90632699708874,206.88736469708874,0.0009910802775024777,0.0,0.0009910802775024777,0.0009910802775024777,0.0019821605550049554,4,0.3805748265609515,1,1.363059272704875,1.363059272704875,1.0,0.38
main,v040,LOSO-nes-f0,secondary,LOSO,nested,0,A,MAPPO|mappo_seed64_20260517T110908/mappo_best.pt,MAPPO,64,P,"May 2026, pre-781c90c reward",3,-164.84558623109876,137.84558623109876,27.0,0.0,0.0,207.2423125911026,207.2423125911026,0.0009910802775024777,0.0009910802775024777,0.0,0.0009910802775024777,0.0,0,0.0,1,3.2475083125733666,3.2475083125733666,1.0,0.38
main,v040,LOSO-nes-f0,secondary,LOSO,nested,0,A,MAPPO|mappo_seed64_20260517T110908/mappo_best.pt,MAPPO,64,P,"May 2026, pre-781c90c reward",4,-633.5509832161692,545.4174912161693,81.0,0.758492,6.375,186.9087658055668,186.7191428055668,0.002973240832507433,0.0,0.002973240832507433,0.002973240832507433,0.14271555996035679,40,3.8057482656095147,3,1.382503439914257,1.4213917743330218,1.0,0.38
main,v040,LOSO-nes-f0,secondary,LOSO,nested,0,A,MAPPO|mappo_seed64_20260517T110908/mappo_best.pt,MAPPO,64,P,"May 2026, pre-781c90c reward",5,-365.8948585534855,363.96646175348553,0.0,0.3033968,1.625,200.99561652789862,200.91976732789863,0.0,0.0,0.0,0.0,0.048562933597621406,16,1.522299306243806,0,0.0,0.0,0.0,0.38
main,v040,LOSO-nes-f0,secondary,LOSO,nested,0,A,MAPPO|mappo_seed64_20260517T110908/mappo_best.pt,MAPPO,64,P,"May 2026, pre-781c90c reward",6,-703.3185319600655,636.8899281969182,54.77963956314729,1.0239642,10.625,190.43238332815366,190.17639227815363,0.002973240832507433,0.0,0.002973240832507433,0.002973240832507433,0.12190287413280476,54,5.137760158572845,3,0.950702176949331,1.363059272704875,0.7086626618127477,0.38
main,v040,LOSO-nes-f0,secondary,LOSO,nested,0,A,MAPPO|mappo_seed64_20260517T110908/mappo_best.pt,MAPPO,64,P,"May 2026, pre-781c90c reward",7,-598.1882513423275,565.6685331423275,27.0,0.6447182,4.875,193.22469930109014,193.06351975109015,0.0009910802775024777,0.0,0.0009910802775024777,0.0009910802775024777,0.1110009910802775,34,3.2348860257680876,1,1.4213917743330218,1.4213917743330218,1.0,0.38
main,v040,LOSO-nes-f0,secondary,LOSO,nested,0,A,MAPPO|mappo_seed64_20260517T110908/mappo_best.pt,MAPPO,64,P,"May 2026, pre-781c90c reward",8,-400.90735416996546,368.9031081699655,27.0,0.379246,4.625,204.5720443591915,204.47723285919147,0.0009910802775024777,0.0,0.0009910802775024777,0.0009910802775024777,0.019821605550049554,20,1.9028741328047574,1,1.363059272704875,1.363059272704875,1.0,0.38
main,v040,LOSO-nes-f0,secondary,LOSO,nested,0,A,MAPPO|mappo_seed64_20260517T110908/mappo_best.pt,MAPPO,64,P,"May 2026, pre-781c90c reward",9,-458.94590795294357,80.94590795294356,378.0,0.0,0.0,207.27798845535966,207.27798845535966,0.036669970267591674,0.036669970267591674,0.0,0.013875123885034688,0.0,0,0.0,37,6.525420240620031,71.8121952661898,0.42732080292380503,0.38
main,v040,LOSO-nes-f0,secondary,LOSO,nested,0,A,MAPPO|wcnc2027_ablation/mappo_seed1/mappo_best.pt,MAPPO,1,R,wcnc2027_ablation 2026-09-14,all,-5032.319264893213,4243.866407530066,729.7796395631473,5.423217800000001,53.25,1968.2005625412316,1966.8447580912318,0.005054509415262636,0.0037661050545094153,0.001288404360753221,0.0027750247770069376,0.07641228939544104,286,2.721110009910803,51,11.074114096756917,304.83747554532965,0.5673893665415495,0.38
main,v040,LOSO-nes-f0,secondary,LOSO,nested,0,A,MAPPO|wcnc2027_ablation/mappo_seed1/mappo_best.pt,MAPPO,1,R,wcnc2027_ablation 2026-09-14,0,-811.8941391271126,801.0443257271126,0.0,1.0998134,9.75,178.12783402616654,177.85288067616656,0.0,0.0,0.0,0.0,0.21209117938553024,58,5.518334985133796,0,0.0,0.0,0.0,0.38
main,v040,LOSO-nes-f0,secondary,LOSO,nested,0,A,MAPPO|wcnc2027_ablation/mappo_seed1/mappo_best.pt,MAPPO,1,R,wcnc2027_ablation 2026-09-14,1,-528.0124835128597,465.5910669128597,54.0,0.7964166,7.625,192.88274019298197,192.68363604298196,0.0019821605550049554,0.0,0.0019821605550049554,0.0019821605550049554,0.10208126858275521,42,3.9960356788899905,2,1.3953277457411706,1.4213917743330218,1.0,0.38
main,v040,LOSO-nes-f0,secondary,LOSO,nested,0,A,MAPPO|wcnc2027_ablation/mappo_seed1/mappo_best.pt,MAPPO,1,R,wcnc2027_ablation 2026-09-14,2,-309.0417344519466,280.4279606519466,27.0,0.11377380000000001,1.5,206.797951031916,206.769507581916,0.0009910802775024777,0.0,0.0009910802775024777,0.0009910802775024777,0.002973240832507433,6,0.5708622398414271,1,1.363059272704875,1.363059272704875,1.0,0.38
main,v040,LOSO-nes-f0,secondary,LOSO,nested,0,A,MAPPO|wcnc2027_ablation/mappo_seed1/mappo_best.pt,MAPPO,1,R,wcnc2027_ablation 2026-09-14,3,-164.84558623109876,137.84558623109876,27.0,0.0,0.0,207.2423125911026,207.2423125911026,0.0009910802775024777,0.0009910802775024777,0.0,0.0009910802775024777,0.0,0,0.0,1,3.2475083125733666,3.2475083125733666,1.0,0.38
main,v040,LOSO-nes-f0,secondary,LOSO,nested,0,A,MAPPO|wcnc2027_ablation/mappo_seed1/mappo_best.pt,MAPPO,1,R,wcnc2027_ablation 2026-09-14,4,-637.3394273340998,548.7059353340999,81.0,0.758492,6.875,187.28609542101168,187.0964724210117,0.002973240832507433,0.0,0.002973240832507433,0.002973240832507433,0.13875123885034688,40,3.8057482656095147,3,1.382503439914257,1.4213917743330218,1.0,0.38
main,v040,LOSO-nes-f0,secondary,LOSO,nested,0,A,MAPPO|wcnc2027_ablation/mappo_seed1/mappo_best.pt,MAPPO,1,R,wcnc2027_ablation 2026-09-14,5,-364.18805643590633,361.7217350359063,0.0,0.3413214,2.125,200.76971775294132,200.6843874029413,0.0,0.0,0.0,0.0,0.05054509415262636,18,1.7125867195242817,0,0.0,0.0,0.0,0.38
main,v040,LOSO-nes-f0,secondary,LOSO,nested,0,A,MAPPO|wcnc2027_ablation/mappo_seed1/mappo_best.pt,MAPPO,1,R,wcnc2027_ablation 2026-09-14,6,-761.4570670327896,638.2517648696424,108.7796395631473,1.1756626,13.25,190.63956706437563,190.34565141437565,0.004955401387512388,0.0,0.004955401387512388,0.004955401387512388,0.1199207135777998,62,5.898909811694748,5,61.81052826977651,304.83747554532965,0.8251975970876486,0.38
main,v040,LOSO-nes-f0,secondary,LOSO,nested,0,A,MAPPO|wcnc2027_ablation/mappo_seed1/mappo_best.pt,MAPPO,1,R,wcnc2027_ablation 2026-09-14,7,-601.1818594562941,567.4992166562942,27.0,0.6826428,6.0,193.19279426449157,193.02213356449155,0.0009910802775024777,0.0,0.0009910802775024777,0.0009910802775024777,0.11298315163528246,36,3.4251734390485633,1,1.3748360135707571,1.3748360135707571,1.0,0.38
main,v040,LOSO-nes-f0,secondary,LOSO,nested,0,A,MAPPO|wcnc2027_ablation/mappo_seed1/mappo_best.pt,MAPPO,1,R,wcnc2027_ablation 2026-09-14,8,-395.41300335816123,361.8329081581613,27.0,0.45509520000000003,6.125,203.98356174088482,203.86978794088483,0.0009910802775024777,0.0,0.0009910802775024777,0.0009910802775024777,0.024777006937561942,24,2.2834489593657086,1,1.363059272704875,1.363059272704875,1.0,0.38
main,v040,LOSO-nes-f0,secondary,LOSO,nested,0,A,MAPPO|wcnc2027_ablation/mappo_seed1/mappo_best.pt,MAPPO,1,R,wcnc2027_ablation 2026-09-14,9,-458.94590795294357,80.94590795294356,378.0,0.0,0.0,207.27798845535966,207.27798845535966,0.036669970267591674,0.036669970267591674,0.0,0.013875123885034688,0.0,0,0.0,37,6.525420240620031,71.8121952661898,0.42732080292380503,0.38
main,v040,LOSO-nes-f0,secondary,LOSO,nested,0,A,Centralized PPO|wcnc2027_ablation/central_seed1/ppo_multi_site.zip,Centralized PPO,1,R,wcnc2027_ablation 2026-09-14,all,-21768.853101114128,5718.363855708843,16007.694030605282,2.9202148,39.875,2179.1533511838406,2178.4232974838405,0.0645193260654113,0.03617443012884044,0.06075322101090188,0.0622398414271556,0.1317145688800793,152,1.4461843409316155,651,39.08959666058808,2384.262057332388,0.9188950395212856,0.79
main,v040,LOSO-nes-f0,secondary,LOSO,nested,0,A,Centralized PPO|wcnc2027_ablation/central_seed1/ppo_multi_site.zip,Centralized PPO,1,R,wcnc2027_ablation 2026-09-14,0,-1766.6139933986196,813.8603227749225,921.3798930236974,2.1237776,29.25,183.40033842975492,182.86939402975491,0.035678889990089196,0.009910802775024777,0.035678889990089196,0.035678889990089196,0.34985133795837464,111,10.560951437066404,36,9.707618128561144,302.35582121454627,0.9531295305774976,0.79
main,v040,LOSO-nes-f0,secondary,LOSO,nested,0,A,Centralized PPO|wcnc2027_ablation/central_seed1/ppo_multi_site.zip,Centralized PPO,1,R,wcnc2027_ablation 2026-09-14,1,-869.3226350929075,869.3226350929075,0.0,0.0,0.0,207.06233983456252,207.06233983456252,0.0,0.0,0.0,0.0,0.0,0,0.0,0,0.0,0.0,0.0,0.79
main,v040,LOSO-nes-f0,secondary,LOSO,nested,0,A,Centralized PPO|wcnc2027_ablation/central_seed1/ppo_multi_site.zip,Centralized PPO,1,R,wcnc2027_ablation 2026-09-14,2,-285.3978943212564,285.3978943212564,0.0,0.0,0.0,207.1596652387821,207.1596652387821,0.0,0.0,0.0,0.0,0.0,0,0.0,0,0.0,0.0,0.0,0.79
main,v040,LOSO-nes-f0,secondary,LOSO,nested,0,A,Centralized PPO|wcnc2027_ablation/central_seed1/ppo_multi_site.zip,Centralized PPO,1,R,wcnc2027_ablation 2026-09-14,3,-164.84558623109876,137.84558623109876,27.0,0.0,0.0,207.2423125911026,207.2423125911026,0.0009910802775024777,0.0009910802775024777,0.0,0.0009910802775024777,0.0,0,0.0,1,3.2475083125733666,3.2475083125733666,1.0,0.79
main,v040,LOSO-nes-f0,secondary,LOSO,nested,0,A,Centralized PPO|wcnc2027_ablation/central_seed1/ppo_multi_site.zip,Centralized PPO,1,R,wcnc2027_ablation 2026-09-14,4,-984.6806796340545,957.1427550340545,27.0,0.0379246,0.5,207.23962104926997,207.23013989926997,0.0009910802775024777,0.0,0.0009910802775024777,0.0009910802775024777,0.0009910802775024777,2,0.19028741328047574,1,1.4213917743330218,1.4213917743330218,1.0,0.79
main,v040,LOSO-nes-f0,secondary,LOSO,nested,0,A,Centralized PPO|wcnc2027_ablation/central_seed1/ppo_multi_site.zip,Centralized PPO,1,R,wcnc2027_ablation 2026-09-14,5,-443.50485080580836,443.50485080580836,0.0,0.0,0.0,207.11606339401706,207.11606339401706,0.0,0.0,0.0,0.0,0.0,0,0.0,0,0.0,0.0,0.0,0.79
main,v040,LOSO-nes-f0,secondary,LOSO,nested,0,A,Centralized PPO|wcnc2027_ablation/central_seed1/ppo_multi_site.zip,Centralized PPO,1,R,wcnc2027_ablation 2026-09-14,6,-954.7370662400197,953.6612170400197,0.0,0.0758492,1.0,206.8545179184846,206.8355556184846,0.0,0.0,0.0,0.0,0.0019821605550049554,3,0.28543111992071357,0,0.0,0.0,0.0,0.79
main,v040,LOSO-nes-f0,secondary,LOSO,nested,0,A,Centralized PPO|wcnc2027_ablation/central_seed1/ppo_multi_site.zip,Centralized PPO,1,R,wcnc2027_ablation 2026-09-14,7,-15438.66018898322,774.5383880016345,14654.314137581585,0.6826634,9.125,338.6856760560376,338.5150102060376,0.5708622398414271,0.3141724479682854,0.5708622398414271,0.5708622398414271,0.9643211100099108,36,3.4251734390485633,576,43.14538841045971,2384.262057332388,0.9480505866656009,0.79
main,v040,LOSO-nes-f0,secondary,LOSO,nested,0,A,Centralized PPO|wcnc2027_ablation/central_seed1/ppo_multi_site.zip,Centralized PPO,1,R,wcnc2027_ablation 2026-09-14,8,-402.1442984541981,402.1442984541981,0.0,0.0,0.0,207.1148282164695,207.1148282164695,0.0,0.0,0.0,0.0,0.0,0,0.0,0,0.0,0.0,0.0,0.79
main,v040,LOSO-nes-f0,secondary,LOSO,nested,0,A,Centralized PPO|wcnc2027_ablation/central_seed1/ppo_multi_site.zip,Centralized PPO,1,R,wcnc2027_ablation 2026-09-14,9,-458.94590795294357,80.94590795294356,378.0,0.0,0.0,207.27798845535966,207.27798845535966,0.036669970267591674,0.036669970267591674,0.0,0.013875123885034688,0.0,0,0.0,37,6.525420240620031,71.8121952661898,0.42732080292380503,0.79
main,v040,LOSO-nes-f0,secondary,LOSO,nested,0,A,Shared-PPO|wcnc2027_ablation/shared_ppo_seed1/mappo_best.pt,Shared-PPO,1,R,wcnc2027_ablation 2026-09-14 (supplementary ablation),all,-5395.880162921176,4151.7304953948815,1189.5592791262945,5.8403884,48.75,1953.8360471560682,1952.3759500560682,0.006838453914767096,0.0037661050545094153,0.003072348860257681,0.0045589692765113975,0.100396432111001,308,2.9304261645193264,69,12.892478728229168,304.83747554532965,0.6675774736095257,0.38
main,v040,LOSO-nes-f0,secondary,LOSO,nested,0,A,Shared-PPO|wcnc2027_ablation/shared_ppo_seed1/mappo_best.pt,Shared-PPO,1,R,wcnc2027_ablation 2026-09-14 (supplementary ablation),0,-844.10664033066,775.7525809306601,54.0,1.4790594000000001,12.875,174.03062927720038,173.66086442720035,0.0019821605550049554,0.0,0.0019821605550049554,0.0019821605550049554,0.27849355797819625,78,7.421209117938553,2,1.3922255235189485,1.4213917743330218,1.0,0.38
main,v040,LOSO-nes-f0,secondary,LOSO,nested,0,A,Shared-PPO|wcnc2027_ablation/shared_ppo_seed1/mappo_best.pt,Shared-PPO,1,R,wcnc2027_ablation 2026-09-14 (supplementary ablation),1,-533.1977250455125,448.6288560455124,81.0,0.5688690000000001,3.0,190.46977756296624,190.32756031296626,0.002973240832507433,0.0,0.002973240832507433,0.002973240832507433,0.13974231912784935,30,2.8543111992071357,3,1.3845715880624054,1.4213917743330218,1.0,0.38
main,v040,LOSO-nes-f0,secondary,LOSO,nested,0,A,Shared-PPO|wcnc2027_ablation/shared_ppo_seed1/mappo_best.pt,Shared-PPO,1,R,wcnc2027_ablation 2026-09-14 (supplementary ablation),2,-310.47767970198225,280.2501321019823,27.0,0.22754760000000002,3.0,206.69057166244522,206.63368476244523,0.0009910802775024777,0.0,0.0009910802775024777,0.0009910802775024777,0.006937561942517344,12,1.1417244796828543,1,1.363059272704875,1.363059272704875,1.0,0.38
main,v040,LOSO-nes-f0,secondary,LOSO,nested,0,A,Shared-PPO|wcnc2027_ablation/shared_ppo_seed1/mappo_best.pt,Shared-PPO,1,R,wcnc2027_ablation 2026-09-14 (supplementary ablation),3,-165.2153951156291,137.67747051562912,27.0,0.0379246,0.5,207.22087773500755,207.21139658500755,0.0009910802775024777,0.0009910802775024777,0.0,0.0009910802775024777,0.0009910802775024777,2,0.19028741328047574,1,3.2475083125733666,3.2475083125733666,1.0,0.38
main,v040,LOSO-nes-f0,secondary,LOSO,nested,0,A,Shared-PPO|wcnc2027_ablation/shared_ppo_seed1/mappo_best.pt,Shared-PPO,1,R,wcnc2027_ablation 2026-09-14 (supplementary ablation),4,-705.1695267186778,537.9868839186779,162.0,0.6826428,4.5,185.6063653823206,185.4357046823206,0.005946481665014866,0.0,0.005946481665014866,0.005946481665014866,0.16749256689791872,36,3.4251734390485633,6,1.4019476071236394,1.4213917743330218,1.0,0.38
main,v040,LOSO-nes-f0,secondary,LOSO,nested,0,A,Shared-PPO|wcnc2027_ablation/shared_ppo_seed1/mappo_best.pt,Shared-PPO,1,R,wcnc2027_ablation 2026-09-14 (supplementary ablation),5,-439.47691142042106,354.6468162204211,81.0,0.45509520000000003,3.375,199.6263153962437,199.51254159624372,0.002973240832507433,0.0,0.002973240832507433,0.002973240832507433,0.06937561942517344,24,2.2834489593657086,3,1.360636478587228,1.363059272704875,1.0,0.38
main,v040,LOSO-nes-f0,secondary,LOSO,nested,0,A,Shared-PPO|wcnc2027_ablation/shared_ppo_seed1/mappo_best.pt,Shared-PPO,1,R,wcnc2027_ablation 2026-09-14 (supplementary ablation),6,-852.5803539010892,624.1250517379419,216.7796395631473,1.1756626000000001,10.5,188.55288393351339,188.25896828351335,0.008919722497522299,0.0,0.008919722497522299,0.008919722497522299,0.15758176412289396,62,5.898909811694748,9,68.40807087626978,304.83747554532965,0.9028875539375826,0.38
main,v040,LOSO-nes-f0,secondary,LOSO,nested,0,A,Shared-PPO|wcnc2027_ablation/shared_ppo_seed1/mappo_best.pt,Shared-PPO,1,R,wcnc2027_ablation 2026-09-14 (supplementary ablation),7,-668.3792445943741,553.6586771943741,108.0,0.7205674,6.0,191.1519409551904,190.97179910519043,0.003964321110009911,0.0,0.003964321110009911,0.003964321110009911,0.14370664023785926,38,3.615460852329039,4,1.3933526131471836,1.4213917743330218,1.0,0.38
main,v040,LOSO-nes-f0,secondary,LOSO,nested,0,A,Shared-PPO|wcnc2027_ablation/shared_ppo_seed1/mappo_best.pt,Shared-PPO,1,R,wcnc2027_ablation 2026-09-14 (supplementary ablation),8,-418.3307781398866,358.0581187767393,54.77963956314729,0.4930198,5.0,203.20869679582117,203.08544184582115,0.002973240832507433,0.0,0.002973240832507433,0.002973240832507433,0.03964321110009911,26,2.4737363726461843,3,0.950702176949331,1.363059272704875,0.7086626618127477,0.38
main,v040,LOSO-nes-f0,secondary,LOSO,nested,0,A,Shared-PPO|wcnc2027_ablation/shared_ppo_seed1/mappo_best.pt,Shared-PPO,1,R,wcnc2027_ablation 2026-09-14 (supplementary ablation),9,-458.94590795294357,80.94590795294356,378.0,0.0,0.0,207.27798845535966,207.27798845535966,0.036669970267591674,0.036669970267591674,0.0,0.013875123885034688,0.0,0,0.0,37,6.525420240620031,71.8121952661898,0.42732080292380503,0.38
main,v040,LOSO-nes-f0,secondary,LOSO,nested,0,A,MAPPO|wcnc2027_ablation/mappo_seed7/mappo_best.pt,MAPPO,7,R,wcnc2027_ablation 2026-09-14,all,-5091.449763856304,4218.530585093156,810.7796395631473,5.7645392,56.375,1964.6017980210045,1963.1606632210046,0.005351833498513379,0.0037661050545094153,0.0015857284440039642,0.003072348860257681,0.08126858275520317,304,2.892368681863231,54,10.536771513999511,304.83747554532965,0.5914232906225746,0.38
main,v040,LOSO-nes-f0,secondary,LOSO,nested,0,A,MAPPO|wcnc2027_ablation/mappo_seed7/mappo_best.pt,MAPPO,7,R,wcnc2027_ablation 2026-09-14,0,-815.3467918828283,800.5194308828283,0.0,1.327361,13.5,178.05038360118652,177.71854335118655,0.0,0.0,0.0,0.0,0.21407333994053518,70,6.6600594648166505,0,0.0,0.0,0.0,0.38
main,v040,LOSO-nes-f0,secondary,LOSO,nested,0,A,MAPPO|wcnc2027_ablation/mappo_seed7/mappo_best.pt,MAPPO,7,R,wcnc2027_ablation 2026-09-14,1,-553.3690007341528,462.12173493415287,81.0,0.8722658000000001,9.375,192.46796972295334,192.24990327295336,0.002973240832507433,0.0,0.002973240832507433,0.002973240832507433,0.10703666997026759,46,4.376610505450942,3,1.3845715880624054,1.4213917743330218,1.0,0.38
main,v040,LOSO-nes-f0,secondary,LOSO,nested,0,A,MAPPO|wcnc2027_ablation/mappo_seed7/mappo_best.pt,MAPPO,7,R,wcnc2027_ablation 2026-09-14,2,-309.1634968875426,280.0117984875426,27.0,0.1516984,2.0,206.73665023855915,206.69872563855915,0.0009910802775024777,0.0,0.0009910802775024777,0.0009910802775024777,0.003964321110009911,8,0.761149653121903,1,1.363059272704875,1.363059272704875,1.0,0.38
main,v040,LOSO-nes-f0,secondary,LOSO,nested,0,A,MAPPO|wcnc2027_ablation/mappo_seed7/mappo_best.pt,MAPPO,7,R,wcnc2027_ablation 2026-09-14,3,-164.84558623109876,137.84558623109876,27.0,0.0,0.0,207.2423125911026,207.2423125911026,0.0009910802775024777,0.0009910802775024777,0.0,0.0009910802775024777,0.0,0,0.0,1,3.2475083125733666,3.2475083125733666,1.0,0.38
main,v040,LOSO-nes-f0,secondary,LOSO,nested,0,A,MAPPO|wcnc2027_ablation/mappo_seed7/mappo_best.pt,MAPPO,7,R,wcnc2027_ablation 2026-09-14,4,-657.8426031106687,543.8720357106688,108.0,0.7205674,5.25,186.58038780623843,186.40024595623845,0.003964321110009911,0.0,0.003964321110009911,0.003964321110009911,0.14767096134786917,38,3.615460852329039,4,1.3922255235189482,1.4213917743330218,1.0,0.38
main,v040,LOSO-nes-f0,secondary,LOSO,nested,0,A,MAPPO|wcnc2027_ablation/mappo_seed7/mappo_best.pt,MAPPO,7,R,wcnc2027_ablation 2026-09-14,5,-362.00099598493625,358.99674998493623,0.0,0.379246,2.625,200.40220090435983,200.3073894043598,0.0,0.0,0.0,0.0,0.05550049554013875,20,1.9028741328047574,0,0.0,0.0,0.0,0.38
main,v040,LOSO-nes-f0,secondary,LOSO,nested,0,A,MAPPO|wcnc2027_ablation/mappo_seed7/mappo_best.pt,MAPPO,7,R,wcnc2027_ablation 2026-09-14,6,-725.7984100004311,631.5060324372838,81.7796395631473,1.1377380000000001,11.375,189.64325375243072,189.3588192524307,0.003964321110009911,0.0,0.003964321110009911,0.003964321110009911,0.13280475718533202,60,5.708622398414271,4,76.92239551904441,304.83747554532965,0.7814969963595608,0.38
main,v040,LOSO-nes-f0,secondary,LOSO,nested,0,A,MAPPO|wcnc2027_ablation/mappo_seed7/mappo_best.pt,MAPPO,7,R,wcnc2027_ablation 2026-09-14,7,-625.0336680421958,564.4760252421959,54.0,0.6826428,5.875,192.7234163998184,192.5527556998184,0.0019821605550049554,0.0,0.0019821605550049554,0.0019821605550049554,0.1199207135777998,36,3.4251734390485633,2,1.3981138939518893,1.4213917743330218,1.0,0.38
main,v040,LOSO-nes-f0,secondary,LOSO,nested,0,A,MAPPO|wcnc2027_ablation/mappo_seed7/mappo_best.pt,MAPPO,7,R,wcnc2027_ablation 2026-09-14,8,-419.10330302950626,358.2352832295063,54.0,0.4930198,6.375,203.4772345489959,203.35397959899592,0.0019821605550049554,0.0,0.0019821605550049554,0.0019821605550049554,0.031714568880079286,26,2.4737363726461843,2,1.363059272704875,1.363059272704875,1.0,0.38
main,v040,LOSO-nes-f0,secondary,LOSO,nested,0,A,MAPPO|wcnc2027_ablation/mappo_seed7/mappo_best.pt,MAPPO,7,R,wcnc2027_ablation 2026-09-14,9,-458.94590795294357,80.94590795294356,378.0,0.0,0.0,207.27798845535966,207.27798845535966,0.036669970267591674,0.036669970267591674,0.0,0.013875123885034688,0.0,0,0.0,37,6.525420240620031,71.8121952661898,0.42732080292380503,0.38
main,v040,LOSO-nes-f0,secondary,LOSO,nested,0,A,Centralized PPO|wcnc2027_ablation/central_seed7/ppo_multi_site.zip,Centralized PPO,7,R,wcnc2027_ablation 2026-09-14,all,-11793.989839294965,5757.623668464888,6027.460205830078,0.5309650000000001,8.375,2087.4270010734344,2087.2942598234345,0.02576808721506442,0.009415262636273538,0.022001982160555007,0.023488602576808723,0.09762140733399405,29,0.2759167492566898,260,20.186818730584648,1603.7432307830027,0.8708700380866027,0.78
main,v040,LOSO-nes-f0,secondary,LOSO,nested,0,A,Centralized PPO|wcnc2027_ablation/central_seed7/ppo_multi_site.zip,Centralized PPO,7,R,wcnc2027_ablation 2026-09-14,0,-6498.047853054311,866.6816822242336,5622.460205830078,0.530965,8.375,223.45491145622535,223.32217020622537,0.22001982160555006,0.05649157581764123,0.22001982160555006,0.22001982160555006,0.9762140733399405,29,2.759167492566898,222,22.540021678993213,1603.7432307830027,0.9442132441186303,0.78
main,v040,LOSO-nes-f0,secondary,LOSO,nested,0,A,Centralized PPO|wcnc2027_ablation/central_seed7/ppo_multi_site.zip,Centralized PPO,7,R,wcnc2027_ablation 2026-09-14,1,-869.3226350929075,869.3226350929075,0.0,0.0,0.0,207.06233983456252,207.06233983456252,0.0,0.0,0.0,0.0,0.0,0,0.0,0,0.0,0.0,0.0,0.78
main,v040,LOSO-nes-f0,secondary,LOSO,nested,0,A,Centralized PPO|wcnc2027_ablation/central_seed7/ppo_multi_site.zip,Centralized PPO,7,R,wcnc2027_ablation 2026-09-14,2,-285.3978943212564,285.3978943212564,0.0,0.0,0.0,207.1596652387821,207.1596652387821,0.0,0.0,0.0,0.0,0.0,0,0.0,0,0.0,0.0,0.0,0.78
main,v040,LOSO-nes-f0,secondary,LOSO,nested,0,A,Centralized PPO|wcnc2027_ablation/central_seed7/ppo_multi_site.zip,Centralized PPO,7,R,wcnc2027_ablation 2026-09-14,3,-164.84558623109876,137.84558623109876,27.0,0.0,0.0,207.2423125911026,207.2423125911026,0.0009910802775024777,0.0009910802775024777,0.0,0.0009910802775024777,0.0,0,0.0,1,3.2475083125733666,3.2475083125733666,1.0,0.78
main,v040,LOSO-nes-f0,secondary,LOSO,nested,0,A,Centralized PPO|wcnc2027_ablation/central_seed7/ppo_multi_site.zip,Centralized PPO,7,R,wcnc2027_ablation 2026-09-14,4,-956.6551647701882,956.6551647701882,0.0,0.0,0.0,207.0060707279047,207.0060707279047,0.0,0.0,0.0,0.0,0.0,0,0.0,0,0.0,0.0,0.0,0.78
main,v040,LOSO-nes-f0,secondary,LOSO,nested,0,A,Centralized PPO|wcnc2027_ablation/central_seed7/ppo_multi_site.zip,Centralized PPO,7,R,wcnc2027_ablation 2026-09-14,5,-443.50485080580836,443.50485080580836,0.0,0.0,0.0,207.11606339401706,207.11606339401706,0.0,0.0,0.0,0.0,0.0,0,0.0,0,0.0,0.0,0.0,0.78
main,v040,LOSO-nes-f0,secondary,LOSO,nested,0,A,Centralized PPO|wcnc2027_ablation/central_seed7/ppo_multi_site.zip,Centralized PPO,7,R,wcnc2027_ablation 2026-09-14,6,-956.8470664123463,956.8470664123463,0.0,0.0,0.0,206.98977289917428,206.98977289917428,0.0,0.0,0.0,0.0,0.0,0,0.0,0,0.0,0.0,0.0,0.78
main,v040,LOSO-nes-f0,secondary,LOSO,nested,0,A,Centralized PPO|wcnc2027_ablation/central_seed7/ppo_multi_site.zip,Centralized PPO,7,R,wcnc2027_ablation 2026-09-14,7,-758.278582199907,758.278582199907,0.0,0.0,0.0,207.0030482598367,207.0030482598367,0.0,0.0,0.0,0.0,0.0,0,0.0,0,0.0,0.0,0.0,0.78
main,v040,LOSO-nes-f0,secondary,LOSO,nested,0,A,Centralized PPO|wcnc2027_ablation/central_seed7/ppo_multi_site.zip,Centralized PPO,7,R,wcnc2027_ablation 2026-09-14,8,-402.1442984541981,402.1442984541981,0.0,0.0,0.0,207.1148282164695,207.1148282164695,0.0,0.0,0.0,0.0,0.0,0,0.0,0,0.0,0.0,0.0,0.78
main,v040,LOSO-nes-f0,secondary,LOSO,nested,0,A,Centralized PPO|wcnc2027_ablation/central_seed7/ppo_multi_site.zip,Centralized PPO,7,R,wcnc2027_ablation 2026-09-14,9,-458.94590795294357,80.94590795294356,378.0,0.0,0.0,207.27798845535966,207.27798845535966,0.036669970267591674,0.036669970267591674,0.0,0.013875123885034688,0.0,0,0.0,37,6.525420240620031,71.8121952661898,0.42732080292380503,0.78
main,v040,LOSO-nes-f0,secondary,LOSO,nested,0,A,Shared-PPO|wcnc2027_ablation/shared_ppo_seed7/mappo_best.pt,Shared-PPO,7,R,wcnc2027_ablation 2026-09-14 (supplementary ablation),all,-5085.244807126108,4265.450628362962,756.7796395631473,5.764539200000001,57.25,1970.501837392439,1969.060702592439,0.005153617443012884,0.0037661050545094153,0.0013875123885034688,0.0028741328047571855,0.07413280475718534,304,2.892368681863231,52,10.888484821325687,304.83747554532965,0.5757088018003659,0.38
main,v040,LOSO-nes-f0,secondary,LOSO,nested,0,A,Shared-PPO|wcnc2027_ablation/shared_ppo_seed7/mappo_best.pt,Shared-PPO,7,R,wcnc2027_ablation 2026-09-14 (supplementary ablation),0,-823.587925308829,809.9614135088291,0.0,1.2515118,12.375,179.25251900050108,178.9396410505011,0.0,0.0,0.0,0.0,0.199207135777998,66,6.279484638255699,0,0.0,0.0,0.0,0.38
main,v040,LOSO-nes-f0,secondary,LOSO,nested,0,A,Shared-PPO|wcnc2027_ablation/shared_ppo_seed7/mappo_best.pt,Shared-PPO,7,R,wcnc2027_ablation 2026-09-14 (supplementary ablation),1,-535.2959533481658,471.96161214816584,54.0,0.8343412000000001,8.5,193.4912814959073,193.28269619590725,0.0019821605550049554,0.0,0.0019821605550049554,0.0019821605550049554,0.09712586719524281,44,4.186323092170466,2,1.3953277457411706,1.4213917743330218,1.0,0.38
main,v040,LOSO-nes-f0,secondary,LOSO,nested,0,A,Shared-PPO|wcnc2027_ablation/shared_ppo_seed7/mappo_best.pt,Shared-PPO,7,R,wcnc2027_ablation 2026-09-14 (supplementary ablation),2,-307.6593913596506,278.63269295965057,27.0,0.1516984,1.875,206.60349844359018,206.5655738435902,0.0009910802775024777,0.0,0.0009910802775024777,0.0009910802775024777,0.004955401387512388,8,0.761149653121903,1,1.363059272704875,1.363059272704875,1.0,0.38
main,v040,LOSO-nes-f0,secondary,LOSO,nested,0,A,Shared-PPO|wcnc2027_ablation/shared_ppo_seed7/mappo_best.pt,Shared-PPO,7,R,wcnc2027_ablation 2026-09-14 (supplementary ablation),3,-164.84558623109876,137.84558623109876,27.0,0.0,0.0,207.2423125911026,207.2423125911026,0.0009910802775024777,0.0009910802775024777,0.0,0.0009910802775024777,0.0,0,0.0,1,3.2475083125733666,3.2475083125733666,1.0,0.38
main,v040,LOSO-nes-f0,secondary,LOSO,nested,0,A,Shared-PPO|wcnc2027_ablation/shared_ppo_seed7/mappo_best.pt,Shared-PPO,7,R,wcnc2027_ablation 2026-09-14 (supplementary ablation),4,-666.3860386801944,549.8016974801944,108.0,0.8343412,7.75,187.35188296640644,187.14329766640643,0.003964321110009911,0.0,0.003964321110009911,0.003964321110009911,0.13875123885034688,44,4.186323092170466,4,1.3922255235189482,1.4213917743330218,1.0,0.38
main,v040,LOSO-nes-f0,secondary,LOSO,nested,0,A,Shared-PPO|wcnc2027_ablation/shared_ppo_seed7/mappo_best.pt,Shared-PPO,7,R,wcnc2027_ablation 2026-09-14 (supplementary ablation),5,-363.7488454163132,360.61959941631324,0.0,0.379246,2.75,200.6592135364905,200.5644020364905,0.0,0.0,0.0,0.0,0.05153617443012884,20,1.9028741328047574,0,0.0,0.0,0.0,0.38
main,v040,LOSO-nes-f0,secondary,LOSO,nested,0,A,Shared-PPO|wcnc2027_ablation/shared_ppo_seed7/mappo_best.pt,Shared-PPO,7,R,wcnc2027_ablation 2026-09-14 (supplementary ablation),6,-765.5517848943496,644.0094073312024,108.7796395631473,1.1377380000000001,11.625,191.0281829117821,190.74374841178206,0.004955401387512388,0.0,0.004955401387512388,0.004955401387512388,0.11694747274529237,60,5.708622398414271,5,61.81052826977651,304.83747554532965,0.8251975970876486,0.38
main,v040,LOSO-nes-f0,secondary,LOSO,nested,0,A,Shared-PPO|wcnc2027_ablation/shared_ppo_seed7/mappo_best.pt,Shared-PPO,7,R,wcnc2027_ablation 2026-09-14 (supplementary ablation),7,-602.9190336955423,568.3234662955424,27.0,0.7205674000000001,6.875,193.59171962165033,193.41157777165034,0.0009910802775024777,0.0,0.0009910802775024777,0.0009910802775024777,0.10703666997026759,38,3.615460852329039,1,1.3748360135707571,1.3748360135707571,1.0,0.38
main,v040,LOSO-nes-f0,secondary,LOSO,nested,0,A,Shared-PPO|wcnc2027_ablation/shared_ppo_seed7/mappo_best.pt,Shared-PPO,7,R,wcnc2027_ablation 2026-09-14 (supplementary ablation),8,-396.30434023902086,363.34924503902084,27.0,0.45509520000000003,5.5,204.00323836964873,203.88946456964874,0.0009910802775024777,0.0,0.0009910802775024777,0.0009910802775024777,0.02576808721506442,24,2.2834489593657086,1,1.363059272704875,1.363059272704875,1.0,0.38
main,v040,LOSO-nes-f0,secondary,LOSO,nested,0,A,Shared-PPO|wcnc2027_ablation/shared_ppo_seed7/mappo_best.pt,Shared-PPO,7,R,wcnc2027_ablation 2026-09-14 (supplementary ablation),9,-458.94590795294357,80.94590795294356,378.0,0.0,0.0,207.27798845535966,207.27798845535966,0.036669970267591674,0.036669970267591674,0.0,0.013875123885034688,0.0,0,0.0,37,6.525420240620031,71.8121952661898,0.42732080292380503,0.38
main,v040,LOSO-nes-f0,secondary,LOSO,nested,0,A,MAPPO|wcnc2027_ablation/mappo_seed13/mappo_best.pt,MAPPO,13,R,wcnc2027_ablation 2026-09-14,all,-5102.869258916879,4257.014703153732,783.7796395631473,5.5749162000000005,56.5,1969.8362374698754,1968.4425084198751,0.005252725470763132,0.0037661050545094153,0.0014866204162537165,0.002973240832507433,0.07482656095143707,294,2.797224975222993,53,10.709860424212616,304.83747554532965,0.5837142961060194,0.38
main,v040,LOSO-nes-f0,secondary,LOSO,nested,0,A,MAPPO|wcnc2027_ablation/mappo_seed13/mappo_best.pt,MAPPO,13,R,wcnc2027_ablation 2026-09-14,0,-819.5248020257901,806.9741394257902,0.0,1.1756626,11.375,178.96065699694034,178.66674134694037,0.0,0.0,0.0,0.0,0.20317145688800792,62,5.898909811694748,0,0.0,0.0,0.0,0.38
main,v040,LOSO-nes-f0,secondary,LOSO,nested,0,A,MAPPO|wcnc2027_ablation/mappo_seed13/mappo_best.pt,MAPPO,13,R,wcnc2027_ablation 2026-09-14,1,-557.9789313308988,465.4437409308988,81.0,0.9101904000000001,10.625,192.92332163763905,192.69577403763907,0.002973240832507433,0.0,0.002973240832507433,0.002973240832507433,0.10208126858275521,48,4.566897918731417,3,1.3845715880624054,1.4213917743330218,1.0,0.38
main,v040,LOSO-nes-f0,secondary,LOSO,nested,0,A,MAPPO|wcnc2027_ablation/mappo_seed13/mappo_best.pt,MAPPO,13,R,wcnc2027_ablation 2026-09-14,2,-309.0417344519466,280.4279606519466,27.0,0.11377380000000001,1.5,206.797951031916,206.769507581916,0.0009910802775024777,0.0,0.0009910802775024777,0.0009910802775024777,0.002973240832507433,6,0.5708622398414271,1,1.363059272704875,1.363059272704875,1.0,0.38
main,v040,LOSO-nes-f0,secondary,LOSO,nested,0,A,MAPPO|wcnc2027_ablation/mappo_seed13/mappo_best.pt,MAPPO,13,R,wcnc2027_ablation 2026-09-14,3,-164.84558623109876,137.84558623109876,27.0,0.0,0.0,207.2423125911026,207.2423125911026,0.0009910802775024777,0.0009910802775024777,0.0,0.0009910802775024777,0.0,0,0.0,1,3.2475083125733666,3.2475083125733666,1.0,0.38
main,v040,LOSO-nes-f0,secondary,LOSO,nested,0,A,MAPPO|wcnc2027_ablation/mappo_seed13/mappo_best.pt,MAPPO,13,R,wcnc2027_ablation 2026-09-14,4,-668.8976077987193,551.0253419987193,108.0,0.8722658,9.0,187.68182413383457,187.4637576838346,0.003964321110009911,0.0,0.003964321110009911,0.003964321110009911,0.13478691774033696,46,4.376610505450942,4,1.3922255235189482,1.4213917743330218,1.0,0.38
main,v040,LOSO-nes-f0,secondary,LOSO,nested,0,A,MAPPO|wcnc2027_ablation/mappo_seed13/mappo_best.pt,MAPPO,13,R,wcnc2027_ablation 2026-09-14,5,-367.66369029786944,363.4965196978694,0.0,0.4171706,3.75,200.91294029741587,200.80864764741588,0.0,0.0,0.0,0.0,0.049554013875123884,22,2.093161546085233,0,0.0,0.0,0.0,0.38
main,v040,LOSO-nes-f0,secondary,LOSO,nested,0,A,MAPPO|wcnc2027_ablation/mappo_seed13/mappo_best.pt,MAPPO,13,R,wcnc2027_ablation 2026-09-14,6,-732.2782945514326,638.9367661882852,81.7796395631473,1.0618888000000002,10.5,190.52858483907954,190.26311263907957,0.003964321110009911,0.0,0.003964321110009911,0.003964321110009911,0.12190287413280476,56,5.32804757185332,4,76.92239551904441,304.83747554532965,0.7814969963595608,0.38
main,v040,LOSO-nes-f0,secondary,LOSO,nested,0,A,MAPPO|wcnc2027_ablation/mappo_seed13/mappo_best.pt,MAPPO,13,R,wcnc2027_ablation 2026-09-14,7,-629.6144658882347,569.2197476882347,54.0,0.6447182,5.75,193.6275250458789,193.4663454958789,0.0019821605550049554,0.0,0.0019821605550049554,0.0019821605550049554,0.10703666997026759,34,3.2348860257680876,2,1.3981138939518893,1.4213917743330218,1.0,0.38
main,v040,LOSO-nes-f0,secondary,LOSO,nested,0,A,MAPPO|wcnc2027_ablation/mappo_seed13/mappo_best.pt,MAPPO,13,R,wcnc2027_ablation 2026-09-14,8,-394.0782383879455,362.6989923879455,27.0,0.37924599999999997,4.0,203.88313244070878,203.7883209407088,0.0009910802775024777,0.0,0.0009910802775024777,0.0009910802775024777,0.026759167492566897,20,1.9028741328047574,1,1.363059272704875,1.363059272704875,1.0,0.38
main,v040,LOSO-nes-f0,secondary,LOSO,nested,0,A,MAPPO|wcnc2027_ablation/mappo_seed13/mappo_best.pt,MAPPO,13,R,wcnc2027_ablation 2026-09-14,9,-458.94590795294357,80.94590795294356,378.0,0.0,0.0,207.27798845535966,207.27798845535966,0.036669970267591674,0.036669970267591674,0.0,0.013875123885034688,0.0,0,0.0,37,6.525420240620031,71.8121952661898,0.42732080292380503,0.38
main,v040,LOSO-nes-f0,secondary,LOSO,nested,0,A,Centralized PPO|wcnc2027_ablation/central_seed13/ppo_multi_site.zip,Centralized PPO,13,R,wcnc2027_ablation 2026-09-14,all,-11327.355339792897,5712.779827762819,5595.460205830078,1.3653062,17.75,2079.651812245275,2079.310485695275,0.024182358771060456,0.008919722497522299,0.02041625371655104,0.021902874132804756,0.09256689791873142,72,0.6850346878097127,244,21.419340437388374,1603.7432307830027,0.8624024996004783,0.78
main,v040,LOSO-nes-f0,secondary,LOSO,nested,0,A,Centralized PPO|wcnc2027_ablation/central_seed13/ppo_multi_site.zip,Centralized PPO,13,R,wcnc2027_ablation 2026-09-14,0,-6031.413353552243,821.837841522165,5190.460205830078,1.3653062,17.75,215.67972262806597,215.33839607806593,0.20416253716551042,0.05153617443012884,0.20416253716551042,0.20416253716551042,0.9256689791873142,72,6.850346878097127,206,24.182674803433255,1603.7432307830027,0.9398802922055142,0.78
main,v040,LOSO-nes-f0,secondary,LOSO,nested,0,A,Centralized PPO|wcnc2027_ablation/central_seed13/ppo_multi_site.zip,Centralized PPO,13,R,wcnc2027_ablation 2026-09-14,1,-869.3226350929075,869.3226350929075,0.0,0.0,0.0,207.06233983456252,207.06233983456252,0.0,0.0,0.0,0.0,0.0,0,0.0,0,0.0,0.0,0.0,0.78
main,v040,LOSO-nes-f0,secondary,LOSO,nested,0,A,Centralized PPO|wcnc2027_ablation/central_seed13/ppo_multi_site.zip,Centralized PPO,13,R,wcnc2027_ablation 2026-09-14,2,-285.3978943212564,285.3978943212564,0.0,0.0,0.0,207.1596652387821,207.1596652387821,0.0,0.0,0.0,0.0,0.0,0,0.0,0,0.0,0.0,0.0,0.78
main,v040,LOSO-nes-f0,secondary,LOSO,nested,0,A,Centralized PPO|wcnc2027_ablation/central_seed13/ppo_multi_site.zip,Centralized PPO,13,R,wcnc2027_ablation 2026-09-14,3,-164.84558623109876,137.84558623109876,27.0,0.0,0.0,207.2423125911026,207.2423125911026,0.0009910802775024777,0.0009910802775024777,0.0,0.0009910802775024777,0.0,0,0.0,1,3.2475083125733666,3.2475083125733666,1.0,0.78
main,v040,LOSO-nes-f0,secondary,LOSO,nested,0,A,Centralized PPO|wcnc2027_ablation/central_seed13/ppo_multi_site.zip,Centralized PPO,13,R,wcnc2027_ablation 2026-09-14,4,-956.6551647701882,956.6551647701882,0.0,0.0,0.0,207.0060707279047,207.0060707279047,0.0,0.0,0.0,0.0,0.0,0,0.0,0,0.0,0.0,0.0,0.78
main,v040,LOSO-nes-f0,secondary,LOSO,nested,0,A,Centralized PPO|wcnc2027_ablation/central_seed13/ppo_multi_site.zip,Centralized PPO,13,R,wcnc2027_ablation 2026-09-14,5,-443.50485080580836,443.50485080580836,0.0,0.0,0.0,207.11606339401706,207.11606339401706,0.0,0.0,0.0,0.0,0.0,0,0.0,0,0.0,0.0,0.0,0.78
main,v040,LOSO-nes-f0,secondary,LOSO,nested,0,A,Centralized PPO|wcnc2027_ablation/central_seed13/ppo_multi_site.zip,Centralized PPO,13,R,wcnc2027_ablation 2026-09-14,6,-956.8470664123463,956.8470664123463,0.0,0.0,0.0,206.98977289917428,206.98977289917428,0.0,0.0,0.0,0.0,0.0,0,0.0,0,0.0,0.0,0.0,0.78
main,v040,LOSO-nes-f0,secondary,LOSO,nested,0,A,Centralized PPO|wcnc2027_ablation/central_seed13/ppo_multi_site.zip,Centralized PPO,13,R,wcnc2027_ablation 2026-09-14,7,-758.278582199907,758.278582199907,0.0,0.0,0.0,207.0030482598367,207.0030482598367,0.0,0.0,0.0,0.0,0.0,0,0.0,0,0.0,0.0,0.0,0.78
main,v040,LOSO-nes-f0,secondary,LOSO,nested,0,A,Centralized PPO|wcnc2027_ablation/central_seed13/ppo_multi_site.zip,Centralized PPO,13,R,wcnc2027_ablation 2026-09-14,8,-402.1442984541981,402.1442984541981,0.0,0.0,0.0,207.1148282164695,207.1148282164695,0.0,0.0,0.0,0.0,0.0,0,0.0,0,0.0,0.0,0.0,0.78
main,v040,LOSO-nes-f0,secondary,LOSO,nested,0,A,Centralized PPO|wcnc2027_ablation/central_seed13/ppo_multi_site.zip,Centralized PPO,13,R,wcnc2027_ablation 2026-09-14,9,-458.94590795294357,80.94590795294356,378.0,0.0,0.0,207.27798845535966,207.27798845535966,0.036669970267591674,0.036669970267591674,0.0,0.013875123885034688,0.0,0,0.0,37,6.525420240620031,71.8121952661898,0.42732080292380503,0.78
main,v040,LOSO-nes-f0,secondary,LOSO,nested,0,A,Shared-PPO|wcnc2027_ablation/shared_ppo_seed13/mappo_best.pt,Shared-PPO,13,R,wcnc2027_ablation 2026-09-14 (supplementary ablation),all,-5063.568109033269,4395.851291270123,621.7796395631473,4.4371782,41.5,1984.1942220604813,1983.084927510481,0.0046580773042616454,0.0037661050545094153,0.00089197224975223,0.0023785926660059467,0.061149653121902875,234,2.226362735381566,47,5.44343380489984,71.8121952661898,0.5305714402897665,0.38
main,v040,LOSO-nes-f0,secondary,LOSO,nested,0,A,Shared-PPO|wcnc2027_ablation/shared_ppo_seed13/mappo_best.pt,Shared-PPO,13,R,wcnc2027_ablation 2026-09-14 (supplementary ablation),0,-841.1752186483169,833.465877448317,0.0,0.8343411999999999,6.875,181.84521735328758,181.63663205328757,0.0,0.0,0.0,0.0,0.17443012884043607,44,4.186323092170466,0,0.0,0.0,0.0,0.38
main,v040,LOSO-nes-f0,secondary,LOSO,nested,0,A,Shared-PPO|wcnc2027_ablation/shared_ppo_seed13/mappo_best.pt,Shared-PPO,13,R,wcnc2027_ablation 2026-09-14 (supplementary ablation),1,-548.3589946408681,485.72550264086817,54.0,0.7584919999999999,7.875,195.01855270721046,194.82892970721048,0.0019821605550049554,0.0,0.0019821605550049554,0.0019821605550049554,0.08225966303270565,40,3.8057482656095147,2,1.3953277457411706,1.4213917743330218,1.0,0.38
main,v040,LOSO-nes-f0,secondary,LOSO,nested,0,A,Shared-PPO|wcnc2027_ablation/shared_ppo_seed13/mappo_best.pt,Shared-PPO,13,R,wcnc2027_ablation 2026-09-14 (supplementary ablation),2,-309.7959854538205,281.7201362538205,27.0,0.0758492,1.0,206.90632699708874,206.88736469708874,0.0009910802775024777,0.0,0.0009910802775024777,0.0009910802775024777,0.0019821605550049554,4,0.3805748265609515,1,1.363059272704875,1.363059272704875,1.0,0.38
main,v040,LOSO-nes-f0,secondary,LOSO,nested,0,A,Shared-PPO|wcnc2027_ablation/shared_ppo_seed13/mappo_best.pt,Shared-PPO,13,R,wcnc2027_ablation 2026-09-14 (supplementary ablation),3,-164.84558623109876,137.84558623109876,27.0,0.0,0.0,207.2423125911026,207.2423125911026,0.0009910802775024777,0.0009910802775024777,0.0,0.0009910802775024777,0.0,0,0.0,1,3.2475083125733666,3.2475083125733666,1.0,0.38
main,v040,LOSO-nes-f0,secondary,LOSO,nested,0,A,Shared-PPO|wcnc2027_ablation/shared_ppo_seed13/mappo_best.pt,Shared-PPO,13,R,wcnc2027_ablation 2026-09-14 (supplementary ablation),4,-656.0342809843739,568.3137135843739,81.0,0.7205674,6.0,189.15694072590452,188.97679887590454,0.002973240832507433,0.0,0.002973240832507433,0.002973240832507433,0.12190287413280476,38,3.615460852329039,3,1.382503439914257,1.4213917743330218,1.0,0.38
main,v040,LOSO-nes-f0,secondary,LOSO,nested,0,A,Shared-PPO|wcnc2027_ablation/shared_ppo_seed13/mappo_best.pt,Shared-PPO,13,R,wcnc2027_ablation 2026-09-14 (supplementary ablation),5,-377.04439229564525,375.1539200956453,0.0,0.26547220000000005,1.625,202.20218842431365,202.13582037431365,0.0,0.0,0.0,0.0,0.03766105054509415,14,1.33201189296333,0,0.0,0.0,0.0,0.38
main,v040,LOSO-nes-f0,secondary,LOSO,nested,0,A,Shared-PPO|wcnc2027_ablation/shared_ppo_seed13/mappo_best.pt,Shared-PPO,13,R,wcnc2027_ablation 2026-09-14 (supplementary ablation),6,-704.1803220109825,664.0396428478352,27.779639563147292,0.9860396,11.375,193.15733319502945,192.91082329502947,0.0019821605550049554,0.0,0.0019821605550049554,0.0019821605550049554,0.09712586719524281,52,4.947472745292369,2,0.744523629071559,1.363059272704875,0.5629939927191215,0.38
main,v040,LOSO-nes-f0,secondary,LOSO,nested,0,A,Shared-PPO|wcnc2027_ablation/shared_ppo_seed13/mappo_best.pt,Shared-PPO,13,R,wcnc2027_ablation 2026-09-14 (supplementary ablation),7,-596.3460095609425,592.4400651609426,0.0,0.5309444000000001,3.375,196.1246445450023,195.99190844500228,0.0,0.0,0.0,0.0,0.08225966303270565,28,2.66402378592666,0,0.0,0.0,0.0,0.38
main,v040,LOSO-nes-f0,secondary,LOSO,nested,0,A,Shared-PPO|wcnc2027_ablation/shared_ppo_seed13/mappo_best.pt,Shared-PPO,13,R,wcnc2027_ablation 2026-09-14 (supplementary ablation),8,-406.84141125427755,376.20093905427757,27.0,0.26547220000000005,3.375,205.26271706618223,205.19634901618224,0.0009910802775024777,0.0,0.0009910802775024777,0.0009910802775024777,0.013875123885034688,14,1.33201189296333,1,1.363059272704875,1.363059272704875,1.0,0.38
main,v040,LOSO-nes-f0,secondary,LOSO,nested,0,A,Shared-PPO|wcnc2027_ablation/shared_ppo_seed13/mappo_best.pt,Shared-PPO,13,R,wcnc2027_ablation 2026-09-14 (supplementary ablation),9,-458.94590795294357,80.94590795294356,378.0,0.0,0.0,207.27798845535966,207.27798845535966,0.036669970267591674,0.036669970267591674,0.0,0.013875123885034688,0.0,0,0.0,37,6.525420240620031,71.8121952661898,0.42732080292380503,0.38
main,v040,LOSO-nes-f0,secondary,LOSO,nested,0,A,MAPPO|wcnc2027_ablation/mappo_seed23/mappo_best.pt,MAPPO,23,R,wcnc2027_ablation 2026-09-14,all,-5088.173749978943,4234.152023615796,783.7796395631473,5.9920868,64.25,1967.353114208373,1965.8550925083728,0.005252725470763132,0.0037661050545094153,0.0014866204162537165,0.002973240832507433,0.07720515361744301,316,3.0065411298315166,53,10.70875981097435,304.83747554532965,0.5837142961060194,0.38
main,v040,LOSO-nes-f0,secondary,LOSO,nested,0,A,MAPPO|wcnc2027_ablation/mappo_seed23/mappo_best.pt,MAPPO,23,R,wcnc2027_ablation 2026-09-14,0,-812.9667576922574,800.0031704922575,0.0,1.2135872,11.75,178.05279494293882,177.74939814293884,0.0,0.0,0.0,0.0,0.2130822596630327,64,6.089197224975224,0,0.0,0.0,0.0,0.38
main,v040,LOSO-nes-f0,secondary,LOSO,nested,0,A,MAPPO|wcnc2027_ablation/mappo_seed23/mappo_best.pt,MAPPO,23,R,wcnc2027_ablation 2026-09-14,1,-553.7623302646546,461.72713986465465,81.0,0.9101904000000001,10.125,192.4402072804437,192.2126596804437,0.002973240832507433,0.0,0.002973240832507433,0.002973240832507433,0.10703666997026759,48,4.566897918731417,3,1.3845715880624054,1.4213917743330218,1.0,0.38
main,v040,LOSO-nes-f0,secondary,LOSO,nested,0,A,MAPPO|wcnc2027_ablation/mappo_seed23/mappo_best.pt,MAPPO,23,R,wcnc2027_ablation 2026-09-14,2,-308.91983406093067,279.7681356609307,27.0,0.1516984,2.0,206.7220368817563,206.6841122817563,0.0009910802775024777,0.0,0.0009910802775024777,0.0009910802775024777,0.003964321110009911,8,0.761149653121903,1,1.363059272704875,1.363059272704875,1.0,0.38
main,v040,LOSO-nes-f0,secondary,LOSO,nested,0,A,MAPPO|wcnc2027_ablation/mappo_seed23/mappo_best.pt,MAPPO,23,R,wcnc2027_ablation 2026-09-14,3,-164.84558623109876,137.84558623109876,27.0,0.0,0.0,207.2423125911026,207.2423125911026,0.0009910802775024777,0.0009910802775024777,0.0,0.0009910802775024777,0.0,0,0.0,1,3.2475083125733666,3.2475083125733666,1.0,0.38
main,v040,LOSO-nes-f0,secondary,LOSO,nested,0,A,MAPPO|wcnc2027_ablation/mappo_seed23/mappo_best.pt,MAPPO,23,R,wcnc2027_ablation 2026-09-14,4,-667.7793752658345,548.6191848658345,108.0,0.9101904,10.25,187.38332445256134,187.15577685256136,0.003964321110009911,0.0,0.003964321110009911,0.003964321110009911,0.1377601585728444,48,4.566897918731417,4,1.3922255235189482,1.4213917743330218,1.0,0.38
main,v040,LOSO-nes-f0,secondary,LOSO,nested,0,A,MAPPO|wcnc2027_ablation/mappo_seed23/mappo_best.pt,MAPPO,23,R,wcnc2027_ablation 2026-09-14,5,-365.1294149734718,361.7501689734718,0.0,0.37924599999999997,3.0,200.79195504894514,200.69714354894515,0.0,0.0,0.0,0.0,0.05054509415262636,20,1.9028741328047574,0,0.0,0.0,0.0,0.38
main,v040,LOSO-nes-f0,secondary,LOSO,nested,0,A,MAPPO|wcnc2027_ablation/mappo_seed23/mappo_best.pt,MAPPO,23,R,wcnc2027_ablation 2026-09-14,6,-761.2849223944434,636.1287710312961,108.7796395631473,1.2515118,15.125,190.38744141533078,190.0745634653308,0.004955401387512388,0.0,0.004955401387512388,0.004955401387512388,0.12190287413280476,66,6.279484638255699,5,61.81052826977651,304.83747554532965,0.8251975970876486,0.38
main,v040,LOSO-nes-f0,secondary,LOSO,nested,0,A,MAPPO|wcnc2027_ablation/mappo_seed23/mappo_best.pt,MAPPO,23,R,wcnc2027_ablation 2026-09-14,7,-598.5263107800666,564.3057433800667,27.0,0.7205674,6.5,193.08198416305856,192.90184231305855,0.0009910802775024777,0.0,0.0009910802775024777,0.0009910802775024777,0.11199207135777998,38,3.615460852329039,1,1.3748360135707571,1.3748360135707571,1.0,0.38
main,v040,LOSO-nes-f0,secondary,LOSO,nested,0,A,MAPPO|wcnc2027_ablation/mappo_seed23/mappo_best.pt,MAPPO,23,R,wcnc2027_ablation 2026-09-14,8,-396.013310363242,363.05821516324204,27.0,0.45509520000000003,5.5,203.97306897687582,203.85929517687583,0.0009910802775024777,0.0,0.0009910802775024777,0.0009910802775024777,0.02576808721506442,24,2.2834489593657086,1,1.363059272704875,1.363059272704875,1.0,0.38
main,v040,LOSO-nes-f0,secondary,LOSO,nested,0,A,MAPPO|wcnc2027_ablation/mappo_seed23/mappo_best.pt,MAPPO,23,R,wcnc2027_ablation 2026-09-14,9,-458.94590795294357,80.94590795294356,378.0,0.0,0.0,207.27798845535966,207.27798845535966,0.036669970267591674,0.036669970267591674,0.0,0.013875123885034688,0.0,0,0.0,37,6.525420240620031,71.8121952661898,0.42732080292380503,0.38
main,v040,LOSO-nes-f0,secondary,LOSO,nested,0,A,Centralized PPO|wcnc2027_ablation/central_seed23/ppo_multi_site.zip,Centralized PPO,23,R,wcnc2027_ablation 2026-09-14,all,-19732.345666652516,5141.0715983382215,14342.197040914292,13.577027400000002,235.5,2119.329531275387,2115.9352744253874,0.058077304261645195,0.021902874132804756,0.05431119920713578,0.05579781962338949,0.1508424182358771,714,6.793260654112984,586,111.39778606893222,2384.262057332388,0.914989939258232,0.79
main,v040,LOSO-nes-f0,secondary,LOSO,nested,0,A,Centralized PPO|wcnc2027_ablation/central_seed23/ppo_multi_site.zip,Centralized PPO,23,R,wcnc2027_ablation 2026-09-14,0,-5695.422430318448,876.0305918700212,4669.6594454484275,7.357393,142.375,205.8131369160132,203.97378866601323,0.1823587710604559,0.027750247770069375,0.1823587710604559,0.1823587710604559,0.6798810703666998,388,36.91575817641229,184,9.50246010514545,302.35582121454627,0.9459527980884834,0.79
main,v040,LOSO-nes-f0,secondary,LOSO,nested,0,A,Centralized PPO|wcnc2027_ablation/central_seed23/ppo_multi_site.zip,Centralized PPO,23,R,wcnc2027_ablation 2026-09-14,1,-2012.180842778926,459.95572463412833,1547.5803999447976,0.6447182,4.0,202.00007899941457,201.83889944941458,0.06045589692765114,0.02081268582755203,0.06045589692765114,0.06045589692765114,0.2705649157581764,33,3.1397423191278495,61,21.055028069678496,302.38541957956386,0.9456723496966106,0.79
main,v040,LOSO-nes-f0,secondary,LOSO,nested,0,A,Centralized PPO|wcnc2027_ablation/central_seed23/ppo_multi_site.zip,Centralized PPO,23,R,wcnc2027_ablation 2026-09-14,2,-285.3978943212564,285.3978943212564,0.0,0.0,0.0,207.1596652387821,207.1596652387821,0.0,0.0,0.0,0.0,0.0,0,0.0,0,0.0,0.0,0.0,0.79
main,v040,LOSO-nes-f0,secondary,LOSO,nested,0,A,Centralized PPO|wcnc2027_ablation/central_seed23/ppo_multi_site.zip,Centralized PPO,23,R,wcnc2027_ablation 2026-09-14,3,-164.84558623109876,137.84558623109876,27.0,0.0,0.0,207.2423125911026,207.2423125911026,0.0009910802775024777,0.0009910802775024777,0.0,0.0009910802775024777,0.0,0,0.0,1,3.2475083125733666,3.2475083125733666,1.0,0.79
main,v040,LOSO-nes-f0,secondary,LOSO,nested,0,A,Centralized PPO|wcnc2027_ablation/central_seed23/ppo_multi_site.zip,Centralized PPO,23,R,wcnc2027_ablation 2026-09-14,4,-1011.6697358769617,957.1318112769617,54.0,0.0379246,0.5,207.67736101135168,207.66787986135168,0.0019821605550049554,0.0009910802775024777,0.0019821605550049554,0.0019821605550049554,0.0009910802775024777,2,0.19028741328047574,2,802.5531450278538,1603.7432307830027,1.0,0.79
main,v040,LOSO-nes-f0,secondary,LOSO,nested,0,A,Centralized PPO|wcnc2027_ablation/central_seed23/ppo_multi_site.zip,Centralized PPO,23,R,wcnc2027_ablation 2026-09-14,5,-580.0639932919842,444.9010686919841,135.0,0.0379246,0.125,209.57956404213488,209.57008289213488,0.004955401387512388,0.003964321110009911,0.004955401387512388,0.004955401387512388,0.003964321110009911,2,0.19028741328047574,5,1268.3161555528827,1603.7432307830027,1.0,0.79
main,v040,LOSO-nes-f0,secondary,LOSO,nested,0,A,Centralized PPO|wcnc2027_ablation/central_seed23/ppo_multi_site.zip,Centralized PPO,23,R,wcnc2027_ablation 2026-09-14,6,-8310.73333710774,739.8149991866717,7476.957195521069,5.4611424,88.5,258.42269910757085,257.05741350757086,0.29137760158572845,0.1278493557978196,0.29137760158572845,0.29137760158572845,0.5480673934588701,287,27.306243805748267,294,183.85075480263126,2384.262057332388,0.9477275731883299,0.79
main,v040,LOSO-nes-f0,secondary,LOSO,nested,0,A,Centralized PPO|wcnc2027_ablation/central_seed23/ppo_multi_site.zip,Centralized PPO,23,R,wcnc2027_ablation 2026-09-14,7,-758.278582199907,758.278582199907,0.0,0.0,0.0,207.0030482598367,207.0030482598367,0.0,0.0,0.0,0.0,0.0,0,0.0,0,0.0,0.0,0.0,0.79
main,v040,LOSO-nes-f0,secondary,LOSO,nested,0,A,Centralized PPO|wcnc2027_ablation/central_seed23/ppo_multi_site.zip,Centralized PPO,23,R,wcnc2027_ablation 2026-09-14,8,-454.8073565732481,400.76943197324806,54.0,0.0379246,0.0,207.15367665382095,207.14419550382095,0.0019821605550049554,0.0,0.0019821605550049554,0.0019821605550049554,0.004955401387512388,2,0.19028741328047574,2,1.3981138939518893,1.4213917743330218,1.0,0.79
main,v040,LOSO-nes-f0,secondary,LOSO,nested,0,A,Centralized PPO|wcnc2027_ablation/central_seed23/ppo_multi_site.zip,Centralized PPO,23,R,wcnc2027_ablation 2026-09-14,9,-458.94590795294357,80.94590795294356,378.0,0.0,0.0,207.27798845535966,207.27798845535966,0.036669970267591674,0.036669970267591674,0.0,0.013875123885034688,0.0,0,0.0,37,6.525420240620031,71.8121952661898,0.42732080292380503,0.79
main,v040,LOSO-nes-f0,secondary,LOSO,nested,0,A,Shared-PPO|wcnc2027_ablation/shared_ppo_seed23/mappo_best.pt,Shared-PPO,23,R,wcnc2027_ablation 2026-09-14 (supplementary ablation),all,-5190.44346207805,4181.421735714903,945.7796395631473,5.992086800000001,57.25,1958.8756462690258,1957.3776245690256,0.005847373637264618,0.0037661050545094153,0.0020812685827552033,0.00356788899900892,0.08909811694747274,316,3.0065411298315166,59,9.760203766758869,304.83747554532965,0.6260484354850683,0.37
main,v040,LOSO-nes-f0,secondary,LOSO,nested,0,A,Shared-PPO|wcnc2027_ablation/shared_ppo_seed23/mappo_best.pt,Shared-PPO,23,R,wcnc2027_ablation 2026-09-14 (supplementary ablation),0,-804.520919461863,789.655633861863,0.0,1.3652856,13.5,176.43209781864272,176.09077641864275,0.0,0.0,0.0,0.0,0.2358771060455897,72,6.850346878097127,0,0.0,0.0,0.0,0.37
main,v040,LOSO-nes-f0,secondary,LOSO,nested,0,A,Shared-PPO|wcnc2027_ablation/shared_ppo_seed23/mappo_best.pt,Shared-PPO,23,R,wcnc2027_ablation 2026-09-14 (supplementary ablation),1,-542.4112562795704,454.1148396795704,81.0,0.7964166,6.5,191.19247538535092,190.99337123535093,0.002973240832507433,0.0,0.002973240832507433,0.002973240832507433,0.12685827552031714,42,3.9960356788899905,3,1.3845715880624054,1.4213917743330218,1.0,0.37
main,v040,LOSO-nes-f0,secondary,LOSO,nested,0,A,Shared-PPO|wcnc2027_ablation/shared_ppo_seed23/mappo_best.pt,Shared-PPO,23,R,wcnc2027_ablation 2026-09-14 (supplementary ablation),2,-307.9573464687347,277.85479886873475,27.0,0.22754760000000002,2.875,206.4877854401571,206.4308985401571,0.0009910802775024777,0.0,0.0009910802775024777,0.0009910802775024777,0.006937561942517344,12,1.1417244796828543,1,1.363059272704875,1.363059272704875,1.0,0.37
main,v040,LOSO-nes-f0,secondary,LOSO,nested,0,A,Shared-PPO|wcnc2027_ablation/shared_ppo_seed23/mappo_best.pt,Shared-PPO,23,R,wcnc2027_ablation 2026-09-14 (supplementary ablation),3,-164.84558623109876,137.84558623109876,27.0,0.0,0.0,207.2423125911026,207.2423125911026,0.0009910802775024777,0.0009910802775024777,0.0,0.0009910802775024777,0.0,0,0.0,1,3.2475083125733666,3.2475083125733666,1.0,0.37
main,v040,LOSO-nes-f0,secondary,LOSO,nested,0,A,Shared-PPO|wcnc2027_ablation/shared_ppo_seed23/mappo_best.pt,Shared-PPO,23,R,wcnc2027_ablation 2026-09-14 (supplementary ablation),4,-685.414228237088,543.4436608370879,135.0,0.7205674,6.25,186.18417067139345,186.00402882139343,0.004955401387512388,0.0,0.004955401387512388,0.004955401387512388,0.15460852329038652,38,3.615460852329039,5,1.398058773681763,1.4213917743330218,1.0,0.37
main,v040,LOSO-nes-f0,secondary,LOSO,nested,0,A,Shared-PPO|wcnc2027_ablation/shared_ppo_seed23/mappo_best.pt,Shared-PPO,23,R,wcnc2027_ablation 2026-09-14 (supplementary ablation),5,-415.3492255950856,356.10620579508566,54.0,0.49301980000000006,4.75,200.01529691374702,199.89204196374703,0.0019821605550049554,0.0,0.0019821605550049554,0.0019821605550049554,0.061446977205153616,26,2.4737363726461843,2,1.363059272704875,1.363059272704875,1.0,0.37
main,v040,LOSO-nes-f0,secondary,LOSO,nested,0,A,Shared-PPO|wcnc2027_ablation/shared_ppo_seed23/mappo_best.pt,Shared-PPO,23,R,wcnc2027_ablation 2026-09-14 (supplementary ablation),6,-746.2855777746312,625.743200211484,108.7796395631473,1.1377380000000001,10.625,188.88304904163329,188.59861454163325,0.004955401387512388,0.0,0.004955401387512388,0.004955401387512388,0.14172447968285432,60,5.708622398414271,5,61.81052826977651,304.83747554532965,0.8251975970876486,0.37
main,v040,LOSO-nes-f0,secondary,LOSO,nested,0,A,Shared-PPO|wcnc2027_ablation/shared_ppo_seed23/mappo_best.pt,Shared-PPO,23,R,wcnc2027_ablation 2026-09-14 (supplementary ablation),7,-645.3372414358545,556.9916740358544,81.0,0.7205674,6.625,191.75625999042177,191.57611814042176,0.002973240832507433,0.0,0.002973240832507433,0.002973240832507433,0.13082259663032705,38,3.615460852329039,3,1.3840062260852377,1.4213917743330218,1.0,0.37
main,v040,LOSO-nes-f0,secondary,LOSO,nested,0,A,Shared-PPO|wcnc2027_ablation/shared_ppo_seed23/mappo_best.pt,Shared-PPO,23,R,wcnc2027_ablation 2026-09-14 (supplementary ablation),8,-419.37617264118063,358.7202282411806,54.0,0.5309444000000001,6.125,203.40420996121708,203.27147386121703,0.0019821605550049554,0.0,0.0019821605550049554,0.0019821605550049554,0.03270564915758176,28,2.66402378592666,2,1.363059272704875,1.363059272704875,1.0,0.37
main,v040,LOSO-nes-f0,secondary,LOSO,nested,0,A,Shared-PPO|wcnc2027_ablation/shared_ppo_seed23/mappo_best.pt,Shared-PPO,23,R,wcnc2027_ablation 2026-09-14 (supplementary ablation),9,-458.94590795294357,80.94590795294356,378.0,0.0,0.0,207.27798845535966,207.27798845535966,0.036669970267591674,0.036669970267591674,0.0,0.013875123885034688,0.0,0,0.0,37,6.525420240620031,71.8121952661898,0.42732080292380503,0.37
main,v040,LOSO-nes-f0,secondary,LOSO,nested,0,A,MAPPO|wcnc2027_ablation/mappo_seed42/mappo_best.pt,MAPPO,42,R,wcnc2027_ablation 2026-09-14,all,-5107.6452804204255,4297.571669057279,756.7796395631473,5.0439718,48.25,1975.1200165391783,1973.8590235891784,0.005153617443012884,0.003865213082259663,0.0013875123885034688,0.0028741328047571855,0.07016848364717543,266,2.5308225966303275,52,2295.012706508677,59540.33003128016,0.575708801800366,0.37
main,v040,LOSO-nes-f0,secondary,LOSO,nested,0,A,MAPPO|wcnc2027_ablation/mappo_seed42/mappo_best.pt,MAPPO,42,R,wcnc2027_ablation 2026-09-14,0,-834.5975852270026,826.0623948270027,0.0,0.9101904000000001,7.625,181.08815866709858,180.86061106709855,0.0,0.0,0.0,0.0,0.18136769078295342,48,4.566897918731417,0,0.0,0.0,0.0,0.37
main,v040,LOSO-nes-f0,secondary,LOSO,nested,0,A,MAPPO|wcnc2027_ablation/mappo_seed42/mappo_best.pt,MAPPO,42,R,wcnc2027_ablation 2026-09-14,1,-534.1212228532306,470.2868816532306,54.0,0.8343412000000001,9.0,193.40974765764128,193.20116235764124,0.0019821605550049554,0.0,0.0019821605550049554,0.0019821605550049554,0.09712586719524281,44,4.186323092170466,2,1.3953277457411706,1.4213917743330218,1.0,0.37
main,v040,LOSO-nes-f0,secondary,LOSO,nested,0,A,MAPPO|wcnc2027_ablation/mappo_seed42/mappo_best.pt,MAPPO,42,R,wcnc2027_ablation 2026-09-14,2,-336.7741333494492,281.1603595494492,54.0,0.11377380000000001,1.5,206.83992046047172,206.8114770104717,0.0019821605550049554,0.0,0.0019821605550049554,0.0019821605550049554,0.002973240832507433,6,0.5708622398414271,2,1.368947643137816,1.3748360135707571,1.0,0.37
main,v040,LOSO-nes-f0,secondary,LOSO,nested,0,A,MAPPO|wcnc2027_ablation/mappo_seed42/mappo_best.pt,MAPPO,42,R,wcnc2027_ablation 2026-09-14,3,-164.84558623109876,137.84558623109876,27.0,0.0,0.0,207.2423125911026,207.2423125911026,0.0009910802775024777,0.0009910802775024777,0.0,0.0009910802775024777,0.0,0,0.0,1,3.2475083125733666,3.2475083125733666,1.0,0.37
main,v040,LOSO-nes-f0,secondary,LOSO,nested,0,A,MAPPO|wcnc2027_ablation/mappo_seed42/mappo_best.pt,MAPPO,42,R,wcnc2027_ablation 2026-09-14,4,-668.0748900578626,552.9413980578627,108.0,0.7584919999999999,6.375,187.72599322083687,187.5363702208369,0.003964321110009911,0.0,0.003964321110009911,0.003964321110009911,0.13478691774033696,40,3.8057482656095147,4,1.3922255235189482,1.4213917743330218,1.0,0.37
main,v040,LOSO-nes-f0,secondary,LOSO,nested,0,A,MAPPO|wcnc2027_ablation/mappo_seed42/mappo_best.pt,MAPPO,42,R,wcnc2027_ablation 2026-09-14,5,-369.619605326422,367.441208526422,0.0,0.3033968,1.875,201.35933317683316,201.28348397683317,0.0,0.0,0.0,0.0,0.04558969276511397,16,1.522299306243806,0,0.0,0.0,0.0,0.37
main,v040,LOSO-nes-f0,secondary,LOSO,nested,0,A,MAPPO|wcnc2027_ablation/mappo_seed42/mappo_best.pt,MAPPO,42,R,wcnc2027_ablation 2026-09-14,6,-712.9401929969879,645.3486646338406,54.77963956314729,1.0618888,11.75,191.31212359023073,191.0466513902307,0.002973240832507433,0.0,0.002973240832507433,0.002973240832507433,0.11298315163528246,56,5.32804757185332,3,0.950702176949331,1.363059272704875,0.7086626618127477,0.37
main,v040,LOSO-nes-f0,secondary,LOSO,nested,0,A,MAPPO|wcnc2027_ablation/mappo_seed42/mappo_best.pt,MAPPO,42,R,wcnc2027_ablation 2026-09-14,7,-576.9069593774827,571.3872411774828,0.0,0.6447182,4.875,193.92841339134492,193.7672338413449,0.0,0.0,0.0,0.0,0.10406342913776016,34,3.2348860257680876,0,0.0,0.0,0.0,0.37
main,v040,LOSO-nes-f0,secondary,LOSO,nested,0,A,MAPPO|wcnc2027_ablation/mappo_seed42/mappo_best.pt,MAPPO,42,R,wcnc2027_ablation 2026-09-14,8,-396.1951493750691,364.0659033750691,27.0,0.37924599999999997,4.75,204.251336697596,204.156525197596,0.0009910802775024777,0.0,0.0009910802775024777,0.0009910802775024777,0.02180376610505451,20,1.9028741328047574,1,1.363059272704875,1.363059272704875,1.0,0.37
main,v040,LOSO-nes-f0,secondary,LOSO,nested,0,A,MAPPO|wcnc2027_ablation/mappo_seed42/mappo_best.pt,MAPPO,42,R,wcnc2027_ablation 2026-09-14,9,-513.5699556258204,81.03203102582037,432.0,0.0379246,0.5,207.96267708602267,207.95319593602267,0.03865213082259663,0.03766105054509415,0.0019821605550049554,0.015857284440039643,0.0009910802775024777,2,0.19028741328047574,39,3059.5410413195714,59540.33003128016,0.4566889668764303,0.37
main,v040,LOSO-nes-f0,secondary,LOSO,nested,0,A,Centralized PPO|wcnc2027_ablation/central_seed42/ppo_multi_site.zip,Centralized PPO,42,R,wcnc2027_ablation 2026-09-14,all,-6849.429314941451,5944.72031602035,896.2005069211002,0.758492,7.75,2061.688343744406,2061.4987207444065,0.005748265609514371,0.004162537165510407,0.0019821605550049554,0.003468780971258672,0.01427155599603568,39,0.37106045589692765,58,4.6638835572505375,71.8121952661898,0.6066244817048987,0.78
main,v040,LOSO-nes-f0,secondary,LOSO,nested,0,A,Centralized PPO|wcnc2027_ablation/central_seed42/ppo_multi_site.zip,Centralized PPO,42,R,wcnc2027_ablation 2026-09-14,0,-1322.4870855792624,1322.4870855792624,0.0,0.0,0.0,206.93139296925,206.93139296925,0.0,0.0,0.0,0.0,0.0,0,0.0,0,0.0,0.0,0.0,0.78
main,v040,LOSO-nes-f0,secondary,LOSO,nested,0,A,Centralized PPO|wcnc2027_ablation/central_seed42/ppo_multi_site.zip,Centralized PPO,42,R,wcnc2027_ablation 2026-09-14,1,-869.3226350929075,869.3226350929075,0.0,0.0,0.0,207.06233983456252,207.06233983456252,0.0,0.0,0.0,0.0,0.0,0,0.0,0,0.0,0.0,0.0,0.78
main,v040,LOSO-nes-f0,secondary,LOSO,nested,0,A,Centralized PPO|wcnc2027_ablation/central_seed42/ppo_multi_site.zip,Centralized PPO,42,R,wcnc2027_ablation 2026-09-14,2,-285.3978943212564,285.3978943212564,0.0,0.0,0.0,207.1596652387821,207.1596652387821,0.0,0.0,0.0,0.0,0.0,0,0.0,0,0.0,0.0,0.0,0.78
main,v040,LOSO-nes-f0,secondary,LOSO,nested,0,A,Centralized PPO|wcnc2027_ablation/central_seed42/ppo_multi_site.zip,Centralized PPO,42,R,wcnc2027_ablation 2026-09-14,3,-164.84558623109876,137.84558623109876,27.0,0.0,0.0,207.2423125911026,207.2423125911026,0.0009910802775024777,0.0009910802775024777,0.0,0.0009910802775024777,0.0,0,0.0,1,3.2475083125733666,3.2475083125733666,1.0,0.78
main,v040,LOSO-nes-f0,secondary,LOSO,nested,0,A,Centralized PPO|wcnc2027_ablation/central_seed42/ppo_multi_site.zip,Centralized PPO,42,R,wcnc2027_ablation 2026-09-14,4,-1187.6554078917227,687.9464089706223,491.20050692110016,0.7584919999999999,7.75,197.7909318858518,197.60130888585178,0.019821605550049554,0.003964321110009911,0.019821605550049554,0.019821605550049554,0.14271555996035679,39,3.7106045589692767,20,1.2908594552508332,1.7030429867548669,0.9186675115351669,0.78
main,v040,LOSO-nes-f0,secondary,LOSO,nested,0,A,Centralized PPO|wcnc2027_ablation/central_seed42/ppo_multi_site.zip,Centralized PPO,42,R,wcnc2027_ablation 2026-09-14,5,-443.50485080580836,443.50485080580836,0.0,0.0,0.0,207.11606339401706,207.11606339401706,0.0,0.0,0.0,0.0,0.0,0,0.0,0,0.0,0.0,0.0,0.78
main,v040,LOSO-nes-f0,secondary,LOSO,nested,0,A,Centralized PPO|wcnc2027_ablation/central_seed42/ppo_multi_site.zip,Centralized PPO,42,R,wcnc2027_ablation 2026-09-14,6,-956.8470664123463,956.8470664123463,0.0,0.0,0.0,206.98977289917428,206.98977289917428,0.0,0.0,0.0,0.0,0.0,0,0.0,0,0.0,0.0,0.0,0.78
main,v040,LOSO-nes-f0,secondary,LOSO,nested,0,A,Centralized PPO|wcnc2027_ablation/central_seed42/ppo_multi_site.zip,Centralized PPO,42,R,wcnc2027_ablation 2026-09-14,7,-758.278582199907,758.278582199907,0.0,0.0,0.0,207.0030482598367,207.0030482598367,0.0,0.0,0.0,0.0,0.0,0,0.0,0,0.0,0.0,0.0,0.78
main,v040,LOSO-nes-f0,secondary,LOSO,nested,0,A,Centralized PPO|wcnc2027_ablation/central_seed42/ppo_multi_site.zip,Centralized PPO,42,R,wcnc2027_ablation 2026-09-14,8,-402.1442984541981,402.1442984541981,0.0,0.0,0.0,207.1148282164695,207.1148282164695,0.0,0.0,0.0,0.0,0.0,0,0.0,0,0.0,0.0,0.0,0.78
main,v040,LOSO-nes-f0,secondary,LOSO,nested,0,A,Centralized PPO|wcnc2027_ablation/central_seed42/ppo_multi_site.zip,Centralized PPO,42,R,wcnc2027_ablation 2026-09-14,9,-458.94590795294357,80.94590795294356,378.0,0.0,0.0,207.27798845535966,207.27798845535966,0.036669970267591674,0.036669970267591674,0.0,0.013875123885034688,0.0,0,0.0,37,6.525420240620031,71.8121952661898,0.42732080292380503,0.78
main,v040,LOSO-nes-f0,secondary,LOSO,nested,0,A,Shared-PPO|wcnc2027_ablation/shared_ppo_seed42/mappo_best.pt,Shared-PPO,42,R,wcnc2027_ablation 2026-09-14 (supplementary ablation),all,-5195.935619767719,4155.512195004572,972.7796395631473,6.1437852,61.5,1956.8748726168335,1955.3389263168333,0.005946481665014866,0.0037661050545094153,0.002180376610505451,0.0036669970267591673,0.08999008919722498,324,3.0826560951437068,60,9.621344706590985,304.83747554532965,0.6322809615603172,0.37
main,v040,LOSO-nes-f0,secondary,LOSO,nested,0,A,Shared-PPO|wcnc2027_ablation/shared_ppo_seed42/mappo_best.pt,Shared-PPO,42,R,wcnc2027_ablation 2026-09-14 (supplementary ablation),0,-824.1083439168109,782.8680583168109,27.0,1.3652856,12.875,175.56863262966374,175.22731122966377,0.0009910802775024777,0.0,0.0009910802775024777,0.0009910802775024777,0.244796828543112,72,6.850346878097127,1,1.4213917743330218,1.4213917743330218,1.0,0.37
main,v040,LOSO-nes-f0,secondary,LOSO,nested,0,A,Shared-PPO|wcnc2027_ablation/shared_ppo_seed42/mappo_best.pt,Shared-PPO,42,R,wcnc2027_ablation 2026-09-14 (supplementary ablation),1,-543.0495555931874,452.05228979318736,81.0,0.8722658,9.125,191.12602518680188,190.90795873680185,0.002973240832507433,0.0,0.002973240832507433,0.002973240832507433,0.12487611496531219,46,4.376610505450942,3,1.3845715880624054,1.4213917743330218,1.0,0.37
main,v040,LOSO-nes-f0,secondary,LOSO,nested,0,A,Shared-PPO|wcnc2027_ablation/shared_ppo_seed42/mappo_best.pt,Shared-PPO,42,R,wcnc2027_ablation 2026-09-14 (supplementary ablation),2,-309.09602673441884,279.40640373441886,27.0,0.189623,2.5,206.6676246716801,206.62021892168008,0.0009910802775024777,0.0,0.0009910802775024777,0.0009910802775024777,0.004955401387512388,10,0.9514370664023787,1,1.363059272704875,1.363059272704875,1.0,0.37
main,v040,LOSO-nes-f0,secondary,LOSO,nested,0,A,Shared-PPO|wcnc2027_ablation/shared_ppo_seed42/mappo_best.pt,Shared-PPO,42,R,wcnc2027_ablation 2026-09-14 (supplementary ablation),3,-164.84558623109876,137.84558623109876,27.0,0.0,0.0,207.2423125911026,207.2423125911026,0.0009910802775024777,0.0009910802775024777,0.0,0.0009910802775024777,0.0,0,0.0,1,3.2475083125733666,3.2475083125733666,1.0,0.37
main,v040,LOSO-nes-f0,secondary,LOSO,nested,0,A,Shared-PPO|wcnc2027_ablation/shared_ppo_seed42/mappo_best.pt,Shared-PPO,42,R,wcnc2027_ablation 2026-09-14 (supplementary ablation),4,-679.243585486947,537.5230180869471,135.0,0.7205674,6.0,185.81950587100695,185.63936402100694,0.004955401387512388,0.0,0.004955401387512388,0.004955401387512388,0.155599603567889,38,3.615460852329039,5,1.398058773681763,1.4213917743330218,1.0,0.37
main,v040,LOSO-nes-f0,secondary,LOSO,nested,0,A,Shared-PPO|wcnc2027_ablation/shared_ppo_seed42/mappo_best.pt,Shared-PPO,42,R,wcnc2027_ablation 2026-09-14 (supplementary ablation),5,-413.63699332052784,355.5568981205278,54.0,0.45509520000000003,3.625,199.9288818481491,199.8151080481491,0.0019821605550049554,0.0,0.0019821605550049554,0.0019821605550049554,0.061446977205153616,24,2.2834489593657086,2,1.363059272704875,1.363059272704875,1.0,0.37
main,v040,LOSO-nes-f0,secondary,LOSO,nested,0,A,Shared-PPO|wcnc2027_ablation/shared_ppo_seed42/mappo_best.pt,Shared-PPO,42,R,wcnc2027_ablation 2026-09-14 (supplementary ablation),6,-745.0978033779697,623.3925012148226,108.7796395631473,1.1756626,11.75,188.74825879774357,188.4543431477436,0.004955401387512388,0.0,0.004955401387512388,0.004955401387512388,0.14172447968285432,62,5.898909811694748,5,61.81052826977651,304.83747554532965,0.8251975970876486,0.37
main,v040,LOSO-nes-f0,secondary,LOSO,nested,0,A,Shared-PPO|wcnc2027_ablation/shared_ppo_seed42/mappo_best.pt,Shared-PPO,42,R,wcnc2027_ablation 2026-09-14 (supplementary ablation),7,-642.4599916440958,552.4135750440959,81.0,0.7964166,8.25,191.550980380115,191.351876230115,0.002973240832507433,0.0,0.002973240832507433,0.002973240832507433,0.12983151635282458,42,3.9960356788899905,3,1.3864290202028846,1.4213917743330218,1.0,0.37
main,v040,LOSO-nes-f0,secondary,LOSO,nested,0,A,Shared-PPO|wcnc2027_ablation/shared_ppo_seed42/mappo_best.pt,Shared-PPO,42,R,wcnc2027_ablation 2026-09-14 (supplementary ablation),8,-415.45182550971924,353.5079565097193,54.0,0.5688690000000001,7.375,202.94466218521092,202.8024449352109,0.0019821605550049554,0.0,0.0019821605550049554,0.0019821605550049554,0.036669970267591674,30,2.8543111992071357,2,1.363059272704875,1.363059272704875,1.0,0.37
main,v040,LOSO-nes-f0,secondary,LOSO,nested,0,A,Shared-PPO|wcnc2027_ablation/shared_ppo_seed42/mappo_best.pt,Shared-PPO,42,R,wcnc2027_ablation 2026-09-14 (supplementary ablation),9,-458.94590795294357,80.94590795294356,378.0,0.0,0.0,207.27798845535966,207.27798845535966,0.036669970267591674,0.036669970267591674,0.0,0.013875123885034688,0.0,0,0.0,37,6.525420240620031,71.8121952661898,0.42732080292380503,0.37
main,v040,LOSO-nes-f0,secondary,LOSO,nested,0,A,MAPPO|wcnc2027_ablation/mappo_seed64/mappo_best.pt,MAPPO,64,R,wcnc2027_ablation 2026-09-14,all,-5103.3949013320325,4158.293079768886,864.7796395631473,6.447182,73.875,1958.5053805678554,1956.8935850678552,0.005550049554013875,0.0037661050545094153,0.00178394449950446,0.0032705649157581764,0.0865213082259663,340,3.2348860257680876,56,10.210180585768061,304.83747554532965,0.6060153159574827,0.37
main,v040,LOSO-nes-f0,secondary,LOSO,nested,0,A,MAPPO|wcnc2027_ablation/mappo_seed64/mappo_best.pt,MAPPO,64,R,wcnc2027_ablation 2026-09-14,0,-800.3480285270289,784.0206675270288,0.0,1.327361,15.0,176.26211726383826,175.93027701383826,0.0,0.0,0.0,0.0,0.22993062438057482,70,6.6600594648166505,0,0.0,0.0,0.0,0.37
main,v040,LOSO-nes-f0,secondary,LOSO,nested,0,A,MAPPO|wcnc2027_ablation/mappo_seed64/mappo_best.pt,MAPPO,64,R,wcnc2027_ablation 2026-09-14,1,-544.148964506663,452.23877410666296,81.0,0.9101904000000001,10.0,191.22549096886596,190.99794336886595,0.002973240832507433,0.0,0.002973240832507433,0.002973240832507433,0.12091179385530228,48,4.566897918731417,3,1.3845715880624054,1.4213917743330218,1.0,0.37
main,v040,LOSO-nes-f0,secondary,LOSO,nested,0,A,MAPPO|wcnc2027_ablation/mappo_seed64/mappo_best.pt,MAPPO,64,R,wcnc2027_ablation 2026-09-14,2,-307.6593913596506,278.63269295965057,27.0,0.1516984,1.875,206.60349844359018,206.5655738435902,0.0009910802775024777,0.0,0.0009910802775024777,0.0009910802775024777,0.004955401387512388,8,0.761149653121903,1,1.363059272704875,1.363059272704875,1.0,0.37
main,v040,LOSO-nes-f0,secondary,LOSO,nested,0,A,MAPPO|wcnc2027_ablation/mappo_seed64/mappo_best.pt,MAPPO,64,R,wcnc2027_ablation 2026-09-14,3,-164.84558623109876,137.84558623109876,27.0,0.0,0.0,207.2423125911026,207.2423125911026,0.0009910802775024777,0.0009910802775024777,0.0,0.0009910802775024777,0.0,0,0.0,1,3.2475083125733666,3.2475083125733666,1.0,0.37
main,v040,LOSO-nes-f0,secondary,LOSO,nested,0,A,MAPPO|wcnc2027_ablation/mappo_seed64/mappo_best.pt,MAPPO,64,R,wcnc2027_ablation 2026-09-14,4,-680.2173945428153,536.7959779428154,135.0,0.7964166,7.625,185.73836222483885,185.53925807483884,0.004955401387512388,0.0,0.004955401387512388,0.004955401387512388,0.1565906838453915,42,3.9960356788899905,5,1.398058773681763,1.4213917743330218,1.0,0.37
main,v040,LOSO-nes-f0,secondary,LOSO,nested,0,A,MAPPO|wcnc2027_ablation/mappo_seed64/mappo_best.pt,MAPPO,64,R,wcnc2027_ablation 2026-09-14,5,-363.69085708178227,358.0728372817823,0.0,0.4930198,5.125,200.39179380781786,200.26853885781787,0.0,0.0,0.0,0.0,0.05450941526263627,26,2.4737363726461843,0,0.0,0.0,0.0,0.37
main,v040,LOSO-nes-f0,secondary,LOSO,nested,0,A,MAPPO|wcnc2027_ablation/mappo_seed64/mappo_best.pt,MAPPO,64,R,wcnc2027_ablation 2026-09-14,6,-744.4711506914375,617.9512255282901,108.7796395631473,1.3652856,16.375,188.36230244855813,188.0209810485581,0.004955401387512388,0.0,0.004955401387512388,0.004955401387512388,0.14469772051536176,72,6.850346878097127,5,61.81052826977651,304.83747554532965,0.8251975970876486,0.37
main,v040,LOSO-nes-f0,secondary,LOSO,nested,0,A,MAPPO|wcnc2027_ablation/mappo_seed64/mappo_best.pt,MAPPO,64,R,wcnc2027_ablation 2026-09-14,7,-646.7871508428743,554.5398850428743,81.0,0.8722658000000001,10.375,191.9282124375237,191.71014598752367,0.002973240832507433,0.0,0.002973240832507433,0.002973240832507433,0.12388503468780972,46,4.376610505450942,3,1.3864290202028846,1.4213917743330218,1.0,0.37
main,v040,LOSO-nes-f0,secondary,LOSO,nested,0,A,MAPPO|wcnc2027_ablation/mappo_seed64/mappo_best.pt,MAPPO,64,R,wcnc2027_ablation 2026-09-14,8,-392.2804695957383,357.24952519573833,27.0,0.5309444,7.5,203.47330192636016,203.34056582636018,0.0009910802775024777,0.0,0.0009910802775024777,0.0009910802775024777,0.02973240832507433,28,2.66402378592666,1,1.363059272704875,1.363059272704875,1.0,0.37
main,v040,LOSO-nes-f0,secondary,LOSO,nested,0,A,MAPPO|wcnc2027_ablation/mappo_seed64/mappo_best.pt,MAPPO,64,R,wcnc2027_ablation 2026-09-14,9,-458.94590795294357,80.94590795294356,378.0,0.0,0.0,207.27798845535966,207.27798845535966,0.036669970267591674,0.036669970267591674,0.0,0.013875123885034688,0.0,0,0.0,37,6.525420240620031,71.8121952661898,0.42732080292380503,0.37
main,v040,LOSO-nes-f0,secondary,LOSO,nested,0,A,Centralized PPO|wcnc2027_ablation/central_seed64/ppo_multi_site.zip,Centralized PPO,64,R,wcnc2027_ablation 2026-09-14,all,-7875.073227796472,5421.536220851674,2438.5803999447976,1.706607,13.25,2042.7479396927279,2042.321287942728,0.01159563924677899,0.005847373637264618,0.007829534192269574,0.009316154608523291,0.0512388503468781,87,0.8277502477700693,117,2.9983998034970436,71.8121952661898,0.7905716499117439,0.78
main,v040,LOSO-nes-f0,secondary,LOSO,nested,0,A,Centralized PPO|wcnc2027_ablation/central_seed64/ppo_multi_site.zip,Centralized PPO,64,R,wcnc2027_ablation 2026-09-14,0,-1354.6647743307522,1003.247603730752,351.0,0.41717060000000006,0.0,190.92641107948992,190.82211842948993,0.01288404360753221,0.0009910802775024777,0.01288404360753221,0.01288404360753221,0.1774033696729435,21,1.9980178394449952,13,1.4088363309469791,1.4213917743330218,1.0,0.78
main,v040,LOSO-nes-f0,secondary,LOSO,nested,0,A,Centralized PPO|wcnc2027_ablation/central_seed64/ppo_multi_site.zip,Centralized PPO,64,R,wcnc2027_ablation 2026-09-14,1,-869.3226350929075,869.3226350929075,0.0,0.0,0.0,207.06233983456252,207.06233983456252,0.0,0.0,0.0,0.0,0.0,0,0.0,0,0.0,0.0,0.0,0.78
main,v040,LOSO-nes-f0,secondary,LOSO,nested,0,A,Centralized PPO|wcnc2027_ablation/central_seed64/ppo_multi_site.zip,Centralized PPO,64,R,wcnc2027_ablation 2026-09-14,2,-285.3978943212564,285.3978943212564,0.0,0.0,0.0,207.1596652387821,207.1596652387821,0.0,0.0,0.0,0.0,0.0,0,0.0,0,0.0,0.0,0.0,0.78
main,v040,LOSO-nes-f0,secondary,LOSO,nested,0,A,Centralized PPO|wcnc2027_ablation/central_seed64/ppo_multi_site.zip,Centralized PPO,64,R,wcnc2027_ablation 2026-09-14,3,-164.84558623109876,137.84558623109876,27.0,0.0,0.0,207.2423125911026,207.2423125911026,0.0009910802775024777,0.0009910802775024777,0.0,0.0009910802775024777,0.0,0,0.0,1,3.2475083125733666,3.2475083125733666,1.0,0.78
main,v040,LOSO-nes-f0,secondary,LOSO,nested,0,A,Centralized PPO|wcnc2027_ablation/central_seed64/ppo_multi_site.zip,Centralized PPO,64,R,wcnc2027_ablation 2026-09-14,4,-2221.7731667643884,558.3880651827379,1654.8007603816504,0.8343412000000001,7.75,197.32018187815586,197.11159657815585,0.06342913776015857,0.019821605550049554,0.06342913776015857,0.06342913776015857,0.311199207135778,43,4.0911793855302285,64,1.3478510583055878,1.7030429867548669,0.9618753960321095,0.78
main,v040,LOSO-nes-f0,secondary,LOSO,nested,0,A,Centralized PPO|wcnc2027_ablation/central_seed64/ppo_multi_site.zip,Centralized PPO,64,R,wcnc2027_ablation 2026-09-14,5,-443.50485080580836,443.50485080580836,0.0,0.0,0.0,207.11606339401706,207.11606339401706,0.0,0.0,0.0,0.0,0.0,0,0.0,0,0.0,0.0,0.0,0.78
main,v040,LOSO-nes-f0,secondary,LOSO,nested,0,A,Centralized PPO|wcnc2027_ablation/central_seed64/ppo_multi_site.zip,Centralized PPO,64,R,wcnc2027_ablation 2026-09-14,6,-916.195531643212,882.4607968800647,27.779639563147292,0.45509520000000003,5.5,204.5251007449521,204.41132694495212,0.0019821605550049554,0.0,0.0019821605550049554,0.0019821605550049554,0.023785926660059464,23,2.188305252725471,2,0.7736898798856324,1.4213917743330218,0.5629939927191215,0.78
main,v040,LOSO-nes-f0,secondary,LOSO,nested,0,A,Centralized PPO|wcnc2027_ablation/central_seed64/ppo_multi_site.zip,Centralized PPO,64,R,wcnc2027_ablation 2026-09-14,7,-758.278582199907,758.278582199907,0.0,0.0,0.0,207.0030482598367,207.0030482598367,0.0,0.0,0.0,0.0,0.0,0,0.0,0,0.0,0.0,0.0,0.78
main,v040,LOSO-nes-f0,secondary,LOSO,nested,0,A,Centralized PPO|wcnc2027_ablation/central_seed64/ppo_multi_site.zip,Centralized PPO,64,R,wcnc2027_ablation 2026-09-14,8,-402.1442984541981,402.1442984541981,0.0,0.0,0.0,207.1148282164695,207.1148282164695,0.0,0.0,0.0,0.0,0.0,0,0.0,0,0.0,0.0,0.0,0.78
main,v040,LOSO-nes-f0,secondary,LOSO,nested,0,A,Centralized PPO|wcnc2027_ablation/central_seed64/ppo_multi_site.zip,Centralized PPO,64,R,wcnc2027_ablation 2026-09-14,9,-458.94590795294357,80.94590795294356,378.0,0.0,0.0,207.27798845535966,207.27798845535966,0.036669970267591674,0.036669970267591674,0.0,0.013875123885034688,0.0,0,0.0,37,6.525420240620031,71.8121952661898,0.42732080292380503,0.78
main,v040,LOSO-nes-f0,secondary,LOSO,nested,0,A,Shared-PPO|wcnc2027_ablation/shared_ppo_seed64/mappo_best.pt,Shared-PPO,64,R,wcnc2027_ablation 2026-09-14 (supplementary ablation),all,-5219.363596470073,4127.0791321069255,999.7796395631473,7.129824800000001,85.375,1954.4448556546681,1952.662399454668,0.006045589692765114,0.0037661050545094153,0.0022794846382556988,0.0037661050545094153,0.09117938553022795,376,3.5774033696729437,61,9.486919248685117,304.83747554532965,0.6383091425183448,0.37
main,v040,LOSO-nes-f0,secondary,LOSO,nested,0,A,Shared-PPO|wcnc2027_ablation/shared_ppo_seed64/mappo_best.pt,Shared-PPO,64,R,wcnc2027_ablation 2026-09-14 (supplementary ablation),0,-794.8274912052117,771.4579596052117,0.0,1.7445316000000002,21.625,174.69656872350572,174.2604358235057,0.0,0.0,0.0,0.0,0.24777006937561943,92,8.753221010901884,0,0.0,0.0,0.0,0.37
main,v040,LOSO-nes-f0,secondary,LOSO,nested,0,A,Shared-PPO|wcnc2027_ablation/shared_ppo_seed64/mappo_best.pt,Shared-PPO,64,R,wcnc2027_ablation 2026-09-14 (supplementary ablation),1,-543.6415293100916,449.65548971009173,81.0,0.9860396,12.0,190.96382376305286,190.71731386305285,0.002973240832507433,0.0,0.002973240832507433,0.002973240832507433,0.12190287413280476,52,4.947472745292369,3,1.3845715880624054,1.4213917743330218,1.0,0.37
main,v040,LOSO-nes-f0,secondary,LOSO,nested,0,A,Shared-PPO|wcnc2027_ablation/shared_ppo_seed64/mappo_best.pt,Shared-PPO,64,R,wcnc2027_ablation 2026-09-14 (supplementary ablation),2,-307.7811537952466,278.21653079524657,27.0,0.189623,2.375,206.54219765023333,206.49479190023334,0.0009910802775024777,0.0,0.0009910802775024777,0.0009910802775024777,0.005946481665014866,10,0.9514370664023787,1,1.363059272704875,1.363059272704875,1.0,0.37
main,v040,LOSO-nes-f0,secondary,LOSO,nested,0,A,Shared-PPO|wcnc2027_ablation/shared_ppo_seed64/mappo_best.pt,Shared-PPO,64,R,wcnc2027_ablation 2026-09-14 (supplementary ablation),3,-164.84558623109876,137.84558623109876,27.0,0.0,0.0,207.2423125911026,207.2423125911026,0.0009910802775024777,0.0009910802775024777,0.0,0.0009910802775024777,0.0,0,0.0,1,3.2475083125733666,3.2475083125733666,1.0,0.37
main,v040,LOSO-nes-f0,secondary,LOSO,nested,0,A,Shared-PPO|wcnc2027_ablation/shared_ppo_seed64/mappo_best.pt,Shared-PPO,64,R,wcnc2027_ablation 2026-09-14 (supplementary ablation),4,-681.7705777341515,538.0991611341515,135.0,0.7964166,7.875,185.93744408943928,185.73833993943927,0.004955401387512388,0.0,0.004955401387512388,0.004955401387512388,0.15361744301288405,42,3.9960356788899905,5,1.398058773681763,1.4213917743330218,1.0,0.37
main,v040,LOSO-nes-f0,secondary,LOSO,nested,0,A,Shared-PPO|wcnc2027_ablation/shared_ppo_seed64/mappo_best.pt,Shared-PPO,64,R,wcnc2027_ablation 2026-09-14 (supplementary ablation),5,-415.1596234857351,353.84075448573515,54.0,0.5688690000000001,6.75,199.7872492961853,199.6450320461853,0.0019821605550049554,0.0,0.0019821605550049554,0.0019821605550049554,0.062438057482656094,30,2.8543111992071357,2,1.363059272704875,1.363059272704875,1.0,0.37
main,v040,LOSO-nes-f0,secondary,LOSO,nested,0,A,Shared-PPO|wcnc2027_ablation/shared_ppo_seed64/mappo_best.pt,Shared-PPO,64,R,wcnc2027_ablation 2026-09-14 (supplementary ablation),6,-739.2524019028874,613.1074767397402,108.7796395631473,1.3652856,16.0,187.78473405392958,187.44341265392956,0.004955401387512388,0.0,0.004955401387512388,0.004955401387512388,0.14965312190287414,72,6.850346878097127,5,61.81052826977651,304.83747554532965,0.8251975970876486,0.37
main,v040,LOSO-nes-f0,secondary,LOSO,nested,0,A,Shared-PPO|wcnc2027_ablation/shared_ppo_seed64/mappo_best.pt,Shared-PPO,64,R,wcnc2027_ablation 2026-09-14 (supplementary ablation),7,-696.082461215646,549.9601954156461,135.0,0.8722658000000001,10.25,191.18927433849507,190.97120788849503,0.004955401387512388,0.0,0.004955401387512388,0.004955401387512388,0.13478691774033696,46,4.376610505450942,5,1.4004141218549395,1.4213917743330218,1.0,0.37
main,v040,LOSO-nes-f0,secondary,LOSO,nested,0,A,Shared-PPO|wcnc2027_ablation/shared_ppo_seed64/mappo_best.pt,Shared-PPO,64,R,wcnc2027_ablation 2026-09-14 (supplementary ablation),8,-417.0568636370606,353.9500700370605,54.0,0.6067936,8.5,203.02326269336484,202.87156429336483,0.0019821605550049554,0.0,0.0019821605550049554,0.0019821605550049554,0.035678889990089196,32,3.044598612487612,2,1.363059272704875,1.363059272704875,1.0,0.37
main,v040,LOSO-nes-f0,secondary,LOSO,nested,0,A,Shared-PPO|wcnc2027_ablation/shared_ppo_seed64/mappo_best.pt,Shared-PPO,64,R,wcnc2027_ablation 2026-09-14 (supplementary ablation),9,-458.94590795294357,80.94590795294356,378.0,0.0,0.0,207.27798845535966,207.27798845535966,0.036669970267591674,0.036669970267591674,0.0,0.013875123885034688,0.0,0,0.0,37,6.525420240620031,71.8121952661898,0.42732080292380503,0.37
main,v040,LOSO-nes-f0,secondary,LOSO,nested,0,A,MAPPO|wcnc2027_ablation/mappo_seed77/mappo_best.pt,MAPPO,77,R,wcnc2027_ablation 2026-09-14,all,-5091.2328935093465,4231.293996546199,783.7796395631473,6.4092573999999995,69.75,1966.9531166947866,1965.3508023447864,0.005252725470763132,0.0037661050545094153,0.0014866204162537165,0.002973240832507433,0.0777998017839445,338,3.2158572844400397,53,10.709860424212618,304.83747554532965,0.5837142961060193,0.37
main,v040,LOSO-nes-f0,secondary,LOSO,nested,0,A,MAPPO|wcnc2027_ablation/mappo_seed77/mappo_best.pt,MAPPO,77,R,wcnc2027_ablation 2026-09-14,0,-819.2719300301535,800.7549460301534,0.0,1.5169839999999999,17.0,178.29553642964075,177.91629042964075,0.0,0.0,0.0,0.0,0.2091179385530228,80,7.6114965312190295,0,0.0,0.0,0.0,0.37
main,v040,LOSO-nes-f0,secondary,LOSO,nested,0,A,MAPPO|wcnc2027_ablation/mappo_seed77/mappo_best.pt,MAPPO,77,R,wcnc2027_ablation 2026-09-14,1,-556.0281248962839,462.70500989628385,81.0,0.948115,11.375,192.55832739406594,192.32129864406593,0.002973240832507433,0.0,0.002973240832507433,0.002973240832507433,0.10604558969276512,50,4.757185332011893,3,1.3845715880624054,1.4213917743330218,1.0,0.37
main,v040,LOSO-nes-f0,secondary,LOSO,nested,0,A,MAPPO|wcnc2027_ablation/mappo_seed77/mappo_best.pt,MAPPO,77,R,wcnc2027_ablation 2026-09-14,2,-307.6593913596506,278.63269295965057,27.0,0.1516984,1.875,206.60349844359018,206.5655738435902,0.0009910802775024777,0.0,0.0009910802775024777,0.0009910802775024777,0.004955401387512388,8,0.761149653121903,1,1.363059272704875,1.363059272704875,1.0,0.37
main,v040,LOSO-nes-f0,secondary,LOSO,nested,0,A,MAPPO|wcnc2027_ablation/mappo_seed77/mappo_best.pt,MAPPO,77,R,wcnc2027_ablation 2026-09-14,3,-164.84558623109876,137.84558623109876,27.0,0.0,0.0,207.2423125911026,207.2423125911026,0.0009910802775024777,0.0009910802775024777,0.0,0.0009910802775024777,0.0,0,0.0,1,3.2475083125733666,3.2475083125733666,1.0,0.37
main,v040,LOSO-nes-f0,secondary,LOSO,nested,0,A,MAPPO|wcnc2027_ablation/mappo_seed77/mappo_best.pt,MAPPO,77,R,wcnc2027_ablation 2026-09-14,4,-663.1965227271148,545.5742569271147,108.0,0.8722658000000001,8.75,187.01031995661134,186.79225350661136,0.003964321110009911,0.0,0.003964321110009911,0.003964321110009911,0.14172447968285432,46,4.376610505450942,4,1.3922255235189482,1.4213917743330218,1.0,0.37
main,v040,LOSO-nes-f0,secondary,LOSO,nested,0,A,MAPPO|wcnc2027_ablation/mappo_seed77/mappo_best.pt,MAPPO,77,R,wcnc2027_ablation 2026-09-14,5,-366.92658340358275,361.72148820358274,0.0,0.45509520000000003,4.75,200.7884605448569,200.6746867448569,0.0,0.0,0.0,0.0,0.05054509415262636,24,2.2834489593657086,0,0.0,0.0,0.0,0.37
main,v040,LOSO-nes-f0,secondary,LOSO,nested,0,A,MAPPO|wcnc2027_ablation/mappo_seed77/mappo_best.pt,MAPPO,77,R,wcnc2027_ablation 2026-09-14,6,-733.0296767730636,636.9114500099163,81.7796395631473,1.2135872,13.125,190.26876654641217,189.96536974641216,0.003964321110009911,0.0,0.003964321110009911,0.003964321110009911,0.12487611496531219,64,6.089197224975224,4,76.92239551904441,304.83747554532965,0.7814969963595608,0.37
main,v040,LOSO-nes-f0,secondary,LOSO,nested,0,A,MAPPO|wcnc2027_ablation/mappo_seed77/mappo_best.pt,MAPPO,77,R,wcnc2027_ablation 2026-09-14,7,-626.8336037318467,564.4121871318467,54.0,0.7964166,7.625,193.10482981558843,192.90572566558842,0.0019821605550049554,0.0,0.0019821605550049554,0.0019821605550049554,0.11298315163528246,42,3.9960356788899905,2,1.3981138939518893,1.4213917743330218,1.0,0.37
main,v040,LOSO-nes-f0,secondary,LOSO,nested,0,A,MAPPO|wcnc2027_ablation/mappo_seed77/mappo_best.pt,MAPPO,77,R,wcnc2027_ablation 2026-09-14,8,-394.49556640360896,361.79047120360894,27.0,0.45509520000000003,5.25,203.80307651755857,203.68930271755858,0.0009910802775024777,0.0,0.0009910802775024777,0.0009910802775024777,0.027750247770069375,24,2.2834489593657086,1,1.363059272704875,1.363059272704875,1.0,0.37
main,v040,LOSO-nes-f0,secondary,LOSO,nested,0,A,MAPPO|wcnc2027_ablation/mappo_seed77/mappo_best.pt,MAPPO,77,R,wcnc2027_ablation 2026-09-14,9,-458.94590795294357,80.94590795294356,378.0,0.0,0.0,207.27798845535966,207.27798845535966,0.036669970267591674,0.036669970267591674,0.0,0.013875123885034688,0.0,0,0.0,37,6.525420240620031,71.8121952661898,0.42732080292380503,0.37
main,v040,LOSO-nes-f0,secondary,LOSO,nested,0,A,Centralized PPO|wcnc2027_ablation/central_seed77/ppo_multi_site.zip,Centralized PPO,77,R,wcnc2027_ablation 2026-09-14,all,-30663.558013881266,5231.311219176725,25421.073825104537,2.0479696,9.125,2250.989437317359,2250.4774449173588,0.10128840436075322,0.05292368681863231,0.0975222993062438,0.09900891972249752,0.2330029732408325,106,1.0085232903865213,1022,50.17971584858456,2384.262057332388,0.9286497037296139,0.78
main,v040,LOSO-nes-f0,secondary,LOSO,nested,0,A,Centralized PPO|wcnc2027_ablation/central_seed77/ppo_multi_site.zip,Centralized PPO,77,R,wcnc2027_ablation 2026-09-14,0,-6449.564694987679,827.1044685576015,5622.460205830078,2.06e-05,0.0,220.50301421638062,220.50300906638063,0.22001982160555006,0.05649157581764123,0.22001982160555006,0.22001982160555006,1.0,0,0.0,222,22.540021678993213,1603.7432307830027,0.9442132441186303,0.78
main,v040,LOSO-nes-f0,secondary,LOSO,nested,0,A,Centralized PPO|wcnc2027_ablation/central_seed77/ppo_multi_site.zip,Centralized PPO,77,R,wcnc2027_ablation 2026-09-14,1,-1856.7685392698988,469.85804412510134,1385.5803999447976,0.4550952,0.875,201.49906730325716,201.38529350325717,0.05450941526263627,0.019821605550049554,0.05450941526263627,0.05450941526263627,0.24083250743310208,23,2.188305252725471,55,23.200193227120497,302.38541957956386,0.9397456969362409,0.78
main,v040,LOSO-nes-f0,secondary,LOSO,nested,0,A,Centralized PPO|wcnc2027_ablation/central_seed77/ppo_multi_site.zip,Centralized PPO,77,R,wcnc2027_ablation 2026-09-14,2,-285.3978943212564,285.3978943212564,0.0,0.0,0.0,207.1596652387821,207.1596652387821,0.0,0.0,0.0,0.0,0.0,0,0.0,0,0.0,0.0,0.0,0.78
main,v040,LOSO-nes-f0,secondary,LOSO,nested,0,A,Centralized PPO|wcnc2027_ablation/central_seed77/ppo_multi_site.zip,Centralized PPO,77,R,wcnc2027_ablation 2026-09-14,3,-164.84558623109876,137.84558623109876,27.0,0.0,0.0,207.2423125911026,207.2423125911026,0.0009910802775024777,0.0009910802775024777,0.0,0.0009910802775024777,0.0,0,0.0,1,3.2475083125733666,3.2475083125733666,1.0,0.78
main,v040,LOSO-nes-f0,secondary,LOSO,nested,0,A,Centralized PPO|wcnc2027_ablation/central_seed77/ppo_multi_site.zip,Centralized PPO,77,R,wcnc2027_ablation 2026-09-14,4,-1585.074085174651,626.2374873693034,956.1806534053476,0.5309444000000001,2.125,197.89234324989394,197.75960714989395,0.03964321110009911,0.014866204162537165,0.03964321110009911,0.03964321110009911,0.21209117938553024,27,2.5688800792864224,40,1.2582240781354916,1.7030429867548669,0.896817211171123,0.78
main,v040,LOSO-nes-f0,secondary,LOSO,nested,0,A,Centralized PPO|wcnc2027_ablation/central_seed77/ppo_multi_site.zip,Centralized PPO,77,R,wcnc2027_ablation 2026-09-14,5,-443.50485080580836,443.50485080580836,0.0,0.0,0.0,207.11606339401706,207.11606339401706,0.0,0.0,0.0,0.0,0.0,0,0.0,0,0.0,0.0,0.0,0.78
main,v040,LOSO-nes-f0,secondary,LOSO,nested,0,A,Centralized PPO|wcnc2027_ablation/central_seed77/ppo_multi_site.zip,Centralized PPO,77,R,wcnc2027_ablation 2026-09-14,6,-3617.7470414505947,994.3142371867667,2618.738935263828,0.5688690000000001,4.125,236.45255092600289,236.31033367600287,0.10009910802775025,0.06442021803766106,0.10009910802775025,0.10009910802775025,0.09415262636273539,30,2.8543111992071357,101,191.6817518682347,2301.4961221374974,0.9642702756646298,0.78
main,v040,LOSO-nes-f0,secondary,LOSO,nested,0,A,Centralized PPO|wcnc2027_ablation/central_seed77/ppo_multi_site.zip,Centralized PPO,77,R,wcnc2027_ablation 2026-09-14,7,-15344.674535787508,963.6057893270239,14379.113630660486,0.4551158,1.5,358.38892776573425,358.2751488157342,0.5589692765113974,0.33498513379583744,0.5589692765113974,0.5589692765113974,0.7819623389494549,25,2.3785926660059467,564,44.93941115476729,2384.262057332388,0.949829410795537,0.78
main,v040,LOSO-nes-f0,secondary,LOSO,nested,0,A,Centralized PPO|wcnc2027_ablation/central_seed77/ppo_multi_site.zip,Centralized PPO,77,R,wcnc2027_ablation 2026-09-14,8,-457.0348778998219,402.4969532998219,54.0,0.0379246,0.5,207.45750417682837,207.44802302682837,0.0019821605550049554,0.0009910802775024777,0.0019821605550049554,0.0019821605550049554,0.0009910802775024777,1,0.09514370664023787,2,1.5361533519520933,1.7030429867548669,1.0,0.78
main,v040,LOSO-nes-f0,secondary,LOSO,nested,0,A,Centralized PPO|wcnc2027_ablation/central_seed77/ppo_multi_site.zip,Centralized PPO,77,R,wcnc2027_ablation 2026-09-14,9,-458.94590795294357,80.94590795294356,378.0,0.0,0.0,207.27798845535966,207.27798845535966,0.036669970267591674,0.036669970267591674,0.0,0.013875123885034688,0.0,0,0.0,37,6.525420240620031,71.8121952661898,0.42732080292380503,0.78
main,v040,LOSO-nes-f0,secondary,LOSO,nested,0,A,MAPPO|mappo_seed77_20260517T110908/mappo_best.pt,MAPPO,77,P,"May 2026, pre-781c90c reward",all,-5071.082287186532,4304.504429823384,702.7796395631473,5.4232178,58.375,1975.3666489233788,1974.010844473379,0.004955401387512388,0.0037661050545094153,0.0011892963330029733,0.0026759167492566896,0.0688800792864222,286,2.721110009910803,50,11.268335193237958,304.83747554532965,0.5587371538723805,0.38
main,v040,LOSO-nes-f0,secondary,LOSO,nested,0,A,MAPPO|mappo_seed77_20260517T110908/mappo_best.pt,MAPPO,77,P,"May 2026, pre-781c90c reward",0,-827.7325390990669,816.545650299067,0.0,1.0618888000000002,10.125,180.17804773431672,179.91257553431672,0.0,0.0,0.0,0.0,0.18929633300297324,56,5.32804757185332,0,0.0,0.0,0.0,0.38
main,v040,LOSO-nes-f0,secondary,LOSO,nested,0,A,MAPPO|mappo_seed77_20260517T110908/mappo_best.pt,MAPPO,77,P,"May 2026, pre-781c90c reward",1,-538.0019895619712,473.12972376197115,54.0,0.8722658000000001,10.0,193.84578210254648,193.62771565254647,0.0019821605550049554,0.0,0.0019821605550049554,0.0019821605550049554,0.09217046580773043,46,4.376610505450942,2,1.3953277457411706,1.4213917743330218,1.0,0.38
main,v040,LOSO-nes-f0,secondary,LOSO,nested,0,A,MAPPO|mappo_seed77_20260517T110908/mappo_best.pt,MAPPO,77,P,"May 2026, pre-781c90c reward",2,-308.53554275254044,280.58469355254044,27.0,0.0758492,0.875,206.78778855892259,206.7688262589226,0.0009910802775024777,0.0,0.0009910802775024777,0.0009910802775024777,0.002973240832507433,4,0.3805748265609515,1,1.363059272704875,1.363059272704875,1.0,0.38
main,v040,LOSO-nes-f0,secondary,LOSO,nested,0,A,MAPPO|mappo_seed77_20260517T110908/mappo_best.pt,MAPPO,77,P,"May 2026, pre-781c90c reward",3,-164.84558623109876,137.84558623109876,27.0,0.0,0.0,207.2423125911026,207.2423125911026,0.0009910802775024777,0.0009910802775024777,0.0,0.0009910802775024777,0.0,0,0.0,1,3.2475083125733666,3.2475083125733666,1.0,0.38
main,v040,LOSO-nes-f0,secondary,LOSO,nested,0,A,MAPPO|mappo_seed77_20260517T110908/mappo_best.pt,MAPPO,77,P,"May 2026, pre-781c90c reward",4,-643.7015979774433,552.9922567774431,81.0,0.8343412,8.875,187.91208751901036,187.70350221901037,0.002973240832507433,0.0,0.002973240832507433,0.002973240832507433,0.13181367690782952,44,4.186323092170466,3,1.382503439914257,1.4213917743330218,1.0,0.38
main,v040,LOSO-nes-f0,secondary,LOSO,nested,0,A,MAPPO|mappo_seed77_20260517T110908/mappo_best.pt,MAPPO,77,P,"May 2026, pre-781c90c reward",5,-372.35092137319276,369.2595999731928,0.0,0.3413214,2.75,201.51770489234758,201.4323745423476,0.0,0.0,0.0,0.0,0.04360753221010902,18,1.7125867195242817,0,0.0,0.0,0.0,0.38
main,v040,LOSO-nes-f0,secondary,LOSO,nested,0,A,MAPPO|mappo_seed77_20260517T110908/mappo_best.pt,MAPPO,77,P,"May 2026, pre-781c90c reward",6,-748.0319568024589,650.1637300393118,81.7796395631473,1.2135872,14.875,191.65911623478894,191.35571943478897,0.003964321110009911,0.0,0.003964321110009911,0.003964321110009911,0.1110009910802775,64,6.089197224975224,4,76.92239551904441,304.83747554532965,0.7814969963595608,0.38
main,v040,LOSO-nes-f0,secondary,LOSO,nested,0,A,MAPPO|mappo_seed77_20260517T110908/mappo_best.pt,MAPPO,77,P,"May 2026, pre-781c90c reward",7,-606.7391352693832,573.4694170693831,27.0,0.6447182,5.625,194.21581836413748,194.0546388141375,0.0009910802775024777,0.0,0.0009910802775024777,0.0009910802775024777,0.10009910802775025,34,3.2348860257680876,1,1.3748360135707571,1.3748360135707571,1.0,0.38
main,v040,LOSO-nes-f0,secondary,LOSO,nested,0,A,MAPPO|mappo_seed77_20260517T110908/mappo_best.pt,MAPPO,77,P,"May 2026, pre-781c90c reward",8,-402.1971101664332,369.5678641664332,27.0,0.379246,5.25,204.73000247084656,204.63519097084657,0.0009910802775024777,0.0,0.0009910802775024777,0.0009910802775024777,0.017839444995044598,20,1.9028741328047574,1,1.363059272704875,1.363059272704875,1.0,0.38
main,v040,LOSO-nes-f0,secondary,LOSO,nested,0,A,MAPPO|mappo_seed77_20260517T110908/mappo_best.pt,MAPPO,77,P,"May 2026, pre-781c90c reward",9,-458.94590795294357,80.94590795294356,378.0,0.0,0.0,207.27798845535966,207.27798845535966,0.036669970267591674,0.036669970267591674,0.0,0.013875123885034688,0.0,0,0.0,37,6.525420240620031,71.8121952661898,0.42732080292380503,0.38
main,v040,LOSO-nes-f0,secondary,LOSO,nested,0,A,MAPPO|mappo_seed99_20260517T003433/mappo_best.pt,MAPPO,99,P,"May 2026, pre-781c90c reward",all,-5055.884034727764,4289.5182527646175,702.7796395631473,5.4611424,58.125,1974.3366532628736,1972.9713676628735,0.004955401387512388,0.0037661050545094153,0.0011892963330029733,0.0026759167492566896,0.06947472745292368,288,2.7401387512388506,50,5.198846867785462,71.8121952661898,0.5587371538723805,0.38
main,v040,LOSO-nes-f0,secondary,LOSO,nested,0,A,MAPPO|mappo_seed99_20260517T003433/mappo_best.pt,MAPPO,99,P,"May 2026, pre-781c90c reward",0,-829.0752603309345,819.0892207309346,0.0,0.9860396000000001,9.0,180.44659258857598,180.200082688576,0.0,0.0,0.0,0.0,0.1863230921704658,52,4.947472745292369,0,0.0,0.0,0.0,0.38
main,v040,LOSO-nes-f0,secondary,LOSO,nested,0,A,MAPPO|mappo_seed99_20260517T003433/mappo_best.pt,MAPPO,99,P,"May 2026, pre-781c90c reward",1,-534.739729993415,470.905388793415,54.0,0.8343412000000001,9.0,193.59645523336988,193.38786993336987,0.0019821605550049554,0.0,0.0019821605550049554,0.0019821605550049554,0.09415262636273539,44,4.186323092170466,2,1.3953277457411706,1.4213917743330218,1.0,0.38
main,v040,LOSO-nes-f0,secondary,LOSO,nested,0,A,MAPPO|mappo_seed99_20260517T003433/mappo_best.pt,MAPPO,99,P,"May 2026, pre-781c90c reward",2,-336.6522329584333,280.5005345584333,54.0,0.1516984,2.0,206.76400631031203,206.726081710312,0.0019821605550049554,0.0,0.0019821605550049554,0.0019821605550049554,0.003964321110009911,8,0.761149653121903,2,1.368947643137816,1.3748360135707571,1.0,0.38
main,v040,LOSO-nes-f0,secondary,LOSO,nested,0,A,MAPPO|mappo_seed99_20260517T003433/mappo_best.pt,MAPPO,99,P,"May 2026, pre-781c90c reward",3,-164.84558623109876,137.84558623109876,27.0,0.0,0.0,207.2423125911026,207.2423125911026,0.0009910802775024777,0.0009910802775024777,0.0,0.0009910802775024777,0.0,0,0.0,1,3.2475083125733666,3.2475083125733666,1.0,0.38
main,v040,LOSO-nes-f0,secondary,LOSO,nested,0,A,MAPPO|mappo_seed99_20260517T003433/mappo_best.pt,MAPPO,99,P,"May 2026, pre-781c90c reward",4,-644.1322601069489,552.634994306949,81.0,0.8722658000000001,9.625,187.85039648151275,187.63233003151277,0.002973240832507433,0.0,0.002973240832507433,0.002973240832507433,0.13280475718533202,46,4.376610505450942,3,1.382503439914257,1.4213917743330218,1.0,0.38
main,v040,LOSO-nes-f0,secondary,LOSO,nested,0,A,MAPPO|mappo_seed99_20260517T003433/mappo_best.pt,MAPPO,99,P,"May 2026, pre-781c90c reward",5,-371.7033788927601,368.07413289276013,0.0,0.379246,3.25,201.54781474791503,201.45300324791503,0.0,0.0,0.0,0.0,0.04261645193260654,20,1.9028741328047574,0,0.0,0.0,0.0,0.38
main,v040,LOSO-nes-f0,secondary,LOSO,nested,0,A,MAPPO|mappo_seed99_20260517T003433/mappo_best.pt,MAPPO,99,P,"May 2026, pre-781c90c reward",6,-741.555932958348,644.3506307952007,81.7796395631473,1.1756626,14.25,191.3472975425332,191.0533818925332,0.003964321110009911,0.0,0.003964321110009911,0.003964321110009911,0.11199207135777998,62,5.898909811694748,4,1.053791450888217,1.363059272704875,0.7814969963595608,0.38
main,v040,LOSO-nes-f0,secondary,LOSO,nested,0,A,MAPPO|mappo_seed99_20260517T003433/mappo_best.pt,MAPPO,99,P,"May 2026, pre-781c90c reward",7,-576.0183488190439,570.248630619044,0.0,0.6447182,5.125,193.88931437706879,193.7281348270688,0.0,0.0,0.0,0.0,0.10208126858275521,34,3.2348860257680876,0,0.0,0.0,0.0,0.38
main,v040,LOSO-nes-f0,secondary,LOSO,nested,0,A,MAPPO|mappo_seed99_20260517T003433/mappo_best.pt,MAPPO,99,P,"May 2026, pre-781c90c reward",8,-398.21539648383856,364.9232258838386,27.0,0.41717060000000006,5.875,204.37447493512363,204.27018228512364,0.0009910802775024777,0.0,0.0009910802775024777,0.0009910802775024777,0.02081268582755203,22,2.093161546085233,1,1.363059272704875,1.363059272704875,1.0,0.38
main,v040,LOSO-nes-f0,secondary,LOSO,nested,0,A,MAPPO|mappo_seed99_20260517T003433/mappo_best.pt,MAPPO,99,P,"May 2026, pre-781c90c reward",9,-458.94590795294357,80.94590795294356,378.0,0.0,0.0,207.27798845535966,207.27798845535966,0.036669970267591674,0.036669970267591674,0.0,0.013875123885034688,0.0,0,0.0,37,6.525420240620031,71.8121952661898,0.42732080292380503,0.38
main,v040,LOSO-nes-f0,secondary,LOSO,nested,0,A,Centralized PPO|ppo_multi_site_seed7_20260517T004954/ppo_multi_site.zip,Centralized PPO,7,P,"May 2026, pre-781c90c reward",all,-13325.576919100904,5859.2672574945245,7401.080312806381,4.8543488,60.375,2098.418345452651,2097.204758252651,0.03062438057482656,0.013478691774033697,0.026858275520317144,0.02834489593657086,0.05213082259663033,255,2.4261645193260657,309,39.34662300875855,1603.7432307830027,0.8968075948275948,0.8
main,v040,LOSO-nes-f0,secondary,LOSO,nested,0,A,Centralized PPO|ppo_multi_site_seed7_20260517T004954/ppo_multi_site.zip,Centralized PPO,7,P,"May 2026, pre-781c90c reward",0,-2332.756324799536,1331.9599578038506,979.7190059956854,1.3273609999999998,19.75,212.42343205091743,212.09159180091743,0.03865213082259663,0.002973240832507433,0.03865213082259663,0.03865213082259663,0.05054509415262636,70,6.6600594648166505,39,9.031556571254088,302.35582121454627,0.937366671791184,0.8
main,v040,LOSO-nes-f0,secondary,LOSO,nested,0,A,Centralized PPO|ppo_multi_site_seed7_20260517T004954/ppo_multi_site.zip,Centralized PPO,7,P,"May 2026, pre-781c90c reward",1,-869.3226350929075,869.3226350929075,0.0,0.0,0.0,207.06233983456252,207.06233983456252,0.0,0.0,0.0,0.0,0.0,0,0.0,0,0.0,0.0,0.0,0.8
main,v040,LOSO-nes-f0,secondary,LOSO,nested,0,A,Centralized PPO|ppo_multi_site_seed7_20260517T004954/ppo_multi_site.zip,Centralized PPO,7,P,"May 2026, pre-781c90c reward",2,-285.3978943212564,285.3978943212564,0.0,0.0,0.0,207.1596652387821,207.1596652387821,0.0,0.0,0.0,0.0,0.0,0,0.0,0,0.0,0.0,0.0,0.8
main,v040,LOSO-nes-f0,secondary,LOSO,nested,0,A,Centralized PPO|ppo_multi_site_seed7_20260517T004954/ppo_multi_site.zip,Centralized PPO,7,P,"May 2026, pre-781c90c reward",3,-164.84558623109876,137.84558623109876,27.0,0.0,0.0,207.2423125911026,207.2423125911026,0.0009910802775024777,0.0009910802775024777,0.0,0.0009910802775024777,0.0,0,0.0,1,3.2475083125733666,3.2475083125733666,1.0,0.8
main,v040,LOSO-nes-f0,secondary,LOSO,nested,0,A,Centralized PPO|ppo_multi_site_seed7_20260517T004954/ppo_multi_site.zip,Centralized PPO,7,P,"May 2026, pre-781c90c reward",4,-5301.785410032871,589.1719336090204,4689.201774223851,2.1617022,21.25,221.6668061537425,221.12638060374252,0.17839444995044598,0.07928642220019821,0.17839444995044598,0.17839444995044598,0.4172447968285431,114,10.846382556987116,180,45.24742017967341,1603.7432307830027,0.9683706989303428,0.8
main,v040,LOSO-nes-f0,secondary,LOSO,nested,0,A,Centralized PPO|ppo_multi_site_seed7_20260517T004954/ppo_multi_site.zip,Centralized PPO,7,P,"May 2026, pre-781c90c reward",5,-443.50485080580836,443.50485080580836,0.0,0.0,0.0,207.11606339401706,207.11606339401706,0.0,0.0,0.0,0.0,0.0,0,0.0,0,0.0,0.0,0.0,0.8
main,v040,LOSO-nes-f0,secondary,LOSO,nested,0,A,Centralized PPO|ppo_multi_site_seed7_20260517T004954/ppo_multi_site.zip,Centralized PPO,7,P,"May 2026, pre-781c90c reward",6,-956.8470664123463,956.8470664123463,0.0,0.0,0.0,206.98977289917428,206.98977289917428,0.0,0.0,0.0,0.0,0.0,0,0.0,0,0.0,0.0,0.0,0.8
main,v040,LOSO-nes-f0,secondary,LOSO,nested,0,A,Centralized PPO|ppo_multi_site_seed7_20260517T004954/ppo_multi_site.zip,Centralized PPO,7,P,"May 2026, pre-781c90c reward",7,-2110.0269449979387,762.1271268110938,1327.1595325868448,1.3652856,19.375,214.36513661852382,214.0238152185238,0.05153617443012884,0.014866204162537165,0.05153617443012884,0.05153617443012884,0.053518334985133795,71,6.7552031714568885,52,65.70484834366832,1603.7432307830027,0.9507432901197722,0.8
main,v040,LOSO-nes-f0,secondary,LOSO,nested,0,A,Centralized PPO|ppo_multi_site_seed7_20260517T004954/ppo_multi_site.zip,Centralized PPO,7,P,"May 2026, pre-781c90c reward",8,-402.1442984541981,402.1442984541981,0.0,0.0,0.0,207.1148282164695,207.1148282164695,0.0,0.0,0.0,0.0,0.0,0,0.0,0,0.0,0.0,0.0,0.8
main,v040,LOSO-nes-f0,secondary,LOSO,nested,0,A,Centralized PPO|ppo_multi_site_seed7_20260517T004954/ppo_multi_site.zip,Centralized PPO,7,P,"May 2026, pre-781c90c reward",9,-458.94590795294357,80.94590795294356,378.0,0.0,0.0,207.27798845535966,207.27798845535966,0.036669970267591674,0.036669970267591674,0.0,0.013875123885034688,0.0,0,0.0,37,6.525420240620031,71.8121952661898,0.42732080292380503,0.8
main,v040,LOSO-nes-f0,secondary,LOSO,nested,0,A,Centralized PPO|ppo_multi_site_seed13_20260517T004954/ppo_multi_site.zip,Centralized PPO,13,P,"May 2026, pre-781c90c reward",all,-13093.153758871586,6094.955630726819,6994.337088544766,0.9860396,2.875,2113.298531229524,2113.052021329524,0.029831516352824577,0.014866204162537165,0.026065411298315164,0.02755203171456888,0.057482656095143705,51,0.48523290386521306,301,20.632614656226437,1603.7432307830027,0.8729416588914938,0.82
main,v040,LOSO-nes-f0,secondary,LOSO,nested,0,A,Centralized PPO|ppo_multi_site_seed13_20260517T004954/ppo_multi_site.zip,Centralized PPO,13,P,"May 2026, pre-781c90c reward",0,-1322.4870855792624,1322.4870855792624,0.0,0.0,0.0,206.93139296925,206.93139296925,0.0,0.0,0.0,0.0,0.0,0,0.0,0,0.0,0.0,0.0,0.82
main,v040,LOSO-nes-f0,secondary,LOSO,nested,0,A,Centralized PPO|ppo_multi_site_seed13_20260517T004954/ppo_multi_site.zip,Centralized PPO,13,P,"May 2026, pre-781c90c reward",1,-869.3226350929075,869.3226350929075,0.0,0.0,0.0,207.06233983456252,207.06233983456252,0.0,0.0,0.0,0.0,0.0,0,0.0,0,0.0,0.0,0.0,0.82
main,v040,LOSO-nes-f0,secondary,LOSO,nested,0,A,Centralized PPO|ppo_multi_site_seed13_20260517T004954/ppo_multi_site.zip,Centralized PPO,13,P,"May 2026, pre-781c90c reward",2,-285.3978943212564,285.3978943212564,0.0,0.0,0.0,207.1596652387821,207.1596652387821,0.0,0.0,0.0,0.0,0.0,0,0.0,0,0.0,0.0,0.0,0.82
main,v040,LOSO-nes-f0,secondary,LOSO,nested,0,A,Centralized PPO|ppo_multi_site_seed13_20260517T004954/ppo_multi_site.zip,Centralized PPO,13,P,"May 2026, pre-781c90c reward",3,-164.84558623109876,137.84558623109876,27.0,0.0,0.0,207.2423125911026,207.2423125911026,0.0009910802775024777,0.0009910802775024777,0.0,0.0009910802775024777,0.0,0,0.0,1,3.2475083125733666,3.2475083125733666,1.0,0.82
main,v040,LOSO-nes-f0,secondary,LOSO,nested,0,A,Centralized PPO|ppo_multi_site_seed13_20260517T004954/ppo_multi_site.zip,Centralized PPO,13,P,"May 2026, pre-781c90c reward",4,-1288.6537380802579,960.9397108197079,326.6002534605501,0.11377380000000001,1.0,209.70130501804113,209.67286156804113,0.01288404360753221,0.004955401387512388,0.01288404360753221,0.01288404360753221,0.010901883052527254,6,0.5708622398414271,13,147.69463267841275,1603.7432307830027,0.9374365473347438,0.82
main,v040,LOSO-nes-f0,secondary,LOSO,nested,0,A,Centralized PPO|ppo_multi_site_seed13_20260517T004954/ppo_multi_site.zip,Centralized PPO,13,P,"May 2026, pre-781c90c reward",5,-443.50485080580836,443.50485080580836,0.0,0.0,0.0,207.11606339401706,207.11606339401706,0.0,0.0,0.0,0.0,0.0,0,0.0,0,0.0,0.0,0.0,0.82
main,v040,LOSO-nes-f0,secondary,LOSO,nested,0,A,Centralized PPO|ppo_multi_site_seed13_20260517T004954/ppo_multi_site.zip,Centralized PPO,13,P,"May 2026, pre-781c90c reward",6,-956.8470664123463,956.8470664123463,0.0,0.0,0.0,206.98977289917428,206.98977289917428,0.0,0.0,0.0,0.0,0.0,0,0.0,0,0.0,0.0,0.0,0.82
main,v040,LOSO-nes-f0,secondary,LOSO,nested,0,A,Centralized PPO|ppo_multi_site_seed13_20260517T004954/ppo_multi_site.zip,Centralized PPO,13,P,"May 2026, pre-781c90c reward",7,-6901.004695941507,635.5205950572906,6262.736835084215,0.8722657999999999,1.875,246.70286261276536,246.48479616276538,0.24777006937561943,0.10604558969276512,0.24777006937561943,0.24777006937561943,0.5639246778989098,45,4.281466798810704,250,16.18279491795711,1603.7432307830027,0.9350315780112287,0.82
main,v040,LOSO-nes-f0,secondary,LOSO,nested,0,A,Centralized PPO|ppo_multi_site_seed13_20260517T004954/ppo_multi_site.zip,Centralized PPO,13,P,"May 2026, pre-781c90c reward",8,-402.1442984541981,402.1442984541981,0.0,0.0,0.0,207.1148282164695,207.1148282164695,0.0,0.0,0.0,0.0,0.0,0,0.0,0,0.0,0.0,0.0,0.82
main,v040,LOSO-nes-f0,secondary,LOSO,nested,0,A,Centralized PPO|ppo_multi_site_seed13_20260517T004954/ppo_multi_site.zip,Centralized PPO,13,P,"May 2026, pre-781c90c reward",9,-458.94590795294357,80.94590795294356,378.0,0.0,0.0,207.27798845535966,207.27798845535966,0.036669970267591674,0.036669970267591674,0.0,0.013875123885034688,0.0,0,0.0,37,6.525420240620031,71.8121952661898,0.42732080292380503,0.82
main,v040,LOSO-nes-f0,secondary,LOSO,nested,0,A,Centralized PPO|ppo_multi_site_seed42_20260517T004954/ppo_multi_site.zip,Centralized PPO,42,P,"May 2026, pre-781c90c reward",all,-11502.217942914816,5406.404073675229,6043.099972039587,4.5888972,48.125,2066.0214890126917,2064.874264712692,0.025569871159563926,0.009217046580773042,0.02180376610505451,0.023290386521308225,0.08315163528245788,239,2.273934588701685,258,10.633275258416562,1603.7432307830027,0.8788664164450918,0.81
main,v040,LOSO-nes-f0,secondary,LOSO,nested,0,A,Centralized PPO|ppo_multi_site_seed42_20260517T004954/ppo_multi_site.zip,Centralized PPO,42,P,"May 2026, pre-781c90c reward",0,-3952.6830453744624,1328.9837402533617,2597.2005069211,2.1237982000000004,24.375,223.2081965661265,222.6772470161265,0.09712586719524281,0.02180376610505451,0.09712586719524281,0.09712586719524281,0.17244796828543113,112,10.65609514370664,98,4.446965903850692,302.35582121454627,0.9834015329663606,0.81
main,v040,LOSO-nes-f0,secondary,LOSO,nested,0,A,Centralized PPO|ppo_multi_site_seed42_20260517T004954/ppo_multi_site.zip,Centralized PPO,42,P,"May 2026, pre-781c90c reward",1,-1319.4538084611356,490.7158170005855,812.6002534605501,1.1377380000000001,15.0,197.40104715546866,197.11661265546866,0.030723488602576808,0.007928642220019821,0.030723488602576808,0.030723488602576808,0.155599603567889,59,5.613478691774034,31,11.062746413704938,302.35582121454627,0.9737637133984409,0.81
main,v040,LOSO-nes-f0,secondary,LOSO,nested,0,A,Centralized PPO|ppo_multi_site_seed42_20260517T004954/ppo_multi_site.zip,Centralized PPO,42,P,"May 2026, pre-781c90c reward",2,-285.3978943212564,285.3978943212564,0.0,0.0,0.0,207.1596652387821,207.1596652387821,0.0,0.0,0.0,0.0,0.0,0,0.0,0,0.0,0.0,0.0,0.81
main,v040,LOSO-nes-f0,secondary,LOSO,nested,0,A,Centralized PPO|ppo_multi_site_seed42_20260517T004954/ppo_multi_site.zip,Centralized PPO,42,P,"May 2026, pre-781c90c reward",3,-164.84558623109876,137.84558623109876,27.0,0.0,0.0,207.2423125911026,207.2423125911026,0.0009910802775024777,0.0009910802775024777,0.0,0.0009910802775024777,0.0,0,0.0,1,3.2475083125733666,3.2475083125733666,1.0,0.81
main,v040,LOSO-nes-f0,secondary,LOSO,nested,0,A,Centralized PPO|ppo_multi_site_seed42_20260517T004954/ppo_multi_site.zip,Centralized PPO,42,P,"May 2026, pre-781c90c reward",4,-956.6551647701882,956.6551647701882,0.0,0.0,0.0,207.0060707279047,207.0060707279047,0.0,0.0,0.0,0.0,0.0,0,0.0,0,0.0,0.0,0.0,0.81
main,v040,LOSO-nes-f0,secondary,LOSO,nested,0,A,Centralized PPO|ppo_multi_site_seed42_20260517T004954/ppo_multi_site.zip,Centralized PPO,42,P,"May 2026, pre-781c90c reward",5,-443.50485080580836,443.50485080580836,0.0,0.0,0.0,207.11606339401706,207.11606339401706,0.0,0.0,0.0,0.0,0.0,0,0.0,0,0.0,0.0,0.0,0.81
main,v040,LOSO-nes-f0,secondary,LOSO,nested,0,A,Centralized PPO|ppo_multi_site_seed42_20260517T004954/ppo_multi_site.zip,Centralized PPO,42,P,"May 2026, pre-781c90c reward",6,-1062.8569295791583,708.0546306528638,352.5592791262946,0.4930198,1.75,196.45728987869376,196.33403492869377,0.014866204162537165,0.0019821605550049554,0.014866204162537165,0.014866204162537165,0.1635282457879088,25,2.3785926660059467,15,1.2439310144012488,1.7030429867548669,0.8834650647250991,0.81
main,v040,LOSO-nes-f0,secondary,LOSO,nested,0,A,Centralized PPO|ppo_multi_site_seed42_20260517T004954/ppo_multi_site.zip,Centralized PPO,42,P,"May 2026, pre-781c90c reward",7,-2455.7304569645667,572.1561832329247,1875.7399325316424,0.8343412,7.0,206.03802678876727,205.8294414887673,0.0753221010901883,0.022794846382556987,0.0753221010901883,0.0753221010901883,0.3399405351833499,43,4.0911793855302285,76,22.385397326812086,1603.7432307830027,0.9226929528647553,0.81
main,v040,LOSO-nes-f0,secondary,LOSO,nested,0,A,Centralized PPO|ppo_multi_site_seed42_20260517T004954/ppo_multi_site.zip,Centralized PPO,42,P,"May 2026, pre-781c90c reward",8,-402.1442984541981,402.1442984541981,0.0,0.0,0.0,207.1148282164695,207.1148282164695,0.0,0.0,0.0,0.0,0.0,0,0.0,0,0.0,0.0,0.0,0.81
main,v040,LOSO-nes-f0,secondary,LOSO,nested,0,A,Centralized PPO|ppo_multi_site_seed42_20260517T004954/ppo_multi_site.zip,Centralized PPO,42,P,"May 2026, pre-781c90c reward",9,-458.94590795294357,80.94590795294356,378.0,0.0,0.0,207.27798845535966,207.27798845535966,0.036669970267591674,0.036669970267591674,0.0,0.013875123885034688,0.0,0,0.0,37,6.525420240620031,71.8121952661898,0.42732080292380503,0.81
main,v040,LOSO-nes-f0,secondary,LOSO,nested,0,A,Centralized PPO|ppo_multi_site_seed99_20260517T004954/ppo_multi_site.zip,Centralized PPO,99,P,"May 2026, pre-781c90c reward",all,-22023.237487057937,5122.295706795906,16883.097414662032,2.8443656,15.0,2194.8747016876778,2194.1636102876782,0.06689791873141725,0.03994053518334985,0.06313181367690783,0.06461843409316155,0.17859266600594648,148,1.4081268582755204,675,261.0720855761528,2384.262057332388,0.9330085681929607,0.8
main,v040,LOSO-nes-f0,secondary,LOSO,nested,0,A,Centralized PPO|ppo_multi_site_seed99_20260517T004954/ppo_multi_site.zip,Centralized PPO,99,P,"May 2026, pre-781c90c reward",0,-2089.9379031195813,778.8916218353341,1301.9801464842476,1.4411348,7.625,182.1879874759793,181.8277037759793,0.05054509415262636,0.008919722497522299,0.05054509415262636,0.05054509415262636,0.48761149653121905,75,7.13577799801784,51,38.66058739802852,1603.7432307830027,0.9509674160027761,0.8
main,v040,LOSO-nes-f0,secondary,LOSO,nested,0,A,Centralized PPO|ppo_multi_site_seed99_20260517T004954/ppo_multi_site.zip,Centralized PPO,99,P,"May 2026, pre-781c90c reward",1,-869.3226350929075,869.3226350929075,0.0,0.0,0.0,207.06233983456252,207.06233983456252,0.0,0.0,0.0,0.0,0.0,0,0.0,0,0.0,0.0,0.0,0.8
main,v040,LOSO-nes-f0,secondary,LOSO,nested,0,A,Centralized PPO|ppo_multi_site_seed99_20260517T004954/ppo_multi_site.zip,Centralized PPO,99,P,"May 2026, pre-781c90c reward",2,-285.3978943212564,285.3978943212564,0.0,0.0,0.0,207.1596652387821,207.1596652387821,0.0,0.0,0.0,0.0,0.0,0,0.0,0,0.0,0.0,0.0,0.8
main,v040,LOSO-nes-f0,secondary,LOSO,nested,0,A,Centralized PPO|ppo_multi_site_seed99_20260517T004954/ppo_multi_site.zip,Centralized PPO,99,P,"May 2026, pre-781c90c reward",3,-164.84558623109876,137.84558623109876,27.0,0.0,0.0,207.2423125911026,207.2423125911026,0.0009910802775024777,0.0009910802775024777,0.0,0.0009910802775024777,0.0,0,0.0,1,3.2475083125733666,3.2475083125733666,1.0,0.8
main,v040,LOSO-nes-f0,secondary,LOSO,nested,0,A,Centralized PPO|ppo_multi_site_seed99_20260517T004954/ppo_multi_site.zip,Centralized PPO,99,P,"May 2026, pre-781c90c reward",4,-1428.7429263018516,553.9224477202013,871.8007603816502,0.6447182,2.375,192.9100670595434,192.7488875095434,0.03468780971258672,0.010901883052527254,0.03468780971258672,0.03468780971258672,0.2487611496531219,33,3.1397423191278495,35,9.896317671091964,302.35582121454627,0.9302864384587145,0.8
main,v040,LOSO-nes-f0,secondary,LOSO,nested,0,A,Centralized PPO|ppo_multi_site_seed99_20260517T004954/ppo_multi_site.zip,Centralized PPO,99,P,"May 2026, pre-781c90c reward",5,-443.50485080580836,443.50485080580836,0.0,0.0,0.0,207.11606339401706,207.11606339401706,0.0,0.0,0.0,0.0,0.0,0,0.0,0,0.0,0.0,0.0,0.8
main,v040,LOSO-nes-f0,secondary,LOSO,nested,0,A,Centralized PPO|ppo_multi_site_seed99_20260517T004954/ppo_multi_site.zip,Centralized PPO,99,P,"May 2026, pre-781c90c reward",6,-12986.727663311745,783.5318889156104,12198.316507796135,0.3792666,4.5,327.52845399094184,327.4336373409418,0.46878097125867196,0.2745292368681863,0.46878097125867196,0.46878097125867196,0.9821605550049554,20,1.9028741328047574,473,168.69994943205685,2384.262057332388,0.9596417553062814,0.8
main,v040,LOSO-nes-f0,secondary,LOSO,nested,0,A,Centralized PPO|ppo_multi_site_seed99_20260517T004954/ppo_multi_site.zip,Centralized PPO,99,P,"May 2026, pre-781c90c reward",7,-758.278582199907,758.278582199907,0.0,0.0,0.0,207.0030482598367,207.0030482598367,0.0,0.0,0.0,0.0,0.0,0,0.0,0,0.0,0.0,0.0,0.8
main,v040,LOSO-nes-f0,secondary,LOSO,nested,0,A,Centralized PPO|ppo_multi_site_seed99_20260517T004954/ppo_multi_site.zip,Centralized PPO,99,P,"May 2026, pre-781c90c reward",8,-2537.5335377208385,430.6542917208385,2106.0,0.379246,0.5,249.3867753875528,249.2919638875528,0.07730426164519326,0.06739345887016848,0.07730426164519326,0.07730426164519326,0.06739345887016848,20,1.9028741328047574,78,1203.4081096094492,2384.262057332388,1.0,0.8
main,v040,LOSO-nes-f0,secondary,LOSO,nested,0,A,Centralized PPO|ppo_multi_site_seed99_20260517T004954/ppo_multi_site.zip,Centralized PPO,99,P,"May 2026, pre-781c90c reward",9,-458.94590795294357,80.94590795294356,378.0,0.0,0.0,207.27798845535966,207.27798845535966,0.036669970267591674,0.036669970267591674,0.0,0.013875123885034688,0.0,0,0.0,37,6.525420240620031,71.8121952661898,0.42732080292380503,0.8
main,v040,LOSO-nes-f0,secondary,LOSO,nested,0,A,MAPPO|mappo_nr_seed23/mappo_best.pt,MAPPO,23,T,"June 2026, current reward",all,-5433.693564719613,4147.205516956466,1215.7796395631472,6.333408200000001,64.375,1964.9826137449559,1963.3992616949558,0.006342913776015857,0.004063429137760159,0.0037661050545094153,0.0045589692765113975,0.09137760158572844,334,3.1777998017839444,64,27735.723145195407,153103.27820826048,0.7272373494649007,0.38
main,v040,LOSO-nes-f0,secondary,LOSO,nested,0,A,MAPPO|mappo_nr_seed23/mappo_best.pt,MAPPO,23,T,"June 2026, current reward",0,-821.0265439165248,776.5095599165247,27.0,1.516984,16.0,175.11929407348566,174.74004807348567,0.0009910802775024777,0.0,0.0009910802775024777,0.0009910802775024777,0.24677898909811694,80,7.6114965312190295,1,1.4213917743330218,1.4213917743330218,1.0,0.38
main,v040,LOSO-nes-f0,secondary,LOSO,nested,0,A,MAPPO|mappo_nr_seed23/mappo_best.pt,MAPPO,23,T,"June 2026, current reward",1,-538.5112582877157,448.42691708771565,81.0,0.8343412,8.25,190.6916266015656,190.4830413015656,0.002973240832507433,0.0,0.002973240832507433,0.002973240832507433,0.1278493557978196,44,4.186323092170466,3,1.3845715880624054,1.4213917743330218,1.0,0.38
main,v040,LOSO-nes-f0,secondary,LOSO,nested,0,A,MAPPO|mappo_nr_seed23/mappo_best.pt,MAPPO,23,T,"June 2026, current reward",2,-307.6593913596506,278.63269295965057,27.0,0.1516984,1.875,206.60349844359018,206.5655738435902,0.0009910802775024777,0.0,0.0009910802775024777,0.0009910802775024777,0.004955401387512388,8,0.761149653121903,1,1.363059272704875,1.363059272704875,1.0,0.38
main,v040,LOSO-nes-f0,secondary,LOSO,nested,0,A,MAPPO|mappo_nr_seed23/mappo_best.pt,MAPPO,23,T,"June 2026, current reward",3,-164.84558623109876,137.84558623109876,27.0,0.0,0.0,207.2423125911026,207.2423125911026,0.0009910802775024777,0.0009910802775024777,0.0,0.0009910802775024777,0.0,0,0.0,1,3.2475083125733666,3.2475083125733666,1.0,0.38
main,v040,LOSO-nes-f0,secondary,LOSO,nested,0,A,MAPPO|mappo_nr_seed23/mappo_best.pt,MAPPO,23,T,"June 2026, current reward",4,-678.8296604306615,536.9840930306614,135.0,0.7205674,6.125,185.7345712479676,185.55442939796757,0.004955401387512388,0.0,0.004955401387512388,0.004955401387512388,0.1565906838453915,38,3.615460852329039,5,1.398058773681763,1.4213917743330218,1.0,0.38
main,v040,LOSO-nes-f0,secondary,LOSO,nested,0,A,MAPPO|mappo_nr_seed23/mappo_best.pt,MAPPO,23,T,"June 2026, current reward",5,-387.69209052303677,356.1119953230368,27.0,0.45509520000000003,4.125,200.06847319742167,199.95469939742168,0.0009910802775024777,0.0,0.0009910802775024777,0.0009910802775024777,0.05946481665014866,24,2.2834489593657086,1,1.363059272704875,1.363059272704875,1.0,0.38
main,v040,LOSO-nes-f0,secondary,LOSO,nested,0,A,MAPPO|mappo_nr_seed23/mappo_best.pt,MAPPO,23,T,"June 2026, current reward",6,-743.0679590510927,620.8247322879454,108.7796395631473,1.2135872,12.25,188.5225287885724,188.21913198857243,0.004955401387512388,0.0,0.004955401387512388,0.004955401387512388,0.14370664023785926,64,6.089197224975224,5,61.81052826977651,304.83747554532965,0.8251975970876486,0.38
main,v040,LOSO-nes-f0,secondary,LOSO,nested,0,A,MAPPO|mappo_nr_seed23/mappo_best.pt,MAPPO,23,T,"June 2026, current reward",7,-617.5215506519257,555.5509832519258,54.0,0.7205674,7.25,191.88806174355454,191.70791989355453,0.0019821605550049554,0.0,0.0019821605550049554,0.0019821605550049554,0.12685827552031714,38,3.615460852329039,2,1.3981138939518893,1.4213917743330218,1.0,0.38
main,v040,LOSO-nes-f0,secondary,LOSO,nested,0,A,MAPPO|mappo_nr_seed23/mappo_best.pt,MAPPO,23,T,"June 2026, current reward",8,-415.8885403396161,354.48259593961603,54.0,0.5309444,6.875,203.08905321941825,202.9563171194182,0.0019821605550049554,0.0,0.0019821605550049554,0.0019821605550049554,0.03468780971258672,28,2.66402378592666,2,1.363059272704875,1.363059272704875,1.0,0.38
main,v040,LOSO-nes-f0,secondary,LOSO,nested,0,A,MAPPO|mappo_nr_seed23/mappo_best.pt,MAPPO,23,T,"June 2026, current reward",9,-758.6509839282915,81.83636092829138,675.0,0.18962299999999999,1.625,216.02319383827736,215.97578808827737,0.04261645193260654,0.03964321110009911,0.017839444995044598,0.024777006937561942,0.01288404360753221,10,0.9514370664023787,43,41273.32947157113,153103.27820826048,0.614353543728265,0.38
main,v040,LOSO-nes-f0,secondary,LOSO,nested,0,A,MAPPO|mappo_nr_seed64/mappo_best.pt,MAPPO,64,T,"June 2026, current reward",all,-5056.628942798854,4228.145141035708,756.7796395631473,5.9541622,65.75,1967.534795453599,1966.0462549035988,0.005153617443012884,0.0037661050545094153,0.0013875123885034688,0.0028741328047571855,0.07631318136769079,314,2.9875123885034687,52,10.887363042448222,304.83747554532965,0.5757088018003659,0.38
main,v040,LOSO-nes-f0,secondary,LOSO,nested,0,A,MAPPO|mappo_nr_seed64/mappo_best.pt,MAPPO,64,T,"June 2026, current reward",0,-816.9097433160246,803.8970053160245,0.0,1.1377380000000001,11.875,178.61611889132013,178.33168439132015,0.0,0.0,0.0,0.0,0.20614469772051536,60,5.708622398414271,0,0.0,0.0,0.0,0.38
main,v040,LOSO-nes-f0,secondary,LOSO,nested,0,A,MAPPO|mappo_nr_seed64/mappo_best.pt,MAPPO,64,T,"June 2026, current reward",1,-553.8040813019688,460.6059663019688,81.0,0.948115,11.25,192.36786785210586,192.13083910210588,0.002973240832507433,0.0,0.002973240832507433,0.002973240832507433,0.10703666997026759,50,4.757185332011893,3,1.3845715880624054,1.4213917743330218,1.0,0.38
main,v040,LOSO-nes-f0,secondary,LOSO,nested,0,A,MAPPO|mappo_nr_seed64/mappo_best.pt,MAPPO,64,T,"June 2026, current reward",2,-308.91983406093067,279.7681356609307,27.0,0.1516984,2.0,206.7220368817563,206.6841122817563,0.0009910802775024777,0.0,0.0009910802775024777,0.0009910802775024777,0.003964321110009911,8,0.761149653121903,1,1.363059272704875,1.363059272704875,1.0,0.38
main,v040,LOSO-nes-f0,secondary,LOSO,nested,0,A,MAPPO|mappo_nr_seed64/mappo_best.pt,MAPPO,64,T,"June 2026, current reward",3,-164.84558623109876,137.84558623109876,27.0,0.0,0.0,207.2423125911026,207.2423125911026,0.0009910802775024777,0.0009910802775024777,0.0,0.0009910802775024777,0.0,0,0.0,1,3.2475083125733666,3.2475083125733666,1.0,0.38
main,v040,LOSO-nes-f0,secondary,LOSO,nested,0,A,MAPPO|mappo_nr_seed64/mappo_best.pt,MAPPO,64,T,"June 2026, current reward",4,-636.2659954726165,545.6816542726165,81.0,0.8343412,8.75,187.01694472699828,186.8083594269983,0.002973240832507433,0.0,0.002973240832507433,0.002973240832507433,0.14073339940535184,44,4.186323092170466,3,1.382503439914257,1.4213917743330218,1.0,0.38
main,v040,LOSO-nes-f0,secondary,LOSO,nested,0,A,MAPPO|mappo_nr_seed64/mappo_best.pt,MAPPO,64,T,"June 2026, current reward",5,-365.79900612983533,361.75683552983537,0.0,0.4171706,3.625,200.9841480526908,200.8798554026908,0.0,0.0,0.0,0.0,0.04757185332011893,22,2.093161546085233,0,0.0,0.0,0.0,0.38
main,v040,LOSO-nes-f0,secondary,LOSO,nested,0,A,MAPPO|mappo_nr_seed64/mappo_best.pt,MAPPO,64,T,"June 2026, current reward",6,-758.1783334171985,632.4842574540512,108.7796395631473,1.2894364,15.625,190.26125362324245,189.93889452324245,0.004955401387512388,0.0,0.004955401387512388,0.004955401387512388,0.12190287413280476,68,6.469772051536175,5,61.81052826977651,304.83747554532965,0.8251975970876486,0.38
main,v040,LOSO-nes-f0,secondary,LOSO,nested,0,A,MAPPO|mappo_nr_seed64/mappo_best.pt,MAPPO,64,T,"June 2026, current reward",7,-598.0881621944452,563.329670194445,27.0,0.758492,7.0,193.0239857719234,192.8343627719234,0.0009910802775024777,0.0,0.0009910802775024777,0.0009910802775024777,0.11199207135777998,40,3.8057482656095147,1,1.3748360135707571,1.3748360135707571,1.0,0.38
main,v040,LOSO-nes-f0,secondary,LOSO,nested,0,A,MAPPO|mappo_nr_seed64/mappo_best.pt,MAPPO,64,T,"June 2026, current reward",8,-394.8722927217923,361.83012212179233,27.0,0.41717060000000006,5.625,204.02213860709927,203.91784595709925,0.0009910802775024777,0.0,0.0009910802775024777,0.0009910802775024777,0.023785926660059464,22,2.093161546085233,1,1.363059272704875,1.363059272704875,1.0,0.38
main,v040,LOSO-nes-f0,secondary,LOSO,nested,0,A,MAPPO|mappo_nr_seed64/mappo_best.pt,MAPPO,64,T,"June 2026, current reward",9,-458.94590795294357,80.94590795294356,378.0,0.0,0.0,207.27798845535966,207.27798845535966,0.036669970267591674,0.036669970267591674,0.0,0.013875123885034688,0.0,0,0.0,37,6.525420240620031,71.8121952661898,0.42732080292380503,0.38
main,v040,LOSO-nes-f0,secondary,LOSO,nested,0,A,MAPPO|mappo_nr_seed99/mappo_best.pt,MAPPO,99,T,"June 2026, current reward",all,-5097.778970998144,4267.806395434997,756.7796395631473,6.0679359999999996,67.125,1971.7486940947465,1970.2317100947466,0.005153617443012884,0.0037661050545094153,0.0013875123885034688,0.0028741328047571855,0.07215064420218038,320,3.044598612487612,52,10.888484821325687,304.83747554532965,0.5757088018003659,0.38
main,v040,LOSO-nes-f0,secondary,LOSO,nested,0,A,MAPPO|mappo_nr_seed99/mappo_best.pt,MAPPO,99,T,"June 2026, current reward",0,-823.722318277436,811.0466556774359,0.0,1.1756626000000001,11.5,179.5774241279239,179.28350847792393,0.0,0.0,0.0,0.0,0.19425173439048563,62,5.898909811694748,0,0.0,0.0,0.0,0.38
main,v040,LOSO-nes-f0,secondary,LOSO,nested,0,A,MAPPO|mappo_nr_seed99/mappo_best.pt,MAPPO,99,T,"June 2026, current reward",1,-535.3944610468741,470.234270646874,54.0,0.9101904000000001,10.25,193.42538099084254,193.19783339084256,0.0019821605550049554,0.0,0.0019821605550049554,0.0019821605550049554,0.09712586719524281,48,4.566897918731417,2,1.3953277457411706,1.4213917743330218,1.0,0.38
main,v040,LOSO-nes-f0,secondary,LOSO,nested,0,A,MAPPO|mappo_nr_seed99/mappo_best.pt,MAPPO,99,T,"June 2026, current reward",2,-307.6593913596506,278.63269295965057,27.0,0.1516984,1.875,206.60349844359018,206.5655738435902,0.0009910802775024777,0.0,0.0009910802775024777,0.0009910802775024777,0.004955401387512388,8,0.761149653121903,1,1.363059272704875,1.363059272704875,1.0,0.38
main,v040,LOSO-nes-f0,secondary,LOSO,nested,0,A,MAPPO|mappo_nr_seed99/mappo_best.pt,MAPPO,99,T,"June 2026, current reward",3,-164.84558623109876,137.84558623109876,27.0,0.0,0.0,207.2423125911026,207.2423125911026,0.0009910802775024777,0.0009910802775024777,0.0,0.0009910802775024777,0.0,0,0.0,1,3.2475083125733666,3.2475083125733666,1.0,0.38
main,v040,LOSO-nes-f0,secondary,LOSO,nested,0,A,MAPPO|mappo_nr_seed99/mappo_best.pt,MAPPO,99,T,"June 2026, current reward",4,-669.8003973184357,550.1022823184356,108.0,0.9481149999999999,10.75,187.61625749839797,187.37922874839796,0.003964321110009911,0.0,0.003964321110009911,0.003964321110009911,0.13478691774033696,50,4.757185332011893,4,1.3922255235189482,1.4213917743330218,1.0,0.38
main,v040,LOSO-nes-f0,secondary,LOSO,nested,0,A,MAPPO|mappo_nr_seed99/mappo_best.pt,MAPPO,99,T,"June 2026, current reward",5,-364.92979695987117,360.7626263598711,0.0,0.4171706,3.75,200.68249783264133,200.57820518264134,0.0,0.0,0.0,0.0,0.05153617443012884,22,2.093161546085233,0,0.0,0.0,0.0,0.38
main,v040,LOSO-nes-f0,secondary,LOSO,nested,0,A,MAPPO|mappo_nr_seed99/mappo_best.pt,MAPPO,99,T,"June 2026, current reward",6,-768.2749433180306,643.1187919548834,108.7796395631473,1.2515117999999998,15.125,191.22953801505236,190.91666006505235,0.004955401387512388,0.0,0.004955401387512388,0.004955401387512388,0.11298315163528246,66,6.279484638255699,5,61.81052826977651,304.83747554532965,0.8251975970876486,0.38
main,v040,LOSO-nes-f0,secondary,LOSO,nested,0,A,MAPPO|mappo_nr_seed99/mappo_best.pt,MAPPO,99,T,"June 2026, current reward",7,-604.3210961295595,569.1876041295595,27.0,0.758492,7.375,193.753078545744,193.563455545744,0.0009910802775024777,0.0,0.0009910802775024777,0.0009910802775024777,0.10406342913776016,40,3.8057482656095147,1,1.3748360135707571,1.3748360135707571,1.0,0.38
main,v040,LOSO-nes-f0,secondary,LOSO,nested,0,A,MAPPO|mappo_nr_seed99/mappo_best.pt,MAPPO,99,T,"June 2026, current reward",8,-399.8850724042446,365.9299772042446,27.0,0.45509520000000003,6.5,204.34071759409198,204.226943794092,0.0009910802775024777,0.0,0.0009910802775024777,0.0009910802775024777,0.02180376610505451,24,2.2834489593657086,1,1.363059272704875,1.363059272704875,1.0,0.38
main,v040,LOSO-nes-f0,secondary,LOSO,nested,0,A,MAPPO|mappo_nr_seed99/mappo_best.pt,MAPPO,99,T,"June 2026, current reward",9,-458.94590795294357,80.94590795294356,378.0,0.0,0.0,207.27798845535966,207.27798845535966,0.036669970267591674,0.036669970267591674,0.0,0.013875123885034688,0.0,0,0.0,37,6.525420240620031,71.8121952661898,0.42732080292380503,0.38
main,v040,LOSO-nes-f0,secondary,LOSO,nested,0,A,MAPPO|mappo_seed7_20260516T092249/mappo_best.pt,MAPPO,7,L,"May 2026, pre-781c90c reward",all,-5088.03001557437,4219.626309011223,810.7796395631473,5.499067,52.125,1965.5920339188078,1964.2172671688077,0.005351833498513379,0.0037661050545094153,0.0015857284440039642,0.003072348860257681,0.07928642220019821,290,2.759167492566898,54,10.536771513999511,304.83747554532965,0.5914232906225746,0.38
main,v040,LOSO-nes-f0,secondary,LOSO,nested,0,A,MAPPO|mappo_seed7_20260516T092249/mappo_best.pt,MAPPO,7,L,"May 2026, pre-781c90c reward",0,-814.6393284493431,803.6265904493432,0.0,1.1377380000000001,9.875,178.4995441315994,178.21510963159943,0.0,0.0,0.0,0.0,0.20812685827552033,60,5.708622398414271,0,0.0,0.0,0.0,0.38
main,v040,LOSO-nes-f0,secondary,LOSO,nested,0,A,MAPPO|mappo_seed7_20260516T092249/mappo_best.pt,MAPPO,7,L,"May 2026, pre-781c90c reward",1,-555.5817934407501,463.95952764075,81.0,0.8722658000000001,9.75,192.7196884282489,192.50162197824892,0.002973240832507433,0.0,0.002973240832507433,0.002973240832507433,0.10406342913776016,46,4.376610505450942,3,1.3845715880624054,1.4213917743330218,1.0,0.38
main,v040,LOSO-nes-f0,secondary,LOSO,nested,0,A,MAPPO|mappo_seed7_20260516T092249/mappo_best.pt,MAPPO,7,L,"May 2026, pre-781c90c reward",2,-307.7812917506665,279.29251795066654,27.0,0.11377380000000001,1.375,206.67941259374987,206.65096914374988,0.0009910802775024777,0.0,0.0009910802775024777,0.0009910802775024777,0.003964321110009911,6,0.5708622398414271,1,1.363059272704875,1.363059272704875,1.0,0.38
main,v040,LOSO-nes-f0,secondary,LOSO,nested,0,A,MAPPO|mappo_seed7_20260516T092249/mappo_best.pt,MAPPO,7,L,"May 2026, pre-781c90c reward",3,-164.84558623109876,137.84558623109876,27.0,0.0,0.0,207.2423125911026,207.2423125911026,0.0009910802775024777,0.0009910802775024777,0.0,0.0009910802775024777,0.0,0,0.0,1,3.2475083125733666,3.2475083125733666,1.0,0.38
main,v040,LOSO-nes-f0,secondary,LOSO,nested,0,A,MAPPO|mappo_seed7_20260516T092249/mappo_best.pt,MAPPO,7,L,"May 2026, pre-781c90c reward",4,-657.4759580867385,542.7174660867386,108.0,0.758492,6.0,186.57142811188908,186.38180511188907,0.003964321110009911,0.0,0.003964321110009911,0.003964321110009911,0.1466798810703667,40,3.8057482656095147,4,1.3922255235189482,1.4213917743330218,1.0,0.38
main,v040,LOSO-nes-f0,secondary,LOSO,nested,0,A,MAPPO|mappo_seed7_20260516T092249/mappo_best.pt,MAPPO,7,L,"May 2026, pre-781c90c reward",5,-363.32835685278735,360.1991108527874,0.0,0.379246,2.75,200.5897567144548,200.4949452144548,0.0,0.0,0.0,0.0,0.05252725470763132,20,1.9028741328047574,0,0.0,0.0,0.0,0.38
main,v040,LOSO-nes-f0,secondary,LOSO,nested,0,A,MAPPO|mappo_seed7_20260516T092249/mappo_best.pt,MAPPO,7,L,"May 2026, pre-781c90c reward",6,-750.7500146641528,630.1205617010055,108.7796395631473,1.0998134,10.75,189.6054944950921,189.3305411450921,0.004955401387512388,0.0,0.004955401387512388,0.004955401387512388,0.13181367690782952,58,5.518334985133796,5,61.81052826977651,304.83747554532965,0.8251975970876486,0.38
main,v040,LOSO-nes-f0,secondary,LOSO,nested,0,A,MAPPO|mappo_seed7_20260516T092249/mappo_best.pt,MAPPO,7,L,"May 2026, pre-781c90c reward",7,-621.6678011502678,560.8601583502679,54.0,0.6826428,6.125,192.61502509065446,192.4443643906544,0.0019821605550049554,0.0,0.0019821605550049554,0.0019821605550049554,0.11793855302279485,36,3.4251734390485633,2,1.3981138939518893,1.4213917743330218,1.0,0.38
main,v040,LOSO-nes-f0,secondary,LOSO,nested,0,A,MAPPO|mappo_seed7_20260516T092249/mappo_best.pt,MAPPO,7,L,"May 2026, pre-781c90c reward",8,-393.013976995622,360.058881795622,27.0,0.45509520000000003,5.5,203.79138330665683,203.67760950665684,0.0009910802775024777,0.0,0.0009910802775024777,0.0009910802775024777,0.027750247770069375,24,2.2834489593657086,1,1.363059272704875,1.363059272704875,1.0,0.38
main,v040,LOSO-nes-f0,secondary,LOSO,nested,0,A,MAPPO|mappo_seed7_20260516T092249/mappo_best.pt,MAPPO,7,L,"May 2026, pre-781c90c reward",9,-458.94590795294357,80.94590795294356,378.0,0.0,0.0,207.27798845535966,207.27798845535966,0.036669970267591674,0.036669970267591674,0.0,0.013875123885034688,0.0,0,0.0,37,6.525420240620031,71.8121952661898,0.42732080292380503,0.38
main,v040,LOSO-nes-f0,secondary,LOSO,nested,0,A,MAPPO|mappo_seed13_20260516T092252/mappo_best.pt,MAPPO,13,L,"May 2026, pre-781c90c reward",all,-5071.975529971728,4261.852767808581,756.7796395631473,4.9681226,48.375,1969.8370946315727,1968.5950639815726,0.005153617443012884,0.0037661050545094153,0.0013875123885034688,0.0028741328047571855,0.07542120911793855,262,2.492765113974232,52,5.053333657636025,71.8121952661898,0.5757088018003659,0.36
main,v040,LOSO-nes-f0,secondary,LOSO,nested,0,A,MAPPO|mappo_seed13_20260516T092252/mappo_best.pt,MAPPO,13,L,"May 2026, pre-781c90c reward",0,-821.2986249022325,809.3617361022325,0.0,1.0618888000000002,10.875,178.9856346672208,178.7201624672208,0.0,0.0,0.0,0.0,0.2051536174430129,56,5.32804757185332,0,0.0,0.0,0.0,0.36
main,v040,LOSO-nes-f0,secondary,LOSO,nested,0,A,MAPPO|mappo_seed13_20260516T092252/mappo_best.pt,MAPPO,13,L,"May 2026, pre-781c90c reward",1,-553.7784795151383,462.1562137151383,81.0,0.8722658000000001,9.75,192.45939061086295,192.24132416086294,0.002973240832507433,0.0,0.002973240832507433,0.002973240832507433,0.10901883052527254,46,4.376610505450942,3,1.3845715880624054,1.4213917743330218,1.0,0.36
main,v040,LOSO-nes-f0,secondary,LOSO,nested,0,A,MAPPO|mappo_seed13_20260516T092252/mappo_best.pt,MAPPO,13,L,"May 2026, pre-781c90c reward",2,-309.7959854538205,281.7201362538205,27.0,0.0758492,1.0,206.90632699708874,206.88736469708874,0.0009910802775024777,0.0,0.0009910802775024777,0.0009910802775024777,0.0019821605550049554,4,0.3805748265609515,1,1.363059272704875,1.363059272704875,1.0,0.36
main,v040,LOSO-nes-f0,secondary,LOSO,nested,0,A,MAPPO|mappo_seed13_20260516T092252/mappo_best.pt,MAPPO,13,L,"May 2026, pre-781c90c reward",3,-164.84558623109876,137.84558623109876,27.0,0.0,0.0,207.2423125911026,207.2423125911026,0.0009910802775024777,0.0009910802775024777,0.0,0.0009910802775024777,0.0,0,0.0,1,3.2475083125733666,3.2475083125733666,1.0,0.36
main,v040,LOSO-nes-f0,secondary,LOSO,nested,0,A,MAPPO|mappo_seed13_20260516T092252/mappo_best.pt,MAPPO,13,L,"May 2026, pre-781c90c reward",4,-661.7609596868544,546.1274676868544,108.0,0.7584919999999999,6.875,186.9341576048617,186.7445346048617,0.003964321110009911,0.0,0.003964321110009911,0.003964321110009911,0.14370664023785926,40,3.8057482656095147,4,1.3922255235189482,1.4213917743330218,1.0,0.36
main,v040,LOSO-nes-f0,secondary,LOSO,nested,0,A,MAPPO|mappo_seed13_20260516T092252/mappo_best.pt,MAPPO,13,L,"May 2026, pre-781c90c reward",5,-367.0702666425341,364.8918698425341,0.0,0.3033968,1.875,201.11409399509176,201.03824479509177,0.0,0.0,0.0,0.0,0.04757185332011893,16,1.522299306243806,0,0.0,0.0,0.0,0.36
main,v040,LOSO-nes-f0,secondary,LOSO,nested,0,A,MAPPO|mappo_seed13_20260516T092252/mappo_best.pt,MAPPO,13,L,"May 2026, pre-781c90c reward",6,-736.6710113665449,642.7424076033977,81.7796395631473,1.0239642,11.125,190.93598491119354,190.6799938611935,0.003964321110009911,0.0,0.003964321110009911,0.003964321110009911,0.11793855302279485,54,5.137760158572845,4,1.053791450888217,1.363059272704875,0.7814969963595608,0.36
main,v040,LOSO-nes-f0,secondary,LOSO,nested,0,A,MAPPO|mappo_seed13_20260516T092252/mappo_best.pt,MAPPO,13,L,"May 2026, pre-781c90c reward",7,-600.5729514194627,569.7920070194626,27.0,0.5309444000000001,3.25,193.64494755279745,193.51221145279746,0.0009910802775024777,0.0,0.0009910802775024777,0.0009910802775024777,0.10703666997026759,28,2.66402378592666,1,1.4213917743330218,1.4213917743330218,1.0,0.36
main,v040,LOSO-nes-f0,secondary,LOSO,nested,0,A,MAPPO|mappo_seed13_20260516T092252/mappo_best.pt,MAPPO,13,L,"May 2026, pre-781c90c reward",8,-397.2357568010983,366.26943540109835,27.0,0.3413214,3.625,204.33625724599324,204.25092689599325,0.0009910802775024777,0.0,0.0009910802775024777,0.0009910802775024777,0.02180376610505451,18,1.7125867195242817,1,1.363059272704875,1.363059272704875,1.0,0.36
main,v040,LOSO-nes-f0,secondary,LOSO,nested,0,A,MAPPO|mappo_seed13_20260516T092252/mappo_best.pt,MAPPO,13,L,"May 2026, pre-781c90c reward",9,-458.94590795294357,80.94590795294356,378.0,0.0,0.0,207.27798845535966,207.27798845535966,0.036669970267591674,0.036669970267591674,0.0,0.013875123885034688,0.0,0,0.0,37,6.525420240620031,71.8121952661898,0.42732080292380503,0.36
main,v040,LOSO-nes-f0,secondary,LOSO,nested,0,A,MAPPO|mappo_seed42_20260516T081859/mappo_best.pt,MAPPO,42,L,"May 2026, pre-781c90c reward",all,-5015.080828601179,4228.942594238031,729.7796395631473,5.2335948,51.125,1966.266481457243,1964.9580827572427,0.005054509415262636,0.0037661050545094153,0.001288404360753221,0.0027750247770069376,0.07908820614469772,276,2.625966303270565,51,5.125691978909184,71.8121952661898,0.5673893665415496,0.36
main,v040,LOSO-nes-f0,secondary,LOSO,nested,0,A,MAPPO|mappo_seed42_20260516T081859/mappo_best.pt,MAPPO,42,L,"May 2026, pre-781c90c reward",0,-816.53630016615,805.59941136615,0.0,1.0618888000000002,9.875,178.57681126639994,178.31133906639997,0.0,0.0,0.0,0.0,0.21010901883052527,56,5.32804757185332,0,0.0,0.0,0.0,0.36
main,v040,LOSO-nes-f0,secondary,LOSO,nested,0,A,MAPPO|mappo_seed42_20260516T081859/mappo_best.pt,MAPPO,42,L,"May 2026, pre-781c90c reward",1,-548.6559529800286,457.28368718002855,81.0,0.8722658000000001,9.5,191.89652189772076,191.67845544772075,0.002973240832507433,0.0,0.002973240832507433,0.002973240832507433,0.11298315163528246,46,4.376610505450942,3,1.3845715880624054,1.4213917743330218,1.0,0.36
main,v040,LOSO-nes-f0,secondary,LOSO,nested,0,A,MAPPO|mappo_seed42_20260516T081859/mappo_best.pt,MAPPO,42,L,"May 2026, pre-781c90c reward",2,-309.7959854538205,281.7201362538205,27.0,0.0758492,1.0,206.90632699708874,206.88736469708874,0.0009910802775024777,0.0,0.0009910802775024777,0.0009910802775024777,0.0019821605550049554,4,0.3805748265609515,1,1.363059272704875,1.363059272704875,1.0,0.36
main,v040,LOSO-nes-f0,secondary,LOSO,nested,0,A,MAPPO|mappo_seed42_20260516T081859/mappo_best.pt,MAPPO,42,L,"May 2026, pre-781c90c reward",3,-164.84558623109876,137.84558623109876,27.0,0.0,0.0,207.2423125911026,207.2423125911026,0.0009910802775024777,0.0009910802775024777,0.0,0.0009910802775024777,0.0,0,0.0,1,3.2475083125733666,3.2475083125733666,1.0,0.36
main,v040,LOSO-nes-f0,secondary,LOSO,nested,0,A,MAPPO|mappo_seed42_20260516T081859/mappo_best.pt,MAPPO,42,L,"May 2026, pre-781c90c reward",4,-659.1759609455703,543.6674689455704,108.0,0.7584919999999999,6.75,186.68870007249063,186.49907707249062,0.003964321110009911,0.0,0.003964321110009911,0.003964321110009911,0.14568880079286423,40,3.8057482656095147,4,1.3922255235189482,1.4213917743330218,1.0,0.36
main,v040,LOSO-nes-f0,secondary,LOSO,nested,0,A,MAPPO|mappo_seed42_20260516T081859/mappo_best.pt,MAPPO,42,L,"May 2026, pre-781c90c reward",5,-366.26336358441887,363.13411758441885,0.0,0.379246,2.75,200.87468752863867,200.77987602863868,0.0,0.0,0.0,0.0,0.05054509415262636,20,1.9028741328047574,0,0.0,0.0,0.0,0.36
main,v040,LOSO-nes-f0,secondary,LOSO,nested,0,A,MAPPO|mappo_seed42_20260516T081859/mappo_best.pt,MAPPO,42,L,"May 2026, pre-781c90c reward",6,-726.1985412798974,631.8190883167501,81.7796395631473,1.0998134,11.5,189.7507217418783,189.47576839187832,0.003964321110009911,0.0,0.003964321110009911,0.003964321110009911,0.13082259663032705,58,5.518334985133796,4,1.0683745762952537,1.4213917743330218,0.7814969963595608,0.36
main,v040,LOSO-nes-f0,secondary,LOSO,nested,0,A,MAPPO|mappo_seed42_20260516T081859/mappo_best.pt,MAPPO,42,L,"May 2026, pre-781c90c reward",7,-570.486737043427,565.792868043427,0.0,0.5688690000000001,4.125,193.16662021471393,193.0244029647139,0.0,0.0,0.0,0.0,0.11298315163528246,30,2.8543111992071357,0,0.0,0.0,0.0,0.36
main,v040,LOSO-nes-f0,secondary,LOSO,nested,0,A,MAPPO|mappo_seed42_20260516T081859/mappo_best.pt,MAPPO,42,L,"May 2026, pre-781c90c reward",8,-394.17649296382365,361.1343223638237,27.0,0.41717060000000006,5.625,203.88579069184942,203.78149804184943,0.0009910802775024777,0.0,0.0009910802775024777,0.0009910802775024777,0.02576808721506442,22,2.093161546085233,1,1.363059272704875,1.363059272704875,1.0,0.36
main,v040,LOSO-nes-f0,secondary,LOSO,nested,0,A,MAPPO|mappo_seed42_20260516T081859/mappo_best.pt,MAPPO,42,L,"May 2026, pre-781c90c reward",9,-458.94590795294357,80.94590795294356,378.0,0.0,0.0,207.27798845535966,207.27798845535966,0.036669970267591674,0.036669970267591674,0.0,0.013875123885034688,0.0,0,0.0,37,6.525420240620031,71.8121952661898,0.42732080292380503,0.36
main,v040,LOSO-nes-f0,secondary,LOSO,nested,0,A,MAPPO|mappo_seed42_20260517T003433/mappo_best.pt,MAPPO,42,L,"May 2026, pre-781c90c reward",all,-4980.053645951644,4287.010978988497,648.7796395631473,4.5130274,39.75,1972.9067318484772,1971.7784749984771,0.004757185332011893,0.0037661050545094153,0.0009910802775024777,0.002477700693756194,0.07205153617443012,238,2.264420218037661,48,5.358426002145779,71.8121952661898,0.5403512019503963,0.36
main,v040,LOSO-nes-f0,secondary,LOSO,nested,0,A,MAPPO|mappo_seed42_20260517T003433/mappo_best.pt,MAPPO,42,L,"May 2026, pre-781c90c reward",0,-829.4434630437412,821.0332726437412,0.0,0.9101904000000001,7.5,180.4561326661292,180.2285850661292,0.0,0.0,0.0,0.0,0.18929633300297324,48,4.566897918731417,0,0.0,0.0,0.0,0.36
main,v040,LOSO-nes-f0,secondary,LOSO,nested,0,A,MAPPO|mappo_seed42_20260517T003433/mappo_best.pt,MAPPO,42,L,"May 2026, pre-781c90c reward",1,-530.9878198365677,468.9793278365677,54.0,0.7584919999999999,7.25,193.2124812463143,193.02285824631429,0.0019821605550049554,0.0,0.0019821605550049554,0.0019821605550049554,0.09910802775024777,40,3.8057482656095147,2,1.3953277457411706,1.4213917743330218,1.0,0.36
main,v040,LOSO-nes-f0,secondary,LOSO,nested,0,A,MAPPO|mappo_seed42_20260517T003433/mappo_best.pt,MAPPO,42,L,"May 2026, pre-781c90c reward",2,-310.7663713200259,283.2284467200259,27.0,0.0379246,0.5,207.01547923753878,207.00599808753879,0.0009910802775024777,0.0,0.0009910802775024777,0.0009910802775024777,0.0009910802775024777,2,0.19028741328047574,1,1.363059272704875,1.363059272704875,1.0,0.36
main,v040,LOSO-nes-f0,secondary,LOSO,nested,0,A,MAPPO|mappo_seed42_20260517T003433/mappo_best.pt,MAPPO,42,L,"May 2026, pre-781c90c reward",3,-164.84558623109876,137.84558623109876,27.0,0.0,0.0,207.2423125911026,207.2423125911026,0.0009910802775024777,0.0009910802775024777,0.0,0.0009910802775024777,0.0,0,0.0,1,3.2475083125733666,3.2475083125733666,1.0,0.36
main,v040,LOSO-nes-f0,secondary,LOSO,nested,0,A,MAPPO|mappo_seed42_20260517T003433/mappo_best.pt,MAPPO,42,L,"May 2026, pre-781c90c reward",4,-635.2022467961335,548.9325285961336,81.0,0.6447182,4.625,187.1278932537598,186.96671370375978,0.002973240832507433,0.0,0.002973240832507433,0.002973240832507433,0.14172447968285432,34,3.2348860257680876,3,1.382503439914257,1.4213917743330218,1.0,0.36
main,v040,LOSO-nes-f0,secondary,LOSO,nested,0,A,MAPPO|mappo_seed42_20260517T003433/mappo_best.pt,MAPPO,42,L,"May 2026, pre-781c90c reward",5,-368.4021145276073,368.2124915276072,0.0,0.189623,0.0,201.44141596925814,201.39401021925815,0.0,0.0,0.0,0.0,0.044598612487611496,10,0.9514370664023787,0,0.0,0.0,0.0,0.36
main,v040,LOSO-nes-f0,secondary,LOSO,nested,0,A,MAPPO|mappo_seed42_20260517T003433/mappo_best.pt,MAPPO,42,L,"May 2026, pre-781c90c reward",6,-707.4732172888401,639.7566889256927,54.77963956314729,1.0618888,11.875,190.8008517297381,190.53537952973812,0.002973240832507433,0.0,0.002973240832507433,0.002973240832507433,0.11892963330029732,56,5.32804757185332,3,0.950702176949331,1.363059272704875,0.7086626618127477,0.36
main,v040,LOSO-nes-f0,secondary,LOSO,nested,0,A,MAPPO|mappo_seed42_20260517T003433/mappo_best.pt,MAPPO,42,L,"May 2026, pre-781c90c reward",7,-572.1169315230344,567.9230625230343,0.0,0.5688690000000001,3.625,193.48949381900667,193.34727656900668,0.0,0.0,0.0,0.0,0.10901883052527254,30,2.8543111992071357,0,0.0,0.0,0.0,0.36
main,v040,LOSO-nes-f0,secondary,LOSO,nested,0,A,MAPPO|mappo_seed42_20260517T003433/mappo_best.pt,MAPPO,42,L,"May 2026, pre-781c90c reward",8,-401.86998743165174,370.1536660316517,27.0,0.3413214,4.375,204.84268288026973,204.7573525302697,0.0009910802775024777,0.0,0.0009910802775024777,0.0009910802775024777,0.01684836471754212,18,1.7125867195242817,1,1.363059272704875,1.363059272704875,1.0,0.36
main,v040,LOSO-nes-f0,secondary,LOSO,nested,0,A,MAPPO|mappo_seed42_20260517T003433/mappo_best.pt,MAPPO,42,L,"May 2026, pre-781c90c reward",9,-458.94590795294357,80.94590795294356,378.0,0.0,0.0,207.27798845535966,207.27798845535966,0.036669970267591674,0.036669970267591674,0.0,0.013875123885034688,0.0,0,0.0,37,6.525420240620031,71.8121952661898,0.42732080292380503,0.36
main,v040,LOSO-nes-f0,secondary,LOSO,nested,0,A,MAPPO|mappo_seed42_20260526T143428/mappo_best.pt,MAPPO,42,L,"May 2026, pre-781c90c reward",all,-5116.349820208718,4230.52620884557,837.7796395631473,5.0439718,43.0,1965.1821022453603,1963.9211092953603,0.005450941526263627,0.0037661050545094153,0.0016848364717542122,0.0031714568880079285,0.08116947472745292,266,2.5308225966303275,55,4.854167145789894,71.8121952661898,0.5988519580658006,0.36
main,v040,LOSO-nes-f0,secondary,LOSO,nested,0,A,MAPPO|mappo_seed42_20260526T143428/mappo_best.pt,MAPPO,42,L,"May 2026, pre-781c90c reward",0,-845.8910038497991,808.9161904497989,27.0,1.0998134,8.875,178.50474895553,178.22979560553,0.0009910802775024777,0.0,0.0009910802775024777,0.0009910802775024777,0.2130822596630327,58,5.518334985133796,1,1.4213917743330218,1.4213917743330218,1.0,0.36
main,v040,LOSO-nes-f0,secondary,LOSO,nested,0,A,MAPPO|mappo_seed42_20260526T143428/mappo_best.pt,MAPPO,42,L,"May 2026, pre-781c90c reward",1,-547.9626284194184,459.4162118194183,81.0,0.7964166000000001,6.75,191.9760313718238,191.7769272218238,0.002973240832507433,0.0,0.002973240832507433,0.002973240832507433,0.1159563924677899,42,3.9960356788899905,3,1.3845715880624054,1.4213917743330218,1.0,0.36
main,v040,LOSO-nes-f0,secondary,LOSO,nested,0,A,MAPPO|mappo_seed42_20260526T143428/mappo_best.pt,MAPPO,42,L,"May 2026, pre-781c90c reward",2,-309.7959854538205,281.7201362538205,27.0,0.0758492,1.0,206.90632699708874,206.88736469708874,0.0009910802775024777,0.0,0.0009910802775024777,0.0009910802775024777,0.0019821605550049554,4,0.3805748265609515,1,1.363059272704875,1.363059272704875,1.0,0.36
main,v040,LOSO-nes-f0,secondary,LOSO,nested,0,A,MAPPO|mappo_seed42_20260526T143428/mappo_best.pt,MAPPO,42,L,"May 2026, pre-781c90c reward",3,-164.84558623109876,137.84558623109876,27.0,0.0,0.0,207.2423125911026,207.2423125911026,0.0009910802775024777,0.0009910802775024777,0.0,0.0009910802775024777,0.0,0,0.0,1,3.2475083125733666,3.2475083125733666,1.0,0.36
main,v040,LOSO-nes-f0,secondary,LOSO,nested,0,A,MAPPO|mappo_seed42_20260526T143428/mappo_best.pt,MAPPO,42,L,"May 2026, pre-781c90c reward",4,-682.2297715308,540.3842041308,135.0,0.7205674,6.125,186.1415791956163,185.96143734561628,0.004955401387512388,0.0,0.004955401387512388,0.004955401387512388,0.15262636273538158,38,3.615460852329039,5,1.398058773681763,1.4213917743330218,1.0,0.36
main,v040,LOSO-nes-f0,secondary,LOSO,nested,0,A,MAPPO|mappo_seed42_20260526T143428/mappo_best.pt,MAPPO,42,L,"May 2026, pre-781c90c reward",5,-390.5330411499085,360.0287951499085,27.0,0.3792460000000001,3.125,200.52675053255095,200.43193903255096,0.0009910802775024777,0.0,0.0009910802775024777,0.0009910802775024777,0.053518334985133795,20,1.9028741328047574,1,1.363059272704875,1.363059272704875,1.0,0.36
main,v040,LOSO-nes-f0,secondary,LOSO,nested,0,A,MAPPO|mappo_seed42_20260526T143428/mappo_best.pt,MAPPO,42,L,"May 2026, pre-781c90c reward",6,-725.6622393694809,634.5215602063337,81.7796395631473,0.9860396,8.375,189.78105236482332,189.5345424648233,0.003964321110009911,0.0,0.003964321110009911,0.003964321110009911,0.13280475718533202,52,4.947472745292369,4,1.053791450888217,1.363059272704875,0.7814969963595608,0.36
main,v040,LOSO-nes-f0,secondary,LOSO,nested,0,A,MAPPO|mappo_seed42_20260526T143428/mappo_best.pt,MAPPO,42,L,"May 2026, pre-781c90c reward",7,-597.1420889042868,565.1982199042868,27.0,0.5688690000000001,4.375,193.04700176071492,192.9047845107149,0.0009910802775024777,0.0,0.0009910802775024777,0.0009910802775024777,0.11397423191278494,30,2.8543111992071357,1,1.4213917743330218,1.4213917743330218,1.0,0.36
main,v040,LOSO-nes-f0,secondary,LOSO,nested,0,A,MAPPO|mappo_seed42_20260526T143428/mappo_best.pt,MAPPO,42,L,"May 2026, pre-781c90c reward",8,-393.3415673471615,361.5493967471615,27.0,0.4171706,4.375,203.7783100207501,203.6740173707501,0.0009910802775024777,0.0,0.0009910802775024777,0.0009910802775024777,0.027750247770069375,22,2.093161546085233,1,1.363059272704875,1.363059272704875,1.0,0.36
main,v040,LOSO-nes-f0,secondary,LOSO,nested,0,A,MAPPO|mappo_seed42_20260526T143428/mappo_best.pt,MAPPO,42,L,"May 2026, pre-781c90c reward",9,-458.94590795294357,80.94590795294356,378.0,0.0,0.0,207.27798845535966,207.27798845535966,0.036669970267591674,0.036669970267591674,0.0,0.013875123885034688,0.0,0,0.0,37,6.525420240620031,71.8121952661898,0.42732080292380503,0.36
main,v040,LOSO-nes-f0,secondary,LOSO,nested,0,A,MAPPO|mappo_seed99_20260516T092254/mappo_best.pt,MAPPO,99,L,"May 2026, pre-781c90c reward",all,-5114.4300492534485,4240.048795090302,810.7796395631473,5.7266146,57.875,1969.2437624598304,1967.81210880983,0.005351833498513379,0.0037661050545094153,0.00178394449950446,0.003072348860257681,0.07700693756194252,302,2.8733399405351836,54,6315.064476763435,153103.27820826048,0.5914232906225746,0.36
main,v040,LOSO-nes-f0,secondary,LOSO,nested,0,A,MAPPO|mappo_seed99_20260516T092254/mappo_best.pt,MAPPO,99,L,"May 2026, pre-781c90c reward",0,-816.639110857476,804.0884482574761,0.0,1.1756626,11.375,178.53712324944755,178.24320759944754,0.0,0.0,0.0,0.0,0.20812685827552033,62,5.898909811694748,0,0.0,0.0,0.0,0.36
main,v040,LOSO-nes-f0,secondary,LOSO,nested,0,A,MAPPO|mappo_seed99_20260516T092254/mappo_best.pt,MAPPO,99,L,"May 2026, pre-781c90c reward",1,-526.1490323863347,462.2767665863348,54.0,0.8722658000000001,9.0,192.5026004243856,192.28453397438562,0.0019821605550049554,0.0,0.0019821605550049554,0.0019821605550049554,0.10604558969276512,46,4.376610505450942,2,1.3953277457411706,1.4213917743330218,1.0,0.36
main,v040,LOSO-nes-f0,secondary,LOSO,nested,0,A,MAPPO|mappo_seed99_20260516T092254/mappo_best.pt,MAPPO,99,L,"May 2026, pre-781c90c reward",2,-335.89798195655936,279.2083589565594,54.0,0.189623,2.5,206.6556303451393,206.6082245951393,0.0019821605550049554,0.0,0.0019821605550049554,0.0019821605550049554,0.004955401387512388,10,0.9514370664023787,2,1.368947643137816,1.3748360135707571,1.0,0.36
main,v040,LOSO-nes-f0,secondary,LOSO,nested,0,A,MAPPO|mappo_seed99_20260516T092254/mappo_best.pt,MAPPO,99,L,"May 2026, pre-781c90c reward",3,-164.84558623109876,137.84558623109876,27.0,0.0,0.0,207.2423125911026,207.2423125911026,0.0009910802775024777,0.0009910802775024777,0.0,0.0009910802775024777,0.0,0,0.0,1,3.2475083125733666,3.2475083125733666,1.0,0.36
main,v040,LOSO-nes-f0,secondary,LOSO,nested,0,A,MAPPO|mappo_seed99_20260516T092254/mappo_best.pt,MAPPO,99,L,"May 2026, pre-781c90c reward",4,-662.8004571949823,545.5911159949823,108.0,0.8343412,8.375,186.98893184691235,186.78034654691237,0.003964321110009911,0.0,0.003964321110009911,0.003964321110009911,0.14172447968285432,44,4.186323092170466,4,1.3922255235189482,1.4213917743330218,1.0,0.36
main,v040,LOSO-nes-f0,secondary,LOSO,nested,0,A,MAPPO|mappo_seed99_20260516T092254/mappo_best.pt,MAPPO,99,L,"May 2026, pre-781c90c reward",5,-363.52797486638804,361.186653466388,0.0,0.3413214,2.0,200.69921393075862,200.61388358075862,0.0,0.0,0.0,0.0,0.05153617443012884,18,1.7125867195242817,0,0.0,0.0,0.0,0.36
main,v040,LOSO-nes-f0,secondary,LOSO,nested,0,A,MAPPO|mappo_seed99_20260516T092254/mappo_best.pt,MAPPO,99,L,"May 2026, pre-781c90c reward",6,-760.3423589201577,637.2620567570104,108.7796395631473,1.1756626,13.125,190.48706330597042,190.19314765597045,0.004955401387512388,0.0,0.004955401387512388,0.004955401387512388,0.12190287413280476,62,5.898909811694748,5,61.81052826977651,304.83747554532965,0.8251975970876486,0.36
main,v040,LOSO-nes-f0,secondary,LOSO,nested,0,A,MAPPO|mappo_seed99_20260516T092254/mappo_best.pt,MAPPO,99,L,"May 2026, pre-781c90c reward",7,-600.6796582380166,567.7849400380167,27.0,0.6447182,5.25,193.43485789194543,193.27367834194538,0.0009910802775024777,0.0,0.0009910802775024777,0.0009910802775024777,0.10901883052527254,34,3.2348860257680876,1,1.3748360135707571,1.3748360135707571,1.0,0.36
main,v040,LOSO-nes-f0,secondary,LOSO,nested,0,A,MAPPO|mappo_seed99_20260516T092254/mappo_best.pt,MAPPO,99,L,"May 2026, pre-781c90c reward",8,-397.0738895749045,363.74379437490455,27.0,0.45509520000000003,5.875,204.05695390438922,203.94318010438923,0.0009910802775024777,0.0,0.0009910802775024777,0.0009910802775024777,0.024777006937561942,24,2.2834489593657086,1,1.363059272704875,1.363059272704875,1.0,0.36
main,v040,LOSO-nes-f0,secondary,LOSO,nested,0,A,MAPPO|mappo_seed99_20260516T092254/mappo_best.pt,MAPPO,99,L,"May 2026, pre-781c90c reward",9,-486.4739990275306,81.06107442753061,405.0,0.0379246,0.375,208.6390749697792,208.6295938197792,0.03766105054509415,0.036669970267591674,0.002973240832507433,0.014866204162537165,0.0019821605550049554,2,0.19028741328047574,38,8965.456480194893,153103.27820826048,0.44239130811002064,0.36
main,v040,LOSO-nes-f0,secondary,LOSO,nested,0,A,Centralized PPO|central_nr_seed1/ppo_multi_site.zip,Centralized PPO,1,L,"June 2026, current reward",all,-29189.331368532185,5392.403880018139,23735.713591314045,4.5888972,56.625,2214.629674198099,2213.4824498980993,0.09484638255698712,0.04479682854311199,0.0910802775024777,0.09256689791873142,0.2383548067393459,239,2.273934588701685,957,52.67889395939457,2384.262057332388,0.9262291773792919,0.77
main,v040,LOSO-nes-f0,secondary,LOSO,nested,0,A,Centralized PPO|central_nr_seed1/ppo_multi_site.zip,Centralized PPO,1,L,"June 2026, current reward",0,-4630.331640058972,788.3164760245795,3832.741199834393,1.0239642,8.25,201.02202208183792,200.76603103183794,0.15163528245787908,0.03468780971258672,0.15163528245787908,0.15163528245787908,0.8632309217046581,53,5.042616451932607,153,30.130029254511808,1603.7432307830027,0.9350198692449658,0.77
main,v040,LOSO-nes-f0,secondary,LOSO,nested,0,A,Centralized PPO|central_nr_seed1/ppo_multi_site.zip,Centralized PPO,1,L,"June 2026, current reward",1,-924.4546742159283,869.9167496159283,54.0,0.0379246,0.5,207.30513294707623,207.29565179707623,0.0019821605550049554,0.0,0.0019821605550049554,0.0019821605550049554,0.0009910802775024777,1,0.09514370664023787,2,1.4213917743330218,1.4213917743330218,1.0,0.77
main,v040,LOSO-nes-f0,secondary,LOSO,nested,0,A,Centralized PPO|central_nr_seed1/ppo_multi_site.zip,Centralized PPO,1,L,"June 2026, current reward",2,-285.3978943212564,285.3978943212564,0.0,0.0,0.0,207.1596652387821,207.1596652387821,0.0,0.0,0.0,0.0,0.0,0,0.0,0,0.0,0.0,0.0,0.77
main,v040,LOSO-nes-f0,secondary,LOSO,nested,0,A,Centralized PPO|central_nr_seed1/ppo_multi_site.zip,Centralized PPO,1,L,"June 2026, current reward",3,-164.84558623109876,137.84558623109876,27.0,0.0,0.0,207.2423125911026,207.2423125911026,0.0009910802775024777,0.0009910802775024777,0.0,0.0009910802775024777,0.0,0,0.0,1,3.2475083125733666,3.2475083125733666,1.0,0.77
main,v040,LOSO-nes-f0,secondary,LOSO,nested,0,A,Centralized PPO|central_nr_seed1/ppo_multi_site.zip,Centralized PPO,1,L,"June 2026, current reward",4,-956.6551647701882,956.6551647701882,0.0,0.0,0.0,207.0060707279047,207.0060707279047,0.0,0.0,0.0,0.0,0.0,0,0.0,0,0.0,0.0,0.0,0.77
main,v040,LOSO-nes-f0,secondary,LOSO,nested,0,A,Centralized PPO|central_nr_seed1/ppo_multi_site.zip,Centralized PPO,1,L,"June 2026, current reward",5,-443.50485080580836,443.50485080580836,0.0,0.0,0.0,207.11606339401706,207.11606339401706,0.0,0.0,0.0,0.0,0.0,0,0.0,0,0.0,0.0,0.0,0.77
main,v040,LOSO-nes-f0,secondary,LOSO,nested,0,A,Centralized PPO|central_nr_seed1/ppo_multi_site.zip,Centralized PPO,1,L,"June 2026, current reward",6,-5196.89157686171,649.0224699636424,4519.658253898067,2.085853,26.125,221.21952135868213,220.69805810868212,0.17641228939544104,0.05252725470763132,0.17641228939544104,0.17641228939544104,0.5688800792864221,109,10.370664023785928,178,106.07439442947542,1603.7432307830027,0.9463779501681773,0.77
main,v040,LOSO-nes-f0,secondary,LOSO,nested,0,A,Centralized PPO|central_nr_seed1/ppo_multi_site.zip,Centralized PPO,1,L,"June 2026, current reward",7,-15726.159774860082,778.6544818784953,14924.314137581587,1.4411554,21.75,342.16606918686745,341.80578033686743,0.5807730426164519,0.32309217046580774,0.5807730426164519,0.5807730426164519,0.9504459861248761,76,7.230921704658078,586,45.52053582592063,2384.262057332388,0.9489370954255736,0.77
main,v040,LOSO-nes-f0,secondary,LOSO,nested,0,A,Centralized PPO|central_nr_seed1/ppo_multi_site.zip,Centralized PPO,1,L,"June 2026, current reward",8,-402.1442984541981,402.1442984541981,0.0,0.0,0.0,207.1148282164695,207.1148282164695,0.0,0.0,0.0,0.0,0.0,0,0.0,0,0.0,0.0,0.0,0.77
main,v040,LOSO-nes-f0,secondary,LOSO,nested,0,A,Centralized PPO|central_nr_seed1/ppo_multi_site.zip,Centralized PPO,1,L,"June 2026, current reward",9,-458.94590795294357,80.94590795294356,378.0,0.0,0.0,207.27798845535966,207.27798845535966,0.036669970267591674,0.036669970267591674,0.0,0.013875123885034688,0.0,0,0.0,37,6.525420240620031,71.8121952661898,0.42732080292380503,0.77
main,v040,LOSO-nes-f0,secondary,LOSO,nested,0,A,Centralized PPO|central_nr_seed7/ppo_multi_site.zip,Centralized PPO,7,L,"June 2026, current reward",all,-7006.648070336874,6218.206604047433,785.3389186894419,0.2275476,2.875,2073.8654413339073,2073.8085544339074,0.005450941526263627,0.0044598612487611496,0.0016848364717542122,0.0031714568880079285,0.0010901883052527254,12,0.11417244796828543,55,10.280605007994172,302.35582121454627,0.5670697029908276,0.76
main,v040,LOSO-nes-f0,secondary,LOSO,nested,0,A,Centralized PPO|central_nr_seed7/ppo_multi_site.zip,Centralized PPO,7,L,"June 2026, current reward",0,-1322.4870855792624,1322.4870855792624,0.0,0.0,0.0,206.93139296925,206.93139296925,0.0,0.0,0.0,0.0,0.0,0,0.0,0,0.0,0.0,0.0,0.76
main,v040,LOSO-nes-f0,secondary,LOSO,nested,0,A,Centralized PPO|central_nr_seed7/ppo_multi_site.zip,Centralized PPO,7,L,"June 2026, current reward",1,-869.3226350929075,869.3226350929075,0.0,0.0,0.0,207.06233983456252,207.06233983456252,0.0,0.0,0.0,0.0,0.0,0,0.0,0,0.0,0.0,0.0,0.76
main,v040,LOSO-nes-f0,secondary,LOSO,nested,0,A,Centralized PPO|central_nr_seed7/ppo_multi_site.zip,Centralized PPO,7,L,"June 2026, current reward",2,-285.3978943212564,285.3978943212564,0.0,0.0,0.0,207.1596652387821,207.1596652387821,0.0,0.0,0.0,0.0,0.0,0,0.0,0,0.0,0.0,0.0,0.76
main,v040,LOSO-nes-f0,secondary,LOSO,nested,0,A,Centralized PPO|central_nr_seed7/ppo_multi_site.zip,Centralized PPO,7,L,"June 2026, current reward",3,-164.84558623109876,137.84558623109876,27.0,0.0,0.0,207.2423125911026,207.2423125911026,0.0009910802775024777,0.0009910802775024777,0.0,0.0009910802775024777,0.0,0,0.0,1,3.2475083125733666,3.2475083125733666,1.0,0.76
main,v040,LOSO-nes-f0,secondary,LOSO,nested,0,A,Centralized PPO|central_nr_seed7/ppo_multi_site.zip,Centralized PPO,7,L,"June 2026, current reward",4,-1011.5943021490467,957.0563775490466,54.0,0.0379246,0.5,207.25846969460798,207.24898854460798,0.0019821605550049554,0.0009910802775024777,0.0019821605550049554,0.0019821605550049554,0.0009910802775024777,2,0.19028741328047574,2,1.3922255235189485,1.4213917743330218,1.0,0.76
main,v040,LOSO-nes-f0,secondary,LOSO,nested,0,A,Centralized PPO|central_nr_seed7/ppo_multi_site.zip,Centralized PPO,7,L,"June 2026, current reward",5,-443.50485080580836,443.50485080580836,0.0,0.0,0.0,207.11606339401706,207.11606339401706,0.0,0.0,0.0,0.0,0.0,0,0.0,0,0.0,0.0,0.0,0.76
main,v040,LOSO-nes-f0,secondary,LOSO,nested,0,A,Centralized PPO|central_nr_seed7/ppo_multi_site.zip,Centralized PPO,7,L,"June 2026, current reward",6,-956.8470664123463,956.8470664123463,0.0,0.0,0.0,206.98977289917428,206.98977289917428,0.0,0.0,0.0,0.0,0.0,0,0.0,0,0.0,0.0,0.0,0.76
main,v040,LOSO-nes-f0,secondary,LOSO,nested,0,A,Centralized PPO|central_nr_seed7/ppo_multi_site.zip,Centralized PPO,7,L,"June 2026, current reward",7,-1091.558443338007,762.6549016485651,326.33891868944187,0.189623,2.375,209.7126080405815,209.6652022905815,0.014866204162537165,0.005946481665014866,0.014866204162537165,0.014866204162537165,0.009910802775024777,10,0.9514370664023787,15,21.19738447847516,302.35582121454627,0.8251975970876486,0.76
main,v040,LOSO-nes-f0,secondary,LOSO,nested,0,A,Centralized PPO|central_nr_seed7/ppo_multi_site.zip,Centralized PPO,7,L,"June 2026, current reward",8,-402.1442984541981,402.1442984541981,0.0,0.0,0.0,207.1148282164695,207.1148282164695,0.0,0.0,0.0,0.0,0.0,0,0.0,0,0.0,0.0,0.0,0.76
main,v040,LOSO-nes-f0,secondary,LOSO,nested,0,A,Centralized PPO|central_nr_seed7/ppo_multi_site.zip,Centralized PPO,7,L,"June 2026, current reward",9,-458.94590795294357,80.94590795294356,378.0,0.0,0.0,207.27798845535966,207.27798845535966,0.036669970267591674,0.036669970267591674,0.0,0.013875123885034688,0.0,0,0.0,37,6.525420240620031,71.8121952661898,0.42732080292380503,0.76
main,v040,LOSO-nes-f0,secondary,LOSO,nested,0,A,Centralized PPO|central_nr_seed13/ppo_multi_site.zip,Centralized PPO,13,L,"June 2026, current reward",all,-7465.078491015556,5694.450369633906,1762.8007603816504,1.3273609999999998,6.5,2054.3738821809866,2054.0420419309867,0.009018830525272548,0.005450941526263627,0.005252725470763132,0.006739345887016849,0.03161546085232904,69,0.6564915758176413,91,6.802072662454883,304.83747554532965,0.7403395060905031,0.77
main,v040,LOSO-nes-f0,secondary,LOSO,nested,0,A,Centralized PPO|central_nr_seed13/ppo_multi_site.zip,Centralized PPO,13,L,"June 2026, current reward",0,-1322.4870855792624,1322.4870855792624,0.0,0.0,0.0,206.93139296925,206.93139296925,0.0,0.0,0.0,0.0,0.0,0,0.0,0,0.0,0.0,0.0,0.77
main,v040,LOSO-nes-f0,secondary,LOSO,nested,0,A,Centralized PPO|central_nr_seed13/ppo_multi_site.zip,Centralized PPO,13,L,"June 2026, current reward",1,-1111.7611401204197,482.52968879931956,626.2005069211002,0.5309444000000001,2.5,195.79293354800183,195.66019744800184,0.024777006937561942,0.005946481665014866,0.024777006937561942,0.024777006937561942,0.17443012884043607,27,2.5688800792864224,25,1.3025821662185715,1.4213917743330218,0.9349340092281335,0.77
main,v040,LOSO-nes-f0,secondary,LOSO,nested,0,A,Centralized PPO|central_nr_seed13/ppo_multi_site.zip,Centralized PPO,13,L,"June 2026, current reward",2,-285.3978943212564,285.3978943212564,0.0,0.0,0.0,207.1596652387821,207.1596652387821,0.0,0.0,0.0,0.0,0.0,0,0.0,0,0.0,0.0,0.0,0.77
main,v040,LOSO-nes-f0,secondary,LOSO,nested,0,A,Centralized PPO|central_nr_seed13/ppo_multi_site.zip,Centralized PPO,13,L,"June 2026, current reward",3,-164.84558623109876,137.84558623109876,27.0,0.0,0.0,207.2423125911026,207.2423125911026,0.0009910802775024777,0.0009910802775024777,0.0,0.0009910802775024777,0.0,0,0.0,1,3.2475083125733666,3.2475083125733666,1.0,0.77
main,v040,LOSO-nes-f0,secondary,LOSO,nested,0,A,Centralized PPO|central_nr_seed13/ppo_multi_site.zip,Centralized PPO,13,L,"June 2026, current reward",4,-1316.4304427473814,960.4397170868315,353.6002534605501,0.26547220000000005,2.125,209.2932108416683,209.22684279166828,0.013875123885034688,0.004955401387512388,0.013875123885034688,0.013875123885034688,0.018830525272547076,14,1.33201189296333,14,1.295501117370545,1.4213917743330218,0.9419053653822621,0.77
main,v040,LOSO-nes-f0,secondary,LOSO,nested,0,A,Centralized PPO|central_nr_seed13/ppo_multi_site.zip,Centralized PPO,13,L,"June 2026, current reward",5,-443.50485080580836,443.50485080580836,0.0,0.0,0.0,207.11606339401706,207.11606339401706,0.0,0.0,0.0,0.0,0.0,0,0.0,0,0.0,0.0,0.0,0.77
main,v040,LOSO-nes-f0,secondary,LOSO,nested,0,A,Centralized PPO|central_nr_seed13/ppo_multi_site.zip,Centralized PPO,13,L,"June 2026, current reward",6,-1011.9100118510434,957.3720872510432,54.0,0.0379246,0.5,207.53152548860425,207.52204433860425,0.0019821605550049554,0.0009910802775024777,0.0019821605550049554,0.0019821605550049554,0.0009910802775024777,2,0.19028741328047574,2,153.1061557794502,304.83747554532965,1.0,0.77
main,v040,LOSO-nes-f0,secondary,LOSO,nested,0,A,Centralized PPO|central_nr_seed13/ppo_multi_site.zip,Centralized PPO,13,L,"June 2026, current reward",7,-947.6512729521445,621.7832531521445,324.0,0.4930198,1.375,198.91396143773136,198.79070648773137,0.011892963330029732,0.004955401387512388,0.011892963330029732,0.011892963330029732,0.12190287413280476,26,2.4737363726461843,12,1.4488894758606137,1.7030429867548669,1.0,0.77
main,v040,LOSO-nes-f0,secondary,LOSO,nested,0,A,Centralized PPO|central_nr_seed13/ppo_multi_site.zip,Centralized PPO,13,L,"June 2026, current reward",8,-402.1442984541981,402.1442984541981,0.0,0.0,0.0,207.1148282164695,207.1148282164695,0.0,0.0,0.0,0.0,0.0,0,0.0,0,0.0,0.0,0.0,0.77
main,v040,LOSO-nes-f0,secondary,LOSO,nested,0,A,Centralized PPO|central_nr_seed13/ppo_multi_site.zip,Centralized PPO,13,L,"June 2026, current reward",9,-458.94590795294357,80.94590795294356,378.0,0.0,0.0,207.27798845535966,207.27798845535966,0.036669970267591674,0.036669970267591674,0.0,0.013875123885034688,0.0,0,0.0,37,6.525420240620031,71.8121952661898,0.42732080292380503,0.77
main,v040,LOSO-nes-f0,secondary,LOSO,nested,0,A,Centralized PPO|central_nr_seed42/ppo_multi_site.zip,Centralized PPO,42,L,"June 2026, current reward",all,-11745.506681228333,5718.046454798256,6027.460205830078,2.06e-05,0.0,2084.47510383359,2084.4750986835897,0.02576808721506442,0.009415262636273538,0.022001982160555007,0.023488602576808723,0.1,0,0.0,260,20.186818730584648,1603.7432307830027,0.8708700380866027,0.76
main,v040,LOSO-nes-f0,secondary,LOSO,nested,0,A,Centralized PPO|central_nr_seed42/ppo_multi_site.zip,Centralized PPO,42,L,"June 2026, current reward",0,-6449.564694987679,827.1044685576015,5622.460205830078,2.06e-05,0.0,220.50301421638062,220.50300906638063,0.22001982160555006,0.05649157581764123,0.22001982160555006,0.22001982160555006,1.0,0,0.0,222,22.540021678993213,1603.7432307830027,0.9442132441186303,0.76
main,v040,LOSO-nes-f0,secondary,LOSO,nested,0,A,Centralized PPO|central_nr_seed42/ppo_multi_site.zip,Centralized PPO,42,L,"June 2026, current reward",1,-869.3226350929075,869.3226350929075,0.0,0.0,0.0,207.06233983456252,207.06233983456252,0.0,0.0,0.0,0.0,0.0,0,0.0,0,0.0,0.0,0.0,0.76
main,v040,LOSO-nes-f0,secondary,LOSO,nested,0,A,Centralized PPO|central_nr_seed42/ppo_multi_site.zip,Centralized PPO,42,L,"June 2026, current reward",2,-285.3978943212564,285.3978943212564,0.0,0.0,0.0,207.1596652387821,207.1596652387821,0.0,0.0,0.0,0.0,0.0,0,0.0,0,0.0,0.0,0.0,0.76
main,v040,LOSO-nes-f0,secondary,LOSO,nested,0,A,Centralized PPO|central_nr_seed42/ppo_multi_site.zip,Centralized PPO,42,L,"June 2026, current reward",3,-164.84558623109876,137.84558623109876,27.0,0.0,0.0,207.2423125911026,207.2423125911026,0.0009910802775024777,0.0009910802775024777,0.0,0.0009910802775024777,0.0,0,0.0,1,3.2475083125733666,3.2475083125733666,1.0,0.76
main,v040,LOSO-nes-f0,secondary,LOSO,nested,0,A,Centralized PPO|central_nr_seed42/ppo_multi_site.zip,Centralized PPO,42,L,"June 2026, current reward",4,-956.6551647701882,956.6551647701882,0.0,0.0,0.0,207.0060707279047,207.0060707279047,0.0,0.0,0.0,0.0,0.0,0,0.0,0,0.0,0.0,0.0,0.76
main,v040,LOSO-nes-f0,secondary,LOSO,nested,0,A,Centralized PPO|central_nr_seed42/ppo_multi_site.zip,Centralized PPO,42,L,"June 2026, current reward",5,-443.50485080580836,443.50485080580836,0.0,0.0,0.0,207.11606339401706,207.11606339401706,0.0,0.0,0.0,0.0,0.0,0,0.0,0,0.0,0.0,0.0,0.76
main,v040,LOSO-nes-f0,secondary,LOSO,nested,0,A,Centralized PPO|central_nr_seed42/ppo_multi_site.zip,Centralized PPO,42,L,"June 2026, current reward",6,-956.8470664123463,956.8470664123463,0.0,0.0,0.0,206.98977289917428,206.98977289917428,0.0,0.0,0.0,0.0,0.0,0,0.0,0,0.0,0.0,0.0,0.76
main,v040,LOSO-nes-f0,secondary,LOSO,nested,0,A,Centralized PPO|central_nr_seed42/ppo_multi_site.zip,Centralized PPO,42,L,"June 2026, current reward",7,-758.278582199907,758.278582199907,0.0,0.0,0.0,207.0030482598367,207.0030482598367,0.0,0.0,0.0,0.0,0.0,0,0.0,0,0.0,0.0,0.0,0.76
main,v040,LOSO-nes-f0,secondary,LOSO,nested,0,A,Centralized PPO|central_nr_seed42/ppo_multi_site.zip,Centralized PPO,42,L,"June 2026, current reward",8,-402.1442984541981,402.1442984541981,0.0,0.0,0.0,207.1148282164695,207.1148282164695,0.0,0.0,0.0,0.0,0.0,0,0.0,0,0.0,0.0,0.0,0.76
main,v040,LOSO-nes-f0,secondary,LOSO,nested,0,A,Centralized PPO|central_nr_seed42/ppo_multi_site.zip,Centralized PPO,42,L,"June 2026, current reward",9,-458.94590795294357,80.94590795294356,378.0,0.0,0.0,207.27798845535966,207.27798845535966,0.036669970267591674,0.036669970267591674,0.0,0.013875123885034688,0.0,0,0.0,37,6.525420240620031,71.8121952661898,0.42732080292380503,0.76
main,v040,LOSO-nes-f0,secondary,LOSO,nested,0,A,Centralized PPO|central_nr_seed23/ppo_multi_site.zip,Centralized PPO,23,L,"Aug 2026, current reward",all,-29921.779014375374,4958.678220746422,24863.65632522895,7.3194684,92.125,2214.141391659843,2212.311524559843,0.09821605550049554,0.04380574826560951,0.09444995044598613,0.09593657086223985,0.2662041625371655,382,3.634489593657087,991,95.29361767762006,2384.262057332388,0.9358218101740453,0.77
main,v040,LOSO-nes-f0,secondary,LOSO,nested,0,A,Centralized PPO|central_nr_seed23/ppo_multi_site.zip,Centralized PPO,23,L,"Aug 2026, current reward",0,-6475.657772660927,817.0470908308491,5622.460205830078,2.2754760000000003,33.875,214.4183326905369,213.84946369053688,0.22001982160555006,0.04658077304261645,0.22001982160555006,0.22001982160555006,0.9405351833498513,119,11.322101090188307,222,22.540021678993213,1603.7432307830027,0.9442132441186303,0.77
main,v040,LOSO-nes-f0,secondary,LOSO,nested,0,A,Centralized PPO|central_nr_seed23/ppo_multi_site.zip,Centralized PPO,23,L,"Aug 2026, current reward",1,-762.2190063193254,596.9759865193255,162.0,0.4930198,2.75,199.8879256909451,199.7646707409451,0.005946481665014866,0.0009910802775024777,0.005946481665014866,0.005946481665014866,0.07333994053518335,25,2.3785926660059467,6,1.4029816811977136,1.4213917743330218,1.0,0.77
main,v040,LOSO-nes-f0,secondary,LOSO,nested,0,A,Centralized PPO|central_nr_seed23/ppo_multi_site.zip,Centralized PPO,23,L,"Aug 2026, current reward",2,-285.3978943212564,285.3978943212564,0.0,0.0,0.0,207.1596652387821,207.1596652387821,0.0,0.0,0.0,0.0,0.0,0,0.0,0,0.0,0.0,0.0,0.77
main,v040,LOSO-nes-f0,secondary,LOSO,nested,0,A,Centralized PPO|central_nr_seed23/ppo_multi_site.zip,Centralized PPO,23,L,"Aug 2026, current reward",3,-164.84558623109876,137.84558623109876,27.0,0.0,0.0,207.2423125911026,207.2423125911026,0.0009910802775024777,0.0009910802775024777,0.0,0.0009910802775024777,0.0,0,0.0,1,3.2475083125733666,3.2475083125733666,1.0,0.77
main,v040,LOSO-nes-f0,secondary,LOSO,nested,0,A,Centralized PPO|central_nr_seed23/ppo_multi_site.zip,Centralized PPO,23,L,"Aug 2026, current reward",4,-1161.7328114635973,605.0950734635973,540.0,1.1377380000000001,15.5,193.38930690973862,193.10487240973865,0.019821605550049554,0.005946481665014866,0.019821605550049554,0.019821605550049554,0.17641228939544104,59,5.613478691774034,20,1.4066364508285258,1.7030429867548669,1.0,0.77
main,v040,LOSO-nes-f0,secondary,LOSO,nested,0,A,Centralized PPO|central_nr_seed23/ppo_multi_site.zip,Centralized PPO,23,L,"Aug 2026, current reward",5,-1589.5965533967726,367.8107159730753,1218.3798930236974,0.5309444000000001,2.875,207.90944657286926,207.77671047286927,0.04658077304261645,0.015857284440039643,0.04658077304261645,0.04658077304261645,0.15262636273538158,27,2.5688800792864224,47,34.90387757340151,1578.8177945367433,0.9640992149104236,0.77
main,v040,LOSO-nes-f0,secondary,LOSO,nested,0,A,Centralized PPO|central_nr_seed23/ppo_multi_site.zip,Centralized PPO,23,L,"Aug 2026, current reward",6,-13276.421264185641,1065.9279753157998,12196.75722866984,0.9860602,12.75,343.39750882984674,343.1509937798468,0.466798810703667,0.2755203171456888,0.466798810703667,0.466798810703667,0.8225966303270565,53,5.042616451932607,471,169.41575285994372,2384.262057332388,0.9631816863885236,0.77
main,v040,LOSO-nes-f0,secondary,LOSO,nested,0,A,Centralized PPO|central_nr_seed23/ppo_multi_site.zip,Centralized PPO,23,L,"Aug 2026, current reward",7,-5344.81791938961,599.487691684279,4719.058997705331,1.89623,24.375,226.34407646419234,225.87001896419235,0.18533201189296333,0.05550049554013875,0.18533201189296333,0.18533201189296333,0.4965312190287413,99,9.419226957383549,187,41.25962452664353,2384.262057332388,0.9411869871132498,0.77
main,v040,LOSO-nes-f0,secondary,LOSO,nested,0,A,Centralized PPO|central_nr_seed23/ppo_multi_site.zip,Centralized PPO,23,L,"Aug 2026, current reward",8,-402.1442984541981,402.1442984541981,0.0,0.0,0.0,207.1148282164695,207.1148282164695,0.0,0.0,0.0,0.0,0.0,0,0.0,0,0.0,0.0,0.0,0.77
main,v040,LOSO-nes-f0,secondary,LOSO,nested,0,A,Centralized PPO|central_nr_seed23/ppo_multi_site.zip,Centralized PPO,23,L,"Aug 2026, current reward",9,-458.94590795294357,80.94590795294356,378.0,0.0,0.0,207.27798845535966,207.27798845535966,0.036669970267591674,0.036669970267591674,0.0,0.013875123885034688,0.0,0,0.0,37,6.525420240620031,71.8121952661898,0.42732080292380503,0.77
main,v040,LOSO-nes-f0,secondary,LOSO,nested,0,A,MAPPO|mappo_pool_off_seed1_20260526T162327/mappo_best.pt,MAPPO,1,T,search-only (scenario-variant sweep dir); traced to Table I,all,-5077.714738642926,4212.614428879779,810.7796395631473,5.1956702,49.125,1964.116978696075,1962.818061146075,0.005351833498513379,0.0037661050545094153,0.0015857284440039642,0.003072348860257681,0.08136769078295342,274,2.6069375619425172,54,10.536771513999511,304.83747554532965,0.5914232906225746,0.5
main,v040,LOSO-nes-f0,secondary,LOSO,nested,0,A,MAPPO|mappo_pool_off_seed1_20260526T162327/mappo_best.pt,MAPPO,1,T,search-only (scenario-variant sweep dir); traced to Table I,0,-809.8827800010953,796.0441928010953,0.0,1.2135872,12.625,177.49576559258804,177.19236879258807,0.0,0.0,0.0,0.0,0.22001982160555006,64,6.089197224975224,0,0.0,0.0,0.0,0.5
main,v040,LOSO-nes-f0,secondary,LOSO,nested,0,A,MAPPO|mappo_pool_off_seed1_20260526T162327/mappo_best.pt,MAPPO,1,T,search-only (scenario-variant sweep dir); traced to Table I,1,-549.4333857914628,460.92489379146275,81.0,0.7584919999999999,6.75,192.31955853160068,192.12993553160067,0.002973240832507433,0.0,0.002973240832507433,0.002973240832507433,0.10901883052527254,40,3.8057482656095147,3,1.3845715880624054,1.4213917743330218,1.0,0.5
main,v040,LOSO-nes-f0,secondary,LOSO,nested,0,A,MAPPO|mappo_pool_off_seed1_20260526T162327/mappo_best.pt,MAPPO,1,T,search-only (scenario-variant sweep dir); traced to Table I,2,-309.0417344519466,280.4279606519466,27.0,0.11377380000000001,1.5,206.797951031916,206.769507581916,0.0009910802775024777,0.0,0.0009910802775024777,0.0009910802775024777,0.002973240832507433,6,0.5708622398414271,1,1.363059272704875,1.363059272704875,1.0,0.5
main,v040,LOSO-nes-f0,secondary,LOSO,nested,0,A,MAPPO|mappo_pool_off_seed1_20260526T162327/mappo_best.pt,MAPPO,1,T,search-only (scenario-variant sweep dir); traced to Table I,3,-164.84558623109876,137.84558623109876,27.0,0.0,0.0,207.2423125911026,207.2423125911026,0.0009910802775024777,0.0009910802775024777,0.0,0.0009910802775024777,0.0,0,0.0,1,3.2475083125733666,3.2475083125733666,1.0,0.5
main,v040,LOSO-nes-f0,secondary,LOSO,nested,0,A,MAPPO|mappo_pool_off_seed1_20260526T162327/mappo_best.pt,MAPPO,1,T,search-only (scenario-variant sweep dir); traced to Table I,4,-657.6039733359737,542.3834059359737,108.0,0.7205674000000001,6.5,186.42470448889935,186.24456263889934,0.003964321110009911,0.0,0.003964321110009911,0.003964321110009911,0.14866204162537167,38,3.615460852329039,4,1.3922255235189482,1.4213917743330218,1.0,0.5
main,v040,LOSO-nes-f0,secondary,LOSO,nested,0,A,MAPPO|mappo_pool_off_seed1_20260526T162327/mappo_best.pt,MAPPO,1,T,search-only (scenario-variant sweep dir); traced to Table I,5,-392.22075114854755,362.0915051485475,27.0,0.379246,2.75,200.68878585003486,200.59397435003487,0.0009910802775024777,0.0,0.0009910802775024777,0.0009910802775024777,0.05252725470763132,20,1.9028741328047574,1,1.363059272704875,1.363059272704875,1.0,0.5
main,v040,LOSO-nes-f0,secondary,LOSO,nested,0,A,MAPPO|mappo_pool_off_seed1_20260526T162327/mappo_best.pt,MAPPO,1,T,search-only (scenario-variant sweep dir); traced to Table I,6,-721.8217697521143,629.268165988967,81.7796395631473,1.0239642,9.75,189.387853120132,189.131862070132,0.003964321110009911,0.0,0.003964321110009911,0.003964321110009911,0.13577799801783944,54,5.137760158572845,4,76.92239551904441,304.83747554532965,0.7814969963595608,0.5
main,v040,LOSO-nes-f0,secondary,LOSO,nested,0,A,MAPPO|mappo_pool_off_seed1_20260526T162327/mappo_best.pt,MAPPO,1,T,search-only (scenario-variant sweep dir); traced to Table I,7,-622.5768340300465,564.0079650300465,54.0,0.5688690000000001,4.0,192.93623008749285,192.79401283749283,0.0019821605550049554,0.0,0.0019821605550049554,0.0019821605550049554,0.11496531219028741,30,2.8543111992071357,2,1.3981138939518893,1.4213917743330218,1.0,0.5
main,v040,LOSO-nes-f0,secondary,LOSO,nested,0,A,MAPPO|mappo_pool_off_seed1_20260526T162327/mappo_best.pt,MAPPO,1,T,search-only (scenario-variant sweep dir); traced to Table I,8,-391.34201594769706,358.6748453476971,27.0,0.41717060000000006,5.25,203.545828946949,203.441536296949,0.0009910802775024777,0.0,0.0009910802775024777,0.0009910802775024777,0.02973240832507433,22,2.093161546085233,1,1.363059272704875,1.363059272704875,1.0,0.5
main,v040,LOSO-nes-f0,secondary,LOSO,nested,0,A,MAPPO|mappo_pool_off_seed1_20260526T162327/mappo_best.pt,MAPPO,1,T,search-only (scenario-variant sweep dir); traced to Table I,9,-458.94590795294357,80.94590795294356,378.0,0.0,0.0,207.27798845535966,207.27798845535966,0.036669970267591674,0.036669970267591674,0.0,0.013875123885034688,0.0,0,0.0,37,6.525420240620031,71.8121952661898,0.42732080292380503,0.5
main,v040,LOSO-nes-f0,secondary,LOSO,nested,0,A,MAPPO|mappo_pool_off_seed7_20260526T162327/mappo_best.pt,MAPPO,7,T,search-only (scenario-variant sweep dir); traced to Table I,all,-5235.54762836633,4167.195806803183,999.7796395631473,6.447182,62.125,1958.9903842270196,1957.3785887270196,0.006045589692765114,0.0037661050545094153,0.0022794846382556988,0.0037661050545094153,0.08840436075322101,340,3.2348860257680876,61,9.486156039492293,304.83747554532965,0.6383091425183448,0.5
main,v040,LOSO-nes-f0,secondary,LOSO,nested,0,A,MAPPO|mappo_pool_off_seed7_20260526T162327/mappo_best.pt,MAPPO,7,T,search-only (scenario-variant sweep dir); traced to Table I,0,-828.7699811270513,790.2305447270512,27.0,1.2894364,10.25,176.5635503746715,176.2411912746715,0.0009910802775024777,0.0,0.0009910802775024777,0.0009910802775024777,0.23389494549058473,68,6.469772051536175,1,1.363059272704875,1.363059272704875,1.0,0.5
main,v040,LOSO-nes-f0,secondary,LOSO,nested,0,A,MAPPO|mappo_pool_off_seed7_20260526T162327/mappo_best.pt,MAPPO,7,T,search-only (scenario-variant sweep dir); traced to Table I,1,-520.4400342878989,455.61691928789895,54.0,0.948115,9.875,191.5964619688537,191.35943321885367,0.0019821605550049554,0.0,0.0019821605550049554,0.0019821605550049554,0.11793855302279485,50,4.757185332011893,2,1.3953277457411706,1.4213917743330218,1.0,0.5
main,v040,LOSO-nes-f0,secondary,LOSO,nested,0,A,MAPPO|mappo_pool_off_seed7_20260526T162327/mappo_best.pt,MAPPO,7,T,search-only (scenario-variant sweep dir); traced to Table I,2,-334.52609180014366,277.2606196001437,54.0,0.26547220000000005,3.0,206.40872610887723,206.34235805887724,0.0019821605550049554,0.0,0.0019821605550049554,0.0019821605550049554,0.010901883052527254,14,1.33201189296333,2,1.368947643137816,1.3748360135707571,1.0,0.5
main,v040,LOSO-nes-f0,secondary,LOSO,nested,0,A,MAPPO|mappo_pool_off_seed7_20260526T162327/mappo_best.pt,MAPPO,7,T,search-only (scenario-variant sweep dir); traced to Table I,3,-164.84558623109876,137.84558623109876,27.0,0.0,0.0,207.2423125911026,207.2423125911026,0.0009910802775024777,0.0009910802775024777,0.0,0.0009910802775024777,0.0,0,0.0,1,3.2475083125733666,3.2475083125733666,1.0,0.5
main,v040,LOSO-nes-f0,secondary,LOSO,nested,0,A,MAPPO|mappo_pool_off_seed7_20260526T162327/mappo_best.pt,MAPPO,7,T,search-only (scenario-variant sweep dir); traced to Table I,4,-654.8412184276467,539.9577264276465,108.0,0.758492,6.125,186.13051744941967,185.94089444941966,0.003964321110009911,0.0,0.003964321110009911,0.003964321110009911,0.15262636273538158,40,3.8057482656095147,4,1.3922255235189482,1.4213917743330218,1.0,0.5
main,v040,LOSO-nes-f0,secondary,LOSO,nested,0,A,MAPPO|mappo_pool_off_seed7_20260526T162327/mappo_best.pt,MAPPO,7,T,search-only (scenario-variant sweep dir); traced to Table I,5,-441.987107926168,355.16823892616804,81.0,0.5688690000000001,5.25,200.0448291681527,199.90261191815267,0.002973240832507433,0.0,0.002973240832507433,0.002973240832507433,0.062438057482656094,30,2.8543111992071357,3,1.382503439914257,1.4213917743330218,1.0,0.5
main,v040,LOSO-nes-f0,secondary,LOSO,nested,0,A,MAPPO|mappo_pool_off_seed7_20260526T162327/mappo_best.pt,MAPPO,7,T,search-only (scenario-variant sweep dir); traced to Table I,6,-767.9818604793047,617.0377845161576,135.7796395631473,1.2894364,13.875,188.26435626285064,187.94199716285067,0.005946481665014866,0.0,0.005946481665014866,0.005946481665014866,0.1466798810703667,68,6.469772051536175,6,51.745672187202594,304.83747554532965,0.8543313309063739,0.5
main,v040,LOSO-nes-f0,secondary,LOSO,nested,0,A,MAPPO|mappo_pool_off_seed7_20260526T162327/mappo_best.pt,MAPPO,7,T,search-only (scenario-variant sweep dir); traced to Table I,7,-647.1819412498937,557.5105246498937,81.0,0.7964166,7.875,192.2612449849296,192.0621408349296,0.002973240832507433,0.0,0.002973240832507433,0.002973240832507433,0.12388503468780972,42,3.9960356788899905,3,1.3864290202028846,1.4213917743330218,1.0,0.5
main,v040,LOSO-nes-f0,secondary,LOSO,nested,0,A,MAPPO|mappo_pool_off_seed7_20260526T162327/mappo_best.pt,MAPPO,7,T,search-only (scenario-variant sweep dir); traced to Table I,8,-416.02789888418084,355.62195448418083,54.0,0.5309444,5.875,203.2003968628024,203.0676607628024,0.0019821605550049554,0.0,0.0019821605550049554,0.0019821605550049554,0.035678889990089196,28,2.66402378592666,2,1.363059272704875,1.363059272704875,1.0,0.5
main,v040,LOSO-nes-f0,secondary,LOSO,nested,0,A,MAPPO|mappo_pool_off_seed7_20260526T162327/mappo_best.pt,MAPPO,7,T,search-only (scenario-variant sweep dir); traced to Table I,9,-458.94590795294357,80.94590795294356,378.0,0.0,0.0,207.27798845535966,207.27798845535966,0.036669970267591674,0.036669970267591674,0.0,0.013875123885034688,0.0,0,0.0,37,6.525420240620031,71.8121952661898,0.42732080292380503,0.5
main,v040,LOSO-nes-f0,secondary,LOSO,nested,0,A,MAPPO|mappo_pool_off_seed13_20260526T162327/mappo_best.pt,MAPPO,13,T,search-only (scenario-variant sweep dir); traced to Table I,all,-5094.375034604902,4197.797177241754,837.7796395631473,5.423217800000001,53.375,1962.6057758364127,1961.2499713864127,0.005450941526263627,0.0037661050545094153,0.0016848364717542122,0.0031714568880079285,0.08285431119920714,286,2.721110009910803,55,10.37082321435347,304.83747554532965,0.5988519580658006,0.5
main,v040,LOSO-nes-f0,secondary,LOSO,nested,0,A,MAPPO|mappo_pool_off_seed13_20260526T162327/mappo_best.pt,MAPPO,13,T,search-only (scenario-variant sweep dir); traced to Table I,0,-806.2624984434615,792.6739112434615,0.0,1.2135872,12.375,177.16987338051905,176.86647658051905,0.0,0.0,0.0,0.0,0.22299306243805747,64,6.089197224975224,0,0.0,0.0,0.0,0.5
main,v040,LOSO-nes-f0,secondary,LOSO,nested,0,A,MAPPO|mappo_pool_off_seed13_20260526T162327/mappo_best.pt,MAPPO,13,T,search-only (scenario-variant sweep dir); traced to Table I,1,-551.2270874413999,458.6918970413998,81.0,0.9101904000000001,10.625,192.06549662036807,191.8379490203681,0.002973240832507433,0.0,0.002973240832507433,0.002973240832507433,0.1110009910802775,48,4.566897918731417,3,1.3845715880624054,1.4213917743330218,1.0,0.5
main,v040,LOSO-nes-f0,secondary,LOSO,nested,0,A,MAPPO|mappo_pool_off_seed13_20260526T162327/mappo_best.pt,MAPPO,13,T,search-only (scenario-variant sweep dir); traced to Table I,2,-309.7959854538205,281.7201362538205,27.0,0.0758492,1.0,206.90632699708874,206.88736469708874,0.0009910802775024777,0.0,0.0009910802775024777,0.0009910802775024777,0.0019821605550049554,4,0.3805748265609515,1,1.363059272704875,1.363059272704875,1.0,0.5
main,v040,LOSO-nes-f0,secondary,LOSO,nested,0,A,MAPPO|mappo_pool_off_seed13_20260526T162327/mappo_best.pt,MAPPO,13,T,search-only (scenario-variant sweep dir); traced to Table I,3,-164.84558623109876,137.84558623109876,27.0,0.0,0.0,207.2423125911026,207.2423125911026,0.0009910802775024777,0.0009910802775024777,0.0,0.0009910802775024777,0.0,0,0.0,1,3.2475083125733666,3.2475083125733666,1.0,0.5
main,v040,LOSO-nes-f0,secondary,LOSO,nested,0,A,MAPPO|mappo_pool_off_seed13_20260526T162327/mappo_best.pt,MAPPO,13,T,search-only (scenario-variant sweep dir); traced to Table I,4,-682.0663622208749,539.557870220875,135.0,0.758492,6.75,186.09009656327459,185.9004735632746,0.004955401387512388,0.0,0.004955401387512388,0.004955401387512388,0.15262636273538158,40,3.8057482656095147,5,1.398058773681763,1.4213917743330218,1.0,0.5
main,v040,LOSO-nes-f0,secondary,LOSO,nested,0,A,MAPPO|mappo_pool_off_seed13_20260526T162327/mappo_best.pt,MAPPO,13,T,search-only (scenario-variant sweep dir); traced to Table I,5,-387.0294735602835,356.9002275602835,27.0,0.379246,2.75,200.1381100815431,200.0432985815431,0.0009910802775024777,0.0,0.0009910802775024777,0.0009910802775024777,0.05847373637264618,20,1.9028741328047574,1,1.363059272704875,1.363059272704875,1.0,0.5
main,v040,LOSO-nes-f0,secondary,LOSO,nested,0,A,MAPPO|mappo_pool_off_seed13_20260526T162327/mappo_best.pt,MAPPO,13,T,search-only (scenario-variant sweep dir); traced to Table I,6,-747.6094482605617,627.5179198974145,108.7796395631473,1.0618888,10.25,189.354100218472,189.08862801847204,0.004955401387512388,0.0,0.004955401387512388,0.004955401387512388,0.1337958374628345,56,5.32804757185332,5,61.81052826977651,304.83747554532965,0.8251975970876486,0.5
main,v040,LOSO-nes-f0,secondary,LOSO,nested,0,A,MAPPO|mappo_pool_off_seed13_20260526T162327/mappo_best.pt,MAPPO,13,T,search-only (scenario-variant sweep dir); traced to Table I,7,-595.1310568266297,562.8992632266297,27.0,0.6067936,4.625,192.725045789093,192.573347389093,0.0009910802775024777,0.0,0.0009910802775024777,0.0009910802775024777,0.11892963330029732,32,3.044598612487612,1,1.4213917743330218,1.4213917743330218,1.0,0.5
main,v040,LOSO-nes-f0,secondary,LOSO,nested,0,A,MAPPO|mappo_pool_off_seed13_20260526T162327/mappo_best.pt,MAPPO,13,T,search-only (scenario-variant sweep dir); traced to Table I,8,-391.46162821382757,359.0444576138276,27.0,0.41717060000000006,5.0,203.63642513959198,203.532132489592,0.0009910802775024777,0.0,0.0009910802775024777,0.0009910802775024777,0.028741328047571853,22,2.093161546085233,1,1.363059272704875,1.363059272704875,1.0,0.5
main,v040,LOSO-nes-f0,secondary,LOSO,nested,0,A,MAPPO|mappo_pool_off_seed13_20260526T162327/mappo_best.pt,MAPPO,13,T,search-only (scenario-variant sweep dir); traced to Table I,9,-458.94590795294357,80.94590795294356,378.0,0.0,0.0,207.27798845535966,207.27798845535966,0.036669970267591674,0.036669970267591674,0.0,0.013875123885034688,0.0,0,0.0,37,6.525420240620031,71.8121952661898,0.42732080292380503,0.5
main,v040,LOSO-nes-f0,secondary,LOSO,nested,0,A,MAPPO|mappo_pool_off_seed77_20260526T162327/mappo_best.pt,MAPPO,77,T,search-only (scenario-variant sweep dir); traced to Table I,all,-5001.167778318073,4249.382091554926,702.7796395631473,5.006047199999999,44.0,1968.9604574729042,1967.708945672904,0.004955401387512388,0.0037661050545094153,0.0011892963330029733,0.0026759167492566896,0.07581764122893954,264,2.5117938553022796,50,5.199777983000706,71.8121952661898,0.5587371538723805,0.5
main,v040,LOSO-nes-f0,secondary,LOSO,nested,0,A,MAPPO|mappo_pool_off_seed77_20260526T162327/mappo_best.pt,MAPPO,77,T,search-only (scenario-variant sweep dir); traced to Table I,0,-823.2103050885428,813.9742654885429,0.0,0.9860396,8.25,179.70548155969811,179.45897165969814,0.0,0.0,0.0,0.0,0.1962338949454906,52,4.947472745292369,0,0.0,0.0,0.0,0.5
main,v040,LOSO-nes-f0,secondary,LOSO,nested,0,A,MAPPO|mappo_pool_off_seed77_20260526T162327/mappo_best.pt,MAPPO,77,T,search-only (scenario-variant sweep dir); traced to Table I,1,-526.8446010977054,464.6731844977055,54.0,0.7964166,7.375,192.7639019210176,192.5647977710176,0.0019821605550049554,0.0,0.0019821605550049554,0.0019821605550049554,0.10307234886025768,42,3.9960356788899905,2,1.3953277457411706,1.4213917743330218,1.0,0.5
main,v040,LOSO-nes-f0,secondary,LOSO,nested,0,A,MAPPO|mappo_pool_off_seed77_20260526T162327/mappo_best.pt,MAPPO,77,T,search-only (scenario-variant sweep dir); traced to Table I,2,-309.6740850628046,281.0603112628046,27.0,0.11377380000000001,1.5,206.83041284692905,206.80196939692905,0.0009910802775024777,0.0,0.0009910802775024777,0.0009910802775024777,0.002973240832507433,6,0.5708622398414271,1,1.363059272704875,1.363059272704875,1.0,0.5
main,v040,LOSO-nes-f0,secondary,LOSO,nested,0,A,MAPPO|mappo_pool_off_seed77_20260526T162327/mappo_best.pt,MAPPO,77,T,search-only (scenario-variant sweep dir); traced to Table I,3,-164.84558623109876,137.84558623109876,27.0,0.0,0.0,207.2423125911026,207.2423125911026,0.0009910802775024777,0.0009910802775024777,0.0,0.0009910802775024777,0.0,0,0.0,1,3.2475083125733666,3.2475083125733666,1.0,0.5
main,v040,LOSO-nes-f0,secondary,LOSO,nested,0,A,MAPPO|mappo_pool_off_seed77_20260526T162327/mappo_best.pt,MAPPO,77,T,search-only (scenario-variant sweep dir); traced to Table I,4,-635.229855220173,547.8842878201731,81.0,0.7205674000000001,5.625,187.1368691051651,186.9567272551651,0.002973240832507433,0.0,0.002973240832507433,0.002973240832507433,0.14073339940535184,38,3.615460852329039,3,1.382503439914257,1.4213917743330218,1.0,0.5
main,v040,LOSO-nes-f0,secondary,LOSO,nested,0,A,MAPPO|mappo_pool_off_seed77_20260526T162327/mappo_best.pt,MAPPO,77,T,search-only (scenario-variant sweep dir); traced to Table I,5,-366.3360933842871,364.5326965842871,0.0,0.3033968,1.5,201.04469814402904,200.96884894402905,0.0,0.0,0.0,0.0,0.048562933597621406,16,1.522299306243806,0,0.0,0.0,0.0,0.5
main,v040,LOSO-nes-f0,secondary,LOSO,nested,0,A,MAPPO|mappo_pool_off_seed77_20260526T162327/mappo_best.pt,MAPPO,77,T,search-only (scenario-variant sweep dir); traced to Table I,6,-723.9693493123716,630.0898963492243,81.7796395631473,1.0998134,11.0,189.705507263473,189.43055391347303,0.003964321110009911,0.0,0.003964321110009911,0.003964321110009911,0.12983151635282458,58,5.518334985133796,4,1.053791450888217,1.363059272704875,0.7814969963595608,0.5
main,v040,LOSO-nes-f0,secondary,LOSO,nested,0,A,MAPPO|mappo_pool_off_seed77_20260526T162327/mappo_best.pt,MAPPO,77,T,search-only (scenario-variant sweep dir); traced to Table I,7,-594.7772680834516,563.2954744834517,27.0,0.6067936,3.875,192.88341045036776,192.73171205036775,0.0009910802775024777,0.0,0.0009910802775024777,0.0009910802775024777,0.1159563924677899,32,3.044598612487612,1,1.4213917743330218,1.4213917743330218,1.0,0.5
main,v040,LOSO-nes-f0,secondary,LOSO,nested,0,A,MAPPO|mappo_pool_off_seed77_20260526T162327/mappo_best.pt,MAPPO,77,T,search-only (scenario-variant sweep dir); traced to Table I,8,-397.33472688469385,365.0804808846939,27.0,0.37924599999999997,4.875,204.36987513576213,204.27506363576214,0.0009910802775024777,0.0,0.0009910802775024777,0.0009910802775024777,0.02081268582755203,20,1.9028741328047574,1,1.363059272704875,1.363059272704875,1.0,0.5
main,v040,LOSO-nes-f0,secondary,LOSO,nested,0,A,MAPPO|mappo_pool_off_seed77_20260526T162327/mappo_best.pt,MAPPO,77,T,search-only (scenario-variant sweep dir); traced to Table I,9,-458.94590795294357,80.94590795294356,378.0,0.0,0.0,207.27798845535966,207.27798845535966,0.036669970267591674,0.036669970267591674,0.0,0.013875123885034688,0.0,0,0.0,37,6.525420240620031,71.8121952661898,0.42732080292380503,0.5
main,v040,LOSO-nes-f0,secondary,LOSO,nested,0,A,"Hysteresis (fixed, t_up=81, b=50 Mbps)|-",Hysteresis (fixed),0,baseline,baseline,all,-5795.660821666406,4572.752511479562,1219.1595325868448,2.1237776,1.625,1992.8121782692797,1992.2812338692797,0.007036669970267592,0.004360753221010902,0.0032705649157581764,0.004757185332011893,0.07472745292368682,111,1.0560951437066404,71,4.043164050006296,71.8121952661898,0.6654862083719569,0.43
main,v040,LOSO-nes-f0,secondary,LOSO,nested,0,A,"Hysteresis (fixed, t_up=81, b=50 Mbps)|-",Hysteresis (fixed),0,baseline,baseline,0,-1039.2081500613597,849.6280548613597,189.0,0.45509520000000003,0.125,182.49875711691277,182.38498331691275,0.006937561942517344,0.0009910802775024777,0.006937561942517344,0.006937561942517344,0.22497522299306244,23,2.188305252725471,7,1.403687004960274,1.4213917743330218,1.0,0.43
main,v040,LOSO-nes-f0,secondary,LOSO,nested,0,A,"Hysteresis (fixed, t_up=81, b=50 Mbps)|-",Hysteresis (fixed),0,baseline,baseline,1,-624.7933569574255,489.4141109574256,135.0,0.379246,0.0,194.08239632518564,193.98758482518565,0.004955401387512388,0.0019821605550049554,0.004955401387512388,0.004955401387512388,0.12586719524281467,20,1.9028741328047574,5,1.3876331622450224,1.4213917743330218,1.0,0.43
main,v040,LOSO-nes-f0,secondary,LOSO,nested,0,A,"Hysteresis (fixed, t_up=81, b=50 Mbps)|-",Hysteresis (fixed),0,baseline,baseline,2,-285.3978943212564,285.3978943212564,0.0,0.0,0.0,207.1596652387821,207.1596652387821,0.0,0.0,0.0,0.0,0.0,0,0.0,0,0.0,0.0,0.0,0.43
main,v040,LOSO-nes-f0,secondary,LOSO,nested,0,A,"Hysteresis (fixed, t_up=81, b=50 Mbps)|-",Hysteresis (fixed),0,baseline,baseline,3,-164.84558623109876,137.84558623109876,27.0,0.0,0.0,207.2423125911026,207.2423125911026,0.0009910802775024777,0.0009910802775024777,0.0,0.0009910802775024777,0.0,0,0.0,1,3.2475083125733666,3.2475083125733666,1.0,0.43
main,v040,LOSO-nes-f0,secondary,LOSO,nested,0,A,"Hysteresis (fixed, t_up=81, b=50 Mbps)|-",Hysteresis (fixed),0,baseline,baseline,4,-800.1655956463644,580.5231715858142,218.60025346055008,0.4171706,0.625,190.24659547684516,190.14230282684514,0.008919722497522299,0.0019821605550049554,0.008919722497522299,0.008919722497522299,0.14866204162537167,22,2.093161546085233,9,1.2595840049299043,1.4213917743330218,0.9096305683724076,0.43
main,v040,LOSO-nes-f0,secondary,LOSO,nested,0,A,"Hysteresis (fixed, t_up=81, b=50 Mbps)|-",Hysteresis (fixed),0,baseline,baseline,5,-443.42829173712937,416.3524425371293,27.0,0.0758492,0.0,205.074135727576,205.05517342757597,0.0009910802775024777,0.0,0.0009910802775024777,0.0009910802775024777,0.018830525272547076,4,0.3805748265609515,1,1.355790890351934,1.355790890351934,1.0,0.43
main,v040,LOSO-nes-f0,secondary,LOSO,nested,0,A,"Hysteresis (fixed, t_up=81, b=50 Mbps)|-",Hysteresis (fixed),0,baseline,baseline,6,-884.7258890571369,719.8365147308423,163.5592791262946,0.4550952,0.875,195.57926913883347,195.46549533883348,0.007928642220019821,0.0009910802775024777,0.007928642220019821,0.007928642220019821,0.12388503468780972,24,2.2834489593657086,8,1.082049153908173,1.4213917743330218,0.7814969963595608,0.43
main,v040,LOSO-nes-f0,secondary,LOSO,nested,0,A,"Hysteresis (fixed, t_up=81, b=50 Mbps)|-",Hysteresis (fixed),0,baseline,baseline,7,-692.0058512474938,610.6645298474937,81.0,0.3413214,0.0,196.5362299822129,196.45089963221287,0.002973240832507433,0.0,0.002973240832507433,0.002973240832507433,0.10505450941526263,18,1.7125867195242817,3,1.4213917743330218,1.4213917743330218,1.0,0.43
main,v040,LOSO-nes-f0,secondary,LOSO,nested,0,A,"Hysteresis (fixed, t_up=81, b=50 Mbps)|-",Hysteresis (fixed),0,baseline,baseline,8,-402.1442984541981,402.1442984541981,0.0,0.0,0.0,207.1148282164695,207.1148282164695,0.0,0.0,0.0,0.0,0.0,0,0.0,0,0.0,0.0,0.0,0.43
main,v040,LOSO-nes-f0,secondary,LOSO,nested,0,A,"Hysteresis (fixed, t_up=81, b=50 Mbps)|-",Hysteresis (fixed),0,baseline,baseline,9,-458.94590795294357,80.94590795294356,378.0,0.0,0.0,207.27798845535966,207.27798845535966,0.036669970267591674,0.036669970267591674,0.0,0.013875123885034688,0.0,0,0.0,37,6.525420240620031,71.8121952661898,0.42732080292380503,0.43
main,v040,LOSO-nes-f0,secondary,LOSO,nested,0,A,Always-DPDK|-,Always-DPDK,0,baseline,baseline,all,-6618.429071819917,6213.429071819917,405.0,0.0,0.0,2070.903482586459,2070.903482586459,0.0037661050545094153,0.0037661050545094153,0.0,0.0014866204162537165,0.0,0,0.0,38,6.439159400408276,71.8121952661898,0.4423913081100206,0.43
main,v040,LOSO-nes-f0,secondary,LOSO,nested,0,A,Always-DPDK|-,Always-DPDK,0,baseline,baseline,0,-1322.4870855792624,1322.4870855792624,0.0,0.0,0.0,206.93139296925,206.93139296925,0.0,0.0,0.0,0.0,0.0,0,0.0,0,0.0,0.0,0.0,0.43
main,v040,LOSO-nes-f0,secondary,LOSO,nested,0,A,Always-DPDK|-,Always-DPDK,0,baseline,baseline,1,-869.3226350929075,869.3226350929075,0.0,0.0,0.0,207.06233983456252,207.06233983456252,0.0,0.0,0.0,0.0,0.0,0,0.0,0,0.0,0.0,0.0,0.43
main,v040,LOSO-nes-f0,secondary,LOSO,nested,0,A,Always-DPDK|-,Always-DPDK,0,baseline,baseline,2,-285.3978943212564,285.3978943212564,0.0,0.0,0.0,207.1596652387821,207.1596652387821,0.0,0.0,0.0,0.0,0.0,0,0.0,0,0.0,0.0,0.0,0.43
main,v040,LOSO-nes-f0,secondary,LOSO,nested,0,A,Always-DPDK|-,Always-DPDK,0,baseline,baseline,3,-164.84558623109876,137.84558623109876,27.0,0.0,0.0,207.2423125911026,207.2423125911026,0.0009910802775024777,0.0009910802775024777,0.0,0.0009910802775024777,0.0,0,0.0,1,3.2475083125733666,3.2475083125733666,1.0,0.43
main,v040,LOSO-nes-f0,secondary,LOSO,nested,0,A,Always-DPDK|-,Always-DPDK,0,baseline,baseline,4,-956.6551647701882,956.6551647701882,0.0,0.0,0.0,207.0060707279047,207.0060707279047,0.0,0.0,0.0,0.0,0.0,0,0.0,0,0.0,0.0,0.0,0.43
main,v040,LOSO-nes-f0,secondary,LOSO,nested,0,A,Always-DPDK|-,Always-DPDK,0,baseline,baseline,5,-443.50485080580836,443.50485080580836,0.0,0.0,0.0,207.11606339401706,207.11606339401706,0.0,0.0,0.0,0.0,0.0,0,0.0,0,0.0,0.0,0.0,0.43
main,v040,LOSO-nes-f0,secondary,LOSO,nested,0,A,Always-DPDK|-,Always-DPDK,0,baseline,baseline,6,-956.8470664123463,956.8470664123463,0.0,0.0,0.0,206.98977289917428,206.98977289917428,0.0,0.0,0.0,0.0,0.0,0,0.0,0,0.0,0.0,0.0,0.43
main,v040,LOSO-nes-f0,secondary,LOSO,nested,0,A,Always-DPDK|-,Always-DPDK,0,baseline,baseline,7,-758.278582199907,758.278582199907,0.0,0.0,0.0,207.0030482598367,207.0030482598367,0.0,0.0,0.0,0.0,0.0,0,0.0,0,0.0,0.0,0.0,0.43
main,v040,LOSO-nes-f0,secondary,LOSO,nested,0,A,Always-DPDK|-,Always-DPDK,0,baseline,baseline,8,-402.1442984541981,402.1442984541981,0.0,0.0,0.0,207.1148282164695,207.1148282164695,0.0,0.0,0.0,0.0,0.0,0,0.0,0,0.0,0.0,0.0,0.43
main,v040,LOSO-nes-f0,secondary,LOSO,nested,0,A,Always-DPDK|-,Always-DPDK,0,baseline,baseline,9,-458.94590795294357,80.94590795294356,378.0,0.0,0.0,207.27798845535966,207.27798845535966,0.036669970267591674,0.036669970267591674,0.0,0.013875123885034688,0.0,0,0.0,37,6.525420240620031,71.8121952661898,0.42732080292380503,0.43
main,v040,LOSO-nes-f0,secondary,LOSO,nested,0,A,Always-USR|-,Always-USR (supplementary),0,baseline,baseline,all,-196230.28048581866,6660.151972947064,189570.12830687157,0.000206,0.0,5037.457938720656,5037.457887220657,0.7102081268582755,0.5765113974231912,0.7102081268582755,0.7102081268582755,1.0,0,0.0,7166,2796.2608690159855,167179.9679537396,0.9818035552464024,0.44
main,v040,LOSO-nes-f0,secondary,LOSO,nested,0,A,Always-USR|-,Always-USR (supplementary),0,baseline,baseline,0,-6449.564694987679,827.1044685576015,5622.460205830078,2.06e-05,0.0,220.50301421638062,220.50300906638063,0.22001982160555006,0.05649157581764123,0.22001982160555006,0.22001982160555006,1.0,0,0.0,222,22.540021678993213,1603.7432307830027,0.9442132441186303,0.44
main,v040,LOSO-nes-f0,secondary,LOSO,nested,0,A,Always-USR|-,Always-USR (supplementary),0,baseline,baseline,1,-19799.768388642216,735.128970392087,19064.639397650128,2.06e-05,0.0,455.41573043823064,455.41572528823065,0.7155599603567889,0.557978196233895,0.7155599603567889,0.7155599603567889,1.0,0,0.0,722,350.54307228264656,3468.306858912769,0.9801772575092397,0.44
main,v040,LOSO-nes-f0,secondary,LOSO,nested,0,A,Always-USR|-,Always-USR (supplementary),0,baseline,baseline,2,-24691.575829144902,643.8967038632654,24047.679104681636,2.06e-05,0.0,637.28841981454,637.28841466454,0.8929633300297324,0.7978196233894945,0.8929633300297324,0.8929633300297324,1.0,0,0.0,901,815.9110458324285,9355.51910643008,0.9896662635842263,0.44
main,v040,LOSO-nes-f0,secondary,LOSO,nested,0,A,Always-USR|-,Always-USR (supplementary),0,baseline,baseline,3,-26901.97583728123,432.8771119443905,26469.098704736833,2.06e-05,0.0,772.3053812257259,772.3053760757259,0.9781962338949455,0.9375619425173439,0.9781962338949455,0.9781962338949455,1.0,0,0.0,987,3046.0694300236837,107852.69726911714,0.9939243061376845,0.44
main,v040,LOSO-nes-f0,secondary,LOSO,nested,0,A,Always-USR|-,Always-USR (supplementary),0,baseline,baseline,4,-16451.79965704652,773.8156880540218,15677.983948392499,2.06e-05,0.0,360.48182789596916,360.48182274596917,0.5916749256689792,0.39444995044598613,0.5916749256689792,0.5916749256689792,1.0,0,0.0,597,99.13330247702991,3468.306858912769,0.9753759881849526,0.44
main,v040,LOSO-nes-f0,secondary,LOSO,nested,0,A,Always-USR|-,Always-USR (supplementary),0,baseline,baseline,5,-22718.375740744083,693.0963620018983,22025.279358142187,2.06e-05,0.0,550.1188218733575,550.1188167233574,0.819623389494549,0.7086223984142715,0.819623389494549,0.819623389494549,1.0,0,0.0,827,465.5458821903464,3469.8753866110433,0.9877581361605073,0.44
main,v040,LOSO-nes-f0,secondary,LOSO,nested,0,A,Always-USR|-,Always-USR (supplementary),0,baseline,baseline,6,-13122.023040943872,788.7065125477359,12333.316507796135,2.06e-05,0.0,330.4468976312732,330.4468924812732,0.47373637264618434,0.27849355797819625,0.47373637264618434,0.47373637264618434,1.0,0,0.0,478,166.95061628076255,2384.262057332388,0.9600639126775546,0.44
main,v040,LOSO-nes-f0,secondary,LOSO,nested,0,A,Always-USR|-,Always-USR (supplementary),0,baseline,baseline,7,-15903.837380574838,789.7435828301059,15114.093777144732,2.06e-05,0.0,352.10663430936677,352.1066291593668,0.5887016848364718,0.3458870168483647,0.5887016848364718,0.5887016848364718,1.0,0,0.0,594,45.43324226682589,2384.262057332388,0.9481534106141826,0.44
main,v040,LOSO-nes-f0,secondary,LOSO,nested,0,A,Always-USR|-,Always-USR (supplementary),0,baseline,baseline,8,-22798.285404747614,693.3083351107927,22104.97704903682,2.06e-05,0.0,551.6096668225425,551.6096616725424,0.8255698711595639,0.7026759167492567,0.8255698711595639,0.8255698711595639,1.0,0,0.0,833,462.2311815684828,8669.897032757308,0.9845529031227219,0.44
main,v040,LOSO-nes-f0,secondary,LOSO,nested,0,A,Always-USR|-,Always-USR (supplementary),0,baseline,baseline,9,-27393.074511705716,282.47423764516407,27110.60025346055,2.06e-05,0.0,807.1815444932697,807.1815393432697,0.9960356788899901,0.9851337958374629,0.9960356788899901,0.9960356788899901,1.0,0,0.0,1005,15027.149934083487,167179.9679537396,0.9991907215078126,0.44
main,v040,LOSO-nes-f0,secondary,LOSO,nested,0,A,Centralized PPO|central_nr_seed64/ppo_multi_site.zip,Centralized PPO,64,L,"Aug 2026, current reward",all,-26102.14896021259,5460.200798621674,20568.582565990917,4.740595600000001,68.625,2209.060618783413,2207.8754698834127,0.08087215064420218,0.04053518334985134,0.07710604558969276,0.07859266600594648,0.18503468780971258,249,2.3690782953419225,816,76.8342928602044,3468.306858912769,0.939620451684491,0.79
main,v040,LOSO-nes-f0,secondary,LOSO,nested,0,A,Centralized PPO|central_nr_seed64/ppo_multi_site.zip,Centralized PPO,64,L,"Aug 2026, current reward",0,-6449.564694987679,827.1044685576015,5622.460205830078,2.06e-05,0.0,220.50301421638062,220.50300906638063,0.22001982160555006,0.05649157581764123,0.22001982160555006,0.22001982160555006,1.0,0,0.0,222,22.540021678993213,1603.7432307830027,0.9442132441186303,0.79
main,v040,LOSO-nes-f0,secondary,LOSO,nested,0,A,Centralized PPO|central_nr_seed64/ppo_multi_site.zip,Centralized PPO,64,L,"Aug 2026, current reward",1,-4145.9939040852805,489.446464069391,3636.72007901589,1.327361,18.5,218.63300827603933,218.3011680260393,0.14271555996035679,0.05153617443012884,0.14271555996035679,0.14271555996035679,0.3736372646184341,69,6.564915758176412,144,24.325354270690596,304.83747554532965,0.9418333516240486,0.79
main,v040,LOSO-nes-f0,secondary,LOSO,nested,0,A,Centralized PPO|central_nr_seed64/ppo_multi_site.zip,Centralized PPO,64,L,"Aug 2026, current reward",2,-285.3978943212564,285.3978943212564,0.0,0.0,0.0,207.1596652387821,207.1596652387821,0.0,0.0,0.0,0.0,0.0,0,0.0,0,0.0,0.0,0.0,0.79
main,v040,LOSO-nes-f0,secondary,LOSO,nested,0,A,Centralized PPO|central_nr_seed64/ppo_multi_site.zip,Centralized PPO,64,L,"Aug 2026, current reward",3,-164.84558623109876,137.84558623109876,27.0,0.0,0.0,207.2423125911026,207.2423125911026,0.0009910802775024777,0.0009910802775024777,0.0,0.0009910802775024777,0.0,0,0.0,1,3.2475083125733666,3.2475083125733666,1.0,0.79
main,v040,LOSO-nes-f0,secondary,LOSO,nested,0,A,Centralized PPO|central_nr_seed64/ppo_multi_site.zip,Centralized PPO,64,L,"Aug 2026, current reward",4,-12036.626174762074,1078.685679617122,10904.40228114495,3.413214,50.125,320.02091723625097,319.167613736251,0.40832507433102083,0.25966303270564917,0.40832507433102083,0.40832507433102083,0.4767096134786918,180,17.125867195242815,412,130.93533759464887,3468.306858912769,0.9822331942673908,0.79
main,v040,LOSO-nes-f0,secondary,LOSO,nested,0,A,Centralized PPO|central_nr_seed64/ppo_multi_site.zip,Centralized PPO,64,L,"Aug 2026, current reward",5,-443.50485080580836,443.50485080580836,0.0,0.0,0.0,207.11606339401706,207.11606339401706,0.0,0.0,0.0,0.0,0.0,0,0.0,0,0.0,0.0,0.0,0.79
main,v040,LOSO-nes-f0,secondary,LOSO,nested,0,A,Centralized PPO|central_nr_seed64/ppo_multi_site.zip,Centralized PPO,64,L,"Aug 2026, current reward",6,-956.8470664123463,956.8470664123463,0.0,0.0,0.0,206.98977289917428,206.98977289917428,0.0,0.0,0.0,0.0,0.0,0,0.0,0,0.0,0.0,0.0,0.79
main,v040,LOSO-nes-f0,secondary,LOSO,nested,0,A,Centralized PPO|central_nr_seed64/ppo_multi_site.zip,Centralized PPO,64,L,"Aug 2026, current reward",7,-758.278582199907,758.278582199907,0.0,0.0,0.0,207.0030482598367,207.0030482598367,0.0,0.0,0.0,0.0,0.0,0,0.0,0,0.0,0.0,0.0,0.79
main,v040,LOSO-nes-f0,secondary,LOSO,nested,0,A,Centralized PPO|central_nr_seed64/ppo_multi_site.zip,Centralized PPO,64,L,"Aug 2026, current reward",8,-402.1442984541981,402.1442984541981,0.0,0.0,0.0,207.1148282164695,207.1148282164695,0.0,0.0,0.0,0.0,0.0,0,0.0,0,0.0,0.0,0.0,0.79
main,v040,LOSO-nes-f0,secondary,LOSO,nested,0,A,Centralized PPO|central_nr_seed64/ppo_multi_site.zip,Centralized PPO,64,L,"Aug 2026, current reward",9,-458.94590795294357,80.94590795294356,378.0,0.0,0.0,207.27798845535966,207.27798845535966,0.036669970267591674,0.036669970267591674,0.0,0.013875123885034688,0.0,0,0.0,37,6.525420240620031,71.8121952661898,0.42732080292380503,0.79
main,v040,LOSO-nes-f0,secondary,LOSO,nested,0,A,Centralized PPO|central_nr_seed77/ppo_multi_site.zip,Centralized PPO,77,L,"Aug 2026, current reward",all,-25246.09369699066,5073.9853563995875,20151.404447191075,2.5788934,18.125,2176.4450201838667,2175.800296833867,0.07978196233894945,0.037264618434093164,0.07601585728444003,0.07750247770069375,0.21050545094152626,134,1.2749256689791875,805,41.3685905808301,1603.7432307830027,0.9338190699145547,0.8
main,v040,LOSO-nes-f0,secondary,LOSO,nested,0,A,Centralized PPO|central_nr_seed77/ppo_multi_site.zip,Centralized PPO,77,L,"Aug 2026, current reward",0,-6449.564694987679,827.1044685576015,5622.460205830078,2.06e-05,0.0,220.50301421638062,220.50300906638063,0.22001982160555006,0.05649157581764123,0.22001982160555006,0.22001982160555006,1.0,0,0.0,222,22.540021678993213,1603.7432307830027,0.9442132441186303,0.8
main,v040,LOSO-nes-f0,secondary,LOSO,nested,0,A,Centralized PPO|central_nr_seed77/ppo_multi_site.zip,Centralized PPO,77,L,"Aug 2026, current reward",1,-2110.1842095646716,477.1794518567267,1629.3600395079447,0.6447182,3.0,203.77271105874036,203.61153150874037,0.06442021803766106,0.023785926660059464,0.06442021803766106,0.06442021803766106,0.2576808721506442,33,3.1397423191278495,65,19.829008434806454,302.38541957956386,0.9355692510297153,0.8
main,v040,LOSO-nes-f0,secondary,LOSO,nested,0,A,Centralized PPO|central_nr_seed77/ppo_multi_site.zip,Centralized PPO,77,L,"Aug 2026, current reward",2,-285.3978943212564,285.3978943212564,0.0,0.0,0.0,207.1596652387821,207.1596652387821,0.0,0.0,0.0,0.0,0.0,0,0.0,0,0.0,0.0,0.0,0.8
main,v040,LOSO-nes-f0,secondary,LOSO,nested,0,A,Centralized PPO|central_nr_seed77/ppo_multi_site.zip,Centralized PPO,77,L,"Aug 2026, current reward",3,-164.84558623109876,137.84558623109876,27.0,0.0,0.0,207.2423125911026,207.2423125911026,0.0009910802775024777,0.0009910802775024777,0.0,0.0009910802775024777,0.0,0,0.0,1,3.2475083125733666,3.2475083125733666,1.0,0.8
main,v040,LOSO-nes-f0,secondary,LOSO,nested,0,A,Centralized PPO|central_nr_seed77/ppo_multi_site.zip,Centralized PPO,77,L,"Aug 2026, current reward",4,-11891.863123858871,691.1296155269229,11193.383694931948,1.0998134,6.25,291.2593506490869,290.98439729908694,0.4261645193260654,0.23290386521308226,0.4261645193260654,0.4261645193260654,0.798810703666997,57,5.423191278493558,430,42.20787155490308,1603.7432307830027,0.9677041623978253,0.8
main,v040,LOSO-nes-f0,secondary,LOSO,nested,0,A,Centralized PPO|central_nr_seed77/ppo_multi_site.zip,Centralized PPO,77,L,"Aug 2026, current reward",5,-443.50485080580836,443.50485080580836,0.0,0.0,0.0,207.11606339401706,207.11606339401706,0.0,0.0,0.0,0.0,0.0,0,0.0,0,0.0,0.0,0.0,0.8
main,v040,LOSO-nes-f0,secondary,LOSO,nested,0,A,Centralized PPO|central_nr_seed77/ppo_multi_site.zip,Centralized PPO,77,L,"Aug 2026, current reward",6,-2281.364548614225,970.4547004931246,1301.2005069211002,0.8343412,8.875,217.99603810409113,217.78745280409115,0.049554013875123884,0.02180376610505451,0.049554013875123884,0.049554013875123884,0.048562933597621406,44,4.186323092170466,50,172.2974446149096,1603.7432307830027,0.9674670046140668,0.8
main,v040,LOSO-nes-f0,secondary,LOSO,nested,0,A,Centralized PPO|central_nr_seed77/ppo_multi_site.zip,Centralized PPO,77,L,"Aug 2026, current reward",7,-758.278582199907,758.278582199907,0.0,0.0,0.0,207.0030482598367,207.0030482598367,0.0,0.0,0.0,0.0,0.0,0,0.0,0,0.0,0.0,0.0,0.8
main,v040,LOSO-nes-f0,secondary,LOSO,nested,0,A,Centralized PPO|central_nr_seed77/ppo_multi_site.zip,Centralized PPO,77,L,"Aug 2026, current reward",8,-402.1442984541981,402.1442984541981,0.0,0.0,0.0,207.1148282164695,207.1148282164695,0.0,0.0,0.0,0.0,0.0,0,0.0,0,0.0,0.0,0.0,0.8
main,v040,LOSO-nes-f0,secondary,LOSO,nested,0,A,Centralized PPO|central_nr_seed77/ppo_multi_site.zip,Centralized PPO,77,L,"Aug 2026, current reward",9,-458.94590795294357,80.94590795294356,378.0,0.0,0.0,207.27798845535966,207.27798845535966,0.036669970267591674,0.036669970267591674,0.0,0.013875123885034688,0.0,0,0.0,37,6.525420240620031,71.8121952661898,0.42732080292380503,0.8
main,v040,LOSO-nes-f0,secondary,LOSO,nested,0,A,Centralized PPO|ppo_multi_site_seed42_20260515T234034/ppo_multi_site.zip,Centralized PPO,42,L,"May 2026, pre-781c90c reward",all,-16793.8358985144,5571.658099705287,11203.959924409115,1.5928744,16.625,2122.294730859262,2121.896512259262,0.04578790882061447,0.01962338949454906,0.04202180376610506,0.04350842418235877,0.14727452923686818,84,0.7992071357779981,462,84.67460421279527,2301.4961221374974,0.9073077933372682,0.79
main,v040,LOSO-nes-f0,secondary,LOSO,nested,0,A,Centralized PPO|ppo_multi_site_seed42_20260515T234034/ppo_multi_site.zip,Centralized PPO,42,L,"May 2026, pre-781c90c reward",0,-6449.564694987679,827.1044685576015,5622.460205830078,2.06e-05,0.0,220.50301421638062,220.50300906638063,0.22001982160555006,0.05649157581764123,0.22001982160555006,0.22001982160555006,1.0,0,0.0,222,22.540021678993213,1603.7432307830027,0.9442132441186303,0.79
main,v040,LOSO-nes-f0,secondary,LOSO,nested,0,A,Centralized PPO|ppo_multi_site_seed42_20260515T234034/ppo_multi_site.zip,Centralized PPO,42,L,"May 2026, pre-781c90c reward",1,-869.3226350929075,869.3226350929075,0.0,0.0,0.0,207.06233983456252,207.06233983456252,0.0,0.0,0.0,0.0,0.0,0,0.0,0,0.0,0.0,0.0,0.79
main,v040,LOSO-nes-f0,secondary,LOSO,nested,0,A,Centralized PPO|ppo_multi_site_seed42_20260515T234034/ppo_multi_site.zip,Centralized PPO,42,L,"May 2026, pre-781c90c reward",2,-285.3978943212564,285.3978943212564,0.0,0.0,0.0,207.1596652387821,207.1596652387821,0.0,0.0,0.0,0.0,0.0,0,0.0,0,0.0,0.0,0.0,0.79
main,v040,LOSO-nes-f0,secondary,LOSO,nested,0,A,Centralized PPO|ppo_multi_site_seed42_20260515T234034/ppo_multi_site.zip,Centralized PPO,42,L,"May 2026, pre-781c90c reward",3,-164.84558623109876,137.84558623109876,27.0,0.0,0.0,207.2423125911026,207.2423125911026,0.0009910802775024777,0.0009910802775024777,0.0,0.0009910802775024777,0.0,0,0.0,1,3.2475083125733666,3.2475083125733666,1.0,0.79
main,v040,LOSO-nes-f0,secondary,LOSO,nested,0,A,Centralized PPO|ppo_multi_site_seed42_20260515T234034/ppo_multi_site.zip,Centralized PPO,42,L,"May 2026, pre-781c90c reward",4,-3454.1247917856645,991.1944225251139,2459.60025346055,0.4551158,2.875,240.83725969654873,240.72348074654874,0.09117938553022795,0.07135777998017839,0.09117938553022795,0.09117938553022795,0.08325074331020813,25,2.3785926660059467,92,349.18693663134445,2301.4961221374974,0.9911595121233878,0.79
main,v040,LOSO-nes-f0,secondary,LOSO,nested,0,A,Centralized PPO|ppo_multi_site_seed42_20260515T234034/ppo_multi_site.zip,Centralized PPO,42,L,"May 2026, pre-781c90c reward",5,-443.50485080580836,443.50485080580836,0.0,0.0,0.0,207.11606339401706,207.11606339401706,0.0,0.0,0.0,0.0,0.0,0,0.0,0,0.0,0.0,0.0,0.79
main,v040,LOSO-nes-f0,secondary,LOSO,nested,0,A,Centralized PPO|ppo_multi_site_seed42_20260515T234034/ppo_multi_site.zip,Centralized PPO,42,L,"May 2026, pre-781c90c reward",6,-956.8470664123463,956.8470664123463,0.0,0.0,0.0,206.98977289917428,206.98977289917428,0.0,0.0,0.0,0.0,0.0,0,0.0,0,0.0,0.0,0.0,0.79
main,v040,LOSO-nes-f0,secondary,LOSO,nested,0,A,Centralized PPO|ppo_multi_site_seed42_20260515T234034/ppo_multi_site.zip,Centralized PPO,42,L,"May 2026, pre-781c90c reward",7,-3309.1381724704997,577.3509693520127,2716.8994651184867,1.137738,13.75,210.99148631686506,210.7070518168651,0.10901883052527254,0.030723488602576808,0.10901883052527254,0.10901883052527254,0.38949454905847375,59,5.613478691774034,110,15.871782784324736,1603.7432307830027,0.9233028682177233,0.79
main,v040,LOSO-nes-f0,secondary,LOSO,nested,0,A,Centralized PPO|ppo_multi_site_seed42_20260515T234034/ppo_multi_site.zip,Centralized PPO,42,L,"May 2026, pre-781c90c reward",8,-402.1442984541981,402.1442984541981,0.0,0.0,0.0,207.1148282164695,207.1148282164695,0.0,0.0,0.0,0.0,0.0,0,0.0,0,0.0,0.0,0.0,0.79
main,v040,LOSO-nes-f0,secondary,LOSO,nested,0,A,Centralized PPO|ppo_multi_site_seed42_20260515T234034/ppo_multi_site.zip,Centralized PPO,42,L,"May 2026, pre-781c90c reward",9,-458.94590795294357,80.94590795294356,378.0,0.0,0.0,207.27798845535966,207.27798845535966,0.036669970267591674,0.036669970267591674,0.0,0.013875123885034688,0.0,0,0.0,37,6.525420240620031,71.8121952661898,0.42732080292380503,0.79
main,v040,LOSO-nes-f0,secondary,LOSO,nested,0,A,Centralized PPO|ppo_multi_site_seed7_20260516T092256/ppo_multi_site.zip,Centralized PPO,7,L,"May 2026, pre-781c90c reward",all,-7198.269922951045,6087.799355551046,1107.0,0.7205674,2.75,2069.69582535667,2069.51568350667,0.006342913776015857,0.004360753221010902,0.002576808721506442,0.004063429137760159,0.009217046580773042,36,0.34251734390485633,64,69.20935394002714,1578.8177945367433,0.6689198391903248,0.78
main,v040,LOSO-nes-f0,secondary,LOSO,nested,0,A,Centralized PPO|ppo_multi_site_seed7_20260516T092256/ppo_multi_site.zip,Centralized PPO,7,L,"May 2026, pre-781c90c reward",0,-1322.4870855792624,1322.4870855792624,0.0,0.0,0.0,206.93139296925,206.93139296925,0.0,0.0,0.0,0.0,0.0,0,0.0,0,0.0,0.0,0.0,0.78
main,v040,LOSO-nes-f0,secondary,LOSO,nested,0,A,Centralized PPO|ppo_multi_site_seed7_20260516T092256/ppo_multi_site.zip,Centralized PPO,7,L,"May 2026, pre-781c90c reward",1,-858.8214570396162,776.6809848396163,81.0,0.2654722,0.875,204.49327175294093,204.42690370294093,0.002973240832507433,0.0009910802775024777,0.002973240832507433,0.002973240832507433,0.02973240832507433,14,1.33201189296333,3,1.3845715880624054,1.4213917743330218,1.0,0.78
main,v040,LOSO-nes-f0,secondary,LOSO,nested,0,A,Centralized PPO|ppo_multi_site_seed7_20260516T092256/ppo_multi_site.zip,Centralized PPO,7,L,"May 2026, pre-781c90c reward",2,-285.3978943212564,285.3978943212564,0.0,0.0,0.0,207.1596652387821,207.1596652387821,0.0,0.0,0.0,0.0,0.0,0,0.0,0,0.0,0.0,0.0,0.78
main,v040,LOSO-nes-f0,secondary,LOSO,nested,0,A,Centralized PPO|ppo_multi_site_seed7_20260516T092256/ppo_multi_site.zip,Centralized PPO,7,L,"May 2026, pre-781c90c reward",3,-164.84558623109876,137.84558623109876,27.0,0.0,0.0,207.2423125911026,207.2423125911026,0.0009910802775024777,0.0009910802775024777,0.0,0.0009910802775024777,0.0,0,0.0,1,3.2475083125733666,3.2475083125733666,1.0,0.78
main,v040,LOSO-nes-f0,secondary,LOSO,nested,0,A,Centralized PPO|ppo_multi_site_seed7_20260516T092256/ppo_multi_site.zip,Centralized PPO,7,L,"May 2026, pre-781c90c reward",4,-956.6551647701882,956.6551647701882,0.0,0.0,0.0,207.0060707279047,207.0060707279047,0.0,0.0,0.0,0.0,0.0,0,0.0,0,0.0,0.0,0.0,0.78
main,v040,LOSO-nes-f0,secondary,LOSO,nested,0,A,Centralized PPO|ppo_multi_site_seed7_20260516T092256/ppo_multi_site.zip,Centralized PPO,7,L,"May 2026, pre-781c90c reward",5,-923.7494012467191,409.37015524671915,513.0,0.379246,1.0,206.95499310884537,206.86018160884538,0.018830525272547076,0.002973240832507433,0.018830525272547076,0.018830525272547076,0.05946481665014866,19,1.8077304261645195,19,1.4294030843123195,1.7030429867548669,1.0,0.78
main,v040,LOSO-nes-f0,secondary,LOSO,nested,0,A,Centralized PPO|ppo_multi_site_seed7_20260516T092256/ppo_multi_site.zip,Centralized PPO,7,L,"May 2026, pre-781c90c reward",6,-956.8470664123463,956.8470664123463,0.0,0.0,0.0,206.98977289917428,206.98977289917428,0.0,0.0,0.0,0.0,0.0,0,0.0,0,0.0,0.0,0.0,0.78
main,v040,LOSO-nes-f0,secondary,LOSO,nested,0,A,Centralized PPO|ppo_multi_site_seed7_20260516T092256/ppo_multi_site.zip,Centralized PPO,7,L,"May 2026, pre-781c90c reward",7,-786.2344853504435,758.6965607504435,27.0,0.0379246,0.5,207.23951563276694,207.23003448276694,0.0009910802775024777,0.0,0.0009910802775024777,0.0009910802775024777,0.0009910802775024777,1,0.09514370664023787,1,1.355790890351934,1.355790890351934,1.0,0.78
main,v040,LOSO-nes-f0,secondary,LOSO,nested,0,A,Centralized PPO|ppo_multi_site_seed7_20260516T092256/ppo_multi_site.zip,Centralized PPO,7,L,"May 2026, pre-781c90c reward",8,-484.2858740471711,402.8729494471711,81.0,0.0379246,0.375,208.40084198054336,208.39136083054336,0.002973240832507433,0.0019821605550049554,0.002973240832507433,0.002973240832507433,0.0019821605550049554,2,0.19028741328047574,3,1384.0141435632495,1578.8177945367433,1.0,0.78
main,v040,LOSO-nes-f0,secondary,LOSO,nested,0,A,Centralized PPO|ppo_multi_site_seed7_20260516T092256/ppo_multi_site.zip,Centralized PPO,7,L,"May 2026, pre-781c90c reward",9,-458.94590795294357,80.94590795294356,378.0,0.0,0.0,207.27798845535966,207.27798845535966,0.036669970267591674,0.036669970267591674,0.0,0.013875123885034688,0.0,0,0.0,37,6.525420240620031,71.8121952661898,0.42732080292380503,0.78
main,v040,LOSO-nes-f0,secondary,LOSO,nested,0,A,Centralized PPO|ppo_multi_site_seed13_20260516T092257/ppo_multi_site.zip,Centralized PPO,13,L,"May 2026, pre-781c90c reward",all,-18429.99568333974,5630.885130264705,12787.116000875034,1.7445522000000002,10.25,2166.840374618072,2166.4042365680725,0.05113974231912785,0.03181367690782953,0.047373637264618434,0.04886025768087215,0.11070366699702676,92,0.8753221010901883,516,134.4510848904833,2384.262057332388,0.9250931584057144,0.79
main,v040,LOSO-nes-f0,secondary,LOSO,nested,0,A,Centralized PPO|ppo_multi_site_seed13_20260516T092257/ppo_multi_site.zip,Centralized PPO,13,L,"May 2026, pre-781c90c reward",0,-1322.4870855792624,1322.4870855792624,0.0,0.0,0.0,206.93139296925,206.93139296925,0.0,0.0,0.0,0.0,0.0,0,0.0,0,0.0,0.0,0.0,0.79
main,v040,LOSO-nes-f0,secondary,LOSO,nested,0,A,Centralized PPO|ppo_multi_site_seed13_20260516T092257/ppo_multi_site.zip,Centralized PPO,13,L,"May 2026, pre-781c90c reward",1,-2320.3069900250775,888.5035932250778,1431.0,0.3033968,0.5,224.2235829946252,224.14773379462517,0.05252725470763132,0.04162537165510406,0.05252725470763132,0.05252725470763132,0.04558969276511397,16,1.522299306243806,53,177.72961135707294,1603.7432307830027,1.0,0.79
main,v040,LOSO-nes-f0,secondary,LOSO,nested,0,A,Centralized PPO|ppo_multi_site_seed13_20260516T092257/ppo_multi_site.zip,Centralized PPO,13,L,"May 2026, pre-781c90c reward",2,-285.3978943212564,285.3978943212564,0.0,0.0,0.0,207.1596652387821,207.1596652387821,0.0,0.0,0.0,0.0,0.0,0,0.0,0,0.0,0.0,0.0,0.79
main,v040,LOSO-nes-f0,secondary,LOSO,nested,0,A,Centralized PPO|ppo_multi_site_seed13_20260516T092257/ppo_multi_site.zip,Centralized PPO,13,L,"May 2026, pre-781c90c reward",3,-164.84558623109876,137.84558623109876,27.0,0.0,0.0,207.2423125911026,207.2423125911026,0.0009910802775024777,0.0009910802775024777,0.0,0.0009910802775024777,0.0,0,0.0,1,3.2475083125733666,3.2475083125733666,1.0,0.79
main,v040,LOSO-nes-f0,secondary,LOSO,nested,0,A,Centralized PPO|ppo_multi_site_seed13_20260516T092257/ppo_multi_site.zip,Centralized PPO,13,L,"May 2026, pre-781c90c reward",4,-968.8824301546006,556.4253830940503,407.6002534605501,0.6067936,4.25,190.32527123324712,190.17357283324714,0.015857284440039643,0.005946481665014866,0.015857284440039643,0.015857284440039643,0.19425173439048563,32,3.044598612487612,16,38.94046998121752,302.35582121454627,0.9491671947094793,0.79
main,v040,LOSO-nes-f0,secondary,LOSO,nested,0,A,Centralized PPO|ppo_multi_site_seed13_20260516T092257/ppo_multi_site.zip,Centralized PPO,13,L,"May 2026, pre-781c90c reward",5,-443.50485080580836,443.50485080580836,0.0,0.0,0.0,207.11606339401706,207.11606339401706,0.0,0.0,0.0,0.0,0.0,0,0.0,0,0.0,0.0,0.0,0.79
main,v040,LOSO-nes-f0,secondary,LOSO,nested,0,A,Centralized PPO|ppo_multi_site_seed13_20260516T092257/ppo_multi_site.zip,Centralized PPO,13,L,"May 2026, pre-781c90c reward",6,-11003.823081594317,751.9617461798334,10246.515747414483,0.720588,4.625,299.34052773501026,299.1603807350102,0.39444995044598613,0.2259663032705649,0.39444995044598613,0.39444995044598613,0.8592666005946482,38,3.615460852329039,398,144.04809240558885,2384.262057332388,0.9581671480246636,0.79
main,v040,LOSO-nes-f0,secondary,LOSO,nested,0,A,Centralized PPO|ppo_multi_site_seed13_20260516T092257/ppo_multi_site.zip,Centralized PPO,13,L,"May 2026, pre-781c90c reward",7,-1059.6575582211765,761.6687844211765,297.0,0.11377380000000001,0.875,210.10874179020882,210.08029834020883,0.010901883052527254,0.006937561942517344,0.010901883052527254,0.010901883052527254,0.007928642220019821,6,0.5708622398414271,11,159.83764065683079,1141.859630684679,1.0,0.79
main,v040,LOSO-nes-f0,secondary,LOSO,nested,0,A,Centralized PPO|ppo_multi_site_seed13_20260516T092257/ppo_multi_site.zip,Centralized PPO,13,L,"May 2026, pre-781c90c reward",8,-402.1442984541981,402.1442984541981,0.0,0.0,0.0,207.1148282164695,207.1148282164695,0.0,0.0,0.0,0.0,0.0,0,0.0,0,0.0,0.0,0.0,0.79
main,v040,LOSO-nes-f0,secondary,LOSO,nested,0,A,Centralized PPO|ppo_multi_site_seed13_20260516T092257/ppo_multi_site.zip,Centralized PPO,13,L,"May 2026, pre-781c90c reward",9,-458.94590795294357,80.94590795294356,378.0,0.0,0.0,207.27798845535966,207.27798845535966,0.036669970267591674,0.036669970267591674,0.0,0.013875123885034688,0.0,0,0.0,37,6.525420240620031,71.8121952661898,0.42732080292380503,0.79
main,v040,LOSO-nes-f0,secondary,LOSO,nested,0,A,Centralized PPO|ppo_multi_site_seed99_20260516T092259/ppo_multi_site.zip,Centralized PPO,99,L,"May 2026, pre-781c90c reward",all,-7511.566033592881,5714.475945382338,1789.5394256105421,1.1756626,6.375,2049.272717068421,2048.9788014184214,0.009316154608523291,0.005847373637264618,0.005550049554013875,0.007036669970267592,0.04618434093161546,61,0.580376610505451,94,20.43194887246055,1603.7432307830027,0.729384935055307,0.78
main,v040,LOSO-nes-f0,secondary,LOSO,nested,0,A,Centralized PPO|ppo_multi_site_seed99_20260516T092259/ppo_multi_site.zip,Centralized PPO,99,L,"May 2026, pre-781c90c reward",0,-1322.4870855792624,1322.4870855792624,0.0,0.0,0.0,206.93139296925,206.93139296925,0.0,0.0,0.0,0.0,0.0,0,0.0,0,0.0,0.0,0.0,0.78
main,v040,LOSO-nes-f0,secondary,LOSO,nested,0,A,Centralized PPO|ppo_multi_site_seed99_20260516T092259/ppo_multi_site.zip,Centralized PPO,99,L,"May 2026, pre-781c90c reward",1,-869.3226350929075,869.3226350929075,0.0,0.0,0.0,207.06233983456252,207.06233983456252,0.0,0.0,0.0,0.0,0.0,0,0.0,0,0.0,0.0,0.0,0.78
main,v040,LOSO-nes-f0,secondary,LOSO,nested,0,A,Centralized PPO|ppo_multi_site_seed99_20260516T092259/ppo_multi_site.zip,Centralized PPO,99,L,"May 2026, pre-781c90c reward",2,-285.3978943212564,285.3978943212564,0.0,0.0,0.0,207.1596652387821,207.1596652387821,0.0,0.0,0.0,0.0,0.0,0,0.0,0,0.0,0.0,0.0,0.78
main,v040,LOSO-nes-f0,secondary,LOSO,nested,0,A,Centralized PPO|ppo_multi_site_seed99_20260516T092259/ppo_multi_site.zip,Centralized PPO,99,L,"May 2026, pre-781c90c reward",3,-164.84558623109876,137.84558623109876,27.0,0.0,0.0,207.2423125911026,207.2423125911026,0.0009910802775024777,0.0009910802775024777,0.0,0.0009910802775024777,0.0,0,0.0,1,3.2475083125733666,3.2475083125733666,1.0,0.78
main,v040,LOSO-nes-f0,secondary,LOSO,nested,0,A,Centralized PPO|ppo_multi_site_seed99_20260516T092259/ppo_multi_site.zip,Centralized PPO,99,L,"May 2026, pre-781c90c reward",4,-956.6551647701882,956.6551647701882,0.0,0.0,0.0,207.0060707279047,207.0060707279047,0.0,0.0,0.0,0.0,0.0,0,0.0,0,0.0,0.0,0.0,0.78
main,v040,LOSO-nes-f0,secondary,LOSO,nested,0,A,Centralized PPO|ppo_multi_site_seed99_20260516T092259/ppo_multi_site.zip,Centralized PPO,99,L,"May 2026, pre-781c90c reward",5,-443.50485080580836,443.50485080580836,0.0,0.0,0.0,207.11606339401706,207.11606339401706,0.0,0.0,0.0,0.0,0.0,0,0.0,0,0.0,0.0,0.0,0.78
main,v040,LOSO-nes-f0,secondary,LOSO,nested,0,A,Centralized PPO|ppo_multi_site_seed99_20260516T092259/ppo_multi_site.zip,Centralized PPO,99,L,"May 2026, pre-781c90c reward",6,-1011.3283064440494,654.9501583177548,352.5592791262946,0.5688690000000001,3.25,193.65821296958484,193.51599571958485,0.014866204162537165,0.004955401387512388,0.014866204162537165,0.014866204162537165,0.19425173439048563,30,2.8543111992071357,15,1.2701848715455955,1.7030429867548669,0.8834650647250991,0.78
main,v040,LOSO-nes-f0,secondary,LOSO,nested,0,A,Centralized PPO|ppo_multi_site_seed99_20260516T092259/ppo_multi_site.zip,Centralized PPO,99,L,"May 2026, pre-781c90c reward",7,-1596.9343039411674,561.22236385692,1031.9801464842476,0.6067936,3.125,198.70384267138817,198.55214427138816,0.040634291377601585,0.015857284440039643,0.040634291377601585,0.040634291377601585,0.267591674925669,31,2.949454905847374,41,40.41127716396568,1603.7432307830027,0.9390082491741849,0.78
main,v040,LOSO-nes-f0,secondary,LOSO,nested,0,A,Centralized PPO|ppo_multi_site_seed99_20260516T092259/ppo_multi_site.zip,Centralized PPO,99,L,"May 2026, pre-781c90c reward",8,-402.1442984541981,402.1442984541981,0.0,0.0,0.0,207.1148282164695,207.1148282164695,0.0,0.0,0.0,0.0,0.0,0,0.0,0,0.0,0.0,0.0,0.78
main,v040,LOSO-nes-f0,secondary,LOSO,nested,0,A,Centralized PPO|ppo_multi_site_seed99_20260516T092259/ppo_multi_site.zip,Centralized PPO,99,L,"May 2026, pre-781c90c reward",9,-458.94590795294357,80.94590795294356,378.0,0.0,0.0,207.27798845535966,207.27798845535966,0.036669970267591674,0.036669970267591674,0.0,0.013875123885034688,0.0,0,0.0,37,6.525420240620031,71.8121952661898,0.42732080292380503,0.78
main,v040,LOSO-nes-f0,secondary,LOSO,nested,0,A,Centralized PPO|ppo_multi_site_seed7_20260517T003435/best_model.zip,Centralized PPO,7,L,"May 2026, pre-781c90c reward; run has no final save (best_model.zip only)",all,-33039.582759975434,5372.90252776328,27618.483298412153,3.0719338,45.125,2260.6433970234757,2259.8754135734753,0.10812685827552032,0.055599603567889,0.1043607532210109,0.10584737363726462,0.2578790882061447,162,1.5413280475718534,1091,66.74083526402602,3468.306858912769,0.9433794497298373,0.8
main,v040,LOSO-nes-f0,secondary,LOSO,nested,0,A,Centralized PPO|ppo_multi_site_seed7_20260517T003435/best_model.zip,Centralized PPO,7,L,"May 2026, pre-781c90c reward; run has no final save (best_model.zip only)",0,-6449.564694987679,827.1044685576015,5622.460205830078,2.06e-05,0.0,220.50301421638062,220.50300906638063,0.22001982160555006,0.05649157581764123,0.22001982160555006,0.22001982160555006,1.0,0,0.0,222,22.540021678993213,1603.7432307830027,0.9442132441186303,0.8
main,v040,LOSO-nes-f0,secondary,LOSO,nested,0,A,Centralized PPO|ppo_multi_site_seed7_20260517T003435/best_model.zip,Centralized PPO,7,L,"May 2026, pre-781c90c reward; run has no final save (best_model.zip only)",1,-869.3226350929075,869.3226350929075,0.0,0.0,0.0,207.06233983456252,207.06233983456252,0.0,0.0,0.0,0.0,0.0,0,0.0,0,0.0,0.0,0.0,0.8
main,v040,LOSO-nes-f0,secondary,LOSO,nested,0,A,Centralized PPO|ppo_multi_site_seed7_20260517T003435/best_model.zip,Centralized PPO,7,L,"May 2026, pre-781c90c reward; run has no final save (best_model.zip only)",2,-1621.9327289589785,290.2339669352811,1326.3798930236974,0.5688690000000001,4.75,215.60443818468323,215.46222093468324,0.05054509415262636,0.01684836471754212,0.05054509415262636,0.05054509415262636,0.10901883052527254,30,2.8543111992071357,51,38.73472454323493,1603.7432307830027,0.9669149627605865,0.8
main,v040,LOSO-nes-f0,secondary,LOSO,nested,0,A,Centralized PPO|ppo_multi_site_seed7_20260517T003435/best_model.zip,Centralized PPO,7,L,"May 2026, pre-781c90c reward; run has no final save (best_model.zip only)",3,-164.84558623109876,137.84558623109876,27.0,0.0,0.0,207.2423125911026,207.2423125911026,0.0009910802775024777,0.0009910802775024777,0.0,0.0009910802775024777,0.0,0,0.0,1,3.2475083125733666,3.2475083125733666,1.0,0.8
main,v040,LOSO-nes-f0,secondary,LOSO,nested,0,A,Centralized PPO|ppo_multi_site_seed7_20260517T003435/best_model.zip,Centralized PPO,7,L,"May 2026, pre-781c90c reward; run has no final save (best_model.zip only)",4,-16451.79965704652,773.8156880540218,15677.983948392499,2.06e-05,0.0,360.48182789596916,360.48182274596917,0.5916749256689792,0.39444995044598613,0.5916749256689792,0.5916749256689792,1.0,0,0.0,597,99.13330247702991,3468.306858912769,0.9753759881849526,0.8
main,v040,LOSO-nes-f0,secondary,LOSO,nested,0,A,Centralized PPO|ppo_multi_site_seed7_20260517T003435/best_model.zip,Centralized PPO,7,L,"May 2026, pre-781c90c reward; run has no final save (best_model.zip only)",5,-443.50485080580836,443.50485080580836,0.0,0.0,0.0,207.11606339401706,207.11606339401706,0.0,0.0,0.0,0.0,0.0,0,0.0,0,0.0,0.0,0.0,0.8
main,v040,LOSO-nes-f0,secondary,LOSO,nested,0,A,Centralized PPO|ppo_multi_site_seed7_20260517T003435/best_model.zip,Centralized PPO,7,L,"May 2026, pre-781c90c reward; run has no final save (best_model.zip only)",6,-956.8470664123463,956.8470664123463,0.0,0.0,0.0,206.98977289917428,206.98977289917428,0.0,0.0,0.0,0.0,0.0,0,0.0,0,0.0,0.0,0.0,0.8
main,v040,LOSO-nes-f0,secondary,LOSO,nested,0,A,Centralized PPO|ppo_multi_site_seed7_20260517T003435/best_model.zip,Centralized PPO,7,L,"May 2026, pre-781c90c reward; run has no final save (best_model.zip only)",7,-5220.675334032954,591.1380592670729,4586.659251165882,2.5030236000000006,40.375,221.25081133575674,220.62505543575674,0.18136769078295342,0.05054509415262636,0.18136769078295342,0.18136769078295342,0.4697720515361744,132,12.558969276511398,183,35.01434903064777,2384.262057332388,0.9354570585001606,0.8
main,v040,LOSO-nes-f0,secondary,LOSO,nested,0,A,Centralized PPO|ppo_multi_site_seed7_20260517T003435/best_model.zip,Centralized PPO,7,L,"May 2026, pre-781c90c reward; run has no final save (best_model.zip only)",8,-402.1442984541981,402.1442984541981,0.0,0.0,0.0,207.1148282164695,207.1148282164695,0.0,0.0,0.0,0.0,0.0,0,0.0,0,0.0,0.0,0.0,0.8
main,v040,LOSO-nes-f0,secondary,LOSO,nested,0,A,Centralized PPO|ppo_multi_site_seed7_20260517T003435/best_model.zip,Centralized PPO,7,L,"May 2026, pre-781c90c reward; run has no final save (best_model.zip only)",9,-458.94590795294357,80.94590795294356,378.0,0.0,0.0,207.27798845535966,207.27798845535966,0.036669970267591674,0.036669970267591674,0.0,0.013875123885034688,0.0,0,0.0,37,6.525420240620031,71.8121952661898,0.42732080292380503,0.8
main,v040,LOSO-nes-f0,secondary,LOSO,nested,0,A,Centralized PPO|ppo_multi_site_seed13_20260517T003435/best_model.zip,Centralized PPO,13,L,"May 2026, pre-781c90c reward; run has no final save (best_model.zip only)",all,-32172.142909767437,5096.667148729164,26990.230898838272,5.1198622,80.125,2248.801587611119,2247.5216220611187,0.1068384539147671,0.05728444003964321,0.10307234886025768,0.1045589692765114,0.23944499504459862,269,2.559365708622398,1078,80.15624904025476,2384.262057332388,0.9341235927669663,0.79
main,v040,LOSO-nes-f0,secondary,LOSO,nested,0,A,Centralized PPO|ppo_multi_site_seed13_20260517T003435/best_model.zip,Centralized PPO,13,L,"May 2026, pre-781c90c reward; run has no final save (best_model.zip only)",0,-990.1301660789361,824.1595986789362,162.0,0.7205674,3.25,180.22536307808838,180.0452212280884,0.005946481665014866,0.0,0.005946481665014866,0.005946481665014866,0.26560951437066405,38,3.615460852329039,6,1.4026990002091297,1.4213917743330218,1.0,0.79
main,v040,LOSO-nes-f0,secondary,LOSO,nested,0,A,Centralized PPO|ppo_multi_site_seed13_20260517T003435/best_model.zip,Centralized PPO,13,L,"May 2026, pre-781c90c reward; run has no final save (best_model.zip only)",1,-869.3226350929075,869.3226350929075,0.0,0.0,0.0,207.06233983456252,207.06233983456252,0.0,0.0,0.0,0.0,0.0,0,0.0,0,0.0,0.0,0.0,0.79
main,v040,LOSO-nes-f0,secondary,LOSO,nested,0,A,Centralized PPO|ppo_multi_site_seed13_20260517T003435/best_model.zip,Centralized PPO,13,L,"May 2026, pre-781c90c reward; run has no final save (best_model.zip only)",2,-285.3978943212564,285.3978943212564,0.0,0.0,0.0,207.1596652387821,207.1596652387821,0.0,0.0,0.0,0.0,0.0,0,0.0,0,0.0,0.0,0.0,0.79
main,v040,LOSO-nes-f0,secondary,LOSO,nested,0,A,Centralized PPO|ppo_multi_site_seed13_20260517T003435/best_model.zip,Centralized PPO,13,L,"May 2026, pre-781c90c reward; run has no final save (best_model.zip only)",3,-164.84558623109876,137.84558623109876,27.0,0.0,0.0,207.2423125911026,207.2423125911026,0.0009910802775024777,0.0009910802775024777,0.0,0.0009910802775024777,0.0,0,0.0,1,3.2475083125733666,3.2475083125733666,1.0,0.79
main,v040,LOSO-nes-f0,secondary,LOSO,nested,0,A,Centralized PPO|ppo_multi_site_seed13_20260517T003435/best_model.zip,Centralized PPO,13,L,"May 2026, pre-781c90c reward; run has no final save (best_model.zip only)",4,-2274.957924783721,547.1803991415209,1711.4010138422004,1.2515118,15.125,196.71530393447728,196.40242598447725,0.06640237859266601,0.01684836471754212,0.06640237859266601,0.06640237859266601,0.32210109018830524,65,6.184340931615461,67,49.15822573275711,1603.7432307830027,0.9514432904687563,0.79
main,v040,LOSO-nes-f0,secondary,LOSO,nested,0,A,Centralized PPO|ppo_multi_site_seed13_20260517T003435/best_model.zip,Centralized PPO,13,L,"May 2026, pre-781c90c reward; run has no final save (best_model.zip only)",5,-443.50485080580836,443.50485080580836,0.0,0.0,0.0,207.11606339401706,207.11606339401706,0.0,0.0,0.0,0.0,0.0,0,0.0,0,0.0,0.0,0.0,0.79
main,v040,LOSO-nes-f0,secondary,LOSO,nested,0,A,Centralized PPO|ppo_multi_site_seed13_20260517T003435/best_model.zip,Centralized PPO,13,L,"May 2026, pre-781c90c reward; run has no final save (best_model.zip only)",6,-10379.056265471725,716.4223952203888,9597.736107851337,3.1477624000000004,61.75,276.7810885588931,275.9941479588931,0.36967294350842417,0.17244796828543113,0.36967294350842417,0.36967294350842417,0.8067393458870169,166,15.793855302279486,373,149.79727931256986,2384.262057332388,0.9577065333200481,0.79
main,v040,LOSO-nes-f0,secondary,LOSO,nested,0,A,Centralized PPO|ppo_multi_site_seed13_20260517T003435/best_model.zip,Centralized PPO,13,L,"May 2026, pre-781c90c reward; run has no final save (best_model.zip only)",7,-15903.837380574838,789.7435828301059,15114.093777144732,2.06e-05,0.0,352.10663430936677,352.1066291593668,0.5887016848364718,0.3458870168483647,0.5887016848364718,0.5887016848364718,1.0,0,0.0,594,45.43324226682589,2384.262057332388,0.9481534106141826,0.79
main,v040,LOSO-nes-f0,secondary,LOSO,nested,0,A,Centralized PPO|ppo_multi_site_seed13_20260517T003435/best_model.zip,Centralized PPO,13,L,"May 2026, pre-781c90c reward; run has no final save (best_model.zip only)",8,-402.1442984541981,402.1442984541981,0.0,0.0,0.0,207.1148282164695,207.1148282164695,0.0,0.0,0.0,0.0,0.0,0,0.0,0,0.0,0.0,0.0,0.79
main,v040,LOSO-nes-f0,secondary,LOSO,nested,0,A,Centralized PPO|ppo_multi_site_seed13_20260517T003435/best_model.zip,Centralized PPO,13,L,"May 2026, pre-781c90c reward; run has no final save (best_model.zip only)",9,-458.94590795294357,80.94590795294356,378.0,0.0,0.0,207.27798845535966,207.27798845535966,0.036669970267591674,0.036669970267591674,0.0,0.013875123885034688,0.0,0,0.0,37,6.525420240620031,71.8121952661898,0.42732080292380503,0.79
main,v040,LOSO-nes-f0,secondary,LOSO,nested,0,A,Centralized PPO|ppo_multi_site_seed42_20260517T003436/best_model.zip,Centralized PPO,42,L,"May 2026, pre-781c90c reward; run has no final save (best_model.zip only)",all,-50748.02333466997,5691.263123506455,44978.51534896351,5.1198622,73.125,2508.6028515175694,2507.32288596757,0.17333994053518334,0.11179385530227949,0.16957383548067392,0.17106045589692764,0.27234886025768085,269,2.559365708622398,1749,160.8614167019992,3468.306858912769,0.9569438048448434,0.82
main,v040,LOSO-nes-f0,secondary,LOSO,nested,0,A,Centralized PPO|ppo_multi_site_seed42_20260517T003436/best_model.zip,Centralized PPO,42,L,"May 2026, pre-781c90c reward; run has no final save (best_model.zip only)",0,-1884.2706764523787,788.3938599075811,1088.5803999447976,0.7964165999999999,6.5,182.5236654141753,182.32456126417532,0.04360753221010902,0.009910802775024777,0.04360753221010902,0.04360753221010902,0.423191278493558,41,3.9008919722497524,44,51.40860022982454,1603.7432307830027,0.9246821211703011,0.82
main,v040,LOSO-nes-f0,secondary,LOSO,nested,0,A,Centralized PPO|ppo_multi_site_seed42_20260517T003436/best_model.zip,Centralized PPO,42,L,"May 2026, pre-781c90c reward; run has no final save (best_model.zip only)",1,-18271.640850121155,695.9465438710272,17552.639397650128,1.5549086,21.5,406.7082746807975,406.31954753079754,0.6600594648166501,0.4658077304261645,0.6600594648166501,0.6600594648166501,0.9038652130822596,81,7.706640237859267,666,294.901013046763,3468.306858912769,0.9785104803628695,0.82
main,v040,LOSO-nes-f0,secondary,LOSO,nested,0,A,Centralized PPO|ppo_multi_site_seed42_20260517T003436/best_model.zip,Centralized PPO,42,L,"May 2026, pre-781c90c reward; run has no final save (best_model.zip only)",2,-285.3978943212564,285.3978943212564,0.0,0.0,0.0,207.1596652387821,207.1596652387821,0.0,0.0,0.0,0.0,0.0,0,0.0,0,0.0,0.0,0.0,0.82
main,v040,LOSO-nes-f0,secondary,LOSO,nested,0,A,Centralized PPO|ppo_multi_site_seed42_20260517T003436/best_model.zip,Centralized PPO,42,L,"May 2026, pre-781c90c reward; run has no final save (best_model.zip only)",3,-164.84558623109876,137.84558623109876,27.0,0.0,0.0,207.2423125911026,207.2423125911026,0.0009910802775024777,0.0009910802775024777,0.0,0.0009910802775024777,0.0,0,0.0,1,3.2475083125733666,3.2475083125733666,1.0,0.82
main,v040,LOSO-nes-f0,secondary,LOSO,nested,0,A,Centralized PPO|ppo_multi_site_seed42_20260517T003436/best_model.zip,Centralized PPO,42,L,"May 2026, pre-781c90c reward; run has no final save (best_model.zip only)",4,-11284.210720357545,1099.5434842547947,10138.00126730275,2.5409688,44.125,316.8158236472136,316.1805814472136,0.37661050545094155,0.24578790882061446,0.37661050545094155,0.37661050545094155,0.36967294350842417,135,12.844400396432112,380,136.59338777631652,3468.306858912769,0.989298356780943,0.82
main,v040,LOSO-nes-f0,secondary,LOSO,nested,0,A,Centralized PPO|ppo_multi_site_seed42_20260517T003436/best_model.zip,Centralized PPO,42,L,"May 2026, pre-781c90c reward; run has no final save (best_model.zip only)",5,-443.50485080580836,443.50485080580836,0.0,0.0,0.0,207.11606339401706,207.11606339401706,0.0,0.0,0.0,0.0,0.0,0,0.0,0,0.0,0.0,0.0,0.82
main,v040,LOSO-nes-f0,secondary,LOSO,nested,0,A,Centralized PPO|ppo_multi_site_seed42_20260517T003436/best_model.zip,Centralized PPO,42,L,"May 2026, pre-781c90c reward; run has no final save (best_model.zip only)",6,-1621.2421638956146,967.2270339745144,653.2005069211002,0.189623,0.625,214.293800317469,214.246394567469,0.02576808721506442,0.01288404360753221,0.02576808721506442,0.02576808721506442,0.024777006937561942,10,0.9514370664023787,26,136.216230848288,2301.4961221374974,0.9374365473347438,0.82
main,v040,LOSO-nes-f0,secondary,LOSO,nested,0,A,Centralized PPO|ppo_multi_site_seed42_20260517T003436/best_model.zip,Centralized PPO,42,L,"May 2026, pre-781c90c reward; run has no final save (best_model.zip only)",7,-15903.837380574838,789.7435828301059,15114.093777144732,2.06e-05,0.0,352.10663430936677,352.1066291593668,0.5887016848364718,0.3458870168483647,0.5887016848364718,0.5887016848364718,1.0,0,0.0,594,45.43324226682589,2384.262057332388,0.9481534106141826,0.82
main,v040,LOSO-nes-f0,secondary,LOSO,nested,0,A,Centralized PPO|ppo_multi_site_seed42_20260517T003436/best_model.zip,Centralized PPO,42,L,"May 2026, pre-781c90c reward; run has no final save (best_model.zip only)",8,-430.1273039573247,402.71437935732473,27.0,0.0379246,0.375,207.35862346928636,207.34914231928636,0.0009910802775024777,0.0,0.0009910802775024777,0.0009910802775024777,0.0019821605550049554,2,0.19028741328047574,1,1.4213917743330218,1.4213917743330218,1.0,0.82
main,v040,LOSO-nes-f0,secondary,LOSO,nested,0,A,Centralized PPO|ppo_multi_site_seed42_20260517T003436/best_model.zip,Centralized PPO,42,L,"May 2026, pre-781c90c reward; run has no final save (best_model.zip only)",9,-458.94590795294357,80.94590795294356,378.0,0.0,0.0,207.27798845535966,207.27798845535966,0.036669970267591674,0.036669970267591674,0.0,0.013875123885034688,0.0,0,0.0,37,6.525420240620031,71.8121952661898,0.42732080292380503,0.82
main,v040,LOSO-nes-f0,secondary,LOSO,nested,0,A,Centralized PPO|ppo_multi_site_seed99_20260517T003436/best_model.zip,Centralized PPO,99,L,"May 2026, pre-781c90c reward; run has no final save (best_model.zip only)",all,-47540.64900273795,5162.281621245722,42223.13619029223,9.481191200000001,145.75,2421.4849991632977,2419.114701363298,0.16323092170465808,0.08850346878097126,0.15946481665014867,0.1609514370664024,0.32794846382556986,497,4.728642220019822,1647,211.90982882555153,3468.306858912769,0.9542493884140387,0.79
main,v040,LOSO-nes-f0,secondary,LOSO,nested,0,A,Centralized PPO|ppo_multi_site_seed99_20260517T003436/best_model.zip,Centralized PPO,99,L,"May 2026, pre-781c90c reward; run has no final save (best_model.zip only)",0,-6449.564694987679,827.1044685576015,5622.460205830078,2.06e-05,0.0,220.50301421638062,220.50300906638063,0.22001982160555006,0.05649157581764123,0.22001982160555006,0.22001982160555006,1.0,0,0.0,222,22.540021678993213,1603.7432307830027,0.9442132441186303,0.79
main,v040,LOSO-nes-f0,secondary,LOSO,nested,0,A,Centralized PPO|ppo_multi_site_seed99_20260517T003436/best_model.zip,Centralized PPO,99,L,"May 2026, pre-781c90c reward; run has no final save (best_model.zip only)",1,-10428.073887068073,578.4924898416393,9800.259504626432,3.0718926,46.25,291.2980055404166,290.53003239041664,0.3736372646184341,0.20118929633300298,0.3736372646184341,0.3736372646184341,0.5441030723488602,161,15.318136769078297,377,262.1804850250537,3468.306858912769,0.9665127767132123,0.79
main,v040,LOSO-nes-f0,secondary,LOSO,nested,0,A,Centralized PPO|ppo_multi_site_seed99_20260517T003436/best_model.zip,Centralized PPO,99,L,"May 2026, pre-781c90c reward; run has no final save (best_model.zip only)",2,-285.3978943212564,285.3978943212564,0.0,0.0,0.0,207.1596652387821,207.1596652387821,0.0,0.0,0.0,0.0,0.0,0,0.0,0,0.0,0.0,0.0,0.79
main,v040,LOSO-nes-f0,secondary,LOSO,nested,0,A,Centralized PPO|ppo_multi_site_seed99_20260517T003436/best_model.zip,Centralized PPO,99,L,"May 2026, pre-781c90c reward; run has no final save (best_model.zip only)",3,-164.84558623109876,137.84558623109876,27.0,0.0,0.0,207.2423125911026,207.2423125911026,0.0009910802775024777,0.0009910802775024777,0.0,0.0009910802775024777,0.0,0,0.0,1,3.2475083125733666,3.2475083125733666,1.0,0.79
main,v040,LOSO-nes-f0,secondary,LOSO,nested,0,A,Centralized PPO|ppo_multi_site_seed99_20260517T003436/best_model.zip,Centralized PPO,99,L,"May 2026, pre-781c90c reward; run has no final save (best_model.zip only)",4,-1117.9741309893925,952.8851037288425,164.60025346055008,0.11377380000000001,0.375,207.8640634782983,207.8356200282983,0.006937561942517344,0.0019821605550049554,0.006937561942517344,0.006937561942517344,0.017839444995044598,6,0.5708622398414271,7,1.3188246322044608,1.7030429867548669,0.8838107307645242,0.79
main,v040,LOSO-nes-f0,secondary,LOSO,nested,0,A,Centralized PPO|ppo_multi_site_seed99_20260517T003436/best_model.zip,Centralized PPO,99,L,"May 2026, pre-781c90c reward; run has no final save (best_model.zip only)",5,-12796.980246564292,547.9167026695015,12163.519572094789,5.0439718,80.5,340.91593982338327,339.6549468733832,0.45391476709613476,0.288404360753221,0.45391476709613476,0.45391476709613476,0.4132804757185332,265,25.213082259663032,458,356.8116575305916,3468.306858912769,0.9852634331946717,0.79
main,v040,LOSO-nes-f0,secondary,LOSO,nested,0,A,Centralized PPO|ppo_multi_site_seed99_20260517T003436/best_model.zip,Centralized PPO,99,L,"May 2026, pre-781c90c reward; run has no final save (best_model.zip only)",6,-13122.023040943872,788.7065125477359,12333.316507796135,2.06e-05,0.0,330.4468976312732,330.4468924812732,0.47373637264618434,0.27849355797819625,0.47373637264618434,0.47373637264618434,1.0,0,0.0,478,166.95061628076255,2384.262057332388,0.9600639126775546,0.79
main,v040,LOSO-nes-f0,secondary,LOSO,nested,0,A,Centralized PPO|ppo_multi_site_seed99_20260517T003436/best_model.zip,Centralized PPO,99,L,"May 2026, pre-781c90c reward; run has no final save (best_model.zip only)",7,-2314.6993152251507,560.8426569409032,1733.9801464842474,1.2515118000000003,18.625,201.66228397183204,201.349406021832,0.06640237859266601,0.02081268582755203,0.06640237859266601,0.06640237859266601,0.30426164519326065,65,6.184340931615461,67,25.276221606644757,1603.7432307830027,0.9626766897931579,0.79
main,v040,LOSO-nes-f0,secondary,LOSO,nested,0,A,Centralized PPO|ppo_multi_site_seed99_20260517T003436/best_model.zip,Centralized PPO,99,L,"May 2026, pre-781c90c reward; run has no final save (best_model.zip only)",8,-402.1442984541981,402.1442984541981,0.0,0.0,0.0,207.1148282164695,207.1148282164695,0.0,0.0,0.0,0.0,0.0,0,0.0,0,0.0,0.0,0.0,0.79
main,v040,LOSO-nes-f0,secondary,LOSO,nested,0,A,Centralized PPO|ppo_multi_site_seed99_20260517T003436/best_model.zip,Centralized PPO,99,L,"May 2026, pre-781c90c reward; run has no final save (best_model.zip only)",9,-458.94590795294357,80.94590795294356,378.0,0.0,0.0,207.27798845535966,207.27798845535966,0.036669970267591674,0.036669970267591674,0.0,0.013875123885034688,0.0,0,0.0,37,6.525420240620031,71.8121952661898,0.42732080292380503,0.79
main,v040,LOSO-nes-f0,secondary,LOSO,nested,0,A,IPPO|wcnc2027_ablation/ippo_seed1,IPPO,1,R,wcnc2027_ablation 2026-09-14,all,-5290.4711043740535,4318.6602310109065,945.7796395631473,3.9062338000000003,22.125,1973.225338847655,1972.2487803976546,0.005748265609514371,0.0037661050545094153,0.0022794846382556988,0.00356788899900892,0.08057482656095144,205,1.9504459861248762,58,7360.047970757534,167179.9679537396,0.6354849004835509,165.36
main,v040,LOSO-nes-f0,secondary,LOSO,nested,0,A,IPPO|wcnc2027_ablation/ippo_seed1,IPPO,1,R,wcnc2027_ablation 2026-09-14,0,-860.4387166129266,801.8923000129266,54.0,0.7964165999999999,3.75,177.34543222549405,177.14632807549407,0.0019821605550049554,0.0,0.0019821605550049554,0.0019821605550049554,0.2358771060455897,41,3.9008919722497524,2,1.3922255235189485,1.4213917743330218,1.0,165.36
main,v040,LOSO-nes-f0,secondary,LOSO,nested,0,A,IPPO|wcnc2027_ablation/ippo_seed1,IPPO,1,R,wcnc2027_ablation 2026-09-14,1,-561.0534816024754,473.9579142024754,81.0,0.7205674,5.375,193.52552652786835,193.34538467786834,0.002973240832507433,0.0,0.002973240832507433,0.002973240832507433,0.10307234886025768,38,3.615460852329039,3,1.3845715880624054,1.4213917743330218,1.0,165.36
main,v040,LOSO-nes-f0,secondary,LOSO,nested,0,A,IPPO|wcnc2027_ablation/ippo_seed1,IPPO,1,R,wcnc2027_ablation 2026-09-14,2,-285.3978943212564,285.3978943212564,0.0,0.0,0.0,207.1596652387821,207.1596652387821,0.0,0.0,0.0,0.0,0.0,0,0.0,0,0.0,0.0,0.0,165.36
main,v040,LOSO-nes-f0,secondary,LOSO,nested,0,A,IPPO|wcnc2027_ablation/ippo_seed1,IPPO,1,R,wcnc2027_ablation 2026-09-14,3,-164.84558623109876,137.84558623109876,27.0,0.0,0.0,207.2423125911026,207.2423125911026,0.0009910802775024777,0.0009910802775024777,0.0,0.0009910802775024777,0.0,0,0.0,1,3.2475083125733666,3.2475083125733666,1.0,165.36
main,v040,LOSO-nes-f0,secondary,LOSO,nested,0,A,IPPO|wcnc2027_ablation/ippo_seed1,IPPO,1,R,wcnc2027_ablation 2026-09-14,4,-696.6882472251822,560.1952274251823,135.0,0.4930198,1.0,187.56400443048338,187.44074948048336,0.004955401387512388,0.0,0.004955401387512388,0.004955401387512388,0.14271555996035679,26,2.4737363726461843,5,1.398058773681763,1.4213917743330218,1.0,165.36
main,v040,LOSO-nes-f0,secondary,LOSO,nested,0,A,IPPO|wcnc2027_ablation/ippo_seed1,IPPO,1,R,wcnc2027_ablation 2026-09-14,5,-454.4133000414514,372.23490324145143,81.0,0.30339679999999997,0.875,201.7860050621641,201.7101558621641,0.002973240832507433,0.0,0.002973240832507433,0.002973240832507433,0.05252725470763132,16,1.522299306243806,3,1.3800806457966104,1.4213917743330218,1.0,165.36
main,v040,LOSO-nes-f0,secondary,LOSO,nested,0,A,IPPO|wcnc2027_ablation/ippo_seed1,IPPO,1,R,wcnc2027_ablation 2026-09-14,6,-746.2056444348473,630.5158144717,108.7796395631473,0.9101904000000001,6.0,189.08969615378146,188.86214855378148,0.004955401387512388,0.0,0.004955401387512388,0.004955401387512388,0.15758176412289396,48,4.566897918731417,5,61.32586390394547,302.35582121454627,0.8251975970876486,165.36
main,v040,LOSO-nes-f0,secondary,LOSO,nested,0,A,IPPO|wcnc2027_ablation/ippo_seed1,IPPO,1,R,wcnc2027_ablation 2026-09-14,7,-632.8227439091042,573.4280257091041,54.0,0.6447182,4.75,193.75670031328823,193.59552076328825,0.0019821605550049554,0.0,0.0019821605550049554,0.0019821605550049554,0.11199207135777998,34,3.2348860257680876,2,1.4213917743330218,1.4213917743330218,1.0,165.36
main,v040,LOSO-nes-f0,secondary,LOSO,nested,0,A,IPPO|wcnc2027_ablation/ippo_seed1,IPPO,1,R,wcnc2027_ablation 2026-09-14,8,-402.1442984541981,402.1442984541981,0.0,0.0,0.0,207.1148282164695,207.1148282164695,0.0,0.0,0.0,0.0,0.0,0,0.0,0,0.0,0.0,0.0,165.36
main,v040,LOSO-nes-f0,secondary,LOSO,nested,0,A,IPPO|wcnc2027_ablation/ippo_seed1,IPPO,1,R,wcnc2027_ablation 2026-09-14,9,-486.4611915415134,81.04826694151339,405.0,0.0379246,0.375,208.64116808822104,208.63168693822104,0.036669970267591674,0.036669970267591674,0.002973240832507433,0.014866204162537165,0.0019821605550049554,2,0.19028741328047574,37,11528.432270025378,167179.9679537396,0.4522198984488569,165.36
main,v040,LOSO-nes-f0,secondary,LOSO,nested,0,A,IPPO|wcnc2027_ablation/ippo_seed7,IPPO,7,R,wcnc2027_ablation 2026-09-14,all,-5337.184512441903,4382.335714478756,918.7796395631473,3.9441584,32.125,1974.567286552619,1973.581246952619,0.005748265609514371,0.0037661050545094153,0.0019821605550049554,0.003468780971258672,0.07809712586719525,207,1.9694747274529236,58,4.677693262096281,71.8121952661898,0.6196009947175696,171.05
main,v040,LOSO-nes-f0,secondary,LOSO,nested,0,A,IPPO|wcnc2027_ablation/ippo_seed7,IPPO,7,R,wcnc2027_ablation 2026-09-14,0,-882.1059087315059,798.173265931506,81.0,0.6826428,2.25,176.8460662631732,176.67540556317323,0.002973240832507433,0.0,0.002973240832507433,0.002973240832507433,0.24777006937561943,35,3.3300297324083252,3,1.4019476071236394,1.4213917743330218,1.0,171.05
main,v040,LOSO-nes-f0,secondary,LOSO,nested,0,A,IPPO|wcnc2027_ablation/ippo_seed7,IPPO,7,R,wcnc2027_ablation 2026-09-14,1,-553.3232999355979,457.17433573559794,81.0,1.0239642,14.125,191.71225579525174,191.45626474525176,0.002973240832507433,0.0,0.002973240832507433,0.002973240832507433,0.12289395441030723,54,5.137760158572845,3,1.3845715880624054,1.4213917743330218,1.0,171.05
main,v040,LOSO-nes-f0,secondary,LOSO,nested,0,A,IPPO|wcnc2027_ablation/ippo_seed7,IPPO,7,R,wcnc2027_ablation 2026-09-14,2,-285.3978943212564,285.3978943212564,0.0,0.0,0.0,207.1596652387821,207.1596652387821,0.0,0.0,0.0,0.0,0.0,0,0.0,0,0.0,0.0,0.0,171.05
main,v040,LOSO-nes-f0,secondary,LOSO,nested,0,A,IPPO|wcnc2027_ablation/ippo_seed7,IPPO,7,R,wcnc2027_ablation 2026-09-14,3,-164.84558623109876,137.84558623109876,27.0,0.0,0.0,207.2423125911026,207.2423125911026,0.0009910802775024777,0.0009910802775024777,0.0,0.0009910802775024777,0.0,0,0.0,1,3.2475083125733666,3.2475083125733666,1.0,171.05
main,v040,LOSO-nes-f0,secondary,LOSO,nested,0,A,IPPO|wcnc2027_ablation/ippo_seed7,IPPO,7,R,wcnc2027_ablation 2026-09-14,4,-668.2790656925488,558.7860458925488,108.0,0.4930198,1.0,187.37591008981363,187.2526551398136,0.003964321110009911,0.0,0.003964321110009911,0.003964321110009911,0.14469772051536176,26,2.4737363726461843,4,1.3922255235189482,1.4213917743330218,1.0,171.05
main,v040,LOSO-nes-f0,secondary,LOSO,nested,0,A,IPPO|wcnc2027_ablation/ippo_seed7,IPPO,7,R,wcnc2027_ablation 2026-09-14,5,-454.7380728374759,399.2605252374759,54.0,0.22754760000000002,1.25,203.96945413353583,203.91256723353584,0.0019821605550049554,0.0,0.0019821605550049554,0.0019821605550049554,0.02973240832507433,12,1.1417244796828543,2,1.3922255235189485,1.4213917743330218,1.0,171.05
main,v040,LOSO-nes-f0,secondary,LOSO,nested,0,A,IPPO|wcnc2027_ablation/ippo_seed7,IPPO,7,R,wcnc2027_ablation 2026-09-14,6,-745.1971198163251,708.6210636531779,27.779639563147292,0.7964166,8.0,194.62376481466384,194.42466066466383,0.0019821605550049554,0.0,0.0019821605550049554,0.0019821605550049554,0.08721506442021804,42,3.9960356788899905,2,0.744523629071559,1.363059272704875,0.5629939927191215,171.05
main,v040,LOSO-nes-f0,secondary,LOSO,nested,0,A,IPPO|wcnc2027_ablation/ippo_seed7,IPPO,7,R,wcnc2027_ablation 2026-09-14,7,-722.2073584689531,553.986791068953,162.0,0.7205674,5.5,191.24504095446696,191.06489910446695,0.005946481665014866,0.0,0.005946481665014866,0.005946481665014866,0.14866204162537167,38,3.615460852329039,6,1.4026990002091297,1.4213917743330218,1.0,171.05
main,v040,LOSO-nes-f0,secondary,LOSO,nested,0,A,IPPO|wcnc2027_ablation/ippo_seed7,IPPO,7,R,wcnc2027_ablation 2026-09-14,8,-402.1442984541981,402.1442984541981,0.0,0.0,0.0,207.1148282164695,207.1148282164695,0.0,0.0,0.0,0.0,0.0,0,0.0,0,0.0,0.0,0.0,171.05
main,v040,LOSO-nes-f0,secondary,LOSO,nested,0,A,IPPO|wcnc2027_ablation/ippo_seed7,IPPO,7,R,wcnc2027_ablation 2026-09-14,9,-458.94590795294357,80.94590795294356,378.0,0.0,0.0,207.27798845535966,207.27798845535966,0.036669970267591674,0.036669970267591674,0.0,0.013875123885034688,0.0,0,0.0,37,6.525420240620031,71.8121952661898,0.42732080292380503,171.05
main,v040,LOSO-nes-f0,secondary,LOSO,nested,0,A,IPPO|wcnc2027_ablation/ippo_seed13,IPPO,13,R,wcnc2027_ablation 2026-09-14,all,-5205.321083783674,4368.976531820527,810.7796395631473,3.5649124,22.0,1975.6262504364308,1974.7350223364308,0.005351833498513379,0.0037661050545094153,0.0015857284440039642,0.003072348860257681,0.07581764122893954,187,1.779187314172448,54,4.9220579861226605,71.8121952661898,0.5914232906225746,165.68
main,v040,LOSO-nes-f0,secondary,LOSO,nested,0,A,IPPO|wcnc2027_ablation/ippo_seed13,IPPO,13,R,wcnc2027_ablation 2026-09-14,0,-934.8286440376912,797.3089258376913,135.0,0.6447182,1.875,176.77907266961358,176.6178931196136,0.004955401387512388,0.0,0.004955401387512388,0.004955401387512388,0.2537165510406343,33,3.1397423191278495,5,1.4097252740073922,1.4213917743330218,1.0,165.68
main,v040,LOSO-nes-f0,secondary,LOSO,nested,0,A,IPPO|wcnc2027_ablation/ippo_seed13,IPPO,13,R,wcnc2027_ablation 2026-09-14,1,-548.7271683707532,464.4953747707532,81.0,0.6067936,2.625,192.34877575348725,192.19707735348723,0.002973240832507433,0.0,0.002973240832507433,0.002973240832507433,0.11793855302279485,32,3.044598612487612,3,1.3845715880624054,1.4213917743330218,1.0,165.68
main,v040,LOSO-nes-f0,secondary,LOSO,nested,0,A,IPPO|wcnc2027_ablation/ippo_seed13,IPPO,13,R,wcnc2027_ablation 2026-09-14,2,-285.3978943212564,285.3978943212564,0.0,0.0,0.0,207.1596652387821,207.1596652387821,0.0,0.0,0.0,0.0,0.0,0,0.0,0,0.0,0.0,0.0,165.68
main,v040,LOSO-nes-f0,secondary,LOSO,nested,0,A,IPPO|wcnc2027_ablation/ippo_seed13,IPPO,13,R,wcnc2027_ablation 2026-09-14,3,-164.84558623109876,137.84558623109876,27.0,0.0,0.0,207.2423125911026,207.2423125911026,0.0009910802775024777,0.0009910802775024777,0.0,0.0009910802775024777,0.0,0,0.0,1,3.2475083125733666,3.2475083125733666,1.0,165.68
main,v040,LOSO-nes-f0,secondary,LOSO,nested,0,A,IPPO|wcnc2027_ablation/ippo_seed13,IPPO,13,R,wcnc2027_ablation 2026-09-14,4,-667.7972879815441,554.6146451815441,108.0,0.6826428,4.5,187.53583988824317,187.3651791882432,0.003964321110009911,0.0,0.003964321110009911,0.003964321110009911,0.13974231912784935,36,3.4251734390485633,4,1.3922255235189482,1.4213917743330218,1.0,165.68
main,v040,LOSO-nes-f0,secondary,LOSO,nested,0,A,IPPO|wcnc2027_ablation/ippo_seed13,IPPO,13,R,wcnc2027_ablation 2026-09-14,5,-408.1301555964655,405.90260799646546,0.0,0.2275476,2.0,204.48952641690548,204.43263951690548,0.0,0.0,0.0,0.0,0.02180376610505451,12,1.1417244796828543,0,0.0,0.0,0.0,165.68
main,v040,LOSO-nes-f0,secondary,LOSO,nested,0,A,IPPO|wcnc2027_ablation/ippo_seed13,IPPO,13,R,wcnc2027_ablation 2026-09-14,6,-703.6348741512543,668.471742588107,27.779639563147292,0.7584919999999999,6.625,191.80672972162967,191.61710672162965,0.0019821605550049554,0.0,0.0019821605550049554,0.0019821605550049554,0.1159563924677899,40,3.8057482656095147,2,0.744523629071559,1.363059272704875,0.5629939927191215,165.68
main,v040,LOSO-nes-f0,secondary,LOSO,nested,0,A,IPPO|wcnc2027_ablation/ippo_seed13,IPPO,13,R,wcnc2027_ablation 2026-09-14,7,-635.6136832257607,577.0068896257607,54.0,0.6067936,4.0,194.18567626290647,194.03397786290645,0.0019821605550049554,0.0,0.0019821605550049554,0.0019821605550049554,0.10703666997026759,32,3.044598612487612,2,1.4213917743330218,1.4213917743330218,1.0,165.68
main,v040,LOSO-nes-f0,secondary,LOSO,nested,0,A,IPPO|wcnc2027_ablation/ippo_seed13,IPPO,13,R,wcnc2027_ablation 2026-09-14,8,-397.3998819149067,396.9869573149067,0.0,0.0379246,0.375,206.80066343840082,206.79118228840082,0.0,0.0,0.0,0.0,0.0019821605550049554,2,0.19028741328047574,0,0.0,0.0,0.0,165.68
main,v040,LOSO-nes-f0,secondary,LOSO,nested,0,A,IPPO|wcnc2027_ablation/ippo_seed13,IPPO,13,R,wcnc2027_ablation 2026-09-14,9,-458.94590795294357,80.94590795294356,378.0,0.0,0.0,207.27798845535966,207.27798845535966,0.036669970267591674,0.036669970267591674,0.0,0.013875123885034688,0.0,0,0.0,37,6.525420240620031,71.8121952661898,0.42732080292380503,165.68
main,v040,LOSO-nes-f0,secondary,LOSO,nested,0,A,IPPO|wcnc2027_ablation/ippo_seed23,IPPO,23,R,wcnc2027_ablation 2026-09-14,all,-5372.034174896666,4284.192357133519,1053.7796395631472,4.4371782,29.625,1965.4044140961091,1964.2951195461092,0.00624380574826561,0.0037661050545094153,0.002477700693756194,0.003964321110009911,0.088800792864222,233,2.216848364717542,63,14.011196012425891,304.83747554532965,0.6497913919622068,170.93
main,v040,LOSO-nes-f0,secondary,LOSO,nested,0,A,IPPO|wcnc2027_ablation/ippo_seed23,IPPO,23,R,wcnc2027_ablation 2026-09-14,0,-864.319652111046,768.9655927110459,81.0,1.4790594000000001,12.875,173.41941563208218,173.0496507820822,0.002973240832507433,0.0,0.002973240832507433,0.002973240832507433,0.29137760158572845,77,7.326065411298315,3,1.4019476071236394,1.4213917743330218,1.0,170.93
main,v040,LOSO-nes-f0,secondary,LOSO,nested,0,A,IPPO|wcnc2027_ablation/ippo_seed23,IPPO,23,R,wcnc2027_ablation 2026-09-14,1,-546.1956444897698,462.6267754897699,81.0,0.5688690000000001,2.0,192.25233258610922,192.1101153361092,0.002973240832507433,0.0,0.002973240832507433,0.002973240832507433,0.11793855302279485,30,2.8543111992071357,3,1.3845715880624054,1.4213917743330218,1.0,170.93
main,v040,LOSO-nes-f0,secondary,LOSO,nested,0,A,IPPO|wcnc2027_ablation/ippo_seed23,IPPO,23,R,wcnc2027_ablation 2026-09-14,2,-285.3978943212564,285.3978943212564,0.0,0.0,0.0,207.1596652387821,207.1596652387821,0.0,0.0,0.0,0.0,0.0,0,0.0,0,0.0,0.0,0.0,170.93
main,v040,LOSO-nes-f0,secondary,LOSO,nested,0,A,IPPO|wcnc2027_ablation/ippo_seed23,IPPO,23,R,wcnc2027_ablation 2026-09-14,3,-164.84558623109876,137.84558623109876,27.0,0.0,0.0,207.2423125911026,207.2423125911026,0.0009910802775024777,0.0009910802775024777,0.0,0.0009910802775024777,0.0,0,0.0,1,3.2475083125733666,3.2475083125733666,1.0,170.93
main,v040,LOSO-nes-f0,secondary,LOSO,nested,0,A,IPPO|wcnc2027_ablation/ippo_seed23,IPPO,23,R,wcnc2027_ablation 2026-09-14,4,-697.5250416390459,560.9070218390459,135.0,0.4930198,1.125,187.64047788797507,187.51722293797508,0.004955401387512388,0.0,0.004955401387512388,0.004955401387512388,0.14469772051536176,26,2.4737363726461843,5,1.398058773681763,1.4213917743330218,1.0,170.93
main,v040,LOSO-nes-f0,secondary,LOSO,nested,0,A,IPPO|wcnc2027_ablation/ippo_seed23,IPPO,23,R,wcnc2027_ablation 2026-09-14,5,-441.16978362299346,386.60516062299337,54.0,0.18962299999999999,0.375,202.93655248601144,202.88914673601144,0.0019821605550049554,0.0,0.0019821605550049554,0.0019821605550049554,0.036669970267591674,10,0.9514370664023787,2,1.3594250815284044,1.363059272704875,1.0,170.93
main,v040,LOSO-nes-f0,secondary,LOSO,nested,0,A,IPPO|wcnc2027_ablation/ippo_seed23,IPPO,23,R,wcnc2027_ablation 2026-09-14,6,-795.3969343896467,652.2071044264994,135.7796395631473,0.9101904000000001,6.5,189.66736429985755,189.43981669985757,0.005946481665014866,0.0,0.005946481665014866,0.005946481665014866,0.1466798810703667,48,4.566897918731417,6,101.91113251084283,304.83747554532965,0.8543313309063739,170.93
main,v040,LOSO-nes-f0,secondary,LOSO,nested,0,A,IPPO|wcnc2027_ablation/ippo_seed23,IPPO,23,R,wcnc2027_ablation 2026-09-14,7,-721.5567179846618,552.9611505846618,162.0,0.7205674,5.875,191.1160463266082,190.9359044766082,0.005946481665014866,0.0,0.005946481665014866,0.005946481665014866,0.14767096134786917,38,3.615460852329039,6,1.4136324808726444,1.4213917743330218,1.0,170.93
main,v040,LOSO-nes-f0,secondary,LOSO,nested,0,A,IPPO|wcnc2027_ablation/ippo_seed23,IPPO,23,R,wcnc2027_ablation 2026-09-14,8,-396.68101215420427,395.7301629542043,0.0,0.0758492,0.875,206.69225859222104,206.67329629222104,0.0,0.0,0.0,0.0,0.002973240832507433,4,0.3805748265609515,0,0.0,0.0,0.0,170.93
main,v040,LOSO-nes-f0,secondary,LOSO,nested,0,A,IPPO|wcnc2027_ablation/ippo_seed23,IPPO,23,R,wcnc2027_ablation 2026-09-14,9,-458.94590795294357,80.94590795294356,378.0,0.0,0.0,207.27798845535966,207.27798845535966,0.036669970267591674,0.036669970267591674,0.0,0.013875123885034688,0.0,0,0.0,37,6.525420240620031,71.8121952661898,0.42732080292380503,170.93
main,v040,LOSO-nes-f0,secondary,LOSO,nested,0,A,IPPO|wcnc2027_ablation/ippo_seed42,IPPO,42,R,wcnc2027_ablation 2026-09-14,all,-5231.563522039698,4276.654140113404,919.5592791262945,4.4751028,30.875,1967.644479337756,1966.5257036377557,0.005847373637264618,0.0037661050545094153,0.0020812685827552033,0.00356788899900892,0.08414271555996036,234,2.226362735381566,59,9.742002910432626,304.83747554532965,0.6112346725263945,165.78
main,v040,LOSO-nes-f0,secondary,LOSO,nested,0,A,IPPO|wcnc2027_ablation/ippo_seed42,IPPO,42,R,wcnc2027_ablation 2026-09-14,0,-852.0870603454509,788.737246945451,54.0,1.0998134,8.25,175.74423102476038,175.46927767476035,0.0019821605550049554,0.0,0.0019821605550049554,0.0019821605550049554,0.2556987115956392,57,5.423191278493558,2,1.3922255235189485,1.4213917743330218,1.0,165.78
main,v040,LOSO-nes-f0,secondary,LOSO,nested,0,A,IPPO|wcnc2027_ablation/ippo_seed42,IPPO,42,R,wcnc2027_ablation 2026-09-14,1,-549.2287709502548,463.2582035502548,81.0,0.7205674,4.25,192.13287296117744,191.95273111117746,0.002973240832507433,0.0,0.002973240832507433,0.002973240832507433,0.1199207135777998,38,3.615460852329039,3,1.3845715880624054,1.4213917743330218,1.0,165.78
main,v040,LOSO-nes-f0,secondary,LOSO,nested,0,A,IPPO|wcnc2027_ablation/ippo_seed42,IPPO,42,R,wcnc2027_ablation 2026-09-14,2,-285.3978943212564,285.3978943212564,0.0,0.0,0.0,207.1596652387821,207.1596652387821,0.0,0.0,0.0,0.0,0.0,0,0.0,0,0.0,0.0,0.0,165.78
main,v040,LOSO-nes-f0,secondary,LOSO,nested,0,A,IPPO|wcnc2027_ablation/ippo_seed42,IPPO,42,R,wcnc2027_ablation 2026-09-14,3,-164.84558623109876,137.84558623109876,27.0,0.0,0.0,207.2423125911026,207.2423125911026,0.0009910802775024777,0.0009910802775024777,0.0,0.0009910802775024777,0.0,0,0.0,1,3.2475083125733666,3.2475083125733666,1.0,165.78
main,v040,LOSO-nes-f0,secondary,LOSO,nested,0,A,IPPO|wcnc2027_ablation/ippo_seed42,IPPO,42,R,wcnc2027_ablation 2026-09-14,4,-666.7289958339151,557.648900633915,108.0,0.45509520000000003,0.625,187.4721207259861,187.35834692598607,0.003964321110009911,0.0,0.003964321110009911,0.003964321110009911,0.14271555996035679,24,2.2834489593657086,4,1.3922255235189482,1.4213917743330218,1.0,165.78
main,v040,LOSO-nes-f0,secondary,LOSO,nested,0,A,IPPO|wcnc2027_ablation/ippo_seed42,IPPO,42,R,wcnc2027_ablation 2026-09-14,5,-452.70614781737515,370.2777510173752,81.0,0.30339679999999997,1.125,201.43475279456607,201.35890359456607,0.002973240832507433,0.0,0.002973240832507433,0.002973240832507433,0.05153617443012884,16,1.522299306243806,3,1.3800806457966104,1.4213917743330218,1.0,165.78
main,v040,LOSO-nes-f0,secondary,LOSO,nested,0,A,IPPO|wcnc2027_ablation/ippo_seed42,IPPO,42,R,wcnc2027_ablation 2026-09-14,6,-760.565681588344,639.4362286251968,108.7796395631473,1.0998134,11.25,190.2962876171157,190.0213342671157,0.004955401387512388,0.0,0.004955401387512388,0.004955401387512388,0.13676907829534193,57,5.423191278493558,5,61.822194770102136,304.83747554532965,0.8251975970876486,165.78
main,v040,LOSO-nes-f0,secondary,LOSO,nested,0,A,IPPO|wcnc2027_ablation/ippo_seed42,IPPO,42,R,wcnc2027_ablation 2026-09-14,7,-628.7823444218575,571.0014000218575,54.0,0.5309444,3.25,193.4081189608172,193.2753828608172,0.0019821605550049554,0.0,0.0019821605550049554,0.0019821605550049554,0.11496531219028741,28,2.66402378592666,2,1.4213917743330218,1.4213917743330218,1.0,165.78
main,v040,LOSO-nes-f0,secondary,LOSO,nested,0,A,IPPO|wcnc2027_ablation/ippo_seed42,IPPO,42,R,wcnc2027_ablation 2026-09-14,8,-412.2751325772019,382.10502081405457,27.779639563147292,0.26547220000000005,2.125,205.47612896808874,205.40976091808875,0.0019821605550049554,0.0,0.0019821605550049554,0.0019821605550049554,0.019821605550049554,14,1.33201189296333,2,0.744523629071559,1.363059272704875,0.5629939927191215,165.78
main,v040,LOSO-nes-f0,secondary,LOSO,nested,0,A,IPPO|wcnc2027_ablation/ippo_seed42,IPPO,42,R,wcnc2027_ablation 2026-09-14,9,-458.94590795294357,80.94590795294356,378.0,0.0,0.0,207.27798845535966,207.27798845535966,0.036669970267591674,0.036669970267591674,0.0,0.013875123885034688,0.0,0,0.0,37,6.525420240620031,71.8121952661898,0.42732080292380503,165.78
main,v040,LOSO-nes-f0,secondary,LOSO,nested,0,A,IPPO|wcnc2027_ablation/ippo_seed64,IPPO,64,R,wcnc2027_ablation 2026-09-14,all,-5229.3608769114735,4446.429249548326,756.7796395631473,3.5269878,22.625,1981.8877593077145,1981.006012357715,0.005153617443012884,0.0037661050545094153,0.0013875123885034688,0.0028741328047571855,0.06858275520317146,185,1.7601585728444005,52,5.056698994268415,71.8121952661898,0.575708801800366,170.99
main,v040,LOSO-nes-f0,secondary,LOSO,nested,0,A,IPPO|wcnc2027_ablation/ippo_seed64,IPPO,64,R,wcnc2027_ablation 2026-09-14,0,-858.9632255649587,799.9168089649588,54.0,0.7964166,4.25,177.14192852546256,176.9428243754626,0.0019821605550049554,0.0,0.0019821605550049554,0.0019821605550049554,0.23686818632309217,41,3.9008919722497524,2,1.3922255235189485,1.4213917743330218,1.0,170.99
main,v040,LOSO-nes-f0,secondary,LOSO,nested,0,A,IPPO|wcnc2027_ablation/ippo_seed64,IPPO,64,R,wcnc2027_ablation 2026-09-14,1,-561.233210908925,476.62641730892494,81.0,0.6067936,3.0,193.61751389310825,193.46581549310827,0.002973240832507433,0.0,0.002973240832507433,0.002973240832507433,0.10604558969276512,32,3.044598612487612,3,1.3845715880624054,1.4213917743330218,1.0,170.99
main,v040,LOSO-nes-f0,secondary,LOSO,nested,0,A,IPPO|wcnc2027_ablation/ippo_seed64,IPPO,64,R,wcnc2027_ablation 2026-09-14,2,-285.3978943212564,285.3978943212564,0.0,0.0,0.0,207.1596652387821,207.1596652387821,0.0,0.0,0.0,0.0,0.0,0,0.0,0,0.0,0.0,0.0,170.99
main,v040,LOSO-nes-f0,secondary,LOSO,nested,0,A,IPPO|wcnc2027_ablation/ippo_seed64,IPPO,64,R,wcnc2027_ablation 2026-09-14,3,-164.84558623109876,137.84558623109876,27.0,0.0,0.0,207.2423125911026,207.2423125911026,0.0009910802775024777,0.0009910802775024777,0.0,0.0009910802775024777,0.0,0,0.0,1,3.2475083125733666,3.2475083125733666,1.0,170.99
main,v040,LOSO-nes-f0,secondary,LOSO,nested,0,A,IPPO|wcnc2027_ablation/ippo_seed64,IPPO,64,R,wcnc2027_ablation 2026-09-14,4,-699.1841987678208,561.1153297678209,135.0,0.5688690000000001,2.5,187.92214858160625,187.77993133160624,0.004955401387512388,0.0,0.004955401387512388,0.004955401387512388,0.1377601585728444,30,2.8543111992071357,5,1.398058773681763,1.4213917743330218,1.0,170.99
main,v040,LOSO-nes-f0,secondary,LOSO,nested,0,A,IPPO|wcnc2027_ablation/ippo_seed64,IPPO,64,R,wcnc2027_ablation 2026-09-14,5,-426.8586584824061,426.8207338824061,0.0,0.0379246,0.0,206.30720371256322,206.29772256256322,0.0,0.0,0.0,0.0,0.005946481665014866,2,0.19028741328047574,0,0.0,0.0,0.0,170.99
main,v040,LOSO-nes-f0,secondary,LOSO,nested,0,A,IPPO|wcnc2027_ablation/ippo_seed64,IPPO,64,R,wcnc2027_ablation 2026-09-14,6,-739.4567937531965,702.8428129900493,27.779639563147292,0.8343412,8.0,194.03486161284468,193.8262763128447,0.0019821605550049554,0.0,0.0019821605550049554,0.0019821605550049554,0.09415262636273539,44,4.186323092170466,2,0.744523629071559,1.363059272704875,0.5629939927191215,170.99
main,v040,LOSO-nes-f0,secondary,LOSO,nested,0,A,IPPO|wcnc2027_ablation/ippo_seed64,IPPO,64,R,wcnc2027_ablation 2026-09-14,7,-642.120348143422,584.339403743422,54.0,0.5309444,3.25,194.9541703090955,194.82143420909551,0.0019821605550049554,0.0,0.0019821605550049554,0.0019821605550049554,0.0981169474727453,28,2.66402378592666,2,1.4213917743330218,1.4213917743330218,1.0,170.99
main,v040,LOSO-nes-f0,secondary,LOSO,nested,0,A,IPPO|wcnc2027_ablation/ippo_seed64,IPPO,64,R,wcnc2027_ablation 2026-09-14,8,-392.35505278544565,390.57835438544566,0.0,0.1516984,1.625,206.2299663877899,206.1920417877899,0.0,0.0,0.0,0.0,0.006937561942517344,8,0.761149653121903,0,0.0,0.0,0.0,170.99
main,v040,LOSO-nes-f0,secondary,LOSO,nested,0,A,IPPO|wcnc2027_ablation/ippo_seed64,IPPO,64,R,wcnc2027_ablation 2026-09-14,9,-458.94590795294357,80.94590795294356,378.0,0.0,0.0,207.27798845535966,207.27798845535966,0.036669970267591674,0.036669970267591674,0.0,0.013875123885034688,0.0,0,0.0,37,6.525420240620031,71.8121952661898,0.42732080292380503,170.99
main,v040,LOSO-nes-f0,secondary,LOSO,nested,0,A,IPPO|wcnc2027_ablation/ippo_seed77,IPPO,77,R,wcnc2027_ablation 2026-09-14,all,-5325.014304890054,4295.589657726907,999.7796395631473,4.0200076,25.625,1970.4876379069347,1969.4826360069349,0.005946481665014866,0.0037661050545094153,0.002477700693756194,0.0037661050545094153,0.08394449950445985,211,2.007532210109019,60,7119.817670272997,167179.9679537396,0.6476354038007659,166.18
main,v040,LOSO-nes-f0,secondary,LOSO,nested,0,A,IPPO|wcnc2027_ablation/ippo_seed77,IPPO,77,R,wcnc2027_ablation 2026-09-14,0,-877.5627313273556,793.5050885273556,81.0,0.6826428,2.375,176.57689157987755,176.40623087987757,0.002973240832507433,0.0,0.002973240832507433,0.002973240832507433,0.25074331020812685,35,3.3300297324083252,3,1.4019476071236394,1.4213917743330218,1.0,166.18
main,v040,LOSO-nes-f0,secondary,LOSO,nested,0,A,IPPO|wcnc2027_ablation/ippo_seed77,IPPO,77,R,wcnc2027_ablation 2026-09-14,1,-548.132115535105,463.8623973351049,81.0,0.6447182,2.625,192.2256620264561,192.0644824764561,0.002973240832507433,0.0,0.002973240832507433,0.002973240832507433,0.12091179385530228,34,3.2348860257680876,3,1.3845715880624054,1.4213917743330218,1.0,166.18
main,v040,LOSO-nes-f0,secondary,LOSO,nested,0,A,IPPO|wcnc2027_ablation/ippo_seed77,IPPO,77,R,wcnc2027_ablation 2026-09-14,2,-285.3978943212564,285.3978943212564,0.0,0.0,0.0,207.1596652387821,207.1596652387821,0.0,0.0,0.0,0.0,0.0,0,0.0,0,0.0,0.0,0.0,166.18
main,v040,LOSO-nes-f0,secondary,LOSO,nested,0,A,IPPO|wcnc2027_ablation/ippo_seed77,IPPO,77,R,wcnc2027_ablation 2026-09-14,3,-164.84558623109876,137.84558623109876,27.0,0.0,0.0,207.2423125911026,207.2423125911026,0.0009910802775024777,0.0009910802775024777,0.0,0.0009910802775024777,0.0,0,0.0,1,3.2475083125733666,3.2475083125733666,1.0,166.18
main,v040,LOSO-nes-f0,secondary,LOSO,nested,0,A,IPPO|wcnc2027_ablation/ippo_seed77,IPPO,77,R,wcnc2027_ablation 2026-09-14,4,-693.6169227091818,556.3359783091818,135.0,0.5309444,1.75,187.28636714476204,187.15363104476205,0.004955401387512388,0.0,0.004955401387512388,0.004955401387512388,0.14767096134786917,28,2.66402378592666,5,1.398058773681763,1.4213917743330218,1.0,166.18
main,v040,LOSO-nes-f0,secondary,LOSO,nested,0,A,IPPO|wcnc2027_ablation/ippo_seed77,IPPO,77,R,wcnc2027_ablation 2026-09-14,5,-430.2766924098022,374.7232956098022,54.0,0.3033968,1.25,201.9253032148763,201.8494540148763,0.0019821605550049554,0.0,0.0019821605550049554,0.0019821605550049554,0.04658077304261645,16,1.522299306243806,2,1.3922255235189485,1.4213917743330218,1.0,166.18
main,v040,LOSO-nes-f0,secondary,LOSO,nested,0,A,IPPO|wcnc2027_ablation/ippo_seed77,IPPO,77,R,wcnc2027_ablation 2026-09-14,6,-780.630317331859,637.1904873687117,135.7796395631473,0.9101904000000001,6.75,189.66551640411024,189.43796880411026,0.005946481665014866,0.0,0.005946481665014866,0.005946481665014866,0.1466798810703667,48,4.566897918731417,6,101.91113251084283,304.83747554532965,0.8543313309063739,166.18
main,v040,LOSO-nes-f0,secondary,LOSO,nested,0,A,IPPO|wcnc2027_ablation/ippo_seed77,IPPO,77,R,wcnc2027_ablation 2026-09-14,7,-655.9465550286839,563.5363646286839,81.0,0.9101904000000001,10.5,192.6499234022773,192.42237580227726,0.002973240832507433,0.0,0.002973240832507433,0.002973240832507433,0.12487611496531219,48,4.566897918731417,3,1.4058731874122667,1.4213917743330218,1.0,166.18
main,v040,LOSO-nes-f0,secondary,LOSO,nested,0,A,IPPO|wcnc2027_ablation/ippo_seed77,IPPO,77,R,wcnc2027_ablation 2026-09-14,8,-402.1442984541981,402.1442984541981,0.0,0.0,0.0,207.1148282164695,207.1148282164695,0.0,0.0,0.0,0.0,0.0,0,0.0,0,0.0,0.0,0.0,166.18
main,v040,LOSO-nes-f0,secondary,LOSO,nested,0,A,IPPO|wcnc2027_ablation/ippo_seed77,IPPO,77,R,wcnc2027_ablation 2026-09-14,9,-486.4611915415134,81.04826694151339,405.0,0.0379246,0.375,208.64116808822104,208.63168693822104,0.036669970267591674,0.036669970267591674,0.002973240832507433,0.014866204162537165,0.0019821605550049554,2,0.19028741328047574,37,11528.432270025378,167179.9679537396,0.4522198984488569,166.18
main,v040,LOSO-nes-f0,secondary,LOSO,nested,0,A,IPPO|wcnc2027_ablation/ippo_seed99,IPPO,99,R,wcnc2027_ablation 2026-09-14,all,-25152.99411837023,4540.776897470244,20583.878344299985,4.5888766,23.75,2370.485419343204,2369.3382001932036,0.07859266600594648,0.07076313181367691,0.07482656095143707,0.07631318136769079,0.1550049554013875,241,2.2929633300297327,793,2013.23541464123,9355.51910643008,0.9646155710611772,170.89
main,v040,LOSO-nes-f0,secondary,LOSO,nested,0,A,IPPO|wcnc2027_ablation/ippo_seed99,IPPO,99,R,wcnc2027_ablation 2026-09-14,0,-898.5679735836037,783.4569339836037,108.0,0.9860396,6.125,175.33034771889498,175.083837818895,0.003964321110009911,0.0,0.003964321110009911,0.003964321110009911,0.26858275520317143,51,4.852329038652131,4,1.406808648925985,1.4213917743330218,1.0,170.89
main,v040,LOSO-nes-f0,secondary,LOSO,nested,0,A,IPPO|wcnc2027_ablation/ippo_seed99,IPPO,99,R,wcnc2027_ablation 2026-09-14,1,-552.4262509518826,468.19445735188265,81.0,0.6067936,2.625,192.71676666761562,192.56506826761563,0.002973240832507433,0.0,0.002973240832507433,0.002973240832507433,0.1159563924677899,32,3.044598612487612,3,1.3845715880624054,1.4213917743330218,1.0,170.89
main,v040,LOSO-nes-f0,secondary,LOSO,nested,0,A,IPPO|wcnc2027_ablation/ippo_seed99,IPPO,99,R,wcnc2027_ablation 2026-09-14,2,-285.3978943212564,285.3978943212564,0.0,0.0,0.0,207.1596652387821,207.1596652387821,0.0,0.0,0.0,0.0,0.0,0,0.0,0,0.0,0.0,0.0,170.89
main,v040,LOSO-nes-f0,secondary,LOSO,nested,0,A,IPPO|wcnc2027_ablation/ippo_seed99,IPPO,99,R,wcnc2027_ablation 2026-09-14,3,-20039.330539441118,373.5871165042821,19665.098704736833,0.6447182,0.0,607.114737941074,606.953558391074,0.7284440039643211,0.6709613478691774,0.7274529236868187,0.7284440039643211,0.7324083250743311,34,3.2348860257680876,735,2170.9140127625546,9355.51910643008,0.9918412110991762,170.89
main,v040,LOSO-nes-f0,secondary,LOSO,nested,0,A,IPPO|wcnc2027_ablation/ippo_seed99,IPPO,99,R,wcnc2027_ablation 2026-09-14,4,-691.5410229046151,553.2221539046152,135.0,0.5688690000000001,2.75,187.23008365581381,187.08786640581383,0.004955401387512388,0.0,0.004955401387512388,0.004955401387512388,0.14568880079286423,30,2.8543111992071357,5,1.398058773681763,1.4213917743330218,1.0,170.89
main,v040,LOSO-nes-f0,secondary,LOSO,nested,0,A,IPPO|wcnc2027_ablation/ippo_seed99,IPPO,99,R,wcnc2027_ablation 2026-09-14,5,-404.24876247416853,376.52121487416855,27.0,0.22754760000000002,0.5,202.09017254788424,202.03328564788424,0.0009910802775024777,0.0,0.0009910802775024777,0.0009910802775024777,0.04162537165510406,12,1.1417244796828543,1,1.363059272704875,1.363059272704875,1.0,170.89
main,v040,LOSO-nes-f0,secondary,LOSO,nested,0,A,IPPO|wcnc2027_ablation/ippo_seed99,IPPO,99,R,wcnc2027_ablation 2026-09-14,6,-781.3922543243177,638.3653489611705,135.7796395631473,0.8722658000000001,6.375,189.82655126404487,189.60848481404489,0.005946481665014866,0.0,0.005946481665014866,0.005946481665014866,0.14469772051536176,46,4.376610505450942,6,101.91113251084283,304.83747554532965,0.8543313309063739,170.89
main,v040,LOSO-nes-f0,secondary,LOSO,nested,0,A,IPPO|wcnc2027_ablation/ippo_seed99,IPPO,99,R,wcnc2027_ablation 2026-09-14,7,-644.4277502129419,584.6580320129419,54.0,0.6447182,5.125,195.02084161229885,194.85966206229884,0.0019821605550049554,0.0,0.0019821605550049554,0.0019821605550049554,0.0981169474727453,34,3.2348860257680876,2,1.4213917743330218,1.4213917743330218,1.0,170.89
main,v040,LOSO-nes-f0,secondary,LOSO,nested,0,A,IPPO|wcnc2027_ablation/ippo_seed99,IPPO,99,R,wcnc2027_ablation 2026-09-14,8,-396.71576220337954,396.42783760337954,0.0,0.0379246,0.25,206.7182642414356,206.7087830914356,0.0,0.0,0.0,0.0,0.002973240832507433,2,0.19028741328047574,0,0.0,0.0,0.0,170.89
main,v040,LOSO-nes-f0,secondary,LOSO,nested,0,A,IPPO|wcnc2027_ablation/ippo_seed99,IPPO,99,R,wcnc2027_ablation 2026-09-14,9,-458.94590795294357,80.94590795294356,378.0,0.0,0.0,207.27798845535966,207.27798845535966,0.036669970267591674,0.036669970267591674,0.0,0.013875123885034688,0.0,0,0.0,37,6.525420240620031,71.8121952661898,0.42732080292380503,170.89
main,v040,LOSO-nes-f0,secondary,LOSO,nested,0,A,IPPO|ppo_single_site_ensemble_seed1_20260517T110907,IPPO,1,P,"May 2026, pre-781c90c reward",all,-5178.860499314737,4345.94009815159,810.7796395631473,3.6407616000000003,18.5,1975.1530051547609,1974.2428147547607,0.005351833498513379,0.0037661050545094153,0.0015857284440039642,0.003072348860257681,0.07621407333994054,191,1.8172447968285435,54,10.492757327547789,302.35582121454627,0.5914232906225746,166.29
main,v040,LOSO-nes-f0,secondary,LOSO,nested,0,A,IPPO|ppo_single_site_ensemble_seed1_20260517T110907,IPPO,1,P,"May 2026, pre-781c90c reward",0,-886.2108684881777,802.7782256881776,81.0,0.6826428,1.75,177.3695078528886,177.19884715288862,0.002973240832507433,0.0,0.002973240832507433,0.002973240832507433,0.244796828543112,35,3.3300297324083252,3,1.4019476071236394,1.4213917743330218,1.0,166.29
main,v040,LOSO-nes-f0,secondary,LOSO,nested,0,A,IPPO|ppo_single_site_ensemble_seed1_20260517T110907,IPPO,1,P,"May 2026, pre-781c90c reward",1,-562.0766627057199,477.84486910571997,81.0,0.6067936,2.625,193.78437989988157,193.63268149988153,0.002973240832507433,0.0,0.002973240832507433,0.002973240832507433,0.10307234886025768,32,3.044598612487612,3,1.3845715880624054,1.4213917743330218,1.0,166.29
main,v040,LOSO-nes-f0,secondary,LOSO,nested,0,A,IPPO|ppo_single_site_ensemble_seed1_20260517T110907,IPPO,1,P,"May 2026, pre-781c90c reward",2,-285.3978943212564,285.3978943212564,0.0,0.0,0.0,207.1596652387821,207.1596652387821,0.0,0.0,0.0,0.0,0.0,0,0.0,0,0.0,0.0,0.0,166.29
main,v040,LOSO-nes-f0,secondary,LOSO,nested,0,A,IPPO|ppo_single_site_ensemble_seed1_20260517T110907,IPPO,1,P,"May 2026, pre-781c90c reward",3,-164.84558623109876,137.84558623109876,27.0,0.0,0.0,207.2423125911026,207.2423125911026,0.0009910802775024777,0.0009910802775024777,0.0,0.0009910802775024777,0.0,0,0.0,1,3.2475083125733666,3.2475083125733666,1.0,166.29
main,v040,LOSO-nes-f0,secondary,LOSO,nested,0,A,IPPO|ppo_single_site_ensemble_seed1_20260517T110907,IPPO,1,P,"May 2026, pre-781c90c reward",4,-653.6239953864085,570.1801263864086,81.0,0.5688690000000001,1.875,188.82160410808874,188.67938685808872,0.002973240832507433,0.0,0.002973240832507433,0.002973240832507433,0.1288404360753221,30,2.8543111992071357,3,1.382503439914257,1.4213917743330218,1.0,166.29
main,v040,LOSO-nes-f0,secondary,LOSO,nested,0,A,IPPO|ppo_single_site_ensemble_seed1_20260517T110907,IPPO,1,P,"May 2026, pre-781c90c reward",5,-414.6643671500663,386.97474415006633,27.0,0.18962299999999999,0.5,202.95094053942913,202.90353478942913,0.0009910802775024777,0.0,0.0009910802775024777,0.0009910802775024777,0.03468780971258672,10,0.9514370664023787,1,1.363059272704875,1.363059272704875,1.0,166.29
main,v040,LOSO-nes-f0,secondary,LOSO,nested,0,A,IPPO|ppo_single_site_ensemble_seed1_20260517T110907,IPPO,1,P,"May 2026, pre-781c90c reward",6,-724.697500538099,635.0076705749516,81.7796395631473,0.9101904000000001,7.0,189.69885276473667,189.4713051647367,0.003964321110009911,0.0,0.003964321110009911,0.003964321110009911,0.14172447968285432,48,4.566897918731417,4,76.30198193634858,302.35582121454627,0.7814969963595608,166.29
main,v040,LOSO-nes-f0,secondary,LOSO,nested,0,A,IPPO|ppo_single_site_ensemble_seed1_20260517T110907,IPPO,1,P,"May 2026, pre-781c90c reward",7,-643.4367730516408,584.2049794516408,54.0,0.6067936,4.625,195.0080993699005,194.85640096990048,0.0019821605550049554,0.0,0.0019821605550049554,0.0019821605550049554,0.09712586719524281,32,3.044598612487612,2,1.4213917743330218,1.4213917743330218,1.0,166.29
main,v040,LOSO-nes-f0,secondary,LOSO,nested,0,A,IPPO|ppo_single_site_ensemble_seed1_20260517T110907,IPPO,1,P,"May 2026, pre-781c90c reward",8,-384.9609434893264,384.7600942893264,0.0,0.0758492,0.125,205.83965433459127,205.82069203459127,0.0,0.0,0.0,0.0,0.011892963330029732,4,0.3805748265609515,0,0.0,0.0,0.0,166.29
main,v040,LOSO-nes-f0,secondary,LOSO,nested,0,A,IPPO|ppo_single_site_ensemble_seed1_20260517T110907,IPPO,1,P,"May 2026, pre-781c90c reward",9,-458.94590795294357,80.94590795294356,378.0,0.0,0.0,207.27798845535966,207.27798845535966,0.036669970267591674,0.036669970267591674,0.0,0.013875123885034688,0.0,0,0.0,37,6.525420240620031,71.8121952661898,0.42732080292380503,166.29
main,v040,LOSO-nes-f0,secondary,LOSO,nested,0,A,IPPO|ppo_single_site_ensemble_seed7_20260517T091403,IPPO,7,P,"May 2026, pre-781c90c reward",all,-5264.318108613926,4316.045159850778,918.7796395631473,3.8683091999999997,25.625,1971.3592638017026,1970.3921865017028,0.005748265609514371,0.0037661050545094153,0.0019821605550049554,0.003468780971258672,0.08126858275520317,203,1.9314172447968287,58,15.098457699239814,304.83747554532965,0.6196009947175694,170.81
main,v040,LOSO-nes-f0,secondary,LOSO,nested,0,A,IPPO|ppo_single_site_ensemble_seed7_20260517T091403,IPPO,7,P,"May 2026, pre-781c90c reward",0,-876.4354263865008,791.9648589865008,81.0,0.7205674000000001,2.75,176.4004061751334,176.22026432513343,0.002973240832507433,0.0,0.002973240832507433,0.002973240832507433,0.2556987115956392,37,3.520317145688801,3,1.4019476071236394,1.4213917743330218,1.0,170.81
main,v040,LOSO-nes-f0,secondary,LOSO,nested,0,A,IPPO|ppo_single_site_ensemble_seed7_20260517T091403,IPPO,7,P,"May 2026, pre-781c90c reward",1,-542.7779744197449,450.9927840197448,81.0,0.9101904000000001,9.875,190.90905438652098,190.68150678652097,0.002973240832507433,0.0,0.002973240832507433,0.002973240832507433,0.13181367690782952,48,4.566897918731417,3,1.3845715880624054,1.4213917743330218,1.0,170.81
main,v040,LOSO-nes-f0,secondary,LOSO,nested,0,A,IPPO|ppo_single_site_ensemble_seed7_20260517T091403,IPPO,7,P,"May 2026, pre-781c90c reward",2,-285.3978943212564,285.3978943212564,0.0,0.0,0.0,207.1596652387821,207.1596652387821,0.0,0.0,0.0,0.0,0.0,0,0.0,0,0.0,0.0,0.0,170.81
main,v040,LOSO-nes-f0,secondary,LOSO,nested,0,A,IPPO|ppo_single_site_ensemble_seed7_20260517T091403,IPPO,7,P,"May 2026, pre-781c90c reward",3,-164.84558623109876,137.84558623109876,27.0,0.0,0.0,207.2423125911026,207.2423125911026,0.0009910802775024777,0.0009910802775024777,0.0,0.0009910802775024777,0.0,0,0.0,1,3.2475083125733666,3.2475083125733666,1.0,170.81
main,v040,LOSO-nes-f0,secondary,LOSO,nested,0,A,IPPO|ppo_single_site_ensemble_seed7_20260517T091403,IPPO,7,P,"May 2026, pre-781c90c reward",4,-721.6378458016889,558.2698260016888,162.0,0.4930198,0.875,187.2942023654502,187.1709474154502,0.005946481665014866,0.0,0.005946481665014866,0.005946481665014866,0.14866204162537167,26,2.4737363726461843,6,1.4019476071236394,1.4213917743330218,1.0,170.81
main,v040,LOSO-nes-f0,secondary,LOSO,nested,0,A,IPPO|ppo_single_site_ensemble_seed7_20260517T091403,IPPO,7,P,"May 2026, pre-781c90c reward",5,-416.09441675607565,388.5297937560756,27.0,0.18962299999999999,0.375,203.15016698224687,203.10276123224688,0.0009910802775024777,0.0,0.0009910802775024777,0.0009910802775024777,0.03369672943508424,10,0.9514370664023787,1,1.363059272704875,1.363059272704875,1.0,170.81
main,v040,LOSO-nes-f0,secondary,LOSO,nested,0,A,IPPO|ppo_single_site_ensemble_seed7_20260517T091403,IPPO,7,P,"May 2026, pre-781c90c reward",6,-777.8472003800875,633.8694458169402,135.7796395631473,0.948115,7.25,189.50420355390415,189.26717480390417,0.005946481665014866,0.0,0.005946481665014866,0.005946481665014866,0.14767096134786917,50,4.757185332011893,6,101.91113251084283,304.83747554532965,0.8543313309063739,170.81
main,v040,LOSO-nes-f0,secondary,LOSO,nested,0,A,IPPO|ppo_single_site_ensemble_seed7_20260517T091403,IPPO,7,P,"May 2026, pre-781c90c reward",7,-618.1915579103309,586.0847643103307,27.0,0.6067936,4.5,195.30643583673327,195.15473743673326,0.0009910802775024777,0.0,0.0009910802775024777,0.0009910802775024777,0.09514370664023786,32,3.044598612487612,1,1.4213917743330218,1.4213917743330218,1.0,170.81
main,v040,LOSO-nes-f0,secondary,LOSO,nested,0,A,IPPO|ppo_single_site_ensemble_seed7_20260517T091403,IPPO,7,P,"May 2026, pre-781c90c reward",8,-402.1442984541981,402.1442984541981,0.0,0.0,0.0,207.1148282164695,207.1148282164695,0.0,0.0,0.0,0.0,0.0,0,0.0,0,0.0,0.0,0.0,170.81
main,v040,LOSO-nes-f0,secondary,LOSO,nested,0,A,IPPO|ppo_single_site_ensemble_seed7_20260517T091403,IPPO,7,P,"May 2026, pre-781c90c reward",9,-458.94590795294357,80.94590795294356,378.0,0.0,0.0,207.27798845535966,207.27798845535966,0.036669970267591674,0.036669970267591674,0.0,0.013875123885034688,0.0,0,0.0,37,6.525420240620031,71.8121952661898,0.42732080292380503,170.81
main,v040,LOSO-nes-f0,secondary,LOSO,nested,0,A,IPPO|ppo_single_site_ensemble_seed13_20260517T091403,IPPO,13,P,"May 2026, pre-781c90c reward",all,-5100.806378678753,4339.544656115607,729.7796395631473,3.982083,27.5,1974.0690893993988,1973.0735686493986,0.005054509415262636,0.0037661050545094153,0.001288404360753221,0.0027750247770069376,0.07690782953419227,209,1.9885034687809713,51,5.126835753450912,71.8121952661898,0.5673893665415496,166.33
main,v040,LOSO-nes-f0,secondary,LOSO,nested,0,A,IPPO|ppo_single_site_ensemble_seed13_20260517T091403,IPPO,13,P,"May 2026, pre-781c90c reward",0,-853.0595178696184,792.6493274696184,54.0,0.9101904000000001,5.5,176.55601339237558,176.3284657923756,0.0019821605550049554,0.0,0.0019821605550049554,0.0019821605550049554,0.24281466798810702,47,4.47175421209118,2,1.3922255235189485,1.4213917743330218,1.0,166.33
main,v040,LOSO-nes-f0,secondary,LOSO,nested,0,A,IPPO|ppo_single_site_ensemble_seed13_20260517T091403,IPPO,13,P,"May 2026, pre-781c90c reward",1,-547.6760511159578,460.1675591159577,81.0,0.758492,5.75,191.76027055038077,191.57064755038078,0.002973240832507433,0.0,0.002973240832507433,0.002973240832507433,0.1278493557978196,40,3.8057482656095147,3,1.3845715880624054,1.4213917743330218,1.0,166.33
main,v040,LOSO-nes-f0,secondary,LOSO,nested,0,A,IPPO|ppo_single_site_ensemble_seed13_20260517T091403,IPPO,13,P,"May 2026, pre-781c90c reward",2,-285.3978943212564,285.3978943212564,0.0,0.0,0.0,207.1596652387821,207.1596652387821,0.0,0.0,0.0,0.0,0.0,0,0.0,0,0.0,0.0,0.0,166.33
main,v040,LOSO-nes-f0,secondary,LOSO,nested,0,A,IPPO|ppo_single_site_ensemble_seed13_20260517T091403,IPPO,13,P,"May 2026, pre-781c90c reward",3,-164.84558623109876,137.84558623109876,27.0,0.0,0.0,207.2423125911026,207.2423125911026,0.0009910802775024777,0.0009910802775024777,0.0,0.0009910802775024777,0.0,0,0.0,1,3.2475083125733666,3.2475083125733666,1.0,166.33
main,v040,LOSO-nes-f0,secondary,LOSO,nested,0,A,IPPO|ppo_single_site_ensemble_seed13_20260517T091403,IPPO,13,P,"May 2026, pre-781c90c reward",4,-646.0218840732107,563.9417888732106,81.0,0.4550952,0.625,188.0173551125599,187.90358131255988,0.002973240832507433,0.0,0.002973240832507433,0.002973240832507433,0.1377601585728444,24,2.2834489593657086,3,1.382503439914257,1.4213917743330218,1.0,166.33
main,v040,LOSO-nes-f0,secondary,LOSO,nested,0,A,IPPO|ppo_single_site_ensemble_seed13_20260517T091403,IPPO,13,P,"May 2026, pre-781c90c reward",5,-434.5547505061666,406.49012750616663,27.0,0.18962299999999999,0.875,204.8141310637562,204.7667253137562,0.0009910802775024777,0.0,0.0009910802775024777,0.0009910802775024777,0.024777006937561942,10,0.9514370664023787,1,1.4213917743330218,1.4213917743330218,1.0,166.33
main,v040,LOSO-nes-f0,secondary,LOSO,nested,0,A,IPPO|ppo_single_site_ensemble_seed13_20260517T091403,IPPO,13,P,"May 2026, pre-781c90c reward",6,-709.9791763996276,643.1376480364803,54.77963956314729,1.0618888,11.0,190.86936503409078,190.6038928340908,0.002973240832507433,0.0,0.002973240832507433,0.002973240832507433,0.12190287413280476,56,5.32804757185332,3,0.950702176949331,1.363059272704875,0.7086626618127477,166.33
main,v040,LOSO-nes-f0,secondary,LOSO,nested,0,A,IPPO|ppo_single_site_ensemble_seed13_20260517T091403,IPPO,13,P,"May 2026, pre-781c90c reward",7,-603.6937987572805,572.4999297572806,27.0,0.5688690000000001,3.625,193.6435771694359,193.50135991943588,0.0009910802775024777,0.0,0.0009910802775024777,0.0009910802775024777,0.11000991080277503,30,2.8543111992071357,1,1.4213917743330218,1.4213917743330218,1.0,166.33
main,v040,LOSO-nes-f0,secondary,LOSO,nested,0,A,IPPO|ppo_single_site_ensemble_seed13_20260517T091403,IPPO,13,P,"May 2026, pre-781c90c reward",8,-396.631811451594,396.468886851594,0.0,0.0379246,0.125,206.7284107915552,206.7189296415552,0.0,0.0,0.0,0.0,0.003964321110009911,2,0.19028741328047574,0,0.0,0.0,0.0,166.33
main,v040,LOSO-nes-f0,secondary,LOSO,nested,0,A,IPPO|ppo_single_site_ensemble_seed13_20260517T091403,IPPO,13,P,"May 2026, pre-781c90c reward",9,-458.94590795294357,80.94590795294356,378.0,0.0,0.0,207.27798845535966,207.27798845535966,0.036669970267591674,0.036669970267591674,0.0,0.013875123885034688,0.0,0,0.0,37,6.525420240620031,71.8121952661898,0.42732080292380503,166.33
main,v040,LOSO-nes-f0,secondary,LOSO,nested,0,A,IPPO|ppo_single_site_ensemble_seed23_20260517T110907,IPPO,23,P,"May 2026, pre-781c90c reward",all,-5307.2984193682005,4301.097073805054,972.7796395631473,4.171706,29.25,1968.0083584667527,1966.9654319667527,0.005946481665014866,0.0037661050545094153,0.002180376610505451,0.0036669970267591673,0.08503468780971259,219,2.083647175421209,60,14.640686224330532,304.83747554532965,0.6322809615603172,170.84
main,v040,LOSO-nes-f0,secondary,LOSO,nested,0,A,IPPO|ppo_single_site_ensemble_seed23_20260517T110907,IPPO,23,P,"May 2026, pre-781c90c reward",0,-877.2371019163613,790.7777607163612,81.0,0.8343412,4.625,176.25081548094215,176.04223018094217,0.002973240832507433,0.0,0.002973240832507433,0.002973240832507433,0.2566897918731417,43,4.0911793855302285,3,1.4019476071236394,1.4213917743330218,1.0,170.84
main,v040,LOSO-nes-f0,secondary,LOSO,nested,0,A,IPPO|ppo_single_site_ensemble_seed23_20260517T110907,IPPO,23,P,"May 2026, pre-781c90c reward",1,-543.0992289355218,459.9053599355218,81.0,0.5688690000000001,1.625,191.7667710520917,191.62455380209173,0.002973240832507433,0.0,0.002973240832507433,0.002973240832507433,0.12685827552031714,30,2.8543111992071357,3,1.3845715880624054,1.4213917743330218,1.0,170.84
main,v040,LOSO-nes-f0,secondary,LOSO,nested,0,A,IPPO|ppo_single_site_ensemble_seed23_20260517T110907,IPPO,23,P,"May 2026, pre-781c90c reward",2,-285.3978943212564,285.3978943212564,0.0,0.0,0.0,207.1596652387821,207.1596652387821,0.0,0.0,0.0,0.0,0.0,0,0.0,0,0.0,0.0,0.0,170.84
main,v040,LOSO-nes-f0,secondary,LOSO,nested,0,A,IPPO|ppo_single_site_ensemble_seed23_20260517T110907,IPPO,23,P,"May 2026, pre-781c90c reward",3,-164.84558623109876,137.84558623109876,27.0,0.0,0.0,207.2423125911026,207.2423125911026,0.0009910802775024777,0.0009910802775024777,0.0,0.0009910802775024777,0.0,0,0.0,1,3.2475083125733666,3.2475083125733666,1.0,170.84
main,v040,LOSO-nes-f0,secondary,LOSO,nested,0,A,IPPO|ppo_single_site_ensemble_seed23_20260517T110907,IPPO,23,P,"May 2026, pre-781c90c reward",4,-695.6502952243139,559.157275424314,135.0,0.4930198,1.0,187.42855175538398,187.305296805384,0.004955401387512388,0.0,0.004955401387512388,0.004955401387512388,0.14469772051536176,26,2.4737363726461843,5,1.398058773681763,1.4213917743330218,1.0,170.84
main,v040,LOSO-nes-f0,secondary,LOSO,nested,0,A,IPPO|ppo_single_site_ensemble_seed23_20260517T110907,IPPO,23,P,"May 2026, pre-781c90c reward",5,-431.89352454035,377.29097694035,54.0,0.22754760000000002,0.375,202.09836811796634,202.04148121796635,0.0019821605550049554,0.0,0.0019821605550049554,0.0019821605550049554,0.04558969276511397,12,1.1417244796828543,2,1.3594250815284044,1.363059272704875,1.0,170.84
main,v040,LOSO-nes-f0,secondary,LOSO,nested,0,A,IPPO|ppo_single_site_ensemble_seed23_20260517T110907,IPPO,23,P,"May 2026, pre-781c90c reward",6,-793.237861661993,649.7601070988458,135.7796395631473,0.948115,6.75,189.32757977364616,189.09055102364619,0.005946481665014866,0.0,0.005946481665014866,0.005946481665014866,0.15163528245787908,50,4.757185332011893,6,101.91113251084283,304.83747554532965,0.8543313309063739,170.84
main,v040,LOSO-nes-f0,secondary,LOSO,nested,0,A,IPPO|ppo_single_site_ensemble_seed23_20260517T110907,IPPO,23,P,"May 2026, pre-781c90c reward",7,-660.9941261416853,564.8451619416853,81.0,1.0239642,14.125,192.84644660622212,192.59045555622214,0.002973240832507433,0.0,0.002973240832507433,0.002973240832507433,0.12091179385530228,54,5.137760158572845,3,1.4058731874122667,1.4213917743330218,1.0,170.84
main,v040,LOSO-nes-f0,secondary,LOSO,nested,0,A,IPPO|ppo_single_site_ensemble_seed23_20260517T110907,IPPO,23,P,"May 2026, pre-781c90c reward",8,-395.996892442677,395.171043242677,0.0,0.0758492,0.75,206.60985939525582,206.59089709525583,0.0,0.0,0.0,0.0,0.003964321110009911,4,0.3805748265609515,0,0.0,0.0,0.0,170.84
main,v040,LOSO-nes-f0,secondary,LOSO,nested,0,A,IPPO|ppo_single_site_ensemble_seed23_20260517T110907,IPPO,23,P,"May 2026, pre-781c90c reward",9,-458.94590795294357,80.94590795294356,378.0,0.0,0.0,207.27798845535966,207.27798845535966,0.036669970267591674,0.036669970267591674,0.0,0.013875123885034688,0.0,0,0.0,37,6.525420240620031,71.8121952661898,0.42732080292380503,170.84
main,v040,LOSO-nes-f0,secondary,LOSO,nested,0,A,IPPO|ppo_single_site_ensemble_seed42_20260517T091403,IPPO,42,P,"May 2026, pre-781c90c reward",all,-5396.28972762048,4317.217628057333,1053.7796395631472,3.79246,21.5,1972.4653877184892,1971.517272718489,0.00624380574826561,0.0037661050545094153,0.002477700693756194,0.003964321110009911,0.08156590683845391,198,1.8838453914767097,63,4.417102507091656,71.8121952661898,0.6497913919622068,166.57
main,v040,LOSO-nes-f0,secondary,LOSO,nested,0,A,IPPO|ppo_single_site_ensemble_seed42_20260517T091403,IPPO,42,P,"May 2026, pre-781c90c reward",0,-932.0150450254944,796.2341006254943,135.0,0.5309444000000001,0.25,176.7929219080312,176.6601858080312,0.004955401387512388,0.0,0.004955401387512388,0.004955401387512388,0.25867195242814667,27,2.5688800792864224,5,1.4097252740073922,1.4213917743330218,1.0,166.57
main,v040,LOSO-nes-f0,secondary,LOSO,nested,0,A,IPPO|ppo_single_site_ensemble_seed42_20260517T091403,IPPO,42,P,"May 2026, pre-781c90c reward",1,-559.5518478732934,473.90712967329335,81.0,0.6447182,4.0,193.25985083759383,193.09867128759385,0.002973240832507433,0.0,0.002973240832507433,0.002973240832507433,0.1110009910802775,34,3.2348860257680876,3,1.3845715880624054,1.4213917743330218,1.0,166.57
main,v040,LOSO-nes-f0,secondary,LOSO,nested,0,A,IPPO|ppo_single_site_ensemble_seed42_20260517T091403,IPPO,42,P,"May 2026, pre-781c90c reward",2,-368.43779941931155,286.4869502193115,81.0,0.0758492,0.875,207.65104840114805,207.63208610114805,0.002973240832507433,0.0,0.002973240832507433,0.002973240832507433,0.002973240832507433,4,0.3805748265609515,3,1.3995248130059925,1.4213917743330218,1.0,166.57
main,v040,LOSO-nes-f0,secondary,LOSO,nested,0,A,IPPO|ppo_single_site_ensemble_seed42_20260517T091403,IPPO,42,P,"May 2026, pre-781c90c reward",3,-164.84558623109876,137.84558623109876,27.0,0.0,0.0,207.2423125911026,207.2423125911026,0.0009910802775024777,0.0009910802775024777,0.0,0.0009910802775024777,0.0,0,0.0,1,3.2475083125733666,3.2475083125733666,1.0,166.57
main,v040,LOSO-nes-f0,secondary,LOSO,nested,0,A,IPPO|ppo_single_site_ensemble_seed42_20260517T091403,IPPO,42,P,"May 2026, pre-781c90c reward",4,-671.0556636094128,561.9755684094129,108.0,0.45509520000000003,0.625,187.75155045999995,187.63777665999993,0.003964321110009911,0.0,0.003964321110009911,0.003964321110009911,0.14073339940535184,24,2.2834489593657086,4,1.3922255235189482,1.4213917743330218,1.0,166.57
main,v040,LOSO-nes-f0,secondary,LOSO,nested,0,A,IPPO|ppo_single_site_ensemble_seed42_20260517T091403,IPPO,42,P,"May 2026, pre-781c90c reward",5,-450.674991524414,368.496594724414,81.0,0.3033968,0.875,201.3999272999871,201.3240780999871,0.002973240832507433,0.0,0.002973240832507433,0.002973240832507433,0.05649157581764123,16,1.522299306243806,3,1.3800806457966104,1.4213917743330218,1.0,166.57
main,v040,LOSO-nes-f0,secondary,LOSO,nested,0,A,IPPO|ppo_single_site_ensemble_seed42_20260517T091403,IPPO,42,P,"May 2026, pre-781c90c reward",6,-733.4357518524241,640.5942234892767,81.7796395631473,1.0618888000000002,10.0,190.32838865202632,190.06291645202634,0.003964321110009911,0.0,0.003964321110009911,0.003964321110009911,0.13676907829534193,55,5.232903865213083,4,1.0683745762952537,1.4213917743330218,0.7814969963595608,166.57
main,v040,LOSO-nes-f0,secondary,LOSO,nested,0,A,IPPO|ppo_single_site_ensemble_seed42_20260517T091403,IPPO,42,P,"May 2026, pre-781c90c reward",7,-640.7882855696485,583.6323411696485,54.0,0.5309444000000001,2.625,194.7945394373905,194.6618033373905,0.0019821605550049554,0.0,0.0019821605550049554,0.0019821605550049554,0.10009910802775025,28,2.66402378592666,2,1.4213917743330218,1.4213917743330218,1.0,166.57
main,v040,LOSO-nes-f0,secondary,LOSO,nested,0,A,IPPO|ppo_single_site_ensemble_seed42_20260517T091403,IPPO,42,P,"May 2026, pre-781c90c reward",8,-416.5388485624395,387.0992255624395,27.0,0.189623,2.25,205.96685967585,205.91945392585,0.0009910802775024777,0.0,0.0009910802775024777,0.0009910802775024777,0.008919722497522299,10,0.9514370664023787,1,1.363059272704875,1.363059272704875,1.0,166.57
main,v040,LOSO-nes-f0,secondary,LOSO,nested,0,A,IPPO|ppo_single_site_ensemble_seed42_20260517T091403,IPPO,42,P,"May 2026, pre-781c90c reward",9,-458.94590795294357,80.94590795294356,378.0,0.0,0.0,207.27798845535966,207.27798845535966,0.036669970267591674,0.036669970267591674,0.0,0.013875123885034688,0.0,0,0.0,37,6.525420240620031,71.8121952661898,0.42732080292380503,166.57
main,v040,LOSO-nes-f0,secondary,LOSO,nested,0,A,IPPO|ppo_single_site_ensemble_seed64_20260517T110907,IPPO,64,P,"May 2026, pre-781c90c reward",all,-5377.343736589604,4318.280911365908,1029.3798930236974,4.0579322,25.625,1968.493340090754,1967.4788570407536,0.00624380574826561,0.0037661050545094153,0.002477700693756194,0.003964321110009911,0.08602576808721507,213,2.0265609514370664,63,9.176394934198116,302.35582121454627,0.636881473158265,170.81
main,v040,LOSO-nes-f0,secondary,LOSO,nested,0,A,IPPO|ppo_single_site_ensemble_seed64_20260517T110907,IPPO,64,P,"May 2026, pre-781c90c reward",0,-940.0425649515513,766.1416488910013,164.60025346055008,1.1756626,8.125,173.1249920668385,172.8310764168385,0.006937561942517344,0.0,0.006937561942517344,0.006937561942517344,0.30822596630327054,61,5.8037661050545095,7,1.2272989108200807,1.4213917743330218,0.8838107307645242,170.81
main,v040,LOSO-nes-f0,secondary,LOSO,nested,0,A,IPPO|ppo_single_site_ensemble_seed64_20260517T110907,IPPO,64,P,"May 2026, pre-781c90c reward",1,-559.141623192718,475.7356787927181,81.0,0.5309444000000001,1.875,193.54069684258417,193.40796074258418,0.002973240832507433,0.0,0.002973240832507433,0.002973240832507433,0.10703666997026759,28,2.66402378592666,3,1.3845715880624054,1.4213917743330218,1.0,170.81
main,v040,LOSO-nes-f0,secondary,LOSO,nested,0,A,IPPO|ppo_single_site_ensemble_seed64_20260517T110907,IPPO,64,P,"May 2026, pre-781c90c reward",2,-285.3978943212564,285.3978943212564,0.0,0.0,0.0,207.1596652387821,207.1596652387821,0.0,0.0,0.0,0.0,0.0,0,0.0,0,0.0,0.0,0.0,170.81
main,v040,LOSO-nes-f0,secondary,LOSO,nested,0,A,IPPO|ppo_single_site_ensemble_seed64_20260517T110907,IPPO,64,P,"May 2026, pre-781c90c reward",3,-164.84558623109876,137.84558623109876,27.0,0.0,0.0,207.2423125911026,207.2423125911026,0.0009910802775024777,0.0009910802775024777,0.0,0.0009910802775024777,0.0,0,0.0,1,3.2475083125733666,3.2475083125733666,1.0,170.81
main,v040,LOSO-nes-f0,secondary,LOSO,nested,0,A,IPPO|ppo_single_site_ensemble_seed64_20260517T110907,IPPO,64,P,"May 2026, pre-781c90c reward",4,-697.6890518036996,561.0710320036997,135.0,0.4930198,1.125,187.66550521385716,187.54225026385717,0.004955401387512388,0.0,0.004955401387512388,0.004955401387512388,0.14271555996035679,26,2.4737363726461843,5,1.398058773681763,1.4213917743330218,1.0,170.81
main,v040,LOSO-nes-f0,secondary,LOSO,nested,0,A,IPPO|ppo_single_site_ensemble_seed64_20260517T110907,IPPO,64,P,"May 2026, pre-781c90c reward",5,-425.0509605707914,370.03548837079137,54.0,0.2654722,0.75,201.46443097290359,201.3980629229036,0.0019821605550049554,0.0,0.0019821605550049554,0.0019821605550049554,0.049554013875123884,14,1.33201189296333,2,1.3922255235189485,1.4213917743330218,1.0,170.81
main,v040,LOSO-nes-f0,secondary,LOSO,nested,0,A,IPPO|ppo_single_site_ensemble_seed64_20260517T110907,IPPO,64,P,"May 2026, pre-781c90c reward",6,-770.0252606200776,684.6009028569304,81.7796395631473,0.6447182,3.0,192.01736317690236,191.85618362690235,0.003964321110009911,0.0,0.003964321110009911,0.003964321110009911,0.12289395441030723,34,3.2348860257680876,4,76.31656506175561,302.35582121454627,0.7814969963595608,170.81
main,v040,LOSO-nes-f0,secondary,LOSO,nested,0,A,IPPO|ppo_single_site_ensemble_seed64_20260517T110907,IPPO,64,P,"May 2026, pre-781c90c reward",7,-680.8163320476812,563.8078400476811,108.0,0.758492,8.25,192.56438250895906,192.37475950895904,0.003964321110009911,0.0,0.003964321110009911,0.003964321110009911,0.12487611496531219,40,3.8057482656095147,4,1.4097528341424554,1.4213917743330218,1.0,170.81
main,v040,LOSO-nes-f0,secondary,LOSO,nested,0,A,IPPO|ppo_single_site_ensemble_seed64_20260517T110907,IPPO,64,P,"May 2026, pre-781c90c reward",8,-395.38855489778666,392.6989318977867,0.0,0.189623,2.5,206.43600302346456,206.38859727346457,0.0,0.0,0.0,0.0,0.004955401387512388,10,0.9514370664023787,0,0.0,0.0,0.0,170.81
main,v040,LOSO-nes-f0,secondary,LOSO,nested,0,A,IPPO|ppo_single_site_ensemble_seed64_20260517T110907,IPPO,64,P,"May 2026, pre-781c90c reward",9,-458.94590795294357,80.94590795294356,378.0,0.0,0.0,207.27798845535966,207.27798845535966,0.036669970267591674,0.036669970267591674,0.0,0.013875123885034688,0.0,0,0.0,37,6.525420240620031,71.8121952661898,0.42732080292380503,170.81
main,v040,LOSO-nes-f0,secondary,LOSO,nested,0,A,IPPO|ppo_single_site_ensemble_seed77_20260517T110907,IPPO,77,P,"May 2026, pre-781c90c reward",all,-5308.8854914714775,4310.23754270833,972.7796395631473,3.8683091999999997,22.0,1974.5288879778152,1973.5618106778152,0.005847373637264618,0.0037661050545094153,0.0027750247770069376,0.0036669970267591673,0.08225966303270565,203,1.9314172447968287,59,17634.72405440339,167179.9679537396,0.6416631225092534,166.91
main,v040,LOSO-nes-f0,secondary,LOSO,nested,0,A,IPPO|ppo_single_site_ensemble_seed77_20260517T110907,IPPO,77,P,"May 2026, pre-781c90c reward",0,-860.0752071770389,802.604639777039,54.0,0.7205674,2.75,177.37444918374405,177.19430733374406,0.0019821605550049554,0.0,0.0019821605550049554,0.0019821605550049554,0.24083250743310208,37,3.520317145688801,2,1.3922255235189485,1.4213917743330218,1.0,166.91
main,v040,LOSO-nes-f0,secondary,LOSO,nested,0,A,IPPO|ppo_single_site_ensemble_seed77_20260517T110907,IPPO,77,P,"May 2026, pre-781c90c reward",1,-553.9079499718066,469.1761563718066,81.0,0.6067936,3.125,192.86815832688868,192.71645992688866,0.002973240832507433,0.0,0.002973240832507433,0.002973240832507433,0.11199207135777998,32,3.044598612487612,3,1.3845715880624054,1.4213917743330218,1.0,166.91
main,v040,LOSO-nes-f0,secondary,LOSO,nested,0,A,IPPO|ppo_single_site_ensemble_seed77_20260517T110907,IPPO,77,P,"May 2026, pre-781c90c reward",2,-285.3978943212564,285.3978943212564,0.0,0.0,0.0,207.1596652387821,207.1596652387821,0.0,0.0,0.0,0.0,0.0,0,0.0,0,0.0,0.0,0.0,166.91
main,v040,LOSO-nes-f0,secondary,LOSO,nested,0,A,IPPO|ppo_single_site_ensemble_seed77_20260517T110907,IPPO,77,P,"May 2026, pre-781c90c reward",3,-164.84558623109876,137.84558623109876,27.0,0.0,0.0,207.2423125911026,207.2423125911026,0.0009910802775024777,0.0009910802775024777,0.0,0.0009910802775024777,0.0,0,0.0,1,3.2475083125733666,3.2475083125733666,1.0,166.91
main,v040,LOSO-nes-f0,secondary,LOSO,nested,0,A,IPPO|ppo_single_site_ensemble_seed77_20260517T110907,IPPO,77,P,"May 2026, pre-781c90c reward",4,-670.7991499388133,561.7190547388134,108.0,0.45509520000000003,0.625,187.7345654883582,187.62079168835817,0.003964321110009911,0.0,0.003964321110009911,0.003964321110009911,0.14172447968285432,24,2.2834489593657086,4,1.3922255235189482,1.4213917743330218,1.0,166.91
main,v040,LOSO-nes-f0,secondary,LOSO,nested,0,A,IPPO|ppo_single_site_ensemble_seed77_20260517T110907,IPPO,77,P,"May 2026, pre-781c90c reward",5,-421.2358249299566,364.9815789299566,54.0,0.37924599999999997,1.875,200.86690734632742,200.77209584632743,0.0019821605550049554,0.0,0.0019821605550049554,0.0019821605550049554,0.057482656095143705,20,1.9028741328047574,2,1.3922255235189485,1.4213917743330218,1.0,166.91
main,v040,LOSO-nes-f0,secondary,LOSO,nested,0,A,IPPO|ppo_single_site_ensemble_seed77_20260517T110907,IPPO,77,P,"May 2026, pre-781c90c reward",6,-782.3109705888462,640.1969898256989,135.7796395631473,0.8343412,5.5,190.0341607012122,189.8255754012122,0.005946481665014866,0.0,0.005946481665014866,0.005946481665014866,0.14172447968285432,44,4.186323092170466,6,101.91113251084283,304.83747554532965,0.8543313309063739,166.91
main,v040,LOSO-nes-f0,secondary,LOSO,nested,0,A,IPPO|ppo_single_site_ensemble_seed77_20260517T110907,IPPO,77,P,"May 2026, pre-781c90c reward",7,-654.3135814249131,564.8921648249129,81.0,0.7964166000000001,7.625,192.79797578996323,192.59887163996322,0.002973240832507433,0.0,0.002973240832507433,0.002973240832507433,0.12289395441030723,42,3.9960356788899905,3,1.4058731874122667,1.4213917743330218,1.0,166.91
main,v040,LOSO-nes-f0,secondary,LOSO,nested,0,A,IPPO|ppo_single_site_ensemble_seed77_20260517T110907,IPPO,77,P,"May 2026, pre-781c90c reward",8,-402.1442984541981,402.1442984541981,0.0,0.0,0.0,207.1148282164695,207.1148282164695,0.0,0.0,0.0,0.0,0.0,0,0.0,0,0.0,0.0,0.0,166.91
main,v040,LOSO-nes-f0,secondary,LOSO,nested,0,A,IPPO|ppo_single_site_ensemble_seed77_20260517T110907,IPPO,77,P,"May 2026, pre-781c90c reward",9,-513.8550284335493,81.2791792335492,432.0,0.0758492,0.5,211.33586509496726,211.31690279496726,0.03766105054509415,0.036669970267591674,0.007928642220019821,0.015857284440039643,0.005946481665014866,4,0.3805748265609515,38,27363.53936231336,167179.9679537396,0.46663516427915014,166.91
main,v040,LOSO-nes-f0,secondary,LOSO,nested,0,A,IPPO|ppo_single_site_ensemble_seed99_20260517T091403,IPPO,99,P,"May 2026, pre-781c90c reward",all,-5208.804306333073,4321.035603569926,864.7796395631473,3.4890632000000004,19.5,1972.082397193628,1971.2101313936278,0.005550049554013875,0.0037661050545094153,0.00178394449950446,0.0032705649157581764,0.07958374628344896,183,1.741129831516353,56,10.169821638176334,302.35582121454627,0.6060153159574826,170.73
main,v040,LOSO-nes-f0,secondary,LOSO,nested,0,A,IPPO|ppo_single_site_ensemble_seed99_20260517T091403,IPPO,99,P,"May 2026, pre-781c90c reward",0,-934.9387908383784,798.2449218383783,135.0,0.5688690000000001,1.125,177.0815246466977,176.9393073966977,0.004955401387512388,0.0,0.004955401387512388,0.004955401387512388,0.25173439048562934,29,2.759167492566898,5,1.4097252740073922,1.4213917743330218,1.0,170.73
main,v040,LOSO-nes-f0,secondary,LOSO,nested,0,A,IPPO|ppo_single_site_ensemble_seed99_20260517T091403,IPPO,99,P,"May 2026, pre-781c90c reward",1,-544.1159799035594,458.6833371035594,81.0,0.6826428,3.75,191.8460675422288,191.6754068422288,0.002973240832507433,0.0,0.002973240832507433,0.002973240832507433,0.12289395441030723,36,3.4251734390485633,3,1.3845715880624054,1.4213917743330218,1.0,170.73
main,v040,LOSO-nes-f0,secondary,LOSO,nested,0,A,IPPO|ppo_single_site_ensemble_seed99_20260517T091403,IPPO,99,P,"May 2026, pre-781c90c reward",2,-285.3978943212564,285.3978943212564,0.0,0.0,0.0,207.1596652387821,207.1596652387821,0.0,0.0,0.0,0.0,0.0,0,0.0,0,0.0,0.0,0.0,170.73
main,v040,LOSO-nes-f0,secondary,LOSO,nested,0,A,IPPO|ppo_single_site_ensemble_seed99_20260517T091403,IPPO,99,P,"May 2026, pre-781c90c reward",3,-164.84558623109876,137.84558623109876,27.0,0.0,0.0,207.2423125911026,207.2423125911026,0.0009910802775024777,0.0009910802775024777,0.0,0.0009910802775024777,0.0,0,0.0,1,3.2475083125733666,3.2475083125733666,1.0,170.73
main,v040,LOSO-nes-f0,secondary,LOSO,nested,0,A,IPPO|ppo_single_site_ensemble_seed99_20260517T091403,IPPO,99,P,"May 2026, pre-781c90c reward",4,-670.293254627955,560.3002348279549,108.0,0.4930198,1.5,187.79012950238126,187.66687455238127,0.003964321110009911,0.0,0.003964321110009911,0.003964321110009911,0.13974231912784935,26,2.4737363726461843,4,1.3922255235189482,1.4213917743330218,1.0,170.73
main,v040,LOSO-nes-f0,secondary,LOSO,nested,0,A,IPPO|ppo_single_site_ensemble_seed99_20260517T091403,IPPO,99,P,"May 2026, pre-781c90c reward",5,-382.3209355939571,381.6313125939571,0.0,0.189623,0.5,202.61404468425872,202.56663893425872,0.0,0.0,0.0,0.0,0.035678889990089196,10,0.9514370664023787,0,0.0,0.0,0.0,170.73
main,v040,LOSO-nes-f0,secondary,LOSO,nested,0,A,IPPO|ppo_single_site_ensemble_seed99_20260517T091403,IPPO,99,P,"May 2026, pre-781c90c reward",6,-725.917034292444,636.8901289292967,81.7796395631473,0.8722658,6.375,189.8374971040816,189.6194306540816,0.003964321110009911,0.0,0.003964321110009911,0.003964321110009911,0.13974231912784935,46,4.376610505450942,4,76.30198193634858,302.35582121454627,0.7814969963595608,170.73
main,v040,LOSO-nes-f0,secondary,LOSO,nested,0,A,IPPO|ppo_single_site_ensemble_seed99_20260517T091403,IPPO,99,P,"May 2026, pre-781c90c reward",7,-646.032030128804,585.925236528804,54.0,0.6067936,5.5,194.62330803347953,194.47160963347955,0.0019821605550049554,0.0,0.0019821605550049554,0.0019821605550049554,0.10208126858275521,32,3.044598612487612,2,1.4213917743330218,1.4213917743330218,1.0,170.73
main,v040,LOSO-nes-f0,secondary,LOSO,nested,0,A,IPPO|ppo_single_site_ensemble_seed99_20260517T091403,IPPO,99,P,"May 2026, pre-781c90c reward",8,-395.996892442677,395.171043242677,0.0,0.0758492,0.75,206.60985939525582,206.59089709525583,0.0,0.0,0.0,0.0,0.003964321110009911,4,0.3805748265609515,0,0.0,0.0,0.0,170.73
main,v040,LOSO-nes-f0,secondary,LOSO,nested,0,A,IPPO|ppo_single_site_ensemble_seed99_20260517T091403,IPPO,99,P,"May 2026, pre-781c90c reward",9,-458.94590795294357,80.94590795294356,378.0,0.0,0.0,207.27798845535966,207.27798845535966,0.036669970267591674,0.036669970267591674,0.0,0.013875123885034688,0.0,0,0.0,37,6.525420240620031,71.8121952661898,0.42732080292380503,170.73
main,v040,LOSO-nes-f0,secondary,LOSO,nested,0,A,IPPO|ippo_nr_seed13,IPPO,13,T,"June 2026, current reward",all,-5236.616871134485,4365.393073171337,837.7796395631473,3.9441584,29.5,1974.4337201561907,1973.4476805561903,0.005450941526263627,0.0037661050545094153,0.0016848364717542122,0.0031714568880079285,0.07700693756194252,207,1.9694747274529236,55,10.374004987169547,304.83747554532965,0.5988519580658006,166.77
main,v040,LOSO-nes-f0,secondary,LOSO,nested,0,A,IPPO|ippo_nr_seed13,IPPO,13,T,"June 2026, current reward",0,-862.2971829053054,805.4895401053054,54.0,0.6826428,2.125,177.78289737699941,177.61223667699943,0.0019821605550049554,0.0,0.0019821605550049554,0.0019821605550049554,0.2358771060455897,35,3.3300297324083252,2,1.3922255235189485,1.4213917743330218,1.0,166.77
main,v040,LOSO-nes-f0,secondary,LOSO,nested,0,A,IPPO|ippo_nr_seed13,IPPO,13,T,"June 2026, current reward",1,-546.1377799798222,460.83013717982226,81.0,0.6826428,3.625,191.8772781860656,191.70661748606557,0.002973240832507433,0.0,0.002973240832507433,0.002973240832507433,0.12487611496531219,36,3.4251734390485633,3,1.3845715880624054,1.4213917743330218,1.0,166.77
main,v040,LOSO-nes-f0,secondary,LOSO,nested,0,A,IPPO|ippo_nr_seed13,IPPO,13,T,"June 2026, current reward",2,-285.3978943212564,285.3978943212564,0.0,0.0,0.0,207.1596652387821,207.1596652387821,0.0,0.0,0.0,0.0,0.0,0,0.0,0,0.0,0.0,0.0,166.77
main,v040,LOSO-nes-f0,secondary,LOSO,nested,0,A,IPPO|ippo_nr_seed13,IPPO,13,T,"June 2026, current reward",3,-164.84558623109876,137.84558623109876,27.0,0.0,0.0,207.2423125911026,207.2423125911026,0.0009910802775024777,0.0009910802775024777,0.0,0.0009910802775024777,0.0,0,0.0,1,3.2475083125733666,3.2475083125733666,1.0,166.77
main,v040,LOSO-nes-f0,secondary,LOSO,nested,0,A,IPPO|ippo_nr_seed13,IPPO,13,T,"June 2026, current reward",4,-697.7632142012678,561.1451944012679,135.0,0.4930198,1.125,187.68254286864953,187.55928791864952,0.004955401387512388,0.0,0.004955401387512388,0.004955401387512388,0.14172447968285432,26,2.4737363726461843,5,1.398058773681763,1.4213917743330218,1.0,166.77
main,v040,LOSO-nes-f0,secondary,LOSO,nested,0,A,IPPO|ippo_nr_seed13,IPPO,13,T,"June 2026, current reward",5,-410.69268627197977,410.2039124719797,0.0,0.1137738,0.375,204.8532213274175,204.8247778774175,0.0,0.0,0.0,0.0,0.019821605550049554,6,0.5708622398414271,0,0.0,0.0,0.0,166.77
main,v040,LOSO-nes-f0,secondary,LOSO,nested,0,A,IPPO|ippo_nr_seed13,IPPO,13,T,"June 2026, current reward",6,-753.9719701953585,655.5658188322112,81.7796395631473,1.2515117999999998,15.375,190.6000778127583,190.28719986275826,0.003964321110009911,0.0,0.003964321110009911,0.003964321110009911,0.12487611496531219,66,6.279484638255699,4,76.92239551904441,304.83747554532965,0.7814969963595608,166.77
main,v040,LOSO-nes-f0,secondary,LOSO,nested,0,A,IPPO|ippo_nr_seed13,IPPO,13,T,"June 2026, current reward",7,-654.4203506212548,565.8247832212547,81.0,0.7205674,6.875,192.8429080825864,192.66276623258636,0.002973240832507433,0.0,0.002973240832507433,0.002973240832507433,0.12289395441030723,38,3.615460852329039,3,1.4213917743330218,1.4213917743330218,1.0,166.77
main,v040,LOSO-nes-f0,secondary,LOSO,nested,0,A,IPPO|ippo_nr_seed13,IPPO,13,T,"June 2026, current reward",8,-402.1442984541981,402.1442984541981,0.0,0.0,0.0,207.1148282164695,207.1148282164695,0.0,0.0,0.0,0.0,0.0,0,0.0,0,0.0,0.0,0.0,166.77
main,v040,LOSO-nes-f0,secondary,LOSO,nested,0,A,IPPO|ippo_nr_seed13,IPPO,13,T,"June 2026, current reward",9,-458.94590795294357,80.94590795294356,378.0,0.0,0.0,207.27798845535966,207.27798845535966,0.036669970267591674,0.036669970267591674,0.0,0.013875123885034688,0.0,0,0.0,37,6.525420240620031,71.8121952661898,0.42732080292380503,166.77
main,v040,LOSO-nes-f0,secondary,LOSO,nested,0,A,IPPO|ippo_nr_seed23,IPPO,23,T,"June 2026, current reward",all,-5188.811572348271,4366.246452985124,783.7796395631473,4.2854798,34.5,1974.121291392075,1973.049921442075,0.005252725470763132,0.0037661050545094153,0.0014866204162537165,0.002973240832507433,0.07770069375619425,225,2.140733399405352,53,4.988108292005484,71.8121952661898,0.5837142961060194,170.66
main,v040,LOSO-nes-f0,secondary,LOSO,nested,0,A,IPPO|ippo_nr_seed23,IPPO,23,T,"June 2026, current reward",0,-895.6370547015754,779.0372413015752,108.0,1.0998134,7.5,174.67907894124804,174.40412559124806,0.003964321110009911,0.0,0.003964321110009911,0.003964321110009911,0.27849355797819625,57,5.423191278493558,4,1.406808648925985,1.4213917743330218,1.0,170.66
main,v040,LOSO-nes-f0,secondary,LOSO,nested,0,A,IPPO|ippo_nr_seed23,IPPO,23,T,"June 2026, current reward",1,-547.2355257181906,463.0037321181906,81.0,0.6067936,2.625,192.3597708515852,192.2080724515852,0.002973240832507433,0.0,0.002973240832507433,0.002973240832507433,0.1159563924677899,32,3.044598612487612,3,1.3845715880624054,1.4213917743330218,1.0,170.66
main,v040,LOSO-nes-f0,secondary,LOSO,nested,0,A,IPPO|ippo_nr_seed23,IPPO,23,T,"June 2026, current reward",2,-285.3978943212564,285.3978943212564,0.0,0.0,0.0,207.1596652387821,207.1596652387821,0.0,0.0,0.0,0.0,0.0,0,0.0,0,0.0,0.0,0.0,170.66
main,v040,LOSO-nes-f0,secondary,LOSO,nested,0,A,IPPO|ippo_nr_seed23,IPPO,23,T,"June 2026, current reward",3,-164.84558623109876,137.84558623109876,27.0,0.0,0.0,207.2423125911026,207.2423125911026,0.0009910802775024777,0.0009910802775024777,0.0,0.0009910802775024777,0.0,0,0.0,1,3.2475083125733666,3.2475083125733666,1.0,170.66
main,v040,LOSO-nes-f0,secondary,LOSO,nested,0,A,IPPO|ippo_nr_seed23,IPPO,23,T,"June 2026, current reward",4,-698.2026956404603,561.7096758404602,135.0,0.4930198,1.0,187.65641973402126,187.53316478402127,0.004955401387512388,0.0,0.004955401387512388,0.004955401387512388,0.14469772051536176,26,2.4737363726461843,5,1.398058773681763,1.4213917743330218,1.0,170.66
main,v040,LOSO-nes-f0,secondary,LOSO,nested,0,A,IPPO|ippo_nr_seed23,IPPO,23,T,"June 2026, current reward",5,-390.9092880777941,388.64381587779405,0.0,0.2654722,2.0,203.15316650720672,203.0867984572067,0.0,0.0,0.0,0.0,0.03270564915758176,14,1.33201189296333,0,0.0,0.0,0.0,170.66
main,v040,LOSO-nes-f0,secondary,LOSO,nested,0,A,IPPO|ippo_nr_seed23,IPPO,23,T,"June 2026, current reward",6,-735.6834667905589,698.6944860274116,27.779639563147292,0.8343412,8.375,193.79876639455412,193.5901810945541,0.0019821605550049554,0.0,0.0019821605550049554,0.0019821605550049554,0.09514370664023786,44,4.186323092170466,2,0.744523629071559,1.363059272704875,0.5629939927191215,170.66
main,v040,LOSO-nes-f0,secondary,LOSO,nested,0,A,IPPO|ippo_nr_seed23,IPPO,23,T,"June 2026, current reward",7,-616.1239879385912,576.626722138591,27.0,0.8722658000000001,11.625,194.21131423441753,193.99324778441752,0.0009910802775024777,0.0,0.0009910802775024777,0.0009910802775024777,0.10604558969276512,46,4.376610505450942,1,1.4213917743330218,1.4213917743330218,1.0,170.66
main,v040,LOSO-nes-f0,secondary,LOSO,nested,0,A,IPPO|ippo_nr_seed23,IPPO,23,T,"June 2026, current reward",8,-395.8301649758014,394.3413911758014,0.0,0.11377380000000001,1.375,206.58280844379777,206.55436499379778,0.0,0.0,0.0,0.0,0.003964321110009911,6,0.5708622398414271,0,0.0,0.0,0.0,170.66
main,v040,LOSO-nes-f0,secondary,LOSO,nested,0,A,IPPO|ippo_nr_seed23,IPPO,23,T,"June 2026, current reward",9,-458.94590795294357,80.94590795294356,378.0,0.0,0.0,207.27798845535966,207.27798845535966,0.036669970267591674,0.036669970267591674,0.0,0.013875123885034688,0.0,0,0.0,37,6.525420240620031,71.8121952661898,0.42732080292380503,170.66
main,v040,LOSO-nes-f0,secondary,LOSO,nested,0,A,IPPO|ippo_nr_seed1,IPPO,1,T,"June 2026, current reward",all,-5543.913655027566,4359.519952264419,1161.7796395631472,3.4890631999999995,19.125,1982.9328243231191,1982.0605585231192,0.006640237859266601,0.0048562933597621405,0.0028741328047571855,0.004360753221010902,0.077601585728444,183,1.741129831516353,67,338.771897637567,3468.306858912769,0.6706993685614779,167.14
main,v040,LOSO-nes-f0,secondary,LOSO,nested,0,A,IPPO|ippo_nr_seed1,IPPO,1,T,"June 2026, current reward",0,-939.3632425681861,803.0443735681861,135.0,0.5688690000000001,0.75,177.38107623018857,177.23885898018858,0.004955401387512388,0.0,0.004955401387512388,0.004955401387512388,0.24777006937561943,29,2.759167492566898,5,1.4097252740073922,1.4213917743330218,1.0,167.14
main,v040,LOSO-nes-f0,secondary,LOSO,nested,0,A,IPPO|ippo_nr_seed1,IPPO,1,T,"June 2026, current reward",1,-554.3872093643597,470.0304157643598,81.0,0.6067936,2.75,192.8920377376807,192.74033933768067,0.002973240832507433,0.0,0.002973240832507433,0.002973240832507433,0.11496531219028741,32,3.044598612487612,3,1.3845715880624054,1.4213917743330218,1.0,167.14
main,v040,LOSO-nes-f0,secondary,LOSO,nested,0,A,IPPO|ippo_nr_seed1,IPPO,1,T,"June 2026, current reward",2,-285.3978943212564,285.3978943212564,0.0,0.0,0.0,207.1596652387821,207.1596652387821,0.0,0.0,0.0,0.0,0.0,0,0.0,0,0.0,0.0,0.0,167.14
main,v040,LOSO-nes-f0,secondary,LOSO,nested,0,A,IPPO|ippo_nr_seed1,IPPO,1,T,"June 2026, current reward",3,-492.7633703593065,141.72544575930652,351.0,0.0379246,0.0,214.41160513285618,214.40212398285618,0.01288404360753221,0.011892963330029732,0.011892963330029732,0.01288404360753221,0.010901883052527254,2,0.19028741328047574,13,1725.6822147698356,3468.306858912769,1.0,167.14
main,v040,LOSO-nes-f0,secondary,LOSO,nested,0,A,IPPO|ippo_nr_seed1,IPPO,1,T,"June 2026, current reward",4,-643.7096817068157,559.3528881068157,81.0,0.6067936,2.75,188.03407004518962,187.88237164518964,0.002973240832507433,0.0,0.002973240832507433,0.002973240832507433,0.13478691774033696,32,3.044598612487612,3,1.382503439914257,1.4213917743330218,1.0,167.14
main,v040,LOSO-nes-f0,secondary,LOSO,nested,0,A,IPPO|ippo_nr_seed1,IPPO,1,T,"June 2026, current reward",5,-453.70493152414576,398.8903085241458,54.0,0.18962299999999999,0.625,204.08677689679254,204.03937114679255,0.0019821605550049554,0.0,0.0019821605550049554,0.0019821605550049554,0.030723488602576808,10,0.9514370664023787,2,1.3922255235189485,1.4213917743330218,1.0,167.14
main,v040,LOSO-nes-f0,secondary,LOSO,nested,0,A,IPPO|ippo_nr_seed1,IPPO,1,T,"June 2026, current reward",6,-706.6871424674964,646.9369355043491,54.77963956314729,0.7205674,4.25,191.02806099426994,190.84791914426995,0.002973240832507433,0.0,0.002973240832507433,0.002973240832507433,0.12487611496531219,38,3.615460852329039,3,0.950702176949331,1.363059272704875,0.7086626618127477,167.14
main,v040,LOSO-nes-f0,secondary,LOSO,nested,0,A,IPPO|ippo_nr_seed1,IPPO,1,T,"June 2026, current reward",7,-606.8099763088582,571.0514843088581,27.0,0.7584919999999999,8.0,193.54671537553028,193.35709237553027,0.0009910802775024777,0.0,0.0009910802775024777,0.0009910802775024777,0.11199207135777998,40,3.8057482656095147,1,1.4213917743330218,1.4213917743330218,1.0,167.14
main,v040,LOSO-nes-f0,secondary,LOSO,nested,0,A,IPPO|ippo_nr_seed1,IPPO,1,T,"June 2026, current reward",8,-402.1442984541981,402.1442984541981,0.0,0.0,0.0,207.1148282164695,207.1148282164695,0.0,0.0,0.0,0.0,0.0,0,0.0,0,0.0,0.0,0.0,167.14
main,v040,LOSO-nes-f0,secondary,LOSO,nested,0,A,IPPO|ippo_nr_seed1,IPPO,1,T,"June 2026, current reward",9,-458.94590795294357,80.94590795294356,378.0,0.0,0.0,207.27798845535966,207.27798845535966,0.036669970267591674,0.036669970267591674,0.0,0.013875123885034688,0.0,0,0.0,37,6.525420240620031,71.8121952661898,0.42732080292380503,167.14
main,v040,LOSO-nes-f0,secondary,LOSO,nested,0,A,IPPO|ippo_nr_seed7,IPPO,7,T,"June 2026, current reward",all,-5294.043968157123,4322.6727177939765,945.7796395631473,3.7166107999999998,21.875,1972.093994291631,1971.1648415916309,0.005847373637264618,0.0037661050545094153,0.0020812685827552033,0.00356788899900892,0.08097125867195243,195,1.8553022794846383,59,14.866519829625243,304.83747554532965,0.6260484354850684,170.67
main,v040,LOSO-nes-f0,secondary,LOSO,nested,0,A,IPPO|ippo_nr_seed7,IPPO,7,T,"June 2026, current reward",0,-882.1747118768715,798.2420690768714,81.0,0.6826428,2.25,176.8655108238329,176.6948501238329,0.002973240832507433,0.0,0.002973240832507433,0.002973240832507433,0.24975222993062438,35,3.3300297324083252,3,1.4019476071236394,1.4213917743330218,1.0,170.67
main,v040,LOSO-nes-f0,secondary,LOSO,nested,0,A,IPPO|ippo_nr_seed7,IPPO,7,T,"June 2026, current reward",1,-558.2191850802942,474.2753160802942,81.0,0.5688690000000001,2.375,193.31460179667152,193.17238454667154,0.002973240832507433,0.0,0.002973240832507433,0.002973240832507433,0.11000991080277503,30,2.8543111992071357,3,1.3845715880624054,1.4213917743330218,1.0,170.67
main,v040,LOSO-nes-f0,secondary,LOSO,nested,0,A,IPPO|ippo_nr_seed7,IPPO,7,T,"June 2026, current reward",2,-285.3978943212564,285.3978943212564,0.0,0.0,0.0,207.1596652387821,207.1596652387821,0.0,0.0,0.0,0.0,0.0,0,0.0,0,0.0,0.0,0.0,170.67
main,v040,LOSO-nes-f0,secondary,LOSO,nested,0,A,IPPO|ippo_nr_seed7,IPPO,7,T,"June 2026, current reward",3,-219.88388692211814,138.34596232211814,81.0,0.0379246,0.5,207.485091861765,207.475610711765,0.002973240832507433,0.0009910802775024777,0.0019821605550049554,0.002973240832507433,0.0009910802775024777,2,0.19028741328047574,3,2.0082303257527743,3.2475083125733666,1.0,170.67
main,v040,LOSO-nes-f0,secondary,LOSO,nested,0,A,IPPO|ippo_nr_seed7,IPPO,7,T,"June 2026, current reward",4,-695.5439675574349,558.138023157435,135.0,0.5309444,1.875,187.3068498153126,187.17411371531261,0.004955401387512388,0.0,0.004955401387512388,0.004955401387512388,0.14568880079286423,28,2.66402378592666,5,1.398058773681763,1.4213917743330218,1.0,170.67
main,v040,LOSO-nes-f0,secondary,LOSO,nested,0,A,IPPO|ippo_nr_seed7,IPPO,7,T,"June 2026, current reward",5,-433.8522136000346,406.0755152000346,27.0,0.1516984,0.625,204.77919388969332,204.74126928969332,0.0009910802775024777,0.0,0.0009910802775024777,0.0009910802775024777,0.023785926660059464,8,0.761149653121903,1,1.4213917743330218,1.4213917743330218,1.0,170.67
main,v040,LOSO-nes-f0,secondary,LOSO,nested,0,A,IPPO|ippo_nr_seed7,IPPO,7,T,"June 2026, current reward",6,-745.2677675972325,625.8012392340852,108.7796395631473,1.0618888,9.625,188.64712015204194,188.38164795204193,0.004955401387512388,0.0,0.004955401387512388,0.004955401387512388,0.15361744301288405,56,5.32804757185332,5,122.00908065814478,304.83747554532965,0.8251975970876486,170.67
main,v040,LOSO-nes-f0,secondary,LOSO,nested,0,A,IPPO|ippo_nr_seed7,IPPO,7,T,"June 2026, current reward",7,-629.7135390078253,570.7317454078253,54.0,0.6067936,4.375,193.42846447370013,193.27676607370012,0.0019821605550049554,0.0,0.0019821605550049554,0.0019821605550049554,0.11496531219028741,32,3.044598612487612,2,1.4213917743330218,1.4213917743330218,1.0,170.67
main,v040,LOSO-nes-f0,secondary,LOSO,nested,0,A,IPPO|ippo_nr_seed7,IPPO,7,T,"June 2026, current reward",8,-385.04489424111193,384.71904504111194,0.0,0.0758492,0.25,205.82950778447167,205.81054548447167,0.0,0.0,0.0,0.0,0.010901883052527254,4,0.3805748265609515,0,0.0,0.0,0.0,170.67
main,v040,LOSO-nes-f0,secondary,LOSO,nested,0,A,IPPO|ippo_nr_seed7,IPPO,7,T,"June 2026, current reward",9,-458.94590795294357,80.94590795294356,378.0,0.0,0.0,207.27798845535966,207.27798845535966,0.036669970267591674,0.036669970267591674,0.0,0.013875123885034688,0.0,0,0.0,37,6.525420240620031,71.8121952661898,0.42732080292380503,170.67
main,v040,LOSO-nes-f0,secondary,LOSO,nested,0,A,IPPO|ippo_nr_seed42,IPPO,42,T,"June 2026, current reward",all,-5162.017737434241,4322.407713271094,810.7796395631473,3.8303846000000004,25.0,1971.6385634670946,1970.6809673170947,0.005351833498513379,0.0037661050545094153,0.0015857284440039642,0.003072348860257681,0.08057482656095144,201,1.9123885034687813,54,10.492975415341599,302.35582121454627,0.5914232906225746,167.13
main,v040,LOSO-nes-f0,secondary,LOSO,nested,0,A,IPPO|ippo_nr_seed42,IPPO,42,T,"June 2026, current reward",0,-874.1421223423016,787.3569319423017,81.0,0.9101904,4.875,175.5180959435585,175.29054834355853,0.002973240832507433,0.0,0.002973240832507433,0.002973240832507433,0.26461843409316155,47,4.47175421209118,3,1.4019476071236394,1.4213917743330218,1.0,167.13
main,v040,LOSO-nes-f0,secondary,LOSO,nested,0,A,IPPO|ippo_nr_seed42,IPPO,42,T,"June 2026, current reward",1,-542.6178919047006,459.17402290470056,81.0,0.5688690000000001,1.875,191.83927363168283,191.69705638168284,0.002973240832507433,0.0,0.002973240832507433,0.002973240832507433,0.12388503468780972,30,2.8543111992071357,3,1.3845715880624054,1.4213917743330218,1.0,167.13
main,v040,LOSO-nes-f0,secondary,LOSO,nested,0,A,IPPO|ippo_nr_seed42,IPPO,42,T,"June 2026, current reward",2,-285.3978943212564,285.3978943212564,0.0,0.0,0.0,207.1596652387821,207.1596652387821,0.0,0.0,0.0,0.0,0.0,0,0.0,0,0.0,0.0,0.0,167.13
main,v040,LOSO-nes-f0,secondary,LOSO,nested,0,A,IPPO|ippo_nr_seed42,IPPO,42,T,"June 2026, current reward",3,-164.84558623109876,137.84558623109876,27.0,0.0,0.0,207.2423125911026,207.2423125911026,0.0009910802775024777,0.0009910802775024777,0.0,0.0009910802775024777,0.0,0,0.0,1,3.2475083125733666,3.2475083125733666,1.0,167.13
main,v040,LOSO-nes-f0,secondary,LOSO,nested,0,A,IPPO|ippo_nr_seed42,IPPO,42,T,"June 2026, current reward",4,-650.2008315776192,567.4578117776191,81.0,0.4930198,1.25,188.39340604677605,188.27015109677603,0.002973240832507433,0.0,0.002973240832507433,0.002973240832507433,0.1337958374628345,26,2.4737363726461843,3,1.382503439914257,1.4213917743330218,1.0,167.13
main,v040,LOSO-nes-f0,secondary,LOSO,nested,0,A,IPPO|ippo_nr_seed42,IPPO,42,T,"June 2026, current reward",5,-405.830436145466,405.754586945466,0.0,0.0758492,0.0,204.58174986141069,204.5627875614107,0.0,0.0,0.0,0.0,0.019821605550049554,4,0.3805748265609515,0,0.0,0.0,0.0,167.13
main,v040,LOSO-nes-f0,secondary,LOSO,nested,0,A,IPPO|ippo_nr_seed42,IPPO,42,T,"June 2026, current reward",6,-727.2107248438977,637.6838194807503,81.7796395631473,0.8722658000000001,6.875,190.01205920060596,189.79399275060595,0.003964321110009911,0.0,0.003964321110009911,0.003964321110009911,0.13875123885034688,46,4.376610505450942,4,76.30198193634858,302.35582121454627,0.7814969963595608,167.13
main,v040,LOSO-nes-f0,secondary,LOSO,nested,0,A,IPPO|ippo_nr_seed42,IPPO,42,T,"June 2026, current reward",7,-658.7931720299514,568.5346800299515,81.0,0.7584919999999999,8.5,193.16198305043068,192.97236005043067,0.002973240832507433,0.0,0.002973240832507433,0.002973240832507433,0.11793855302279485,40,3.8057482656095147,3,1.4058731874122667,1.4213917743330218,1.0,167.13
main,v040,LOSO-nes-f0,secondary,LOSO,nested,0,A,IPPO|ippo_nr_seed42,IPPO,42,T,"June 2026, current reward",8,-394.0331700850064,392.25647168500643,0.0,0.1516984,1.625,206.45202944738546,206.41410484738546,0.0,0.0,0.0,0.0,0.006937561942517344,8,0.761149653121903,0,0.0,0.0,0.0,167.13
main,v040,LOSO-nes-f0,secondary,LOSO,nested,0,A,IPPO|ippo_nr_seed42,IPPO,42,T,"June 2026, current reward",9,-458.94590795294357,80.94590795294356,378.0,0.0,0.0,207.27798845535966,207.27798845535966,0.036669970267591674,0.036669970267591674,0.0,0.013875123885034688,0.0,0,0.0,37,6.525420240620031,71.8121952661898,0.42732080292380503,167.13
main,v040,LOSO-nes-f0,secondary,LOSO,nested,0,A,IPPO|ippo_nr_seed64,IPPO,64,T,"June 2026, current reward",all,-5240.986459926118,4275.8772181024215,921.3798930236974,4.8543488,38.875,1965.2908468996875,1964.0772596996876,0.005847373637264618,0.0037661050545094153,0.0020812685827552033,0.00356788899900892,0.08771060455896927,255,2.4261645193260657,59,4.601574310456541,71.8121952661898,0.6122632679486558,170.72
main,v040,LOSO-nes-f0,secondary,LOSO,nested,0,A,IPPO|ippo_nr_seed64,IPPO,64,T,"June 2026, current reward",0,-861.2428532394092,765.1031633788591,83.60025346055008,1.2894364,11.25,173.0310259327466,172.7086668327466,0.003964321110009911,0.0,0.003964321110009911,0.003964321110009911,0.2993062438057483,67,6.374628344895937,4,1.098129484180647,1.4213917743330218,0.7966687788379173,170.72
main,v040,LOSO-nes-f0,secondary,LOSO,nested,0,A,IPPO|ippo_nr_seed64,IPPO,64,T,"June 2026, current reward",1,-547.6687330447942,463.5619394447942,81.0,0.6067936,2.5,192.38254310430403,192.23084470430405,0.002973240832507433,0.0,0.002973240832507433,0.002973240832507433,0.11793855302279485,32,3.044598612487612,3,1.3845715880624054,1.4213917743330218,1.0,170.72
main,v040,LOSO-nes-f0,secondary,LOSO,nested,0,A,IPPO|ippo_nr_seed64,IPPO,64,T,"June 2026, current reward",2,-313.4968478619619,284.8830740619619,27.0,0.11377380000000001,1.5,207.1037789442462,207.0753354942462,0.0009910802775024777,0.0,0.0009910802775024777,0.0009910802775024777,0.002973240832507433,6,0.5708622398414271,1,1.4213917743330218,1.4213917743330218,1.0,170.72
main,v040,LOSO-nes-f0,secondary,LOSO,nested,0,A,IPPO|ippo_nr_seed64,IPPO,64,T,"June 2026, current reward",3,-164.84558623109876,137.84558623109876,27.0,0.0,0.0,207.2423125911026,207.2423125911026,0.0009910802775024777,0.0009910802775024777,0.0,0.0009910802775024777,0.0,0,0.0,1,3.2475083125733666,3.2475083125733666,1.0,170.72
main,v040,LOSO-nes-f0,secondary,LOSO,nested,0,A,IPPO|ippo_nr_seed64,IPPO,64,T,"June 2026, current reward",4,-676.5301772598896,560.8966852598895,108.0,0.7584919999999999,6.875,188.32474212551116,188.13511912551118,0.003964321110009911,0.0,0.003964321110009911,0.003964321110009911,0.13082259663032705,40,3.8057482656095147,4,1.3922255235189482,1.4213917743330218,1.0,170.72
main,v040,LOSO-nes-f0,secondary,LOSO,nested,0,A,IPPO|ippo_nr_seed64,IPPO,64,T,"June 2026, current reward",5,-420.99993480534386,365.82153800534377,54.0,0.30339679999999997,0.875,201.0423246949967,200.9664754949967,0.0019821605550049554,0.0,0.0019821605550049554,0.0019821605550049554,0.05550049554013875,16,1.522299306243806,2,1.3922255235189485,1.4213917743330218,1.0,170.72
main,v040,LOSO-nes-f0,secondary,LOSO,nested,0,A,IPPO|ippo_nr_seed64,IPPO,64,T,"June 2026, current reward",6,-719.5546377467429,682.6527323835957,27.779639563147292,0.8722658,8.25,192.26151270749483,192.04344625749485,0.0019821605550049554,0.0,0.0019821605550049554,0.0019821605550049554,0.11000991080277503,46,4.376610505450942,2,0.744523629071559,1.363059272704875,0.5629939927191215,170.72
main,v040,LOSO-nes-f0,secondary,LOSO,nested,0,A,IPPO|ippo_nr_seed64,IPPO,64,T,"June 2026, current reward",7,-692.8306485668987,552.4359303668988,135.0,0.6447182,4.75,191.05486203368343,190.8936824836834,0.004955401387512388,0.0,0.004955401387512388,0.004955401387512388,0.14866204162537167,34,3.2348860257680876,5,1.3989604453843512,1.4213917743330218,1.0,170.72
main,v040,LOSO-nes-f0,secondary,LOSO,nested,0,A,IPPO|ippo_nr_seed64,IPPO,64,T,"June 2026, current reward",8,-384.87113321703583,381.73066101703586,0.0,0.26547220000000005,2.875,205.5697563102425,205.5033882602425,0.0,0.0,0.0,0.0,0.011892963330029732,14,1.33201189296333,0,0.0,0.0,0.0,170.72
main,v040,LOSO-nes-f0,secondary,LOSO,nested,0,A,IPPO|ippo_nr_seed64,IPPO,64,T,"June 2026, current reward",9,-458.94590795294357,80.94590795294356,378.0,0.0,0.0,207.27798845535966,207.27798845535966,0.036669970267591674,0.036669970267591674,0.0,0.013875123885034688,0.0,0,0.0,37,6.525420240620031,71.8121952661898,0.42732080292380503,170.72
main,v040,LOSO-nes-f0,secondary,LOSO,nested,0,A,IPPO|ippo_nr_seed77,IPPO,77,T,"June 2026, current reward",all,-5303.9200501481755,4270.241156985027,999.7796395631473,4.3992536,29.5,1968.602295964173,1967.502482564173,0.006045589692765114,0.0037661050545094153,0.002576808721506442,0.0037661050545094153,0.08721506442021804,231,2.1978196233894947,61,7363.506701465773,153103.27820826048,0.6383091425183448,167.31
main,v040,LOSO-nes-f0,secondary,LOSO,nested,0,A,IPPO|ippo_nr_seed77,IPPO,77,T,"June 2026, current reward",0,-890.2147513866666,771.6261641866665,108.0,1.2135872,9.375,173.919281967359,173.61588516735904,0.003964321110009911,0.0,0.003964321110009911,0.003964321110009911,0.28344895936570863,63,5.994053518334986,4,1.406808648925985,1.4213917743330218,1.0,167.31
main,v040,LOSO-nes-f0,secondary,LOSO,nested,0,A,IPPO|ippo_nr_seed77,IPPO,77,T,"June 2026, current reward",1,-536.5683908542032,452.21159725420324,81.0,0.6067936,2.75,190.93336365074137,190.78166525074138,0.002973240832507433,0.0,0.002973240832507433,0.002973240832507433,0.13478691774033696,32,3.044598612487612,3,1.3845715880624054,1.4213917743330218,1.0,167.31
main,v040,LOSO-nes-f0,secondary,LOSO,nested,0,A,IPPO|ippo_nr_seed77,IPPO,77,T,"June 2026, current reward",2,-285.3978943212564,285.3978943212564,0.0,0.0,0.0,207.1596652387821,207.1596652387821,0.0,0.0,0.0,0.0,0.0,0,0.0,0,0.0,0.0,0.0,167.31
main,v040,LOSO-nes-f0,secondary,LOSO,nested,0,A,IPPO|ippo_nr_seed77,IPPO,77,T,"June 2026, current reward",3,-164.84558623109876,137.84558623109876,27.0,0.0,0.0,207.2423125911026,207.2423125911026,0.0009910802775024777,0.0009910802775024777,0.0,0.0009910802775024777,0.0,0,0.0,1,3.2475083125733666,3.2475083125733666,1.0,167.31
main,v040,LOSO-nes-f0,secondary,LOSO,nested,0,A,IPPO|ippo_nr_seed77,IPPO,77,T,"June 2026, current reward",4,-693.9749261821154,554.9931325821154,135.0,0.6067936,3.375,187.25163733254448,187.09993893254443,0.004955401387512388,0.0,0.004955401387512388,0.004955401387512388,0.1466798810703667,32,3.044598612487612,5,1.398058773681763,1.4213917743330218,1.0,167.31
main,v040,LOSO-nes-f0,secondary,LOSO,nested,0,A,IPPO|ippo_nr_seed77,IPPO,77,T,"June 2026, current reward",5,-429.6130454968227,374.1846486968227,54.0,0.3033968,1.125,202.02919873882442,201.95334953882443,0.0019821605550049554,0.0,0.0019821605550049554,0.0019821605550049554,0.048562933597621406,16,1.522299306243806,2,1.3922255235189485,1.4213917743330218,1.0,167.31
main,v040,LOSO-nes-f0,secondary,LOSO,nested,0,A,IPPO|ippo_nr_seed77,IPPO,77,T,"June 2026, current reward",6,-775.0978708781879,630.7071917150406,135.7796395631473,0.9860396,7.625,189.07343481682096,188.82692491682099,0.005946481665014866,0.0,0.005946481665014866,0.005946481665014866,0.15163528245787908,52,4.947472745292369,6,101.91113251084283,304.83747554532965,0.8543313309063739,167.31
main,v040,LOSO-nes-f0,secondary,LOSO,nested,0,A,IPPO|ippo_nr_seed77,IPPO,77,T,"June 2026, current reward",7,-639.6517812790304,580.0070630790303,54.0,0.6447182,5.0,194.577087380479,194.415907830479,0.0019821605550049554,0.0,0.0019821605550049554,0.0019821605550049554,0.10406342913776016,34,3.2348860257680876,2,1.4213917743330218,1.4213917743330218,1.0,167.31
main,v040,LOSO-nes-f0,secondary,LOSO,nested,0,A,IPPO|ippo_nr_seed77,IPPO,77,T,"June 2026, current reward",8,-402.1442984541981,402.1442984541981,0.0,0.0,0.0,207.1148282164695,207.1148282164695,0.0,0.0,0.0,0.0,0.0,0,0.0,0,0.0,0.0,0.0,167.31
main,v040,LOSO-nes-f0,secondary,LOSO,nested,0,A,IPPO|ippo_nr_seed77,IPPO,77,T,"June 2026, current reward",9,-486.4115050645953,81.12358046459528,405.0,0.0379246,0.25,209.3014860310495,209.2920048810495,0.03766105054509415,0.036669970267591674,0.003964321110009911,0.014866204162537165,0.002973240832507433,2,0.19028741328047574,38,11803.599894952908,153103.27820826048,0.44239130811002064,167.31
main,v040,LOSO-nes-f0,secondary,LOSO,nested,0,A,IPPO|ippo_nr_seed99,IPPO,99,T,"June 2026, current reward",all,-5387.425135027966,4312.232281464818,1053.7796395631472,3.413214,18.0,1970.254672112624,1969.4013686126239,0.00624380574826561,0.0037661050545094153,0.002477700693756194,0.003964321110009911,0.08513379583746283,179,1.7030723488602577,63,14.012121925150145,304.83747554532965,0.6497913919622068,170.47
main,v040,LOSO-nes-f0,secondary,LOSO,nested,0,A,IPPO|ippo_nr_seed99,IPPO,99,T,"June 2026, current reward",0,-934.9387908383784,798.2449218383783,135.0,0.5688690000000001,1.125,177.0815246466977,176.9393073966977,0.004955401387512388,0.0,0.004955401387512388,0.004955401387512388,0.25173439048562934,29,2.759167492566898,5,1.4097252740073922,1.4213917743330218,1.0,170.47
main,v040,LOSO-nes-f0,secondary,LOSO,nested,0,A,IPPO|ippo_nr_seed99,IPPO,99,T,"June 2026, current reward",1,-556.5637913032963,472.6199223032964,81.0,0.5688690000000001,2.375,193.20779489987308,193.0655776498731,0.002973240832507433,0.0,0.002973240832507433,0.002973240832507433,0.11000991080277503,30,2.8543111992071357,3,1.3845715880624054,1.4213917743330218,1.0,170.47
main,v040,LOSO-nes-f0,secondary,LOSO,nested,0,A,IPPO|ippo_nr_seed99,IPPO,99,T,"June 2026, current reward",2,-285.3978943212564,285.3978943212564,0.0,0.0,0.0,207.1596652387821,207.1596652387821,0.0,0.0,0.0,0.0,0.0,0,0.0,0,0.0,0.0,0.0,170.47
main,v040,LOSO-nes-f0,secondary,LOSO,nested,0,A,IPPO|ippo_nr_seed99,IPPO,99,T,"June 2026, current reward",3,-164.84558623109876,137.84558623109876,27.0,0.0,0.0,207.2423125911026,207.2423125911026,0.0009910802775024777,0.0009910802775024777,0.0,0.0009910802775024777,0.0,0,0.0,1,3.2475083125733666,3.2475083125733666,1.0,170.47
main,v040,LOSO-nes-f0,secondary,LOSO,nested,0,A,IPPO|ippo_nr_seed99,IPPO,99,T,"June 2026, current reward",4,-693.9105496280505,555.5916806280504,135.0,0.5688690000000001,2.75,187.26415144895745,187.12193419895743,0.004955401387512388,0.0,0.004955401387512388,0.004955401387512388,0.14866204162537167,30,2.8543111992071357,5,1.398058773681763,1.4213917743330218,1.0,170.47
main,v040,LOSO-nes-f0,secondary,LOSO,nested,0,A,IPPO|ippo_nr_seed99,IPPO,99,T,"June 2026, current reward",5,-410.6534278648795,410.57757866487947,0.0,0.0758492,0.0,204.90352979505246,204.88456749505247,0.0,0.0,0.0,0.0,0.017839444995044598,4,0.3805748265609515,0,0.0,0.0,0.0,170.47
main,v040,LOSO-nes-f0,secondary,LOSO,nested,0,A,IPPO|ippo_nr_seed99,IPPO,99,T,"June 2026, current reward",6,-748.7834936007362,631.7186636375889,108.7796395631473,0.9101904000000001,7.375,189.36474202674728,189.13719442674727,0.004955401387512388,0.0,0.004955401387512388,0.004955401387512388,0.14469772051536176,48,4.566897918731417,5,122.00908065814478,304.83747554532965,0.8251975970876486,170.47
main,v040,LOSO-nes-f0,secondary,LOSO,nested,0,A,IPPO|ippo_nr_seed99,IPPO,99,T,"June 2026, current reward",7,-739.6677165578384,546.2729983578383,189.0,0.6447182,3.75,190.3040892575345,190.14290970753453,0.006937561942517344,0.0,0.006937561942517344,0.006937561942517344,0.1734390485629336,34,3.2348860257680876,7,1.405369396512543,1.4213917743330218,1.0,170.47
main,v040,LOSO-nes-f0,secondary,LOSO,nested,0,A,IPPO|ippo_nr_seed99,IPPO,99,T,"June 2026, current reward",8,-393.7179767294869,393.0171275294869,0.0,0.0758492,0.625,206.448873752517,206.429911452517,0.0,0.0,0.0,0.0,0.004955401387512388,4,0.3805748265609515,0,0.0,0.0,0.0,170.47
main,v040,LOSO-nes-f0,secondary,LOSO,nested,0,A,IPPO|ippo_nr_seed99,IPPO,99,T,"June 2026, current reward",9,-458.94590795294357,80.94590795294356,378.0,0.0,0.0,207.27798845535966,207.27798845535966,0.036669970267591674,0.036669970267591674,0.0,0.013875123885034688,0.0,0,0.0,37,6.525420240620031,71.8121952661898,0.42732080292380503,170.47
