tag,twin,world,tier,protocol,config,fold,experiment,ckpt_id,family,seed,cohorts,source,cluster,reward,energy_penalty,qos_penalty,switch_penalty,cooldown_penalty,energy_wh,energy_wh_steady,qos_violation_rate,delay_violation_rate,loss_violation_rate,qscore_below_tau_rate,usr_share,switches,switches_per_cluster_day,n_budget_violations,severity_mean,severity_max,q_shortfall_mean,seconds
main,v040,LOSO-dep-f1,primary,LOSO,deployed,1,A,MAPPO|wcnc2027_ablation/mappo_seed1/mappo_best.pt,MAPPO,1,R,wcnc2027_ablation 2026-09-14,all,-5021.222092880459,4253.803842935915,708.8700321445444,5.423217800000001,53.125,1970.0711659045512,1968.7153614545512,0.004955401387512388,0.0037661050545094153,0.0011892963330029733,0.0026759167492566896,0.07651139742319128,286,2.721110009910803,50,7.360545057218616,310.49764509228896,0.5648474888513654,0.37
main,v040,LOSO-dep-f1,primary,LOSO,deployed,1,A,MAPPO|wcnc2027_ablation/mappo_seed1/mappo_best.pt,MAPPO,1,R,wcnc2027_ablation 2026-09-14,0,-814.4208783347781,803.5710649347781,0.0,1.0998134,9.75,178.21690142579507,177.9419480757951,0.0,0.0,0.0,0.0,0.21209117938553024,58,5.518334985133796,0,0.0,0.0,0.0,0.37
main,v040,LOSO-dep-f1,primary,LOSO,deployed,1,A,MAPPO|wcnc2027_ablation/mappo_seed1/mappo_best.pt,MAPPO,1,R,wcnc2027_ablation 2026-09-14,1,-524.359599185235,466.88408400009644,49.054098585138576,0.7964166,7.625,193.06719189798434,192.86808774798436,0.0019821605550049554,0.0,0.0019821605550049554,0.0019821605550049554,0.10208126858275521,42,3.9960356788899905,2,1.055926849943631,1.2767170803826429,0.9175683097523096,0.37
main,v040,LOSO-dep-f1,primary,LOSO,deployed,1,A,MAPPO|wcnc2027_ablation/mappo_seed1/mappo_best.pt,MAPPO,1,R,wcnc2027_ablation 2026-09-14,2,-309.1859174992085,280.5721436992085,27.0,0.11377380000000001,1.5,206.98567971854925,206.95723626854925,0.0009910802775024777,0.0,0.0009910802775024777,0.0009910802775024777,0.002973240832507433,6,0.5708622398414271,1,1.0556608156296767,1.0556608156296767,1.0,0.37
main,v040,LOSO-dep-f1,primary,LOSO,deployed,1,A,MAPPO|wcnc2027_ablation/mappo_seed1/mappo_best.pt,MAPPO,1,R,wcnc2027_ablation 2026-09-14,3,-165.00653143345153,138.00653143345153,27.0,0.0,0.0,207.57497972587112,207.57497972587112,0.0009910802775024777,0.0009910802775024777,0.0,0.0009910802775024777,0.0,0,0.0,1,2.9416993938337894,2.9416993938337894,1.0,0.37
main,v040,LOSO-dep-f1,primary,LOSO,deployed,1,A,MAPPO|wcnc2027_ablation/mappo_seed1/mappo_best.pt,MAPPO,1,R,wcnc2027_ablation 2026-09-14,4,-634.8961666165449,551.2085760314062,76.05409858513858,0.758492,6.875,187.45570755823084,187.26608455823083,0.002973240832507433,0.0,0.002973240832507433,0.002973240832507433,0.13875123885034688,40,3.8057482656095147,3,0.9821527502546576,1.0556608156296767,0.9450455398348732,0.37
main,v040,LOSO-dep-f1,primary,LOSO,deployed,1,A,MAPPO|wcnc2027_ablation/mappo_seed1/mappo_best.pt,MAPPO,1,R,wcnc2027_ablation 2026-09-14,5,-364.7884155698706,362.3220941698706,0.0,0.3413214,2.125,200.96162381457373,200.87629346457373,0.0,0.0,0.0,0.0,0.05054509415262636,18,1.7125867195242817,0,0.0,0.0,0.0,0.37
main,v040,LOSO-dep-f1,primary,LOSO,deployed,1,A,MAPPO|wcnc2027_ablation/mappo_seed1/mappo_best.pt,MAPPO,1,R,wcnc2027_ablation 2026-09-14,6,-762.4185210902298,639.9928584902298,108.0,1.1756626,13.25,190.77171088159514,190.47779523159514,0.003964321110009911,0.0,0.003964321110009911,0.003964321110009911,0.1199207135777998,62,5.898909811694748,4,78.41615688479449,310.49764509228896,1.0,0.37
main,v040,LOSO-dep-f1,primary,LOSO,deployed,1,A,MAPPO|wcnc2027_ablation/mappo_seed1/mappo_best.pt,MAPPO,1,R,wcnc2027_ablation 2026-09-14,7,-601.8436032777529,568.285960477753,27.0,0.6826428,5.875,193.30168465798158,193.1310239579816,0.0009910802775024777,0.0,0.0009910802775024777,0.0009910802775024777,0.11397423191278494,36,3.4251734390485633,1,1.4705057984678933,1.4705057984678933,1.0,0.37
main,v040,LOSO-dep-f1,primary,LOSO,deployed,1,A,MAPPO|wcnc2027_ablation/mappo_seed1/mappo_best.pt,MAPPO,1,R,wcnc2027_ablation 2026-09-14,8,-395.48498801504047,361.90489281504045,27.0,0.45509520000000003,6.125,204.1282958501797,204.01452205017972,0.0009910802775024777,0.0,0.0009910802775024777,0.0009910802775024777,0.024777006937561942,24,2.2834489593657086,1,1.0556608156296767,1.0556608156296767,1.0,0.37
main,v040,LOSO-dep-f1,primary,LOSO,deployed,1,A,MAPPO|wcnc2027_ablation/mappo_seed1/mappo_best.pt,MAPPO,1,R,wcnc2027_ablation 2026-09-14,9,-448.8174718583474,81.0556368840802,367.76183497426723,0.0,0.0,207.60739037379037,207.60739037379037,0.036669970267591674,0.036669970267591674,0.0,0.013875123885034688,0.0,0,0.0,37,1.156237474257852,4.4323206012247525,0.42086760009618995,0.37
main,v040,LOSO-dep-f1,primary,LOSO,deployed,1,A,Centralized PPO|wcnc2027_ablation/central_seed1/ppo_multi_site.zip,Centralized PPO,1,R,wcnc2027_ablation 2026-09-14,all,-20953.21931765577,5783.179499998841,15127.49460285693,2.9202148,39.625,2224.2853720902995,2223.5553183903,0.062041625371655106,0.03617443012884044,0.05827552031714569,0.0597621407333994,0.13191278493557979,152,1.4461843409316155,626,41.28218190904939,2769.5291282153376,0.904893280297627,0.77
main,v040,LOSO-dep-f1,primary,LOSO,deployed,1,A,Centralized PPO|wcnc2027_ablation/central_seed1/ppo_multi_site.zip,Centralized PPO,1,R,wcnc2027_ablation 2026-09-14,0,-1679.053089277585,820.6202958388114,827.0590158387737,2.1237776,29.25,185.5105026349505,184.9795582349505,0.03468780971258672,0.009910802775024777,0.03468780971258672,0.03468780971258672,0.34985133795837464,111,10.560951437066404,35,9.713319551262115,308.34426986401934,0.8876752531797845,0.77
main,v040,LOSO-dep-f1,primary,LOSO,deployed,1,A,Centralized PPO|wcnc2027_ablation/central_seed1/ppo_multi_site.zip,Centralized PPO,1,R,wcnc2027_ablation 2026-09-14,1,-868.5762654114857,868.5762654114857,0.0,0.0,0.0,207.1313254681582,207.1313254681582,0.0,0.0,0.0,0.0,0.0,0,0.0,0,0.0,0.0,0.0,0.77
main,v040,LOSO-dep-f1,primary,LOSO,deployed,1,A,Centralized PPO|wcnc2027_ablation/central_seed1/ppo_multi_site.zip,Centralized PPO,1,R,wcnc2027_ablation 2026-09-14,2,-285.5121521023768,285.5121521023768,0.0,0.0,0.0,207.3428522449135,207.3428522449135,0.0,0.0,0.0,0.0,0.0,0,0.0,0,0.0,0.0,0.0,0.77
main,v040,LOSO-dep-f1,primary,LOSO,deployed,1,A,Centralized PPO|wcnc2027_ablation/central_seed1/ppo_multi_site.zip,Centralized PPO,1,R,wcnc2027_ablation 2026-09-14,3,-165.00653143345153,138.00653143345153,27.0,0.0,0.0,207.57497972587112,207.57497972587112,0.0009910802775024777,0.0009910802775024777,0.0,0.0009910802775024777,0.0,0,0.0,1,2.9416993938337894,2.9416993938337894,1.0,0.77
main,v040,LOSO-dep-f1,primary,LOSO,deployed,1,A,Centralized PPO|wcnc2027_ablation/central_seed1/ppo_multi_site.zip,Centralized PPO,1,R,wcnc2027_ablation 2026-09-14,4,-974.2969005095428,951.9548773244042,22.05409858513858,0.0379246,0.25,206.99024930089308,206.98076815089308,0.0009910802775024777,0.0,0.0009910802775024777,0.0009910802775024777,0.002973240832507433,2,0.19028741328047574,1,0.8351366195046193,0.8351366195046193,0.8351366195046193,0.77
main,v040,LOSO-dep-f1,primary,LOSO,deployed,1,A,Centralized PPO|wcnc2027_ablation/central_seed1/ppo_multi_site.zip,Centralized PPO,1,R,wcnc2027_ablation 2026-09-14,5,-443.3327039906638,443.3327039906638,0.0,0.0,0.0,207.2424251817793,207.2424251817793,0.0,0.0,0.0,0.0,0.0,0,0.0,0,0.0,0.0,0.0,0.77
main,v040,LOSO-dep-f1,primary,LOSO,deployed,1,A,Centralized PPO|wcnc2027_ablation/central_seed1/ppo_multi_site.zip,Centralized PPO,1,R,wcnc2027_ablation 2026-09-14,6,-953.7774510868421,952.7016018868421,0.0,0.0758492,1.0,206.85564063929166,206.83667833929167,0.0,0.0,0.0,0.0,0.0019821605550049554,3,0.28543111992071357,0,0.0,0.0,0.0,0.77
main,v040,LOSO-dep-f1,primary,LOSO,deployed,1,A,Centralized PPO|wcnc2027_ablation/central_seed1/ppo_multi_site.zip,Centralized PPO,1,R,wcnc2027_ablation 2026-09-14,7,-14732.766295555,839.3389786962496,13883.61965345875,0.6826634,9.125,380.78111882518147,380.6104529751815,0.5470763131813677,0.3141724479682854,0.5470763131813677,0.5470763131813677,0.9643211100099108,36,3.4251734390485633,552,46.11616316704686,2769.5291282153376,0.9383828293151419,0.77
main,v040,LOSO-dep-f1,primary,LOSO,deployed,1,A,Centralized PPO|wcnc2027_ablation/central_seed1/ppo_multi_site.zip,Centralized PPO,1,R,wcnc2027_ablation 2026-09-14,8,-402.0804564304751,402.0804564304751,0.0,0.0,0.0,207.24888769547053,207.24888769547053,0.0,0.0,0.0,0.0,0.0,0,0.0,0,0.0,0.0,0.0,0.77
main,v040,LOSO-dep-f1,primary,LOSO,deployed,1,A,Centralized PPO|wcnc2027_ablation/central_seed1/ppo_multi_site.zip,Centralized PPO,1,R,wcnc2027_ablation 2026-09-14,9,-448.8174718583474,81.0556368840802,367.76183497426723,0.0,0.0,207.60739037379037,207.60739037379037,0.036669970267591674,0.036669970267591674,0.0,0.013875123885034688,0.0,0,0.0,37,1.156237474257852,4.4323206012247525,0.42086760009618995,0.77
main,v040,LOSO-dep-f1,primary,LOSO,deployed,1,A,Shared-PPO|wcnc2027_ablation/shared_ppo_seed1/mappo_best.pt,Shared-PPO,1,R,wcnc2027_ablation 2026-09-14 (supplementary ablation),all,-5342.239675118068,4163.129442707276,1123.3569194107915,5.878313,49.875,1956.1102747474033,1954.6406964974035,0.006640237859266601,0.0037661050545094153,0.0028741328047571855,0.004360753221010902,0.1001982160555005,310,2.949454905847374,67,10.317572806117902,310.49764509228896,0.6531134928076096,0.37
main,v040,LOSO-dep-f1,primary,LOSO,deployed,1,A,Shared-PPO|wcnc2027_ablation/shared_ppo_seed1/mappo_best.pt,Shared-PPO,1,R,wcnc2027_ablation 2026-09-14 (supplementary ablation),0,-841.8925126312063,778.4843546460677,49.054098585138576,1.4790594000000001,12.875,174.19345237415234,173.82368752415238,0.0019821605550049554,0.0,0.0019821605550049554,0.0019821605550049554,0.27849355797819625,78,7.421209117938553,2,0.945398717567148,1.0556608156296767,0.9175683097523096,0.37
main,v040,LOSO-dep-f1,primary,LOSO,deployed,1,A,Shared-PPO|wcnc2027_ablation/shared_ppo_seed1/mappo_best.pt,Shared-PPO,1,R,wcnc2027_ablation 2026-09-14 (supplementary ablation),1,-529.7242960820124,450.10132849687375,76.05409858513858,0.5688690000000001,3.0,190.70302827042806,190.56081102042805,0.002973240832507433,0.0,0.002973240832507433,0.002973240832507433,0.13974231912784935,30,2.8543111992071357,3,1.0558381718389798,1.2767170803826429,0.9450455398348732,0.37
main,v040,LOSO-dep-f1,primary,LOSO,deployed,1,A,Shared-PPO|wcnc2027_ablation/shared_ppo_seed1/mappo_best.pt,Shared-PPO,1,R,wcnc2027_ablation 2026-09-14 (supplementary ablation),2,-310.73446536683485,280.5069177668348,27.0,0.22754760000000002,3.0,206.9027443294672,206.84585742946717,0.0009910802775024777,0.0,0.0009910802775024777,0.0009910802775024777,0.006937561942517344,12,1.1417244796828543,1,1.0556608156296767,1.0556608156296767,1.0,0.37
main,v040,LOSO-dep-f1,primary,LOSO,deployed,1,A,Shared-PPO|wcnc2027_ablation/shared_ppo_seed1/mappo_best.pt,Shared-PPO,1,R,wcnc2027_ablation 2026-09-14 (supplementary ablation),3,-165.40972601579813,137.87180141579816,27.0,0.0379246,0.5,207.55985595771324,207.55037480771324,0.0009910802775024777,0.0009910802775024777,0.0,0.0009910802775024777,0.0009910802775024777,2,0.19028741328047574,1,2.9416993938337894,2.9416993938337894,1.0,0.37
main,v040,LOSO-dep-f1,primary,LOSO,deployed,1,A,Shared-PPO|wcnc2027_ablation/shared_ppo_seed1/mappo_best.pt,Shared-PPO,1,R,wcnc2027_ablation 2026-09-14 (supplementary ablation),4,-688.0447930461394,540.645755905585,142.2163943405543,0.6826428,4.5,185.82037205003792,185.64971135003793,0.005946481665014866,0.0,0.005946481665014866,0.005946481665014866,0.16749256689791872,36,3.4251734390485633,6,0.9086446848796386,1.0556608156296767,0.8900910796697463,0.37
main,v040,LOSO-dep-f1,primary,LOSO,deployed,1,A,Shared-PPO|wcnc2027_ablation/shared_ppo_seed1/mappo_best.pt,Shared-PPO,1,R,wcnc2027_ablation 2026-09-14 (supplementary ablation),5,-440.05726372864365,355.2271685286437,81.0,0.45509520000000003,3.375,199.8249117540523,199.7111379540523,0.002973240832507433,0.0,0.002973240832507433,0.002973240832507433,0.06937561942517344,24,2.2834489593657086,3,1.0556608156296767,1.0556608156296767,1.0,0.37
main,v040,LOSO-dep-f1,primary,LOSO,deployed,1,A,Shared-PPO|wcnc2027_ablation/shared_ppo_seed1/mappo_best.pt,Shared-PPO,1,R,wcnc2027_ablation 2026-09-14 (supplementary ablation),6,-839.0786895206805,626.2407311652648,201.16229575541573,1.1756626000000001,10.5,188.77758983416908,188.4836741841691,0.007928642220019821,0.0,0.007928642220019821,0.007928642220019821,0.15758176412289396,62,5.898909811694748,8,78.06428840771389,310.49764509228896,0.9381762323142322,0.37
main,v040,LOSO-dep-f1,primary,LOSO,deployed,1,A,Shared-PPO|wcnc2027_ablation/shared_ppo_seed1/mappo_best.pt,Shared-PPO,1,R,wcnc2027_ablation 2026-09-14 (supplementary ablation),7,-659.5839350396996,554.7551704694224,98.10819717027715,0.7205674,6.0,191.33061710239446,191.15047525239447,0.003964321110009911,0.0,0.003964321110009911,0.003964321110009911,0.14370664023785926,38,3.615460852329039,4,1.049109963276702,1.4705057984678933,0.9175683097523096,0.37
main,v040,LOSO-dep-f1,primary,LOSO,deployed,1,A,Shared-PPO|wcnc2027_ablation/shared_ppo_seed1/mappo_best.pt,Shared-PPO,1,R,wcnc2027_ablation 2026-09-14 (supplementary ablation),8,-418.89652182870583,358.2405774287059,54.0,0.5309444000000001,6.125,203.3903127011984,203.25757660119842,0.0019821605550049554,0.0,0.0019821605550049554,0.0019821605550049554,0.03766105054509415,28,2.66402378592666,2,1.0556608156296767,1.0556608156296767,1.0,0.37
main,v040,LOSO-dep-f1,primary,LOSO,deployed,1,A,Shared-PPO|wcnc2027_ablation/shared_ppo_seed1/mappo_best.pt,Shared-PPO,1,R,wcnc2027_ablation 2026-09-14 (supplementary ablation),9,-448.8174718583474,81.0556368840802,367.76183497426723,0.0,0.0,207.60739037379037,207.60739037379037,0.036669970267591674,0.036669970267591674,0.0,0.013875123885034688,0.0,0,0.0,37,1.156237474257852,4.4323206012247525,0.42086760009618995,0.37
main,v040,LOSO-dep-f1,primary,LOSO,deployed,1,A,MAPPO|wcnc2027_ablation/mappo_seed7/mappo_best.pt,MAPPO,7,R,wcnc2027_ablation 2026-09-14,all,-5068.282953003111,4226.540184488291,779.9782293148216,5.7645392,56.0,1966.2528144161147,1964.8116796161146,0.005252725470763132,0.0037661050545094153,0.0014866204162537165,0.002973240832507433,0.08156590683845391,304,2.892368681863231,53,6.995343149350371,310.49764509228896,0.5832575034259907,0.37
main,v040,LOSO-dep-f1,primary,LOSO,deployed,1,A,MAPPO|wcnc2027_ablation/mappo_seed7/mappo_best.pt,MAPPO,7,R,wcnc2027_ablation 2026-09-14,0,-817.8895489682732,803.0621879682731,0.0,1.327361,13.5,178.14317546340408,177.81133521340408,0.0,0.0,0.0,0.0,0.21407333994053518,70,6.6600594648166505,0,0.0,0.0,0.0,0.37
main,v040,LOSO-dep-f1,primary,LOSO,deployed,1,A,MAPPO|wcnc2027_ablation/mappo_seed7/mappo_best.pt,MAPPO,7,R,wcnc2027_ablation 2026-09-14,1,-549.7817238364055,463.4803594512668,76.05409858513858,0.8722658000000001,9.375,192.6635950112818,192.4455285612818,0.002973240832507433,0.0,0.002973240832507433,0.002973240832507433,0.10703666997026759,46,4.376610505450942,3,1.0558381718389798,1.2767170803826429,0.9450455398348732,0.37
main,v040,LOSO-dep-f1,primary,LOSO,deployed,1,A,MAPPO|wcnc2027_ablation/mappo_seed7/mappo_best.pt,MAPPO,7,R,wcnc2027_ablation 2026-09-14,2,-309.2921877330313,280.1404893330313,27.0,0.1516984,2.0,206.92183609819566,206.88391149819563,0.0009910802775024777,0.0,0.0009910802775024777,0.0009910802775024777,0.003964321110009911,8,0.761149653121903,1,1.0556608156296767,1.0556608156296767,1.0,0.37
main,v040,LOSO-dep-f1,primary,LOSO,deployed,1,A,MAPPO|wcnc2027_ablation/mappo_seed7/mappo_best.pt,MAPPO,7,R,wcnc2027_ablation 2026-09-14,3,-165.00653143345153,138.00653143345153,27.0,0.0,0.0,207.57497972587112,207.57497972587112,0.0009910802775024777,0.0009910802775024777,0.0,0.0009910802775024777,0.0,0,0.0,1,2.9416993938337894,2.9416993938337894,1.0,0.37
main,v040,LOSO-dep-f1,primary,LOSO,deployed,1,A,MAPPO|wcnc2027_ablation/mappo_seed7/mappo_best.pt,MAPPO,7,R,wcnc2027_ablation 2026-09-14,4,-650.557712343702,546.4789477734248,98.10819717027715,0.7205674,5.25,186.76383258515366,186.58369073515365,0.003964321110009911,0.0,0.003964321110009911,0.003964321110009911,0.14767096134786917,38,3.615460852329039,4,0.9453987175671481,1.0556608156296767,0.9175683097523097,0.37
main,v040,LOSO-dep-f1,primary,LOSO,deployed,1,A,MAPPO|wcnc2027_ablation/mappo_seed7/mappo_best.pt,MAPPO,7,R,wcnc2027_ablation 2026-09-14,5,-362.59341912267257,359.5891731226725,0.0,0.379246,2.625,200.59288599080497,200.49807449080498,0.0,0.0,0.0,0.0,0.05550049554013875,20,1.9028741328047574,0,0.0,0.0,0.0,0.37
main,v040,LOSO-dep-f1,primary,LOSO,deployed,1,A,MAPPO|wcnc2027_ablation/mappo_seed7/mappo_best.pt,MAPPO,7,R,wcnc2027_ablation 2026-09-14,6,-724.295905097463,631.158167097463,81.0,1.1377380000000001,11.0,189.52036964727284,189.23593514727287,0.002973240832507433,0.0,0.002973240832507433,0.002973240832507433,0.13577799801783944,60,5.708622398414271,3,104.20298890784943,310.49764509228896,1.0,0.37
main,v040,LOSO-dep-f1,primary,LOSO,deployed,1,A,MAPPO|wcnc2027_ablation/mappo_seed7/mappo_best.pt,MAPPO,7,R,wcnc2027_ablation 2026-09-14,7,-620.8320135533627,565.2202721682243,49.054098585138576,0.6826428,5.875,192.83236876739355,192.66170806739353,0.0019821605550049554,0.0,0.0019821605550049554,0.0019821605550049554,0.1199207135777998,36,3.4251734390485633,2,1.1528212089862562,1.4705057984678933,0.9175683097523096,0.37
main,v040,LOSO-dep-f1,primary,LOSO,deployed,1,A,MAPPO|wcnc2027_ablation/mappo_seed7/mappo_best.pt,MAPPO,7,R,wcnc2027_ablation 2026-09-14,8,-419.2164390564026,358.34841925640256,54.0,0.4930198,6.375,203.63238075294657,203.50912580294656,0.0019821605550049554,0.0,0.0019821605550049554,0.0019821605550049554,0.031714568880079286,26,2.4737363726461843,2,1.0556608156296767,1.0556608156296767,1.0,0.37
main,v040,LOSO-dep-f1,primary,LOSO,deployed,1,A,MAPPO|wcnc2027_ablation/mappo_seed7/mappo_best.pt,MAPPO,7,R,wcnc2027_ablation 2026-09-14,9,-448.8174718583474,81.0556368840802,367.76183497426723,0.0,0.0,207.60739037379037,207.60739037379037,0.036669970267591674,0.036669970267591674,0.0,0.013875123885034688,0.0,0,0.0,37,1.156237474257852,4.4323206012247525,0.42086760009618995,0.37
main,v040,LOSO-dep-f1,primary,LOSO,deployed,1,A,Centralized PPO|wcnc2027_ablation/central_seed7/ppo_multi_site.zip,Centralized PPO,7,R,wcnc2027_ablation 2026-09-14,all,-11263.472480215954,5783.741412125945,5470.825103090009,0.5309650000000001,8.375,2100.228817318136,2100.0960760681364,0.02547076313181368,0.009415262636273538,0.021704658077304262,0.02319127849355798,0.09762140733399405,29,0.2759167492566898,257,20.48391837175865,1742.3871610738074,0.8080708565787953,0.77
main,v040,LOSO-dep-f1,primary,LOSO,deployed,1,A,Centralized PPO|wcnc2027_ablation/central_seed7/ppo_multi_site.zip,Centralized PPO,7,R,wcnc2027_ablation 2026-09-14,0,-5981.032343975227,896.0631108594857,5076.063268115742,0.530965,8.375,235.04582785523644,234.91308660523646,0.21704658077304262,0.05649157581764123,0.21704658077304262,0.21704658077304262,0.9762140733399405,29,2.759167492566898,219,23.829427103199084,1742.3871610738074,0.8726123695762162,0.77
main,v040,LOSO-dep-f1,primary,LOSO,deployed,1,A,Centralized PPO|wcnc2027_ablation/central_seed7/ppo_multi_site.zip,Centralized PPO,7,R,wcnc2027_ablation 2026-09-14,1,-868.5762654114857,868.5762654114857,0.0,0.0,0.0,207.1313254681582,207.1313254681582,0.0,0.0,0.0,0.0,0.0,0,0.0,0,0.0,0.0,0.0,0.77
main,v040,LOSO-dep-f1,primary,LOSO,deployed,1,A,Centralized PPO|wcnc2027_ablation/central_seed7/ppo_multi_site.zip,Centralized PPO,7,R,wcnc2027_ablation 2026-09-14,2,-285.5121521023768,285.5121521023768,0.0,0.0,0.0,207.3428522449135,207.3428522449135,0.0,0.0,0.0,0.0,0.0,0,0.0,0,0.0,0.0,0.0,0.77
main,v040,LOSO-dep-f1,primary,LOSO,deployed,1,A,Centralized PPO|wcnc2027_ablation/central_seed7/ppo_multi_site.zip,Centralized PPO,7,R,wcnc2027_ablation 2026-09-14,3,-165.00653143345153,138.00653143345153,27.0,0.0,0.0,207.57497972587112,207.57497972587112,0.0009910802775024777,0.0009910802775024777,0.0,0.0009910802775024777,0.0,0,0.0,1,2.9416993938337894,2.9416993938337894,1.0,0.77
main,v040,LOSO-dep-f1,primary,LOSO,deployed,1,A,Centralized PPO|wcnc2027_ablation/central_seed7/ppo_multi_site.zip,Centralized PPO,7,R,wcnc2027_ablation 2026-09-14,4,-955.6010042074747,955.6010042074747,0.0,0.0,0.0,207.0274623425555,207.0274623425555,0.0,0.0,0.0,0.0,0.0,0,0.0,0,0.0,0.0,0.0,0.77
main,v040,LOSO-dep-f1,primary,LOSO,deployed,1,A,Centralized PPO|wcnc2027_ablation/central_seed7/ppo_multi_site.zip,Centralized PPO,7,R,wcnc2027_ablation 2026-09-14,5,-443.3327039906638,443.3327039906638,0.0,0.0,0.0,207.2424251817793,207.2424251817793,0.0,0.0,0.0,0.0,0.0,0,0.0,0,0.0,0.0,0.0,0.77
main,v040,LOSO-dep-f1,primary,LOSO,deployed,1,A,Centralized PPO|wcnc2027_ablation/central_seed7/ppo_multi_site.zip,Centralized PPO,7,R,wcnc2027_ablation 2026-09-14,6,-955.8302067020855,955.8302067020855,0.0,0.0,0.0,206.97753059250036,206.97753059250036,0.0,0.0,0.0,0.0,0.0,0,0.0,0,0.0,0.0,0.0,0.77
main,v040,LOSO-dep-f1,primary,LOSO,deployed,1,A,Centralized PPO|wcnc2027_ablation/central_seed7/ppo_multi_site.zip,Centralized PPO,7,R,wcnc2027_ablation 2026-09-14,7,-757.6833441043664,757.6833441043664,0.0,0.0,0.0,207.0301358378607,207.0301358378607,0.0,0.0,0.0,0.0,0.0,0,0.0,0,0.0,0.0,0.0,0.77
main,v040,LOSO-dep-f1,primary,LOSO,deployed,1,A,Centralized PPO|wcnc2027_ablation/central_seed7/ppo_multi_site.zip,Centralized PPO,7,R,wcnc2027_ablation 2026-09-14,8,-402.0804564304751,402.0804564304751,0.0,0.0,0.0,207.24888769547053,207.24888769547053,0.0,0.0,0.0,0.0,0.0,0,0.0,0,0.0,0.0,0.0,0.77
main,v040,LOSO-dep-f1,primary,LOSO,deployed,1,A,Centralized PPO|wcnc2027_ablation/central_seed7/ppo_multi_site.zip,Centralized PPO,7,R,wcnc2027_ablation 2026-09-14,9,-448.8174718583474,81.0556368840802,367.76183497426723,0.0,0.0,207.60739037379037,207.60739037379037,0.036669970267591674,0.036669970267591674,0.0,0.013875123885034688,0.0,0,0.0,37,1.156237474257852,4.4323206012247525,0.42086760009618995,0.77
main,v040,LOSO-dep-f1,primary,LOSO,deployed,1,A,Shared-PPO|wcnc2027_ablation/shared_ppo_seed7/mappo_best.pt,Shared-PPO,7,R,wcnc2027_ablation 2026-09-14 (supplementary ablation),all,-5069.566012973288,4275.627343043606,730.9241307296829,5.764539200000001,57.25,1972.4277668513773,1970.9866320513772,0.005054509415262636,0.0037661050545094153,0.001288404360753221,0.0027750247770069376,0.07413280475718534,304,2.892368681863231,51,7.2325958721654,310.49764509228896,0.5701472757269194,0.37
main,v040,LOSO-dep-f1,primary,LOSO,deployed,1,A,Shared-PPO|wcnc2027_ablation/shared_ppo_seed7/mappo_best.pt,Shared-PPO,7,R,wcnc2027_ablation 2026-09-14 (supplementary ablation),0,-826.2403455059559,812.6138337059558,0.0,1.2515118,12.375,179.3689887732774,179.05611082327744,0.0,0.0,0.0,0.0,0.199207135777998,66,6.279484638255699,0,0.0,0.0,0.0,0.37
main,v040,LOSO-dep-f1,primary,LOSO,deployed,1,A,Shared-PPO|wcnc2027_ablation/shared_ppo_seed7/mappo_best.pt,Shared-PPO,7,R,wcnc2027_ablation 2026-09-14 (supplementary ablation),1,-531.5197726000088,473.1313328148701,49.054098585138576,0.8343412000000001,8.5,193.6613838901978,193.4527985901978,0.0019821605550049554,0.0,0.0019821605550049554,0.0019821605550049554,0.09712586719524281,44,4.186323092170466,2,1.055926849943631,1.2767170803826429,0.9175683097523096,0.37
main,v040,LOSO-dep-f1,primary,LOSO,deployed,1,A,Shared-PPO|wcnc2027_ablation/shared_ppo_seed7/mappo_best.pt,Shared-PPO,7,R,wcnc2027_ablation 2026-09-14 (supplementary ablation),2,-307.79691379498865,278.77021539498855,27.0,0.1516984,1.875,206.7897689931213,206.7518443931213,0.0009910802775024777,0.0,0.0009910802775024777,0.0009910802775024777,0.004955401387512388,8,0.761149653121903,1,1.0556608156296767,1.0556608156296767,1.0,0.37
main,v040,LOSO-dep-f1,primary,LOSO,deployed,1,A,Shared-PPO|wcnc2027_ablation/shared_ppo_seed7/mappo_best.pt,Shared-PPO,7,R,wcnc2027_ablation 2026-09-14 (supplementary ablation),3,-165.00653143345153,138.00653143345153,27.0,0.0,0.0,207.57497972587112,207.57497972587112,0.0009910802775024777,0.0009910802775024777,0.0,0.0009910802775024777,0.0,0,0.0,1,2.9416993938337894,2.9416993938337894,1.0,0.37
main,v040,LOSO-dep-f1,primary,LOSO,deployed,1,A,Shared-PPO|wcnc2027_ablation/shared_ppo_seed7/mappo_best.pt,Shared-PPO,7,R,wcnc2027_ablation 2026-09-14 (supplementary ablation),4,-659.0192403660758,552.3267019957987,98.10819717027715,0.8343412,7.75,187.52483758202715,187.31625228202714,0.003964321110009911,0.0,0.003964321110009911,0.003964321110009911,0.13875123885034688,44,4.186323092170466,4,0.9453987175671481,1.0556608156296767,0.9175683097523097,0.37
main,v040,LOSO-dep-f1,primary,LOSO,deployed,1,A,Shared-PPO|wcnc2027_ablation/shared_ppo_seed7/mappo_best.pt,Shared-PPO,7,R,wcnc2027_ablation 2026-09-14 (supplementary ablation),5,-364.3733871154594,361.24414111545934,0.0,0.379246,2.75,200.85371155122743,200.75890005122744,0.0,0.0,0.0,0.0,0.05153617443012884,20,1.9028741328047574,0,0.0,0.0,0.0,0.37
main,v040,LOSO-dep-f1,primary,LOSO,deployed,1,A,Shared-PPO|wcnc2027_ablation/shared_ppo_seed7/mappo_best.pt,Shared-PPO,7,R,wcnc2027_ablation 2026-09-14 (supplementary ablation),6,-766.6730638084283,645.9103258084283,108.0,1.1377380000000001,11.625,191.1851638452382,190.9007293452382,0.003964321110009911,0.0,0.003964321110009911,0.003964321110009911,0.11694747274529237,60,5.708622398414271,4,78.41615688479449,310.49764509228896,1.0,0.37
main,v040,LOSO-dep-f1,primary,LOSO,deployed,1,A,Shared-PPO|wcnc2027_ablation/shared_ppo_seed7/mappo_best.pt,Shared-PPO,7,R,wcnc2027_ablation 2026-09-14 (supplementary ablation),7,-603.8766143317445,569.2810469317445,27.0,0.7205674000000001,6.875,193.72973916191546,193.54959731191542,0.0009910802775024777,0.0,0.0009910802775024777,0.0009910802775024777,0.10703666997026759,38,3.615460852329039,1,1.4705057984678933,1.4705057984678933,1.0,0.37
main,v040,LOSO-dep-f1,primary,LOSO,deployed,1,A,Shared-PPO|wcnc2027_ablation/shared_ppo_seed7/mappo_best.pt,Shared-PPO,7,R,wcnc2027_ablation 2026-09-14 (supplementary ablation),8,-396.24267215882827,363.28757695882825,27.0,0.45509520000000003,5.5,204.1318029547111,204.0180291547111,0.0009910802775024777,0.0,0.0009910802775024777,0.0009910802775024777,0.02576808721506442,24,2.2834489593657086,1,1.0556608156296767,1.0556608156296767,1.0,0.37
main,v040,LOSO-dep-f1,primary,LOSO,deployed,1,A,Shared-PPO|wcnc2027_ablation/shared_ppo_seed7/mappo_best.pt,Shared-PPO,7,R,wcnc2027_ablation 2026-09-14 (supplementary ablation),9,-448.8174718583474,81.0556368840802,367.76183497426723,0.0,0.0,207.60739037379037,207.60739037379037,0.036669970267591674,0.036669970267591674,0.0,0.013875123885034688,0.0,0,0.0,37,1.156237474257852,4.4323206012247525,0.42086760009618995,0.37
main,v040,LOSO-dep-f1,primary,LOSO,deployed,1,A,MAPPO|wcnc2027_ablation/mappo_seed13/mappo_best.pt,MAPPO,13,R,wcnc2027_ablation 2026-09-14,all,-5082.0244199856215,4266.9712744707995,752.9782293148216,5.5749162000000005,56.5,1971.7222671280479,1970.3285380780476,0.005153617443012884,0.0037661050545094153,0.0013875123885034688,0.0028741328047571855,0.07482656095143707,294,2.797224975222993,52,7.109567809614232,310.49764509228896,0.5752432246457213,0.37
main,v040,LOSO-dep-f1,primary,LOSO,deployed,1,A,MAPPO|wcnc2027_ablation/mappo_seed13/mappo_best.pt,MAPPO,13,R,wcnc2027_ablation 2026-09-14,0,-822.1294422928898,809.57877969289,0.0,1.1756626,11.375,179.06251182807148,178.76859617807145,0.0,0.0,0.0,0.0,0.20317145688800792,62,5.898909811694748,0,0.0,0.0,0.0,0.37
main,v040,LOSO-dep-f1,primary,LOSO,deployed,1,A,MAPPO|wcnc2027_ablation/mappo_seed13/mappo_best.pt,MAPPO,13,R,wcnc2027_ablation 2026-09-14,1,-554.2481208402087,466.65883185507005,76.05409858513858,0.9101904000000001,10.625,193.09990898427014,192.87236138427016,0.002973240832507433,0.0,0.002973240832507433,0.002973240832507433,0.10208126858275521,48,4.566897918731417,3,1.0558381718389798,1.2767170803826429,0.9450455398348732,0.37
main,v040,LOSO-dep-f1,primary,LOSO,deployed,1,A,MAPPO|wcnc2027_ablation/mappo_seed13/mappo_best.pt,MAPPO,13,R,wcnc2027_ablation 2026-09-14,2,-309.1859174992085,280.5721436992085,27.0,0.11377380000000001,1.5,206.98567971854925,206.95723626854925,0.0009910802775024777,0.0,0.0009910802775024777,0.0009910802775024777,0.002973240832507433,6,0.5708622398414271,1,1.0556608156296767,1.0556608156296767,1.0,0.37
main,v040,LOSO-dep-f1,primary,LOSO,deployed,1,A,MAPPO|wcnc2027_ablation/mappo_seed13/mappo_best.pt,MAPPO,13,R,wcnc2027_ablation 2026-09-14,3,-165.00653143345153,138.00653143345153,27.0,0.0,0.0,207.57497972587112,207.57497972587112,0.0009910802775024777,0.0009910802775024777,0.0,0.0009910802775024777,0.0,0,0.0,1,2.9416993938337894,2.9416993938337894,1.0,0.37
main,v040,LOSO-dep-f1,primary,LOSO,deployed,1,A,MAPPO|wcnc2027_ablation/mappo_seed13/mappo_best.pt,MAPPO,13,R,wcnc2027_ablation 2026-09-14,4,-661.469609440047,553.4891464697698,98.10819717027715,0.8722658,9.0,187.84863512947763,187.63056867947762,0.003964321110009911,0.0,0.003964321110009911,0.003964321110009911,0.13478691774033696,46,4.376610505450942,4,0.9453987175671481,1.0556608156296767,0.9175683097523097,0.37
main,v040,LOSO-dep-f1,primary,LOSO,deployed,1,A,MAPPO|wcnc2027_ablation/mappo_seed13/mappo_best.pt,MAPPO,13,R,wcnc2027_ablation 2026-09-14,5,-368.3086370668967,364.1414664668967,0.0,0.4171706,3.75,201.11106275212262,201.0067701021226,0.0,0.0,0.0,0.0,0.049554013875123884,22,2.093161546085233,0,0.0,0.0,0.0,0.37
main,v040,LOSO-dep-f1,primary,LOSO,deployed,1,A,MAPPO|wcnc2027_ablation/mappo_seed13/mappo_best.pt,MAPPO,13,R,wcnc2027_ablation 2026-09-14,6,-733.3100394260888,640.7481506260888,81.0,1.0618888000000002,10.5,190.6701214255046,190.40464922550458,0.002973240832507433,0.0,0.002973240832507433,0.002973240832507433,0.12190287413280476,56,5.32804757185332,3,104.20298890784943,310.49764509228896,1.0,0.37
main,v040,LOSO-dep-f1,primary,LOSO,deployed,1,A,MAPPO|wcnc2027_ablation/mappo_seed13/mappo_best.pt,MAPPO,13,R,wcnc2027_ablation 2026-09-14,7,-625.4790540549913,570.0302372698527,49.054098585138576,0.6447182,5.75,193.74462892301247,193.58344937301246,0.0019821605550049554,0.0,0.0019821605550049554,0.0019821605550049554,0.10703666997026759,34,3.2348860257680876,2,1.1528212089862562,1.4705057984678933,0.9175683097523096,0.37
main,v040,LOSO-dep-f1,primary,LOSO,deployed,1,A,MAPPO|wcnc2027_ablation/mappo_seed13/mappo_best.pt,MAPPO,13,R,wcnc2027_ablation 2026-09-14,8,-394.0695960734917,362.6903500734917,27.0,0.37924599999999997,4.0,204.01734826737817,203.92253676737818,0.0009910802775024777,0.0,0.0009910802775024777,0.0009910802775024777,0.026759167492566897,20,1.9028741328047574,1,1.0556608156296767,1.0556608156296767,1.0,0.37
main,v040,LOSO-dep-f1,primary,LOSO,deployed,1,A,MAPPO|wcnc2027_ablation/mappo_seed13/mappo_best.pt,MAPPO,13,R,wcnc2027_ablation 2026-09-14,9,-448.8174718583474,81.0556368840802,367.76183497426723,0.0,0.0,207.60739037379037,207.60739037379037,0.036669970267591674,0.036669970267591674,0.0,0.013875123885034688,0.0,0,0.0,37,1.156237474257852,4.4323206012247525,0.42086760009618995,0.37
main,v040,LOSO-dep-f1,primary,LOSO,deployed,1,A,Centralized PPO|wcnc2027_ablation/central_seed13/ppo_multi_site.zip,Centralized PPO,13,R,wcnc2027_ablation 2026-09-14,all,-10834.434715947624,5736.927095338722,5078.3923144089,1.3653062,17.75,2091.5830073882425,2091.2416808382422,0.02388503468780971,0.008919722497522299,0.0201189296333003,0.021605550049554015,0.09256689791873142,72,0.6850346878097127,241,21.781081502327382,1742.3871610738074,0.8008013161191431,0.77
main,v040,LOSO-dep-f1,primary,LOSO,deployed,1,A,Centralized PPO|wcnc2027_ablation/central_seed13/ppo_multi_site.zip,Centralized PPO,13,R,wcnc2027_ablation 2026-09-14,0,-5551.994579706898,849.2487940722635,4683.630479434633,1.3653062,17.75,226.40001792534252,226.0586913753425,0.20118929633300298,0.05153617443012884,0.20118929633300298,0.20118929633300298,0.9256689791873142,72,6.850346878097127,203,25.633094365120808,1742.3871610738074,0.86906904424214,0.77
main,v040,LOSO-dep-f1,primary,LOSO,deployed,1,A,Centralized PPO|wcnc2027_ablation/central_seed13/ppo_multi_site.zip,Centralized PPO,13,R,wcnc2027_ablation 2026-09-14,1,-868.5762654114857,868.5762654114857,0.0,0.0,0.0,207.1313254681582,207.1313254681582,0.0,0.0,0.0,0.0,0.0,0,0.0,0,0.0,0.0,0.0,0.77
main,v040,LOSO-dep-f1,primary,LOSO,deployed,1,A,Centralized PPO|wcnc2027_ablation/central_seed13/ppo_multi_site.zip,Centralized PPO,13,R,wcnc2027_ablation 2026-09-14,2,-285.5121521023768,285.5121521023768,0.0,0.0,0.0,207.3428522449135,207.3428522449135,0.0,0.0,0.0,0.0,0.0,0,0.0,0,0.0,0.0,0.0,0.77
main,v040,LOSO-dep-f1,primary,LOSO,deployed,1,A,Centralized PPO|wcnc2027_ablation/central_seed13/ppo_multi_site.zip,Centralized PPO,13,R,wcnc2027_ablation 2026-09-14,3,-165.00653143345153,138.00653143345153,27.0,0.0,0.0,207.57497972587112,207.57497972587112,0.0009910802775024777,0.0009910802775024777,0.0,0.0009910802775024777,0.0,0,0.0,1,2.9416993938337894,2.9416993938337894,1.0,0.77
main,v040,LOSO-dep-f1,primary,LOSO,deployed,1,A,Centralized PPO|wcnc2027_ablation/central_seed13/ppo_multi_site.zip,Centralized PPO,13,R,wcnc2027_ablation 2026-09-14,4,-955.6010042074747,955.6010042074747,0.0,0.0,0.0,207.0274623425555,207.0274623425555,0.0,0.0,0.0,0.0,0.0,0,0.0,0,0.0,0.0,0.0,0.77
main,v040,LOSO-dep-f1,primary,LOSO,deployed,1,A,Centralized PPO|wcnc2027_ablation/central_seed13/ppo_multi_site.zip,Centralized PPO,13,R,wcnc2027_ablation 2026-09-14,5,-443.3327039906638,443.3327039906638,0.0,0.0,0.0,207.2424251817793,207.2424251817793,0.0,0.0,0.0,0.0,0.0,0,0.0,0,0.0,0.0,0.0,0.77
main,v040,LOSO-dep-f1,primary,LOSO,deployed,1,A,Centralized PPO|wcnc2027_ablation/central_seed13/ppo_multi_site.zip,Centralized PPO,13,R,wcnc2027_ablation 2026-09-14,6,-955.8302067020855,955.8302067020855,0.0,0.0,0.0,206.97753059250036,206.97753059250036,0.0,0.0,0.0,0.0,0.0,0,0.0,0,0.0,0.0,0.0,0.77
main,v040,LOSO-dep-f1,primary,LOSO,deployed,1,A,Centralized PPO|wcnc2027_ablation/central_seed13/ppo_multi_site.zip,Centralized PPO,13,R,wcnc2027_ablation 2026-09-14,7,-757.6833441043664,757.6833441043664,0.0,0.0,0.0,207.0301358378607,207.0301358378607,0.0,0.0,0.0,0.0,0.0,0,0.0,0,0.0,0.0,0.0,0.77
main,v040,LOSO-dep-f1,primary,LOSO,deployed,1,A,Centralized PPO|wcnc2027_ablation/central_seed13/ppo_multi_site.zip,Centralized PPO,13,R,wcnc2027_ablation 2026-09-14,8,-402.0804564304751,402.0804564304751,0.0,0.0,0.0,207.24888769547053,207.24888769547053,0.0,0.0,0.0,0.0,0.0,0,0.0,0,0.0,0.0,0.0,0.77
main,v040,LOSO-dep-f1,primary,LOSO,deployed,1,A,Centralized PPO|wcnc2027_ablation/central_seed13/ppo_multi_site.zip,Centralized PPO,13,R,wcnc2027_ablation 2026-09-14,9,-448.8174718583474,81.0556368840802,367.76183497426723,0.0,0.0,207.60739037379037,207.60739037379037,0.036669970267591674,0.036669970267591674,0.0,0.013875123885034688,0.0,0,0.0,37,1.156237474257852,4.4323206012247525,0.42086760009618995,0.77
main,v040,LOSO-dep-f1,primary,LOSO,deployed,1,A,Shared-PPO|wcnc2027_ablation/shared_ppo_seed13/mappo_best.pt,Shared-PPO,13,R,wcnc2027_ablation 2026-09-14 (supplementary ablation),all,-5051.74698283044,4404.939772485895,600.8700321445444,4.4371782,41.5,1986.0160457110444,1984.9067511610447,0.0045589692765113975,0.0037661050545094153,0.0007928642220019821,0.0022794846382556988,0.061149653121902875,234,2.226362735381566,46,1.1727778334546648,4.4323206012247525,0.527008140055832,0.37
main,v040,LOSO-dep-f1,primary,LOSO,deployed,1,A,Shared-PPO|wcnc2027_ablation/shared_ppo_seed13/mappo_best.pt,Shared-PPO,13,R,wcnc2027_ablation 2026-09-14 (supplementary ablation),0,-843.6146011717037,835.9052599717037,0.0,0.8343411999999999,6.875,181.94220921943213,181.73362391943212,0.0,0.0,0.0,0.0,0.17443012884043607,44,4.186323092170466,0,0.0,0.0,0.0,0.37
main,v040,LOSO-dep-f1,primary,LOSO,deployed,1,A,Shared-PPO|wcnc2027_ablation/shared_ppo_seed13/mappo_best.pt,Shared-PPO,13,R,wcnc2027_ablation 2026-09-14 (supplementary ablation),1,-544.5185820069294,486.8309914217908,49.054098585138576,0.7584919999999999,7.875,195.19170096620084,195.00207796620083,0.0019821605550049554,0.0,0.0019821605550049554,0.0019821605550049554,0.08225966303270565,40,3.8057482656095147,2,1.055926849943631,1.2767170803826429,0.9175683097523096,0.37
main,v040,LOSO-dep-f1,primary,LOSO,deployed,1,A,Shared-PPO|wcnc2027_ablation/shared_ppo_seed13/mappo_best.pt,Shared-PPO,13,R,wcnc2027_ablation 2026-09-14 (supplementary ablation),2,-309.9311747754058,281.8553255754058,27.0,0.0758492,1.0,207.09316041127124,207.07419811127124,0.0009910802775024777,0.0,0.0009910802775024777,0.0009910802775024777,0.0019821605550049554,4,0.3805748265609515,1,1.0556608156296767,1.0556608156296767,1.0,0.37
main,v040,LOSO-dep-f1,primary,LOSO,deployed,1,A,Shared-PPO|wcnc2027_ablation/shared_ppo_seed13/mappo_best.pt,Shared-PPO,13,R,wcnc2027_ablation 2026-09-14 (supplementary ablation),3,-165.00653143345153,138.00653143345153,27.0,0.0,0.0,207.57497972587112,207.57497972587112,0.0009910802775024777,0.0009910802775024777,0.0,0.0009910802775024777,0.0,0,0.0,1,2.9416993938337894,2.9416993938337894,1.0,0.37
main,v040,LOSO-dep-f1,primary,LOSO,deployed,1,A,Shared-PPO|wcnc2027_ablation/shared_ppo_seed13/mappo_best.pt,Shared-PPO,13,R,wcnc2027_ablation 2026-09-14 (supplementary ablation),4,-653.4853300346543,570.7106640495158,76.05409858513858,0.7205674,6.0,189.3198843495578,189.13974249955783,0.002973240832507433,0.0,0.002973240832507433,0.002973240832507433,0.12190287413280476,38,3.615460852329039,3,0.9821527502546576,1.0556608156296767,0.9450455398348732,0.37
main,v040,LOSO-dep-f1,primary,LOSO,deployed,1,A,Shared-PPO|wcnc2027_ablation/shared_ppo_seed13/mappo_best.pt,Shared-PPO,13,R,wcnc2027_ablation 2026-09-14 (supplementary ablation),5,-377.4676500354851,375.5771778354851,0.0,0.26547220000000005,1.625,202.3746041247258,202.30823607472576,0.0,0.0,0.0,0.0,0.03766105054509415,14,1.33201189296333,0,0.0,0.0,0.0,0.37
main,v040,LOSO-dep-f1,primary,LOSO,deployed,1,A,Shared-PPO|wcnc2027_ablation/shared_ppo_seed13/mappo_best.pt,Shared-PPO,13,R,wcnc2027_ablation 2026-09-14 (supplementary ablation),6,-704.9615741658497,665.6005345658497,27.0,0.9860396,11.375,193.27194977597327,193.0254398759733,0.0009910802775024777,0.0,0.0009910802775024777,0.0009910802775024777,0.09712586719524281,52,4.947472745292369,1,1.0556608156296767,1.0556608156296767,1.0,0.37
main,v040,LOSO-dep-f1,primary,LOSO,deployed,1,A,Shared-PPO|wcnc2027_ablation/shared_ppo_seed13/mappo_best.pt,Shared-PPO,13,R,wcnc2027_ablation 2026-09-14 (supplementary ablation),7,-597.072048728776,593.1661043287761,0.0,0.5309444000000001,3.375,196.23461372066296,196.10187762066295,0.0,0.0,0.0,0.0,0.08225966303270565,28,2.66402378592666,0,0.0,0.0,0.0,0.37
main,v040,LOSO-dep-f1,primary,LOSO,deployed,1,A,Shared-PPO|wcnc2027_ablation/shared_ppo_seed13/mappo_best.pt,Shared-PPO,13,R,wcnc2027_ablation 2026-09-14 (supplementary ablation),8,-406.87201861983624,376.23154641983626,27.0,0.26547220000000005,3.375,205.40555304355888,205.3391849935589,0.0009910802775024777,0.0,0.0009910802775024777,0.0009910802775024777,0.013875123885034688,14,1.33201189296333,1,1.0556608156296767,1.0556608156296767,1.0,0.37
main,v040,LOSO-dep-f1,primary,LOSO,deployed,1,A,Shared-PPO|wcnc2027_ablation/shared_ppo_seed13/mappo_best.pt,Shared-PPO,13,R,wcnc2027_ablation 2026-09-14 (supplementary ablation),9,-448.8174718583474,81.0556368840802,367.76183497426723,0.0,0.0,207.60739037379037,207.60739037379037,0.036669970267591674,0.036669970267591674,0.0,0.013875123885034688,0.0,0,0.0,37,1.156237474257852,4.4323206012247525,0.42086760009618995,0.37
main,v040,LOSO-dep-f1,primary,LOSO,deployed,1,A,MAPPO|wcnc2027_ablation/mappo_seed23/mappo_best.pt,MAPPO,23,R,wcnc2027_ablation 2026-09-14,all,-5072.866503304738,4244.700285775055,757.9241307296829,5.9920868,64.25,1969.3168022498432,1967.8187805498433,0.005153617443012884,0.0037661050545094153,0.0013875123885034688,0.0028741328047571855,0.07710604558969276,316,3.0065411298315166,52,7.113808659539713,310.49764509228896,0.5784136742706324,0.37
main,v040,LOSO-dep-f1,primary,LOSO,deployed,1,A,MAPPO|wcnc2027_ablation/mappo_seed23/mappo_best.pt,MAPPO,23,R,wcnc2027_ablation 2026-09-14,0,-816.0699008684358,803.1063136684359,0.0,1.2135872,11.75,178.22442728859818,177.92103048859818,0.0,0.0,0.0,0.0,0.21209117938553024,64,6.089197224975224,0,0.0,0.0,0.0,0.37
main,v040,LOSO-dep-f1,primary,LOSO,deployed,1,A,MAPPO|wcnc2027_ablation/mappo_seed23/mappo_best.pt,MAPPO,23,R,wcnc2027_ablation 2026-09-14,1,-550.0664772690855,462.97718828394676,76.05409858513858,0.9101904000000001,10.125,192.61970647128896,192.39215887128893,0.002973240832507433,0.0,0.002973240832507433,0.002973240832507433,0.10703666997026759,48,4.566897918731417,3,1.0558381718389798,1.2767170803826429,0.9450455398348732,0.37
main,v040,LOSO-dep-f1,primary,LOSO,deployed,1,A,MAPPO|wcnc2027_ablation/mappo_seed23/mappo_best.pt,MAPPO,23,R,wcnc2027_ablation 2026-09-14,2,-309.0317806936605,279.88008229366045,27.0,0.1516984,2.0,206.9056350556238,206.86771045562378,0.0009910802775024777,0.0,0.0009910802775024777,0.0009910802775024777,0.003964321110009911,8,0.761149653121903,1,1.0556608156296767,1.0556608156296767,1.0,0.37
main,v040,LOSO-dep-f1,primary,LOSO,deployed,1,A,MAPPO|wcnc2027_ablation/mappo_seed23/mappo_best.pt,MAPPO,23,R,wcnc2027_ablation 2026-09-14,3,-165.00653143345153,138.00653143345153,27.0,0.0,0.0,207.57497972587112,207.57497972587112,0.0009910802775024777,0.0009910802775024777,0.0,0.0009910802775024777,0.0,0,0.0,1,2.9416993938337894,2.9416993938337894,1.0,0.37
main,v040,LOSO-dep-f1,primary,LOSO,deployed,1,A,MAPPO|wcnc2027_ablation/mappo_seed23/mappo_best.pt,MAPPO,23,R,wcnc2027_ablation 2026-09-14,4,-660.377972496173,551.1095849258958,98.10819717027715,0.9101904,10.25,187.55261546673427,187.3250678667343,0.003964321110009911,0.0,0.003964321110009911,0.003964321110009911,0.1377601585728444,48,4.566897918731417,4,0.9453987175671481,1.0556608156296767,0.9175683097523097,0.37
main,v040,LOSO-dep-f1,primary,LOSO,deployed,1,A,MAPPO|wcnc2027_ablation/mappo_seed23/mappo_best.pt,MAPPO,23,R,wcnc2027_ablation 2026-09-14,5,-365.7414908064659,362.3622448064659,0.0,0.37924599999999997,3.0,200.98497957076404,200.89016807076405,0.0,0.0,0.0,0.0,0.05054509415262636,20,1.9028741328047574,0,0.0,0.0,0.0,0.37
main,v040,LOSO-dep-f1,primary,LOSO,deployed,1,A,MAPPO|wcnc2027_ablation/mappo_seed23/mappo_best.pt,MAPPO,23,R,wcnc2027_ablation 2026-09-14,6,-762.3440764119489,637.9675646119488,108.0,1.2515118,15.125,190.5321961233692,190.2193181733692,0.003964321110009911,0.0,0.003964321110009911,0.003964321110009911,0.12190287413280476,66,6.279484638255699,4,78.41615688479449,310.49764509228896,1.0,0.37
main,v040,LOSO-dep-f1,primary,LOSO,deployed,1,A,MAPPO|wcnc2027_ablation/mappo_seed23/mappo_best.pt,MAPPO,23,R,wcnc2027_ablation 2026-09-14,7,-599.4037428600512,565.1831754600512,27.0,0.7205674,6.5,193.20609043390715,193.02594858390717,0.0009910802775024777,0.0,0.0009910802775024777,0.0009910802775024777,0.11199207135777998,38,3.615460852329039,1,1.4705057984678933,1.4705057984678933,1.0,0.37
main,v040,LOSO-dep-f1,primary,LOSO,deployed,1,A,MAPPO|wcnc2027_ablation/mappo_seed23/mappo_best.pt,MAPPO,23,R,wcnc2027_ablation 2026-09-14,8,-396.0070586071181,363.05196340711814,27.0,0.45509520000000003,5.5,204.10878173989624,203.99500793989625,0.0009910802775024777,0.0,0.0009910802775024777,0.0009910802775024777,0.02576808721506442,24,2.2834489593657086,1,1.0556608156296767,1.0556608156296767,1.0,0.37
main,v040,LOSO-dep-f1,primary,LOSO,deployed,1,A,MAPPO|wcnc2027_ablation/mappo_seed23/mappo_best.pt,MAPPO,23,R,wcnc2027_ablation 2026-09-14,9,-448.8174718583474,81.0556368840802,367.76183497426723,0.0,0.0,207.60739037379037,207.60739037379037,0.036669970267591674,0.036669970267591674,0.0,0.013875123885034688,0.0,0,0.0,37,1.156237474257852,4.4323206012247525,0.42086760009618995,0.37
main,v040,LOSO-dep-f1,primary,LOSO,deployed,1,A,Shared-PPO|wcnc2027_ablation/shared_ppo_seed77/mappo_best.pt,Shared-PPO,77,R,wcnc2027_ablation 2026-09-14 (supplementary ablation),all,-5150.978448375771,4199.606360920396,895.1946236553758,5.8024638,50.375,1962.697140930286,1961.2465249802863,0.005748265609514371,0.0037661050545094153,0.0019821605550049554,0.003468780971258672,0.08711595639246779,306,2.911397423191279,58,6.475245503311311,310.49764509228896,0.6078136924068274,0.36
main,v040,LOSO-dep-f1,primary,LOSO,deployed,1,A,Shared-PPO|wcnc2027_ablation/shared_ppo_seed77/mappo_best.pt,Shared-PPO,77,R,wcnc2027_ablation 2026-09-14 (supplementary ablation),0,-830.4356592187627,795.7171242336242,22.05409858513858,1.2894364,11.375,177.05811660330087,176.73575750330087,0.0009910802775024777,0.0,0.0009910802775024777,0.0009910802775024777,0.22893954410307235,68,6.469772051536175,1,0.8351366195046193,0.8351366195046193,0.8351366195046193,0.36
main,v040,LOSO-dep-f1,primary,LOSO,deployed,1,A,Shared-PPO|wcnc2027_ablation/shared_ppo_seed77/mappo_best.pt,Shared-PPO,77,R,wcnc2027_ablation 2026-09-14 (supplementary ablation),1,-541.4670728296444,457.0786330445058,76.05409858513858,0.8343412000000001,7.5,191.78803953244568,191.5794542324457,0.002973240832507433,0.0,0.002973240832507433,0.002973240832507433,0.12190287413280476,44,4.186323092170466,3,1.0558381718389798,1.2767170803826429,0.9450455398348732,0.36
main,v040,LOSO-dep-f1,primary,LOSO,deployed,1,A,Shared-PPO|wcnc2027_ablation/shared_ppo_seed77/mappo_best.pt,Shared-PPO,77,R,wcnc2027_ablation 2026-09-14 (supplementary ablation),2,-356.58137730469275,278.08765571955416,76.05409858513858,0.189623,2.25,206.7069035533498,206.65949780334978,0.002973240832507433,0.0,0.002973240832507433,0.002973240832507433,0.006937561942517344,10,0.9514370664023787,3,1.1204344112007296,1.4705057984678933,0.9450455398348732,0.36
main,v040,LOSO-dep-f1,primary,LOSO,deployed,1,A,Shared-PPO|wcnc2027_ablation/shared_ppo_seed77/mappo_best.pt,Shared-PPO,77,R,wcnc2027_ablation 2026-09-14 (supplementary ablation),3,-165.00653143345153,138.00653143345153,27.0,0.0,0.0,207.57497972587112,207.57497972587112,0.0009910802775024777,0.0009910802775024777,0.0,0.0009910802775024777,0.0,0,0.0,1,2.9416993938337894,2.9416993938337894,1.0,0.36
main,v040,LOSO-dep-f1,primary,LOSO,deployed,1,A,Shared-PPO|wcnc2027_ablation/shared_ppo_seed77/mappo_best.pt,Shared-PPO,77,R,wcnc2027_ablation 2026-09-14 (supplementary ablation),4,-648.5482897982184,545.8824498279412,98.10819717027715,0.6826428,3.875,186.70919274190624,186.53853204190622,0.003964321110009911,0.0,0.003964321110009911,0.003964321110009911,0.14965312190287414,36,3.4251734390485633,4,0.9453987175671481,1.0556608156296767,0.9175683097523097,0.36
main,v040,LOSO-dep-f1,primary,LOSO,deployed,1,A,Shared-PPO|wcnc2027_ablation/shared_ppo_seed77/mappo_best.pt,Shared-PPO,77,R,wcnc2027_ablation 2026-09-14 (supplementary ablation),5,-383.7558353846031,357.2087169994645,22.05409858513858,0.4930198,4.0,200.24869191313888,200.1254369631389,0.0009910802775024777,0.0,0.0009910802775024777,0.0009910802775024777,0.061446977205153616,26,2.4737363726461843,1,0.8351366195046193,0.8351366195046193,0.8351366195046193,0.36
main,v040,LOSO-dep-f1,primary,LOSO,deployed,1,A,Shared-PPO|wcnc2027_ablation/shared_ppo_seed77/mappo_best.pt,Shared-PPO,77,R,wcnc2027_ablation 2026-09-14 (supplementary ablation),6,-750.1538744813749,629.0652872813749,108.0,1.2135872,11.875,189.1958878668796,188.8924910668796,0.003964321110009911,0.0,0.003964321110009911,0.003964321110009911,0.14073339940535184,64,6.089197224975224,4,78.41615688479449,310.49764509228896,1.0,0.36
main,v040,LOSO-dep-f1,primary,LOSO,deployed,1,A,Shared-PPO|wcnc2027_ablation/shared_ppo_seed77/mappo_best.pt,Shared-PPO,77,R,wcnc2027_ablation 2026-09-14 (supplementary ablation),7,-636.1369136392175,558.8460736689403,71.10819717027715,0.6826428,5.5,192.26376822198512,192.09310752198513,0.002973240832507433,0.0,0.002973240832507433,0.002973240832507433,0.1278493557978196,36,3.4251734390485633,3,1.0469263458257105,1.4705057984678933,0.8900910796697462,0.36
main,v040,LOSO-dep-f1,primary,LOSO,deployed,1,A,Shared-PPO|wcnc2027_ablation/shared_ppo_seed77/mappo_best.pt,Shared-PPO,77,R,wcnc2027_ablation 2026-09-14 (supplementary ablation),8,-390.0754224274592,358.65825182745925,27.0,0.4171706,4.0,203.54417039761847,203.43987774761845,0.0009910802775024777,0.0,0.0009910802775024777,0.0009910802775024777,0.03369672943508424,22,2.093161546085233,1,1.0556608156296767,1.0556608156296767,1.0,0.36
main,v040,LOSO-dep-f1,primary,LOSO,deployed,1,A,Shared-PPO|wcnc2027_ablation/shared_ppo_seed77/mappo_best.pt,Shared-PPO,77,R,wcnc2027_ablation 2026-09-14 (supplementary ablation),9,-448.8174718583474,81.0556368840802,367.76183497426723,0.0,0.0,207.60739037379037,207.60739037379037,0.036669970267591674,0.036669970267591674,0.0,0.013875123885034688,0.0,0,0.0,37,1.156237474257852,4.4323206012247525,0.42086760009618995,0.36
main,v040,LOSO-dep-f1,primary,LOSO,deployed,1,A,MAPPO|wcnc2027_ablation/mappo_seed99/mappo_best.pt,MAPPO,99,R,wcnc2027_ablation 2026-09-14,all,-5052.143628035525,4221.980954720703,779.9782293148216,5.309444000000001,44.875,1966.1105972694447,1964.7832362694448,0.005252725470763132,0.0037661050545094153,0.0014866204162537165,0.002973240832507433,0.08156590683845391,280,2.66402378592666,53,7.003170413177508,310.49764509228896,0.5832575034259907,0.37
main,v040,LOSO-dep-f1,primary,LOSO,deployed,1,A,MAPPO|wcnc2027_ablation/mappo_seed99/mappo_best.pt,MAPPO,99,R,wcnc2027_ablation 2026-09-14,0,-811.0769357594124,800.9771223594125,0.0,1.0998134,9.0,177.8414089631024,177.5664556131024,0.0,0.0,0.0,0.0,0.2180376610505451,58,5.518334985133796,0,0.0,0.0,0.0,0.37
main,v040,LOSO-dep-f1,primary,LOSO,deployed,1,A,MAPPO|wcnc2027_ablation/mappo_seed99/mappo_best.pt,MAPPO,99,R,wcnc2027_ablation 2026-09-14,1,-517.8221772667731,461.2216620816346,49.054098585138576,0.7964166,6.75,192.3767835678067,192.1776794178067,0.0019821605550049554,0.0,0.0019821605550049554,0.0019821605550049554,0.11000991080277503,42,3.9960356788899905,2,1.055926849943631,1.2767170803826429,0.9175683097523096,0.37
main,v040,LOSO-dep-f1,primary,LOSO,deployed,1,A,MAPPO|wcnc2027_ablation/mappo_seed99/mappo_best.pt,MAPPO,99,R,wcnc2027_ablation 2026-09-14,2,-336.7359672286028,280.58426882860283,54.0,0.1516984,2.0,206.94995458445337,206.91202998445337,0.0019821605550049554,0.0,0.0019821605550049554,0.0019821605550049554,0.003964321110009911,8,0.761149653121903,2,1.263083307048785,1.4705057984678933,1.0,0.37
main,v040,LOSO-dep-f1,primary,LOSO,deployed,1,A,MAPPO|wcnc2027_ablation/mappo_seed99/mappo_best.pt,MAPPO,99,R,wcnc2027_ablation 2026-09-14,3,-165.00653143345153,138.00653143345153,27.0,0.0,0.0,207.57497972587112,207.57497972587112,0.0009910802775024777,0.0009910802775024777,0.0,0.0009910802775024777,0.0,0,0.0,1,2.9416993938337894,2.9416993938337894,1.0,0.37
main,v040,LOSO-dep-f1,primary,LOSO,deployed,1,A,MAPPO|wcnc2027_ablation/mappo_seed99/mappo_best.pt,MAPPO,99,R,wcnc2027_ablation 2026-09-14,4,-648.3232068701045,544.4944422998274,98.10819717027715,0.7205674,5.0,186.60166260589938,186.42152075589934,0.003964321110009911,0.0,0.003964321110009911,0.003964321110009911,0.14965312190287414,38,3.615460852329039,4,0.9453987175671481,1.0556608156296767,0.9175683097523097,0.37
main,v040,LOSO-dep-f1,primary,LOSO,deployed,1,A,MAPPO|wcnc2027_ablation/mappo_seed99/mappo_best.pt,MAPPO,99,R,wcnc2027_ablation 2026-09-14,5,-364.95288069556346,363.14948389556343,0.0,0.3033968,1.5,200.995458171418,200.919608971418,0.0,0.0,0.0,0.0,0.05054509415262636,16,1.522299306243806,0,0.0,0.0,0.0,0.37
main,v040,LOSO-dep-f1,primary,LOSO,deployed,1,A,MAPPO|wcnc2027_ablation/mappo_seed99/mappo_best.pt,MAPPO,99,R,wcnc2027_ablation 2026-09-14,6,-752.114400950414,632.226662950414,108.0,1.1377380000000001,10.75,189.7499757988989,189.46554129889893,0.003964321110009911,0.0,0.003964321110009911,0.003964321110009911,0.13280475718533202,60,5.708622398414271,4,78.41615688479449,310.49764509228896,1.0,0.37
main,v040,LOSO-dep-f1,primary,LOSO,deployed,1,A,MAPPO|wcnc2027_ablation/mappo_seed99/mappo_best.pt,MAPPO,99,R,wcnc2027_ablation 2026-09-14,7,-615.9399681922184,560.9532268070799,49.054098585138576,0.6826428,5.25,192.62368690763924,192.45302620763923,0.0019821605550049554,0.0,0.0019821605550049554,0.0019821605550049554,0.12091179385530228,36,3.4251734390485633,2,1.1528212089862562,1.4705057984678933,0.9175683097523096,0.37
main,v040,LOSO-dep-f1,primary,LOSO,deployed,1,A,MAPPO|wcnc2027_ablation/mappo_seed99/mappo_best.pt,MAPPO,99,R,wcnc2027_ablation 2026-09-14,8,-391.35408778063686,359.3119171806369,27.0,0.41717060000000006,4.625,203.78929657056526,203.68500392056524,0.0009910802775024777,0.0,0.0009910802775024777,0.0009910802775024777,0.02973240832507433,22,2.093161546085233,1,1.0556608156296767,1.0556608156296767,1.0,0.37
main,v040,LOSO-dep-f1,primary,LOSO,deployed,1,A,MAPPO|wcnc2027_ablation/mappo_seed99/mappo_best.pt,MAPPO,99,R,wcnc2027_ablation 2026-09-14,9,-448.8174718583474,81.0556368840802,367.76183497426723,0.0,0.0,207.60739037379037,207.60739037379037,0.036669970267591674,0.036669970267591674,0.0,0.013875123885034688,0.0,0,0.0,37,1.156237474257852,4.4323206012247525,0.42086760009618995,0.37
main,v040,LOSO-dep-f1,primary,LOSO,deployed,1,A,Centralized PPO|wcnc2027_ablation/central_seed99/ppo_multi_site.zip,Centralized PPO,99,R,wcnc2027_ablation 2026-09-14,all,-15584.546696810658,5697.898923045296,9852.79069076536,3.982083,29.875,2147.814302200775,2146.818781450775,0.04172447968285431,0.019821605550049554,0.03795837462834489,0.03944499504459861,0.11902874132804757,209,1.9885034687809713,421,129.3480588735712,2769.5291282153376,0.8791917570782157,0.77
main,v040,LOSO-dep-f1,primary,LOSO,deployed,1,A,Centralized PPO|wcnc2027_ablation/central_seed99/ppo_multi_site.zip,Centralized PPO,99,R,wcnc2027_ablation 2026-09-14,0,-4283.104690113737,835.3752887624087,3428.045246751329,1.9341546000000003,17.75,209.6612738304978,209.17773518049782,0.1466798810703667,0.02576808721506442,0.1466798810703667,0.1466798810703667,0.7809712586719524,101,9.609514370664025,148,20.97669968388389,1742.3871610738074,0.872082262781831,0.77
main,v040,LOSO-dep-f1,primary,LOSO,deployed,1,A,Centralized PPO|wcnc2027_ablation/central_seed99/ppo_multi_site.zip,Centralized PPO,99,R,wcnc2027_ablation 2026-09-14,1,-868.5762654114857,868.5762654114857,0.0,0.0,0.0,207.1313254681582,207.1313254681582,0.0,0.0,0.0,0.0,0.0,0,0.0,0,0.0,0.0,0.0,0.77
main,v040,LOSO-dep-f1,primary,LOSO,deployed,1,A,Centralized PPO|wcnc2027_ablation/central_seed99/ppo_multi_site.zip,Centralized PPO,99,R,wcnc2027_ablation 2026-09-14,2,-285.5121521023768,285.5121521023768,0.0,0.0,0.0,207.3428522449135,207.3428522449135,0.0,0.0,0.0,0.0,0.0,0,0.0,0,0.0,0.0,0.0,0.77
main,v040,LOSO-dep-f1,primary,LOSO,deployed,1,A,Centralized PPO|wcnc2027_ablation/central_seed99/ppo_multi_site.zip,Centralized PPO,99,R,wcnc2027_ablation 2026-09-14,3,-165.00653143345153,138.00653143345153,27.0,0.0,0.0,207.57497972587112,207.57497972587112,0.0009910802775024777,0.0009910802775024777,0.0,0.0009910802775024777,0.0,0,0.0,1,2.9416993938337894,2.9416993938337894,1.0,0.77
main,v040,LOSO-dep-f1,primary,LOSO,deployed,1,A,Centralized PPO|wcnc2027_ablation/central_seed99/ppo_multi_site.zip,Centralized PPO,99,R,wcnc2027_ablation 2026-09-14,4,-1863.9529344078087,970.3503868078087,891.0,0.22754760000000002,2.375,221.70638200291745,221.64949510291746,0.03270564915758176,0.026759167492566897,0.03270564915758176,0.03270564915758176,0.026759167492566897,12,1.1417244796828543,33,436.6735224435822,1742.3871610738074,1.0,0.77
main,v040,LOSO-dep-f1,primary,LOSO,deployed,1,A,Centralized PPO|wcnc2027_ablation/central_seed99/ppo_multi_site.zip,Centralized PPO,99,R,wcnc2027_ablation 2026-09-14,5,-443.3327039906638,443.3327039906638,0.0,0.0,0.0,207.2424251817793,207.2424251817793,0.0,0.0,0.0,0.0,0.0,0,0.0,0,0.0,0.0,0.0,0.77
main,v040,LOSO-dep-f1,primary,LOSO,deployed,1,A,Centralized PPO|wcnc2027_ablation/central_seed99/ppo_multi_site.zip,Centralized PPO,99,R,wcnc2027_ablation 2026-09-14,6,-955.8302067020855,955.8302067020855,0.0,0.0,0.0,206.97753059250036,206.97753059250036,0.0,0.0,0.0,0.0,0.0,0,0.0,0,0.0,0.0,0.0,0.77
main,v040,LOSO-dep-f1,primary,LOSO,deployed,1,A,Centralized PPO|wcnc2027_ablation/central_seed99/ppo_multi_site.zip,Centralized PPO,99,R,wcnc2027_ablation 2026-09-14,7,-2798.1607138527143,699.830447513418,2087.677056139296,1.4032102000000002,9.25,222.549409296644,222.198606746644,0.08225966303270565,0.03369672943508424,0.08225966303270565,0.08225966303270565,0.18929633300297324,74,7.040634291377602,83,47.29577742720074,1742.3871610738074,0.9384245205378698,0.77
main,v040,LOSO-dep-f1,primary,LOSO,deployed,1,A,Centralized PPO|wcnc2027_ablation/central_seed99/ppo_multi_site.zip,Centralized PPO,99,R,wcnc2027_ablation 2026-09-14,8,-3472.2530269379854,420.029303437517,3051.306552900469,0.4171706,0.5,250.02073348370274,249.91644083370275,0.11793855302279485,0.07433102081268583,0.11793855302279485,0.11793855302279485,0.19326065411298315,22,2.093161546085233,119,277.05447881950784,2769.5291282153376,0.9547077178992911,0.77
main,v040,LOSO-dep-f1,primary,LOSO,deployed,1,A,Centralized PPO|wcnc2027_ablation/central_seed99/ppo_multi_site.zip,Centralized PPO,99,R,wcnc2027_ablation 2026-09-14,9,-448.8174718583474,81.0556368840802,367.76183497426723,0.0,0.0,207.60739037379037,207.60739037379037,0.036669970267591674,0.036669970267591674,0.0,0.013875123885034688,0.0,0,0.0,37,1.156237474257852,4.4323206012247525,0.42086760009618995,0.77
main,v040,LOSO-dep-f1,primary,LOSO,deployed,1,A,Shared-PPO|wcnc2027_ablation/shared_ppo_seed99/mappo_best.pt,Shared-PPO,99,R,wcnc2027_ablation 2026-09-14 (supplementary ablation),all,-5167.312653141175,4175.991821841215,910.0323278999601,6.7885034,74.5,1960.7511337283645,1959.0540078783642,0.005748265609514371,0.0037661050545094153,0.0019821605550049554,0.003468780971258672,0.08751238850346878,358,3.4061446977205154,58,6.486651927248814,310.49764509228896,0.616341108639347,0.37
main,v040,LOSO-dep-f1,primary,LOSO,deployed,1,A,Shared-PPO|wcnc2027_ablation/shared_ppo_seed99/mappo_best.pt,Shared-PPO,99,R,wcnc2027_ablation 2026-09-14 (supplementary ablation),0,-808.2129199181034,787.8700867181035,0.0,1.5928332,18.75,176.44662070727597,176.04841240727598,0.0,0.0,0.0,0.0,0.2309217046580773,84,7.992071357779981,0,0.0,0.0,0.0,0.37
main,v040,LOSO-dep-f1,primary,LOSO,deployed,1,A,Shared-PPO|wcnc2027_ablation/shared_ppo_seed99/mappo_best.pt,Shared-PPO,99,R,wcnc2027_ablation 2026-09-14 (supplementary ablation),1,-542.4200235897176,454.9178100045791,76.05409858513858,0.948115,10.5,191.58569858581384,191.34866983581384,0.002973240832507433,0.0,0.002973240832507433,0.002973240832507433,0.1199207135777998,50,4.757185332011893,3,1.0558381718389798,1.2767170803826429,0.9450455398348732,0.37
main,v040,LOSO-dep-f1,primary,LOSO,deployed,1,A,Shared-PPO|wcnc2027_ablation/shared_ppo_seed99/mappo_best.pt,Shared-PPO,99,R,wcnc2027_ablation 2026-09-14 (supplementary ablation),2,-334.74689842095574,277.76935082095565,54.0,0.22754760000000002,2.75,206.65955920588243,206.60267230588244,0.0019821605550049554,0.0,0.0019821605550049554,0.0019821605550049554,0.007928642220019821,12,1.1417244796828543,2,1.263083307048785,1.4705057984678933,1.0,0.37
main,v040,LOSO-dep-f1,primary,LOSO,deployed,1,A,Shared-PPO|wcnc2027_ablation/shared_ppo_seed99/mappo_best.pt,Shared-PPO,99,R,wcnc2027_ablation 2026-09-14 (supplementary ablation),3,-165.00653143345153,138.00653143345153,27.0,0.0,0.0,207.57497972587112,207.57497972587112,0.0009910802775024777,0.0009910802775024777,0.0,0.0009910802775024777,0.0,0,0.0,1,2.9416993938337894,2.9416993938337894,1.0,0.37
main,v040,LOSO-dep-f1,primary,LOSO,deployed,1,A,Shared-PPO|wcnc2027_ablation/shared_ppo_seed99/mappo_best.pt,Shared-PPO,99,R,wcnc2027_ablation 2026-09-14 (supplementary ablation),4,-649.6699691749404,544.0153554046633,98.10819717027715,0.7964166,6.75,186.60041313104372,186.40130898104368,0.003964321110009911,0.0,0.003964321110009911,0.003964321110009911,0.14866204162537167,42,3.9960356788899905,4,0.9453987175671481,1.0556608156296767,0.9175683097523097,0.37
main,v040,LOSO-dep-f1,primary,LOSO,deployed,1,A,Shared-PPO|wcnc2027_ablation/shared_ppo_seed99/mappo_best.pt,Shared-PPO,99,R,wcnc2027_ablation 2026-09-14 (supplementary ablation),5,-410.8981470031546,355.775179418016,49.054098585138576,0.5688690000000001,5.5,200.12736024280167,199.98514299280168,0.0019821605550049554,0.0,0.0019821605550049554,0.0019821605550049554,0.062438057482656094,30,2.8543111992071357,2,0.945398717567148,1.0556608156296767,0.9175683097523096,0.37
main,v040,LOSO-dep-f1,primary,LOSO,deployed,1,A,Shared-PPO|wcnc2027_ablation/shared_ppo_seed99/mappo_best.pt,Shared-PPO,99,R,wcnc2027_ablation 2026-09-14 (supplementary ablation),6,-750.0053586367334,625.3029976367334,108.0,1.327361,15.375,188.90504671815077,188.57320646815077,0.003964321110009911,0.0,0.003964321110009911,0.003964321110009911,0.14073339940535184,70,6.6600594648166505,4,78.41615688479449,310.49764509228896,1.0,0.37
main,v040,LOSO-dep-f1,primary,LOSO,deployed,1,A,Shared-PPO|wcnc2027_ablation/shared_ppo_seed99/mappo_best.pt,Shared-PPO,99,R,wcnc2027_ablation 2026-09-14 (supplementary ablation),7,-640.4609111559796,555.735395970841,76.05409858513858,0.7964166,7.875,191.91023364761338,191.71112949761337,0.002973240832507433,0.0,0.002973240832507433,0.002973240832507433,0.13082259663032705,42,3.9960356788899905,3,1.1204344112007298,1.4705057984678933,0.9450455398348732,0.37
main,v040,LOSO-dep-f1,primary,LOSO,deployed,1,A,Shared-PPO|wcnc2027_ablation/shared_ppo_seed99/mappo_best.pt,Shared-PPO,99,R,wcnc2027_ablation 2026-09-14 (supplementary ablation),8,-417.074421949792,355.543477549792,54.0,0.5309444,7.0,203.33383139012113,203.20109529012115,0.0019821605550049554,0.0,0.0019821605550049554,0.0019821605550049554,0.03369672943508424,28,2.66402378592666,2,1.0556608156296767,1.0556608156296767,1.0,0.37
main,v040,LOSO-dep-f1,primary,LOSO,deployed,1,A,Shared-PPO|wcnc2027_ablation/shared_ppo_seed99/mappo_best.pt,Shared-PPO,99,R,wcnc2027_ablation 2026-09-14 (supplementary ablation),9,-448.8174718583474,81.0556368840802,367.76183497426723,0.0,0.0,207.60739037379037,207.60739037379037,0.036669970267591674,0.036669970267591674,0.0,0.013875123885034688,0.0,0,0.0,37,1.156237474257852,4.4323206012247525,0.42086760009618995,0.37
main,v040,LOSO-dep-f1,primary,LOSO,deployed,1,A,MAPPO|mappo_seed1_20260517T110908/mappo_best.pt,MAPPO,1,P,"May 2026, pre-781c90c reward",all,-5052.634505135591,4308.591255191047,681.8700321445444,5.4232178,56.75,1977.381275593534,1976.0254711435337,0.0048562933597621405,0.0037661050545094153,0.0010901883052527254,0.002576808721506442,0.06848364717542121,286,2.721110009910803,49,7.480749940050263,310.49764509228896,0.5559668253585361,0.37
main,v040,LOSO-dep-f1,primary,LOSO,deployed,1,A,MAPPO|mappo_seed1_20260517T110908/mappo_best.pt,MAPPO,1,P,"May 2026, pre-781c90c reward",0,-834.6805834076954,822.7057700076953,0.0,1.0998134000000002,10.875,180.69482791730945,180.41987456730942,0.0,0.0,0.0,0.0,0.18533201189296333,58,5.518334985133796,0,0.0,0.0,0.0,0.37
main,v040,LOSO-dep-f1,primary,LOSO,deployed,1,A,MAPPO|mappo_seed1_20260517T110908/mappo_best.pt,MAPPO,1,P,"May 2026, pre-781c90c reward",1,-531.5283053626258,474.5907147774872,49.054098585138576,0.758492,7.125,193.95438719326904,193.76476419326906,0.0019821605550049554,0.0,0.0019821605550049554,0.0019821605550049554,0.0931615460852329,40,3.8057482656095147,2,1.055926849943631,1.2767170803826429,0.9175683097523096,0.37
main,v040,LOSO-dep-f1,primary,LOSO,deployed,1,A,MAPPO|mappo_seed1_20260517T110908/mappo_best.pt,MAPPO,1,P,"May 2026, pre-781c90c reward",2,-309.1859174992085,280.5721436992085,27.0,0.11377380000000001,1.5,206.98567971854925,206.95723626854925,0.0009910802775024777,0.0,0.0009910802775024777,0.0009910802775024777,0.002973240832507433,6,0.5708622398414271,1,1.0556608156296767,1.0556608156296767,1.0,0.37
main,v040,LOSO-dep-f1,primary,LOSO,deployed,1,A,MAPPO|mappo_seed1_20260517T110908/mappo_best.pt,MAPPO,1,P,"May 2026, pre-781c90c reward",3,-165.00653143345153,138.00653143345153,27.0,0.0,0.0,207.57497972587112,207.57497972587112,0.0009910802775024777,0.0009910802775024777,0.0,0.0009910802775024777,0.0,0,0.0,1,2.9416993938337894,2.9416993938337894,1.0,0.37
main,v040,LOSO-dep-f1,primary,LOSO,deployed,1,A,MAPPO|mappo_seed1_20260517T110908/mappo_best.pt,MAPPO,1,P,"May 2026, pre-781c90c reward",4,-648.2448427283848,561.4434783432462,76.05409858513858,0.8722658000000001,9.875,188.7460101983722,188.5279437483722,0.002973240832507433,0.0,0.002973240832507433,0.002973240832507433,0.12586719524281467,46,4.376610505450942,3,0.9821527502546576,1.0556608156296767,0.9450455398348732,0.37
main,v040,LOSO-dep-f1,primary,LOSO,deployed,1,A,MAPPO|mappo_seed1_20260517T110908/mappo_best.pt,MAPPO,1,P,"May 2026, pre-781c90c reward",5,-367.6768531854929,364.8355317854929,0.0,0.3413214,2.5,201.3255905524701,201.24026020247007,0.0,0.0,0.0,0.0,0.04658077304261645,18,1.7125867195242817,0,0.0,0.0,0.0,0.37
main,v040,LOSO-dep-f1,primary,LOSO,deployed,1,A,MAPPO|mappo_seed1_20260517T110908/mappo_best.pt,MAPPO,1,P,"May 2026, pre-781c90c reward",6,-738.1201742062315,642.1945116062313,81.0,1.1756626,13.75,191.2984860586292,191.0045704086292,0.002973240832507433,0.0,0.002973240832507433,0.002973240832507433,0.11298315163528246,62,5.898909811694748,3,104.20298890784943,310.49764509228896,1.0,0.37
main,v040,LOSO-dep-f1,primary,LOSO,deployed,1,A,MAPPO|mappo_seed1_20260517T110908/mappo_best.pt,MAPPO,1,P,"May 2026, pre-781c90c reward",7,-607.8981685803699,575.1284503803698,27.0,0.6447182,5.125,194.42097910426594,194.25979955426595,0.0009910802775024777,0.0,0.0009910802775024777,0.0009910802775024777,0.09910802775024777,34,3.2348860257680876,1,1.0556608156296767,1.0556608156296767,1.0,0.37
main,v040,LOSO-dep-f1,primary,LOSO,deployed,1,A,MAPPO|mappo_seed1_20260517T110908/mappo_best.pt,MAPPO,1,P,"May 2026, pre-781c90c reward",8,-401.4756568737836,368.0584862737835,27.0,0.41717060000000006,6.0,204.77294475100715,204.66865210100715,0.0009910802775024777,0.0,0.0009910802775024777,0.0009910802775024777,0.018830525272547076,22,2.093161546085233,1,1.0556608156296767,1.0556608156296767,1.0,0.37
main,v040,LOSO-dep-f1,primary,LOSO,deployed,1,A,MAPPO|mappo_seed1_20260517T110908/mappo_best.pt,MAPPO,1,P,"May 2026, pre-781c90c reward",9,-448.8174718583474,81.0556368840802,367.76183497426723,0.0,0.0,207.60739037379037,207.60739037379037,0.036669970267591674,0.036669970267591674,0.0,0.013875123885034688,0.0,0,0.0,37,1.156237474257852,4.4323206012247525,0.42086760009618995,0.37
main,v040,LOSO-dep-f1,primary,LOSO,deployed,1,A,MAPPO|mappo_seed7_20260517T003433/mappo_best.pt,MAPPO,7,P,"May 2026, pre-781c90c reward",all,-5147.626224782883,4234.382754482922,856.0323278999601,5.4611424,51.75,1966.96342662954,1965.5981410295399,0.005550049554013875,0.0037661050545094153,0.00178394449950446,0.0032705649157581764,0.08136769078295342,288,2.7401387512388506,56,6.673207949398816,310.49764509228896,0.6026390053764664,0.37
main,v040,LOSO-dep-f1,primary,LOSO,deployed,1,A,MAPPO|mappo_seed7_20260517T003433/mappo_best.pt,MAPPO,7,P,"May 2026, pre-781c90c reward",0,-813.9209525145775,803.5711391145776,0.0,1.0998134000000002,9.25,178.06323609443768,177.7882827444377,0.0,0.0,0.0,0.0,0.21704658077304262,58,5.518334985133796,0,0.0,0.0,0.0,0.37
main,v040,LOSO-dep-f1,primary,LOSO,deployed,1,A,MAPPO|mappo_seed7_20260517T003433/mappo_best.pt,MAPPO,7,P,"May 2026, pre-781c90c reward",1,-543.3034757308424,460.5288097457038,76.05409858513858,0.7205674,6.0,192.17848171891728,191.9983398689173,0.002973240832507433,0.0,0.002973240832507433,0.002973240832507433,0.1159563924677899,38,3.615460852329039,3,1.0558381718389798,1.2767170803826429,0.9450455398348732,0.37
main,v040,LOSO-dep-f1,primary,LOSO,deployed,1,A,MAPPO|mappo_seed7_20260517T003433/mappo_best.pt,MAPPO,7,P,"May 2026, pre-781c90c reward",2,-310.03744500922863,281.42367120922864,27.0,0.11377380000000001,1.5,207.02931679091768,207.00087334091765,0.0009910802775024777,0.0,0.0009910802775024777,0.0009910802775024777,0.002973240832507433,6,0.5708622398414271,1,1.0556608156296767,1.0556608156296767,1.0,0.37
main,v040,LOSO-dep-f1,primary,LOSO,deployed,1,A,MAPPO|mappo_seed7_20260517T003433/mappo_best.pt,MAPPO,7,P,"May 2026, pre-781c90c reward",3,-165.00653143345153,138.00653143345153,27.0,0.0,0.0,207.57497972587112,207.57497972587112,0.0009910802775024777,0.0009910802775024777,0.0,0.0009910802775024777,0.0,0,0.0,1,2.9416993938337894,2.9416993938337894,1.0,0.37
main,v040,LOSO-dep-f1,primary,LOSO,deployed,1,A,MAPPO|mappo_seed7_20260517T003433/mappo_best.pt,MAPPO,7,P,"May 2026, pre-781c90c reward",4,-676.0999146073926,547.0162022519769,120.16229575541573,0.7964166,8.125,186.79860171815133,186.59949756815132,0.004955401387512388,0.0,0.004955401387512388,0.004955401387512388,0.1466798810703667,42,3.9960356788899905,5,0.9233462979546424,1.0556608156296767,0.9010819717027717,0.37
main,v040,LOSO-dep-f1,primary,LOSO,deployed,1,A,MAPPO|mappo_seed7_20260517T003433/mappo_best.pt,MAPPO,7,P,"May 2026, pre-781c90c reward",5,-390.443013256953,360.43876725695304,27.0,0.379246,2.625,200.66590019379345,200.57108869379346,0.0009910802775024777,0.0,0.0009910802775024777,0.0009910802775024777,0.05550049554013875,20,1.9028741328047574,1,1.0556608156296767,1.0556608156296767,1.0,0.37
main,v040,LOSO-dep-f1,primary,LOSO,deployed,1,A,MAPPO|mappo_seed7_20260517T003433/mappo_best.pt,MAPPO,7,P,"May 2026, pre-781c90c reward",6,-756.6997981060564,635.9370601060564,108.0,1.1377380000000001,11.625,190.15976915010287,189.8753346501029,0.003964321110009911,0.0,0.003964321110009911,0.003964321110009911,0.1288404360753221,60,5.708622398414271,4,78.41615688479449,310.49764509228896,1.0,0.37
main,v040,LOSO-dep-f1,primary,LOSO,deployed,1,A,MAPPO|mappo_seed7_20260517T003433/mappo_best.pt,MAPPO,7,P,"May 2026, pre-781c90c reward",7,-624.3364331740631,567.9367671889245,49.054098585138576,0.7205674,6.625,193.20426201130448,193.02412016130444,0.0019821605550049554,0.0,0.0019821605550049554,0.0019821605550049554,0.1159563924677899,38,3.615460852329039,2,1.1528212089862562,1.4705057984678933,0.9175683097523096,0.37
main,v040,LOSO-dep-f1,primary,LOSO,deployed,1,A,MAPPO|mappo_seed7_20260517T003433/mappo_best.pt,MAPPO,7,P,"May 2026, pre-781c90c reward",8,-418.9611890919698,358.4681692919698,54.0,0.4930198,6.0,203.68148885225355,203.55823390225353,0.0019821605550049554,0.0,0.0019821605550049554,0.0019821605550049554,0.030723488602576808,26,2.4737363726461843,2,1.0556608156296767,1.0556608156296767,1.0,0.37
main,v040,LOSO-dep-f1,primary,LOSO,deployed,1,A,MAPPO|mappo_seed7_20260517T003433/mappo_best.pt,MAPPO,7,P,"May 2026, pre-781c90c reward",9,-448.8174718583474,81.0556368840802,367.76183497426723,0.0,0.0,207.60739037379037,207.60739037379037,0.036669970267591674,0.036669970267591674,0.0,0.013875123885034688,0.0,0,0.0,37,1.156237474257852,4.4323206012247525,0.42086760009618995,0.37
main,v040,LOSO-dep-f1,primary,LOSO,deployed,1,A,MAPPO|mappo_seed13_20260517T003433/mappo_best.pt,MAPPO,13,P,"May 2026, pre-781c90c reward",all,-5315.140522692342,4092.2022274964124,1145.41101799593,6.9022772,70.625,1949.8694217314157,1948.1438524314158,0.006739345887016849,0.0037661050545094153,0.002973240832507433,0.0044598612487611496,0.1016848364717542,364,3.463230921704658,68,10.184225876650622,310.49764509228896,0.6557903034943303,0.37
main,v040,LOSO-dep-f1,primary,LOSO,deployed,1,A,MAPPO|mappo_seed13_20260517T003433/mappo_best.pt,MAPPO,13,P,"May 2026, pre-781c90c reward",0,-830.1925250961065,763.7464425109679,49.054098585138576,1.516984,15.875,173.12636752212984,172.74712152212985,0.0019821605550049554,0.0,0.0019821605550049554,0.0019821605550049554,0.27353815659068387,80,7.6114965312190295,2,0.945398717567148,1.0556608156296767,0.9175683097523096,0.37
main,v040,LOSO-dep-f1,primary,LOSO,deployed,1,A,MAPPO|mappo_seed13_20260517T003433/mappo_best.pt,MAPPO,13,P,"May 2026, pre-781c90c reward",1,-528.4016238646232,444.80110867948457,76.05409858513858,0.7964166,6.75,190.1230274044636,189.9239232544636,0.002973240832507433,0.0,0.002973240832507433,0.002973240832507433,0.13974231912784935,42,3.9960356788899905,3,1.0558381718389798,1.2767170803826429,0.9450455398348732,0.37
main,v040,LOSO-dep-f1,primary,LOSO,deployed,1,A,MAPPO|mappo_seed13_20260517T003433/mappo_best.pt,MAPPO,13,P,"May 2026, pre-781c90c reward",2,-378.5314596904824,277.0327903202052,98.10819717027715,0.26547220000000005,3.125,206.5666489831147,206.5002809331147,0.003964321110009911,0.0,0.003964321110009911,0.003964321110009911,0.009910802775024777,14,1.33201189296333,4,1.049109963276702,1.4705057984678933,0.9175683097523096,0.37
main,v040,LOSO-dep-f1,primary,LOSO,deployed,1,A,MAPPO|mappo_seed13_20260517T003433/mappo_best.pt,MAPPO,13,P,"May 2026, pre-781c90c reward",3,-165.00653143345153,138.00653143345153,27.0,0.0,0.0,207.57497972587112,207.57497972587112,0.0009910802775024777,0.0009910802775024777,0.0,0.0009910802775024777,0.0,0,0.0,1,2.9416993938337894,2.9416993938337894,1.0,0.37
main,v040,LOSO-dep-f1,primary,LOSO,deployed,1,A,MAPPO|mappo_seed13_20260517T003433/mappo_best.pt,MAPPO,13,P,"May 2026, pre-781c90c reward",4,-660.5075799881757,535.28764143276,120.16229575541573,0.6826428,4.375,185.36426321772655,185.19360251772656,0.004955401387512388,0.0,0.004955401387512388,0.004955401387512388,0.1645193260654113,36,3.4251734390485633,5,0.9233462979546424,1.0556608156296767,0.9010819717027717,0.37
main,v040,LOSO-dep-f1,primary,LOSO,deployed,1,A,MAPPO|mappo_seed13_20260517T003433/mappo_best.pt,MAPPO,13,P,"May 2026, pre-781c90c reward",5,-430.72368322381294,348.1877910386744,76.05409858513858,0.6067936,5.875,199.17950206679447,199.02780366679445,0.002973240832507433,0.0,0.002973240832507433,0.002973240832507433,0.07631318136769079,32,3.044598612487612,3,0.9821527502546576,1.0556608156296767,0.9450455398348732,0.37
main,v040,LOSO-dep-f1,primary,LOSO,deployed,1,A,MAPPO|mappo_seed13_20260517T003433/mappo_best.pt,MAPPO,13,P,"May 2026, pre-781c90c reward",6,-762.452442584646,609.098383184646,135.0,1.4790594,16.875,187.1335040370028,186.7637391870028,0.004955401387512388,0.0,0.004955401387512388,0.004955401387512388,0.1635282457879088,78,7.421209117938553,5,124.40177948063948,310.49764509228896,1.0,0.37
main,v040,LOSO-dep-f1,primary,LOSO,deployed,1,A,MAPPO|mappo_seed13_20260517T003433/mappo_best.pt,MAPPO,13,P,"May 2026, pre-781c90c reward",7,-678.1357276355282,545.3623922801125,120.16229575541573,0.9860396,11.625,190.68805430852203,190.44154440852205,0.004955401387512388,0.0,0.004955401387512388,0.004955401387512388,0.14370664023785926,52,4.947472745292369,5,1.0063152945222855,1.4705057984678933,0.9010819717027715,0.37
main,v040,LOSO-dep-f1,primary,LOSO,deployed,1,A,MAPPO|mappo_seed13_20260517T003433/mappo_best.pt,MAPPO,13,P,"May 2026, pre-781c90c reward",8,-432.37147731716857,349.6235097320299,76.05409858513858,0.5688690000000001,6.125,202.5056840920003,202.36346684200026,0.002973240832507433,0.0,0.002973240832507433,0.002973240832507433,0.04558969276511397,30,2.8543111992071357,3,0.9821527502546576,1.0556608156296767,0.9450455398348732,0.37
main,v040,LOSO-dep-f1,primary,LOSO,deployed,1,A,MAPPO|mappo_seed13_20260517T003433/mappo_best.pt,MAPPO,13,P,"May 2026, pre-781c90c reward",9,-448.8174718583474,81.0556368840802,367.76183497426723,0.0,0.0,207.60739037379037,207.60739037379037,0.036669970267591674,0.036669970267591674,0.0,0.013875123885034688,0.0,0,0.0,37,1.156237474257852,4.4323206012247525,0.42086760009618995,0.37
main,v040,LOSO-dep-f1,primary,LOSO,deployed,1,A,MAPPO|mappo_seed23_20260517T110908/mappo_best.pt,MAPPO,23,P,"May 2026, pre-781c90c reward",all,-5085.540298550472,4162.38309363565,833.9782293148216,7.0539756,82.125,1959.7349181560282,1957.9714242560283,0.005450941526263627,0.0037661050545094153,0.0016848364717542122,0.0031714568880079285,0.0869177403369673,372,3.539345887016849,55,6.786897336903041,310.49764509228896,0.598411776028682,0.36
main,v040,LOSO-dep-f1,primary,LOSO,deployed,1,A,MAPPO|mappo_seed23_20260517T110908/mappo_best.pt,MAPPO,23,P,"May 2026, pre-781c90c reward",0,-800.2041079102478,778.6225009102477,0.0,1.706607,19.875,175.2593440402033,174.8326922902033,0.0,0.0,0.0,0.0,0.24281466798810702,90,8.562933597621408,0,0.0,0.0,0.0,0.36
main,v040,LOSO-dep-f1,primary,LOSO,deployed,1,A,MAPPO|mappo_seed23_20260517T110908/mappo_best.pt,MAPPO,23,P,"May 2026, pre-781c90c reward",1,-543.8101912355904,455.5579776504518,76.05409858513858,0.948115,11.25,191.75646496032724,191.51943621032726,0.002973240832507433,0.0,0.002973240832507433,0.002973240832507433,0.11496531219028741,50,4.757185332011893,3,1.0558381718389798,1.2767170803826429,0.9450455398348732,0.36
main,v040,LOSO-dep-f1,primary,LOSO,deployed,1,A,MAPPO|mappo_seed23_20260517T110908/mappo_best.pt,MAPPO,23,P,"May 2026, pre-781c90c reward",2,-334.75584305373366,278.1912200537337,54.0,0.189623,2.375,206.72660782922887,206.67920207922887,0.0019821605550049554,0.0,0.0019821605550049554,0.0019821605550049554,0.005946481665014866,10,0.9514370664023787,2,1.263083307048785,1.4705057984678933,1.0,0.36
main,v040,LOSO-dep-f1,primary,LOSO,deployed,1,A,MAPPO|mappo_seed23_20260517T110908/mappo_best.pt,MAPPO,23,P,"May 2026, pre-781c90c reward",3,-165.00653143345153,138.00653143345153,27.0,0.0,0.0,207.57497972587112,207.57497972587112,0.0009910802775024777,0.0009910802775024777,0.0,0.0009910802775024777,0.0,0,0.0,1,2.9416993938337894,2.9416993938337894,1.0,0.36
main,v040,LOSO-dep-f1,primary,LOSO,deployed,1,A,MAPPO|mappo_seed23_20260517T110908/mappo_best.pt,MAPPO,23,P,"May 2026, pre-781c90c reward",4,-648.7440634715495,540.7636005012723,98.10819717027715,0.8722658,9.0,186.22130253577913,186.00323608577912,0.003964321110009911,0.0,0.003964321110009911,0.003964321110009911,0.15163528245787908,46,4.376610505450942,4,0.9453987175671481,1.0556608156296767,0.9175683097523097,0.36
main,v040,LOSO-dep-f1,primary,LOSO,deployed,1,A,MAPPO|mappo_seed23_20260517T110908/mappo_best.pt,MAPPO,23,P,"May 2026, pre-781c90c reward",5,-390.3770135614452,357.75899376144525,27.0,0.4930198,5.125,200.43816071837466,200.31490576837467,0.0009910802775024777,0.0,0.0009910802775024777,0.0009910802775024777,0.05649157581764123,26,2.4737363726461843,1,1.0556608156296767,1.0556608156296767,1.0,0.36
main,v040,LOSO-dep-f1,primary,LOSO,deployed,1,A,MAPPO|mappo_seed23_20260517T110908/mappo_best.pt,MAPPO,23,P,"May 2026, pre-781c90c reward",6,-748.0275614048917,620.8364266048917,108.0,1.4411348,17.75,188.70881167645922,188.34852797645922,0.003964321110009911,0.0,0.003964321110009911,0.003964321110009911,0.14073339940535184,76,7.230921704658078,4,78.41615688479449,310.49764509228896,1.0,0.36
main,v040,LOSO-dep-f1,primary,LOSO,deployed,1,A,MAPPO|mappo_seed23_20260517T110908/mappo_best.pt,MAPPO,23,P,"May 2026, pre-781c90c reward",7,-614.5220636914855,555.758623906347,49.054098585138576,0.8343412000000001,8.875,192.05040440865315,191.84181910865317,0.0019821605550049554,0.0,0.0019821605550049554,0.0019821605550049554,0.12388503468780972,44,4.186323092170466,2,1.1528212089862562,1.4705057984678933,0.9175683097523096,0.36
main,v040,LOSO-dep-f1,primary,LOSO,deployed,1,A,MAPPO|mappo_seed23_20260517T110908/mappo_best.pt,MAPPO,23,P,"May 2026, pre-781c90c reward",8,-391.2754509297283,355.8315819297284,27.0,0.5688690000000001,7.875,203.39145188734116,203.24923463734115,0.0009910802775024777,0.0,0.0009910802775024777,0.0009910802775024777,0.03270564915758176,30,2.8543111992071357,1,1.0556608156296767,1.0556608156296767,1.0,0.36
main,v040,LOSO-dep-f1,primary,LOSO,deployed,1,A,MAPPO|mappo_seed23_20260517T110908/mappo_best.pt,MAPPO,23,P,"May 2026, pre-781c90c reward",9,-448.8174718583474,81.0556368840802,367.76183497426723,0.0,0.0,207.60739037379037,207.60739037379037,0.036669970267591674,0.036669970267591674,0.0,0.013875123885034688,0.0,0,0.0,37,1.156237474257852,4.4323206012247525,0.42086760009618995,0.36
main,v040,LOSO-dep-f1,primary,LOSO,deployed,1,A,MAPPO|mappo_seed42_20260526T143637/mappo_best.pt,MAPPO,42,P+T,"May 2026, pre-781c90c reward",all,-5078.834418402751,4224.625328487929,779.9782293148215,6.1058606,68.125,1968.1286210298344,1966.6021558798343,0.005252725470763132,0.0037661050545094153,0.0014866204162537165,0.002973240832507433,0.07750247770069375,322,3.0636273538156593,53,1.1646424079575217,4.4323206012247525,0.5832575034259907,0.36
main,v040,LOSO-dep-f1,primary,LOSO,deployed,1,A,MAPPO|mappo_seed42_20260526T143637/mappo_best.pt,MAPPO,42,P+T,"May 2026, pre-781c90c reward",0,-821.1491405030728,807.8864025030728,0.0,1.1377380000000001,12.125,179.0320974228597,178.7476629228597,0.0,0.0,0.0,0.0,0.20118929633300298,60,5.708622398414271,0,0.0,0.0,0.0,0.36
main,v040,LOSO-dep-f1,primary,LOSO,deployed,1,A,MAPPO|mappo_seed42_20260526T143637/mappo_best.pt,MAPPO,42,P+T,"May 2026, pre-781c90c reward",1,-518.766629028857,459.46526464371846,49.054098585138576,0.8722658000000001,9.375,192.22765256179667,192.0095861117967,0.0019821605550049554,0.0,0.0019821605550049554,0.0019821605550049554,0.11000991080277503,46,4.376610505450942,2,1.055926849943631,1.2767170803826429,0.9175683097523096,0.36
main,v040,LOSO-dep-f1,primary,LOSO,deployed,1,A,MAPPO|mappo_seed42_20260526T143637/mappo_best.pt,MAPPO,42,P+T,"May 2026, pre-781c90c reward",2,-334.75584305373366,278.1912200537337,54.0,0.189623,2.375,206.72660782922887,206.67920207922887,0.0019821605550049554,0.0,0.0019821605550049554,0.0019821605550049554,0.005946481665014866,10,0.9514370664023787,2,1.263083307048785,1.4705057984678933,1.0,0.36
main,v040,LOSO-dep-f1,primary,LOSO,deployed,1,A,MAPPO|mappo_seed42_20260526T143637/mappo_best.pt,MAPPO,42,P+T,"May 2026, pre-781c90c reward",3,-165.00653143345153,138.00653143345153,27.0,0.0,0.0,207.57497972587112,207.57497972587112,0.0009910802775024777,0.0009910802775024777,0.0,0.0009910802775024777,0.0,0,0.0,1,2.9416993938337894,2.9416993938337894,1.0,0.36
main,v040,LOSO-dep-f1,primary,LOSO,deployed,1,A,MAPPO|mappo_seed42_20260526T143637/mappo_best.pt,MAPPO,42,P+T,"May 2026, pre-781c90c reward",4,-656.511736900987,546.9933493307097,98.10819717027715,0.9101904000000001,10.5,187.05855243228908,186.8310048322891,0.003964321110009911,0.0,0.003964321110009911,0.003964321110009911,0.14271555996035679,48,4.566897918731417,4,0.9453987175671481,1.0556608156296767,0.9175683097523097,0.36
main,v040,LOSO-dep-f1,primary,LOSO,deployed,1,A,MAPPO|mappo_seed42_20260526T143637/mappo_best.pt,MAPPO,42,P+T,"May 2026, pre-781c90c reward",5,-364.4165925240961,360.37442192409605,0.0,0.4171706,3.625,200.9060706140903,200.80177796409032,0.0,0.0,0.0,0.0,0.05054509415262636,22,2.093161546085233,0,0.0,0.0,0.0,0.36
main,v040,LOSO-dep-f1,primary,LOSO,deployed,1,A,MAPPO|mappo_seed42_20260526T143637/mappo_best.pt,MAPPO,42,P+T,"May 2026, pre-781c90c reward",6,-750.5006683608165,627.9183595756779,103.05409858513858,1.4032102,18.125,189.7237703234971,189.37296777349707,0.003964321110009911,0.0,0.003964321110009911,0.003964321110009911,0.1288404360753221,74,7.040634291377602,4,1.0005297665984125,1.0556608156296767,0.9587841548761549,0.36
main,v040,LOSO-dep-f1,primary,LOSO,deployed,1,A,MAPPO|mappo_seed42_20260526T143637/mappo_best.pt,MAPPO,42,P+T,"May 2026, pre-781c90c reward",7,-626.8690706991399,565.23557869914,54.0,0.7584920000000002,6.875,193.31582591084492,193.1262029108449,0.0019821605550049554,0.0,0.0019821605550049554,0.0019821605550049554,0.11000991080277503,40,3.8057482656095147,2,1.263083307048785,1.4705057984678933,1.0,0.36
main,v040,LOSO-dep-f1,primary,LOSO,deployed,1,A,MAPPO|mappo_seed42_20260526T143637/mappo_best.pt,MAPPO,42,P+T,"May 2026, pre-781c90c reward",8,-392.04073404024905,359.4985634402491,27.0,0.41717060000000006,5.125,203.95567383556627,203.85138118556628,0.0009910802775024777,0.0,0.0009910802775024777,0.0009910802775024777,0.02576808721506442,22,2.093161546085233,1,1.0556608156296767,1.0556608156296767,1.0,0.36
main,v040,LOSO-dep-f1,primary,LOSO,deployed,1,A,MAPPO|mappo_seed42_20260526T143637/mappo_best.pt,MAPPO,42,P+T,"May 2026, pre-781c90c reward",9,-448.8174718583474,81.0556368840802,367.76183497426723,0.0,0.0,207.60739037379037,207.60739037379037,0.036669970267591674,0.036669970267591674,0.0,0.013875123885034688,0.0,0,0.0,37,1.156237474257852,4.4323206012247525,0.42086760009618995,0.36
main,v040,LOSO-dep-f1,primary,LOSO,deployed,1,A,MAPPO|mappo_seed64_20260517T110908/mappo_best.pt,MAPPO,64,P,"May 2026, pre-781c90c reward",all,-4973.42256379687,4275.894084267187,649.924130729683,4.8543488,42.75,1972.471348884646,1971.257761684646,0.004757185332011893,0.0037661050545094153,0.0009910802775024777,0.002477700693756194,0.07393458870168483,256,2.4356788899900894,48,1.1633037036260185,4.4323206012247525,0.5432814804598518,0.36
main,v040,LOSO-dep-f1,primary,LOSO,deployed,1,A,MAPPO|mappo_seed64_20260517T110908/mappo_best.pt,MAPPO,64,P,"May 2026, pre-781c90c reward",0,-826.258715747287,818.848525347287,0.0,0.9101904000000001,6.5,179.97372686039307,179.7461792603931,0.0,0.0,0.0,0.0,0.19425173439048563,48,4.566897918731417,0,0.0,0.0,0.0,0.36
main,v040,LOSO-dep-f1,primary,LOSO,deployed,1,A,MAPPO|mappo_seed64_20260517T110908/mappo_best.pt,MAPPO,64,P,"May 2026, pre-781c90c reward",1,-526.6344275269083,469.69683694176973,49.054098585138576,0.7584919999999999,7.125,193.35644267534963,193.16681967534964,0.0019821605550049554,0.0,0.0019821605550049554,0.0019821605550049554,0.09910802775024777,40,3.8057482656095147,2,1.055926849943631,1.2767170803826429,0.9175683097523096,0.36
main,v040,LOSO-dep-f1,primary,LOSO,deployed,1,A,MAPPO|mappo_seed64_20260517T110908/mappo_best.pt,MAPPO,64,P,"May 2026, pre-781c90c reward",2,-309.9311747754058,281.8553255754058,27.0,0.0758492,1.0,207.09316041127124,207.07419811127124,0.0009910802775024777,0.0,0.0009910802775024777,0.0009910802775024777,0.0019821605550049554,4,0.3805748265609515,1,1.0556608156296767,1.0556608156296767,1.0,0.36
main,v040,LOSO-dep-f1,primary,LOSO,deployed,1,A,MAPPO|mappo_seed64_20260517T110908/mappo_best.pt,MAPPO,64,P,"May 2026, pre-781c90c reward",3,-165.00653143345153,138.00653143345153,27.0,0.0,0.0,207.57497972587112,207.57497972587112,0.0009910802775024777,0.0009910802775024777,0.0,0.0009910802775024777,0.0,0,0.0,1,2.9416993938337894,2.9416993938337894,1.0,0.36
main,v040,LOSO-dep-f1,primary,LOSO,deployed,1,A,MAPPO|mappo_seed64_20260517T110908/mappo_best.pt,MAPPO,64,P,"May 2026, pre-781c90c reward",4,-631.091648274074,547.9040576889355,76.05409858513858,0.758492,6.375,187.07431609539304,186.88469309539306,0.002973240832507433,0.0,0.002973240832507433,0.002973240832507433,0.14271555996035679,40,3.8057482656095147,3,0.9821527502546576,1.0556608156296767,0.9450455398348732,0.36
main,v040,LOSO-dep-f1,primary,LOSO,deployed,1,A,MAPPO|mappo_seed64_20260517T110908/mappo_best.pt,MAPPO,64,P,"May 2026, pre-781c90c reward",5,-366.46405457907326,364.53565777907323,0.0,0.3033968,1.625,201.1835457750808,201.1076965750808,0.0,0.0,0.0,0.0,0.048562933597621406,16,1.522299306243806,0,0.0,0.0,0.0,0.36
main,v040,LOSO-dep-f1,primary,LOSO,deployed,1,A,MAPPO|mappo_seed64_20260517T110908/mappo_best.pt,MAPPO,64,P,"May 2026, pre-781c90c reward",6,-704.214676238156,638.5657120381561,54.0,1.0239642,10.625,190.5546485462023,190.29865749620228,0.0019821605550049554,0.0,0.0019821605550049554,0.0019821605550049554,0.12190287413280476,54,5.137760158572845,2,1.0556608156296767,1.0556608156296767,1.0,0.36
main,v040,LOSO-dep-f1,primary,LOSO,deployed,1,A,MAPPO|mappo_seed64_20260517T110908/mappo_best.pt,MAPPO,64,P,"May 2026, pre-781c90c reward",7,-594.009254347763,566.4354375626244,22.05409858513858,0.6447182,4.875,193.3324093091271,193.1712297591271,0.0009910802775024777,0.0,0.0009910802775024777,0.0009910802775024777,0.1110009910802775,34,3.2348860257680876,1,0.8351366195046193,0.8351366195046193,0.8351366195046193,0.36
main,v040,LOSO-dep-f1,primary,LOSO,deployed,1,A,MAPPO|mappo_seed64_20260517T110908/mappo_best.pt,MAPPO,64,P,"May 2026, pre-781c90c reward",8,-400.99460901640373,368.99036301640376,27.0,0.379246,4.625,204.72072911216742,204.62591761216743,0.0009910802775024777,0.0,0.0009910802775024777,0.0009910802775024777,0.019821605550049554,20,1.9028741328047574,1,1.0556608156296767,1.0556608156296767,1.0,0.36
main,v040,LOSO-dep-f1,primary,LOSO,deployed,1,A,MAPPO|mappo_seed64_20260517T110908/mappo_best.pt,MAPPO,64,P,"May 2026, pre-781c90c reward",9,-448.8174718583474,81.0556368840802,367.76183497426723,0.0,0.0,207.60739037379037,207.60739037379037,0.036669970267591674,0.036669970267591674,0.0,0.013875123885034688,0.0,0,0.0,37,1.156237474257852,4.4323206012247525,0.42086760009618995,0.36
main,v040,LOSO-dep-f1,primary,LOSO,deployed,1,A,Centralized PPO|wcnc2027_ablation/central_seed23/ppo_multi_site.zip,Centralized PPO,23,R,wcnc2027_ablation 2026-09-14,all,-18755.849508660955,5194.2293009861805,13306.641481874773,13.7287258,241.25,2148.4900952870175,2145.0579138370176,0.05639246778989098,0.021704658077304262,0.052626362735381564,0.054112983151635284,0.1504459861248761,722,6.869375619425174,569,118.85043064207463,2769.5291282153376,0.8788542872294831,0.77
main,v040,LOSO-dep-f1,primary,LOSO,deployed,1,A,Centralized PPO|wcnc2027_ablation/central_seed23/ppo_multi_site.zip,Centralized PPO,23,R,wcnc2027_ablation 2026-09-14,0,-5297.321635071557,894.9818657900358,4248.243602481521,7.471166799999999,146.625,212.97639872765464,211.10860702765464,0.1823587710604559,0.027750247770069375,0.1823587710604559,0.1823587710604559,0.6808721506442021,394,37.48662041625372,184,9.251532241482135,308.34426986401934,0.8696093482756377,0.77
main,v040,LOSO-dep-f1,primary,LOSO,deployed,1,A,Centralized PPO|wcnc2027_ablation/central_seed23/ppo_multi_site.zip,Centralized PPO,23,R,wcnc2027_ablation 2026-09-14,1,-1900.5560733589882,467.3074855522402,1429.3917942067478,0.6067936,3.25,205.0726247279739,204.9209263279739,0.05946481665014866,0.02081268582755203,0.05946481665014866,0.05946481665014866,0.27155599603567887,31,2.949454905847374,60,21.422481664058395,308.34426986401934,0.8941065523370821,0.77
main,v040,LOSO-dep-f1,primary,LOSO,deployed,1,A,Centralized PPO|wcnc2027_ablation/central_seed23/ppo_multi_site.zip,Centralized PPO,23,R,wcnc2027_ablation 2026-09-14,2,-285.5121521023768,285.5121521023768,0.0,0.0,0.0,207.3428522449135,207.3428522449135,0.0,0.0,0.0,0.0,0.0,0,0.0,0,0.0,0.0,0.0,0.77
main,v040,LOSO-dep-f1,primary,LOSO,deployed,1,A,Centralized PPO|wcnc2027_ablation/central_seed23/ppo_multi_site.zip,Centralized PPO,23,R,wcnc2027_ablation 2026-09-14,3,-165.00653143345153,138.00653143345153,27.0,0.0,0.0,207.57497972587112,207.57497972587112,0.0009910802775024777,0.0009910802775024777,0.0,0.0009910802775024777,0.0,0,0.0,1,2.9416993938337894,2.9416993938337894,1.0,0.77
main,v040,LOSO-dep-f1,primary,LOSO,deployed,1,A,Centralized PPO|wcnc2027_ablation/central_seed23/ppo_multi_site.zip,Centralized PPO,23,R,wcnc2027_ablation 2026-09-14,4,-1010.6173338861598,956.0794092861597,54.0,0.0379246,0.5,207.69844969665178,207.68896854665178,0.0019821605550049554,0.0009910802775024777,0.0019821605550049554,0.0019821605550049554,0.0009910802775024777,2,0.19028741328047574,2,871.7214109447185,1742.3871610738074,1.0,0.77
main,v040,LOSO-dep-f1,primary,LOSO,deployed,1,A,Centralized PPO|wcnc2027_ablation/central_seed23/ppo_multi_site.zip,Centralized PPO,23,R,wcnc2027_ablation 2026-09-14,5,-579.9533337796113,444.79040917961123,135.0,0.0379246,0.125,209.82320103703665,209.81371988703665,0.004955401387512388,0.003964321110009911,0.004955401387512388,0.004955401387512388,0.003964321110009911,2,0.19028741328047574,5,1241.2258142168052,1742.3871610738074,1.0,0.77
main,v040,LOSO-dep-f1,primary,LOSO,deployed,1,A,Centralized PPO|wcnc2027_ablation/central_seed23/ppo_multi_site.zip,Centralized PPO,23,R,wcnc2027_ablation 2026-09-14,6,-7860.528855404168,768.051712177069,6996.190151627099,5.5369916,90.75,276.05418289553836,274.66993499553837,0.2755203171456888,0.12586719524281467,0.2755203171456888,0.2755203171456888,0.5421209117938554,291,27.68681863230922,278,203.74339633716343,2769.5291282153376,0.9388717208185972,0.77
main,v040,LOSO-dep-f1,primary,LOSO,deployed,1,A,Centralized PPO|wcnc2027_ablation/central_seed23/ppo_multi_site.zip,Centralized PPO,23,R,wcnc2027_ablation 2026-09-14,7,-757.6833441043664,757.6833441043664,0.0,0.0,0.0,207.0301358378607,207.0301358378607,0.0,0.0,0.0,0.0,0.0,0,0.0,0,0.0,0.0,0.0,0.77
main,v040,LOSO-dep-f1,primary,LOSO,deployed,1,A,Centralized PPO|wcnc2027_ablation/central_seed23/ppo_multi_site.zip,Centralized PPO,23,R,wcnc2027_ablation 2026-09-14,8,-449.8527776619276,400.760754476789,49.054098585138576,0.0379246,0.0,207.3098800197263,207.3003988697263,0.0019821605550049554,0.0,0.0019821605550049554,0.0019821605550049554,0.004955401387512388,2,0.19028741328047574,2,1.1528212089862562,1.4705057984678933,0.9175683097523096,0.77
main,v040,LOSO-dep-f1,primary,LOSO,deployed,1,A,Centralized PPO|wcnc2027_ablation/central_seed23/ppo_multi_site.zip,Centralized PPO,23,R,wcnc2027_ablation 2026-09-14,9,-448.8174718583474,81.0556368840802,367.76183497426723,0.0,0.0,207.60739037379037,207.60739037379037,0.036669970267591674,0.036669970267591674,0.0,0.013875123885034688,0.0,0,0.0,37,1.156237474257852,4.4323206012247525,0.42086760009618995,0.77
main,v040,LOSO-dep-f1,primary,LOSO,deployed,1,A,Shared-PPO|wcnc2027_ablation/shared_ppo_seed23/mappo_best.pt,Shared-PPO,23,R,wcnc2027_ablation 2026-09-14 (supplementary ablation),all,-5164.031132000344,4190.756717300384,910.0323278999601,5.992086800000001,57.25,1960.692589389192,1959.1945676891924,0.005748265609514371,0.0037661050545094153,0.0019821605550049554,0.003468780971258672,0.08909811694747274,316,3.0065411298315166,58,6.479499427544708,310.49764509228896,0.616341108639347,0.36
main,v040,LOSO-dep-f1,primary,LOSO,deployed,1,A,Shared-PPO|wcnc2027_ablation/shared_ppo_seed23/mappo_best.pt,Shared-PPO,23,R,wcnc2027_ablation 2026-09-14 (supplementary ablation),0,-806.8124401868289,791.9471545868289,0.0,1.3652856,13.5,176.4928988621318,176.1515774621318,0.0,0.0,0.0,0.0,0.2358771060455897,72,6.850346878097127,0,0.0,0.0,0.0,0.36
main,v040,LOSO-dep-f1,primary,LOSO,deployed,1,A,Shared-PPO|wcnc2027_ablation/shared_ppo_seed23/mappo_best.pt,Shared-PPO,23,R,wcnc2027_ablation 2026-09-14 (supplementary ablation),1,-538.7595627090554,455.4090475239168,76.05409858513858,0.7964166,6.5,191.38726903713962,191.18816488713964,0.002973240832507433,0.0,0.002973240832507433,0.002973240832507433,0.12685827552031714,42,3.9960356788899905,3,1.0558381718389798,1.2767170803826429,0.9450455398348732,0.36
main,v040,LOSO-dep-f1,primary,LOSO,deployed,1,A,Shared-PPO|wcnc2027_ablation/shared_ppo_seed23/mappo_best.pt,Shared-PPO,23,R,wcnc2027_ablation 2026-09-14 (supplementary ablation),2,-308.14383520047477,278.0412876004748,27.0,0.22754760000000002,2.875,206.68289962187868,206.62601272187865,0.0009910802775024777,0.0,0.0009910802775024777,0.0009910802775024777,0.006937561942517344,12,1.1417244796828543,1,1.0556608156296767,1.0556608156296767,1.0,0.36
main,v040,LOSO-dep-f1,primary,LOSO,deployed,1,A,Shared-PPO|wcnc2027_ablation/shared_ppo_seed23/mappo_best.pt,Shared-PPO,23,R,wcnc2027_ablation 2026-09-14 (supplementary ablation),3,-165.00653143345153,138.00653143345153,27.0,0.0,0.0,207.57497972587112,207.57497972587112,0.0009910802775024777,0.0009910802775024777,0.0,0.0009910802775024777,0.0,0,0.0,1,2.9416993938337894,2.9416993938337894,1.0,0.36
main,v040,LOSO-dep-f1,primary,LOSO,deployed,1,A,Shared-PPO|wcnc2027_ablation/shared_ppo_seed23/mappo_best.pt,Shared-PPO,23,R,wcnc2027_ablation 2026-09-14 (supplementary ablation),4,-672.9214203381638,545.788557182748,120.16229575541573,0.7205674,6.25,186.33345487278024,186.1533130227802,0.004955401387512388,0.0,0.004955401387512388,0.004955401387512388,0.15460852329038652,38,3.615460852329039,5,0.9233462979546424,1.0556608156296767,0.9010819717027717,0.36
main,v040,LOSO-dep-f1,primary,LOSO,deployed,1,A,Shared-PPO|wcnc2027_ablation/shared_ppo_seed23/mappo_best.pt,Shared-PPO,23,R,wcnc2027_ablation 2026-09-14 (supplementary ablation),5,-415.93723703805836,356.6942172380584,54.0,0.49301980000000006,4.75,200.20814534609391,200.0848903960939,0.0019821605550049554,0.0,0.0019821605550049554,0.0019821605550049554,0.061446977205153616,26,2.4737363726461843,2,1.0556608156296767,1.0556608156296767,1.0,0.36
main,v040,LOSO-dep-f1,primary,LOSO,deployed,1,A,Shared-PPO|wcnc2027_ablation/shared_ppo_seed23/mappo_best.pt,Shared-PPO,23,R,wcnc2027_ablation 2026-09-14 (supplementary ablation),6,-747.2505885332516,627.4878505332515,108.0,1.1377380000000001,10.625,189.01871218114377,188.73427768114374,0.003964321110009911,0.0,0.003964321110009911,0.003964321110009911,0.14172447968285432,60,5.708622398414271,4,78.41615688479449,310.49764509228896,1.0,0.36
main,v040,LOSO-dep-f1,primary,LOSO,deployed,1,A,Shared-PPO|wcnc2027_ablation/shared_ppo_seed23/mappo_best.pt,Shared-PPO,23,R,wcnc2027_ablation 2026-09-14 (supplementary ablation),7,-641.1315037809666,557.731837795828,76.05409858513858,0.7205674,6.625,191.8633777156143,191.68323586561428,0.002973240832507433,0.0,0.002973240832507433,0.002973240832507433,0.13082259663032705,38,3.615460852329039,3,1.1204344112007298,1.4705057984678933,0.9450455398348732,0.36
main,v040,LOSO-dep-f1,primary,LOSO,deployed,1,A,Shared-PPO|wcnc2027_ablation/shared_ppo_seed23/mappo_best.pt,Shared-PPO,23,R,wcnc2027_ablation 2026-09-14 (supplementary ablation),8,-419.25054092174526,358.59459652174525,54.0,0.5309444000000001,6.125,203.5234616527486,203.3907255527486,0.0019821605550049554,0.0,0.0019821605550049554,0.0019821605550049554,0.03270564915758176,28,2.66402378592666,2,1.0556608156296767,1.0556608156296767,1.0,0.36
main,v040,LOSO-dep-f1,primary,LOSO,deployed,1,A,Shared-PPO|wcnc2027_ablation/shared_ppo_seed23/mappo_best.pt,Shared-PPO,23,R,wcnc2027_ablation 2026-09-14 (supplementary ablation),9,-448.8174718583474,81.0556368840802,367.76183497426723,0.0,0.0,207.60739037379037,207.60739037379037,0.036669970267591674,0.036669970267591674,0.0,0.013875123885034688,0.0,0,0.0,37,1.156237474257852,4.4323206012247525,0.42086760009618995,0.36
main,v040,LOSO-dep-f1,primary,LOSO,deployed,1,A,MAPPO|wcnc2027_ablation/mappo_seed42/mappo_best.pt,MAPPO,42,R,wcnc2027_ablation 2026-09-14,all,-5092.368017579448,4308.812839649765,730.9241307296829,5.0060472,47.625,1977.1353193558566,1975.883807555857,0.005054509415262636,0.003865213082259663,0.001288404360753221,0.0027750247770069376,0.07006937561942517,264,2.5117938553022796,51,2001.8924038065686,51019.60175528124,0.5701472757269194,0.36
main,v040,LOSO-dep-f1,primary,LOSO,deployed,1,A,MAPPO|wcnc2027_ablation/mappo_seed42/mappo_best.pt,MAPPO,42,R,wcnc2027_ablation 2026-09-14,0,-837.1909043996318,828.6557139996318,0.0,0.9101904000000001,7.625,181.19640265794305,180.96885505794307,0.0,0.0,0.0,0.0,0.18136769078295342,48,4.566897918731417,0,0.0,0.0,0.0,0.36
main,v040,LOSO-dep-f1,primary,LOSO,deployed,1,A,MAPPO|wcnc2027_ablation/mappo_seed42/mappo_best.pt,MAPPO,42,R,wcnc2027_ablation 2026-09-14,1,-530.4094731543987,471.52103336926007,49.054098585138576,0.8343412000000001,9.0,193.58802369743148,193.37943839743144,0.0019821605550049554,0.0,0.0019821605550049554,0.0019821605550049554,0.09712586719524281,44,4.186323092170466,2,1.055926849943631,1.2767170803826429,0.9175683097523096,0.36
main,v040,LOSO-dep-f1,primary,LOSO,deployed,1,A,MAPPO|wcnc2027_ablation/mappo_seed42/mappo_best.pt,MAPPO,42,R,wcnc2027_ablation 2026-09-14,2,-336.8901040341509,281.27633023415086,54.0,0.11377380000000001,1.5,207.02999924737884,207.00155579737884,0.0019821605550049554,0.0,0.0019821605550049554,0.0019821605550049554,0.002973240832507433,6,0.5708622398414271,2,1.263083307048785,1.4705057984678933,1.0,0.36
main,v040,LOSO-dep-f1,primary,LOSO,deployed,1,A,MAPPO|wcnc2027_ablation/mappo_seed42/mappo_best.pt,MAPPO,42,R,wcnc2027_ablation 2026-09-14,3,-165.00653143345153,138.00653143345153,27.0,0.0,0.0,207.57497972587112,207.57497972587112,0.0009910802775024777,0.0009910802775024777,0.0,0.0009910802775024777,0.0,0,0.0,1,2.9416993938337894,2.9416993938337894,1.0,0.36
main,v040,LOSO-dep-f1,primary,LOSO,deployed,1,A,MAPPO|wcnc2027_ablation/mappo_seed42/mappo_best.pt,MAPPO,42,R,wcnc2027_ablation 2026-09-14,4,-660.7410022028213,555.4993130325441,98.10819717027715,0.7584919999999999,6.375,187.90426229472786,187.71463929472782,0.003964321110009911,0.0,0.003964321110009911,0.003964321110009911,0.13478691774033696,40,3.8057482656095147,4,0.9453987175671481,1.0556608156296767,0.9175683097523097,0.36
main,v040,LOSO-dep-f1,primary,LOSO,deployed,1,A,MAPPO|wcnc2027_ablation/mappo_seed42/mappo_best.pt,MAPPO,42,R,wcnc2027_ablation 2026-09-14,5,-370.15558233024353,367.97718553024356,0.0,0.3033968,1.875,201.54346968138745,201.46762048138746,0.0,0.0,0.0,0.0,0.04558969276511397,16,1.522299306243806,0,0.0,0.0,0.0,0.36
main,v040,LOSO-dep-f1,primary,LOSO,deployed,1,A,MAPPO|wcnc2027_ablation/mappo_seed42/mappo_best.pt,MAPPO,42,R,wcnc2027_ablation 2026-09-14,6,-714.2897719786049,648.1408077786049,54.0,1.0239642,11.125,191.5526870207692,191.29669597076918,0.0019821605550049554,0.0,0.0019821605550049554,0.0019821605550049554,0.11199207135777998,54,5.137760158572845,2,1.0556608156296767,1.0556608156296767,1.0,0.36
main,v040,LOSO-dep-f1,primary,LOSO,deployed,1,A,MAPPO|wcnc2027_ablation/mappo_seed42/mappo_best.pt,MAPPO,42,R,wcnc2027_ablation 2026-09-14,7,-577.9497448675038,572.4300266675037,0.0,0.6447182,4.875,194.07516236254492,193.91398281254487,0.0,0.0,0.0,0.0,0.10406342913776016,34,3.2348860257680876,0,0.0,0.0,0.0,0.36
main,v040,LOSO-dep-f1,primary,LOSO,deployed,1,A,MAPPO|wcnc2027_ablation/mappo_seed42/mappo_best.pt,MAPPO,42,R,wcnc2027_ablation 2026-09-14,8,-396.2963091450023,364.1670631450023,27.0,0.37924599999999997,4.75,204.40118960360917,204.30637810360918,0.0009910802775024777,0.0,0.0009910802775024777,0.0009910802775024777,0.02180376610505451,20,1.9028741328047574,1,1.0556608156296767,1.0556608156296767,1.0,0.36
main,v040,LOSO-dep-f1,primary,LOSO,deployed,1,A,MAPPO|wcnc2027_ablation/mappo_seed42/mappo_best.pt,MAPPO,42,R,wcnc2027_ablation 2026-09-14,9,-503.43859403363876,81.13883445937145,421.76183497426723,0.0379246,0.5,208.2691430641937,208.2596619141937,0.03865213082259663,0.03766105054509415,0.0019821605550049554,0.015857284440039643,0.0009910802775024777,2,0.19028741328047574,39,2617.4867768489753,51019.60175528124,0.4505666975271546,0.36
main,v040,LOSO-dep-f1,primary,LOSO,deployed,1,A,Centralized PPO|wcnc2027_ablation/central_seed42/ppo_multi_site.zip,Centralized PPO,42,R,wcnc2027_ablation 2026-09-14,all,-6800.190474729313,5944.425073631655,847.2569090976572,0.758492,7.75,2063.948013090544,2063.7583900905443,0.005748265609514371,0.004162537165510407,0.0019821605550049554,0.003468780971258672,0.01427155599603568,39,0.37106045589692765,58,1.0976859756326947,4.4323206012247525,0.5802632817414718,0.77
main,v040,LOSO-dep-f1,primary,LOSO,deployed,1,A,Centralized PPO|wcnc2027_ablation/central_seed42/ppo_multi_site.zip,Centralized PPO,42,R,wcnc2027_ablation 2026-09-14,0,-1320.765738711553,1320.765738711553,0.0,0.0,0.0,206.82026984507507,206.82026984507507,0.0,0.0,0.0,0.0,0.0,0,0.0,0,0.0,0.0,0.0,0.77
main,v040,LOSO-dep-f1,primary,LOSO,deployed,1,A,Centralized PPO|wcnc2027_ablation/central_seed42/ppo_multi_site.zip,Centralized PPO,42,R,wcnc2027_ablation 2026-09-14,1,-868.5762654114857,868.5762654114857,0.0,0.0,0.0,207.1313254681582,207.1313254681582,0.0,0.0,0.0,0.0,0.0,0,0.0,0,0.0,0.0,0.0,0.77
main,v040,LOSO-dep-f1,primary,LOSO,deployed,1,A,Centralized PPO|wcnc2027_ablation/central_seed42/ppo_multi_site.zip,Centralized PPO,42,R,wcnc2027_ablation 2026-09-14,2,-285.5121521023768,285.5121521023768,0.0,0.0,0.0,207.3428522449135,207.3428522449135,0.0,0.0,0.0,0.0,0.0,0,0.0,0,0.0,0.0,0.0,0.77
main,v040,LOSO-dep-f1,primary,LOSO,deployed,1,A,Centralized PPO|wcnc2027_ablation/central_seed42/ppo_multi_site.zip,Centralized PPO,42,R,wcnc2027_ablation 2026-09-14,3,-165.00653143345153,138.00653143345153,27.0,0.0,0.0,207.57497972587112,207.57497972587112,0.0009910802775024777,0.0009910802775024777,0.0,0.0009910802775024777,0.0,0,0.0,1,2.9416993938337894,2.9416993938337894,1.0,0.77
main,v040,LOSO-dep-f1,primary,LOSO,deployed,1,A,Centralized PPO|wcnc2027_ablation/central_seed42/ppo_multi_site.zip,Centralized PPO,42,R,wcnc2027_ablation 2026-09-14,4,-1152.5856039845078,691.5820378611178,452.49507412338994,0.7584919999999999,7.75,198.9722161251248,198.78259312512478,0.019821605550049554,0.003964321110009911,0.019821605550049554,0.019821605550049554,0.14271555996035679,39,3.7106045589692767,20,0.8971650322660981,1.4705057984678933,0.8541584568723166,0.77
main,v040,LOSO-dep-f1,primary,LOSO,deployed,1,A,Centralized PPO|wcnc2027_ablation/central_seed42/ppo_multi_site.zip,Centralized PPO,42,R,wcnc2027_ablation 2026-09-14,5,-443.3327039906638,443.3327039906638,0.0,0.0,0.0,207.2424251817793,207.2424251817793,0.0,0.0,0.0,0.0,0.0,0,0.0,0,0.0,0.0,0.0,0.77
main,v040,LOSO-dep-f1,primary,LOSO,deployed,1,A,Centralized PPO|wcnc2027_ablation/central_seed42/ppo_multi_site.zip,Centralized PPO,42,R,wcnc2027_ablation 2026-09-14,6,-955.8302067020855,955.8302067020855,0.0,0.0,0.0,206.97753059250036,206.97753059250036,0.0,0.0,0.0,0.0,0.0,0,0.0,0,0.0,0.0,0.0,0.77
main,v040,LOSO-dep-f1,primary,LOSO,deployed,1,A,Centralized PPO|wcnc2027_ablation/central_seed42/ppo_multi_site.zip,Centralized PPO,42,R,wcnc2027_ablation 2026-09-14,7,-757.6833441043664,757.6833441043664,0.0,0.0,0.0,207.0301358378607,207.0301358378607,0.0,0.0,0.0,0.0,0.0,0,0.0,0,0.0,0.0,0.0,0.77
main,v040,LOSO-dep-f1,primary,LOSO,deployed,1,A,Centralized PPO|wcnc2027_ablation/central_seed42/ppo_multi_site.zip,Centralized PPO,42,R,wcnc2027_ablation 2026-09-14,8,-402.0804564304751,402.0804564304751,0.0,0.0,0.0,207.24888769547053,207.24888769547053,0.0,0.0,0.0,0.0,0.0,0,0.0,0,0.0,0.0,0.0,0.77
main,v040,LOSO-dep-f1,primary,LOSO,deployed,1,A,Centralized PPO|wcnc2027_ablation/central_seed42/ppo_multi_site.zip,Centralized PPO,42,R,wcnc2027_ablation 2026-09-14,9,-448.8174718583474,81.0556368840802,367.76183497426723,0.0,0.0,207.60739037379037,207.60739037379037,0.036669970267591674,0.036669970267591674,0.0,0.013875123885034688,0.0,0,0.0,37,1.156237474257852,4.4323206012247525,0.42086760009618995,0.77
main,v040,LOSO-dep-f1,primary,LOSO,deployed,1,A,Shared-PPO|wcnc2027_ablation/shared_ppo_seed42/mappo_best.pt,Shared-PPO,42,R,wcnc2027_ablation 2026-09-14 (supplementary ablation),all,-5163.361965777898,4164.9196786928,932.0864264850986,6.1058606,60.25,1958.6669931496872,1957.140527999687,0.005847373637264618,0.0037661050545094153,0.0020812685827552033,0.00356788899900892,0.09008919722497523,322,3.0636273538156593,59,6.38383226130674,310.49764509228896,0.6200495071285889,0.37
main,v040,LOSO-dep-f1,primary,LOSO,deployed,1,A,Shared-PPO|wcnc2027_ablation/shared_ppo_seed42/mappo_best.pt,Shared-PPO,42,R,wcnc2027_ablation 2026-09-14 (supplementary ablation),0,-821.465768736744,785.1713845516055,22.05409858513858,1.3652856,12.875,175.62975690265833,175.28843550265833,0.0009910802775024777,0.0,0.0009910802775024777,0.0009910802775024777,0.244796828543112,72,6.850346878097127,1,0.8351366195046193,0.8351366195046193,0.8351366195046193,0.37
main,v040,LOSO-dep-f1,primary,LOSO,deployed,1,A,Shared-PPO|wcnc2027_ablation/shared_ppo_seed42/mappo_best.pt,Shared-PPO,42,R,wcnc2027_ablation 2026-09-14 (supplementary ablation),1,-538.0176705073198,453.2542307221812,76.05409858513858,0.8343412,7.875,191.2891510262154,191.08056572621538,0.002973240832507433,0.0,0.002973240832507433,0.002973240832507433,0.12586719524281467,44,4.186323092170466,3,1.0558381718389798,1.2767170803826429,0.9450455398348732,0.37
main,v040,LOSO-dep-f1,primary,LOSO,deployed,1,A,Shared-PPO|wcnc2027_ablation/shared_ppo_seed42/mappo_best.pt,Shared-PPO,42,R,wcnc2027_ablation 2026-09-14 (supplementary ablation),2,-309.2724318653238,279.5828088653238,27.0,0.189623,2.5,206.86260930473475,206.81520355473475,0.0009910802775024777,0.0,0.0009910802775024777,0.0009910802775024777,0.004955401387512388,10,0.9514370664023787,1,1.0556608156296767,1.0556608156296767,1.0,0.37
main,v040,LOSO-dep-f1,primary,LOSO,deployed,1,A,Shared-PPO|wcnc2027_ablation/shared_ppo_seed42/mappo_best.pt,Shared-PPO,42,R,wcnc2027_ablation 2026-09-14 (supplementary ablation),3,-165.00653143345153,138.00653143345153,27.0,0.0,0.0,207.57497972587112,207.57497972587112,0.0009910802775024777,0.0009910802775024777,0.0,0.0009910802775024777,0.0,0,0.0,1,2.9416993938337894,2.9416993938337894,1.0,0.37
main,v040,LOSO-dep-f1,primary,LOSO,deployed,1,A,Shared-PPO|wcnc2027_ablation/shared_ppo_seed42/mappo_best.pt,Shared-PPO,42,R,wcnc2027_ablation 2026-09-14 (supplementary ablation),4,-666.8637384463924,539.9808752909765,120.16229575541573,0.7205674,6.0,185.97941372703175,185.79927187703174,0.004955401387512388,0.0,0.004955401387512388,0.004955401387512388,0.155599603567889,38,3.615460852329039,5,0.9233462979546424,1.0556608156296767,0.9010819717027717,0.37
main,v040,LOSO-dep-f1,primary,LOSO,deployed,1,A,Shared-PPO|wcnc2027_ablation/shared_ppo_seed42/mappo_best.pt,Shared-PPO,42,R,wcnc2027_ablation 2026-09-14 (supplementary ablation),5,-414.1262657705285,356.04617057052855,54.0,0.45509520000000003,3.625,200.10403748105918,199.99026368105916,0.0019821605550049554,0.0,0.0019821605550049554,0.0019821605550049554,0.061446977205153616,24,2.2834489593657086,2,1.0556608156296767,1.0556608156296767,1.0,0.37
main,v040,LOSO-dep-f1,primary,LOSO,deployed,1,A,Shared-PPO|wcnc2027_ablation/shared_ppo_seed42/mappo_best.pt,Shared-PPO,42,R,wcnc2027_ablation 2026-09-14 (supplementary ablation),6,-745.9808556310795,625.0551930310795,108.0,1.1756626,11.75,188.86989061737074,188.5759749673707,0.003964321110009911,0.0,0.003964321110009911,0.003964321110009911,0.14172447968285432,62,5.898909811694748,4,78.41615688479449,310.49764509228896,1.0,0.37
main,v040,LOSO-dep-f1,primary,LOSO,deployed,1,A,Shared-PPO|wcnc2027_ablation/shared_ppo_seed42/mappo_best.pt,Shared-PPO,42,R,wcnc2027_ablation 2026-09-14 (supplementary ablation),7,-638.4430975704358,553.3425823852973,76.05409858513858,0.7964166,8.25,191.68276420161104,191.48366005161105,0.002973240832507433,0.0,0.002973240832507433,0.002973240832507433,0.12983151635282458,42,3.9960356788899905,3,1.1204344112007298,1.4705057984678933,0.9450455398348732,0.37
main,v040,LOSO-dep-f1,primary,LOSO,deployed,1,A,Shared-PPO|wcnc2027_ablation/shared_ppo_seed42/mappo_best.pt,Shared-PPO,42,R,wcnc2027_ablation 2026-09-14 (supplementary ablation),8,-415.36813395827556,353.42426495827556,54.0,0.5688690000000001,7.375,203.06699978934438,202.9247825393444,0.0019821605550049554,0.0,0.0019821605550049554,0.0019821605550049554,0.036669970267591674,30,2.8543111992071357,2,1.0556608156296767,1.0556608156296767,1.0,0.37
main,v040,LOSO-dep-f1,primary,LOSO,deployed,1,A,Shared-PPO|wcnc2027_ablation/shared_ppo_seed42/mappo_best.pt,Shared-PPO,42,R,wcnc2027_ablation 2026-09-14 (supplementary ablation),9,-448.8174718583474,81.0556368840802,367.76183497426723,0.0,0.0,207.60739037379037,207.60739037379037,0.036669970267591674,0.036669970267591674,0.0,0.013875123885034688,0.0,0,0.0,37,1.156237474257852,4.4323206012247525,0.42086760009618995,0.37
main,v040,LOSO-dep-f1,primary,LOSO,deployed,1,A,MAPPO|wcnc2027_ablation/mappo_seed64/mappo_best.pt,MAPPO,64,R,wcnc2027_ablation 2026-09-14,all,-5077.815374104974,4168.460864205013,829.0323278999601,6.447182,73.875,1960.3930469603647,1958.7812514603647,0.005450941526263627,0.0037661050545094153,0.0016848364717542122,0.0031714568880079285,0.0865213082259663,340,3.2348860257680876,55,6.7753451700128,310.49764509228896,0.5954142600196749,0.36
main,v040,LOSO-dep-f1,primary,LOSO,deployed,1,A,MAPPO|wcnc2027_ablation/mappo_seed64/mappo_best.pt,MAPPO,64,R,wcnc2027_ablation 2026-09-14,0,-802.9478556046022,786.6204946046021,0.0,1.327361,15.0,176.35438766363956,176.02254741363956,0.0,0.0,0.0,0.0,0.22993062438057482,70,6.6600594648166505,0,0.0,0.0,0.0,0.36
main,v040,LOSO-dep-f1,primary,LOSO,deployed,1,A,MAPPO|wcnc2027_ablation/mappo_seed64/mappo_best.pt,MAPPO,64,R,wcnc2027_ablation 2026-09-14,1,-540.5984821804302,453.6341931952916,76.05409858513858,0.9101904000000001,10.0,191.4259757197077,191.19842811970773,0.002973240832507433,0.0,0.002973240832507433,0.002973240832507433,0.12091179385530228,48,4.566897918731417,3,1.0558381718389798,1.2767170803826429,0.9450455398348732,0.36
main,v040,LOSO-dep-f1,primary,LOSO,deployed,1,A,MAPPO|wcnc2027_ablation/mappo_seed64/mappo_best.pt,MAPPO,64,R,wcnc2027_ablation 2026-09-14,2,-307.79691379498865,278.77021539498855,27.0,0.1516984,1.875,206.7897689931213,206.7518443931213,0.0009910802775024777,0.0,0.0009910802775024777,0.0009910802775024777,0.004955401387512388,8,0.761149653121903,1,1.0556608156296767,1.0556608156296767,1.0,0.36
main,v040,LOSO-dep-f1,primary,LOSO,deployed,1,A,MAPPO|wcnc2027_ablation/mappo_seed64/mappo_best.pt,MAPPO,64,R,wcnc2027_ablation 2026-09-14,3,-165.00653143345153,138.00653143345153,27.0,0.0,0.0,207.57497972587112,207.57497972587112,0.0009910802775024777,0.0009910802775024777,0.0,0.0009910802775024777,0.0,0,0.0,1,2.9416993938337894,2.9416993938337894,1.0,0.36
main,v040,LOSO-dep-f1,primary,LOSO,deployed,1,A,MAPPO|wcnc2027_ablation/mappo_seed64/mappo_best.pt,MAPPO,64,R,wcnc2027_ablation 2026-09-14,4,-667.7983537579001,539.2146414024844,120.16229575541573,0.7964166,7.625,185.89300290463282,185.6938987546328,0.004955401387512388,0.0,0.004955401387512388,0.004955401387512388,0.1565906838453915,42,3.9960356788899905,5,0.9233462979546424,1.0556608156296767,0.9010819717027717,0.36
main,v040,LOSO-dep-f1,primary,LOSO,deployed,1,A,MAPPO|wcnc2027_ablation/mappo_seed64/mappo_best.pt,MAPPO,64,R,wcnc2027_ablation 2026-09-14,5,-364.3575665298522,358.7395467298522,0.0,0.4930198,5.125,200.5901690014897,200.4669140514897,0.0,0.0,0.0,0.0,0.05450941526263627,26,2.4737363726461843,0,0.0,0.0,0.0,0.36
main,v040,LOSO-dep-f1,primary,LOSO,deployed,1,A,MAPPO|wcnc2027_ablation/mappo_seed64/mappo_best.pt,MAPPO,64,R,wcnc2027_ablation 2026-09-14,6,-745.4167443096953,619.6764587096952,108.0,1.3652856,16.375,188.49046601118906,188.1491446111891,0.003964321110009911,0.0,0.003964321110009911,0.003964321110009911,0.14469772051536176,72,6.850346878097127,4,78.41615688479449,310.49764509228896,1.0,0.36
main,v040,LOSO-dep-f1,primary,LOSO,deployed,1,A,MAPPO|wcnc2027_ablation/mappo_seed64/mappo_best.pt,MAPPO,64,R,wcnc2027_ablation 2026-09-14,7,-642.7109835448838,555.4096191597453,76.05409858513858,0.8722658000000001,10.375,192.0493329857283,191.8312665357283,0.002973240832507433,0.0,0.002973240832507433,0.002973240832507433,0.12388503468780972,46,4.376610505450942,3,1.1204344112007298,1.4705057984678933,0.9450455398348732,0.36
main,v040,LOSO-dep-f1,primary,LOSO,deployed,1,A,MAPPO|wcnc2027_ablation/mappo_seed64/mappo_best.pt,MAPPO,64,R,wcnc2027_ablation 2026-09-14,8,-392.36447109082224,357.33352669082217,27.0,0.5309444,7.5,203.61757358119485,203.48483748119486,0.0009910802775024777,0.0,0.0009910802775024777,0.0009910802775024777,0.02973240832507433,28,2.66402378592666,1,1.0556608156296767,1.0556608156296767,1.0,0.36
main,v040,LOSO-dep-f1,primary,LOSO,deployed,1,A,MAPPO|wcnc2027_ablation/mappo_seed64/mappo_best.pt,MAPPO,64,R,wcnc2027_ablation 2026-09-14,9,-448.8174718583474,81.0556368840802,367.76183497426723,0.0,0.0,207.60739037379037,207.60739037379037,0.036669970267591674,0.036669970267591674,0.0,0.013875123885034688,0.0,0,0.0,37,1.156237474257852,4.4323206012247525,0.42086760009618995,0.36
main,v040,LOSO-dep-f1,primary,LOSO,deployed,1,A,Centralized PPO|wcnc2027_ablation/central_seed64/ppo_multi_site.zip,Centralized PPO,64,R,wcnc2027_ablation 2026-09-14,all,-7702.407643947641,5431.702323330102,2255.7487136175396,1.706607,13.25,2048.072003758295,2047.6453520082955,0.011496531219028742,0.005847373637264618,0.007730426164519326,0.009217046580773042,0.0512388503468781,87,0.8277502477700693,116,1.0318022154193036,4.4323206012247525,0.7448706651580586,0.77
main,v040,LOSO-dep-f1,primary,LOSO,deployed,1,A,Centralized PPO|wcnc2027_ablation/central_seed64/ppo_multi_site.zip,Centralized PPO,64,R,wcnc2027_ablation 2026-09-14,0,-1306.8521130224412,1004.8939565710555,301.54098585138576,0.41717060000000006,0.0,191.2425483918526,191.13825574185262,0.01288404360753221,0.0009910802775024777,0.01288404360753221,0.01288404360753221,0.1774033696729435,21,1.9980178394449952,13,0.9179379711364184,1.4705057984678933,0.8731820150035532,0.77
main,v040,LOSO-dep-f1,primary,LOSO,deployed,1,A,Centralized PPO|wcnc2027_ablation/central_seed64/ppo_multi_site.zip,Centralized PPO,64,R,wcnc2027_ablation 2026-09-14,1,-868.5762654114857,868.5762654114857,0.0,0.0,0.0,207.1313254681582,207.1313254681582,0.0,0.0,0.0,0.0,0.0,0,0.0,0,0.0,0.0,0.0,0.77
main,v040,LOSO-dep-f1,primary,LOSO,deployed,1,A,Centralized PPO|wcnc2027_ablation/central_seed64/ppo_multi_site.zip,Centralized PPO,64,R,wcnc2027_ablation 2026-09-14,2,-285.5121521023768,285.5121521023768,0.0,0.0,0.0,207.3428522449135,207.3428522449135,0.0,0.0,0.0,0.0,0.0,0,0.0,0,0.0,0.0,0.0,0.77
main,v040,LOSO-dep-f1,primary,LOSO,deployed,1,A,Centralized PPO|wcnc2027_ablation/central_seed64/ppo_multi_site.zip,Centralized PPO,64,R,wcnc2027_ablation 2026-09-14,3,-165.00653143345153,138.00653143345153,27.0,0.0,0.0,207.57497972587112,207.57497972587112,0.0009910802775024777,0.0009910802775024777,0.0,0.0009910802775024777,0.0,0,0.0,1,2.9416993938337894,2.9416993938337894,1.0,0.77
main,v040,LOSO-dep-f1,primary,LOSO,deployed,1,A,Centralized PPO|wcnc2027_ablation/central_seed64/ppo_multi_site.zip,Centralized PPO,64,R,wcnc2027_ablation 2026-09-14,4,-2114.221889226407,568.2457538196587,1537.3917942067478,0.8343412000000001,7.75,201.0657865231421,200.85720122314208,0.06342913776015857,0.019821605550049554,0.06342913776015857,0.06342913776015857,0.311199207135778,43,4.0911793855302285,64,0.9562225125466689,1.4705057984678933,0.9007248928160145,0.77
main,v040,LOSO-dep-f1,primary,LOSO,deployed,1,A,Centralized PPO|wcnc2027_ablation/central_seed64/ppo_multi_site.zip,Centralized PPO,64,R,wcnc2027_ablation 2026-09-14,5,-443.3327039906638,443.3327039906638,0.0,0.0,0.0,207.2424251817793,207.2424251817793,0.0,0.0,0.0,0.0,0.0,0,0.0,0,0.0,0.0,0.0,0.77
main,v040,LOSO-dep-f1,primary,LOSO,deployed,1,A,Centralized PPO|wcnc2027_ablation/central_seed64/ppo_multi_site.zip,Centralized PPO,64,R,wcnc2027_ablation 2026-09-14,6,-910.3247163676267,882.315522582488,22.05409858513858,0.45509520000000003,5.5,204.58567231545697,204.47189851545699,0.0009910802775024777,0.0,0.0009910802775024777,0.0009910802775024777,0.023785926660059464,23,2.188305252725471,1,0.8351366195046193,0.8351366195046193,0.8351366195046193,0.77
main,v040,LOSO-dep-f1,primary,LOSO,deployed,1,A,Centralized PPO|wcnc2027_ablation/central_seed64/ppo_multi_site.zip,Centralized PPO,64,R,wcnc2027_ablation 2026-09-14,7,-757.6833441043664,757.6833441043664,0.0,0.0,0.0,207.0301358378607,207.0301358378607,0.0,0.0,0.0,0.0,0.0,0,0.0,0,0.0,0.0,0.0,0.77
main,v040,LOSO-dep-f1,primary,LOSO,deployed,1,A,Centralized PPO|wcnc2027_ablation/central_seed64/ppo_multi_site.zip,Centralized PPO,64,R,wcnc2027_ablation 2026-09-14,8,-402.0804564304751,402.0804564304751,0.0,0.0,0.0,207.24888769547053,207.24888769547053,0.0,0.0,0.0,0.0,0.0,0,0.0,0,0.0,0.0,0.0,0.77
main,v040,LOSO-dep-f1,primary,LOSO,deployed,1,A,Centralized PPO|wcnc2027_ablation/central_seed64/ppo_multi_site.zip,Centralized PPO,64,R,wcnc2027_ablation 2026-09-14,9,-448.8174718583474,81.0556368840802,367.76183497426723,0.0,0.0,207.60739037379037,207.60739037379037,0.036669970267591674,0.036669970267591674,0.0,0.013875123885034688,0.0,0,0.0,37,1.156237474257852,4.4323206012247525,0.42086760009618995,0.77
main,v040,LOSO-dep-f1,primary,LOSO,deployed,1,A,Shared-PPO|wcnc2027_ablation/shared_ppo_seed64/mappo_best.pt,Shared-PPO,64,R,wcnc2027_ablation 2026-09-14 (supplementary ablation),all,-5183.125679649735,4136.480329779499,954.1405250702372,7.129824800000001,85.375,1956.2228914178036,1954.4404352178035,0.005946481665014866,0.0037661050545094153,0.002180376610505451,0.0036669970267591673,0.09117938553022795,376,3.5774033696729437,60,6.291354000610038,310.49764509228896,0.6236342923348561,0.36
main,v040,LOSO-dep-f1,primary,LOSO,deployed,1,A,Shared-PPO|wcnc2027_ablation/shared_ppo_seed64/mappo_best.pt,Shared-PPO,64,R,wcnc2027_ablation 2026-09-14 (supplementary ablation),0,-797.0896945639342,773.7201629639342,0.0,1.7445316000000002,21.625,174.74042451637536,174.30429161637534,0.0,0.0,0.0,0.0,0.24777006937561943,92,8.753221010901884,0,0.0,0.0,0.0,0.36
main,v040,LOSO-dep-f1,primary,LOSO,deployed,1,A,Shared-PPO|wcnc2027_ablation/shared_ppo_seed64/mappo_best.pt,Shared-PPO,64,R,wcnc2027_ablation 2026-09-14 (supplementary ablation),1,-539.9591475433317,450.9190093581931,76.05409858513858,0.9860396,12.0,191.14000054786163,190.89349064786165,0.002973240832507433,0.0,0.002973240832507433,0.002973240832507433,0.12190287413280476,52,4.947472745292369,3,1.0558381718389798,1.2767170803826429,0.9450455398348732,0.36
main,v040,LOSO-dep-f1,primary,LOSO,deployed,1,A,Shared-PPO|wcnc2027_ablation/shared_ppo_seed64/mappo_best.pt,Shared-PPO,64,R,wcnc2027_ablation 2026-09-14 (supplementary ablation),2,-307.90318402881144,278.33856102881145,27.0,0.189623,2.375,206.7259253727677,206.67851962276768,0.0009910802775024777,0.0,0.0009910802775024777,0.0009910802775024777,0.005946481665014866,10,0.9514370664023787,1,1.0556608156296767,1.0556608156296767,1.0,0.36
main,v040,LOSO-dep-f1,primary,LOSO,deployed,1,A,Shared-PPO|wcnc2027_ablation/shared_ppo_seed64/mappo_best.pt,Shared-PPO,64,R,wcnc2027_ablation 2026-09-14 (supplementary ablation),3,-165.00653143345153,138.00653143345153,27.0,0.0,0.0,207.57497972587112,207.57497972587112,0.0009910802775024777,0.0009910802775024777,0.0,0.0009910802775024777,0.0,0,0.0,1,2.9416993938337894,2.9416993938337894,1.0,0.36
main,v040,LOSO-dep-f1,primary,LOSO,deployed,1,A,Shared-PPO|wcnc2027_ablation/shared_ppo_seed64/mappo_best.pt,Shared-PPO,64,R,wcnc2027_ablation 2026-09-14 (supplementary ablation),4,-669.3656649392944,540.5319525838787,120.16229575541573,0.7964166,7.875,186.09257727113624,185.8934731211362,0.004955401387512388,0.0,0.004955401387512388,0.004955401387512388,0.15361744301288405,42,3.9960356788899905,5,0.9233462979546424,1.0556608156296767,0.9010819717027717,0.36
main,v040,LOSO-dep-f1,primary,LOSO,deployed,1,A,Shared-PPO|wcnc2027_ablation/shared_ppo_seed64/mappo_best.pt,Shared-PPO,64,R,wcnc2027_ablation 2026-09-14 (supplementary ablation),5,-415.6454678335703,354.3265988335703,54.0,0.5688690000000001,6.75,199.96202216694454,199.81980491694452,0.0019821605550049554,0.0,0.0019821605550049554,0.0019821605550049554,0.062438057482656094,30,2.8543111992071357,2,1.0556608156296767,1.0556608156296767,1.0,0.36
main,v040,LOSO-dep-f1,primary,LOSO,deployed,1,A,Shared-PPO|wcnc2027_ablation/shared_ppo_seed64/mappo_best.pt,Shared-PPO,64,R,wcnc2027_ablation 2026-09-14 (supplementary ablation),6,-740.1794684321083,614.8141828321081,108.0,1.3652856,16.0,187.90775139208932,187.5664299920893,0.003964321110009911,0.0,0.003964321110009911,0.003964321110009911,0.14965312190287414,72,6.850346878097127,4,78.41615688479449,310.49764509228896,1.0,0.36
main,v040,LOSO-dep-f1,primary,LOSO,deployed,1,A,Shared-PPO|wcnc2027_ablation/shared_ppo_seed64/mappo_best.pt,Shared-PPO,64,R,wcnc2027_ablation 2026-09-14 (supplementary ablation),7,-682.1679194305852,550.8833578751694,120.16229575541573,0.8722658000000001,10.25,191.3233989289425,191.1053324789425,0.004955401387512388,0.0,0.004955401387512388,0.004955401387512388,0.13478691774033696,46,4.376610505450942,5,1.0063152945222855,1.4705057984678933,0.9010819717027715,0.36
main,v040,LOSO-dep-f1,primary,LOSO,deployed,1,A,Shared-PPO|wcnc2027_ablation/shared_ppo_seed64/mappo_best.pt,Shared-PPO,64,R,wcnc2027_ablation 2026-09-14 (supplementary ablation),8,-416.9911295863011,353.8843359863011,54.0,0.6067936,8.5,203.1484211220248,202.9967227220248,0.0019821605550049554,0.0,0.0019821605550049554,0.0019821605550049554,0.035678889990089196,32,3.044598612487612,2,1.0556608156296767,1.0556608156296767,1.0,0.36
main,v040,LOSO-dep-f1,primary,LOSO,deployed,1,A,Shared-PPO|wcnc2027_ablation/shared_ppo_seed64/mappo_best.pt,Shared-PPO,64,R,wcnc2027_ablation 2026-09-14 (supplementary ablation),9,-448.8174718583474,81.0556368840802,367.76183497426723,0.0,0.0,207.60739037379037,207.60739037379037,0.036669970267591674,0.036669970267591674,0.0,0.013875123885034688,0.0,0,0.0,37,1.156237474257852,4.4323206012247525,0.42086760009618995,0.36
main,v040,LOSO-dep-f1,primary,LOSO,deployed,1,A,MAPPO|wcnc2027_ablation/mappo_seed77/mappo_best.pt,MAPPO,77,R,wcnc2027_ablation 2026-09-14,all,-5070.674372857064,4241.536886142243,752.9782293148216,6.4092573999999995,69.75,1968.873260829946,1967.270946479946,0.005153617443012884,0.0037661050545094153,0.0013875123885034688,0.0028741328047571855,0.0777998017839445,338,3.2158572844400397,52,7.109567809614232,310.49764509228896,0.5752432246457213,0.36
main,v040,LOSO-dep-f1,primary,LOSO,deployed,1,A,MAPPO|wcnc2027_ablation/mappo_seed77/mappo_best.pt,MAPPO,77,R,wcnc2027_ablation 2026-09-14,0,-821.8995534452849,803.3825694452848,0.0,1.5169839999999999,17.0,178.39967260691537,178.02042660691538,0.0,0.0,0.0,0.0,0.2091179385530228,80,7.6114965312190295,0,0.0,0.0,0.0,0.36
main,v040,LOSO-dep-f1,primary,LOSO,deployed,1,A,MAPPO|wcnc2027_ablation/mappo_seed77/mappo_best.pt,MAPPO,77,R,wcnc2027_ablation 2026-09-14,1,-552.2493869983359,463.87217341319734,76.05409858513858,0.948115,11.375,192.7269113103464,192.48988256034642,0.002973240832507433,0.0,0.002973240832507433,0.002973240832507433,0.10604558969276512,50,4.757185332011893,3,1.0558381718389798,1.2767170803826429,0.9450455398348732,0.36
main,v040,LOSO-dep-f1,primary,LOSO,deployed,1,A,MAPPO|wcnc2027_ablation/mappo_seed77/mappo_best.pt,MAPPO,77,R,wcnc2027_ablation 2026-09-14,2,-307.79691379498865,278.77021539498855,27.0,0.1516984,1.875,206.7897689931213,206.7518443931213,0.0009910802775024777,0.0,0.0009910802775024777,0.0009910802775024777,0.004955401387512388,8,0.761149653121903,1,1.0556608156296767,1.0556608156296767,1.0,0.36
main,v040,LOSO-dep-f1,primary,LOSO,deployed,1,A,MAPPO|wcnc2027_ablation/mappo_seed77/mappo_best.pt,MAPPO,77,R,wcnc2027_ablation 2026-09-14,3,-165.00653143345153,138.00653143345153,27.0,0.0,0.0,207.57497972587112,207.57497972587112,0.0009910802775024777,0.0009910802775024777,0.0,0.0009910802775024777,0.0,0,0.0,1,2.9416993938337894,2.9416993938337894,1.0,0.36
main,v040,LOSO-dep-f1,primary,LOSO,deployed,1,A,MAPPO|wcnc2027_ablation/mappo_seed77/mappo_best.pt,MAPPO,77,R,wcnc2027_ablation 2026-09-14,4,-655.9531997053789,548.2227367351018,98.10819717027715,0.8722658000000001,8.75,187.19949921581735,186.98143276581732,0.003964321110009911,0.0,0.003964321110009911,0.003964321110009911,0.14172447968285432,46,4.376610505450942,4,0.9453987175671481,1.0556608156296767,0.9175683097523097,0.36
main,v040,LOSO-dep-f1,primary,LOSO,deployed,1,A,MAPPO|wcnc2027_ablation/mappo_seed77/mappo_best.pt,MAPPO,77,R,wcnc2027_ablation 2026-09-14,5,-367.53792233262567,362.33282713262565,0.0,0.45509520000000003,4.75,200.98136358832198,200.867589788322,0.0,0.0,0.0,0.0,0.05054509415262636,24,2.2834489593657086,0,0.0,0.0,0.0,0.36
main,v040,LOSO-dep-f1,primary,LOSO,deployed,1,A,MAPPO|wcnc2027_ablation/mappo_seed77/mappo_best.pt,MAPPO,77,R,wcnc2027_ablation 2026-09-14,6,-734.0582499295185,638.7196627295185,81.0,1.2135872,13.125,190.40913819481656,190.10574139481656,0.002973240832507433,0.0,0.002973240832507433,0.002973240832507433,0.12487611496531219,64,6.089197224975224,3,104.20298890784943,310.49764509228896,1.0,0.36
main,v040,LOSO-dep-f1,primary,LOSO,deployed,1,A,MAPPO|wcnc2027_ablation/mappo_seed77/mappo_best.pt,MAPPO,77,R,wcnc2027_ablation 2026-09-14,7,-622.9284031049053,565.4528879197668,49.054098585138576,0.7964166,7.625,193.2541427813879,193.0550386313879,0.0019821605550049554,0.0,0.0019821605550049554,0.0019821605550049554,0.11298315163528246,42,3.9960356788899905,2,1.1528212089862562,1.4705057984678933,0.9175683097523096,0.36
main,v040,LOSO-dep-f1,primary,LOSO,deployed,1,A,MAPPO|wcnc2027_ablation/mappo_seed77/mappo_best.pt,MAPPO,77,R,wcnc2027_ablation 2026-09-14,8,-394.42674025422775,361.72164505422774,27.0,0.45509520000000003,5.25,203.93039403955765,203.81662023955766,0.0009910802775024777,0.0,0.0009910802775024777,0.0009910802775024777,0.027750247770069375,24,2.2834489593657086,1,1.0556608156296767,1.0556608156296767,1.0,0.36
main,v040,LOSO-dep-f1,primary,LOSO,deployed,1,A,MAPPO|wcnc2027_ablation/mappo_seed77/mappo_best.pt,MAPPO,77,R,wcnc2027_ablation 2026-09-14,9,-448.8174718583474,81.0556368840802,367.76183497426723,0.0,0.0,207.60739037379037,207.60739037379037,0.036669970267591674,0.036669970267591674,0.0,0.013875123885034688,0.0,0,0.0,37,1.156237474257852,4.4323206012247525,0.42086760009618995,0.36
main,v040,LOSO-dep-f1,primary,LOSO,deployed,1,A,Centralized PPO|wcnc2027_ablation/central_seed77/ppo_multi_site.zip,Centralized PPO,77,R,wcnc2027_ablation 2026-09-14,all,-29175.21223426913,5348.891556132793,23816.348557736335,1.9721204,8.0,2322.292020386529,2321.7989902865293,0.09781962338949454,0.05292368681863231,0.09405351833498514,0.09554013875123885,0.23270564915758177,102,0.9704658077304261,987,53.208667020162686,2769.5291282153376,0.9039429165440336,0.77
main,v040,LOSO-dep-f1,primary,LOSO,deployed,1,A,Centralized PPO|wcnc2027_ablation/central_seed77/ppo_multi_site.zip,Centralized PPO,77,R,wcnc2027_ablation 2026-09-14,0,-5932.744801444291,856.6815127285482,5076.063268115742,2.06e-05,0.0,232.104923622918,232.104918472918,0.21704658077304262,0.05649157581764123,0.21704658077304262,0.21704658077304262,1.0,0,0.0,219,23.829427103199084,1742.3871610738074,0.8726123695762162,0.77
main,v040,LOSO-dep-f1,primary,LOSO,deployed,1,A,Centralized PPO|wcnc2027_ablation/central_seed77/ppo_multi_site.zip,Centralized PPO,77,R,wcnc2027_ablation 2026-09-14,1,-1756.097876587703,477.35918435123233,1277.2835970364708,0.4550952,1.0,204.78171450837158,204.66794070837156,0.053518334985133795,0.019821605550049554,0.053518334985133795,0.053518334985133795,0.244796828543112,23,2.188305252725471,54,23.6936293211477,308.34426986401934,0.8884466648373275,0.77
main,v040,LOSO-dep-f1,primary,LOSO,deployed,1,A,Centralized PPO|wcnc2027_ablation/central_seed77/ppo_multi_site.zip,Centralized PPO,77,R,wcnc2027_ablation 2026-09-14,2,-285.5121521023768,285.5121521023768,0.0,0.0,0.0,207.3428522449135,207.3428522449135,0.0,0.0,0.0,0.0,0.0,0,0.0,0,0.0,0.0,0.0,0.77
main,v040,LOSO-dep-f1,primary,LOSO,deployed,1,A,Centralized PPO|wcnc2027_ablation/central_seed77/ppo_multi_site.zip,Centralized PPO,77,R,wcnc2027_ablation 2026-09-14,3,-165.00653143345153,138.00653143345153,27.0,0.0,0.0,207.57497972587112,207.57497972587112,0.0009910802775024777,0.0009910802775024777,0.0,0.0009910802775024777,0.0,0,0.0,1,2.9416993938337894,2.9416993938337894,1.0,0.77
main,v040,LOSO-dep-f1,primary,LOSO,deployed,1,A,Centralized PPO|wcnc2027_ablation/central_seed77/ppo_multi_site.zip,Centralized PPO,77,R,wcnc2027_ablation 2026-09-14,4,-1548.693167750895,633.425765200085,912.61145815081,0.5309444000000001,2.125,200.7538260657227,200.62108996572272,0.03865213082259663,0.014866204162537165,0.03865213082259663,0.03865213082259663,0.21209117938553024,27,2.5688800792864224,39,0.9433193546340479,1.4705057984678933,0.8800097932912905,0.77
main,v040,LOSO-dep-f1,primary,LOSO,deployed,1,A,Centralized PPO|wcnc2027_ablation/central_seed77/ppo_multi_site.zip,Centralized PPO,77,R,wcnc2027_ablation 2026-09-14,5,-443.3327039906638,443.3327039906638,0.0,0.0,0.0,207.2424251817793,207.2424251817793,0.0,0.0,0.0,0.0,0.0,0,0.0,0,0.0,0.0,0.0,0.77
main,v040,LOSO-dep-f1,primary,LOSO,deployed,1,A,Centralized PPO|wcnc2027_ablation/central_seed77/ppo_multi_site.zip,Centralized PPO,77,R,wcnc2027_ablation 2026-09-14,6,-3462.621523911148,1002.6041910617711,2456.7743130493773,0.4930198,2.75,243.9328117703487,243.80955682034872,0.09514370664023786,0.06442021803766106,0.09514370664023786,0.09514370664023786,0.09117938553022795,26,2.4737363726461843,96,209.11625691726803,2420.0809955781856,0.9530466364754782,0.77
main,v040,LOSO-dep-f1,primary,LOSO,deployed,1,A,Centralized PPO|wcnc2027_ablation/central_seed77/ppo_multi_site.zip,Centralized PPO,77,R,wcnc2027_ablation 2026-09-14,7,-14675.11598177956,1028.1817795698912,13644.854086409667,0.4551158,1.625,403.07679469310256,402.9630157431026,0.5341922695738355,0.33498513379583744,0.5341922695738355,0.5341922695738355,0.777998017839445,25,2.3785926660059467,539,47.97483117300429,2769.5291282153376,0.9438376058385695,0.77
main,v040,LOSO-dep-f1,primary,LOSO,deployed,1,A,Centralized PPO|wcnc2027_ablation/central_seed77/ppo_multi_site.zip,Centralized PPO,77,R,wcnc2027_ablation 2026-09-14,8,-457.27002341069306,402.73209881069306,54.0,0.0379246,0.5,207.8743021997112,207.8648210497112,0.0019821605550049554,0.0009910802775024777,0.0019821605550049554,0.0019821605550049554,0.0009910802775024777,1,0.09514370664023787,2,1.373611439425268,1.4705057984678933,1.0,0.77
main,v040,LOSO-dep-f1,primary,LOSO,deployed,1,A,Centralized PPO|wcnc2027_ablation/central_seed77/ppo_multi_site.zip,Centralized PPO,77,R,wcnc2027_ablation 2026-09-14,9,-448.8174718583474,81.0556368840802,367.76183497426723,0.0,0.0,207.60739037379037,207.60739037379037,0.036669970267591674,0.036669970267591674,0.0,0.013875123885034688,0.0,0,0.0,37,1.156237474257852,4.4323206012247525,0.42086760009618995,0.77
main,v040,LOSO-dep-f1,primary,LOSO,deployed,1,A,MAPPO|mappo_seed77_20260517T110908/mappo_best.pt,MAPPO,77,P,"May 2026, pre-781c90c reward",all,-5060.572871661479,4314.904621716934,681.8700321445444,5.4232178,58.375,1977.32456867089,1975.9687642208899,0.0048562933597621405,0.0037661050545094153,0.0010901883052527254,0.002576808721506442,0.0688800792864222,286,2.721110009910803,49,7.489216164189819,310.49764509228896,0.5559668253585361,0.36
main,v040,LOSO-dep-f1,primary,LOSO,deployed,1,A,MAPPO|mappo_seed77_20260517T110908/mappo_best.pt,MAPPO,77,P,"May 2026, pre-781c90c reward",0,-830.4485797440618,819.2616909440618,0.0,1.0618888000000002,10.125,180.2993470265414,180.03387482654142,0.0,0.0,0.0,0.0,0.18929633300297324,56,5.32804757185332,0,0.0,0.0,0.0,0.36
main,v040,LOSO-dep-f1,primary,LOSO,deployed,1,A,MAPPO|mappo_seed77_20260517T110908/mappo_best.pt,MAPPO,77,P,"May 2026, pre-781c90c reward",1,-534.3504701473527,474.424105762214,49.054098585138576,0.8722658000000001,10.0,194.03382960786024,193.8157631578602,0.0019821605550049554,0.0,0.0019821605550049554,0.0019821605550049554,0.09217046580773043,46,4.376610505450942,2,1.055926849943631,1.2767170803826429,0.9175683097523096,0.36
main,v040,LOSO-dep-f1,primary,LOSO,deployed,1,A,MAPPO|mappo_seed77_20260517T110908/mappo_best.pt,MAPPO,77,P,"May 2026, pre-781c90c reward",2,-308.69630787673395,280.74545867673396,27.0,0.0758492,0.875,206.97729434876874,206.95833204876874,0.0009910802775024777,0.0,0.0009910802775024777,0.0009910802775024777,0.002973240832507433,4,0.3805748265609515,1,1.0556608156296767,1.0556608156296767,1.0,0.36
main,v040,LOSO-dep-f1,primary,LOSO,deployed,1,A,MAPPO|mappo_seed77_20260517T110908/mappo_best.pt,MAPPO,77,P,"May 2026, pre-781c90c reward",3,-165.00653143345153,138.00653143345153,27.0,0.0,0.0,207.57497972587112,207.57497972587112,0.0009910802775024777,0.0009910802775024777,0.0,0.0009910802775024777,0.0,0,0.0,1,2.9416993938337894,2.9416993938337894,1.0,0.36
main,v040,LOSO-dep-f1,primary,LOSO,deployed,1,A,MAPPO|mappo_seed77_20260517T110908/mappo_best.pt,MAPPO,77,P,"May 2026, pre-781c90c reward",4,-641.3775347576384,555.6140949724997,76.05409858513858,0.8343412,8.875,188.10008677982387,187.8915014798239,0.002973240832507433,0.0,0.002973240832507433,0.002973240832507433,0.13181367690782952,44,4.186323092170466,3,0.9821527502546576,1.0556608156296767,0.9450455398348732,0.36
main,v040,LOSO-dep-f1,primary,LOSO,deployed,1,A,MAPPO|mappo_seed77_20260517T110908/mappo_best.pt,MAPPO,77,P,"May 2026, pre-781c90c reward",5,-372.9905100301116,369.8991886301116,0.0,0.3413214,2.75,201.71668137327828,201.63135102327828,0.0,0.0,0.0,0.0,0.04360753221010902,18,1.7125867195242817,0,0.0,0.0,0.0,0.36
main,v040,LOSO-dep-f1,primary,LOSO,deployed,1,A,MAPPO|mappo_seed77_20260517T110908/mappo_best.pt,MAPPO,77,P,"May 2026, pre-781c90c reward",6,-748.926105213254,651.8375180132541,81.0,1.2135872,14.875,191.78482460810568,191.48142780810565,0.002973240832507433,0.0,0.002973240832507433,0.002973240832507433,0.1110009910802775,64,6.089197224975224,3,104.20298890784943,310.49764509228896,1.0,0.36
main,v040,LOSO-dep-f1,primary,LOSO,deployed,1,A,MAPPO|mappo_seed77_20260517T110908/mappo_best.pt,MAPPO,77,P,"May 2026, pre-781c90c reward",7,-607.6686427548325,574.3989245548324,27.0,0.6447182,5.625,194.35046224033235,194.18928269033233,0.0009910802775024777,0.0,0.0009910802775024777,0.0009910802775024777,0.10009910802775025,34,3.2348860257680876,1,1.4705057984678933,1.4705057984678933,1.0,0.36
main,v040,LOSO-dep-f1,primary,LOSO,deployed,1,A,MAPPO|mappo_seed77_20260517T110908/mappo_best.pt,MAPPO,77,P,"May 2026, pre-781c90c reward",8,-402.2907178456955,369.6614718456955,27.0,0.379246,5.25,204.87967258651787,204.78486108651788,0.0009910802775024777,0.0,0.0009910802775024777,0.0009910802775024777,0.017839444995044598,20,1.9028741328047574,1,1.0556608156296767,1.0556608156296767,1.0,0.36
main,v040,LOSO-dep-f1,primary,LOSO,deployed,1,A,MAPPO|mappo_seed77_20260517T110908/mappo_best.pt,MAPPO,77,P,"May 2026, pre-781c90c reward",9,-448.8174718583474,81.0556368840802,367.76183497426723,0.0,0.0,207.60739037379037,207.60739037379037,0.036669970267591674,0.036669970267591674,0.0,0.013875123885034688,0.0,0,0.0,37,1.156237474257852,4.4323206012247525,0.42086760009618995,0.36
main,v040,LOSO-dep-f1,primary,LOSO,deployed,1,A,MAPPO|mappo_seed99_20260517T003433/mappo_best.pt,MAPPO,99,P,"May 2026, pre-781c90c reward",all,-5045.684319414253,4300.228144869709,681.8700321445444,5.4611424,58.125,1976.3335439520874,1974.9682583520876,0.0048562933597621405,0.0037661050545094153,0.0010901883052527254,0.002576808721506442,0.06947472745292368,288,2.7401387512388506,49,1.174073627931466,4.4323206012247525,0.5559668253585361,0.36
main,v040,LOSO-dep-f1,primary,LOSO,deployed,1,A,MAPPO|mappo_seed99_20260517T003433/mappo_best.pt,MAPPO,99,P,"May 2026, pre-781c90c reward",0,-831.8425051660429,821.8564655660429,0.0,0.9860396000000001,9.0,180.57512323518586,180.32861333518585,0.0,0.0,0.0,0.0,0.1863230921704658,52,4.947472745292369,0,0.0,0.0,0.0,0.36
main,v040,LOSO-dep-f1,primary,LOSO,deployed,1,A,MAPPO|mappo_seed99_20260517T003433/mappo_best.pt,MAPPO,99,P,"May 2026, pre-781c90c reward",1,-531.2073901862758,472.31895040113716,49.054098585138576,0.8343412000000001,9.0,193.7990800085066,193.5904947085066,0.0019821605550049554,0.0,0.0019821605550049554,0.0019821605550049554,0.09415262636273539,44,4.186323092170466,2,1.055926849943631,1.2767170803826429,0.9175683097523096,0.36
main,v040,LOSO-dep-f1,primary,LOSO,deployed,1,A,MAPPO|mappo_seed99_20260517T003433/mappo_best.pt,MAPPO,99,P,"May 2026, pre-781c90c reward",2,-336.7359672286028,280.58426882860283,54.0,0.1516984,2.0,206.94995458445337,206.91202998445337,0.0019821605550049554,0.0,0.0019821605550049554,0.0019821605550049554,0.003964321110009911,8,0.761149653121903,2,1.263083307048785,1.4705057984678933,1.0,0.36
main,v040,LOSO-dep-f1,primary,LOSO,deployed,1,A,MAPPO|mappo_seed99_20260517T003433/mappo_best.pt,MAPPO,99,P,"May 2026, pre-781c90c reward",3,-165.00653143345153,138.00653143345153,27.0,0.0,0.0,207.57497972587112,207.57497972587112,0.0009910802775024777,0.0009910802775024777,0.0,0.0009910802775024777,0.0,0,0.0,1,2.9416993938337894,2.9416993938337894,1.0,0.36
main,v040,LOSO-dep-f1,primary,LOSO,deployed,1,A,MAPPO|mappo_seed99_20260517T003433/mappo_best.pt,MAPPO,99,P,"May 2026, pre-781c90c reward",4,-641.8042629505089,555.2528985653704,76.05409858513858,0.8722658000000001,9.625,188.0373814235345,187.81931497353452,0.002973240832507433,0.0,0.002973240832507433,0.002973240832507433,0.13280475718533202,46,4.376610505450942,3,0.9821527502546576,1.0556608156296767,0.9450455398348732,0.36
main,v040,LOSO-dep-f1,primary,LOSO,deployed,1,A,MAPPO|mappo_seed99_20260517T003433/mappo_best.pt,MAPPO,99,P,"May 2026, pre-781c90c reward",5,-372.25263832815153,368.6233923281515,0.0,0.379246,3.25,201.7356688262929,201.64085732629292,0.0,0.0,0.0,0.0,0.04261645193260654,20,1.9028741328047574,0,0.0,0.0,0.0,0.36
main,v040,LOSO-dep-f1,primary,LOSO,deployed,1,A,MAPPO|mappo_seed99_20260517T003433/mappo_best.pt,MAPPO,99,P,"May 2026, pre-781c90c reward",6,-742.6356067776824,646.2099441776822,81.0,1.1756626,14.25,191.49637575094488,191.2024601009449,0.002973240832507433,0.0,0.002973240832507433,0.002973240832507433,0.11199207135777998,62,5.898909811694748,3,1.0556608156296767,1.0556608156296767,1.0,0.36
main,v040,LOSO-dep-f1,primary,LOSO,deployed,1,A,MAPPO|mappo_seed99_20260517T003433/mappo_best.pt,MAPPO,99,P,"May 2026, pre-781c90c reward",7,-577.0866136366386,571.3168954366387,0.0,0.6447182,5.125,194.0362749232873,193.8750953732873,0.0,0.0,0.0,0.0,0.10208126858275521,34,3.2348860257680876,0,0.0,0.0,0.0,0.36
main,v040,LOSO-dep-f1,primary,LOSO,deployed,1,A,MAPPO|mappo_seed99_20260517T003433/mappo_best.pt,MAPPO,99,P,"May 2026, pre-781c90c reward",8,-398.2953318485511,365.0031612485511,27.0,0.41717060000000006,5.875,204.5213151002206,204.4170224502206,0.0009910802775024777,0.0,0.0009910802775024777,0.0009910802775024777,0.02081268582755203,22,2.093161546085233,1,1.0556608156296767,1.0556608156296767,1.0,0.36
main,v040,LOSO-dep-f1,primary,LOSO,deployed,1,A,MAPPO|mappo_seed99_20260517T003433/mappo_best.pt,MAPPO,99,P,"May 2026, pre-781c90c reward",9,-448.8174718583474,81.0556368840802,367.76183497426723,0.0,0.0,207.60739037379037,207.60739037379037,0.036669970267591674,0.036669970267591674,0.0,0.013875123885034688,0.0,0,0.0,37,1.156237474257852,4.4323206012247525,0.42086760009618995,0.36
main,v040,LOSO-dep-f1,primary,LOSO,deployed,1,A,Centralized PPO|ppo_multi_site_seed7_20260517T004954/ppo_multi_site.zip,Centralized PPO,7,P,"May 2026, pre-781c90c reward",all,-12708.645289617398,5878.723239827856,6766.518550189541,4.7784996,58.625,2112.1593598753107,2110.9647349753104,0.029633300297324083,0.013181367690782953,0.025867195242814667,0.027353815659068383,0.05153617443012884,251,2.3881070366699704,299,41.09905746148504,1742.3871610738074,0.853056828463996,0.79
main,v040,LOSO-dep-f1,primary,LOSO,deployed,1,A,Centralized PPO|ppo_multi_site_seed7_20260517T004954/ppo_multi_site.zip,Centralized PPO,7,P,"May 2026, pre-781c90c reward",0,-2240.0794222378086,1332.1961474450823,886.8059137927264,1.3273609999999998,19.75,213.22678642276443,212.89494617276443,0.03865213082259663,0.002973240832507433,0.03865213082259663,0.03865213082259663,0.05054509415262636,70,6.6600594648166505,39,8.789040834413948,308.34426986401934,0.8579537724724159,0.79
main,v040,LOSO-dep-f1,primary,LOSO,deployed,1,A,Centralized PPO|ppo_multi_site_seed7_20260517T004954/ppo_multi_site.zip,Centralized PPO,7,P,"May 2026, pre-781c90c reward",1,-868.5762654114857,868.5762654114857,0.0,0.0,0.0,207.1313254681582,207.1313254681582,0.0,0.0,0.0,0.0,0.0,0,0.0,0,0.0,0.0,0.0,0.79
main,v040,LOSO-dep-f1,primary,LOSO,deployed,1,A,Centralized PPO|ppo_multi_site_seed7_20260517T004954/ppo_multi_site.zip,Centralized PPO,7,P,"May 2026, pre-781c90c reward",2,-285.5121521023768,285.5121521023768,0.0,0.0,0.0,207.3428522449135,207.3428522449135,0.0,0.0,0.0,0.0,0.0,0,0.0,0,0.0,0.0,0.0,0.79
main,v040,LOSO-dep-f1,primary,LOSO,deployed,1,A,Centralized PPO|ppo_multi_site_seed7_20260517T004954/ppo_multi_site.zip,Centralized PPO,7,P,"May 2026, pre-781c90c reward",3,-165.00653143345153,138.00653143345153,27.0,0.0,0.0,207.57497972587112,207.57497972587112,0.0009910802775024777,0.0009910802775024777,0.0,0.0009910802775024777,0.0,0,0.0,1,2.9416993938337894,2.9416993938337894,1.0,0.79
main,v040,LOSO-dep-f1,primary,LOSO,deployed,1,A,Centralized PPO|ppo_multi_site_seed7_20260517T004954/ppo_multi_site.zip,Centralized PPO,7,P,"May 2026, pre-781c90c reward",4,-4915.672325074345,608.0162167500181,4287.1081799243275,2.0479284,18.5,231.68670410417434,231.17472200417436,0.17244796828543113,0.07631318136769079,0.17244796828543113,0.17244796828543113,0.4122893954410307,108,10.27552031714569,174,50.050264923246665,1742.3871610738074,0.9212850919395263,0.79
main,v040,LOSO-dep-f1,primary,LOSO,deployed,1,A,Centralized PPO|ppo_multi_site_seed7_20260517T004954/ppo_multi_site.zip,Centralized PPO,7,P,"May 2026, pre-781c90c reward",5,-443.3327039906638,443.3327039906638,0.0,0.0,0.0,207.2424251817793,207.2424251817793,0.0,0.0,0.0,0.0,0.0,0,0.0,0,0.0,0.0,0.0,0.79
main,v040,LOSO-dep-f1,primary,LOSO,deployed,1,A,Centralized PPO|ppo_multi_site_seed7_20260517T004954/ppo_multi_site.zip,Centralized PPO,7,P,"May 2026, pre-781c90c reward",6,-955.8302067020855,955.8302067020855,0.0,0.0,0.0,206.97753059250036,206.97753059250036,0.0,0.0,0.0,0.0,0.0,0,0.0,0,0.0,0.0,0.0,0.79
main,v040,LOSO-dep-f1,primary,LOSO,deployed,1,A,Centralized PPO|ppo_multi_site_seed7_20260517T004954/ppo_multi_site.zip,Centralized PPO,7,P,"May 2026, pre-781c90c reward",7,-1983.7377543763566,764.1169226781371,1197.8426214982194,1.4032102000000002,20.375,216.1204780658884,215.76967551588837,0.04757185332011893,0.014866204162537165,0.04757185332011893,0.04757185332011893,0.05252725470763132,73,6.945490584737364,48,66.48702095532481,1742.3871610738074,0.9318351538182079,0.79
main,v040,LOSO-dep-f1,primary,LOSO,deployed,1,A,Centralized PPO|ppo_multi_site_seed7_20260517T004954/ppo_multi_site.zip,Centralized PPO,7,P,"May 2026, pre-781c90c reward",8,-402.0804564304751,402.0804564304751,0.0,0.0,0.0,207.24888769547053,207.24888769547053,0.0,0.0,0.0,0.0,0.0,0,0.0,0,0.0,0.0,0.0,0.79
main,v040,LOSO-dep-f1,primary,LOSO,deployed,1,A,Centralized PPO|ppo_multi_site_seed7_20260517T004954/ppo_multi_site.zip,Centralized PPO,7,P,"May 2026, pre-781c90c reward",9,-448.8174718583474,81.0556368840802,367.76183497426723,0.0,0.0,207.60739037379037,207.60739037379037,0.036669970267591674,0.036669970267591674,0.0,0.013875123885034688,0.0,0,0.0,37,1.156237474257852,4.4323206012247525,0.42086760009618995,0.79
main,v040,LOSO-dep-f1,primary,LOSO,deployed,1,A,Centralized PPO|ppo_multi_site_seed13_20260517T004954/ppo_multi_site.zip,Centralized PPO,13,P,"May 2026, pre-781c90c reward",all,-12677.696341736362,6117.25708837733,6556.578213759031,0.9860396,2.875,2129.4321473448995,2129.1856374448994,0.02854311199207136,0.014866204162537165,0.024777006937561942,0.02626362735381566,0.057482656095143705,51,0.48523290386521306,288,21.674831732986753,1742.3871610738074,0.8575207656124462,0.79
main,v040,LOSO-dep-f1,primary,LOSO,deployed,1,A,Centralized PPO|ppo_multi_site_seed13_20260517T004954/ppo_multi_site.zip,Centralized PPO,13,P,"May 2026, pre-781c90c reward",0,-1320.765738711553,1320.765738711553,0.0,0.0,0.0,206.82026984507507,206.82026984507507,0.0,0.0,0.0,0.0,0.0,0,0.0,0,0.0,0.0,0.0,0.79
main,v040,LOSO-dep-f1,primary,LOSO,deployed,1,A,Centralized PPO|ppo_multi_site_seed13_20260517T004954/ppo_multi_site.zip,Centralized PPO,13,P,"May 2026, pre-781c90c reward",1,-868.5762654114857,868.5762654114857,0.0,0.0,0.0,207.1313254681582,207.1313254681582,0.0,0.0,0.0,0.0,0.0,0,0.0,0,0.0,0.0,0.0,0.79
main,v040,LOSO-dep-f1,primary,LOSO,deployed,1,A,Centralized PPO|ppo_multi_site_seed13_20260517T004954/ppo_multi_site.zip,Centralized PPO,13,P,"May 2026, pre-781c90c reward",2,-285.5121521023768,285.5121521023768,0.0,0.0,0.0,207.3428522449135,207.3428522449135,0.0,0.0,0.0,0.0,0.0,0,0.0,0,0.0,0.0,0.0,0.79
main,v040,LOSO-dep-f1,primary,LOSO,deployed,1,A,Centralized PPO|ppo_multi_site_seed13_20260517T004954/ppo_multi_site.zip,Centralized PPO,13,P,"May 2026, pre-781c90c reward",3,-165.00653143345153,138.00653143345153,27.0,0.0,0.0,207.57497972587112,207.57497972587112,0.0009910802775024777,0.0009910802775024777,0.0,0.0009910802775024777,0.0,0,0.0,1,2.9416993938337894,2.9416993938337894,1.0,0.79
main,v040,LOSO-dep-f1,primary,LOSO,deployed,1,A,Centralized PPO|ppo_multi_site_seed13_20260517T004954/ppo_multi_site.zip,Centralized PPO,13,P,"May 2026, pre-781c90c reward",4,-1283.8548024357797,960.6557873295002,322.0852413062793,0.11377380000000001,1.0,210.15531614536877,210.12687269536875,0.01288404360753221,0.004955401387512388,0.01288404360753221,0.01288404360753221,0.010901883052527254,6,0.5708622398414271,13,158.58674901199322,1742.3871610738074,0.9258595930930237,0.79
main,v040,LOSO-dep-f1,primary,LOSO,deployed,1,A,Centralized PPO|ppo_multi_site_seed13_20260517T004954/ppo_multi_site.zip,Centralized PPO,13,P,"May 2026, pre-781c90c reward",5,-443.3327039906638,443.3327039906638,0.0,0.0,0.0,207.2424251817793,207.2424251817793,0.0,0.0,0.0,0.0,0.0,0,0.0,0,0.0,0.0,0.0,0.79
main,v040,LOSO-dep-f1,primary,LOSO,deployed,1,A,Centralized PPO|ppo_multi_site_seed13_20260517T004954/ppo_multi_site.zip,Centralized PPO,13,P,"May 2026, pre-781c90c reward",6,-955.8302067020855,955.8302067020855,0.0,0.0,0.0,206.97753059250036,206.97753059250036,0.0,0.0,0.0,0.0,0.0,0,0.0,0,0.0,0.0,0.0,0.79
main,v040,LOSO-dep-f1,primary,LOSO,deployed,1,A,Centralized PPO|ppo_multi_site_seed13_20260517T004954/ppo_multi_site.zip,Centralized PPO,13,P,"May 2026, pre-781c90c reward",7,-6503.920012660144,661.4416093816583,5839.731137478484,0.8722657999999999,1.875,261.33117007197234,261.1131036219723,0.2348860257680872,0.10604558969276512,0.2348860257680872,0.2348860257680872,0.5639246778989098,45,4.281466798810704,237,17.447262936721103,1742.3871610738074,0.921340525665047,0.79
main,v040,LOSO-dep-f1,primary,LOSO,deployed,1,A,Centralized PPO|ppo_multi_site_seed13_20260517T004954/ppo_multi_site.zip,Centralized PPO,13,P,"May 2026, pre-781c90c reward",8,-402.0804564304751,402.0804564304751,0.0,0.0,0.0,207.24888769547053,207.24888769547053,0.0,0.0,0.0,0.0,0.0,0,0.0,0,0.0,0.0,0.0,0.79
main,v040,LOSO-dep-f1,primary,LOSO,deployed,1,A,Centralized PPO|ppo_multi_site_seed13_20260517T004954/ppo_multi_site.zip,Centralized PPO,13,P,"May 2026, pre-781c90c reward",9,-448.8174718583474,81.0556368840802,367.76183497426723,0.0,0.0,207.60739037379037,207.60739037379037,0.036669970267591674,0.036669970267591674,0.0,0.013875123885034688,0.0,0,0.0,37,1.156237474257852,4.4323206012247525,0.42086760009618995,0.79
main,v040,LOSO-dep-f1,primary,LOSO,deployed,1,A,Centralized PPO|ppo_multi_site_seed42_20260517T004954/ppo_multi_site.zip,Centralized PPO,42,P,"May 2026, pre-781c90c reward",all,-10950.01416487627,5419.737682029327,5480.714284046941,4.4371988,45.125,2077.196725835546,2076.087426135546,0.02497522299306244,0.009217046580773042,0.021209117938553023,0.02269573835480674,0.08414271555996036,231,2.1978196233894947,252,11.559041119575081,1742.3871610738074,0.8234279742300853,0.79
main,v040,LOSO-dep-f1,primary,LOSO,deployed,1,A,Centralized PPO|ppo_multi_site_seed42_20260517T004954/ppo_multi_site.zip,Centralized PPO,42,P,"May 2026, pre-781c90c reward",0,-3685.300559597713,1328.7310769579485,2330.983609039765,2.0858736,23.5,226.29540884206668,225.77394044206667,0.09712586719524281,0.02180376610505451,0.09712586719524281,0.09712586719524281,0.17443012884043607,110,10.465807730426166,98,4.061890219782295,308.34426986401934,0.8928515677006004,0.79
main,v040,LOSO-dep-f1,primary,LOSO,deployed,1,A,Centralized PPO|ppo_multi_site_seed42_20260517T004954/ppo_multi_site.zip,Centralized PPO,42,P,"May 2026, pre-781c90c reward",1,-1169.587860531551,493.5253734184703,662.7885229130808,1.0239642,12.25,198.26097552609173,198.0049844760917,0.027750247770069375,0.006937561942517344,0.027750247770069375,0.027750247770069375,0.155599603567889,53,5.042616451932607,28,11.895376638016717,308.34426986401934,0.8890339558489059,0.79
main,v040,LOSO-dep-f1,primary,LOSO,deployed,1,A,Centralized PPO|ppo_multi_site_seed42_20260517T004954/ppo_multi_site.zip,Centralized PPO,42,P,"May 2026, pre-781c90c reward",2,-285.5121521023768,285.5121521023768,0.0,0.0,0.0,207.3428522449135,207.3428522449135,0.0,0.0,0.0,0.0,0.0,0,0.0,0,0.0,0.0,0.0,0.79
main,v040,LOSO-dep-f1,primary,LOSO,deployed,1,A,Centralized PPO|ppo_multi_site_seed42_20260517T004954/ppo_multi_site.zip,Centralized PPO,42,P,"May 2026, pre-781c90c reward",3,-165.00653143345153,138.00653143345153,27.0,0.0,0.0,207.57497972587112,207.57497972587112,0.0009910802775024777,0.0009910802775024777,0.0,0.0009910802775024777,0.0,0,0.0,1,2.9416993938337894,2.9416993938337894,1.0,0.79
main,v040,LOSO-dep-f1,primary,LOSO,deployed,1,A,Centralized PPO|ppo_multi_site_seed42_20260517T004954/ppo_multi_site.zip,Centralized PPO,42,P,"May 2026, pre-781c90c reward",4,-955.6010042074747,955.6010042074747,0.0,0.0,0.0,207.0274623425555,207.0274623425555,0.0,0.0,0.0,0.0,0.0,0,0.0,0,0.0,0.0,0.0,0.79
main,v040,LOSO-dep-f1,primary,LOSO,deployed,1,A,Centralized PPO|ppo_multi_site_seed42_20260517T004954/ppo_multi_site.zip,Centralized PPO,42,P,"May 2026, pre-781c90c reward",5,-443.3327039906638,443.3327039906638,0.0,0.0,0.0,207.2424251817793,207.2424251817793,0.0,0.0,0.0,0.0,0.0,0,0.0,0,0.0,0.0,0.0,0.79
main,v040,LOSO-dep-f1,primary,LOSO,deployed,1,A,Centralized PPO|ppo_multi_site_seed42_20260517T004954/ppo_multi_site.zip,Centralized PPO,42,P,"May 2026, pre-781c90c reward",6,-1060.9281375195037,709.3226016086722,348.32459151083145,0.5309444000000001,2.75,197.89086796924687,197.75813186924688,0.013875123885034688,0.002973240832507433,0.013875123885034688,0.013875123885034688,0.16650148662041625,27,2.5688800792864224,14,23.12341289174292,310.49764509228896,0.9293442655019797,0.79
main,v040,LOSO-dep-f1,primary,LOSO,deployed,1,A,Centralized PPO|ppo_multi_site_seed42_20260517T004954/ppo_multi_site.zip,Centralized PPO,42,P,"May 2026, pre-781c90c reward",7,-2333.847287204711,582.5701449957136,1743.855725608997,0.7964165999999999,6.625,210.7054759337605,210.50637178376053,0.07333994053518335,0.022794846382556987,0.07333994053518335,0.07333994053518335,0.34489593657086226,41,3.9008919722497524,74,24.490436598702864,1742.3871610738074,0.8855205971211701,0.79
main,v040,LOSO-dep-f1,primary,LOSO,deployed,1,A,Centralized PPO|ppo_multi_site_seed42_20260517T004954/ppo_multi_site.zip,Centralized PPO,42,P,"May 2026, pre-781c90c reward",8,-402.0804564304751,402.0804564304751,0.0,0.0,0.0,207.24888769547053,207.24888769547053,0.0,0.0,0.0,0.0,0.0,0,0.0,0,0.0,0.0,0.0,0.79
main,v040,LOSO-dep-f1,primary,LOSO,deployed,1,A,Centralized PPO|ppo_multi_site_seed42_20260517T004954/ppo_multi_site.zip,Centralized PPO,42,P,"May 2026, pre-781c90c reward",9,-448.8174718583474,81.0556368840802,367.76183497426723,0.0,0.0,207.60739037379037,207.60739037379037,0.036669970267591674,0.036669970267591674,0.0,0.013875123885034688,0.0,0,0.0,37,1.156237474257852,4.4323206012247525,0.42086760009618995,0.79
main,v040,LOSO-dep-f1,primary,LOSO,deployed,1,A,Centralized PPO|ppo_multi_site_seed99_20260517T004954/ppo_multi_site.zip,Centralized PPO,99,P,"May 2026, pre-781c90c reward",all,-21266.13130778593,5197.851723956932,16050.848142829,2.8064410000000004,14.625,2238.7009279774993,2237.999317727499,0.06560951437066402,0.03994053518334985,0.06184340931615461,0.06333002973240832,0.17839444995044598,146,1.3890981169474728,662,279.1828328530812,2769.5291282153376,0.9076157776415661,0.79
main,v040,LOSO-dep-f1,primary,LOSO,deployed,1,A,Centralized PPO|ppo_multi_site_seed99_20260517T004954/ppo_multi_site.zip,Centralized PPO,99,P,"May 2026, pre-781c90c reward",0,-1962.7795070149136,789.761326388752,1163.5770458261616,1.4411348,8.0,185.14093971586954,184.78065601586957,0.049554013875123884,0.008919722497522299,0.049554013875123884,0.049554013875123884,0.48761149653121905,75,7.13577799801784,50,41.8930488092791,1742.3871610738074,0.8757180305507744,0.79
main,v040,LOSO-dep-f1,primary,LOSO,deployed,1,A,Centralized PPO|ppo_multi_site_seed99_20260517T004954/ppo_multi_site.zip,Centralized PPO,99,P,"May 2026, pre-781c90c reward",1,-868.5762654114857,868.5762654114857,0.0,0.0,0.0,207.1313254681582,207.1313254681582,0.0,0.0,0.0,0.0,0.0,0,0.0,0,0.0,0.0,0.0,0.79
main,v040,LOSO-dep-f1,primary,LOSO,deployed,1,A,Centralized PPO|ppo_multi_site_seed99_20260517T004954/ppo_multi_site.zip,Centralized PPO,99,P,"May 2026, pre-781c90c reward",2,-285.5121521023768,285.5121521023768,0.0,0.0,0.0,207.3428522449135,207.3428522449135,0.0,0.0,0.0,0.0,0.0,0,0.0,0,0.0,0.0,0.0,0.79
main,v040,LOSO-dep-f1,primary,LOSO,deployed,1,A,Centralized PPO|ppo_multi_site_seed99_20260517T004954/ppo_multi_site.zip,Centralized PPO,99,P,"May 2026, pre-781c90c reward",3,-165.00653143345153,138.00653143345153,27.0,0.0,0.0,207.57497972587112,207.57497972587112,0.0009910802775024777,0.0009910802775024777,0.0,0.0009910802775024777,0.0,0,0.0,1,2.9416993938337894,2.9416993938337894,1.0,0.79
main,v040,LOSO-dep-f1,primary,LOSO,deployed,1,A,Centralized PPO|ppo_multi_site_seed99_20260517T004954/ppo_multi_site.zip,Centralized PPO,99,P,"May 2026, pre-781c90c reward",4,-1355.2755287417858,561.1052225418396,791.6885125999464,0.6067936,1.875,194.84333352635508,194.69163512635504,0.03369672943508424,0.010901883052527254,0.03369672943508424,0.03369672943508424,0.244796828543112,31,2.949454905847374,34,9.954097205399918,308.34426986401934,0.87616520843132,0.79
main,v040,LOSO-dep-f1,primary,LOSO,deployed,1,A,Centralized PPO|ppo_multi_site_seed99_20260517T004954/ppo_multi_site.zip,Centralized PPO,99,P,"May 2026, pre-781c90c reward",5,-443.3327039906638,443.3327039906638,0.0,0.0,0.0,207.2424251817793,207.2424251817793,0.0,0.0,0.0,0.0,0.0,0,0.0,0,0.0,0.0,0.0,0.79
main,v040,LOSO-dep-f1,primary,LOSO,deployed,1,A,Centralized PPO|ppo_multi_site_seed99_20260517T004954/ppo_multi_site.zip,Centralized PPO,99,P,"May 2026, pre-781c90c reward",6,-12440.435951475041,840.9859354464172,11594.820749428623,0.3792666,4.25,363.81432934198017,363.7195126919802,0.4578790882061447,0.2745292368681863,0.4578790882061447,0.4578790882061447,0.9841427155599604,20,1.9028741328047574,462,180.78217372241525,2769.5291282153376,0.9365671536384289,0.79
main,v040,LOSO-dep-f1,primary,LOSO,deployed,1,A,Centralized PPO|ppo_multi_site_seed99_20260517T004954/ppo_multi_site.zip,Centralized PPO,99,P,"May 2026, pre-781c90c reward",7,-757.6833441043664,757.6833441043664,0.0,0.0,0.0,207.0301358378607,207.0301358378607,0.0,0.0,0.0,0.0,0.0,0,0.0,0,0.0,0.0,0.0,0.79
main,v040,LOSO-dep-f1,primary,LOSO,deployed,1,A,Centralized PPO|ppo_multi_site_seed99_20260517T004954/ppo_multi_site.zip,Centralized PPO,99,P,"May 2026, pre-781c90c reward",8,-2538.7118516535,431.83260565349974,2106.0,0.379246,0.5,250.97321656092151,250.8784050609215,0.07730426164519326,0.06739345887016848,0.07730426164519326,0.07730426164519326,0.06739345887016848,20,1.9028741328047574,78,1266.9084212512182,2769.5291282153376,1.0,0.79
main,v040,LOSO-dep-f1,primary,LOSO,deployed,1,A,Centralized PPO|ppo_multi_site_seed99_20260517T004954/ppo_multi_site.zip,Centralized PPO,99,P,"May 2026, pre-781c90c reward",9,-448.8174718583474,81.0556368840802,367.76183497426723,0.0,0.0,207.60739037379037,207.60739037379037,0.036669970267591674,0.036669970267591674,0.0,0.013875123885034688,0.0,0,0.0,37,1.156237474257852,4.4323206012247525,0.42086760009618995,0.79
main,v040,LOSO-dep-f1,primary,LOSO,deployed,1,A,MAPPO|mappo_nr_seed23/mappo_best.pt,MAPPO,23,T,"June 2026, current reward",all,-5402.781135892692,4156.986301207594,1175.0864264850989,6.333408200000001,64.375,1966.7216794268575,1965.1383273768574,0.00624380574826561,0.004063429137760159,0.0036669970267591673,0.0044598612487611496,0.09137760158572844,334,3.1777998017839444,63,27767.189115977235,154055.13372924557,0.7169360347260717,0.37
main,v040,LOSO-dep-f1,primary,LOSO,deployed,1,A,MAPPO|mappo_nr_seed23/mappo_best.pt,MAPPO,23,T,"June 2026, current reward",0,-818.5797773296176,779.0086947444789,22.05409858513858,1.516984,16.0,175.20272037610576,174.8234743761058,0.0009910802775024777,0.0,0.0009910802775024777,0.0009910802775024777,0.24677898909811694,80,7.6114965312190295,1,0.8351366195046193,0.8351366195046193,0.8351366195046193,0.37
main,v040,LOSO-dep-f1,primary,LOSO,deployed,1,A,MAPPO|mappo_nr_seed23/mappo_best.pt,MAPPO,23,T,"June 2026, current reward",1,-534.9794932597924,449.8410534746538,76.05409858513858,0.8343412,8.25,190.89586976479126,190.68728446479125,0.002973240832507433,0.0,0.002973240832507433,0.002973240832507433,0.1278493557978196,44,4.186323092170466,3,1.0558381718389798,1.2767170803826429,0.9450455398348732,0.37
main,v040,LOSO-dep-f1,primary,LOSO,deployed,1,A,MAPPO|mappo_nr_seed23/mappo_best.pt,MAPPO,23,T,"June 2026, current reward",2,-307.79691379498865,278.77021539498855,27.0,0.1516984,1.875,206.7897689931213,206.7518443931213,0.0009910802775024777,0.0,0.0009910802775024777,0.0009910802775024777,0.004955401387512388,8,0.761149653121903,1,1.0556608156296767,1.0556608156296767,1.0,0.37
main,v040,LOSO-dep-f1,primary,LOSO,deployed,1,A,MAPPO|mappo_nr_seed23/mappo_best.pt,MAPPO,23,T,"June 2026, current reward",3,-165.00653143345153,138.00653143345153,27.0,0.0,0.0,207.57497972587112,207.57497972587112,0.0009910802775024777,0.0009910802775024777,0.0,0.0009910802775024777,0.0,0,0.0,1,2.9416993938337894,2.9416993938337894,1.0,0.37
main,v040,LOSO-dep-f1,primary,LOSO,deployed,1,A,MAPPO|mappo_nr_seed23/mappo_best.pt,MAPPO,23,T,"June 2026, current reward",4,-666.4231077760298,539.415244620614,120.16229575541573,0.7205674,6.125,185.8902688627216,185.71012701272159,0.004955401387512388,0.0,0.004955401387512388,0.004955401387512388,0.1565906838453915,38,3.615460852329039,5,0.9233462979546424,1.0556608156296767,0.9010819717027717,0.37
main,v040,LOSO-dep-f1,primary,LOSO,deployed,1,A,MAPPO|mappo_nr_seed23/mappo_best.pt,MAPPO,23,T,"June 2026, current reward",5,-388.3185319098724,356.7384367098724,27.0,0.45509520000000003,4.125,200.2629306227049,200.14915682270492,0.0009910802775024777,0.0,0.0009910802775024777,0.0009910802775024777,0.05946481665014866,24,2.2834489593657086,1,1.0556608156296767,1.0556608156296767,1.0,0.37
main,v040,LOSO-dep-f1,primary,LOSO,deployed,1,A,MAPPO|mappo_nr_seed23/mappo_best.pt,MAPPO,23,T,"June 2026, current reward",6,-743.9545365464426,622.4909493464424,108.0,1.2135872,12.25,188.64358897838247,188.3401921783825,0.003964321110009911,0.0,0.003964321110009911,0.003964321110009911,0.14370664023785926,64,6.089197224975224,4,78.41615688479449,310.49764509228896,1.0,0.37
main,v040,LOSO-dep-f1,primary,LOSO,deployed,1,A,MAPPO|mappo_nr_seed23/mappo_best.pt,MAPPO,23,T,"June 2026, current reward",7,-613.3649333960437,556.3402674109052,49.054098585138576,0.7205674,7.25,192.00029274225278,191.8201508922528,0.0019821605550049554,0.0,0.0019821605550049554,0.0019821605550049554,0.12685827552031714,38,3.615460852329039,2,1.1528212089862562,1.4705057984678933,0.9175683097523096,0.37
main,v040,LOSO-dep-f1,primary,LOSO,deployed,1,A,MAPPO|mappo_nr_seed23/mappo_best.pt,MAPPO,23,T,"June 2026, current reward",8,-415.8476505945598,354.44170619455986,54.0,0.5309444,6.875,203.21796532761863,203.08522922761864,0.0019821605550049554,0.0,0.0019821605550049554,0.0019821605550049554,0.03468780971258672,28,2.66402378592666,2,1.0556608156296767,1.0556608156296767,1.0,0.37
main,v040,LOSO-dep-f1,primary,LOSO,deployed,1,A,MAPPO|mappo_nr_seed23/mappo_best.pt,MAPPO,23,T,"June 2026, current reward",9,-748.5096598518938,81.93320187762657,664.7618349742672,0.18962299999999999,1.625,216.24329403328773,216.1958882832877,0.04261645193260654,0.03964321110009911,0.017839444995044598,0.024777006937561942,0.01288404360753221,10,0.9514370664023787,43,40674.44558863552,154055.13372924557,0.6082825690863907,0.37
main,v040,LOSO-dep-f1,primary,LOSO,deployed,1,A,MAPPO|mappo_nr_seed64/mappo_best.pt,MAPPO,64,T,"June 2026, current reward",all,-5046.2140632228065,4238.639868878263,735.8700321445444,5.9541622,65.75,1969.4831305187572,1967.9945899687573,0.005054509415262636,0.0037661050545094153,0.001288404360753221,0.0027750247770069376,0.07631318136769079,314,2.9875123885034687,51,7.236919876010989,310.49764509228896,0.5733798910307504,0.37
main,v040,LOSO-dep-f1,primary,LOSO,deployed,1,A,MAPPO|mappo_nr_seed64/mappo_best.pt,MAPPO,64,T,"June 2026, current reward",0,-819.5011935306528,806.4884555306529,0.0,1.1377380000000001,11.875,178.71558026986887,178.43114576986886,0.0,0.0,0.0,0.0,0.20614469772051536,60,5.708622398414271,0,0.0,0.0,0.0,0.37
main,v040,LOSO-dep-f1,primary,LOSO,deployed,1,A,MAPPO|mappo_nr_seed64/mappo_best.pt,MAPPO,64,T,"June 2026, current reward",1,-550.2041893558077,461.9519757706691,76.05409858513858,0.948115,11.25,192.5594794705737,192.32245072057373,0.002973240832507433,0.0,0.002973240832507433,0.002973240832507433,0.10703666997026759,50,4.757185332011893,3,1.0558381718389798,1.2767170803826429,0.9450455398348732,0.37
main,v040,LOSO-dep-f1,primary,LOSO,deployed,1,A,MAPPO|mappo_nr_seed64/mappo_best.pt,MAPPO,64,T,"June 2026, current reward",2,-309.0317806936605,279.88008229366045,27.0,0.1516984,2.0,206.9056350556238,206.86771045562378,0.0009910802775024777,0.0,0.0009910802775024777,0.0009910802775024777,0.003964321110009911,8,0.761149653121903,1,1.0556608156296767,1.0556608156296767,1.0,0.37
main,v040,LOSO-dep-f1,primary,LOSO,deployed,1,A,MAPPO|mappo_nr_seed64/mappo_best.pt,MAPPO,64,T,"June 2026, current reward",3,-165.00653143345153,138.00653143345153,27.0,0.0,0.0,207.57497972587112,207.57497972587112,0.0009910802775024777,0.0009910802775024777,0.0,0.0009910802775024777,0.0,0,0.0,1,2.9416993938337894,2.9416993938337894,1.0,0.37
main,v040,LOSO-dep-f1,primary,LOSO,deployed,1,A,MAPPO|mappo_nr_seed64/mappo_best.pt,MAPPO,64,T,"June 2026, current reward",4,-633.8781407873387,548.2397010022,76.05409858513858,0.8343412,8.75,187.19355846924793,186.9849731692479,0.002973240832507433,0.0,0.002973240832507433,0.002973240832507433,0.14073339940535184,44,4.186323092170466,3,0.9821527502546576,1.0556608156296767,0.9450455398348732,0.37
main,v040,LOSO-dep-f1,primary,LOSO,deployed,1,A,MAPPO|mappo_nr_seed64/mappo_best.pt,MAPPO,64,T,"June 2026, current reward",5,-366.46214077612893,362.4199701761289,0.0,0.4171706,3.625,201.18497302895352,201.0806803789535,0.0,0.0,0.0,0.0,0.04757185332011893,22,2.093161546085233,0,0.0,0.0,0.0,0.37
main,v040,LOSO-dep-f1,primary,LOSO,deployed,1,A,MAPPO|mappo_nr_seed64/mappo_best.pt,MAPPO,64,T,"June 2026, current reward",6,-759.2166186863872,634.3021822863873,108.0,1.2894364,15.625,190.40244785065428,190.08008875065428,0.003964321110009911,0.0,0.003964321110009911,0.003964321110009911,0.12190287413280476,68,6.469772051536175,4,78.41615688479449,310.49764509228896,1.0,0.37
main,v040,LOSO-dep-f1,primary,LOSO,deployed,1,A,MAPPO|mappo_nr_seed64/mappo_best.pt,MAPPO,64,T,"June 2026, current reward",7,-599.0728751837737,564.3143831837738,27.0,0.758492,7.0,193.161831497483,192.97220849748302,0.0009910802775024777,0.0,0.0009910802775024777,0.0009910802775024777,0.11199207135777998,40,3.8057482656095147,1,1.4705057984678933,1.4705057984678933,1.0,0.37
main,v040,LOSO-dep-f1,primary,LOSO,deployed,1,A,MAPPO|mappo_nr_seed64/mappo_best.pt,MAPPO,64,T,"June 2026, current reward",8,-395.0231209172583,361.9809503172583,27.0,0.41717060000000006,5.625,204.1772547766908,204.0729621266908,0.0009910802775024777,0.0,0.0009910802775024777,0.0009910802775024777,0.023785926660059464,22,2.093161546085233,1,1.0556608156296767,1.0556608156296767,1.0,0.37
main,v040,LOSO-dep-f1,primary,LOSO,deployed,1,A,MAPPO|mappo_nr_seed64/mappo_best.pt,MAPPO,64,T,"June 2026, current reward",9,-448.8174718583474,81.0556368840802,367.76183497426723,0.0,0.0,207.60739037379037,207.60739037379037,0.036669970267591674,0.036669970267591674,0.0,0.013875123885034688,0.0,0,0.0,37,1.156237474257852,4.4323206012247525,0.42086760009618995,0.37
main,v040,LOSO-dep-f1,primary,LOSO,deployed,1,A,MAPPO|mappo_nr_seed99/mappo_best.pt,MAPPO,99,T,"June 2026, current reward",all,-5082.6916093415975,4278.574542611915,730.9241307296829,6.0679359999999996,67.125,1973.746038422982,1972.2290544229818,0.005054509415262636,0.0037661050545094153,0.001288404360753221,0.0027750247770069376,0.07215064420218038,320,3.044598612487612,51,7.2325958721654,310.49764509228896,0.5701472757269194,0.37
main,v040,LOSO-dep-f1,primary,LOSO,deployed,1,A,MAPPO|mappo_nr_seed99/mappo_best.pt,MAPPO,99,T,"June 2026, current reward",0,-826.6092458522788,813.9335832522788,0.0,1.1756626000000001,11.5,179.71940597809592,179.42549032809592,0.0,0.0,0.0,0.0,0.19425173439048563,62,5.898909811694748,0,0.0,0.0,0.0,0.37
main,v040,LOSO-dep-f1,primary,LOSO,deployed,1,A,MAPPO|mappo_nr_seed99/mappo_best.pt,MAPPO,99,T,"June 2026, current reward",1,-531.6841372519303,471.4698482667918,49.054098585138576,0.9101904000000001,10.25,193.60379234285486,193.37624474285485,0.0019821605550049554,0.0,0.0019821605550049554,0.0019821605550049554,0.09712586719524281,48,4.566897918731417,2,1.055926849943631,1.2767170803826429,0.9175683097523096,0.37
main,v040,LOSO-dep-f1,primary,LOSO,deployed,1,A,MAPPO|mappo_nr_seed99/mappo_best.pt,MAPPO,99,T,"June 2026, current reward",2,-307.79691379498865,278.77021539498855,27.0,0.1516984,1.875,206.7897689931213,206.7518443931213,0.0009910802775024777,0.0,0.0009910802775024777,0.0009910802775024777,0.004955401387512388,8,0.761149653121903,1,1.0556608156296767,1.0556608156296767,1.0,0.37
main,v040,LOSO-dep-f1,primary,LOSO,deployed,1,A,MAPPO|mappo_nr_seed99/mappo_best.pt,MAPPO,99,T,"June 2026, current reward",3,-165.00653143345153,138.00653143345153,27.0,0.0,0.0,207.57497972587112,207.57497972587112,0.0009910802775024777,0.0009910802775024777,0.0,0.0009910802775024777,0.0,0,0.0,1,2.9416993938337894,2.9416993938337894,1.0,0.37
main,v040,LOSO-dep-f1,primary,LOSO,deployed,1,A,MAPPO|mappo_nr_seed99/mappo_best.pt,MAPPO,99,T,"June 2026, current reward",4,-662.4631632257133,552.6568510554362,98.10819717027715,0.9481149999999999,10.75,187.79538132391065,187.55835257391067,0.003964321110009911,0.0,0.003964321110009911,0.003964321110009911,0.13478691774033696,50,4.757185332011893,4,0.9453987175671481,1.0556608156296767,0.9175683097523097,0.37
main,v040,LOSO-dep-f1,primary,LOSO,deployed,1,A,MAPPO|mappo_nr_seed99/mappo_best.pt,MAPPO,99,T,"June 2026, current reward",5,-365.5649221783616,361.3977515783615,0.0,0.4171706,3.75,200.8783462975433,200.7740536475433,0.0,0.0,0.0,0.0,0.05153617443012884,22,2.093161546085233,0,0.0,0.0,0.0,0.37
main,v040,LOSO-dep-f1,primary,LOSO,deployed,1,A,MAPPO|mappo_nr_seed99/mappo_best.pt,MAPPO,99,T,"June 2026, current reward",6,-769.4522455166439,645.0757337166438,108.0,1.2515117999999998,15.125,191.39231792395697,191.07943997395697,0.003964321110009911,0.0,0.003964321110009911,0.003964321110009911,0.11298315163528246,66,6.279484638255699,4,78.41615688479449,310.49764509228896,1.0,0.37
main,v040,LOSO-dep-f1,primary,LOSO,deployed,1,A,MAPPO|mappo_nr_seed99/mappo_best.pt,MAPPO,99,T,"June 2026, current reward",7,-605.3472638892961,570.213771889296,27.0,0.758492,7.375,193.89899726418156,193.70937426418152,0.0009910802775024777,0.0,0.0009910802775024777,0.0009910802775024777,0.10406342913776016,40,3.8057482656095147,1,1.4705057984678933,1.4705057984678933,1.0,0.37
main,v040,LOSO-dep-f1,primary,LOSO,deployed,1,A,MAPPO|mappo_nr_seed99/mappo_best.pt,MAPPO,99,T,"June 2026, current reward",8,-399.94971434058596,365.99461914058594,27.0,0.45509520000000003,6.5,204.485658199656,204.37188439965598,0.0009910802775024777,0.0,0.0009910802775024777,0.0009910802775024777,0.02180376610505451,24,2.2834489593657086,1,1.0556608156296767,1.0556608156296767,1.0,0.37
main,v040,LOSO-dep-f1,primary,LOSO,deployed,1,A,MAPPO|mappo_nr_seed99/mappo_best.pt,MAPPO,99,T,"June 2026, current reward",9,-448.8174718583474,81.0556368840802,367.76183497426723,0.0,0.0,207.60739037379037,207.60739037379037,0.036669970267591674,0.036669970267591674,0.0,0.013875123885034688,0.0,0,0.0,37,1.156237474257852,4.4323206012247525,0.42086760009618995,0.37
main,v040,LOSO-dep-f1,primary,LOSO,deployed,1,A,MAPPO|mappo_seed7_20260516T092249/mappo_best.pt,MAPPO,7,L,"May 2026, pre-781c90c reward",all,-5067.618263549333,4230.015967234511,779.9782293148216,5.499067,52.125,1967.5348448986433,1966.1600781486432,0.005252725470763132,0.0037661050545094153,0.0014866204162537165,0.002973240832507433,0.07928642220019821,290,2.759167492566898,53,6.995343149350371,310.49764509228896,0.5832575034259907,0.37
main,v040,LOSO-dep-f1,primary,LOSO,deployed,1,A,MAPPO|mappo_seed7_20260516T092249/mappo_best.pt,MAPPO,7,L,"May 2026, pre-781c90c reward",0,-817.3319785105759,806.3192405105759,0.0,1.1377380000000001,9.875,178.6129930866274,178.32855858662742,0.0,0.0,0.0,0.0,0.20812685827552033,60,5.708622398414271,0,0.0,0.0,0.0,0.37
main,v040,LOSO-dep-f1,primary,LOSO,deployed,1,A,MAPPO|mappo_seed7_20260516T092249/mappo_best.pt,MAPPO,7,L,"May 2026, pre-781c90c reward",1,-551.9231022183777,465.2467378332391,76.05409858513858,0.8722658000000001,9.75,192.90441420819008,192.6863477581901,0.002973240832507433,0.0,0.002973240832507433,0.002973240832507433,0.10406342913776016,46,4.376610505450942,3,1.0558381718389798,1.2767170803826429,0.9450455398348732,0.37
main,v040,LOSO-dep-f1,primary,LOSO,deployed,1,A,MAPPO|mappo_seed7_20260516T092249/mappo_best.pt,MAPPO,7,L,"May 2026, pre-781c90c reward",2,-307.95105060053663,279.46227680053664,27.0,0.11377380000000001,1.375,206.86981365604674,206.84137020604675,0.0009910802775024777,0.0,0.0009910802775024777,0.0009910802775024777,0.003964321110009911,6,0.5708622398414271,1,1.0556608156296767,1.0556608156296767,1.0,0.37
main,v040,LOSO-dep-f1,primary,LOSO,deployed,1,A,MAPPO|mappo_seed7_20260516T092249/mappo_best.pt,MAPPO,7,L,"May 2026, pre-781c90c reward",3,-165.00653143345153,138.00653143345153,27.0,0.0,0.0,207.57497972587112,207.57497972587112,0.0009910802775024777,0.0009910802775024777,0.0,0.0009910802775024777,0.0,0,0.0,1,2.9416993938337894,2.9416993938337894,1.0,0.37
main,v040,LOSO-dep-f1,primary,LOSO,deployed,1,A,MAPPO|mappo_seed7_20260516T092249/mappo_best.pt,MAPPO,7,L,"May 2026, pre-781c90c reward",4,-650.1739405159896,545.3072513457124,98.10819717027715,0.758492,6.0,186.7506161904432,186.56099319044318,0.003964321110009911,0.0,0.003964321110009911,0.003964321110009911,0.1466798810703667,40,3.8057482656095147,4,0.9453987175671481,1.0556608156296767,0.9175683097523097,0.37
main,v040,LOSO-dep-f1,primary,LOSO,deployed,1,A,MAPPO|mappo_seed7_20260516T092249/mappo_best.pt,MAPPO,7,L,"May 2026, pre-781c90c reward",5,-363.93600154792034,360.8067555479203,0.0,0.379246,2.75,200.78148837141137,200.68667687141138,0.0,0.0,0.0,0.0,0.05252725470763132,20,1.9028741328047574,0,0.0,0.0,0.0,0.37
main,v040,LOSO-dep-f1,primary,LOSO,deployed,1,A,MAPPO|mappo_seed7_20260516T092249/mappo_best.pt,MAPPO,7,L,"May 2026, pre-781c90c reward",6,-751.6946158328024,631.8448024328023,108.0,1.0998134,10.75,189.73569722866804,189.460743878668,0.003964321110009911,0.0,0.003964321110009911,0.003964321110009911,0.13181367690782952,58,5.518334985133796,4,78.41615688479449,310.49764509228896,1.0,0.37
main,v040,LOSO-dep-f1,primary,LOSO,deployed,1,A,MAPPO|mappo_seed7_20260516T092249/mappo_best.pt,MAPPO,7,L,"May 2026, pre-781c90c reward",7,-617.6613632248586,561.7996218397202,49.054098585138576,0.6826428,6.125,192.75001752795816,192.57935682795818,0.0019821605550049554,0.0,0.0019821605550049554,0.0019821605550049554,0.11793855302279485,36,3.4251734390485633,2,1.1528212089862562,1.4705057984678933,0.9175683097523096,0.37
main,v040,LOSO-dep-f1,primary,LOSO,deployed,1,A,MAPPO|mappo_seed7_20260516T092249/mappo_best.pt,MAPPO,7,L,"May 2026, pre-781c90c reward",8,-393.1222078064723,360.16711260647236,27.0,0.45509520000000003,5.5,203.94743452963675,203.83366072963676,0.0009910802775024777,0.0,0.0009910802775024777,0.0009910802775024777,0.027750247770069375,24,2.2834489593657086,1,1.0556608156296767,1.0556608156296767,1.0,0.37
main,v040,LOSO-dep-f1,primary,LOSO,deployed,1,A,MAPPO|mappo_seed7_20260516T092249/mappo_best.pt,MAPPO,7,L,"May 2026, pre-781c90c reward",9,-448.8174718583474,81.0556368840802,367.76183497426723,0.0,0.0,207.60739037379037,207.60739037379037,0.036669970267591674,0.036669970267591674,0.0,0.013875123885034688,0.0,0,0.0,37,1.156237474257852,4.4323206012247525,0.42086760009618995,0.37
main,v040,LOSO-dep-f1,primary,LOSO,deployed,1,A,MAPPO|mappo_pool_off_seed1_20260526T162327/mappo_best.pt,MAPPO,1,T,search-only (scenario-variant sweep dir); traced to Table I,all,-5057.268568619515,4222.844669104693,779.9782293148216,5.1956702,49.25,1966.0485790574717,1964.7496615074715,0.005252725470763132,0.0037661050545094153,0.0014866204162537165,0.002973240832507433,0.08126858275520317,274,2.6069375619425172,53,6.995343149350371,310.49764509228896,0.5832575034259907,0.44
main,v040,LOSO-dep-f1,primary,LOSO,deployed,1,A,MAPPO|mappo_pool_off_seed1_20260526T162327/mappo_best.pt,MAPPO,1,T,search-only (scenario-variant sweep dir); traced to Table I,0,-812.9244400791631,798.9608528791632,0.0,1.2135872,12.75,177.65032813165297,177.34693133165294,0.0,0.0,0.0,0.0,0.21902874132804756,64,6.089197224975224,0,0.0,0.0,0.0,0.44
main,v040,LOSO-dep-f1,primary,LOSO,deployed,1,A,MAPPO|mappo_pool_off_seed1_20260526T162327/mappo_best.pt,MAPPO,1,T,search-only (scenario-variant sweep dir); traced to Table I,1,-545.919149208357,462.35655862321835,76.05409858513858,0.7584919999999999,6.75,192.529013578979,192.33939057897896,0.002973240832507433,0.0,0.002973240832507433,0.002973240832507433,0.10901883052527254,40,3.8057482656095147,3,1.0558381718389798,1.2767170803826429,0.9450455398348732,0.44
main,v040,LOSO-dep-f1,primary,LOSO,deployed,1,A,MAPPO|mappo_pool_off_seed1_20260526T162327/mappo_best.pt,MAPPO,1,T,search-only (scenario-variant sweep dir); traced to Table I,2,-309.1859174992085,280.5721436992085,27.0,0.11377380000000001,1.5,206.98567971854925,206.95723626854925,0.0009910802775024777,0.0,0.0009910802775024777,0.0009910802775024777,0.002973240832507433,6,0.5708622398414271,1,1.0556608156296767,1.0556608156296767,1.0,0.44
main,v040,LOSO-dep-f1,primary,LOSO,deployed,1,A,MAPPO|mappo_pool_off_seed1_20260526T162327/mappo_best.pt,MAPPO,1,T,search-only (scenario-variant sweep dir); traced to Table I,3,-165.00653143345153,138.00653143345153,27.0,0.0,0.0,207.57497972587112,207.57497972587112,0.0009910802775024777,0.0009910802775024777,0.0,0.0009910802775024777,0.0,0,0.0,1,2.9416993938337894,2.9416993938337894,1.0,0.44
main,v040,LOSO-dep-f1,primary,LOSO,deployed,1,A,MAPPO|mappo_pool_off_seed1_20260526T162327/mappo_best.pt,MAPPO,1,T,search-only (scenario-variant sweep dir); traced to Table I,4,-650.1550282099281,544.826263639651,98.10819717027715,0.7205674000000001,6.5,186.58244613315307,186.40230428315306,0.003964321110009911,0.0,0.003964321110009911,0.003964321110009911,0.14866204162537167,38,3.615460852329039,4,0.9453987175671481,1.0556608156296767,0.9175683097523097,0.44
main,v040,LOSO-dep-f1,primary,LOSO,deployed,1,A,MAPPO|mappo_pool_off_seed1_20260526T162327/mappo_best.pt,MAPPO,1,T,search-only (scenario-variant sweep dir); traced to Table I,5,-392.80635844333256,362.67711244333253,27.0,0.379246,2.75,200.87921562161247,200.78440412161245,0.0009910802775024777,0.0,0.0009910802775024777,0.0009910802775024777,0.05252725470763132,20,1.9028741328047574,1,1.0556608156296767,1.0556608156296767,1.0,0.44
main,v040,LOSO-dep-f1,primary,LOSO,deployed,1,A,MAPPO|mappo_pool_off_seed1_20260526T162327/mappo_best.pt,MAPPO,1,T,search-only (scenario-variant sweep dir); traced to Table I,6,-722.7092543024444,630.9352901024442,81.0,1.0239642,9.75,189.5114514828324,189.25546043283242,0.002973240832507433,0.0,0.002973240832507433,0.002973240832507433,0.13577799801783944,54,5.137760158572845,3,104.20298890784943,310.49764509228896,1.0,0.44
main,v040,LOSO-dep-f1,primary,LOSO,deployed,1,A,MAPPO|mappo_pool_off_seed1_20260526T162327/mappo_best.pt,MAPPO,1,T,search-only (scenario-variant sweep dir); traced to Table I,7,-618.3933624884738,564.7703949033353,49.054098585138576,0.5688690000000001,4.0,193.04699901445213,192.90478176445208,0.0019821605550049554,0.0,0.0019821605550049554,0.0019821605550049554,0.11496531219028741,30,2.8543111992071357,2,1.1528212089862562,1.4705057984678933,0.9175683097523096,0.44
main,v040,LOSO-dep-f1,primary,LOSO,deployed,1,A,MAPPO|mappo_pool_off_seed1_20260526T162327/mappo_best.pt,MAPPO,1,T,search-only (scenario-variant sweep dir); traced to Table I,8,-391.3510550968076,358.6838844968076,27.0,0.41717060000000006,5.25,203.68107527657895,203.5767826265789,0.0009910802775024777,0.0,0.0009910802775024777,0.0009910802775024777,0.02973240832507433,22,2.093161546085233,1,1.0556608156296767,1.0556608156296767,1.0,0.44
main,v040,LOSO-dep-f1,primary,LOSO,deployed,1,A,MAPPO|mappo_pool_off_seed1_20260526T162327/mappo_best.pt,MAPPO,1,T,search-only (scenario-variant sweep dir); traced to Table I,9,-448.8174718583474,81.0556368840802,367.76183497426723,0.0,0.0,207.60739037379037,207.60739037379037,0.036669970267591674,0.036669970267591674,0.0,0.013875123885034688,0.0,0,0.0,37,1.156237474257852,4.4323206012247525,0.42086760009618995,0.44
main,v040,LOSO-dep-f1,primary,LOSO,deployed,1,A,MAPPO|mappo_pool_off_seed7_20260526T162327/mappo_best.pt,MAPPO,7,T,search-only (scenario-variant sweep dir); traced to Table I,all,-5205.295064842892,4177.6364563577945,959.0864264850987,6.447182,62.125,1960.9847696248585,1959.3729741248585,0.005946481665014866,0.0037661050545094153,0.002180376610505451,0.0036669970267591673,0.08840436075322101,340,3.2348860257680876,60,6.301943486926093,310.49764509228896,0.6263820153431124,0.44
main,v040,LOSO-dep-f1,primary,LOSO,deployed,1,A,MAPPO|mappo_pool_off_seed7_20260526T162327/mappo_best.pt,MAPPO,7,T,search-only (scenario-variant sweep dir); traced to Table I,0,-831.3164919863979,792.7770555863979,27.0,1.2894364,10.25,176.66473131355224,176.34237221355227,0.0009910802775024777,0.0,0.0009910802775024777,0.0009910802775024777,0.23389494549058473,68,6.469772051536175,1,1.0556608156296767,1.0556608156296767,1.0,0.44
main,v040,LOSO-dep-f1,primary,LOSO,deployed,1,A,MAPPO|mappo_pool_off_seed7_20260526T162327/mappo_best.pt,MAPPO,7,T,search-only (scenario-variant sweep dir); traced to Table I,1,-516.8785806837749,457.00136709863625,49.054098585138576,0.948115,9.875,191.7933285265263,191.55629977652632,0.0019821605550049554,0.0,0.0019821605550049554,0.0019821605550049554,0.11793855302279485,50,4.757185332011893,2,1.055926849943631,1.2767170803826429,0.9175683097523096,0.44
main,v040,LOSO-dep-f1,primary,LOSO,deployed,1,A,MAPPO|mappo_pool_off_seed7_20260526T162327/mappo_best.pt,MAPPO,7,T,search-only (scenario-variant sweep dir); traced to Table I,2,-334.8490449741179,277.5835727741178,54.0,0.26547220000000005,3.0,206.6387714711156,206.5724034211156,0.0019821605550049554,0.0,0.0019821605550049554,0.0019821605550049554,0.010901883052527254,14,1.33201189296333,2,1.263083307048785,1.4705057984678933,1.0,0.44
main,v040,LOSO-dep-f1,primary,LOSO,deployed,1,A,MAPPO|mappo_pool_off_seed7_20260526T162327/mappo_best.pt,MAPPO,7,T,search-only (scenario-variant sweep dir); traced to Table I,3,-165.00653143345153,138.00653143345153,27.0,0.0,0.0,207.57497972587112,207.57497972587112,0.0009910802775024777,0.0009910802775024777,0.0,0.0009910802775024777,0.0,0,0.0,1,2.9416993938337894,2.9416993938337894,1.0,0.44
main,v040,LOSO-dep-f1,primary,LOSO,deployed,1,A,MAPPO|mappo_pool_off_seed7_20260526T162327/mappo_best.pt,MAPPO,7,T,search-only (scenario-variant sweep dir); traced to Table I,4,-647.3501226163901,542.3584334461129,98.10819717027715,0.758492,6.125,186.28300068056728,186.09337768056727,0.003964321110009911,0.0,0.003964321110009911,0.003964321110009911,0.15262636273538158,40,3.8057482656095147,4,0.9453987175671481,1.0556608156296767,0.9175683097523097,0.44
main,v040,LOSO-dep-f1,primary,LOSO,deployed,1,A,MAPPO|mappo_pool_off_seed7_20260526T162327/mappo_best.pt,MAPPO,7,T,search-only (scenario-variant sweep dir); traced to Table I,5,-437.783685120698,355.91071753555946,76.05409858513858,0.5688690000000001,5.25,200.26862619543118,200.12640894543117,0.002973240832507433,0.0,0.002973240832507433,0.002973240832507433,0.062438057482656094,30,2.8543111992071357,3,0.9821527502546576,1.0556608156296767,0.9450455398348732,0.44
main,v040,LOSO-dep-f1,primary,LOSO,deployed,1,A,MAPPO|mappo_pool_off_seed7_20260526T162327/mappo_best.pt,MAPPO,7,T,search-only (scenario-variant sweep dir); traced to Table I,6,-763.8894673152606,618.6709323301219,130.05409858513858,1.2894364,13.875,188.37858677179352,188.05622767179352,0.004955401387512388,0.0,0.004955401387512388,0.004955401387512388,0.1466798810703667,68,6.469772051536175,5,62.89995283173651,310.49764509228896,0.9670273239009239,0.44
main,v040,LOSO-dep-f1,primary,LOSO,deployed,1,A,MAPPO|mappo_pool_off_seed7_20260526T162327/mappo_best.pt,MAPPO,7,T,search-only (scenario-variant sweep dir); traced to Table I,7,-643.3511509165079,558.6256357313694,76.05409858513858,0.7964166,7.875,192.4288117032889,192.22970755328888,0.002973240832507433,0.0,0.002973240832507433,0.002973240832507433,0.12388503468780972,42,3.9960356788899905,3,1.1204344112007298,1.4705057984678933,0.9450455398348732,0.44
main,v040,LOSO-dep-f1,primary,LOSO,deployed,1,A,MAPPO|mappo_pool_off_seed7_20260526T162327/mappo_best.pt,MAPPO,7,T,search-only (scenario-variant sweep dir); traced to Table I,8,-416.05251793794685,355.6465735379468,54.0,0.5309444,5.875,203.3465428629221,203.2138067629221,0.0019821605550049554,0.0,0.0019821605550049554,0.0019821605550049554,0.035678889990089196,28,2.66402378592666,2,1.0556608156296767,1.0556608156296767,1.0,0.44
main,v040,LOSO-dep-f1,primary,LOSO,deployed,1,A,MAPPO|mappo_pool_off_seed7_20260526T162327/mappo_best.pt,MAPPO,7,T,search-only (scenario-variant sweep dir); traced to Table I,9,-448.8174718583474,81.0556368840802,367.76183497426723,0.0,0.0,207.60739037379037,207.60739037379037,0.036669970267591674,0.036669970267591674,0.0,0.013875123885034688,0.0,0,0.0,37,1.156237474257852,4.4323206012247525,0.42086760009618995,0.44
main,v040,LOSO-dep-f1,primary,LOSO,deployed,1,A,MAPPO|mappo_pool_off_seed13_20260526T162327/mappo_best.pt,MAPPO,13,T,search-only (scenario-variant sweep dir); traced to Table I,all,-5068.267369591763,4207.436823891803,802.0323278999601,5.423217800000001,53.375,1964.4325532205792,1963.0767487705793,0.005351833498513379,0.0037661050545094153,0.0015857284440039642,0.003072348860257681,0.08285431119920714,286,2.721110009910803,54,6.873582936152521,310.49764509228896,0.5879219315015208,0.44
main,v040,LOSO-dep-f1,primary,LOSO,deployed,1,A,MAPPO|mappo_pool_off_seed13_20260526T162327/mappo_best.pt,MAPPO,13,T,search-only (scenario-variant sweep dir); traced to Table I,0,-808.7385071150394,795.1499199150394,0.0,1.2135872,12.375,177.25020148933194,176.94680468933194,0.0,0.0,0.0,0.0,0.22299306243805747,64,6.089197224975224,0,0.0,0.0,0.0,0.44
main,v040,LOSO-dep-f1,primary,LOSO,deployed,1,A,MAPPO|mappo_pool_off_seed13_20260526T162327/mappo_best.pt,MAPPO,13,T,search-only (scenario-variant sweep dir); traced to Table I,1,-547.5408800121278,459.95159102698926,76.05409858513858,0.9101904000000001,10.625,192.24467981389608,192.01713221389608,0.002973240832507433,0.0,0.002973240832507433,0.002973240832507433,0.1110009910802775,48,4.566897918731417,3,1.0558381718389798,1.2767170803826429,0.9450455398348732,0.44
main,v040,LOSO-dep-f1,primary,LOSO,deployed,1,A,MAPPO|mappo_pool_off_seed13_20260526T162327/mappo_best.pt,MAPPO,13,T,search-only (scenario-variant sweep dir); traced to Table I,2,-309.9311747754058,281.8553255754058,27.0,0.0758492,1.0,207.09316041127124,207.07419811127124,0.0009910802775024777,0.0,0.0009910802775024777,0.0009910802775024777,0.0019821605550049554,4,0.3805748265609515,1,1.0556608156296767,1.0556608156296767,1.0,0.44
main,v040,LOSO-dep-f1,primary,LOSO,deployed,1,A,MAPPO|mappo_pool_off_seed13_20260526T162327/mappo_best.pt,MAPPO,13,T,search-only (scenario-variant sweep dir); traced to Table I,3,-165.00653143345153,138.00653143345153,27.0,0.0,0.0,207.57497972587112,207.57497972587112,0.0009910802775024777,0.0009910802775024777,0.0,0.0009910802775024777,0.0,0,0.0,1,2.9416993938337894,2.9416993938337894,1.0,0.44
main,v040,LOSO-dep-f1,primary,LOSO,deployed,1,A,MAPPO|mappo_pool_off_seed13_20260526T162327/mappo_best.pt,MAPPO,13,T,search-only (scenario-variant sweep dir); traced to Table I,4,-669.5319628034259,541.8611750480102,120.16229575541573,0.758492,6.75,186.22876687722135,186.03914387722136,0.004955401387512388,0.0,0.004955401387512388,0.004955401387512388,0.15262636273538158,40,3.8057482656095147,5,0.9233462979546424,1.0556608156296767,0.9010819717027717,0.44
main,v040,LOSO-dep-f1,primary,LOSO,deployed,1,A,MAPPO|mappo_pool_off_seed13_20260526T162327/mappo_best.pt,MAPPO,13,T,search-only (scenario-variant sweep dir); traced to Table I,5,-387.6131573343552,357.4839113343551,27.0,0.379246,2.75,200.32809751609472,200.23328601609472,0.0009910802775024777,0.0,0.0009910802775024777,0.0009910802775024777,0.05847373637264618,20,1.9028741328047574,1,1.0556608156296767,1.0556608156296767,1.0,0.44
main,v040,LOSO-dep-f1,primary,LOSO,deployed,1,A,MAPPO|mappo_pool_off_seed13_20260526T162327/mappo_best.pt,MAPPO,13,T,search-only (scenario-variant sweep dir); traced to Table I,6,-748.5522793897546,629.2403905897545,108.0,1.0618888,10.25,189.48299094526988,189.21751874526987,0.003964321110009911,0.0,0.003964321110009911,0.003964321110009911,0.1337958374628345,56,5.32804757185332,4,78.41615688479449,310.49764509228896,1.0,0.44
main,v040,LOSO-dep-f1,primary,LOSO,deployed,1,A,MAPPO|mappo_pool_off_seed13_20260526T162327/mappo_best.pt,MAPPO,13,T,search-only (scenario-variant sweep dir); traced to Table I,7,-590.9384664023047,563.6525742171661,22.05409858513858,0.6067936,4.625,192.83260485231796,192.68090645231797,0.0009910802775024777,0.0,0.0009910802775024777,0.0009910802775024777,0.11892963330029732,32,3.044598612487612,1,0.8351366195046193,0.8351366195046193,0.8351366195046193,0.44
main,v040,LOSO-dep-f1,primary,LOSO,deployed,1,A,MAPPO|mappo_pool_off_seed13_20260526T162327/mappo_best.pt,MAPPO,13,T,search-only (scenario-variant sweep dir); traced to Table I,8,-391.59693846755073,359.1797678675507,27.0,0.41717060000000006,5.0,203.78968121551452,203.68538856551453,0.0009910802775024777,0.0,0.0009910802775024777,0.0009910802775024777,0.028741328047571853,22,2.093161546085233,1,1.0556608156296767,1.0556608156296767,1.0,0.44
main,v040,LOSO-dep-f1,primary,LOSO,deployed,1,A,MAPPO|mappo_pool_off_seed13_20260526T162327/mappo_best.pt,MAPPO,13,T,search-only (scenario-variant sweep dir); traced to Table I,9,-448.8174718583474,81.0556368840802,367.76183497426723,0.0,0.0,207.60739037379037,207.60739037379037,0.036669970267591674,0.036669970267591674,0.0,0.013875123885034688,0.0,0,0.0,37,1.156237474257852,4.4323206012247525,0.42086760009618995,0.44
main,v040,LOSO-dep-f1,primary,LOSO,deployed,1,A,MAPPO|mappo_pool_off_seed77_20260526T162327/mappo_best.pt,MAPPO,77,T,search-only (scenario-variant sweep dir); traced to Table I,all,-4985.744588127164,4260.477334797481,676.924130729683,4.968122599999999,43.375,1970.9433477710527,1969.7013171210529,0.0048562933597621405,0.0037661050545094153,0.0010901883052527254,0.002576808721506442,0.07571853320118929,262,2.492765113974232,49,1.1611069099934401,4.4323206012247525,0.552602266572916,0.43
main,v040,LOSO-dep-f1,primary,LOSO,deployed,1,A,MAPPO|mappo_pool_off_seed77_20260526T162327/mappo_best.pt,MAPPO,77,T,search-only (scenario-variant sweep dir); traced to Table I,0,-825.78006653396,816.5440269339601,0.0,0.9860396,8.25,179.80772211014377,179.5612122101438,0.0,0.0,0.0,0.0,0.1962338949454906,52,4.947472745292369,0,0.0,0.0,0.0,0.43
main,v040,LOSO-dep-f1,primary,LOSO,deployed,1,A,MAPPO|mappo_pool_off_seed77_20260526T162327/mappo_best.pt,MAPPO,77,T,search-only (scenario-variant sweep dir); traced to Table I,1,-523.2283403494066,466.0028251642681,49.054098585138576,0.7964166,7.375,192.95244433173218,192.75334018173214,0.0019821605550049554,0.0,0.0019821605550049554,0.0019821605550049554,0.10307234886025768,42,3.9960356788899905,2,1.055926849943631,1.2767170803826429,0.9175683097523096,0.43
main,v040,LOSO-dep-f1,primary,LOSO,deployed,1,A,MAPPO|mappo_pool_off_seed77_20260526T162327/mappo_best.pt,MAPPO,77,T,search-only (scenario-variant sweep dir); traced to Table I,2,-309.7770379698578,281.16326416985777,27.0,0.11377380000000001,1.5,207.0131157483458,206.9846722983458,0.0009910802775024777,0.0,0.0009910802775024777,0.0009910802775024777,0.002973240832507433,6,0.5708622398414271,1,1.0556608156296767,1.0556608156296767,1.0,0.43
main,v040,LOSO-dep-f1,primary,LOSO,deployed,1,A,MAPPO|mappo_pool_off_seed77_20260526T162327/mappo_best.pt,MAPPO,77,T,search-only (scenario-variant sweep dir); traced to Table I,3,-165.00653143345153,138.00653143345153,27.0,0.0,0.0,207.57497972587112,207.57497972587112,0.0009910802775024777,0.0009910802775024777,0.0,0.0009910802775024777,0.0,0,0.0,1,2.9416993938337894,2.9416993938337894,1.0,0.43
main,v040,LOSO-dep-f1,primary,LOSO,deployed,1,A,MAPPO|mappo_pool_off_seed77_20260526T162327/mappo_best.pt,MAPPO,77,T,search-only (scenario-variant sweep dir); traced to Table I,4,-632.7536624707409,550.3539964856022,76.05409858513858,0.7205674000000001,5.625,187.30077060145106,187.12062875145105,0.002973240832507433,0.0,0.002973240832507433,0.002973240832507433,0.14073339940535184,38,3.615460852329039,3,0.9821527502546576,1.0556608156296767,0.9450455398348732,0.43
main,v040,LOSO-dep-f1,primary,LOSO,deployed,1,A,MAPPO|mappo_pool_off_seed77_20260526T162327/mappo_best.pt,MAPPO,77,T,search-only (scenario-variant sweep dir); traced to Table I,5,-366.8662055323627,365.0628087323627,0.0,0.3033968,1.5,201.22719415716193,201.15134495716194,0.0,0.0,0.0,0.0,0.048562933597621406,16,1.522299306243806,0,0.0,0.0,0.0,0.43
main,v040,LOSO-dep-f1,primary,LOSO,deployed,1,A,MAPPO|mappo_pool_off_seed77_20260526T162327/mappo_best.pt,MAPPO,77,T,search-only (scenario-variant sweep dir); traced to Table I,6,-725.4862176752505,633.0493288752505,81.0,1.0618888000000002,10.375,189.94727790789045,189.68180570789048,0.002973240832507433,0.0,0.002973240832507433,0.002973240832507433,0.1288404360753221,56,5.32804757185332,3,1.0556608156296767,1.0556608156296767,1.0,0.43
main,v040,LOSO-dep-f1,primary,LOSO,deployed,1,A,MAPPO|mappo_pool_off_seed77_20260526T162327/mappo_best.pt,MAPPO,77,T,search-only (scenario-variant sweep dir); traced to Table I,7,-590.6159823420882,564.0800901569496,22.05409858513858,0.6067936,3.875,192.99539153022445,192.84369313022444,0.0009910802775024777,0.0,0.0009910802775024777,0.0009910802775024777,0.1159563924677899,32,3.044598612487612,1,0.8351366195046193,0.8351366195046193,0.8351366195046193,0.43
main,v040,LOSO-dep-f1,primary,LOSO,deployed,1,A,MAPPO|mappo_pool_off_seed77_20260526T162327/mappo_best.pt,MAPPO,77,T,search-only (scenario-variant sweep dir); traced to Table I,8,-397.4130719616983,365.1588259616983,27.0,0.37924599999999997,4.875,204.51706128444187,204.42224978444187,0.0009910802775024777,0.0,0.0009910802775024777,0.0009910802775024777,0.02081268582755203,20,1.9028741328047574,1,1.0556608156296767,1.0556608156296767,1.0,0.43
main,v040,LOSO-dep-f1,primary,LOSO,deployed,1,A,MAPPO|mappo_pool_off_seed77_20260526T162327/mappo_best.pt,MAPPO,77,T,search-only (scenario-variant sweep dir); traced to Table I,9,-448.8174718583474,81.0556368840802,367.76183497426723,0.0,0.0,207.60739037379037,207.60739037379037,0.036669970267591674,0.036669970267591674,0.0,0.013875123885034688,0.0,0,0.0,37,1.156237474257852,4.4323206012247525,0.42086760009618995,0.43
main,v040,LOSO-dep-f1,primary,LOSO,deployed,1,A,"Hysteresis (fixed, t_up=81, b=50 Mbps)|-",Hysteresis (fixed),0,baseline,baseline,all,-5711.098208041702,4583.636776798939,1123.7126536427636,2.1237776,1.625,1996.002457810083,1995.4715134100827,0.006838453914767096,0.004360753221010902,0.003072348860257681,0.0045589692765113975,0.07472745292368682,111,1.0560951437066404,69,1.0786185159247084,4.4323206012247525,0.6372530699397426,0.37
main,v040,LOSO-dep-f1,primary,LOSO,deployed,1,A,"Hysteresis (fixed, t_up=81, b=50 Mbps)|-",Hysteresis (fixed),0,baseline,baseline,0,-1017.2934771578884,852.4428890321955,164.27049292569288,0.45509520000000003,0.125,182.86373745883444,182.74996365883442,0.006937561942517344,0.0009910802775024777,0.006937561942517344,0.006937561942517344,0.22497522299306244,23,2.188305252725471,7,0.8981435326832072,1.0556608156296767,0.8822404425032995,0.37
main,v040,LOSO-dep-f1,primary,LOSO,deployed,1,A,"Hysteresis (fixed, t_up=81, b=50 Mbps)|-",Hysteresis (fixed),0,baseline,baseline,1,-616.9525692721987,491.4651261019215,125.10819717027715,0.379246,0.0,194.68040945684115,194.58559795684113,0.004955401387512388,0.0019821605550049554,0.004955401387512388,0.004955401387512388,0.12586719524281467,20,1.9028741328047574,5,1.011662390130247,1.2767170803826429,0.9340546478018478,0.37
main,v040,LOSO-dep-f1,primary,LOSO,deployed,1,A,"Hysteresis (fixed, t_up=81, b=50 Mbps)|-",Hysteresis (fixed),0,baseline,baseline,2,-285.5121521023768,285.5121521023768,0.0,0.0,0.0,207.3428522449135,207.3428522449135,0.0,0.0,0.0,0.0,0.0,0,0.0,0,0.0,0.0,0.0,0.37
main,v040,LOSO-dep-f1,primary,LOSO,deployed,1,A,"Hysteresis (fixed, t_up=81, b=50 Mbps)|-",Hysteresis (fixed),0,baseline,baseline,3,-165.00653143345153,138.00653143345153,27.0,0.0,0.0,207.57497972587112,207.57497972587112,0.0009910802775024777,0.0009910802775024777,0.0,0.0009910802775024777,0.0,0,0.0,1,2.9416993938337894,2.9416993938337894,1.0,0.37
main,v040,LOSO-dep-f1,primary,LOSO,deployed,1,A,"Hysteresis (fixed, t_up=81, b=50 Mbps)|-",Hysteresis (fixed),0,baseline,baseline,4,-788.4390365651682,583.2034274886117,204.19343847655642,0.4171706,0.625,190.677388727295,190.57309607729502,0.008919722497522299,0.0019821605550049554,0.008919722497522299,0.008919722497522299,0.14866204162537167,22,2.093161546085233,9,0.9271040216194968,1.4705057984678933,0.8562719943576165,0.37
main,v040,LOSO-dep-f1,primary,LOSO,deployed,1,A,"Hysteresis (fixed, t_up=81, b=50 Mbps)|-",Hysteresis (fixed),0,baseline,baseline,5,-443.58267182682323,416.50682262682324,27.0,0.0758492,0.0,205.2441652392753,205.2252029392753,0.0009910802775024777,0.0,0.0009910802775024777,0.0009910802775024777,0.018830525272547076,4,0.3805748265609515,1,1.0556608156296767,1.0556608156296767,1.0,0.37
main,v040,LOSO-dep-f1,primary,LOSO,deployed,1,A,"Hysteresis (fixed, t_up=81, b=50 Mbps)|-",Hysteresis (fixed),0,baseline,baseline,6,-865.3299724844353,721.7834829438812,142.2163943405543,0.4550952,0.875,196.00441419804844,195.8906403980484,0.005946481665014866,0.0009910802775024777,0.005946481665014866,0.005946481665014866,0.12388503468780972,24,2.2834489593657086,6,0.9086446848796386,1.0556608156296767,0.8900910796697462,0.37
main,v040,LOSO-dep-f1,primary,LOSO,deployed,1,A,"Hysteresis (fixed, t_up=81, b=50 Mbps)|-",Hysteresis (fixed),0,baseline,baseline,7,-678.0838689105376,611.5802517551219,66.16229575541574,0.3413214,0.0,196.7582326897429,196.6729023397429,0.002973240832507433,0.0,0.002973240832507433,0.002973240832507433,0.10505450941526263,18,1.7125867195242817,3,0.8351366195046191,0.8351366195046193,0.8351366195046191,0.37
main,v040,LOSO-dep-f1,primary,LOSO,deployed,1,A,"Hysteresis (fixed, t_up=81, b=50 Mbps)|-",Hysteresis (fixed),0,baseline,baseline,8,-402.0804564304751,402.0804564304751,0.0,0.0,0.0,207.24888769547053,207.24888769547053,0.0,0.0,0.0,0.0,0.0,0,0.0,0,0.0,0.0,0.0,0.37
main,v040,LOSO-dep-f1,primary,LOSO,deployed,1,A,"Hysteresis (fixed, t_up=81, b=50 Mbps)|-",Hysteresis (fixed),0,baseline,baseline,9,-448.8174718583474,81.0556368840802,367.76183497426723,0.0,0.0,207.60739037379037,207.60739037379037,0.036669970267591674,0.036669970267591674,0.0,0.013875123885034688,0.0,0,0.0,37,1.156237474257852,4.4323206012247525,0.42086760009618995,0.37
main,v040,LOSO-dep-f1,primary,LOSO,deployed,1,A,Always-DPDK|-,Always-DPDK,0,baseline,baseline,all,-6603.20587495228,6208.444039978012,394.76183497426723,0.0,0.0,2072.0032593079745,2072.0032593079745,0.0037661050545094153,0.0037661050545094153,0.0,0.0014866204162537165,0.0,0,0.0,38,1.2032233142466924,4.4323206012247525,0.4361079264094481,0.37
main,v040,LOSO-dep-f1,primary,LOSO,deployed,1,A,Always-DPDK|-,Always-DPDK,0,baseline,baseline,0,-1320.765738711553,1320.765738711553,0.0,0.0,0.0,206.82026984507507,206.82026984507507,0.0,0.0,0.0,0.0,0.0,0,0.0,0,0.0,0.0,0.0,0.37
main,v040,LOSO-dep-f1,primary,LOSO,deployed,1,A,Always-DPDK|-,Always-DPDK,0,baseline,baseline,1,-868.5762654114857,868.5762654114857,0.0,0.0,0.0,207.1313254681582,207.1313254681582,0.0,0.0,0.0,0.0,0.0,0,0.0,0,0.0,0.0,0.0,0.37
main,v040,LOSO-dep-f1,primary,LOSO,deployed,1,A,Always-DPDK|-,Always-DPDK,0,baseline,baseline,2,-285.5121521023768,285.5121521023768,0.0,0.0,0.0,207.3428522449135,207.3428522449135,0.0,0.0,0.0,0.0,0.0,0,0.0,0,0.0,0.0,0.0,0.37
main,v040,LOSO-dep-f1,primary,LOSO,deployed,1,A,Always-DPDK|-,Always-DPDK,0,baseline,baseline,3,-165.00653143345153,138.00653143345153,27.0,0.0,0.0,207.57497972587112,207.57497972587112,0.0009910802775024777,0.0009910802775024777,0.0,0.0009910802775024777,0.0,0,0.0,1,2.9416993938337894,2.9416993938337894,1.0,0.37
main,v040,LOSO-dep-f1,primary,LOSO,deployed,1,A,Always-DPDK|-,Always-DPDK,0,baseline,baseline,4,-955.6010042074747,955.6010042074747,0.0,0.0,0.0,207.0274623425555,207.0274623425555,0.0,0.0,0.0,0.0,0.0,0,0.0,0,0.0,0.0,0.0,0.37
main,v040,LOSO-dep-f1,primary,LOSO,deployed,1,A,Always-DPDK|-,Always-DPDK,0,baseline,baseline,5,-443.3327039906638,443.3327039906638,0.0,0.0,0.0,207.2424251817793,207.2424251817793,0.0,0.0,0.0,0.0,0.0,0,0.0,0,0.0,0.0,0.0,0.37
main,v040,LOSO-dep-f1,primary,LOSO,deployed,1,A,Always-DPDK|-,Always-DPDK,0,baseline,baseline,6,-955.8302067020855,955.8302067020855,0.0,0.0,0.0,206.97753059250036,206.97753059250036,0.0,0.0,0.0,0.0,0.0,0,0.0,0,0.0,0.0,0.0,0.37
main,v040,LOSO-dep-f1,primary,LOSO,deployed,1,A,Always-DPDK|-,Always-DPDK,0,baseline,baseline,7,-757.6833441043664,757.6833441043664,0.0,0.0,0.0,207.0301358378607,207.0301358378607,0.0,0.0,0.0,0.0,0.0,0,0.0,0,0.0,0.0,0.0,0.37
main,v040,LOSO-dep-f1,primary,LOSO,deployed,1,A,Always-DPDK|-,Always-DPDK,0,baseline,baseline,8,-402.0804564304751,402.0804564304751,0.0,0.0,0.0,207.24888769547053,207.24888769547053,0.0,0.0,0.0,0.0,0.0,0,0.0,0,0.0,0.0,0.0,0.37
main,v040,LOSO-dep-f1,primary,LOSO,deployed,1,A,Always-DPDK|-,Always-DPDK,0,baseline,baseline,9,-448.8174718583474,81.0556368840802,367.76183497426723,0.0,0.0,207.60739037379037,207.60739037379037,0.036669970267591674,0.036669970267591674,0.0,0.013875123885034688,0.0,0,0.0,37,1.156237474257852,4.4323206012247525,0.42086760009618995,0.37
main,v040,LOSO-dep-f1,primary,LOSO,deployed,1,A,Always-USR|-,Always-USR (supplementary),0,baseline,baseline,all,-192643.45291602335,7247.34259314798,185396.11011687538,0.000206,0.0,5463.029095997682,5463.029044497682,0.7025768087215064,0.5765113974231912,0.7025768087215064,0.7025768087215064,1.0,0,0.0,7089,2911.497713145665,165763.33835489664,0.9717548789997432,0.37
main,v040,LOSO-dep-f1,primary,LOSO,deployed,1,A,Always-USR|-,Always-USR (supplementary),0,baseline,baseline,0,-5932.744801444291,856.6815127285482,5076.063268115742,2.06e-05,0.0,232.104923622918,232.104918472918,0.21704658077304262,0.05649157581764123,0.21704658077304262,0.21704658077304262,1.0,0,0.0,219,23.829427103199084,1742.3871610738074,0.8726123695762162,0.37
main,v040,LOSO-dep-f1,primary,LOSO,deployed,1,A,Always-USR|-,Always-USR (supplementary),0,baseline,baseline,1,-19397.90978901085,815.3819211621403,18582.52784724871,2.06e-05,0.0,515.7979945376924,515.7979893876923,0.707631318136769,0.557978196233895,0.707631318136769,0.707631318136769,1.0,0,0.0,714,373.3940247008866,3559.6907905514868,0.9675316455298183,0.37
main,v040,LOSO-dep-f1,primary,LOSO,deployed,1,A,Always-USR|-,Always-USR (supplementary),0,baseline,baseline,2,-24466.018279318727,712.6707285898469,23753.34753012888,2.06e-05,0.0,694.0499111215274,694.0499059715274,0.8870168483647175,0.7978196233894945,0.8870168483647175,0.8870168483647175,1.0,0,0.0,895,869.0432939547818,9305.24578659555,0.9846684368763083,0.37
main,v040,LOSO-dep-f1,primary,LOSO,deployed,1,A,Always-USR|-,Always-USR (supplementary),0,baseline,baseline,3,-26819.438907689484,457.2405313592906,26362.19835573019,2.06e-05,0.0,794.4317899372527,794.4317847872526,0.9732408325074331,0.9375619425173439,0.9732408325074331,0.9732408325074331,1.0,0,0.0,982,3231.2646828456327,110203.7685081389,0.9948471946955258,0.37
main,v040,LOSO-dep-f1,primary,LOSO,deployed,1,A,Always-USR|-,Always-USR (supplementary),0,baseline,baseline,4,-15927.458183644474,851.274610813035,15076.183552231438,2.06e-05,0.0,413.0350559036909,413.0350507536909,0.5906838453914767,0.39444995044598613,0.5906838453914767,0.5906838453914767,1.0,0,0.0,596,104.5086725441637,3559.6907905514868,0.9431869995655165,0.37
main,v040,LOSO-dep-f1,primary,LOSO,deployed,1,A,Always-USR|-,Always-USR (supplementary),0,baseline,baseline,5,-22472.13207905202,775.3746955060269,21696.75736294599,2.06e-05,0.0,616.8369277283138,616.8369225783138,0.8136769078295342,0.7086223984142715,0.8136769078295342,0.8136769078295342,1.0,0,0.0,821,496.4629821119538,3559.6907905514868,0.980907728905643,0.37
main,v040,LOSO-dep-f1,primary,LOSO,deployed,1,A,Always-USR|-,Always-USR (supplementary),0,baseline,baseline,6,-12538.378709551547,845.4497423526462,11692.9289465989,2.06e-05,0.0,366.63858066553837,366.6385755155384,0.4618434093161546,0.27849355797819625,0.4618434093161546,0.4618434093161546,1.0,0,0.0,466,179.23851041765258,2769.5291282153376,0.9364040734333978,0.37
main,v040,LOSO-dep-f1,primary,LOSO,deployed,1,A,Always-USR|-,Always-USR (supplementary),0,baseline,baseline,7,-15203.08862472925,860.4689506704997,14342.61965345875,2.06e-05,0.0,399.20098585447124,399.20098070447125,0.5639246778989098,0.3458870168483647,0.5639246778989098,0.5639246778989098,1.0,0,0.0,569,48.55607614284183,2769.5291282153376,0.9402237641159198,0.37
main,v040,LOSO-dep-f1,primary,LOSO,deployed,1,A,Always-USR|-,Always-USR (supplementary),0,baseline,baseline,8,-22501.047618699013,778.8115347439184,21722.236063355096,2.06e-05,0.0,621.0589350074964,621.0589298574964,0.8146679881070367,0.7026759167492567,0.8146679881070367,0.8146679881070367,1.0,0,0.0,822,498.81033561753503,11427.052328191008,0.9808692645318369,0.37
main,v040,LOSO-dep-f1,primary,LOSO,deployed,1,A,Always-USR|-,Always-USR (supplementary),0,baseline,baseline,9,-27385.235922883723,293.9883652220266,27091.247537061696,2.06e-05,0.0,809.873991618781,809.8739864687809,0.9960356788899901,0.9851337958374629,0.9960356788899901,0.9960356788899901,1.0,0,0.0,1005,15349.085291010835,165763.33835489664,0.9985488403668888,0.37
main,v040,LOSO-dep-f1,primary,LOSO,deployed,1,A,MAPPO|mappo_seed13_20260516T092252/mappo_best.pt,MAPPO,13,L,"May 2026, pre-781c90c reward",all,-5050.515304295705,4271.193952380884,725.9782293148216,4.9681226,48.375,1971.6478250376958,1970.4057943876956,0.005054509415262636,0.0037661050545094153,0.001288404360753221,0.0027750247770069376,0.07542120911793855,262,2.492765113974232,51,1.152647765192409,4.4323206012247525,0.5669146604230884,0.38
main,v040,LOSO-dep-f1,primary,LOSO,deployed,1,A,MAPPO|mappo_seed13_20260516T092252/mappo_best.pt,MAPPO,13,L,"May 2026, pre-781c90c reward",0,-823.5144196993126,811.5775308993127,0.0,1.0618888000000002,10.875,179.04288979503795,178.77741759503795,0.0,0.0,0.0,0.0,0.2051536174430129,56,5.32804757185332,0,0.0,0.0,0.0,0.38
main,v040,LOSO-dep-f1,primary,LOSO,deployed,1,A,MAPPO|mappo_seed13_20260516T092252/mappo_best.pt,MAPPO,13,L,"May 2026, pre-781c90c reward",1,-550.1395108277278,463.46314644258916,76.05409858513858,0.8722658000000001,9.75,192.65193248603885,192.43386603603884,0.002973240832507433,0.0,0.002973240832507433,0.002973240832507433,0.10901883052527254,46,4.376610505450942,3,1.0558381718389798,1.2767170803826429,0.9450455398348732,0.38
main,v040,LOSO-dep-f1,primary,LOSO,deployed,1,A,MAPPO|mappo_seed13_20260516T092252/mappo_best.pt,MAPPO,13,L,"May 2026, pre-781c90c reward",2,-309.9311747754058,281.8553255754058,27.0,0.0758492,1.0,207.09316041127124,207.07419811127124,0.0009910802775024777,0.0,0.0009910802775024777,0.0009910802775024777,0.0019821605550049554,4,0.3805748265609515,1,1.0556608156296767,1.0556608156296767,1.0,0.38
main,v040,LOSO-dep-f1,primary,LOSO,deployed,1,A,MAPPO|mappo_seed13_20260516T092252/mappo_best.pt,MAPPO,13,L,"May 2026, pre-781c90c reward",3,-165.00653143345153,138.00653143345153,27.0,0.0,0.0,207.57497972587112,207.57497972587112,0.0009910802775024777,0.0009910802775024777,0.0,0.0009910802775024777,0.0,0,0.0,1,2.9416993938337894,2.9416993938337894,1.0,0.38
main,v040,LOSO-dep-f1,primary,LOSO,deployed,1,A,MAPPO|mappo_seed13_20260516T092252/mappo_best.pt,MAPPO,13,L,"May 2026, pre-781c90c reward",4,-654.3736872862922,548.631998116015,98.10819717027715,0.7584919999999999,6.875,187.1051484768301,186.9155254768301,0.003964321110009911,0.0,0.003964321110009911,0.003964321110009911,0.14370664023785926,40,3.8057482656095147,4,0.9453987175671481,1.0556608156296767,0.9175683097523097,0.38
main,v040,LOSO-dep-f1,primary,LOSO,deployed,1,A,MAPPO|mappo_seed13_20260516T092252/mappo_best.pt,MAPPO,13,L,"May 2026, pre-781c90c reward",5,-367.6197217480698,365.4413249480698,0.0,0.3033968,1.875,201.29941836415094,201.22356916415094,0.0,0.0,0.0,0.0,0.04757185332011893,16,1.522299306243806,0,0.0,0.0,0.0,0.38
main,v040,LOSO-dep-f1,primary,LOSO,deployed,1,A,MAPPO|mappo_seed13_20260516T092252/mappo_best.pt,MAPPO,13,L,"May 2026, pre-781c90c reward",6,-737.3939013285718,644.2449371285718,81.0,1.0239642,11.125,191.03693271941754,190.78094166941753,0.002973240832507433,0.0,0.002973240832507433,0.002973240832507433,0.11793855302279485,54,5.137760158572845,3,1.0556608156296767,1.0556608156296767,1.0,0.38
main,v040,LOSO-dep-f1,primary,LOSO,deployed,1,A,MAPPO|mappo_seed13_20260516T092252/mappo_best.pt,MAPPO,13,L,"May 2026, pre-781c90c reward",7,-596.400769864163,570.5657268790244,22.05409858513858,0.5309444000000001,3.25,193.75277236888843,193.62003626888844,0.0009910802775024777,0.0,0.0009910802775024777,0.0009910802775024777,0.10703666997026759,28,2.66402378592666,1,0.8351366195046193,0.8351366195046193,0.8351366195046193,0.38
main,v040,LOSO-dep-f1,primary,LOSO,deployed,1,A,MAPPO|mappo_seed13_20260516T092252/mappo_best.pt,MAPPO,13,L,"May 2026, pre-781c90c reward",8,-397.3181154743634,366.3517940743634,27.0,0.3413214,3.625,204.4832003163992,204.3978699663992,0.0009910802775024777,0.0,0.0009910802775024777,0.0009910802775024777,0.02180376610505451,18,1.7125867195242817,1,1.0556608156296767,1.0556608156296767,1.0,0.38
main,v040,LOSO-dep-f1,primary,LOSO,deployed,1,A,MAPPO|mappo_seed13_20260516T092252/mappo_best.pt,MAPPO,13,L,"May 2026, pre-781c90c reward",9,-448.8174718583474,81.0556368840802,367.76183497426723,0.0,0.0,207.60739037379037,207.60739037379037,0.036669970267591674,0.036669970267591674,0.0,0.013875123885034688,0.0,0,0.0,37,1.156237474257852,4.4323206012247525,0.42086760009618995,0.38
main,v040,LOSO-dep-f1,primary,LOSO,deployed,1,A,MAPPO|mappo_seed42_20260516T081859/mappo_best.pt,MAPPO,42,L,"May 2026, pre-781c90c reward",all,-4994.1002960807755,4238.763471965954,698.9782293148215,5.2335948,51.125,1968.1310521635191,1966.8226534635194,0.004955401387512388,0.0037661050545094153,0.0011892963330029733,0.0026759167492566896,0.07908820614469772,276,2.625966303270565,50,1.1545875041836637,4.4323206012247525,0.5582529536315501,0.38
main,v040,LOSO-dep-f1,primary,LOSO,deployed,1,A,MAPPO|mappo_seed42_20260516T081859/mappo_best.pt,MAPPO,42,L,"May 2026, pre-781c90c reward",0,-819.044237713045,808.1073489130451,0.0,1.0618888000000002,9.875,178.67212734504938,178.40665514504937,0.0,0.0,0.0,0.0,0.21010901883052527,56,5.32804757185332,0,0.0,0.0,0.0,0.38
main,v040,LOSO-dep-f1,primary,LOSO,deployed,1,A,MAPPO|mappo_seed42_20260516T081859/mappo_best.pt,MAPPO,42,L,"May 2026, pre-781c90c reward",1,-545.1045415818462,458.67817719670757,76.05409858513858,0.8722658000000001,9.5,192.09712515037216,191.87905870037218,0.002973240832507433,0.0,0.002973240832507433,0.002973240832507433,0.11298315163528246,46,4.376610505450942,3,1.0558381718389798,1.2767170803826429,0.9450455398348732,0.38
main,v040,LOSO-dep-f1,primary,LOSO,deployed,1,A,MAPPO|mappo_seed42_20260516T081859/mappo_best.pt,MAPPO,42,L,"May 2026, pre-781c90c reward",2,-309.9311747754058,281.8553255754058,27.0,0.0758492,1.0,207.09316041127124,207.07419811127124,0.0009910802775024777,0.0,0.0009910802775024777,0.0009910802775024777,0.0019821605550049554,4,0.3805748265609515,1,1.0556608156296767,1.0556608156296767,1.0,0.38
main,v040,LOSO-dep-f1,primary,LOSO,deployed,1,A,MAPPO|mappo_seed42_20260516T081859/mappo_best.pt,MAPPO,42,L,"May 2026, pre-781c90c reward",3,-165.00653143345153,138.00653143345153,27.0,0.0,0.0,207.57497972587112,207.57497972587112,0.0009910802775024777,0.0009910802775024777,0.0,0.0009910802775024777,0.0,0,0.0,1,2.9416993938337894,2.9416993938337894,1.0,0.38
main,v040,LOSO-dep-f1,primary,LOSO,deployed,1,A,MAPPO|mappo_seed42_20260516T081859/mappo_best.pt,MAPPO,42,L,"May 2026, pre-781c90c reward",4,-651.8707402605365,546.2540510902593,98.10819717027715,0.7584919999999999,6.75,186.86890589144306,186.67928289144305,0.003964321110009911,0.0,0.003964321110009911,0.003964321110009911,0.14568880079286423,40,3.8057482656095147,4,0.9453987175671481,1.0556608156296767,0.9175683097523097,0.38
main,v040,LOSO-dep-f1,primary,LOSO,deployed,1,A,MAPPO|mappo_seed42_20260516T081859/mappo_best.pt,MAPPO,42,L,"May 2026, pre-781c90c reward",5,-366.8007729984488,363.6715269984488,0.0,0.379246,2.75,201.05744537608365,200.96263387608366,0.0,0.0,0.0,0.0,0.05054509415262636,20,1.9028741328047574,0,0.0,0.0,0.0,0.38
main,v040,LOSO-dep-f1,primary,LOSO,deployed,1,A,MAPPO|mappo_seed42_20260516T081859/mappo_best.pt,MAPPO,42,L,"May 2026, pre-781c90c reward",6,-722.1006597161797,633.4467477310411,76.05409858513858,1.0998134,11.5,189.8655319003841,189.59057855038412,0.002973240832507433,0.0,0.002973240832507433,0.002973240832507433,0.13082259663032705,58,5.518334985133796,3,0.9821527502546576,1.0556608156296767,0.9450455398348732,0.38
main,v040,LOSO-dep-f1,primary,LOSO,deployed,1,A,MAPPO|mappo_seed42_20260516T081859/mappo_best.pt,MAPPO,42,L,"May 2026, pre-781c90c reward",7,-571.1243189811845,566.4304499811844,0.0,0.5688690000000001,4.125,193.25841474697745,193.11619749697746,0.0,0.0,0.0,0.0,0.11298315163528246,30,2.8543111992071357,0,0.0,0.0,0.0,0.38
main,v040,LOSO-dep-f1,primary,LOSO,deployed,1,A,MAPPO|mappo_seed42_20260516T081859/mappo_best.pt,MAPPO,42,L,"May 2026, pre-781c90c reward",8,-394.29984676232965,361.25767616232963,27.0,0.41717060000000006,5.625,204.03597124227676,203.93167859227674,0.0009910802775024777,0.0,0.0009910802775024777,0.0009910802775024777,0.02576808721506442,22,2.093161546085233,1,1.0556608156296767,1.0556608156296767,1.0,0.38
main,v040,LOSO-dep-f1,primary,LOSO,deployed,1,A,MAPPO|mappo_seed42_20260516T081859/mappo_best.pt,MAPPO,42,L,"May 2026, pre-781c90c reward",9,-448.8174718583474,81.0556368840802,367.76183497426723,0.0,0.0,207.60739037379037,207.60739037379037,0.036669970267591674,0.036669970267591674,0.0,0.013875123885034688,0.0,0,0.0,37,1.156237474257852,4.4323206012247525,0.42086760009618995,0.38
main,v040,LOSO-dep-f1,primary,LOSO,deployed,1,A,MAPPO|mappo_seed42_20260517T003433/mappo_best.pt,MAPPO,42,L,"May 2026, pre-781c90c reward",all,-4968.594921781146,4296.4618622366015,627.8700321445444,4.5130274,39.75,1974.727395361703,1973.5991385117031,0.0046580773042616454,0.0037661050545094153,0.00089197224975223,0.0023785926660059467,0.07205153617443012,238,2.264420218037661,47,1.1702859820115803,4.4323206012247525,0.5370717966503887,0.39
main,v040,LOSO-dep-f1,primary,LOSO,deployed,1,A,MAPPO|mappo_seed42_20260517T003433/mappo_best.pt,MAPPO,42,L,"May 2026, pre-781c90c reward",0,-831.8698605471996,823.4596701471995,0.0,0.9101904000000001,7.5,180.54000259900016,180.31245499900018,0.0,0.0,0.0,0.0,0.18929633300297324,48,4.566897918731417,0,0.0,0.0,0.0,0.39
main,v040,LOSO-dep-f1,primary,LOSO,deployed,1,A,MAPPO|mappo_seed42_20260517T003433/mappo_best.pt,MAPPO,42,L,"May 2026, pre-781c90c reward",1,-527.362148372058,470.2995577869194,49.054098585138576,0.7584919999999999,7.25,193.40059059687485,193.21096759687487,0.0019821605550049554,0.0,0.0019821605550049554,0.0019821605550049554,0.09910802775024777,40,3.8057482656095147,2,1.055926849943631,1.2767170803826429,0.9175683097523096,0.39
main,v040,LOSO-dep-f1,primary,LOSO,deployed,1,A,MAPPO|mappo_seed42_20260517T003433/mappo_best.pt,MAPPO,42,L,"May 2026, pre-781c90c reward",2,-310.89006773834285,283.35214313834285,27.0,0.0379246,0.5,207.20117793762722,207.19169678762722,0.0009910802775024777,0.0,0.0009910802775024777,0.0009910802775024777,0.0009910802775024777,2,0.19028741328047574,1,1.0556608156296767,1.0556608156296767,1.0,0.39
main,v040,LOSO-dep-f1,primary,LOSO,deployed,1,A,MAPPO|mappo_seed42_20260517T003433/mappo_best.pt,MAPPO,42,L,"May 2026, pre-781c90c reward",3,-165.00653143345153,138.00653143345153,27.0,0.0,0.0,207.57497972587112,207.57497972587112,0.0009910802775024777,0.0009910802775024777,0.0,0.0009910802775024777,0.0,0,0.0,1,2.9416993938337894,2.9416993938337894,1.0,0.39
main,v040,LOSO-dep-f1,primary,LOSO,deployed,1,A,MAPPO|mappo_seed42_20260517T003433/mappo_best.pt,MAPPO,42,L,"May 2026, pre-781c90c reward",4,-632.7108788323828,551.3870620472442,76.05409858513858,0.6447182,4.625,187.28935791394534,187.12817836394532,0.002973240832507433,0.0,0.002973240832507433,0.002973240832507433,0.14172447968285432,34,3.2348860257680876,3,0.9821527502546576,1.0556608156296767,0.9450455398348732,0.39
main,v040,LOSO-dep-f1,primary,LOSO,deployed,1,A,MAPPO|mappo_seed42_20260517T003433/mappo_best.pt,MAPPO,42,L,"May 2026, pre-781c90c reward",5,-368.89297217261037,368.70334917261033,0.0,0.189623,0.0,201.62001593798362,201.57261018798363,0.0,0.0,0.0,0.0,0.044598612487611496,10,0.9514370664023787,0,0.0,0.0,0.0,0.39
main,v040,LOSO-dep-f1,primary,LOSO,deployed,1,A,MAPPO|mappo_seed42_20260517T003433/mappo_best.pt,MAPPO,42,L,"May 2026, pre-781c90c reward",6,-708.2309902904526,641.2941014904525,54.0,1.0618888,11.875,190.90582456364479,190.6403523636448,0.0019821605550049554,0.0,0.0019821605550049554,0.0019821605550049554,0.11892963330029732,56,5.32804757185332,2,1.0556608156296767,1.0556608156296767,1.0,0.39
main,v040,LOSO-dep-f1,primary,LOSO,deployed,1,A,MAPPO|mappo_seed42_20260517T003433/mappo_best.pt,MAPPO,42,L,"May 2026, pre-781c90c reward",7,-572.8878728566101,568.6940038566102,0.0,0.5688690000000001,3.625,193.60014755412473,193.45793030412472,0.0,0.0,0.0,0.0,0.10901883052527254,30,2.8543111992071357,0,0.0,0.0,0.0,0.39
main,v040,LOSO-dep-f1,primary,LOSO,deployed,1,A,MAPPO|mappo_seed42_20260517T003433/mappo_best.pt,MAPPO,42,L,"May 2026, pre-781c90c reward",8,-401.9261276796911,370.2098062796911,27.0,0.3413214,4.375,204.98790815884075,204.90257780884076,0.0009910802775024777,0.0,0.0009910802775024777,0.0009910802775024777,0.01684836471754212,18,1.7125867195242817,1,1.0556608156296767,1.0556608156296767,1.0,0.39
main,v040,LOSO-dep-f1,primary,LOSO,deployed,1,A,MAPPO|mappo_seed42_20260517T003433/mappo_best.pt,MAPPO,42,L,"May 2026, pre-781c90c reward",9,-448.8174718583474,81.0556368840802,367.76183497426723,0.0,0.0,207.60739037379037,207.60739037379037,0.036669970267591674,0.036669970267591674,0.0,0.013875123885034688,0.0,0,0.0,37,1.156237474257852,4.4323206012247525,0.42086760009618995,0.39
main,v040,LOSO-dep-f1,primary,LOSO,deployed,1,A,MAPPO|mappo_seed42_20260526T143428/mappo_best.pt,MAPPO,42,L,"May 2026, pre-781c90c reward",all,-5085.327282078055,4240.196883792956,797.0864264850986,5.0439718,43.0,1967.04561239438,1965.78461944438,0.005351833498513379,0.0037661050545094153,0.0015857284440039642,0.003072348860257681,0.08116947472745292,266,2.5308225966303275,54,1.1390920385083663,4.4323206012247525,0.5848689059367915,0.37
main,v040,LOSO-dep-f1,primary,LOSO,deployed,1,A,MAPPO|mappo_seed42_20260526T143428/mappo_best.pt,MAPPO,42,L,"May 2026, pre-781c90c reward",0,-843.2647224722334,811.2358104870948,22.05409858513858,1.0998134,8.875,178.58127031767998,178.30631696768,0.0009910802775024777,0.0,0.0009910802775024777,0.0009910802775024777,0.2130822596630327,58,5.518334985133796,1,0.8351366195046193,0.8351366195046193,0.8351366195046193,0.37
main,v040,LOSO-dep-f1,primary,LOSO,deployed,1,A,MAPPO|mappo_seed42_20260526T143428/mappo_best.pt,MAPPO,42,L,"May 2026, pre-781c90c reward",1,-544.440788782033,460.84027359689435,76.05409858513858,0.7964166000000001,6.75,192.18828044783749,191.98917629783747,0.002973240832507433,0.0,0.002973240832507433,0.002973240832507433,0.1159563924677899,42,3.9960356788899905,3,1.0558381718389798,1.2767170803826429,0.9450455398348732,0.37
main,v040,LOSO-dep-f1,primary,LOSO,deployed,1,A,MAPPO|mappo_seed42_20260526T143428/mappo_best.pt,MAPPO,42,L,"May 2026, pre-781c90c reward",2,-309.9311747754058,281.8553255754058,27.0,0.0758492,1.0,207.09316041127124,207.07419811127124,0.0009910802775024777,0.0,0.0009910802775024777,0.0009910802775024777,0.0019821605550049554,4,0.3805748265609515,1,1.0556608156296767,1.0556608156296767,1.0,0.37
main,v040,LOSO-dep-f1,primary,LOSO,deployed,1,A,MAPPO|mappo_seed42_20260526T143428/mappo_best.pt,MAPPO,42,L,"May 2026, pre-781c90c reward",3,-165.00653143345153,138.00653143345153,27.0,0.0,0.0,207.57497972587112,207.57497972587112,0.0009910802775024777,0.0009910802775024777,0.0,0.0009910802775024777,0.0,0,0.0,1,2.9416993938337894,2.9416993938337894,1.0,0.37
main,v040,LOSO-dep-f1,primary,LOSO,deployed,1,A,MAPPO|mappo_seed42_20260526T143428/mappo_best.pt,MAPPO,42,L,"May 2026, pre-781c90c reward",4,-669.8504907090928,542.8426275536771,120.16229575541573,0.7205674,6.125,186.30221353626771,186.1220716862677,0.004955401387512388,0.0,0.004955401387512388,0.004955401387512388,0.15262636273538158,38,3.615460852329039,5,0.9233462979546424,1.0556608156296767,0.9010819717027717,0.37
main,v040,LOSO-dep-f1,primary,LOSO,deployed,1,A,MAPPO|mappo_seed42_20260526T143428/mappo_best.pt,MAPPO,42,L,"May 2026, pre-781c90c reward",5,-391.14179358831046,360.63754758831044,27.0,0.3792460000000001,3.125,200.71943109980907,200.62461959980905,0.0009910802775024777,0.0,0.0009910802775024777,0.0009910802775024777,0.053518334985133795,20,1.9028741328047574,1,1.0556608156296767,1.0556608156296767,1.0,0.37
main,v040,LOSO-dep-f1,primary,LOSO,deployed,1,A,MAPPO|mappo_seed42_20260526T143428/mappo_best.pt,MAPPO,42,L,"May 2026, pre-781c90c reward",6,-726.5999489137797,636.2389093137797,81.0,0.9860396,8.375,189.91468608491732,189.66817618491734,0.002973240832507433,0.0,0.002973240832507433,0.002973240832507433,0.13280475718533202,52,4.947472745292369,3,1.0556608156296767,1.0556608156296767,1.0,0.37
main,v040,LOSO-dep-f1,primary,LOSO,deployed,1,A,MAPPO|mappo_seed42_20260526T143428/mappo_best.pt,MAPPO,42,L,"May 2026, pre-781c90c reward",7,-592.9274777634463,565.9295101783077,22.05409858513858,0.5688690000000001,4.375,193.14992384308374,193.00770659308375,0.0009910802775024777,0.0,0.0009910802775024777,0.0009910802775024777,0.11397423191278494,30,2.8543111992071357,1,0.8351366195046193,0.8351366195046193,0.8351366195046193,0.37
main,v040,LOSO-dep-f1,primary,LOSO,deployed,1,A,MAPPO|mappo_seed42_20260526T143428/mappo_best.pt,MAPPO,42,L,"May 2026, pre-781c90c reward",8,-393.3468817819547,361.5547111819547,27.0,0.4171706,4.375,203.91427655385195,203.80998390385196,0.0009910802775024777,0.0,0.0009910802775024777,0.0009910802775024777,0.027750247770069375,22,2.093161546085233,1,1.0556608156296767,1.0556608156296767,1.0,0.37
main,v040,LOSO-dep-f1,primary,LOSO,deployed,1,A,MAPPO|mappo_seed42_20260526T143428/mappo_best.pt,MAPPO,42,L,"May 2026, pre-781c90c reward",9,-448.8174718583474,81.0556368840802,367.76183497426723,0.0,0.0,207.60739037379037,207.60739037379037,0.036669970267591674,0.036669970267591674,0.0,0.013875123885034688,0.0,0,0.0,37,1.156237474257852,4.4323206012247525,0.42086760009618995,0.37
main,v040,LOSO-dep-f1,primary,LOSO,deployed,1,A,MAPPO|mappo_seed99_20260516T092254/mappo_best.pt,MAPPO,99,L,"May 2026, pre-781c90c reward",all,-5098.384123712331,4249.858378382648,784.9241307296829,5.7266146,57.875,1971.1011627568619,1969.669509106862,0.005252725470763132,0.0037661050545094153,0.0016848364717542122,0.002973240832507433,0.07700693756194252,302,2.8733399405351836,53,6297.122014593613,154055.13372924557,0.5863681332466583,0.38
main,v040,LOSO-dep-f1,primary,LOSO,deployed,1,A,MAPPO|mappo_seed99_20260516T092254/mappo_best.pt,MAPPO,99,L,"May 2026, pre-781c90c reward",0,-819.161651099018,806.610988499018,0.0,1.1756626,11.375,178.62712136313073,178.33320571313072,0.0,0.0,0.0,0.0,0.20812685827552033,62,5.898909811694748,0,0.0,0.0,0.0,0.38
main,v040,LOSO-dep-f1,primary,LOSO,deployed,1,A,MAPPO|mappo_seed99_20260516T092254/mappo_best.pt,MAPPO,99,L,"May 2026, pre-781c90c reward",1,-522.4235403688426,463.49717598370415,49.054098585138576,0.8722658000000001,9.0,192.67596372377818,192.45789727377817,0.0019821605550049554,0.0,0.0019821605550049554,0.0019821605550049554,0.10604558969276512,46,4.376610505450942,2,1.055926849943631,1.2767170803826429,0.9175683097523096,0.38
main,v040,LOSO-dep-f1,primary,LOSO,deployed,1,A,MAPPO|mappo_seed99_20260516T092254/mappo_best.pt,MAPPO,99,L,"May 2026, pre-781c90c reward",2,-335.9907099524055,279.3010869524055,54.0,0.189623,2.5,206.84247389173137,206.79506814173135,0.0019821605550049554,0.0,0.0019821605550049554,0.0019821605550049554,0.004955401387512388,10,0.9514370664023787,2,1.263083307048785,1.4705057984678933,1.0,0.38
main,v040,LOSO-dep-f1,primary,LOSO,deployed,1,A,MAPPO|mappo_seed99_20260516T092254/mappo_best.pt,MAPPO,99,L,"May 2026, pre-781c90c reward",3,-165.00653143345153,138.00653143345153,27.0,0.0,0.0,207.57497972587112,207.57497972587112,0.0009910802775024777,0.0009910802775024777,0.0,0.0009910802775024777,0.0,0,0.0,1,2.9416993938337894,2.9416993938337894,1.0,0.38
main,v040,LOSO-dep-f1,primary,LOSO,deployed,1,A,MAPPO|mappo_seed99_20260516T092254/mappo_best.pt,MAPPO,99,L,"May 2026, pre-781c90c reward",4,-655.3955150368113,548.0779766665341,98.10819717027715,0.8343412,8.375,187.1560471052842,186.94746180528415,0.003964321110009911,0.0,0.003964321110009911,0.003964321110009911,0.14172447968285432,44,4.186323092170466,4,0.9453987175671481,1.0556608156296767,0.9175683097523097,0.38
main,v040,LOSO-dep-f1,primary,LOSO,deployed,1,A,MAPPO|mappo_seed99_20260516T092254/mappo_best.pt,MAPPO,99,L,"May 2026, pre-781c90c reward",5,-364.11257017602475,361.77124877602466,0.0,0.3413214,2.0,200.88812164463212,200.80279129463213,0.0,0.0,0.0,0.0,0.05153617443012884,18,1.7125867195242817,0,0.0,0.0,0.0,0.38
main,v040,LOSO-dep-f1,primary,LOSO,deployed,1,A,MAPPO|mappo_seed99_20260516T092254/mappo_best.pt,MAPPO,99,L,"May 2026, pre-781c90c reward",6,-761.3493333814724,639.0486707814724,108.0,1.1756626,13.125,190.62747137599143,190.33355572599146,0.003964321110009911,0.0,0.003964321110009911,0.003964321110009911,0.12190287413280476,62,5.898909811694748,4,78.41615688479449,310.49764509228896,1.0,0.38
main,v040,LOSO-dep-f1,primary,LOSO,deployed,1,A,MAPPO|mappo_seed99_20260516T092254/mappo_best.pt,MAPPO,99,L,"May 2026, pre-781c90c reward",7,-601.4951234251528,568.6004052251528,27.0,0.6447182,5.25,193.55216531246822,193.3909857624682,0.0009910802775024777,0.0,0.0009910802775024777,0.0009910802775024777,0.10901883052527254,34,3.2348860257680876,1,1.4705057984678933,1.4705057984678933,1.0,0.38
main,v040,LOSO-dep-f1,primary,LOSO,deployed,1,A,MAPPO|mappo_seed99_20260516T092254/mappo_best.pt,MAPPO,99,L,"May 2026, pre-781c90c reward",8,-397.1043114930417,363.7742162930417,27.0,0.45509520000000003,5.875,204.19660050115496,204.08282670115494,0.0009910802775024777,0.0,0.0009910802775024777,0.0009910802775024777,0.024777006937561942,24,2.2834489593657086,1,1.0556608156296767,1.0556608156296767,1.0,0.38
main,v040,LOSO-dep-f1,primary,LOSO,deployed,1,A,MAPPO|mappo_seed99_20260516T092254/mappo_best.pt,MAPPO,99,L,"May 2026, pre-781c90c reward",9,-476.3448373461099,81.17007777184264,394.76183497426723,0.0379246,0.375,208.9602181128197,208.9507369628197,0.03766105054509415,0.036669970267591674,0.002973240832507433,0.014866204162537165,0.0019821605550049554,2,0.19028741328047574,38,8774.208280650791,154055.13372924557,0.4361079264094481,0.38
main,v040,LOSO-dep-f1,primary,LOSO,deployed,1,A,Centralized PPO|central_nr_seed1/ppo_multi_site.zip,Centralized PPO,1,L,"June 2026, current reward",all,-28069.708420166884,5508.166501641645,22503.593472925237,4.3234455999999994,53.625,2282.5832426933584,2281.5023812933587,0.09266600594648167,0.04539147670961348,0.08889990089197225,0.09038652130822597,0.24132804757185333,226,2.150247770069376,935,54.681765418437216,2769.5291282153376,0.9018536425689034,0.79
main,v040,LOSO-dep-f1,primary,LOSO,deployed,1,A,Centralized PPO|central_nr_seed1/ppo_multi_site.zip,Centralized PPO,1,L,"June 2026, current reward",0,-4384.328318355614,815.3111413033986,3559.5311168522157,0.9860602,8.5,210.96350988497065,210.71699483497065,0.15361744301288405,0.03468780971258672,0.15361744301288405,0.15361744301288405,0.8731417244796829,52,4.947472745292369,155,31.307619074559174,1742.3871610738074,0.8654905627639174,0.79
main,v040,LOSO-dep-f1,primary,LOSO,deployed,1,A,Centralized PPO|central_nr_seed1/ppo_multi_site.zip,Centralized PPO,1,L,"June 2026, current reward",1,-913.8213124368887,869.1751906666115,44.10819717027716,0.0379246,0.5,207.37600778099448,207.36652663099449,0.0019821605550049554,0.0,0.0019821605550049554,0.0019821605550049554,0.0009910802775024777,1,0.09514370664023787,2,0.8351366195046193,0.8351366195046193,0.8351366195046193,0.79
main,v040,LOSO-dep-f1,primary,LOSO,deployed,1,A,Centralized PPO|central_nr_seed1/ppo_multi_site.zip,Centralized PPO,1,L,"June 2026, current reward",2,-285.5121521023768,285.5121521023768,0.0,0.0,0.0,207.3428522449135,207.3428522449135,0.0,0.0,0.0,0.0,0.0,0,0.0,0,0.0,0.0,0.0,0.79
main,v040,LOSO-dep-f1,primary,LOSO,deployed,1,A,Centralized PPO|central_nr_seed1/ppo_multi_site.zip,Centralized PPO,1,L,"June 2026, current reward",3,-165.00653143345153,138.00653143345153,27.0,0.0,0.0,207.57497972587112,207.57497972587112,0.0009910802775024777,0.0009910802775024777,0.0,0.0009910802775024777,0.0,0,0.0,1,2.9416993938337894,2.9416993938337894,1.0,0.79
main,v040,LOSO-dep-f1,primary,LOSO,deployed,1,A,Centralized PPO|central_nr_seed1/ppo_multi_site.zip,Centralized PPO,1,L,"June 2026, current reward",4,-955.6010042074747,955.6010042074747,0.0,0.0,0.0,207.0274623425555,207.0274623425555,0.0,0.0,0.0,0.0,0.0,0,0.0,0,0.0,0.0,0.0,0.79
main,v040,LOSO-dep-f1,primary,LOSO,deployed,1,A,Centralized PPO|central_nr_seed1/ppo_multi_site.zip,Centralized PPO,1,L,"June 2026, current reward",5,-443.3327039906638,443.3327039906638,0.0,0.0,0.0,207.2424251817793,207.2424251817793,0.0,0.0,0.0,0.0,0.0,0,0.0,0,0.0,0.0,0.0,0.79
main,v040,LOSO-dep-f1,primary,LOSO,deployed,1,A,Centralized PPO|central_nr_seed1/ppo_multi_site.zip,Centralized PPO,1,L,"June 2026, current reward",6,-5023.580230651605,670.8346317818771,4324.572670469728,2.0479284,26.125,232.60569646263897,232.09371436263893,0.17542120911793854,0.05649157581764123,0.17542120911793854,0.17542120911793854,0.5827552031714569,107,10.180376610505451,177,106.8543960475395,1742.3871610738074,0.9144204652485363,0.79
main,v040,LOSO-dep-f1,primary,LOSO,deployed,1,A,Centralized PPO|central_nr_seed1/ppo_multi_site.zip,Centralized PPO,1,L,"June 2026, current reward",7,-15047.628238699986,847.2570528412363,14180.61965345875,1.2515324,18.5,387.594031000374,387.28114790037404,0.557978196233895,0.3250743310208127,0.557978196233895,0.557978196233895,0.956392467789891,66,6.279484638255699,563,48.51536207830772,2769.5291282153376,0.9395867171970841,0.79
main,v040,LOSO-dep-f1,primary,LOSO,deployed,1,A,Centralized PPO|central_nr_seed1/ppo_multi_site.zip,Centralized PPO,1,L,"June 2026, current reward",8,-402.0804564304751,402.0804564304751,0.0,0.0,0.0,207.24888769547053,207.24888769547053,0.0,0.0,0.0,0.0,0.0,0,0.0,0,0.0,0.0,0.0,0.79
main,v040,LOSO-dep-f1,primary,LOSO,deployed,1,A,Centralized PPO|central_nr_seed1/ppo_multi_site.zip,Centralized PPO,1,L,"June 2026, current reward",9,-448.8174718583474,81.0556368840802,367.76183497426723,0.0,0.0,207.60739037379037,207.60739037379037,0.036669970267591674,0.036669970267591674,0.0,0.013875123885034688,0.0,0,0.0,37,1.156237474257852,4.4323206012247525,0.42086760009618995,0.79
main,v040,LOSO-dep-f1,primary,LOSO,deployed,1,A,Centralized PPO|central_nr_seed7/ppo_multi_site.zip,Centralized PPO,7,L,"June 2026, current reward",all,-6965.304260615943,6214.169385115983,748.0323278999601,0.2275476,2.875,2075.563510014057,2075.5066231140568,0.005153617443012884,0.0044598612487611496,0.0013875123885034688,0.0028741328047571855,0.0010901883052527254,12,0.11417244796828543,52,7.051687027460655,308.34426986401934,0.5720727750208101,0.78
main,v040,LOSO-dep-f1,primary,LOSO,deployed,1,A,Centralized PPO|central_nr_seed7/ppo_multi_site.zip,Centralized PPO,7,L,"June 2026, current reward",0,-1320.765738711553,1320.765738711553,0.0,0.0,0.0,206.82026984507507,206.82026984507507,0.0,0.0,0.0,0.0,0.0,0,0.0,0,0.0,0.0,0.0,0.78
main,v040,LOSO-dep-f1,primary,LOSO,deployed,1,A,Centralized PPO|central_nr_seed7/ppo_multi_site.zip,Centralized PPO,7,L,"June 2026, current reward",1,-868.5762654114857,868.5762654114857,0.0,0.0,0.0,207.1313254681582,207.1313254681582,0.0,0.0,0.0,0.0,0.0,0,0.0,0,0.0,0.0,0.0,0.78
main,v040,LOSO-dep-f1,primary,LOSO,deployed,1,A,Centralized PPO|central_nr_seed7/ppo_multi_site.zip,Centralized PPO,7,L,"June 2026, current reward",2,-285.5121521023768,285.5121521023768,0.0,0.0,0.0,207.3428522449135,207.3428522449135,0.0,0.0,0.0,0.0,0.0,0,0.0,0,0.0,0.0,0.0,0.78
main,v040,LOSO-dep-f1,primary,LOSO,deployed,1,A,Centralized PPO|central_nr_seed7/ppo_multi_site.zip,Centralized PPO,7,L,"June 2026, current reward",3,-165.00653143345153,138.00653143345153,27.0,0.0,0.0,207.57497972587112,207.57497972587112,0.0009910802775024777,0.0009910802775024777,0.0,0.0009910802775024777,0.0,0,0.0,1,2.9416993938337894,2.9416993938337894,1.0,0.78
main,v040,LOSO-dep-f1,primary,LOSO,deployed,1,A,Centralized PPO|central_nr_seed7/ppo_multi_site.zip,Centralized PPO,7,L,"June 2026, current reward",4,-1005.7420609717705,956.1500377866319,49.054098585138576,0.0379246,0.5,207.36998259913548,207.36050144913548,0.0019821605550049554,0.0009910802775024777,0.0019821605550049554,0.0019821605550049554,0.0009910802775024777,2,0.19028741328047574,2,0.945398717567148,1.0556608156296767,0.9175683097523096,0.78
main,v040,LOSO-dep-f1,primary,LOSO,deployed,1,A,Centralized PPO|central_nr_seed7/ppo_multi_site.zip,Centralized PPO,7,L,"June 2026, current reward",5,-443.3327039906638,443.3327039906638,0.0,0.0,0.0,207.2424251817793,207.2424251817793,0.0,0.0,0.0,0.0,0.0,0,0.0,0,0.0,0.0,0.0,0.78
main,v040,LOSO-dep-f1,primary,LOSO,deployed,1,A,Centralized PPO|central_nr_seed7/ppo_multi_site.zip,Centralized PPO,7,L,"June 2026, current reward",6,-955.8302067020855,955.8302067020855,0.0,0.0,0.0,206.97753059250036,206.97753059250036,0.0,0.0,0.0,0.0,0.0,0,0.0,0,0.0,0.0,0.0,0.78
main,v040,LOSO-dep-f1,primary,LOSO,deployed,1,A,Centralized PPO|central_nr_seed7/ppo_multi_site.zip,Centralized PPO,7,L,"June 2026, current reward",7,-1069.6406730037338,762.8596556631796,304.2163943405543,0.189623,2.375,210.24786628736302,210.20046053736303,0.011892963330029732,0.005946481665014866,0.011892963330029732,0.011892963330029732,0.009910802775024777,10,0.9514370664023787,12,26.589536837620457,308.34426986401934,0.9450455398348732,0.78
main,v040,LOSO-dep-f1,primary,LOSO,deployed,1,A,Centralized PPO|central_nr_seed7/ppo_multi_site.zip,Centralized PPO,7,L,"June 2026, current reward",8,-402.0804564304751,402.0804564304751,0.0,0.0,0.0,207.24888769547053,207.24888769547053,0.0,0.0,0.0,0.0,0.0,0,0.0,0,0.0,0.0,0.0,0.78
main,v040,LOSO-dep-f1,primary,LOSO,deployed,1,A,Centralized PPO|central_nr_seed7/ppo_multi_site.zip,Centralized PPO,7,L,"June 2026, current reward",9,-448.8174718583474,81.0556368840802,367.76183497426723,0.0,0.0,207.60739037379037,207.60739037379037,0.036669970267591674,0.036669970267591674,0.0,0.013875123885034688,0.0,0,0.0,37,1.156237474257852,4.4323206012247525,0.42086760009618995,0.78
main,v040,LOSO-dep-f1,primary,LOSO,deployed,1,A,Centralized PPO|central_nr_seed13/ppo_multi_site.zip,Centralized PPO,13,L,"June 2026, current reward",all,-7406.102514759317,5699.104721748579,1699.045432010738,1.3273609999999998,6.625,2058.957669404276,2058.6258291542763,0.009217046580773042,0.005550049554013875,0.005450941526263627,0.006937561942517344,0.031714568880079286,69,0.6564915758176413,93,4.3888147267198665,310.49764509228896,0.7048195817717713,0.79
main,v040,LOSO-dep-f1,primary,LOSO,deployed,1,A,Centralized PPO|central_nr_seed13/ppo_multi_site.zip,Centralized PPO,13,L,"June 2026, current reward",0,-1320.765738711553,1320.765738711553,0.0,0.0,0.0,206.82026984507507,206.82026984507507,0.0,0.0,0.0,0.0,0.0,0,0.0,0,0.0,0.0,0.0,0.79
main,v040,LOSO-dep-f1,primary,LOSO,deployed,1,A,Centralized PPO|central_nr_seed13/ppo_multi_site.zip,Centralized PPO,13,L,"June 2026, current reward",1,-1084.6368313121347,486.8944184481903,594.7114684639444,0.5309444000000001,2.5,197.47141051506821,197.33867441506823,0.02576808721506442,0.006937561942517344,0.02576808721506442,0.02576808721506442,0.17542120911793854,27,2.5688800792864224,26,0.9168185109271434,1.4705057984678933,0.8624506005948004,0.79
main,v040,LOSO-dep-f1,primary,LOSO,deployed,1,A,Centralized PPO|central_nr_seed13/ppo_multi_site.zip,Centralized PPO,13,L,"June 2026, current reward",2,-285.5121521023768,285.5121521023768,0.0,0.0,0.0,207.3428522449135,207.3428522449135,0.0,0.0,0.0,0.0,0.0,0,0.0,0,0.0,0.0,0.0,0.79
main,v040,LOSO-dep-f1,primary,LOSO,deployed,1,A,Centralized PPO|central_nr_seed13/ppo_multi_site.zip,Centralized PPO,13,L,"June 2026, current reward",3,-165.00653143345153,138.00653143345153,27.0,0.0,0.0,207.57497972587112,207.57497972587112,0.0009910802775024777,0.0009910802775024777,0.0,0.0009910802775024777,0.0,0,0.0,1,2.9416993938337894,2.9416993938337894,1.0,0.79
main,v040,LOSO-dep-f1,primary,LOSO,deployed,1,A,Centralized PPO|central_nr_seed13/ppo_multi_site.zip,Centralized PPO,13,L,"June 2026, current reward",4,-1302.1155292285466,960.5316185519902,339.1934384765564,0.26547220000000005,2.125,209.91063874790527,209.84427069790527,0.013875123885034688,0.004955401387512388,0.013875123885034688,0.013875123885034688,0.018830525272547076,14,1.33201189296333,14,0.9730171623374181,1.4705057984678933,0.9076034249441819,0.79
main,v040,LOSO-dep-f1,primary,LOSO,deployed,1,A,Centralized PPO|central_nr_seed13/ppo_multi_site.zip,Centralized PPO,13,L,"June 2026, current reward",5,-443.3327039906638,443.3327039906638,0.0,0.0,0.0,207.2424251817793,207.2424251817793,0.0,0.0,0.0,0.0,0.0,0,0.0,0,0.0,0.0,0.0,0.79
main,v040,LOSO-dep-f1,primary,LOSO,deployed,1,A,Centralized PPO|central_nr_seed13/ppo_multi_site.zip,Centralized PPO,13,L,"June 2026, current reward",6,-1010.9738509298692,956.4359263298692,54.0,0.0379246,0.5,207.59981859940032,207.59033744940032,0.0019821605550049554,0.0009910802775024777,0.0019821605550049554,0.0019821605550049554,0.0009910802775024777,2,0.19028741328047574,2,155.98407544537844,310.49764509228896,1.0,0.79
main,v040,LOSO-dep-f1,primary,LOSO,deployed,1,A,Centralized PPO|central_nr_seed13/ppo_multi_site.zip,Centralized PPO,13,L,"June 2026, current reward",7,-942.8612487618993,624.4895388659293,316.37869009597006,0.4930198,1.5,200.13899647500253,200.01574152500254,0.01288404360753221,0.004955401387512388,0.01288404360753221,0.01288404360753221,0.12190287413280476,26,2.4737363726461843,13,1.0007393227682173,1.4705057984678933,0.9112274105024871,0.79
main,v040,LOSO-dep-f1,primary,LOSO,deployed,1,A,Centralized PPO|central_nr_seed13/ppo_multi_site.zip,Centralized PPO,13,L,"June 2026, current reward",8,-402.0804564304751,402.0804564304751,0.0,0.0,0.0,207.24888769547053,207.24888769547053,0.0,0.0,0.0,0.0,0.0,0,0.0,0,0.0,0.0,0.0,0.79
main,v040,LOSO-dep-f1,primary,LOSO,deployed,1,A,Centralized PPO|central_nr_seed13/ppo_multi_site.zip,Centralized PPO,13,L,"June 2026, current reward",9,-448.8174718583474,81.0556368840802,367.76183497426723,0.0,0.0,207.60739037379037,207.60739037379037,0.036669970267591674,0.036669970267591674,0.0,0.013875123885034688,0.0,0,0.0,37,1.156237474257852,4.4323206012247525,0.42086760009618995,0.79
main,v040,LOSO-dep-f1,primary,LOSO,deployed,1,A,Centralized PPO|central_nr_seed42/ppo_multi_site.zip,Centralized PPO,42,L,"June 2026, current reward",all,-11215.184937685017,5744.359813995008,5470.825103090009,2.06e-05,0.0,2097.2879130858173,2097.287907935817,0.02547076313181368,0.009415262636273538,0.021704658077304262,0.02319127849355798,0.1,0,0.0,257,20.48391837175865,1742.3871610738074,0.8080708565787953,0.79
main,v040,LOSO-dep-f1,primary,LOSO,deployed,1,A,Centralized PPO|central_nr_seed42/ppo_multi_site.zip,Centralized PPO,42,L,"June 2026, current reward",0,-5932.744801444291,856.6815127285482,5076.063268115742,2.06e-05,0.0,232.104923622918,232.104918472918,0.21704658077304262,0.05649157581764123,0.21704658077304262,0.21704658077304262,1.0,0,0.0,219,23.829427103199084,1742.3871610738074,0.8726123695762162,0.79
main,v040,LOSO-dep-f1,primary,LOSO,deployed,1,A,Centralized PPO|central_nr_seed42/ppo_multi_site.zip,Centralized PPO,42,L,"June 2026, current reward",1,-868.5762654114857,868.5762654114857,0.0,0.0,0.0,207.1313254681582,207.1313254681582,0.0,0.0,0.0,0.0,0.0,0,0.0,0,0.0,0.0,0.0,0.79
main,v040,LOSO-dep-f1,primary,LOSO,deployed,1,A,Centralized PPO|central_nr_seed42/ppo_multi_site.zip,Centralized PPO,42,L,"June 2026, current reward",2,-285.5121521023768,285.5121521023768,0.0,0.0,0.0,207.3428522449135,207.3428522449135,0.0,0.0,0.0,0.0,0.0,0,0.0,0,0.0,0.0,0.0,0.79
main,v040,LOSO-dep-f1,primary,LOSO,deployed,1,A,Centralized PPO|central_nr_seed42/ppo_multi_site.zip,Centralized PPO,42,L,"June 2026, current reward",3,-165.00653143345153,138.00653143345153,27.0,0.0,0.0,207.57497972587112,207.57497972587112,0.0009910802775024777,0.0009910802775024777,0.0,0.0009910802775024777,0.0,0,0.0,1,2.9416993938337894,2.9416993938337894,1.0,0.79
main,v040,LOSO-dep-f1,primary,LOSO,deployed,1,A,Centralized PPO|central_nr_seed42/ppo_multi_site.zip,Centralized PPO,42,L,"June 2026, current reward",4,-955.6010042074747,955.6010042074747,0.0,0.0,0.0,207.0274623425555,207.0274623425555,0.0,0.0,0.0,0.0,0.0,0,0.0,0,0.0,0.0,0.0,0.79
main,v040,LOSO-dep-f1,primary,LOSO,deployed,1,A,Centralized PPO|central_nr_seed42/ppo_multi_site.zip,Centralized PPO,42,L,"June 2026, current reward",5,-443.3327039906638,443.3327039906638,0.0,0.0,0.0,207.2424251817793,207.2424251817793,0.0,0.0,0.0,0.0,0.0,0,0.0,0,0.0,0.0,0.0,0.79
main,v040,LOSO-dep-f1,primary,LOSO,deployed,1,A,Centralized PPO|central_nr_seed42/ppo_multi_site.zip,Centralized PPO,42,L,"June 2026, current reward",6,-955.8302067020855,955.8302067020855,0.0,0.0,0.0,206.97753059250036,206.97753059250036,0.0,0.0,0.0,0.0,0.0,0,0.0,0,0.0,0.0,0.0,0.79
main,v040,LOSO-dep-f1,primary,LOSO,deployed,1,A,Centralized PPO|central_nr_seed42/ppo_multi_site.zip,Centralized PPO,42,L,"June 2026, current reward",7,-757.6833441043664,757.6833441043664,0.0,0.0,0.0,207.0301358378607,207.0301358378607,0.0,0.0,0.0,0.0,0.0,0,0.0,0,0.0,0.0,0.0,0.79
main,v040,LOSO-dep-f1,primary,LOSO,deployed,1,A,Centralized PPO|central_nr_seed42/ppo_multi_site.zip,Centralized PPO,42,L,"June 2026, current reward",8,-402.0804564304751,402.0804564304751,0.0,0.0,0.0,207.24888769547053,207.24888769547053,0.0,0.0,0.0,0.0,0.0,0,0.0,0,0.0,0.0,0.0,0.79
main,v040,LOSO-dep-f1,primary,LOSO,deployed,1,A,Centralized PPO|central_nr_seed42/ppo_multi_site.zip,Centralized PPO,42,L,"June 2026, current reward",9,-448.8174718583474,81.0556368840802,367.76183497426723,0.0,0.0,207.60739037379037,207.60739037379037,0.036669970267591674,0.036669970267591674,0.0,0.013875123885034688,0.0,0,0.0,37,1.156237474257852,4.4323206012247525,0.42086760009618995,0.79
main,v040,LOSO-dep-f1,primary,LOSO,deployed,1,A,Centralized PPO|central_nr_seed23/ppo_multi_site.zip,Centralized PPO,23,L,"Aug 2026, current reward",all,-28340.128408865672,5068.476111074363,23177.598301591308,7.0539962,87.0,2274.280575938321,2272.517076888321,0.09623389494549059,0.04420218037661051,0.09246778989098117,0.09395441030723489,0.2669970267591675,368,3.501288404360753,971,101.50608097104796,2769.5291282153376,0.8952625987890083,0.84
main,v040,LOSO-dep-f1,primary,LOSO,deployed,1,A,Centralized PPO|central_nr_seed23/ppo_multi_site.zip,Centralized PPO,23,L,"Aug 2026, current reward",0,-5955.158253128514,843.7324336127724,5076.063268115742,2.2375514,33.125,224.32849216321932,223.76910431321932,0.21704658077304262,0.04558969276511397,0.21704658077304262,0.21704658077304262,0.9415262636273538,117,11.13181367690783,219,23.829427103199084,1742.3871610738074,0.8726123695762162,0.84
main,v040,LOSO-dep-f1,primary,LOSO,deployed,1,A,Centralized PPO|central_nr_seed23/ppo_multi_site.zip,Centralized PPO,23,L,"Aug 2026, current reward",1,-743.2324527354816,597.7730385949274,142.2163943405543,0.4930198,2.75,200.29090765591803,200.16765270591802,0.005946481665014866,0.0009910802775024777,0.005946481665014866,0.005946481665014866,0.07333994053518335,25,2.3785926660059467,6,0.9454873956717996,1.2767170803826429,0.8900910796697462,0.84
main,v040,LOSO-dep-f1,primary,LOSO,deployed,1,A,Centralized PPO|central_nr_seed23/ppo_multi_site.zip,Centralized PPO,23,L,"Aug 2026, current reward",2,-285.5121521023768,285.5121521023768,0.0,0.0,0.0,207.3428522449135,207.3428522449135,0.0,0.0,0.0,0.0,0.0,0,0.0,0,0.0,0.0,0.0,0.84
main,v040,LOSO-dep-f1,primary,LOSO,deployed,1,A,Centralized PPO|central_nr_seed23/ppo_multi_site.zip,Centralized PPO,23,L,"Aug 2026, current reward",3,-165.00653143345153,138.00653143345153,27.0,0.0,0.0,207.57497972587112,207.57497972587112,0.0009910802775024777,0.0009910802775024777,0.0,0.0009910802775024777,0.0,0,0.0,1,2.9416993938337894,2.9416993938337894,1.0,0.84
main,v040,LOSO-dep-f1,primary,LOSO,deployed,1,A,Centralized PPO|central_nr_seed23/ppo_multi_site.zip,Centralized PPO,23,L,"Aug 2026, current reward",4,-1121.5971571238251,609.4725318575779,495.4868872662472,1.1377380000000001,15.5,194.56139528878572,194.27696078878571,0.019821605550049554,0.005946481665014866,0.019821605550049554,0.019821605550049554,0.17542120911793854,59,5.613478691774034,20,0.9979094256572223,1.4705057984678933,0.9258114787770788,0.84
main,v040,LOSO-dep-f1,primary,LOSO,deployed,1,A,Centralized PPO|central_nr_seed23/ppo_multi_site.zip,Centralized PPO,23,L,"Aug 2026, current reward",5,-1559.4423073556516,373.69437030201635,1183.004917253635,0.49301980000000006,2.25,210.80694718180632,210.68369223180633,0.04757185332011893,0.01684836471754212,0.04757185332011893,0.04757185332011893,0.155599603567889,25,2.3785926660059467,48,31.945930742004602,1487.4238014039174,0.9215311925372466,0.84
main,v040,LOSO-dep-f1,primary,LOSO,deployed,1,A,Centralized PPO|central_nr_seed23/ppo_multi_site.zip,Centralized PPO,23,L,"Aug 2026, current reward",6,-12705.534818760974,1118.907107717489,11572.766650843485,0.9860602,12.875,378.6638800655418,378.4173650155418,0.4568880079286422,0.2755203171456888,0.4568880079286422,0.4568880079286422,0.821605550049554,53,5.042616451932607,461,181.17161448623318,2769.5291282153376,0.9367871764890445,0.84
main,v040,LOSO-dep-f1,primary,LOSO,deployed,1,A,Centralized PPO|central_nr_seed23/ppo_multi_site.zip,Centralized PPO,23,L,"Aug 2026, current reward",7,-4953.746807936573,618.2418521391966,4313.298348797376,1.706607,20.5,235.85484354300434,235.42819179300432,0.1774033696729435,0.05946481665014866,0.1774033696729435,0.1774033696729435,0.5024777006937562,89,8.46778989098117,179,45.91557281948995,2769.5291282153376,0.9032212940032357,0.84
main,v040,LOSO-dep-f1,primary,LOSO,deployed,1,A,Centralized PPO|central_nr_seed23/ppo_multi_site.zip,Centralized PPO,23,L,"Aug 2026, current reward",8,-402.0804564304751,402.0804564304751,0.0,0.0,0.0,207.24888769547053,207.24888769547053,0.0,0.0,0.0,0.0,0.0,0,0.0,0,0.0,0.0,0.0,0.84
main,v040,LOSO-dep-f1,primary,LOSO,deployed,1,A,Centralized PPO|central_nr_seed23/ppo_multi_site.zip,Centralized PPO,23,L,"Aug 2026, current reward",9,-448.8174718583474,81.0556368840802,367.76183497426723,0.0,0.0,207.60739037379037,207.60739037379037,0.036669970267591674,0.036669970267591674,0.0,0.013875123885034688,0.0,0,0.0,37,1.156237474257852,4.4323206012247525,0.42086760009618995,0.84
main,v040,LOSO-dep-f1,primary,LOSO,deployed,1,A,Centralized PPO|central_nr_seed64/ppo_multi_site.zip,Centralized PPO,64,L,"Aug 2026, current reward",all,-24978.140606980043,5547.270223975188,19355.216862804857,4.778520200000001,70.875,2262.0309423013805,2260.836312251381,0.0800792864222002,0.0402378592666006,0.07631318136769079,0.0777998017839445,0.18493557978196234,251,2.3881070366699704,808,81.0475998033263,3559.6907905514868,0.8980040455419704,0.76
main,v040,LOSO-dep-f1,primary,LOSO,deployed,1,A,Centralized PPO|central_nr_seed64/ppo_multi_site.zip,Centralized PPO,64,L,"Aug 2026, current reward",0,-5932.744801444291,856.6815127285482,5076.063268115742,2.06e-05,0.0,232.104923622918,232.104918472918,0.21704658077304262,0.05649157581764123,0.21704658077304262,0.21704658077304262,1.0,0,0.0,219,23.829427103199084,1742.3871610738074,0.8726123695762162,0.76
main,v040,LOSO-dep-f1,primary,LOSO,deployed,1,A,Centralized PPO|central_nr_seed64/ppo_multi_site.zip,Centralized PPO,64,L,"Aug 2026, current reward",1,-4058.0899804565083,506.18615865787393,3528.837686998634,1.4411348,21.625,227.64148680662595,227.28120310662595,0.14370664023785926,0.05252725470763132,0.14370664023785926,0.14370664023785926,0.37661050545094155,75,7.13577799801784,145,24.29480790291506,310.49764509228896,0.9112270544824449,0.76
main,v040,LOSO-dep-f1,primary,LOSO,deployed,1,A,Centralized PPO|central_nr_seed64/ppo_multi_site.zip,Centralized PPO,64,L,"Aug 2026, current reward",2,-285.5121521023768,285.5121521023768,0.0,0.0,0.0,207.3428522449135,207.3428522449135,0.0,0.0,0.0,0.0,0.0,0,0.0,0,0.0,0.0,0.0,0.76
main,v040,LOSO-dep-f1,primary,LOSO,deployed,1,A,Centralized PPO|central_nr_seed64/ppo_multi_site.zip,Centralized PPO,64,L,"Aug 2026, current reward",3,-165.00653143345153,138.00653143345153,27.0,0.0,0.0,207.57497972587112,207.57497972587112,0.0009910802775024777,0.0009910802775024777,0.0,0.0009910802775024777,0.0,0,0.0,1,2.9416993938337894,2.9416993938337894,1.0,0.76
main,v040,LOSO-dep-f1,primary,LOSO,deployed,1,A,Centralized PPO|central_nr_seed64/ppo_multi_site.zip,Centralized PPO,64,L,"Aug 2026, current reward",4,-11529.042958457481,1120.9015209412667,10355.554072716213,3.3373648,49.25,351.26033021965077,350.42598901965073,0.40237859266600595,0.2556987115956392,0.40237859266600595,0.40237859266600595,0.47274529236868185,176,16.745292368681863,406,139.6535627429138,3559.6907905514868,0.9502096939832687,0.76
main,v040,LOSO-dep-f1,primary,LOSO,deployed,1,A,Centralized PPO|central_nr_seed64/ppo_multi_site.zip,Centralized PPO,64,L,"Aug 2026, current reward",5,-443.3327039906638,443.3327039906638,0.0,0.0,0.0,207.2424251817793,207.2424251817793,0.0,0.0,0.0,0.0,0.0,0,0.0,0,0.0,0.0,0.0,0.76
main,v040,LOSO-dep-f1,primary,LOSO,deployed,1,A,Centralized PPO|central_nr_seed64/ppo_multi_site.zip,Centralized PPO,64,L,"Aug 2026, current reward",6,-955.8302067020855,955.8302067020855,0.0,0.0,0.0,206.97753059250036,206.97753059250036,0.0,0.0,0.0,0.0,0.0,0,0.0,0,0.0,0.0,0.0,0.76
main,v040,LOSO-dep-f1,primary,LOSO,deployed,1,A,Centralized PPO|central_nr_seed64/ppo_multi_site.zip,Centralized PPO,64,L,"Aug 2026, current reward",7,-757.6833441043664,757.6833441043664,0.0,0.0,0.0,207.0301358378607,207.0301358378607,0.0,0.0,0.0,0.0,0.0,0,0.0,0,0.0,0.0,0.0,0.76
main,v040,LOSO-dep-f1,primary,LOSO,deployed,1,A,Centralized PPO|central_nr_seed64/ppo_multi_site.zip,Centralized PPO,64,L,"Aug 2026, current reward",8,-402.0804564304751,402.0804564304751,0.0,0.0,0.0,207.24888769547053,207.24888769547053,0.0,0.0,0.0,0.0,0.0,0,0.0,0,0.0,0.0,0.0,0.76
main,v040,LOSO-dep-f1,primary,LOSO,deployed,1,A,Centralized PPO|central_nr_seed64/ppo_multi_site.zip,Centralized PPO,64,L,"Aug 2026, current reward",9,-448.8174718583474,81.0556368840802,367.76183497426723,0.0,0.0,207.60739037379037,207.60739037379037,0.036669970267591674,0.036669970267591674,0.0,0.013875123885034688,0.0,0,0.0,37,1.156237474257852,4.4323206012247525,0.42086760009618995,0.76
main,v040,LOSO-dep-f1,primary,LOSO,deployed,1,A,Centralized PPO|central_nr_seed77/ppo_multi_site.zip,Centralized PPO,77,L,"Aug 2026, current reward",all,-24142.9587646704,5169.631696546754,18953.161099323643,2.5409688,17.625,2230.5903233345466,2229.955081134546,0.07938553022794846,0.03746283448959366,0.07561942517343904,0.07710604558969276,0.21070366699702675,132,1.2558969276511398,801,42.542943718036085,1742.3871610738074,0.8882464544509423,0.76
main,v040,LOSO-dep-f1,primary,LOSO,deployed,1,A,Centralized PPO|central_nr_seed77/ppo_multi_site.zip,Centralized PPO,77,L,"Aug 2026, current reward",0,-5932.744801444291,856.6815127285482,5076.063268115742,2.06e-05,0.0,232.104923622918,232.104918472918,0.21704658077304262,0.05649157581764123,0.21704658077304262,0.21704658077304262,1.0,0,0.0,219,23.829427103199084,1742.3871610738074,0.8726123695762162,0.76
main,v040,LOSO-dep-f1,primary,LOSO,deployed,1,A,Centralized PPO|central_nr_seed77/ppo_multi_site.zip,Centralized PPO,77,L,"Aug 2026, current reward",1,-1994.387086605028,485.2964756131414,1505.4458927918863,0.6447182,3.0,207.40722073045922,207.2460411804592,0.062438057482656094,0.023785926660059464,0.062438057482656094,0.062438057482656094,0.2566897918731417,33,3.1397423191278495,63,20.449132668162978,308.34426986401934,0.8965322184084054,0.76
main,v040,LOSO-dep-f1,primary,LOSO,deployed,1,A,Centralized PPO|central_nr_seed77/ppo_multi_site.zip,Centralized PPO,77,L,"Aug 2026, current reward",2,-285.5121521023768,285.5121521023768,0.0,0.0,0.0,207.3428522449135,207.3428522449135,0.0,0.0,0.0,0.0,0.0,0,0.0,0,0.0,0.0,0.0,0.76
main,v040,LOSO-dep-f1,primary,LOSO,deployed,1,A,Centralized PPO|central_nr_seed77/ppo_multi_site.zip,Centralized PPO,77,L,"Aug 2026, current reward",3,-165.00653143345153,138.00653143345153,27.0,0.0,0.0,207.57497972587112,207.57497972587112,0.0009910802775024777,0.0009910802775024777,0.0,0.0009910802775024777,0.0,0,0.0,1,2.9416993938337894,2.9416993938337894,1.0,0.76
main,v040,LOSO-dep-f1,primary,LOSO,deployed,1,A,Centralized PPO|central_nr_seed77/ppo_multi_site.zip,Centralized PPO,77,L,"Aug 2026, current reward",4,-11477.561976474597,746.4632555265182,10724.286832148078,1.0618888,5.75,326.19079152563194,325.92531932563196,0.4271555996035679,0.2348860257680872,0.4271555996035679,0.4271555996035679,0.8017839444995044,55,5.232903865213083,431,42.76580713631361,1742.3871610738074,0.9294112012488847,0.76
main,v040,LOSO-dep-f1,primary,LOSO,deployed,1,A,Centralized PPO|central_nr_seed77/ppo_multi_site.zip,Centralized PPO,77,L,"Aug 2026, current reward",5,-443.3327039906638,443.3327039906638,0.0,0.0,0.0,207.2424251817793,207.2424251817793,0.0,0.0,0.0,0.0,0.0,0,0.0,0,0.0,0.0,0.0,0.76
main,v040,LOSO-dep-f1,primary,LOSO,deployed,1,A,Centralized PPO|central_nr_seed77/ppo_multi_site.zip,Centralized PPO,77,L,"Aug 2026, current reward",6,-2235.8322402267995,973.5196277331322,1252.6032712936671,0.8343412,8.875,220.84071639585196,220.63213109585197,0.049554013875123884,0.02180376610505451,0.049554013875123884,0.049554013875123884,0.048562933597621406,44,4.186323092170466,50,181.84345325518993,1742.3871610738074,0.9350688475291115,0.76
main,v040,LOSO-dep-f1,primary,LOSO,deployed,1,A,Centralized PPO|central_nr_seed77/ppo_multi_site.zip,Centralized PPO,77,L,"Aug 2026, current reward",7,-757.6833441043664,757.6833441043664,0.0,0.0,0.0,207.0301358378607,207.0301358378607,0.0,0.0,0.0,0.0,0.0,0,0.0,0,0.0,0.0,0.0,0.76
main,v040,LOSO-dep-f1,primary,LOSO,deployed,1,A,Centralized PPO|central_nr_seed77/ppo_multi_site.zip,Centralized PPO,77,L,"Aug 2026, current reward",8,-402.0804564304751,402.0804564304751,0.0,0.0,0.0,207.24888769547053,207.24888769547053,0.0,0.0,0.0,0.0,0.0,0,0.0,0,0.0,0.0,0.0,0.76
main,v040,LOSO-dep-f1,primary,LOSO,deployed,1,A,Centralized PPO|central_nr_seed77/ppo_multi_site.zip,Centralized PPO,77,L,"Aug 2026, current reward",9,-448.8174718583474,81.0556368840802,367.76183497426723,0.0,0.0,207.60739037379037,207.60739037379037,0.036669970267591674,0.036669970267591674,0.0,0.013875123885034688,0.0,0,0.0,37,1.156237474257852,4.4323206012247525,0.42086760009618995,0.76
main,v040,LOSO-dep-f1,primary,LOSO,deployed,1,A,Centralized PPO|ppo_multi_site_seed42_20260515T234034/ppo_multi_site.zip,Centralized PPO,42,L,"May 2026, pre-781c90c reward",all,-16049.58347000548,5620.486411176283,10410.879184429199,1.5928744,16.625,2148.766169337987,2148.3679507379866,0.04509415262636274,0.019722497522299307,0.04132804757185332,0.042814667988107034,0.14737363726461844,84,0.7992071357779981,455,91.68354483262948,2420.0809955781856,0.8618520428982931,0.76
main,v040,LOSO-dep-f1,primary,LOSO,deployed,1,A,Centralized PPO|ppo_multi_site_seed42_20260515T234034/ppo_multi_site.zip,Centralized PPO,42,L,"May 2026, pre-781c90c reward",0,-5932.744801444291,856.6815127285482,5076.063268115742,2.06e-05,0.0,232.104923622918,232.104918472918,0.21704658077304262,0.05649157581764123,0.21704658077304262,0.21704658077304262,1.0,0,0.0,219,23.829427103199084,1742.3871610738074,0.8726123695762162,0.76
main,v040,LOSO-dep-f1,primary,LOSO,deployed,1,A,Centralized PPO|ppo_multi_site_seed42_20260515T234034/ppo_multi_site.zip,Centralized PPO,42,L,"May 2026, pre-781c90c reward",1,-868.5762654114857,868.5762654114857,0.0,0.0,0.0,207.1313254681582,207.1313254681582,0.0,0.0,0.0,0.0,0.0,0,0.0,0,0.0,0.0,0.0,0.76
main,v040,LOSO-dep-f1,primary,LOSO,deployed,1,A,Centralized PPO|ppo_multi_site_seed42_20260515T234034/ppo_multi_site.zip,Centralized PPO,42,L,"May 2026, pre-781c90c reward",2,-285.5121521023768,285.5121521023768,0.0,0.0,0.0,207.3428522449135,207.3428522449135,0.0,0.0,0.0,0.0,0.0,0,0.0,0,0.0,0.0,0.0,0.76
main,v040,LOSO-dep-f1,primary,LOSO,deployed,1,A,Centralized PPO|ppo_multi_site_seed42_20260515T234034/ppo_multi_site.zip,Centralized PPO,42,L,"May 2026, pre-781c90c reward",3,-165.00653143345153,138.00653143345153,27.0,0.0,0.0,207.57497972587112,207.57497972587112,0.0009910802775024777,0.0009910802775024777,0.0,0.0009910802775024777,0.0,0,0.0,1,2.9416993938337894,2.9416993938337894,1.0,0.76
main,v040,LOSO-dep-f1,primary,LOSO,deployed,1,A,Centralized PPO|ppo_multi_site_seed42_20260515T234034/ppo_multi_site.zip,Centralized PPO,42,L,"May 2026, pre-781c90c reward",4,-3455.3920591613237,999.6521105442127,2452.409832817111,0.4551158,2.875,248.5581417626252,248.44436281262523,0.09217046580773043,0.07234886025768088,0.09217046580773043,0.09217046580773043,0.08424182358771061,25,2.3785926660059467,93,372.1483442584576,2420.0809955781856,0.9789999400778174,0.76
main,v040,LOSO-dep-f1,primary,LOSO,deployed,1,A,Centralized PPO|ppo_multi_site_seed42_20260515T234034/ppo_multi_site.zip,Centralized PPO,42,L,"May 2026, pre-781c90c reward",5,-443.3327039906638,443.3327039906638,0.0,0.0,0.0,207.2424251817793,207.2424251817793,0.0,0.0,0.0,0.0,0.0,0,0.0,0,0.0,0.0,0.0,0.76
main,v040,LOSO-dep-f1,primary,LOSO,deployed,1,A,Centralized PPO|ppo_multi_site_seed42_20260515T234034/ppo_multi_site.zip,Centralized PPO,42,L,"May 2026, pre-781c90c reward",6,-955.8302067020855,955.8302067020855,0.0,0.0,0.0,206.97753059250036,206.97753059250036,0.0,0.0,0.0,0.0,0.0,0,0.0,0,0.0,0.0,0.0,0.76
main,v040,LOSO-dep-f1,primary,LOSO,deployed,1,A,Centralized PPO|ppo_multi_site_seed42_20260515T234034/ppo_multi_site.zip,Centralized PPO,42,L,"May 2026, pre-781c90c reward",7,-3092.2908214709805,589.7588349489023,2487.6442485220778,1.137738,13.75,216.97771266996006,216.69327816996002,0.10406342913776016,0.030723488602576808,0.10406342913776016,0.10406342913776016,0.38949454905847375,59,5.613478691774034,105,17.5414272501705,1742.3871610738074,0.8897283328641516,0.76
main,v040,LOSO-dep-f1,primary,LOSO,deployed,1,A,Centralized PPO|ppo_multi_site_seed42_20260515T234034/ppo_multi_site.zip,Centralized PPO,42,L,"May 2026, pre-781c90c reward",8,-402.0804564304751,402.0804564304751,0.0,0.0,0.0,207.24888769547053,207.24888769547053,0.0,0.0,0.0,0.0,0.0,0,0.0,0,0.0,0.0,0.0,0.76
main,v040,LOSO-dep-f1,primary,LOSO,deployed,1,A,Centralized PPO|ppo_multi_site_seed42_20260515T234034/ppo_multi_site.zip,Centralized PPO,42,L,"May 2026, pre-781c90c reward",9,-448.8174718583474,81.0556368840802,367.76183497426723,0.0,0.0,207.60739037379037,207.60739037379037,0.036669970267591674,0.036669970267591674,0.0,0.013875123885034688,0.0,0,0.0,37,1.156237474257852,4.4323206012247525,0.42086760009618995,0.76
main,v040,LOSO-dep-f1,primary,LOSO,deployed,1,A,Centralized PPO|ppo_multi_site_seed7_20260516T092256/ppo_multi_site.zip,Centralized PPO,7,L,"May 2026, pre-781c90c reward",all,-7131.204179329925,6085.376692519134,1042.3569194107918,0.7205674,2.75,2071.8816111818023,2071.701469331802,0.006342913776015857,0.004360753221010902,0.002576808721506442,0.004063429137760159,0.009217046580773042,36,0.34251734390485633,64,70.13830359599733,1487.4238014039174,0.6368531877829664,0.76
main,v040,LOSO-dep-f1,primary,LOSO,deployed,1,A,Centralized PPO|ppo_multi_site_seed7_20260516T092256/ppo_multi_site.zip,Centralized PPO,7,L,"May 2026, pre-781c90c reward",0,-1320.765738711553,1320.765738711553,0.0,0.0,0.0,206.82026984507507,206.82026984507507,0.0,0.0,0.0,0.0,0.0,0,0.0,0,0.0,0.0,0.0,0.76
main,v040,LOSO-dep-f1,primary,LOSO,deployed,1,A,Centralized PPO|ppo_multi_site_seed7_20260516T092256/ppo_multi_site.zip,Centralized PPO,7,L,"May 2026, pre-781c90c reward",1,-854.052328688404,776.8577579032656,76.05409858513858,0.2654722,0.875,204.83341209926525,204.76704404926525,0.002973240832507433,0.0009910802775024777,0.002973240832507433,0.002973240832507433,0.02973240832507433,14,1.33201189296333,3,1.0558381718389798,1.2767170803826429,0.9450455398348732,0.76
main,v040,LOSO-dep-f1,primary,LOSO,deployed,1,A,Centralized PPO|ppo_multi_site_seed7_20260516T092256/ppo_multi_site.zip,Centralized PPO,7,L,"May 2026, pre-781c90c reward",2,-285.5121521023768,285.5121521023768,0.0,0.0,0.0,207.3428522449135,207.3428522449135,0.0,0.0,0.0,0.0,0.0,0,0.0,0,0.0,0.0,0.0,0.76
main,v040,LOSO-dep-f1,primary,LOSO,deployed,1,A,Centralized PPO|ppo_multi_site_seed7_20260516T092256/ppo_multi_site.zip,Centralized PPO,7,L,"May 2026, pre-781c90c reward",3,-165.00653143345153,138.00653143345153,27.0,0.0,0.0,207.57497972587112,207.57497972587112,0.0009910802775024777,0.0009910802775024777,0.0,0.0009910802775024777,0.0,0,0.0,1,2.9416993938337894,2.9416993938337894,1.0,0.76
main,v040,LOSO-dep-f1,primary,LOSO,deployed,1,A,Centralized PPO|ppo_multi_site_seed7_20260516T092256/ppo_multi_site.zip,Centralized PPO,7,L,"May 2026, pre-781c90c reward",4,-955.6010042074747,955.6010042074747,0.0,0.0,0.0,207.0274623425555,207.0274623425555,0.0,0.0,0.0,0.0,0.0,0,0.0,0,0.0,0.0,0.0,0.76
main,v040,LOSO-dep-f1,primary,LOSO,deployed,1,A,Centralized PPO|ppo_multi_site_seed7_20260516T092256/ppo_multi_site.zip,Centralized PPO,7,L,"May 2026, pre-781c90c reward",5,-875.744376477868,410.8241446264822,463.5409858513858,0.379246,1.0,207.8609850519253,207.7661735519253,0.018830525272547076,0.002973240832507433,0.018830525272547076,0.018830525272547076,0.05946481665014866,19,1.8077304261645195,19,1.0050972886435754,1.4705057984678933,0.9132297997392733,0.76
main,v040,LOSO-dep-f1,primary,LOSO,deployed,1,A,Centralized PPO|ppo_multi_site_seed7_20260516T092256/ppo_multi_site.zip,Centralized PPO,7,L,"May 2026, pre-781c90c reward",6,-955.8302067020855,955.8302067020855,0.0,0.0,0.0,206.97753059250036,206.97753059250036,0.0,0.0,0.0,0.0,0.0,0,0.0,0,0.0,0.0,0.0,0.76
main,v040,LOSO-dep-f1,primary,LOSO,deployed,1,A,Centralized PPO|ppo_multi_site_seed7_20260516T092256/ppo_multi_site.zip,Centralized PPO,7,L,"May 2026, pre-781c90c reward",7,-785.6327983566157,758.0948737566157,27.0,0.0379246,0.5,207.26289795293715,207.25341680293715,0.0009910802775024777,0.0,0.0009910802775024777,0.0009910802775024777,0.0009910802775024777,1,0.09514370664023787,1,1.0556608156296767,1.0556608156296767,1.0,0.76
main,v040,LOSO-dep-f1,primary,LOSO,deployed,1,A,Centralized PPO|ppo_multi_site_seed7_20260516T092256/ppo_multi_site.zip,Centralized PPO,7,L,"May 2026, pre-781c90c reward",8,-484.24157079174825,402.82864619174825,81.0,0.0379246,0.375,208.57383095296854,208.56434980296854,0.002973240832507433,0.0019821605550049554,0.002973240832507433,0.002973240832507433,0.0019821605550049554,2,0.19028741328047574,3,1473.269640129027,1487.4238014039174,1.0,0.76
main,v040,LOSO-dep-f1,primary,LOSO,deployed,1,A,Centralized PPO|ppo_multi_site_seed7_20260516T092256/ppo_multi_site.zip,Centralized PPO,7,L,"May 2026, pre-781c90c reward",9,-448.8174718583474,81.0556368840802,367.76183497426723,0.0,0.0,207.60739037379037,207.60739037379037,0.036669970267591674,0.036669970267591674,0.0,0.013875123885034688,0.0,0,0.0,37,1.156237474257852,4.4323206012247525,0.42086760009618995,0.76
main,v040,LOSO-dep-f1,primary,LOSO,deployed,1,A,Centralized PPO|ppo_multi_site_seed13_20260516T092257/ppo_multi_site.zip,Centralized PPO,13,L,"May 2026, pre-781c90c reward",all,-17889.18297061637,5687.155006722009,12190.033411694363,1.7445522000000002,10.25,2204.342490705759,2203.9063526557584,0.04995044598612488,0.03181367690782953,0.04618434093161546,0.047670961347869176,0.11070366699702676,92,0.8753221010901883,504,141.43169687337453,2769.5291282153376,0.9054520246578616,0.76
main,v040,LOSO-dep-f1,primary,LOSO,deployed,1,A,Centralized PPO|ppo_multi_site_seed13_20260516T092257/ppo_multi_site.zip,Centralized PPO,13,L,"May 2026, pre-781c90c reward",0,-1320.765738711553,1320.765738711553,0.0,0.0,0.0,206.82026984507507,206.82026984507507,0.0,0.0,0.0,0.0,0.0,0,0.0,0,0.0,0.0,0.0,0.76
main,v040,LOSO-dep-f1,primary,LOSO,deployed,1,A,Centralized PPO|ppo_multi_site_seed13_20260516T092257/ppo_multi_site.zip,Centralized PPO,13,L,"May 2026, pre-781c90c reward",1,-2301.31769068046,894.2438009547673,1406.270492925693,0.3033968,0.5,229.5490553605506,229.4732061605506,0.05252725470763132,0.04162537165510406,0.05252725470763132,0.05252725470763132,0.04558969276511397,16,1.522299306243806,53,182.79917015879755,1742.3871610738074,0.9844468508966623,0.76
main,v040,LOSO-dep-f1,primary,LOSO,deployed,1,A,Centralized PPO|ppo_multi_site_seed13_20260516T092257/ppo_multi_site.zip,Centralized PPO,13,L,"May 2026, pre-781c90c reward",2,-285.5121521023768,285.5121521023768,0.0,0.0,0.0,207.3428522449135,207.3428522449135,0.0,0.0,0.0,0.0,0.0,0,0.0,0,0.0,0.0,0.0,0.76
main,v040,LOSO-dep-f1,primary,LOSO,deployed,1,A,Centralized PPO|ppo_multi_site_seed13_20260516T092257/ppo_multi_site.zip,Centralized PPO,13,L,"May 2026, pre-781c90c reward",3,-165.00653143345153,138.00653143345153,27.0,0.0,0.0,207.57497972587112,207.57497972587112,0.0009910802775024777,0.0009910802775024777,0.0,0.0009910802775024777,0.0,0,0.0,1,2.9416993938337894,2.9416993938337894,1.0,0.76
main,v040,LOSO-dep-f1,primary,LOSO,deployed,1,A,Centralized PPO|ppo_multi_site_seed13_20260516T092257/ppo_multi_site.zip,Centralized PPO,13,L,"May 2026, pre-781c90c reward",4,-944.0065933555167,560.7940655235444,378.3557342319722,0.6067936,4.25,191.24173671537017,191.09003831537012,0.015857284440039643,0.005946481665014866,0.015857284440039643,0.015857284440039643,0.19425173439048563,32,3.044598612487612,16,39.353075463274216,308.34426986401934,0.8882411129832753,0.76
main,v040,LOSO-dep-f1,primary,LOSO,deployed,1,A,Centralized PPO|ppo_multi_site_seed13_20260516T092257/ppo_multi_site.zip,Centralized PPO,13,L,"May 2026, pre-781c90c reward",5,-443.3327039906638,443.3327039906638,0.0,0.0,0.0,207.2424251817793,207.2424251817793,0.0,0.0,0.0,0.0,0.0,0,0.0,0,0.0,0.0,0.0,0.76
main,v040,LOSO-dep-f1,primary,LOSO,deployed,1,A,Centralized PPO|ppo_multi_site_seed13_20260516T092257/ppo_multi_site.zip,Centralized PPO,13,L,"May 2026, pre-781c90c reward",6,-10523.263733501539,799.3268945242476,9718.591250977293,0.720588,4.625,328.77657806261266,328.5964310626127,0.38255698711595637,0.2259663032705649,0.38255698711595637,0.38255698711595637,0.8592666005946482,38,3.615460852329039,386,154.16402199770081,2769.5291282153376,0.939256584713065,0.76
main,v040,LOSO-dep-f1,primary,LOSO,deployed,1,A,Centralized PPO|ppo_multi_site_seed13_20260516T092257/ppo_multi_site.zip,Centralized PPO,13,L,"May 2026, pre-781c90c reward",7,-1055.0798985519878,762.037026166849,292.0540985851386,0.11377380000000001,0.875,210.9383155003253,210.9098720503253,0.010901883052527254,0.006937561942517344,0.010901883052527254,0.010901883052527254,0.007928642220019821,6,0.5708622398414271,11,128.23045648165518,784.7920292755796,0.9850124199549655,0.76
main,v040,LOSO-dep-f1,primary,LOSO,deployed,1,A,Centralized PPO|ppo_multi_site_seed13_20260516T092257/ppo_multi_site.zip,Centralized PPO,13,L,"May 2026, pre-781c90c reward",8,-402.0804564304751,402.0804564304751,0.0,0.0,0.0,207.24888769547053,207.24888769547053,0.0,0.0,0.0,0.0,0.0,0,0.0,0,0.0,0.0,0.0,0.76
main,v040,LOSO-dep-f1,primary,LOSO,deployed,1,A,Centralized PPO|ppo_multi_site_seed13_20260516T092257/ppo_multi_site.zip,Centralized PPO,13,L,"May 2026, pre-781c90c reward",9,-448.8174718583474,81.0556368840802,367.76183497426723,0.0,0.0,207.60739037379037,207.60739037379037,0.036669970267591674,0.036669970267591674,0.0,0.013875123885034688,0.0,0,0.0,37,1.156237474257852,4.4323206012247525,0.42086760009618995,0.76
main,v040,LOSO-dep-f1,primary,LOSO,deployed,1,A,Centralized PPO|ppo_multi_site_seed99_20260516T092259/ppo_multi_site.zip,Centralized PPO,99,L,"May 2026, pre-781c90c reward",all,-7413.524630472794,5722.121974338613,1683.8519935341815,1.1756626,6.375,2054.9068598666745,2054.612944216675,0.009018830525272548,0.005847373637264618,0.005252725470763132,0.006739345887016849,0.04618434093161546,61,0.580376610505451,91,20.225640645581294,1742.3871610738074,0.7125469577533646,0.76
main,v040,LOSO-dep-f1,primary,LOSO,deployed,1,A,Centralized PPO|ppo_multi_site_seed99_20260516T092259/ppo_multi_site.zip,Centralized PPO,99,L,"May 2026, pre-781c90c reward",0,-1320.765738711553,1320.765738711553,0.0,0.0,0.0,206.82026984507507,206.82026984507507,0.0,0.0,0.0,0.0,0.0,0,0.0,0,0.0,0.0,0.0,0.76
main,v040,LOSO-dep-f1,primary,LOSO,deployed,1,A,Centralized PPO|ppo_multi_site_seed99_20260516T092259/ppo_multi_site.zip,Centralized PPO,99,L,"May 2026, pre-781c90c reward",1,-868.5762654114857,868.5762654114857,0.0,0.0,0.0,207.1313254681582,207.1313254681582,0.0,0.0,0.0,0.0,0.0,0,0.0,0,0.0,0.0,0.0,0.76
main,v040,LOSO-dep-f1,primary,LOSO,deployed,1,A,Centralized PPO|ppo_multi_site_seed99_20260516T092259/ppo_multi_site.zip,Centralized PPO,99,L,"May 2026, pre-781c90c reward",2,-285.5121521023768,285.5121521023768,0.0,0.0,0.0,207.3428522449135,207.3428522449135,0.0,0.0,0.0,0.0,0.0,0,0.0,0,0.0,0.0,0.0,0.76
main,v040,LOSO-dep-f1,primary,LOSO,deployed,1,A,Centralized PPO|ppo_multi_site_seed99_20260516T092259/ppo_multi_site.zip,Centralized PPO,99,L,"May 2026, pre-781c90c reward",3,-165.00653143345153,138.00653143345153,27.0,0.0,0.0,207.57497972587112,207.57497972587112,0.0009910802775024777,0.0009910802775024777,0.0,0.0009910802775024777,0.0,0,0.0,1,2.9416993938337894,2.9416993938337894,1.0,0.76
main,v040,LOSO-dep-f1,primary,LOSO,deployed,1,A,Centralized PPO|ppo_multi_site_seed99_20260516T092259/ppo_multi_site.zip,Centralized PPO,99,L,"May 2026, pre-781c90c reward",4,-955.6010042074747,955.6010042074747,0.0,0.0,0.0,207.0274623425555,207.0274623425555,0.0,0.0,0.0,0.0,0.0,0,0.0,0,0.0,0.0,0.0,0.76
main,v040,LOSO-dep-f1,primary,LOSO,deployed,1,A,Centralized PPO|ppo_multi_site_seed99_20260516T092259/ppo_multi_site.zip,Centralized PPO,99,L,"May 2026, pre-781c90c reward",5,-443.3327039906638,443.3327039906638,0.0,0.0,0.0,207.2424251817793,207.2424251817793,0.0,0.0,0.0,0.0,0.0,0,0.0,0,0.0,0.0,0.0,0.76
main,v040,LOSO-dep-f1,primary,LOSO,deployed,1,A,Centralized PPO|ppo_multi_site_seed99_20260516T092259/ppo_multi_site.zip,Centralized PPO,99,L,"May 2026, pre-781c90c reward",6,-979.1251347754535,658.9275756794834,316.37869009597,0.5688690000000001,3.25,195.05493179548105,194.91271454548107,0.01288404360753221,0.004955401387512388,0.01288404360753221,0.01288404360753221,0.19425173439048563,30,2.8543111992071357,13,1.0007393227682173,1.4705057984678933,0.9112274105024872,0.76
main,v040,LOSO-dep-f1,primary,LOSO,deployed,1,A,Centralized PPO|ppo_multi_site_seed99_20260516T092259/ppo_multi_site.zip,Centralized PPO,99,L,"May 2026, pre-781c90c reward",7,-1544.7071715515126,568.2639094875684,972.7114684639442,0.6067936,3.125,201.8563351935798,201.70463679357982,0.03964321110009911,0.015857284440039643,0.03964321110009911,0.03964321110009911,0.267591674925669,31,2.949454905847374,40,44.54503004026343,1742.3871610738074,0.9105928903866204,0.76
main,v040,LOSO-dep-f1,primary,LOSO,deployed,1,A,Centralized PPO|ppo_multi_site_seed99_20260516T092259/ppo_multi_site.zip,Centralized PPO,99,L,"May 2026, pre-781c90c reward",8,-402.0804564304751,402.0804564304751,0.0,0.0,0.0,207.24888769547053,207.24888769547053,0.0,0.0,0.0,0.0,0.0,0,0.0,0,0.0,0.0,0.0,0.76
main,v040,LOSO-dep-f1,primary,LOSO,deployed,1,A,Centralized PPO|ppo_multi_site_seed99_20260516T092259/ppo_multi_site.zip,Centralized PPO,99,L,"May 2026, pre-781c90c reward",9,-448.8174718583474,81.0556368840802,367.76183497426723,0.0,0.0,207.60739037379037,207.60739037379037,0.036669970267591674,0.036669970267591674,0.0,0.013875123885034688,0.0,0,0.0,37,1.156237474257852,4.4323206012247525,0.42086760009618995,0.76
main,v040,LOSO-dep-f1,primary,LOSO,deployed,1,A,Centralized PPO|ppo_multi_site_seed7_20260517T003435/best_model.zip,Centralized PPO,7,L,"May 2026, pre-781c90c reward; run has no final save (best_model.zip only)",all,-31648.181405890507,5502.161900922602,26098.072571167904,3.0719338,44.875,2338.181917468766,2337.413934018766,0.10723488602576808,0.05579781962338949,0.10346878097125867,0.10495540138751239,0.2581764122893954,162,1.5413280475718534,1082,70.64524358586682,3559.6907905514868,0.9036498389494889,0.77
main,v040,LOSO-dep-f1,primary,LOSO,deployed,1,A,Centralized PPO|ppo_multi_site_seed7_20260517T003435/best_model.zip,Centralized PPO,7,L,"May 2026, pre-781c90c reward; run has no final save (best_model.zip only)",0,-5932.744801444291,856.6815127285482,5076.063268115742,2.06e-05,0.0,232.104923622918,232.104918472918,0.21704658077304262,0.05649157581764123,0.21704658077304262,0.21704658077304262,1.0,0,0.0,219,23.829427103199084,1742.3871610738074,0.8726123695762162,0.77
main,v040,LOSO-dep-f1,primary,LOSO,deployed,1,A,Centralized PPO|ppo_multi_site_seed7_20260517T003435/best_model.zip,Centralized PPO,7,L,"May 2026, pre-781c90c reward; run has no final save (best_model.zip only)",1,-868.5762654114857,868.5762654114857,0.0,0.0,0.0,207.1313254681582,207.1313254681582,0.0,0.0,0.0,0.0,0.0,0,0.0,0,0.0,0.0,0.0,0.77
main,v040,LOSO-dep-f1,primary,LOSO,deployed,1,A,Centralized PPO|ppo_multi_site_seed7_20260517T003435/best_model.zip,Centralized PPO,7,L,"May 2026, pre-781c90c reward; run has no final save (best_model.zip only)",2,-1532.8076313150764,295.42974647630257,1232.0590158387736,0.5688690000000001,4.75,218.6350975305562,218.49288028055622,0.049554013875123884,0.01684836471754212,0.049554013875123884,0.049554013875123884,0.10901883052527254,30,2.8543111992071357,50,42.01890703892839,1742.3871610738074,0.921372677225849,0.77
main,v040,LOSO-dep-f1,primary,LOSO,deployed,1,A,Centralized PPO|ppo_multi_site_seed7_20260517T003435/best_model.zip,Centralized PPO,7,L,"May 2026, pre-781c90c reward; run has no final save (best_model.zip only)",3,-165.00653143345153,138.00653143345153,27.0,0.0,0.0,207.57497972587112,207.57497972587112,0.0009910802775024777,0.0009910802775024777,0.0,0.0009910802775024777,0.0,0,0.0,1,2.9416993938337894,2.9416993938337894,1.0,0.77
main,v040,LOSO-dep-f1,primary,LOSO,deployed,1,A,Centralized PPO|ppo_multi_site_seed7_20260517T003435/best_model.zip,Centralized PPO,7,L,"May 2026, pre-781c90c reward; run has no final save (best_model.zip only)",4,-15927.458183644474,851.274610813035,15076.183552231438,2.06e-05,0.0,413.0350559036909,413.0350507536909,0.5906838453914767,0.39444995044598613,0.5906838453914767,0.5906838453914767,1.0,0,0.0,596,104.5086725441637,3559.6907905514868,0.9431869995655165,0.77
main,v040,LOSO-dep-f1,primary,LOSO,deployed,1,A,Centralized PPO|ppo_multi_site_seed7_20260517T003435/best_model.zip,Centralized PPO,7,L,"May 2026, pre-781c90c reward; run has no final save (best_model.zip only)",5,-443.3327039906638,443.3327039906638,0.0,0.0,0.0,207.2424251817793,207.2424251817793,0.0,0.0,0.0,0.0,0.0,0,0.0,0,0.0,0.0,0.0,0.77
main,v040,LOSO-dep-f1,primary,LOSO,deployed,1,A,Centralized PPO|ppo_multi_site_seed7_20260517T003435/best_model.zip,Centralized PPO,7,L,"May 2026, pre-781c90c reward; run has no final save (best_model.zip only)",6,-955.8302067020855,955.8302067020855,0.0,0.0,0.0,206.97753059250036,206.97753059250036,0.0,0.0,0.0,0.0,0.0,0,0.0,0,0.0,0.0,0.0,0.77
main,v040,LOSO-dep-f1,primary,LOSO,deployed,1,A,Centralized PPO|ppo_multi_site_seed7_20260517T003435/best_model.zip,Centralized PPO,7,L,"May 2026, pre-781c90c reward; run has no final save (best_model.zip only)",7,-4971.52715366016,609.8942300524752,4319.004900007685,2.5030236,40.125,230.62430137403115,229.99854547403115,0.1774033696729435,0.05252725470763132,0.1774033696729435,0.1774033696729435,0.47274529236868185,132,12.558969276511398,179,37.90878407875949,2769.5291282153376,0.9042839664818781,0.77
main,v040,LOSO-dep-f1,primary,LOSO,deployed,1,A,Centralized PPO|ppo_multi_site_seed7_20260517T003435/best_model.zip,Centralized PPO,7,L,"May 2026, pre-781c90c reward; run has no final save (best_model.zip only)",8,-402.0804564304751,402.0804564304751,0.0,0.0,0.0,207.24888769547053,207.24888769547053,0.0,0.0,0.0,0.0,0.0,0,0.0,0,0.0,0.0,0.0,0.77
main,v040,LOSO-dep-f1,primary,LOSO,deployed,1,A,Centralized PPO|ppo_multi_site_seed7_20260517T003435/best_model.zip,Centralized PPO,7,L,"May 2026, pre-781c90c reward; run has no final save (best_model.zip only)",9,-448.8174718583474,81.0556368840802,367.76183497426723,0.0,0.0,207.60739037379037,207.60739037379037,0.036669970267591674,0.036669970267591674,0.0,0.013875123885034688,0.0,0,0.0,37,1.156237474257852,4.4323206012247525,0.42086760009618995,0.77
main,v040,LOSO-dep-f1,primary,LOSO,deployed,1,A,Centralized PPO|ppo_multi_site_seed13_20260517T003435/best_model.zip,Centralized PPO,13,L,"May 2026, pre-781c90c reward; run has no final save (best_model.zip only)",all,-30891.901843693253,5224.291095337944,25586.80550915531,4.930239200000001,75.875,2326.4506104917114,2325.2180506917116,0.10356788899900891,0.05777998017839445,0.0998017839444995,0.10128840436075322,0.24013875123885034,259,2.4642220019821606,1045,88.00820477025135,2769.5291282153376,0.9157960673138059,0.77
main,v040,LOSO-dep-f1,primary,LOSO,deployed,1,A,Centralized PPO|ppo_multi_site_seed13_20260517T003435/best_model.zip,Centralized PPO,13,L,"May 2026, pre-781c90c reward; run has no final save (best_model.zip only)",0,-975.8173515454753,830.0433144049209,142.2163943405543,0.6826428,2.875,180.98801665321756,180.81735595321757,0.005946481665014866,0.0,0.005946481665014866,0.005946481665014866,0.26560951437066405,36,3.4251734390485633,6,0.9777855153526747,1.4705057984678933,0.8900910796697462,0.77
main,v040,LOSO-dep-f1,primary,LOSO,deployed,1,A,Centralized PPO|ppo_multi_site_seed13_20260517T003435/best_model.zip,Centralized PPO,13,L,"May 2026, pre-781c90c reward; run has no final save (best_model.zip only)",1,-868.5762654114857,868.5762654114857,0.0,0.0,0.0,207.1313254681582,207.1313254681582,0.0,0.0,0.0,0.0,0.0,0,0.0,0,0.0,0.0,0.0,0.77
main,v040,LOSO-dep-f1,primary,LOSO,deployed,1,A,Centralized PPO|ppo_multi_site_seed13_20260517T003435/best_model.zip,Centralized PPO,13,L,"May 2026, pre-781c90c reward; run has no final save (best_model.zip only)",2,-285.5121521023768,285.5121521023768,0.0,0.0,0.0,207.3428522449135,207.3428522449135,0.0,0.0,0.0,0.0,0.0,0,0.0,0,0.0,0.0,0.0,0.77
main,v040,LOSO-dep-f1,primary,LOSO,deployed,1,A,Centralized PPO|ppo_multi_site_seed13_20260517T003435/best_model.zip,Centralized PPO,13,L,"May 2026, pre-781c90c reward; run has no final save (best_model.zip only)",3,-165.00653143345153,138.00653143345153,27.0,0.0,0.0,207.57497972587112,207.57497972587112,0.0009910802775024777,0.0009910802775024777,0.0,0.0009910802775024777,0.0,0,0.0,1,2.9416993938337894,2.9416993938337894,1.0,0.77
main,v040,LOSO-dep-f1,primary,LOSO,deployed,1,A,Centralized PPO|ppo_multi_site_seed13_20260517T003435/best_model.zip,Centralized PPO,13,L,"May 2026, pre-781c90c reward; run has no final save (best_model.zip only)",4,-2153.6498449571986,556.8024506784463,1580.3458824787522,1.2515118,15.25,200.10461522292235,199.79173727292232,0.06640237859266601,0.017839444995044598,0.06640237859266601,0.06640237859266601,0.32210109018830524,65,6.184340931615461,67,52.9172375576013,1742.3871610738074,0.8862417325764937,0.77
main,v040,LOSO-dep-f1,primary,LOSO,deployed,1,A,Centralized PPO|ppo_multi_site_seed13_20260517T003435/best_model.zip,Centralized PPO,13,L,"May 2026, pre-781c90c reward; run has no final save (best_model.zip only)",5,-443.3327039906638,443.3327039906638,0.0,0.0,0.0,207.2424251817793,207.2424251817793,0.0,0.0,0.0,0.0,0.0,0,0.0,0,0.0,0.0,0.0,0.77
main,v040,LOSO-dep-f1,primary,LOSO,deployed,1,A,Centralized PPO|ppo_multi_site_seed13_20260517T003435/best_model.zip,Centralized PPO,13,L,"May 2026, pre-781c90c reward; run has no final save (best_model.zip only)",6,-9946.02044123453,758.4126333315442,9126.861743902986,2.9960640000000005,57.75,302.0091320711173,301.2601160711173,0.36174430128840435,0.17641228939544104,0.36174430128840435,0.36174430128840435,0.8136769078295342,158,15.032705649157583,365,166.41951381984353,2769.5291282153376,0.9335033556075786,0.77
main,v040,LOSO-dep-f1,primary,LOSO,deployed,1,A,Centralized PPO|ppo_multi_site_seed13_20260517T003435/best_model.zip,Centralized PPO,13,L,"May 2026, pre-781c90c reward; run has no final save (best_model.zip only)",7,-15203.08862472925,860.4689506704997,14342.61965345875,2.06e-05,0.0,399.20098585447124,399.20098070447125,0.5639246778989098,0.3458870168483647,0.5639246778989098,0.5639246778989098,1.0,0,0.0,569,48.55607614284183,2769.5291282153376,0.9402237641159198,0.77
main,v040,LOSO-dep-f1,primary,LOSO,deployed,1,A,Centralized PPO|ppo_multi_site_seed13_20260517T003435/best_model.zip,Centralized PPO,13,L,"May 2026, pre-781c90c reward; run has no final save (best_model.zip only)",8,-402.0804564304751,402.0804564304751,0.0,0.0,0.0,207.24888769547053,207.24888769547053,0.0,0.0,0.0,0.0,0.0,0,0.0,0,0.0,0.0,0.0,0.77
main,v040,LOSO-dep-f1,primary,LOSO,deployed,1,A,Centralized PPO|ppo_multi_site_seed13_20260517T003435/best_model.zip,Centralized PPO,13,L,"May 2026, pre-781c90c reward; run has no final save (best_model.zip only)",9,-448.8174718583474,81.0556368840802,367.76183497426723,0.0,0.0,207.60739037379037,207.60739037379037,0.036669970267591674,0.036669970267591674,0.0,0.013875123885034688,0.0,0,0.0,37,1.156237474257852,4.4323206012247525,0.42086760009618995,0.77
main,v040,LOSO-dep-f1,primary,LOSO,deployed,1,A,Centralized PPO|ppo_multi_site_seed42_20260517T003436/best_model.zip,Centralized PPO,42,L,"May 2026, pre-781c90c reward; run has no final save (best_model.zip only)",all,-49260.64516440422,5882.641567105809,43297.76996129841,5.233636000000001,75.0,2645.3830232281107,2644.074614228111,0.17036669970267593,0.11169474727452924,0.1666005946481665,0.16808721506442023,0.2727452923686819,275,2.6164519326065414,1719,170.98219247834584,3559.6907905514868,0.9393672903321876,0.77
main,v040,LOSO-dep-f1,primary,LOSO,deployed,1,A,Centralized PPO|ppo_multi_site_seed42_20260517T003436/best_model.zip,Centralized PPO,42,L,"May 2026, pre-781c90c reward; run has no final save (best_model.zip only)",0,-1845.5280546180043,795.4330722455313,1042.260641172473,0.8343412,7.0,185.5053877917041,185.2968024917041,0.04558969276511397,0.009910802775024777,0.04558969276511397,0.04558969276511397,0.42913776015857286,43,4.0911793855302285,46,52.12309923492055,1742.3871610738074,0.8552613341829511,0.77
main,v040,LOSO-dep-f1,primary,LOSO,deployed,1,A,Centralized PPO|ppo_multi_site_seed42_20260517T003436/best_model.zip,Centralized PPO,42,L,"May 2026, pre-781c90c reward; run has no final save (best_model.zip only)",1,-17890.88012554428,769.509445095573,17097.52784724871,1.5928332,22.25,460.4904639054919,460.0922556054919,0.6531219028741329,0.464816650148662,0.6531219028741329,0.6531219028741329,0.9038652130822596,83,7.896927651139743,659,312.20853116699783,3559.6907905514868,0.9648218435634147,0.77
main,v040,LOSO-dep-f1,primary,LOSO,deployed,1,A,Centralized PPO|ppo_multi_site_seed42_20260517T003436/best_model.zip,Centralized PPO,42,L,"May 2026, pre-781c90c reward; run has no final save (best_model.zip only)",2,-285.5121521023768,285.5121521023768,0.0,0.0,0.0,207.3428522449135,207.3428522449135,0.0,0.0,0.0,0.0,0.0,0,0.0,0,0.0,0.0,0.0,0.77
main,v040,LOSO-dep-f1,primary,LOSO,deployed,1,A,Centralized PPO|ppo_multi_site_seed42_20260517T003436/best_model.zip,Centralized PPO,42,L,"May 2026, pre-781c90c reward; run has no final save (best_model.zip only)",3,-165.00653143345153,138.00653143345153,27.0,0.0,0.0,207.57497972587112,207.57497972587112,0.0009910802775024777,0.0009910802775024777,0.0,0.0009910802775024777,0.0,0,0.0,1,2.9416993938337894,2.9416993938337894,1.0,0.77
main,v040,LOSO-dep-f1,primary,LOSO,deployed,1,A,Centralized PPO|ppo_multi_site_seed42_20260517T003436/best_model.zip,Centralized PPO,42,L,"May 2026, pre-781c90c reward; run has no final save (best_model.zip only)",4,-10969.295822995644,1137.9161178599625,9784.05081173568,2.5788934,44.75,346.6864005041481,346.04167715414803,0.37661050545094155,0.24578790882061446,0.37661050545094155,0.37661050545094155,0.3676907829534192,137,13.034687809712587,380,143.22174556748402,3559.6907905514868,0.9582500712048843,0.77
main,v040,LOSO-dep-f1,primary,LOSO,deployed,1,A,Centralized PPO|ppo_multi_site_seed42_20260517T003436/best_model.zip,Centralized PPO,42,L,"May 2026, pre-781c90c reward; run has no final save (best_model.zip only)",5,-443.3327039906638,443.3327039906638,0.0,0.0,0.0,207.2424251817793,207.2424251817793,0.0,0.0,0.0,0.0,0.0,0,0.0,0,0.0,0.0,0.0,0.77
main,v040,LOSO-dep-f1,primary,LOSO,deployed,1,A,Centralized PPO|ppo_multi_site_seed42_20260517T003436/best_model.zip,Centralized PPO,42,L,"May 2026, pre-781c90c reward; run has no final save (best_model.zip only)",6,-1584.0160018155761,968.7063046921862,614.49507412339,0.189623,0.625,216.224969154909,216.177563404909,0.02576808721506442,0.01288404360753221,0.02576808721506442,0.02576808721506442,0.024777006937561942,10,0.9514370664023787,26,141.38753857449046,2420.0809955781856,0.8878141975940897,0.77
main,v040,LOSO-dep-f1,primary,LOSO,deployed,1,A,Centralized PPO|ppo_multi_site_seed42_20260517T003436/best_model.zip,Centralized PPO,42,L,"May 2026, pre-781c90c reward; run has no final save (best_model.zip only)",7,-15203.08862472925,860.4689506704997,14342.61965345875,2.06e-05,0.0,399.20098585447124,399.20098070447125,0.5639246778989098,0.3458870168483647,0.5639246778989098,0.5639246778989098,1.0,0,0.0,569,48.55607614284183,2769.5291282153376,0.9402237641159198,0.77
main,v040,LOSO-dep-f1,primary,LOSO,deployed,1,A,Centralized PPO|ppo_multi_site_seed42_20260517T003436/best_model.zip,Centralized PPO,42,L,"May 2026, pre-781c90c reward; run has no final save (best_model.zip only)",8,-425.16767531662373,402.7006521314851,22.05409858513858,0.0379246,0.375,207.50716849103208,207.49768734103208,0.0009910802775024777,0.0,0.0009910802775024777,0.0009910802775024777,0.0019821605550049554,2,0.19028741328047574,1,0.8351366195046193,0.8351366195046193,0.8351366195046193,0.77
main,v040,LOSO-dep-f1,primary,LOSO,deployed,1,A,Centralized PPO|ppo_multi_site_seed42_20260517T003436/best_model.zip,Centralized PPO,42,L,"May 2026, pre-781c90c reward; run has no final save (best_model.zip only)",9,-448.8174718583474,81.0556368840802,367.76183497426723,0.0,0.0,207.60739037379037,207.60739037379037,0.036669970267591674,0.036669970267591674,0.0,0.013875123885034688,0.0,0,0.0,37,1.156237474257852,4.4323206012247525,0.42086760009618995,0.77
main,v040,LOSO-dep-f1,primary,LOSO,deployed,1,A,Centralized PPO|ppo_multi_site_seed99_20260517T003436/best_model.zip,Centralized PPO,99,L,"May 2026, pre-781c90c reward; run has no final save (best_model.zip only)",all,-45676.25702728516,5336.519870036816,40188.983513648345,9.2536436,141.5,2530.712512945789,2528.3991020457893,0.1597621407333994,0.08840436075322101,0.15599603567888998,0.1574826560951437,0.3281466798810704,485,4.614469772051536,1612,214.85484836017224,3559.6907905514868,0.9307978642427801,0.78
main,v040,LOSO-dep-f1,primary,LOSO,deployed,1,A,Centralized PPO|ppo_multi_site_seed99_20260517T003436/best_model.zip,Centralized PPO,99,L,"May 2026, pre-781c90c reward; run has no final save (best_model.zip only)",0,-5932.744801444291,856.6815127285482,5076.063268115742,2.06e-05,0.0,232.104923622918,232.104918472918,0.21704658077304262,0.05649157581764123,0.21704658077304262,0.21704658077304262,1.0,0,0.0,219,23.829427103199084,1742.3871610738074,0.8726123695762162,0.78
main,v040,LOSO-dep-f1,primary,LOSO,deployed,1,A,Centralized PPO|ppo_multi_site_seed99_20260517T003436/best_model.zip,Centralized PPO,99,L,"May 2026, pre-781c90c reward; run has no final save (best_model.zip only)",1,-10177.40332433936,615.7499283065054,9513.657352632856,2.9960434000000005,45.0,316.353417056415,315.60440620641504,0.3676907829534192,0.20317145688800792,0.3676907829534192,0.3676907829534192,0.5480673934588701,157,14.937561942517345,371,258.3162705054623,3559.6907905514868,0.9547760424647669,0.78
main,v040,LOSO-dep-f1,primary,LOSO,deployed,1,A,Centralized PPO|ppo_multi_site_seed99_20260517T003436/best_model.zip,Centralized PPO,99,L,"May 2026, pre-781c90c reward; run has no final save (best_model.zip only)",2,-285.5121521023768,285.5121521023768,0.0,0.0,0.0,207.3428522449135,207.3428522449135,0.0,0.0,0.0,0.0,0.0,0,0.0,0,0.0,0.0,0.0,0.78
main,v040,LOSO-dep-f1,primary,LOSO,deployed,1,A,Centralized PPO|ppo_multi_site_seed99_20260517T003436/best_model.zip,Centralized PPO,99,L,"May 2026, pre-781c90c reward; run has no final save (best_model.zip only)",3,-165.00653143345153,138.00653143345153,27.0,0.0,0.0,207.57497972587112,207.57497972587112,0.0009910802775024777,0.0009910802775024777,0.0,0.0009910802775024777,0.0,0,0.0,1,2.9416993938337894,2.9416993938337894,1.0,0.78
main,v040,LOSO-dep-f1,primary,LOSO,deployed,1,A,Centralized PPO|ppo_multi_site_seed99_20260517T003436/best_model.zip,Centralized PPO,99,L,"May 2026, pre-781c90c reward; run has no final save (best_model.zip only)",4,-1164.67693257467,955.2988188832521,209.13933989141785,0.11377380000000001,0.125,209.64900477420264,209.6205613242026,0.008919722497522299,0.003964321110009911,0.008919722497522299,0.008919722497522299,0.018830525272547076,6,0.5708622398414271,9,1.0437944840418845,1.4705057984678933,0.874590147745992,0.78
main,v040,LOSO-dep-f1,primary,LOSO,deployed,1,A,Centralized PPO|ppo_multi_site_seed99_20260517T003436/best_model.zip,Centralized PPO,99,L,"May 2026, pre-781c90c reward; run has no final save (best_model.zip only)",5,-12361.023346072532,585.3612172143968,11693.932780058134,4.8543488,76.875,370.06399129331817,368.85040409331816,0.4380574826560951,0.28344895936570863,0.4380574826560951,0.4380574826560951,0.40336967294350845,255,24.261645193260655,442,361.77519470867605,3559.6907905514868,0.9818953831114731,0.78
main,v040,LOSO-dep-f1,primary,LOSO,deployed,1,A,Centralized PPO|ppo_multi_site_seed99_20260517T003436/best_model.zip,Centralized PPO,99,L,"May 2026, pre-781c90c reward; run has no final save (best_model.zip only)",6,-12538.378709551547,845.4497423526462,11692.9289465989,2.06e-05,0.0,366.63858066553837,366.6385755155384,0.4618434093161546,0.27849355797819625,0.4618434093161546,0.4618434093161546,1.0,0,0.0,466,179.23851041765258,2769.5291282153376,0.9364040734333978,0.78
main,v040,LOSO-dep-f1,primary,LOSO,deployed,1,A,Centralized PPO|ppo_multi_site_seed99_20260517T003436/best_model.zip,Centralized PPO,99,L,"May 2026, pre-781c90c reward; run has no final save (best_model.zip only)",7,-2200.6133014781085,571.3238737010832,1608.499991377025,1.2894364,19.5,206.1284854933515,205.8061263933515,0.06640237859266601,0.02081268582755203,0.06640237859266601,0.06640237859266601,0.311199207135778,67,6.374628344895937,67,26.972180765849387,1742.3871610738074,0.9002487519288682,0.78
main,v040,LOSO-dep-f1,primary,LOSO,deployed,1,A,Centralized PPO|ppo_multi_site_seed99_20260517T003436/best_model.zip,Centralized PPO,99,L,"May 2026, pre-781c90c reward; run has no final save (best_model.zip only)",8,-402.0804564304751,402.0804564304751,0.0,0.0,0.0,207.24888769547053,207.24888769547053,0.0,0.0,0.0,0.0,0.0,0,0.0,0,0.0,0.0,0.0,0.78
main,v040,LOSO-dep-f1,primary,LOSO,deployed,1,A,Centralized PPO|ppo_multi_site_seed99_20260517T003436/best_model.zip,Centralized PPO,99,L,"May 2026, pre-781c90c reward; run has no final save (best_model.zip only)",9,-448.8174718583474,81.0556368840802,367.76183497426723,0.0,0.0,207.60739037379037,207.60739037379037,0.036669970267591674,0.036669970267591674,0.0,0.013875123885034688,0.0,0,0.0,37,1.156237474257852,4.4323206012247525,0.42086760009618995,0.78
main,v040,LOSO-dep-f1,primary,LOSO,deployed,1,A,IPPO|ippo_nr_seed1,IPPO,1,T,"June 2026, current reward",all,-5503.389798688515,4369.581111833139,1111.1946236553758,3.4890631999999995,19.125,1985.1335193369464,1984.2612535369462,0.006541129831516353,0.0048562933597621405,0.0027750247770069376,0.0042616451932606545,0.077601585728444,183,1.741129831516353,66,366.44002683670845,3559.6907905514868,0.6553514266605452,169.42
main,v040,LOSO-dep-f1,primary,LOSO,deployed,1,A,IPPO|ippo_nr_seed1,IPPO,1,T,"June 2026, current reward",0,-922.5314942212553,805.9962308807011,115.21639434055432,0.5688690000000001,0.75,177.62898294451227,177.4867656945123,0.004955401387512388,0.0,0.004955401387512388,0.004955401387512388,0.24777006937561943,29,2.759167492566898,5,0.8792414587296309,1.0556608156296767,0.8681092956036954,169.42
main,v040,LOSO-dep-f1,primary,LOSO,deployed,1,A,IPPO|ippo_nr_seed1,IPPO,1,T,"June 2026, current reward",1,-550.8975318294902,471.4866396443514,76.05409858513858,0.6067936,2.75,193.14010895269092,192.98841055269088,0.002973240832507433,0.0,0.002973240832507433,0.002973240832507433,0.11496531219028741,32,3.044598612487612,3,1.0558381718389798,1.2767170803826429,0.9450455398348732,169.42
main,v040,LOSO-dep-f1,primary,LOSO,deployed,1,A,IPPO|ippo_nr_seed1,IPPO,1,T,"June 2026, current reward",2,-285.5121521023768,285.5121521023768,0.0,0.0,0.0,207.3428522449135,207.3428522449135,0.0,0.0,0.0,0.0,0.0,0,0.0,0,0.0,0.0,0.0,169.42
main,v040,LOSO-dep-f1,primary,LOSO,deployed,1,A,IPPO|ippo_nr_seed1,IPPO,1,T,"June 2026, current reward",3,-492.9716847392687,141.93376013926866,351.0,0.0379246,0.0,214.8467085629492,214.8372274129492,0.01288404360753221,0.011892963330029732,0.011892963330029732,0.01288404360753221,0.010901883052527254,2,0.19028741328047574,13,1855.9164268407217,3559.6907905514868,1.0,169.42
main,v040,LOSO-dep-f1,primary,LOSO,deployed,1,A,IPPO|ippo_nr_seed1,IPPO,1,T,"June 2026, current reward",4,-641.2056252302143,561.7947330450756,76.05409858513858,0.6067936,2.75,188.19950620099735,188.0478078009973,0.002973240832507433,0.0,0.002973240832507433,0.002973240832507433,0.13478691774033696,32,3.044598612487612,3,0.9821527502546576,1.0556608156296767,0.9450455398348732,169.42
main,v040,LOSO-dep-f1,primary,LOSO,deployed,1,A,IPPO|ippo_nr_seed1,IPPO,1,T,"June 2026, current reward",5,-448.97551939473954,399.106797809601,49.054098585138576,0.18962299999999999,0.625,204.25729459656395,204.20988884656396,0.0019821605550049554,0.0,0.0019821605550049554,0.0019821605550049554,0.030723488602576808,10,0.9514370664023787,2,0.945398717567148,1.0556608156296767,0.9175683097523096,169.42
main,v040,LOSO-dep-f1,primary,LOSO,deployed,1,A,IPPO|ippo_nr_seed1,IPPO,1,T,"June 2026, current reward",6,-707.5355994168315,648.5650320168315,54.0,0.7205674,4.25,191.16580436488846,190.98566251488842,0.0019821605550049554,0.0,0.0019821605550049554,0.0019821605550049554,0.12487611496531219,38,3.615460852329039,2,1.0556608156296767,1.0556608156296767,1.0,169.42
main,v040,LOSO-dep-f1,primary,LOSO,deployed,1,A,IPPO|ippo_nr_seed1,IPPO,1,T,"June 2026, current reward",7,-602.8622634655161,572.0496728803776,22.05409858513858,0.7584919999999999,8.0,193.69598340016984,193.50636040016985,0.0009910802775024777,0.0,0.0009910802775024777,0.0009910802775024777,0.11199207135777998,40,3.8057482656095147,1,0.8351366195046193,0.8351366195046193,0.8351366195046193,169.42
main,v040,LOSO-dep-f1,primary,LOSO,deployed,1,A,IPPO|ippo_nr_seed1,IPPO,1,T,"June 2026, current reward",8,-402.0804564304751,402.0804564304751,0.0,0.0,0.0,207.24888769547053,207.24888769547053,0.0,0.0,0.0,0.0,0.0,0,0.0,0,0.0,0.0,0.0,169.42
main,v040,LOSO-dep-f1,primary,LOSO,deployed,1,A,IPPO|ippo_nr_seed1,IPPO,1,T,"June 2026, current reward",9,-448.8174718583474,81.0556368840802,367.76183497426723,0.0,0.0,207.60739037379037,207.60739037379037,0.036669970267591674,0.036669970267591674,0.0,0.013875123885034688,0.0,0,0.0,37,1.156237474257852,4.4323206012247525,0.42086760009618995,169.42
main,v040,LOSO-dep-f1,primary,LOSO,deployed,1,A,IPPO|ippo_nr_seed7,IPPO,7,T,"June 2026, current reward",all,-5243.484692627657,4332.590261002003,885.302820825653,3.7166107999999998,21.875,1974.1764559803644,1973.2473032803643,0.005748265609514371,0.0037661050545094153,0.0019821605550049554,0.003468780971258672,0.08097125867195243,195,1.8553022794846383,58,11.751415687629642,310.49764509228896,0.6021287482518143,171.29
main,v040,LOSO-dep-f1,primary,LOSO,deployed,1,A,IPPO|ippo_nr_seed7,IPPO,7,T,"June 2026, current reward",0,-875.2290092666492,801.1881692963718,71.10819717027715,0.6826428,2.25,177.090984039866,176.920323339866,0.002973240832507433,0.0,0.002973240832507433,0.002973240832507433,0.24975222993062438,35,3.3300297324083252,3,0.9086446848796385,1.0556608156296767,0.8900910796697462,171.29
main,v040,LOSO-dep-f1,primary,LOSO,deployed,1,A,IPPO|ippo_nr_seed7,IPPO,7,T,"June 2026, current reward",1,-554.5278638601567,475.52989627501813,76.05409858513858,0.5688690000000001,2.375,193.53798247559502,193.39576522559503,0.002973240832507433,0.0,0.002973240832507433,0.002973240832507433,0.11000991080277503,30,2.8543111992071357,3,1.0558381718389798,1.2767170803826429,0.9450455398348732,171.29
main,v040,LOSO-dep-f1,primary,LOSO,deployed,1,A,IPPO|ippo_nr_seed7,IPPO,7,T,"June 2026, current reward",2,-285.5121521023768,285.5121521023768,0.0,0.0,0.0,207.3428522449135,207.3428522449135,0.0,0.0,0.0,0.0,0.0,0,0.0,0,0.0,0.0,0.0,171.29
main,v040,LOSO-dep-f1,primary,LOSO,deployed,1,A,IPPO|ippo_nr_seed7,IPPO,7,T,"June 2026, current reward",3,-215.10268255522908,138.5106593700905,76.05409858513858,0.0379246,0.5,207.819486517738,207.810005367738,0.002973240832507433,0.0009910802775024777,0.0019821605550049554,0.002973240832507433,0.0009910802775024777,2,0.19028741328047574,3,1.6108322763226954,2.9416993938337894,0.9450455398348732,171.29
main,v040,LOSO-dep-f1,primary,LOSO,deployed,1,A,IPPO|ippo_nr_seed7,IPPO,7,T,"June 2026, current reward",4,-683.0657906445617,560.4975504891461,120.16229575541573,0.5309444,1.875,187.4623777718468,187.3296416718468,0.004955401387512388,0.0,0.004955401387512388,0.004955401387512388,0.14568880079286423,28,2.66402378592666,5,0.9233462979546424,1.0556608156296767,0.9010819717027717,171.29
main,v040,LOSO-dep-f1,primary,LOSO,deployed,1,A,IPPO|ippo_nr_seed7,IPPO,7,T,"June 2026, current reward",5,-429.1588015379116,406.328004552773,22.05409858513858,0.1516984,0.625,204.95613263925674,204.91820803925674,0.0009910802775024777,0.0,0.0009910802775024777,0.0009910802775024777,0.023785926660059464,8,0.761149653121903,1,0.8351366195046193,0.8351366195046193,0.8351366195046193,171.29
main,v040,LOSO-dep-f1,primary,LOSO,deployed,1,A,IPPO|ippo_nr_seed7,IPPO,7,T,"June 2026, current reward",6,-746.3965608217217,627.7096720217216,108.0,1.0618888,9.625,188.83113285452546,188.56566065452546,0.003964321110009911,0.0,0.003964321110009911,0.003964321110009911,0.15361744301288405,56,5.32804757185332,4,155.2383091468919,310.49764509228896,1.0,171.29
main,v040,LOSO-dep-f1,primary,LOSO,deployed,1,A,IPPO|ippo_nr_seed7,IPPO,7,T,"June 2026, current reward",7,-620.6052631474279,571.5152723771506,44.10819717027716,0.6067936,4.375,193.54988989658705,193.398191496587,0.0019821605550049554,0.0,0.0019821605550049554,0.0019821605550049554,0.11496531219028741,32,3.044598612487612,2,0.8351366195046193,0.8351366195046193,0.8351366195046193,171.29
main,v040,LOSO-dep-f1,primary,LOSO,deployed,1,A,IPPO|ippo_nr_seed7,IPPO,7,T,"June 2026, current reward",8,-385.0690968332741,384.7432476332741,0.0,0.0758492,0.25,205.97822716624552,205.95926486624552,0.0,0.0,0.0,0.0,0.010901883052527254,4,0.3805748265609515,0,0.0,0.0,0.0,171.29
main,v040,LOSO-dep-f1,primary,LOSO,deployed,1,A,IPPO|ippo_nr_seed7,IPPO,7,T,"June 2026, current reward",9,-448.8174718583474,81.0556368840802,367.76183497426723,0.0,0.0,207.60739037379037,207.60739037379037,0.036669970267591674,0.036669970267591674,0.0,0.013875123885034688,0.0,0,0.0,37,1.156237474257852,4.4323206012247525,0.42086760009618995,171.29
main,v040,LOSO-dep-f1,primary,LOSO,deployed,1,A,IPPO|wcnc2027_ablation/ippo_seed42,IPPO,42,R,wcnc2027_ablation 2026-09-14,all,-5190.489849619991,4286.945123164616,868.1946236553758,4.4751028,30.875,1969.7538635478695,1968.6350878478697,0.005649157581764123,0.0037661050545094153,0.0018830525272547076,0.0033696729435084244,0.08414271555996036,234,2.226362735381566,57,6.55576997211842,310.49764509228896,0.600933230870105,169.62
main,v040,LOSO-dep-f1,primary,LOSO,deployed,1,A,IPPO|wcnc2027_ablation/ippo_seed42,IPPO,42,R,wcnc2027_ablation 2026-09-14,0,-849.7541475692037,791.3502355840651,49.054098585138576,1.0998134,8.25,175.89229625313178,175.61734290313177,0.0019821605550049554,0.0,0.0019821605550049554,0.0019821605550049554,0.2556987115956392,57,5.423191278493558,2,0.945398717567148,1.0556608156296767,0.9175683097523096,169.62
main,v040,LOSO-dep-f1,primary,LOSO,deployed,1,A,IPPO|wcnc2027_ablation/ippo_seed42,IPPO,42,R,wcnc2027_ablation 2026-09-14,1,-545.6926827328002,464.6680167476616,76.05409858513858,0.7205674,4.25,192.36545215713255,192.18531030713257,0.002973240832507433,0.0,0.002973240832507433,0.002973240832507433,0.1199207135777998,38,3.615460852329039,3,1.0558381718389798,1.2767170803826429,0.9450455398348732,169.62
main,v040,LOSO-dep-f1,primary,LOSO,deployed,1,A,IPPO|wcnc2027_ablation/ippo_seed42,IPPO,42,R,wcnc2027_ablation 2026-09-14,2,-285.5121521023768,285.5121521023768,0.0,0.0,0.0,207.3428522449135,207.3428522449135,0.0,0.0,0.0,0.0,0.0,0,0.0,0,0.0,0.0,0.0,169.62
main,v040,LOSO-dep-f1,primary,LOSO,deployed,1,A,IPPO|wcnc2027_ablation/ippo_seed42,IPPO,42,R,wcnc2027_ablation 2026-09-14,3,-165.00653143345153,138.00653143345153,27.0,0.0,0.0,207.57497972587112,207.57497972587112,0.0009910802775024777,0.0009910802775024777,0.0,0.0009910802775024777,0.0,0,0.0,1,2.9416993938337894,2.9416993938337894,1.0,169.62
main,v040,LOSO-dep-f1,primary,LOSO,deployed,1,A,IPPO|wcnc2027_ablation/ippo_seed42,IPPO,42,R,wcnc2027_ablation 2026-09-14,4,-659.18054568657,559.9922533162929,98.10819717027715,0.45509520000000003,0.625,187.62417708796988,187.5104032879699,0.003964321110009911,0.0,0.003964321110009911,0.003964321110009911,0.14271555996035679,24,2.2834489593657086,4,0.9453987175671481,1.0556608156296767,0.9175683097523097,169.62
main,v040,LOSO-dep-f1,primary,LOSO,deployed,1,A,IPPO|wcnc2027_ablation/ippo_seed42,IPPO,42,R,wcnc2027_ablation 2026-09-14,5,-448.3648712438871,370.8823758587485,76.05409858513858,0.30339679999999997,1.125,201.6454867319909,201.5696375319909,0.002973240832507433,0.0,0.002973240832507433,0.002973240832507433,0.05153617443012884,16,1.522299306243806,3,0.9821527502546576,1.0556608156296767,0.9450455398348732,169.62
main,v040,LOSO-dep-f1,primary,LOSO,deployed,1,A,IPPO|wcnc2027_ablation/ippo_seed42,IPPO,42,R,wcnc2027_ablation 2026-09-14,6,-756.6808894230355,641.2769774378969,103.05409858513858,1.0998134,11.25,190.480950249209,190.20599689920903,0.003964321110009911,0.0,0.003964321110009911,0.003964321110009911,0.13676907829534193,57,5.423191278493558,4,78.36102583576323,310.49764509228896,0.9587841548761549,169.62
main,v040,LOSO-dep-f1,primary,LOSO,deployed,1,A,IPPO|wcnc2027_ablation/ippo_seed42,IPPO,42,R,wcnc2027_ablation 2026-09-14,7,-619.7741078041472,571.8849662338702,44.10819717027716,0.5309444,3.25,193.5435330873538,193.41079698735376,0.0019821605550049554,0.0,0.0019821605550049554,0.0019821605550049554,0.11496531219028741,28,2.66402378592666,2,0.8351366195046193,0.8351366195046193,0.8351366195046193,169.62
main,v040,LOSO-dep-f1,primary,LOSO,deployed,1,A,IPPO|wcnc2027_ablation/ippo_seed42,IPPO,42,R,wcnc2027_ablation 2026-09-14,8,-411.7064497661722,382.31597756617225,27.0,0.26547220000000005,2.125,205.67674563650675,205.61037758650676,0.0009910802775024777,0.0,0.0009910802775024777,0.0009910802775024777,0.019821605550049554,14,1.33201189296333,1,1.0556608156296767,1.0556608156296767,1.0,169.62
main,v040,LOSO-dep-f1,primary,LOSO,deployed,1,A,IPPO|wcnc2027_ablation/ippo_seed42,IPPO,42,R,wcnc2027_ablation 2026-09-14,9,-448.8174718583474,81.0556368840802,367.76183497426723,0.0,0.0,207.60739037379037,207.60739037379037,0.036669970267591674,0.036669970267591674,0.0,0.013875123885034688,0.0,0,0.0,37,1.156237474257852,4.4323206012247525,0.42086760009618995,169.62
main,v040,LOSO-dep-f1,primary,LOSO,deployed,1,A,IPPO|wcnc2027_ablation/ippo_seed64,IPPO,64,R,wcnc2027_ablation 2026-09-14,all,-5191.780873608479,4454.488360738242,711.1405250702373,3.5269878,22.625,1983.6781306446278,1982.7963836946278,0.005054509415262636,0.0037661050545094153,0.001288404360753221,0.0027750247770069376,0.06858275520317146,185,1.7601585728444005,51,1.1396757536556408,4.4323206012247525,0.5572168145115954,171.27
main,v040,LOSO-dep-f1,primary,LOSO,deployed,1,A,IPPO|wcnc2027_ablation/ippo_seed64,IPPO,64,R,wcnc2027_ablation 2026-09-14,0,-856.5909101804369,802.4903949952983,49.054098585138576,0.7964166,4.25,177.27411498742327,177.0750108374233,0.0019821605550049554,0.0,0.0019821605550049554,0.0019821605550049554,0.23686818632309217,41,3.9008919722497524,2,0.945398717567148,1.0556608156296767,0.9175683097523096,171.27
main,v040,LOSO-dep-f1,primary,LOSO,deployed,1,A,IPPO|wcnc2027_ablation/ippo_seed64,IPPO,64,R,wcnc2027_ablation 2026-09-14,1,-557.4717535404657,477.81086135532706,76.05409858513858,0.6067936,3.0,193.8305595802168,193.6788611802168,0.002973240832507433,0.0,0.002973240832507433,0.002973240832507433,0.10604558969276512,32,3.044598612487612,3,1.0558381718389798,1.2767170803826429,0.9450455398348732,171.27
main,v040,LOSO-dep-f1,primary,LOSO,deployed,1,A,IPPO|wcnc2027_ablation/ippo_seed64,IPPO,64,R,wcnc2027_ablation 2026-09-14,2,-285.5121521023768,285.5121521023768,0.0,0.0,0.0,207.3428522449135,207.3428522449135,0.0,0.0,0.0,0.0,0.0,0,0.0,0,0.0,0.0,0.0,171.27
main,v040,LOSO-dep-f1,primary,LOSO,deployed,1,A,IPPO|wcnc2027_ablation/ippo_seed64,IPPO,64,R,wcnc2027_ablation 2026-09-14,3,-165.00653143345153,138.00653143345153,27.0,0.0,0.0,207.57497972587112,207.57497972587112,0.0009910802775024777,0.0009910802775024777,0.0,0.0009910802775024777,0.0,0,0.0,1,2.9416993938337894,2.9416993938337894,1.0,171.27
main,v040,LOSO-dep-f1,primary,LOSO,deployed,1,A,IPPO|wcnc2027_ablation/ippo_seed64,IPPO,64,R,wcnc2027_ablation 2026-09-14,4,-686.5927594578743,563.3615947024587,120.16229575541573,0.5688690000000001,2.5,188.05994894451896,187.91773169451892,0.004955401387512388,0.0,0.004955401387512388,0.004955401387512388,0.1377601585728444,30,2.8543111992071357,5,0.9233462979546424,1.0556608156296767,0.9010819717027717,171.27
main,v040,LOSO-dep-f1,primary,LOSO,deployed,1,A,IPPO|wcnc2027_ablation/ippo_seed64,IPPO,64,R,wcnc2027_ablation 2026-09-14,5,-426.83428120275846,426.79635660275846,0.0,0.0379246,0.0,206.44456746426778,206.43508631426778,0.0,0.0,0.0,0.0,0.005946481665014866,2,0.19028741328047574,0,0.0,0.0,0.0,171.27
main,v040,LOSO-dep-f1,primary,LOSO,deployed,1,A,IPPO|wcnc2027_ablation/ippo_seed64,IPPO,64,R,wcnc2027_ablation 2026-09-14,6,-739.7619480712317,703.9276068712318,27.0,0.8343412,8.0,194.11979438489607,193.91120908489606,0.0009910802775024777,0.0,0.0009910802775024777,0.0009910802775024777,0.09415262636273539,44,4.186323092170466,1,1.0556608156296767,1.0556608156296767,1.0,171.27
main,v040,LOSO-dep-f1,primary,LOSO,deployed,1,A,IPPO|wcnc2027_ablation/ippo_seed64,IPPO,64,R,wcnc2027_ablation 2026-09-14,7,-632.8637010693694,584.9745594990923,44.10819717027716,0.5309444,3.25,195.05755733350273,194.9248212335027,0.0019821605550049554,0.0,0.0019821605550049554,0.0019821605550049554,0.0981169474727453,28,2.66402378592666,2,0.8351366195046193,0.8351366195046193,0.8351366195046193,171.27
main,v040,LOSO-dep-f1,primary,LOSO,deployed,1,A,IPPO|wcnc2027_ablation/ippo_seed64,IPPO,64,R,wcnc2027_ablation 2026-09-14,8,-392.329364692167,390.55266629216703,0.0,0.1516984,1.625,206.36636560522717,206.32844100522718,0.0,0.0,0.0,0.0,0.006937561942517344,8,0.761149653121903,0,0.0,0.0,0.0,171.27
main,v040,LOSO-dep-f1,primary,LOSO,deployed,1,A,IPPO|wcnc2027_ablation/ippo_seed64,IPPO,64,R,wcnc2027_ablation 2026-09-14,9,-448.8174718583474,81.0556368840802,367.76183497426723,0.0,0.0,207.60739037379037,207.60739037379037,0.036669970267591674,0.036669970267591674,0.0,0.013875123885034688,0.0,0,0.0,37,1.156237474257852,4.4323206012247525,0.42086760009618995,171.27
main,v040,LOSO-dep-f1,primary,LOSO,deployed,1,A,IPPO|wcnc2027_ablation/ippo_seed1,IPPO,1,R,wcnc2027_ablation 2026-09-14,all,-5245.079707219687,4328.799751179174,890.2487222405144,3.9062338000000003,22.125,1975.3018526194958,1974.325294169496,0.005649157581764123,0.0037661050545094153,0.002180376610505451,0.003468780971258672,0.08057482656095144,205,1.9504459861248762,57,7498.203534448728,165763.33835489664,0.6141252742549431,169.94
main,v040,LOSO-dep-f1,primary,LOSO,deployed,1,A,IPPO|wcnc2027_ablation/ippo_seed1,IPPO,1,R,wcnc2027_ablation 2026-09-14,0,-858.0434601651416,804.442944980003,49.054098585138576,0.7964165999999999,3.75,177.47913601756528,177.28003186756527,0.0019821605550049554,0.0,0.0019821605550049554,0.0019821605550049554,0.2358771060455897,41,3.9008919722497524,2,0.945398717567148,1.0556608156296767,0.9175683097523096,169.94
main,v040,LOSO-dep-f1,primary,LOSO,deployed,1,A,IPPO|wcnc2027_ablation/ippo_seed1,IPPO,1,R,wcnc2027_ablation 2026-09-14,1,-557.4734286306353,475.3237626454967,76.05409858513858,0.7205674,5.375,193.74727169552037,193.56712984552036,0.002973240832507433,0.0,0.002973240832507433,0.002973240832507433,0.10307234886025768,38,3.615460852329039,3,1.0558381718389798,1.2767170803826429,0.9450455398348732,169.94
main,v040,LOSO-dep-f1,primary,LOSO,deployed,1,A,IPPO|wcnc2027_ablation/ippo_seed1,IPPO,1,R,wcnc2027_ablation 2026-09-14,2,-285.5121521023768,285.5121521023768,0.0,0.0,0.0,207.3428522449135,207.3428522449135,0.0,0.0,0.0,0.0,0.0,0,0.0,0,0.0,0.0,0.0,169.94
main,v040,LOSO-dep-f1,primary,LOSO,deployed,1,A,IPPO|wcnc2027_ablation/ippo_seed1,IPPO,1,R,wcnc2027_ablation 2026-09-14,3,-165.00653143345153,138.00653143345153,27.0,0.0,0.0,207.57497972587112,207.57497972587112,0.0009910802775024777,0.0009910802775024777,0.0,0.0009910802775024777,0.0,0,0.0,1,2.9416993938337894,2.9416993938337894,1.0,169.94
main,v040,LOSO-dep-f1,primary,LOSO,deployed,1,A,IPPO|wcnc2027_ablation/ippo_seed1,IPPO,1,R,wcnc2027_ablation 2026-09-14,4,-684.1552175386666,562.499901983251,120.16229575541573,0.4930198,1.0,187.71164798079025,187.58839303079026,0.004955401387512388,0.0,0.004955401387512388,0.004955401387512388,0.14271555996035679,26,2.4737363726461843,5,0.9233462979546424,1.0556608156296767,0.9010819717027717,169.94
main,v040,LOSO-dep-f1,primary,LOSO,deployed,1,A,IPPO|wcnc2027_ablation/ippo_seed1,IPPO,1,R,wcnc2027_ablation 2026-09-14,5,-450.1136900695421,372.88119468440357,76.05409858513858,0.30339679999999997,0.875,202.010664464221,201.93481526422102,0.002973240832507433,0.0,0.002973240832507433,0.002973240832507433,0.05252725470763132,16,1.522299306243806,3,0.9821527502546576,1.0556608156296767,0.9450455398348732,169.94
main,v040,LOSO-dep-f1,primary,LOSO,deployed,1,A,IPPO|wcnc2027_ablation/ippo_seed1,IPPO,1,R,wcnc2027_ablation 2026-09-14,6,-742.6450834307857,632.680794445647,103.05409858513858,0.9101904000000001,6.0,189.33968533023832,189.11213773023832,0.003964321110009911,0.0,0.003964321110009911,0.003964321110009911,0.15758176412289396,48,4.566897918731417,4,77.82268202869582,308.34426986401934,0.9587841548761549,169.94
main,v040,LOSO-dep-f1,primary,LOSO,deployed,1,A,IPPO|wcnc2027_ablation/ippo_seed1,IPPO,1,R,wcnc2027_ablation 2026-09-14,7,-623.7173724913678,574.2144571210906,44.10819717027716,0.6447182,4.75,193.8818225692538,193.72064301925383,0.0019821605550049554,0.0,0.0019821605550049554,0.0019821605550049554,0.11199207135777998,34,3.2348860257680876,2,0.8351366195046193,0.8351366195046193,0.8351366195046193,169.94
main,v040,LOSO-dep-f1,primary,LOSO,deployed,1,A,IPPO|wcnc2027_ablation/ippo_seed1,IPPO,1,R,wcnc2027_ablation 2026-09-14,8,-402.0804564304751,402.0804564304751,0.0,0.0,0.0,207.24888769547053,207.24888769547053,0.0,0.0,0.0,0.0,0.0,0,0.0,0,0.0,0.0,0.0,169.94
main,v040,LOSO-dep-f1,primary,LOSO,deployed,1,A,IPPO|wcnc2027_ablation/ippo_seed1,IPPO,1,R,wcnc2027_ablation 2026-09-14,9,-476.3323149272453,81.15755535297806,394.76183497426723,0.0379246,0.375,208.96490489565167,208.95542374565167,0.036669970267591674,0.036669970267591674,0.002973240832507433,0.014866204162537165,0.0019821605550049554,2,0.19028741328047574,37,11542.407493544286,165763.33835489664,0.44564624478351844,169.94
main,v040,LOSO-dep-f1,primary,LOSO,deployed,1,A,IPPO|wcnc2027_ablation/ippo_seed7,IPPO,7,R,wcnc2027_ablation 2026-09-14,all,-5286.4008187536,4392.028839527948,858.302820825653,3.9441584,32.125,1976.6307064105408,1975.644666810541,0.005649157581764123,0.0037661050545094153,0.0018830525272547076,0.0033696729435084244,0.07809712586719525,207,1.9694747274529236,57,1.1265035214855927,4.4323206012247525,0.5951485508527231,171.22
main,v040,LOSO-dep-f1,primary,LOSO,deployed,1,A,IPPO|wcnc2027_ablation/ippo_seed7,IPPO,7,R,wcnc2027_ablation 2026-09-14,0,-875.0711579283746,801.0303179580974,71.10819717027715,0.6826428,2.25,177.0466534732998,176.8759927732998,0.002973240832507433,0.0,0.002973240832507433,0.002973240832507433,0.24777006937561943,35,3.3300297324083252,3,0.9086446848796385,1.0556608156296767,0.8900910796697462,171.22
main,v040,LOSO-dep-f1,primary,LOSO,deployed,1,A,IPPO|wcnc2027_ablation/ippo_seed7,IPPO,7,R,wcnc2027_ablation 2026-09-14,1,-549.8019395672258,458.59887678208725,76.05409858513858,1.0239642,14.125,191.93215486410205,191.67616381410204,0.002973240832507433,0.0,0.002973240832507433,0.002973240832507433,0.12289395441030723,54,5.137760158572845,3,1.0558381718389798,1.2767170803826429,0.9450455398348732,171.22
main,v040,LOSO-dep-f1,primary,LOSO,deployed,1,A,IPPO|wcnc2027_ablation/ippo_seed7,IPPO,7,R,wcnc2027_ablation 2026-09-14,2,-285.5121521023768,285.5121521023768,0.0,0.0,0.0,207.3428522449135,207.3428522449135,0.0,0.0,0.0,0.0,0.0,0,0.0,0,0.0,0.0,0.0,171.22
main,v040,LOSO-dep-f1,primary,LOSO,deployed,1,A,IPPO|wcnc2027_ablation/ippo_seed7,IPPO,7,R,wcnc2027_ablation 2026-09-14,3,-165.00653143345153,138.00653143345153,27.0,0.0,0.0,207.57497972587112,207.57497972587112,0.0009910802775024777,0.0009910802775024777,0.0,0.0009910802775024777,0.0,0,0.0,1,2.9416993938337894,2.9416993938337894,1.0,171.22
main,v040,LOSO-dep-f1,primary,LOSO,deployed,1,A,IPPO|wcnc2027_ablation/ippo_seed7,IPPO,7,R,wcnc2027_ablation 2026-09-14,4,-660.7794280276285,561.1782110573513,98.10819717027715,0.4930198,1.0,187.53558371873544,187.41232876873545,0.003964321110009911,0.0,0.003964321110009911,0.003964321110009911,0.14469772051536176,26,2.4737363726461843,4,0.9453987175671481,1.0556608156296767,0.9175683097523097,171.22
main,v040,LOSO-dep-f1,primary,LOSO,deployed,1,A,IPPO|wcnc2027_ablation/ippo_seed7,IPPO,7,R,wcnc2027_ablation 2026-09-14,5,-450.0636765768611,399.53203039172246,49.054098585138576,0.22754760000000002,1.25,204.15431374089542,204.09742684089542,0.0019821605550049554,0.0,0.0019821605550049554,0.0019821605550049554,0.02973240832507433,12,1.1417244796828543,2,0.945398717567148,1.0556608156296767,0.9175683097523096,171.22
main,v040,LOSO-dep-f1,primary,LOSO,deployed,1,A,IPPO|wcnc2027_ablation/ippo_seed7,IPPO,7,R,wcnc2027_ablation 2026-09-14,6,-745.6008071561396,709.8043905561395,27.0,0.7964166,8.0,194.72124316678753,194.5221390167875,0.0009910802775024777,0.0,0.0009910802775024777,0.0009910802775024777,0.08721506442021804,42,3.9960356788899905,1,1.0556608156296767,1.0556608156296767,1.0,171.22
main,v040,LOSO-dep-f1,primary,LOSO,deployed,1,A,IPPO|wcnc2027_ablation/ippo_seed7,IPPO,7,R,wcnc2027_ablation 2026-09-14,7,-703.6671976727207,555.2302359321665,142.2163943405543,0.7205674,5.5,191.46664740667518,191.2865055566752,0.005946481665014866,0.0,0.005946481665014866,0.005946481665014866,0.14866204162537167,38,3.615460852329039,6,0.9777855153526747,1.4705057984678933,0.8900910796697462,171.22
main,v040,LOSO-dep-f1,primary,LOSO,deployed,1,A,IPPO|wcnc2027_ablation/ippo_seed7,IPPO,7,R,wcnc2027_ablation 2026-09-14,8,-402.0804564304751,402.0804564304751,0.0,0.0,0.0,207.24888769547053,207.24888769547053,0.0,0.0,0.0,0.0,0.0,0,0.0,0,0.0,0.0,0.0,171.22
main,v040,LOSO-dep-f1,primary,LOSO,deployed,1,A,IPPO|wcnc2027_ablation/ippo_seed7,IPPO,7,R,wcnc2027_ablation 2026-09-14,9,-448.8174718583474,81.0556368840802,367.76183497426723,0.0,0.0,207.60739037379037,207.60739037379037,0.036669970267591674,0.036669970267591674,0.0,0.013875123885034688,0.0,0,0.0,37,1.156237474257852,4.4323206012247525,0.42086760009618995,171.22
main,v040,LOSO-dep-f1,primary,LOSO,deployed,1,A,IPPO|ppo_single_site_ensemble_seed42_20260517T091403,IPPO,42,P,"May 2026, pre-781c90c reward",all,-5332.37732840856,4328.619751827492,978.4651165810687,3.79246,21.5,1974.7697910111442,1973.821676011144,0.006144697720515362,0.0037661050545094153,0.0023785926660059467,0.003865213082259663,0.08146679881070366,198,1.8838453914767097,62,1.1034288263163516,4.4323206012247525,0.6198206009212754,169.96
main,v040,LOSO-dep-f1,primary,LOSO,deployed,1,A,IPPO|ppo_single_site_ensemble_seed42_20260517T091403,IPPO,42,P,"May 2026, pre-781c90c reward",0,-915.3595253397559,799.3621865992016,115.21639434055432,0.5309444000000001,0.25,177.08085634534865,176.94812024534866,0.004955401387512388,0.0,0.004955401387512388,0.004955401387512388,0.25867195242814667,27,2.5688800792864224,5,0.8792414587296309,1.0556608156296767,0.8681092956036954,169.96
main,v040,LOSO-dep-f1,primary,LOSO,deployed,1,A,IPPO|ppo_single_site_ensemble_seed42_20260517T091403,IPPO,42,P,"May 2026, pre-781c90c reward",1,-555.8397768415989,475.14096005646024,76.05409858513858,0.6447182,4.0,193.4805577452691,193.3193781952691,0.002973240832507433,0.0,0.002973240832507433,0.002973240832507433,0.1110009910802775,34,3.2348860257680876,3,1.0558381718389798,1.2767170803826429,0.9450455398348732,169.96
main,v040,LOSO-dep-f1,primary,LOSO,deployed,1,A,IPPO|ppo_single_site_ensemble_seed42_20260517T091403,IPPO,42,P,"May 2026, pre-781c90c reward",2,-358.6754356917624,286.61638932148526,71.10819717027715,0.0758492,0.875,207.83673273361705,207.81777043361706,0.002973240832507433,0.0,0.002973240832507433,0.002973240832507433,0.002973240832507433,4,0.3805748265609515,3,0.9086446848796385,1.0556608156296767,0.8900910796697462,169.96
main,v040,LOSO-dep-f1,primary,LOSO,deployed,1,A,IPPO|ppo_single_site_ensemble_seed42_20260517T091403,IPPO,42,P,"May 2026, pre-781c90c reward",3,-165.00653143345153,138.00653143345153,27.0,0.0,0.0,207.57497972587112,207.57497972587112,0.0009910802775024777,0.0009910802775024777,0.0,0.0009910802775024777,0.0,0,0.0,1,2.9416993938337894,2.9416993938337894,1.0,169.96
main,v040,LOSO-dep-f1,primary,LOSO,deployed,1,A,IPPO|ppo_single_site_ensemble_seed42_20260517T091403,IPPO,42,P,"May 2026, pre-781c90c reward",4,-663.4755710500217,564.2872786797446,98.10819717027715,0.45509520000000003,0.625,187.90066255599572,187.78688875599573,0.003964321110009911,0.0,0.003964321110009911,0.003964321110009911,0.14073339940535184,24,2.2834489593657086,4,0.9453987175671481,1.0556608156296767,0.9175683097523097,169.96
main,v040,LOSO-dep-f1,primary,LOSO,deployed,1,A,IPPO|ppo_single_site_ensemble_seed42_20260517T091403,IPPO,42,P,"May 2026, pre-781c90c reward",5,-447.41184376882507,370.1793483836865,76.05409858513858,0.3033968,0.875,201.75086991921592,201.67502071921592,0.002973240832507433,0.0,0.002973240832507433,0.002973240832507433,0.05550049554013875,16,1.522299306243806,3,0.9821527502546576,1.0556608156296767,0.9450455398348732,169.96
main,v040,LOSO-dep-f1,primary,LOSO,deployed,1,A,IPPO|ppo_single_site_ensemble_seed42_20260517T091403,IPPO,42,P,"May 2026, pre-781c90c reward",6,-729.5996465144899,642.4836591293513,76.05409858513858,1.0618888000000002,10.0,190.5177615250787,190.25228932507872,0.002973240832507433,0.0,0.002973240832507433,0.002973240832507433,0.13676907829534193,55,5.232903865213083,3,0.9821527502546576,1.0556608156296767,0.9450455398348732,169.96
main,v040,LOSO-dep-f1,primary,LOSO,deployed,1,A,IPPO|ppo_single_site_ensemble_seed42_20260517T091403,IPPO,42,P,"May 2026, pre-781c90c reward",7,-631.6603664110801,584.3962248408029,44.10819717027716,0.5309444000000001,2.625,194.91313311223354,194.7803970122335,0.0019821605550049554,0.0,0.0019821605550049554,0.0019821605550049554,0.10009910802775025,28,2.66402378592666,2,0.8351366195046193,0.8351366195046193,0.8351366195046193,169.96
main,v040,LOSO-dep-f1,primary,LOSO,deployed,1,A,IPPO|ppo_single_site_ensemble_seed42_20260517T091403,IPPO,42,P,"May 2026, pre-781c90c reward",8,-416.53115949922756,387.0915364992276,27.0,0.189623,2.25,206.10684697472385,206.05944122472383,0.0009910802775024777,0.0,0.0009910802775024777,0.0009910802775024777,0.008919722497522299,10,0.9514370664023787,1,1.0556608156296767,1.0556608156296767,1.0,169.96
main,v040,LOSO-dep-f1,primary,LOSO,deployed,1,A,IPPO|ppo_single_site_ensemble_seed42_20260517T091403,IPPO,42,P,"May 2026, pre-781c90c reward",9,-448.8174718583474,81.0556368840802,367.76183497426723,0.0,0.0,207.60739037379037,207.60739037379037,0.036669970267591674,0.036669970267591674,0.0,0.013875123885034688,0.0,0,0.0,37,1.156237474257852,4.4323206012247525,0.42086760009618995,169.96
main,v040,LOSO-dep-f1,primary,LOSO,deployed,1,A,IPPO|ppo_single_site_ensemble_seed64_20260517T110907,IPPO,64,P,"May 2026, pre-781c90c reward",all,-5317.914745634278,4328.789652717207,959.4421607170707,4.0579322,25.625,1970.7366176790333,1969.7221346290332,0.006144697720515362,0.0037661050545094153,0.0023785926660059467,0.003865213082259663,0.08602576808721507,213,2.0265609514370664,62,6.055262611587292,308.34426986401934,0.6095932052954701,171.22
main,v040,LOSO-dep-f1,primary,LOSO,deployed,1,A,IPPO|ppo_single_site_ensemble_seed64_20260517T110907,IPPO,64,P,"May 2026, pre-781c90c reward",0,-929.374983161218,769.8808820846615,150.19343847655642,1.1756626,8.125,173.51929782496774,173.2253821749677,0.006937561942517344,0.0,0.006937561942517344,0.006937561942517344,0.30822596630327054,61,5.8037661050545095,7,0.8311099400682717,1.0556608156296767,0.815206849888364,171.22
main,v040,LOSO-dep-f1,primary,LOSO,deployed,1,A,IPPO|ppo_single_site_ensemble_seed64_20260517T110907,IPPO,64,P,"May 2026, pre-781c90c reward",1,-555.4101723280662,476.95012934292765,76.05409858513858,0.5309444000000001,1.875,193.75761152549666,193.62487542549667,0.002973240832507433,0.0,0.002973240832507433,0.002973240832507433,0.10703666997026759,28,2.66402378592666,3,1.0558381718389798,1.2767170803826429,0.9450455398348732,171.22
main,v040,LOSO-dep-f1,primary,LOSO,deployed,1,A,IPPO|ppo_single_site_ensemble_seed64_20260517T110907,IPPO,64,P,"May 2026, pre-781c90c reward",2,-285.5121521023768,285.5121521023768,0.0,0.0,0.0,207.3428522449135,207.3428522449135,0.0,0.0,0.0,0.0,0.0,0,0.0,0,0.0,0.0,0.0,171.22
main,v040,LOSO-dep-f1,primary,LOSO,deployed,1,A,IPPO|ppo_single_site_ensemble_seed64_20260517T110907,IPPO,64,P,"May 2026, pre-781c90c reward",3,-165.00653143345153,138.00653143345153,27.0,0.0,0.0,207.57497972587112,207.57497972587112,0.0009910802775024777,0.0009910802775024777,0.0,0.0009910802775024777,0.0,0,0.0,1,2.9416993938337894,2.9416993938337894,1.0,171.22
main,v040,LOSO-dep-f1,primary,LOSO,deployed,1,A,IPPO|ppo_single_site_ensemble_seed64_20260517T110907,IPPO,64,P,"May 2026, pre-781c90c reward",4,-685.1922711149625,563.4119555595469,120.16229575541573,0.4930198,1.125,187.8237198268738,187.7004648768738,0.004955401387512388,0.0,0.004955401387512388,0.004955401387512388,0.14271555996035679,26,2.4737363726461843,5,0.9233462979546424,1.0556608156296767,0.9010819717027717,171.22
main,v040,LOSO-dep-f1,primary,LOSO,deployed,1,A,IPPO|ppo_single_site_ensemble_seed64_20260517T110907,IPPO,64,P,"May 2026, pre-781c90c reward",5,-420.6426173736778,370.5730465885392,49.054098585138576,0.2654722,0.75,201.66157140316835,201.59520335316836,0.0019821605550049554,0.0,0.0019821605550049554,0.0019821605550049554,0.049554013875123884,14,1.33201189296333,2,0.945398717567148,1.0556608156296767,0.9175683097523096,171.22
main,v040,LOSO-dep-f1,primary,LOSO,deployed,1,A,IPPO|ppo_single_site_ensemble_seed64_20260517T110907,IPPO,64,P,"May 2026, pre-781c90c reward",6,-765.7740243312006,686.0752075460621,76.05409858513858,0.6447182,3.0,192.17964805248417,192.01846850248415,0.002973240832507433,0.0,0.002973240832507433,0.002973240832507433,0.12289395441030723,34,3.2348860257680876,3,103.41168909971788,308.34426986401934,0.9450455398348732,171.22
main,v040,LOSO-dep-f1,primary,LOSO,deployed,1,A,IPPO|ppo_single_site_ensemble_seed64_20260517T110907,IPPO,64,P,"May 2026, pre-781c90c reward",7,-666.8194327757891,564.6486450203735,93.16229575541573,0.758492,8.25,192.69595516064575,192.50633216064574,0.003964321110009911,0.0,0.003964321110009911,0.003964321110009911,0.12487611496531219,40,3.8057482656095147,4,0.9939789142454378,1.4705057984678933,0.8763524646284644,171.22
main,v040,LOSO-dep-f1,primary,LOSO,deployed,1,A,IPPO|ppo_single_site_ensemble_seed64_20260517T110907,IPPO,64,P,"May 2026, pre-781c90c reward",8,-395.3650891551877,392.67546615518773,0.0,0.189623,2.5,206.57359154082184,206.52618579082184,0.0,0.0,0.0,0.0,0.004955401387512388,10,0.9514370664023787,0,0.0,0.0,0.0,171.22
main,v040,LOSO-dep-f1,primary,LOSO,deployed,1,A,IPPO|ppo_single_site_ensemble_seed64_20260517T110907,IPPO,64,P,"May 2026, pre-781c90c reward",9,-448.8174718583474,81.0556368840802,367.76183497426723,0.0,0.0,207.60739037379037,207.60739037379037,0.036669970267591674,0.036669970267591674,0.0,0.013875123885034688,0.0,0,0.0,37,1.156237474257852,4.4323206012247525,0.42086760009618995,171.22
main,v040,LOSO-dep-f1,primary,LOSO,deployed,1,A,IPPO|ippo_nr_seed13,IPPO,13,T,"June 2026, current reward",all,-5195.339323536797,4374.700541481421,787.1946236553758,3.9441584,29.5,1976.3943947011649,1975.4083551011647,0.005351833498513379,0.0037661050545094153,0.0015857284440039642,0.003072348860257681,0.07700693756194252,207,1.9694747274529236,54,6.86133159192335,310.49764509228896,0.578762854807333,170.35
main,v040,LOSO-dep-f1,primary,LOSO,deployed,1,A,IPPO|ippo_nr_seed13,IPPO,13,T,"June 2026, current reward",0,-860.0170091541012,808.1552677689625,49.054098585138576,0.6826428,2.125,177.95727565586634,177.78661495586633,0.0019821605550049554,0.0,0.0019821605550049554,0.0019821605550049554,0.2358771060455897,35,3.3300297324083252,2,0.945398717567148,1.0556608156296767,0.9175683097523096,170.35
main,v040,LOSO-dep-f1,primary,LOSO,deployed,1,A,IPPO|ippo_nr_seed13,IPPO,13,T,"June 2026, current reward",1,-542.7390520573531,462.3773106722145,76.05409858513858,0.6826428,3.625,192.1391566859042,191.9684959859042,0.002973240832507433,0.0,0.002973240832507433,0.002973240832507433,0.12487611496531219,36,3.4251734390485633,3,1.0558381718389798,1.2767170803826429,0.9450455398348732,170.35
main,v040,LOSO-dep-f1,primary,LOSO,deployed,1,A,IPPO|ippo_nr_seed13,IPPO,13,T,"June 2026, current reward",2,-285.5121521023768,285.5121521023768,0.0,0.0,0.0,207.3428522449135,207.3428522449135,0.0,0.0,0.0,0.0,0.0,0,0.0,0,0.0,0.0,0.0,170.35
main,v040,LOSO-dep-f1,primary,LOSO,deployed,1,A,IPPO|ippo_nr_seed13,IPPO,13,T,"June 2026, current reward",3,-165.00653143345153,138.00653143345153,27.0,0.0,0.0,207.57497972587112,207.57497972587112,0.0009910802775024777,0.0009910802775024777,0.0,0.0009910802775024777,0.0,0,0.0,1,2.9416993938337894,2.9416993938337894,1.0,170.35
main,v040,LOSO-dep-f1,primary,LOSO,deployed,1,A,IPPO|ippo_nr_seed13,IPPO,13,T,"June 2026, current reward",4,-685.2088273337017,563.428511778286,120.16229575541573,0.4930198,1.125,187.82751954268747,187.70426459268742,0.004955401387512388,0.0,0.004955401387512388,0.004955401387512388,0.14172447968285432,26,2.4737363726461843,5,0.9233462979546424,1.0556608156296767,0.9010819717027717,170.35
main,v040,LOSO-dep-f1,primary,LOSO,deployed,1,A,IPPO|ippo_nr_seed13,IPPO,13,T,"June 2026, current reward",5,-410.8721144602657,410.3833406602657,0.0,0.1137738,0.375,205.01710032074462,204.98865687074462,0.0,0.0,0.0,0.0,0.019821605550049554,6,0.5708622398414271,0,0.0,0.0,0.0,170.35
main,v040,LOSO-dep-f1,primary,LOSO,deployed,1,A,IPPO|ippo_nr_seed13,IPPO,13,T,"June 2026, current reward",6,-754.6549584543163,657.0284466543162,81.0,1.2515117999999998,15.375,190.70220781201076,190.38932986201075,0.002973240832507433,0.0,0.002973240832507433,0.002973240832507433,0.12487611496531219,66,6.279484638255699,3,104.20298890784943,310.49764509228896,1.0,170.35
main,v040,LOSO-dep-f1,primary,LOSO,deployed,1,A,IPPO|ippo_nr_seed13,IPPO,13,T,"June 2026, current reward",7,-640.4307502524088,566.6728870969929,66.16229575541574,0.7205674,6.875,192.97702464390588,192.79688279390587,0.002973240832507433,0.0,0.002973240832507433,0.002973240832507433,0.12289395441030723,38,3.615460852329039,3,0.8351366195046191,0.8351366195046193,0.8351366195046191,170.35
main,v040,LOSO-dep-f1,primary,LOSO,deployed,1,A,IPPO|ippo_nr_seed13,IPPO,13,T,"June 2026, current reward",8,-402.0804564304751,402.0804564304751,0.0,0.0,0.0,207.24888769547053,207.24888769547053,0.0,0.0,0.0,0.0,0.0,0,0.0,0,0.0,0.0,0.0,170.35
main,v040,LOSO-dep-f1,primary,LOSO,deployed,1,A,IPPO|ippo_nr_seed13,IPPO,13,T,"June 2026, current reward",9,-448.8174718583474,81.0556368840802,367.76183497426723,0.0,0.0,207.60739037379037,207.60739037379037,0.036669970267591674,0.036669970267591674,0.0,0.013875123885034688,0.0,0,0.0,37,1.156237474257852,4.4323206012247525,0.42086760009618995,170.35
main,v040,LOSO-dep-f1,primary,LOSO,deployed,1,A,IPPO|ippo_nr_seed23,IPPO,23,T,"June 2026, current reward",all,-5148.028910756797,4376.048807301421,733.1946236553758,4.2854798,34.5,1976.1904020728443,1975.1190321228441,0.005153617443012884,0.0037661050545094153,0.0013875123885034688,0.0028741328047571855,0.07770069375619425,225,2.140733399405352,52,1.1338192318450442,4.4323206012247525,0.5625614261460767,171.12
main,v040,LOSO-dep-f1,primary,LOSO,deployed,1,A,IPPO|ippo_nr_seed23,IPPO,23,T,"June 2026, current reward",0,-884.0287239341336,782.2666147787178,93.16229575541573,1.0998134,7.5,174.96487386716345,174.68992051716344,0.003964321110009911,0.0,0.003964321110009911,0.003964321110009911,0.27849355797819625,57,5.423191278493558,4,0.8902676685358837,1.0556608156296767,0.8763524646284644,171.12
main,v040,LOSO-dep-f1,primary,LOSO,deployed,1,A,IPPO|ippo_nr_seed23,IPPO,23,T,"June 2026, current reward",1,-543.7844288874456,464.498536702307,76.05409858513858,0.6067936,2.625,192.59431267066407,192.44261427066405,0.002973240832507433,0.0,0.002973240832507433,0.002973240832507433,0.1159563924677899,32,3.044598612487612,3,1.0558381718389798,1.2767170803826429,0.9450455398348732,171.12
main,v040,LOSO-dep-f1,primary,LOSO,deployed,1,A,IPPO|ippo_nr_seed23,IPPO,23,T,"June 2026, current reward",2,-285.5121521023768,285.5121521023768,0.0,0.0,0.0,207.3428522449135,207.3428522449135,0.0,0.0,0.0,0.0,0.0,0,0.0,0,0.0,0.0,0.0,171.12
main,v040,LOSO-dep-f1,primary,LOSO,deployed,1,A,IPPO|ippo_nr_seed23,IPPO,23,T,"June 2026, current reward",3,-165.00653143345153,138.00653143345153,27.0,0.0,0.0,207.57497972587112,207.57497972587112,0.0009910802775024777,0.0009910802775024777,0.0,0.0009910802775024777,0.0,0,0.0,1,2.9416993938337894,2.9416993938337894,1.0,171.12
main,v040,LOSO-dep-f1,primary,LOSO,deployed,1,A,IPPO|ippo_nr_seed23,IPPO,23,T,"June 2026, current reward",4,-685.6740017822366,564.0186862268208,120.16229575541573,0.4930198,1.0,187.82583596023815,187.70258101023816,0.004955401387512388,0.0,0.004955401387512388,0.004955401387512388,0.14469772051536176,26,2.4737363726461843,5,0.9233462979546424,1.0556608156296767,0.9010819717027717,171.12
main,v040,LOSO-dep-f1,primary,LOSO,deployed,1,A,IPPO|ippo_nr_seed23,IPPO,23,T,"June 2026, current reward",5,-391.24344340618256,388.9779712061826,0.0,0.2654722,2.0,203.3183726950962,203.2520046450962,0.0,0.0,0.0,0.0,0.03270564915758176,14,1.33201189296333,0,0.0,0.0,0.0,171.12
main,v040,LOSO-dep-f1,primary,LOSO,deployed,1,A,IPPO|ippo_nr_seed23,IPPO,23,T,"June 2026, current reward",6,-736.0242593146118,699.8149181146117,27.0,0.8343412,8.375,193.88502020444895,193.67643490444897,0.0009910802775024777,0.0,0.0009910802775024777,0.0009910802775024777,0.09514370664023786,44,4.186323092170466,1,1.0556608156296767,1.0556608156296767,1.0,171.12
main,v040,LOSO-dep-f1,primary,LOSO,deployed,1,A,IPPO|ippo_nr_seed23,IPPO,23,T,"June 2026, current reward",7,-612.1378686774327,577.5865042922942,22.05409858513858,0.8722658000000001,11.625,194.3570660233453,194.1389995733453,0.0009910802775024777,0.0,0.0009910802775024777,0.0009910802775024777,0.10604558969276512,46,4.376610505450942,1,0.8351366195046193,0.8351366195046193,0.8351366195046193,171.12
main,v040,LOSO-dep-f1,primary,LOSO,deployed,1,A,IPPO|ippo_nr_seed23,IPPO,23,T,"June 2026, current reward",8,-395.80002936057883,394.31125556057884,0.0,0.11377380000000001,1.375,206.71969830731317,206.69125485731317,0.0,0.0,0.0,0.0,0.003964321110009911,6,0.5708622398414271,0,0.0,0.0,0.0,171.12
main,v040,LOSO-dep-f1,primary,LOSO,deployed,1,A,IPPO|ippo_nr_seed23,IPPO,23,T,"June 2026, current reward",9,-448.8174718583474,81.0556368840802,367.76183497426723,0.0,0.0,207.60739037379037,207.60739037379037,0.036669970267591674,0.036669970267591674,0.0,0.013875123885034688,0.0,0,0.0,37,1.156237474257852,4.4323206012247525,0.42086760009618995,171.12
main,v040,LOSO-dep-f1,primary,LOSO,deployed,1,A,IPPO|ppo_single_site_ensemble_seed13_20260517T091403,IPPO,13,P,"May 2026, pre-781c90c reward",all,-5074.424014577232,4348.909603677272,694.0323278999601,3.982083,27.5,1976.019491445311,1975.023970695311,0.004955401387512388,0.0037661050545094153,0.0011892963330029733,0.0026759167492566896,0.07690782953419227,209,1.9885034687809713,50,1.1501770202611625,4.4323206012247525,0.5549556860216426,170.52
main,v040,LOSO-dep-f1,primary,LOSO,deployed,1,A,IPPO|ppo_single_site_ensemble_seed13_20260517T091403,IPPO,13,P,"May 2026, pre-781c90c reward",0,-850.7379210542808,795.2736320691422,49.054098585138576,0.9101904000000001,5.5,176.69988087554637,176.47233327554636,0.0019821605550049554,0.0,0.0019821605550049554,0.0019821605550049554,0.24281466798810702,47,4.47175421209118,2,0.945398717567148,1.0556608156296767,0.9175683097523096,170.52
main,v040,LOSO-dep-f1,primary,LOSO,deployed,1,A,IPPO|ppo_single_site_ensemble_seed13_20260517T091403,IPPO,13,P,"May 2026, pre-781c90c reward",1,-544.2028628992615,461.64027231412297,76.05409858513858,0.758492,5.75,192.01261107324476,191.82298807324474,0.002973240832507433,0.0,0.002973240832507433,0.002973240832507433,0.1278493557978196,40,3.8057482656095147,3,1.0558381718389798,1.2767170803826429,0.9450455398348732,170.52
main,v040,LOSO-dep-f1,primary,LOSO,deployed,1,A,IPPO|ppo_single_site_ensemble_seed13_20260517T091403,IPPO,13,P,"May 2026, pre-781c90c reward",2,-285.5121521023768,285.5121521023768,0.0,0.0,0.0,207.3428522449135,207.3428522449135,0.0,0.0,0.0,0.0,0.0,0,0.0,0,0.0,0.0,0.0,170.52
main,v040,LOSO-dep-f1,primary,LOSO,deployed,1,A,IPPO|ppo_single_site_ensemble_seed13_20260517T091403,IPPO,13,P,"May 2026, pre-781c90c reward",3,-165.00653143345153,138.00653143345153,27.0,0.0,0.0,207.57497972587112,207.57497972587112,0.0009910802775024777,0.0009910802775024777,0.0,0.0009910802775024777,0.0,0,0.0,1,2.9416993938337894,2.9416993938337894,1.0,170.52
main,v040,LOSO-dep-f1,primary,LOSO,deployed,1,A,IPPO|ppo_single_site_ensemble_seed13_20260517T091403,IPPO,13,P,"May 2026, pre-781c90c reward",4,-643.4123486372408,566.2781548521023,76.05409858513858,0.4550952,0.625,188.17073683631128,188.05696303631126,0.002973240832507433,0.0,0.002973240832507433,0.002973240832507433,0.1377601585728444,24,2.2834489593657086,3,0.9821527502546576,1.0556608156296767,0.9450455398348732,170.52
main,v040,LOSO-dep-f1,primary,LOSO,deployed,1,A,IPPO|ppo_single_site_ensemble_seed13_20260517T091403,IPPO,13,P,"May 2026, pre-781c90c reward",5,-429.89911327587697,406.7803916907383,22.05409858513858,0.18962299999999999,0.875,205.00377842069634,204.95637267069634,0.0009910802775024777,0.0,0.0009910802775024777,0.0009910802775024777,0.024777006937561942,10,0.9514370664023787,1,0.8351366195046193,0.8351366195046193,0.8351366195046193,170.52
main,v040,LOSO-dep-f1,primary,LOSO,deployed,1,A,IPPO|ppo_single_site_ensemble_seed13_20260517T091403,IPPO,13,P,"May 2026, pre-781c90c reward",6,-710.654692882657,644.5928040826569,54.0,1.0618888,11.0,190.9725363444523,190.7070641444523,0.0019821605550049554,0.0,0.0019821605550049554,0.0019821605550049554,0.12190287413280476,56,5.32804757185332,2,1.0556608156296767,1.0556608156296767,1.0,170.52
main,v040,LOSO-dep-f1,primary,LOSO,deployed,1,A,IPPO|ppo_single_site_ensemble_seed13_20260517T091403,IPPO,13,P,"May 2026, pre-781c90c reward",7,-599.5802877742904,573.3323201891517,22.05409858513858,0.5688690000000001,3.625,193.7642342482621,193.6220169982621,0.0009910802775024777,0.0,0.0009910802775024777,0.0009910802775024777,0.11000991080277503,30,2.8543111992071357,1,0.8351366195046193,0.8351366195046193,0.8351366195046193,170.52
main,v040,LOSO-dep-f1,primary,LOSO,deployed,1,A,IPPO|ppo_single_site_ensemble_seed13_20260517T091403,IPPO,13,P,"May 2026, pre-781c90c reward",8,-396.60063265944876,396.43770805944877,0.0,0.0379246,0.125,206.8704913022228,206.8610101522228,0.0,0.0,0.0,0.0,0.003964321110009911,2,0.19028741328047574,0,0.0,0.0,0.0,170.52
main,v040,LOSO-dep-f1,primary,LOSO,deployed,1,A,IPPO|ppo_single_site_ensemble_seed13_20260517T091403,IPPO,13,P,"May 2026, pre-781c90c reward",9,-448.8174718583474,81.0556368840802,367.76183497426723,0.0,0.0,207.60739037379037,207.60739037379037,0.036669970267591674,0.036669970267591674,0.0,0.013875123885034688,0.0,0,0.0,37,1.156237474257852,4.4323206012247525,0.42086760009618995,170.52
main,v040,LOSO-dep-f1,primary,LOSO,deployed,1,A,IPPO|ppo_single_site_ensemble_seed23_20260517T110907,IPPO,23,P,"May 2026, pre-781c90c reward",all,-5262.291124406929,4311.620696166414,917.2487222405144,4.171706,29.25,1970.1746297411687,1969.131703241169,0.005847373637264618,0.0037661050545094153,0.0020812685827552033,0.00356788899900892,0.08503468780971259,219,2.083647175421209,59,11.580900675883257,310.49764509228896,0.6116666233745864,171.07
main,v040,LOSO-dep-f1,primary,LOSO,deployed,1,A,IPPO|ppo_single_site_ensemble_seed23_20260517T110907,IPPO,23,P,"May 2026, pre-781c90c reward",0,-870.3068161471942,793.7392777769171,71.10819717027715,0.8343412,4.625,176.47866782221922,176.27008252221918,0.002973240832507433,0.0,0.002973240832507433,0.002973240832507433,0.2566897918731417,43,4.0911793855302285,3,0.9086446848796385,1.0556608156296767,0.8900910796697462,171.07
main,v040,LOSO-dep-f1,primary,LOSO,deployed,1,A,IPPO|ppo_single_site_ensemble_seed23_20260517T110907,IPPO,23,P,"May 2026, pre-781c90c reward",1,-539.6892184854761,461.4412509003374,76.05409858513858,0.5688690000000001,1.625,192.02436990198217,191.88215265198218,0.002973240832507433,0.0,0.002973240832507433,0.002973240832507433,0.12685827552031714,30,2.8543111992071357,3,1.0558381718389798,1.2767170803826429,0.9450455398348732,171.07
main,v040,LOSO-dep-f1,primary,LOSO,deployed,1,A,IPPO|ppo_single_site_ensemble_seed23_20260517T110907,IPPO,23,P,"May 2026, pre-781c90c reward",2,-285.5121521023768,285.5121521023768,0.0,0.0,0.0,207.3428522449135,207.3428522449135,0.0,0.0,0.0,0.0,0.0,0,0.0,0,0.0,0.0,0.0,171.07
main,v040,LOSO-dep-f1,primary,LOSO,deployed,1,A,IPPO|ppo_single_site_ensemble_seed23_20260517T110907,IPPO,23,P,"May 2026, pre-781c90c reward",3,-165.00653143345153,138.00653143345153,27.0,0.0,0.0,207.57497972587112,207.57497972587112,0.0009910802775024777,0.0009910802775024777,0.0,0.0009910802775024777,0.0,0,0.0,1,2.9416993938337894,2.9416993938337894,1.0,171.07
main,v040,LOSO-dep-f1,primary,LOSO,deployed,1,A,IPPO|ppo_single_site_ensemble_seed23_20260517T110907,IPPO,23,P,"May 2026, pre-781c90c reward",4,-683.1964384219405,561.5411228665248,120.16229575541573,0.4930198,1.0,187.59208181284816,187.46882686284818,0.004955401387512388,0.0,0.004955401387512388,0.004955401387512388,0.14469772051536176,26,2.4737363726461843,5,0.9233462979546424,1.0556608156296767,0.9010819717027717,171.07
main,v040,LOSO-dep-f1,primary,LOSO,deployed,1,A,IPPO|ppo_single_site_ensemble_seed23_20260517T110907,IPPO,23,P,"May 2026, pre-781c90c reward",5,-432.4479108736707,377.8453632736707,54.0,0.22754760000000002,0.375,202.30700885189532,202.25012195189535,0.0019821605550049554,0.0,0.0019821605550049554,0.0019821605550049554,0.04558969276511397,12,1.1417244796828543,2,1.0556608156296767,1.0556608156296767,1.0,171.07
main,v040,LOSO-dep-f1,primary,LOSO,deployed,1,A,IPPO|ppo_single_site_ensemble_seed23_20260517T110907,IPPO,23,P,"May 2026, pre-781c90c reward",6,-789.3964483104039,651.6442347252654,130.05409858513858,0.948115,6.75,189.5202083524013,189.28317960240133,0.004955401387512388,0.0,0.004955401387512388,0.004955401387512388,0.15163528245787908,50,4.757185332011893,5,124.35767464141448,310.49764509228896,0.9670273239009239,171.07
main,v040,LOSO-dep-f1,primary,LOSO,deployed,1,A,IPPO|ppo_single_site_ensemble_seed23_20260517T110907,IPPO,23,P,"May 2026, pre-781c90c reward",7,-651.9874082965478,565.7302469262706,71.10819717027715,1.0239642,14.125,192.9849726483063,192.7289815983063,0.002973240832507433,0.0,0.002973240832507433,0.002973240832507433,0.12091179385530228,54,5.137760158572845,3,1.0469263458257105,1.4705057984678933,0.8900910796697462,171.07
main,v040,LOSO-dep-f1,primary,LOSO,deployed,1,A,IPPO|ppo_single_site_ensemble_seed23_20260517T110907,IPPO,23,P,"May 2026, pre-781c90c reward",8,-395.9307284775201,395.1048792775201,0.0,0.0758492,0.75,206.74209800694132,206.72313570694132,0.0,0.0,0.0,0.0,0.003964321110009911,4,0.3805748265609515,0,0.0,0.0,0.0,171.07
main,v040,LOSO-dep-f1,primary,LOSO,deployed,1,A,IPPO|ppo_single_site_ensemble_seed23_20260517T110907,IPPO,23,P,"May 2026, pre-781c90c reward",9,-448.8174718583474,81.0556368840802,367.76183497426723,0.0,0.0,207.60739037379037,207.60739037379037,0.036669970267591674,0.036669970267591674,0.0,0.013875123885034688,0.0,0,0.0,37,1.156237474257852,4.4323206012247525,0.42086760009618995,171.07
main,v040,LOSO-dep-f1,primary,LOSO,deployed,1,A,IPPO|ppo_single_site_ensemble_seed77_20260517T110907,IPPO,77,P,"May 2026, pre-781c90c reward",all,-5268.4447799542395,4320.381847098864,922.1946236553758,3.8683091999999997,22.0,1976.5739951072749,1975.6069178072748,0.005748265609514371,0.0037661050545094153,0.0026759167492566896,0.00356788899900892,0.08225966303270565,203,1.9314172447968287,58,17842.976268288894,165763.33835489664,0.6236207588452956,170.62
main,v040,LOSO-dep-f1,primary,LOSO,deployed,1,A,IPPO|ppo_single_site_ensemble_seed77_20260517T110907,IPPO,77,P,"May 2026, pre-781c90c reward",0,-857.8183854151541,805.2937194300155,49.054098585138576,0.7205674,2.75,177.54371097109913,177.36356912109915,0.0019821605550049554,0.0,0.0019821605550049554,0.0019821605550049554,0.24083250743310208,37,3.520317145688801,2,0.945398717567148,1.0556608156296767,0.9175683097523096,170.62
main,v040,LOSO-dep-f1,primary,LOSO,deployed,1,A,IPPO|ppo_single_site_ensemble_seed77_20260517T110907,IPPO,77,P,"May 2026, pre-781c90c reward",1,-550.3016178650573,470.5157256799188,76.05409858513858,0.6067936,3.125,193.08901434877856,192.93731594877858,0.002973240832507433,0.0,0.002973240832507433,0.002973240832507433,0.11199207135777998,32,3.044598612487612,3,1.0558381718389798,1.2767170803826429,0.9450455398348732,170.62
main,v040,LOSO-dep-f1,primary,LOSO,deployed,1,A,IPPO|ppo_single_site_ensemble_seed77_20260517T110907,IPPO,77,P,"May 2026, pre-781c90c reward",2,-285.5121521023768,285.5121521023768,0.0,0.0,0.0,207.3428522449135,207.3428522449135,0.0,0.0,0.0,0.0,0.0,0,0.0,0,0.0,0.0,0.0,170.62
main,v040,LOSO-dep-f1,primary,LOSO,deployed,1,A,IPPO|ppo_single_site_ensemble_seed77_20260517T110907,IPPO,77,P,"May 2026, pre-781c90c reward",3,-165.00653143345153,138.00653143345153,27.0,0.0,0.0,207.57497972587112,207.57497972587112,0.0009910802775024777,0.0009910802775024777,0.0,0.0009910802775024777,0.0,0,0.0,1,2.9416993938337894,2.9416993938337894,1.0,170.62
main,v040,LOSO-dep-f1,primary,LOSO,deployed,1,A,IPPO|ppo_single_site_ensemble_seed77_20260517T110907,IPPO,77,P,"May 2026, pre-781c90c reward",4,-663.2809084980292,564.0926161277521,98.10819717027715,0.45509520000000003,0.625,187.89692577376246,187.78315197376247,0.003964321110009911,0.0,0.003964321110009911,0.003964321110009911,0.14172447968285432,24,2.2834489593657086,4,0.9453987175671481,1.0556608156296767,0.9175683097523097,170.62
main,v040,LOSO-dep-f1,primary,LOSO,deployed,1,A,IPPO|ppo_single_site_ensemble_seed77_20260517T110907,IPPO,77,P,"May 2026, pre-781c90c reward",5,-417.00591657064524,365.69757198550667,49.054098585138576,0.37924599999999997,1.875,201.09693622153947,201.00212472153947,0.0019821605550049554,0.0,0.0019821605550049554,0.0019821605550049554,0.057482656095143705,20,1.9028741328047574,2,0.945398717567148,1.0556608156296767,0.9175683097523096,170.62
main,v040,LOSO-dep-f1,primary,LOSO,deployed,1,A,IPPO|ppo_single_site_ensemble_seed77_20260517T110907,IPPO,77,P,"May 2026, pre-781c90c reward",6,-778.3491207666558,641.9606809815172,130.05409858513858,0.8343412,5.5,190.20609081425818,189.99750551425817,0.004955401387512388,0.0,0.004955401387512388,0.004955401387512388,0.14172447968285432,44,4.186323092170466,5,124.35767464141448,310.49764509228896,0.9670273239009239,170.62
main,v040,LOSO-dep-f1,primary,LOSO,deployed,1,A,IPPO|ppo_single_site_ensemble_seed77_20260517T110907,IPPO,77,P,"May 2026, pre-781c90c reward",7,-645.3663837932305,565.8367700229533,71.10819717027715,0.7964166000000001,7.625,192.9520369315274,192.7529327815274,0.002973240832507433,0.0,0.002973240832507433,0.002973240832507433,0.12289395441030723,42,3.9960356788899905,3,1.0469263458257105,1.4705057984678933,0.8900910796697462,170.62
main,v040,LOSO-dep-f1,primary,LOSO,deployed,1,A,IPPO|ppo_single_site_ensemble_seed77_20260517T110907,IPPO,77,P,"May 2026, pre-781c90c reward",8,-402.0804564304751,402.0804564304751,0.0,0.0,0.0,207.24888769547053,207.24888769547053,0.0,0.0,0.0,0.0,0.0,0,0.0,0,0.0,0.0,0.0,170.62
main,v040,LOSO-dep-f1,primary,LOSO,deployed,1,A,IPPO|ppo_single_site_ensemble_seed77_20260517T110907,IPPO,77,P,"May 2026, pre-781c90c reward",9,-503.7233070791633,81.38562290489611,421.76183497426723,0.0758492,0.5,211.6225603800546,211.6035980800546,0.03766105054509415,0.036669970267591674,0.007928642220019821,0.015857284440039643,0.005946481665014866,4,0.3805748265609515,38,27217.21110539109,165763.33835489664,0.46023450149974166,170.62
main,v040,LOSO-dep-f1,primary,LOSO,deployed,1,A,IPPO|ppo_single_site_ensemble_seed99_20260517T091403,IPPO,99,P,"May 2026, pre-781c90c reward",all,-5163.408125266934,4331.17033982642,809.2487222405144,3.4890632000000004,19.5,1974.1805929872517,1973.3083271872517,0.005450941526263627,0.0037661050545094153,0.0016848364717542122,0.0031714568880079285,0.07958374628344896,183,1.741129831516353,55,6.712612133729017,308.34426986401934,0.5834241959836473,171.11
main,v040,LOSO-dep-f1,primary,LOSO,deployed,1,A,IPPO|ppo_single_site_ensemble_seed99_20260517T091403,IPPO,99,P,"May 2026, pre-781c90c reward",0,-918.2131852684124,801.302921927858,115.21639434055432,0.5688690000000001,1.125,177.3506343701685,177.20841712016852,0.004955401387512388,0.0,0.004955401387512388,0.004955401387512388,0.25173439048562934,29,2.759167492566898,5,0.8792414587296309,1.0556608156296767,0.8681092956036954,171.11
main,v040,LOSO-dep-f1,primary,LOSO,deployed,1,A,IPPO|ppo_single_site_ensemble_seed99_20260517T091403,IPPO,99,P,"May 2026, pre-781c90c reward",1,-540.7712071426615,460.284465757523,76.05409858513858,0.6826428,3.75,192.10055270877785,191.92989200877784,0.002973240832507433,0.0,0.002973240832507433,0.002973240832507433,0.12289395441030723,36,3.4251734390485633,3,1.0558381718389798,1.2767170803826429,0.9450455398348732,171.11
main,v040,LOSO-dep-f1,primary,LOSO,deployed,1,A,IPPO|ppo_single_site_ensemble_seed99_20260517T091403,IPPO,99,P,"May 2026, pre-781c90c reward",2,-285.5121521023768,285.5121521023768,0.0,0.0,0.0,207.3428522449135,207.3428522449135,0.0,0.0,0.0,0.0,0.0,0,0.0,0,0.0,0.0,0.0,171.11
main,v040,LOSO-dep-f1,primary,LOSO,deployed,1,A,IPPO|ppo_single_site_ensemble_seed99_20260517T091403,IPPO,99,P,"May 2026, pre-781c90c reward",3,-165.00653143345153,138.00653143345153,27.0,0.0,0.0,207.57497972587112,207.57497972587112,0.0009910802775024777,0.0009910802775024777,0.0,0.0009910802775024777,0.0,0,0.0,1,2.9416993938337894,2.9416993938337894,1.0,171.11
main,v040,LOSO-dep-f1,primary,LOSO,deployed,1,A,IPPO|ppo_single_site_ensemble_seed99_20260517T091403,IPPO,99,P,"May 2026, pre-781c90c reward",4,-662.7177068819191,562.6164899116419,98.10819717027715,0.4930198,1.5,187.94026872406505,187.81701377406506,0.003964321110009911,0.0,0.003964321110009911,0.003964321110009911,0.13974231912784935,26,2.4737363726461843,4,0.9453987175671481,1.0556608156296767,0.9175683097523097,171.11
main,v040,LOSO-dep-f1,primary,LOSO,deployed,1,A,IPPO|ppo_single_site_ensemble_seed99_20260517T091403,IPPO,99,P,"May 2026, pre-781c90c reward",5,-382.8027818978529,382.11315889785294,0.0,0.189623,0.5,202.79768558124857,202.75027983124858,0.0,0.0,0.0,0.0,0.035678889990089196,10,0.9514370664023787,0,0.0,0.0,0.0,171.11
main,v040,LOSO-dep-f1,primary,LOSO,deployed,1,A,IPPO|ppo_single_site_ensemble_seed99_20260517T091403,IPPO,99,P,"May 2026, pre-781c90c reward",6,-727.0239032082916,638.7766374082917,81.0,0.8722658,6.375,190.013575830463,189.795509380463,0.002973240832507433,0.0,0.002973240832507433,0.002973240832507433,0.13974231912784935,46,4.376610505450942,3,103.48519716509288,308.34426986401934,1.0,171.11
main,v040,LOSO-dep-f1,primary,LOSO,deployed,1,A,IPPO|ppo_single_site_ensemble_seed99_20260517T091403,IPPO,99,P,"May 2026, pre-781c90c reward",7,-636.6124569961012,586.397466225824,44.10819717027716,0.6067936,5.5,194.71055542101232,194.55885702101233,0.0019821605550049554,0.0,0.0019821605550049554,0.0019821605550049554,0.10208126858275521,32,3.044598612487612,2,0.8351366195046193,0.8351366195046193,0.8351366195046193,171.11
main,v040,LOSO-dep-f1,primary,LOSO,deployed,1,A,IPPO|ppo_single_site_ensemble_seed99_20260517T091403,IPPO,99,P,"May 2026, pre-781c90c reward",8,-395.9307284775201,395.1048792775201,0.0,0.0758492,0.75,206.74209800694132,206.72313570694132,0.0,0.0,0.0,0.0,0.003964321110009911,4,0.3805748265609515,0,0.0,0.0,0.0,171.11
main,v040,LOSO-dep-f1,primary,LOSO,deployed,1,A,IPPO|ppo_single_site_ensemble_seed99_20260517T091403,IPPO,99,P,"May 2026, pre-781c90c reward",9,-448.8174718583474,81.0556368840802,367.76183497426723,0.0,0.0,207.60739037379037,207.60739037379037,0.036669970267591674,0.036669970267591674,0.0,0.013875123885034688,0.0,0,0.0,37,1.156237474257852,4.4323206012247525,0.42086760009618995,171.11
main,v040,LOSO-dep-f1,primary,LOSO,deployed,1,A,IPPO|wcnc2027_ablation/ippo_seed13,IPPO,13,R,wcnc2027_ablation 2026-09-14,all,-5159.486468004052,4378.6728333635365,755.2487222405143,3.5649124,22.0,1977.6612082968331,1976.7699801968333,0.005252725470763132,0.0037661050545094153,0.0014866204162537165,0.002973240832507433,0.07581764122893954,187,1.779187314172448,53,1.128183710857489,4.4323206012247525,0.567704354322653,170.62
main,v040,LOSO-dep-f1,primary,LOSO,deployed,1,A,IPPO|wcnc2027_ablation/ippo_seed13,IPPO,13,R,wcnc2027_ablation 2026-09-14,0,-918.1309205577278,800.3948080171734,115.21639434055432,0.6447182,1.875,177.04414590450622,176.88296635450624,0.004955401387512388,0.0,0.004955401387512388,0.004955401387512388,0.2537165510406343,33,3.1397423191278495,5,0.8792414587296309,1.0556608156296767,0.8681092956036954,170.62
main,v040,LOSO-dep-f1,primary,LOSO,deployed,1,A,IPPO|wcnc2027_ablation/ippo_seed13,IPPO,13,R,wcnc2027_ablation 2026-09-14,1,-545.1907867116588,465.90489452652025,76.05409858513858,0.6067936,2.625,192.58200480371966,192.43030640371967,0.002973240832507433,0.0,0.002973240832507433,0.002973240832507433,0.11793855302279485,32,3.044598612487612,3,1.0558381718389798,1.2767170803826429,0.9450455398348732,170.62
main,v040,LOSO-dep-f1,primary,LOSO,deployed,1,A,IPPO|wcnc2027_ablation/ippo_seed13,IPPO,13,R,wcnc2027_ablation 2026-09-14,2,-285.5121521023768,285.5121521023768,0.0,0.0,0.0,207.3428522449135,207.3428522449135,0.0,0.0,0.0,0.0,0.0,0,0.0,0,0.0,0.0,0.0,170.62
main,v040,LOSO-dep-f1,primary,LOSO,deployed,1,A,IPPO|wcnc2027_ablation/ippo_seed13,IPPO,13,R,wcnc2027_ablation 2026-09-14,3,-165.00653143345153,138.00653143345153,27.0,0.0,0.0,207.57497972587112,207.57497972587112,0.0009910802775024777,0.0009910802775024777,0.0,0.0009910802775024777,0.0,0,0.0,1,2.9416993938337894,2.9416993938337894,1.0,170.62
main,v040,LOSO-dep-f1,primary,LOSO,deployed,1,A,IPPO|wcnc2027_ablation/ippo_seed13,IPPO,13,R,wcnc2027_ablation 2026-09-14,4,-660.3538234189631,557.0629834486858,98.10819717027715,0.6826428,4.5,187.70125850255013,187.53059780255015,0.003964321110009911,0.0,0.003964321110009911,0.003964321110009911,0.13974231912784935,36,3.4251734390485633,4,0.9453987175671481,1.0556608156296767,0.9175683097523097,170.62
main,v040,LOSO-dep-f1,primary,LOSO,deployed,1,A,IPPO|wcnc2027_ablation/ippo_seed13,IPPO,13,R,wcnc2027_ablation 2026-09-14,5,-408.2927403899887,406.06519278998866,0.0,0.2275476,2.0,204.64336517333132,204.58647827333132,0.0,0.0,0.0,0.0,0.02180376610505451,12,1.1417244796828543,0,0.0,0.0,0.0,170.62
main,v040,LOSO-dep-f1,primary,LOSO,deployed,1,A,IPPO|wcnc2027_ablation/ippo_seed13,IPPO,13,R,wcnc2027_ablation 2026-09-14,6,-704.3193376002779,669.9358456002778,27.0,0.7584919999999999,6.625,191.9181141504206,191.7284911504206,0.0009910802775024777,0.0,0.0009910802775024777,0.0009910802775024777,0.1159563924677899,40,3.8057482656095147,1,1.0556608156296767,1.0556608156296767,1.0,170.62
main,v040,LOSO-dep-f1,primary,LOSO,deployed,1,A,IPPO|wcnc2027_ablation/ippo_seed13,IPPO,13,R,wcnc2027_ablation 2026-09-14,7,-626.5116983013153,577.796707531038,44.10819717027716,0.6067936,4.0,194.31150384282694,194.15980544282695,0.0019821605550049554,0.0,0.0019821605550049554,0.0019821605550049554,0.10703666997026759,32,3.044598612487612,2,0.8351366195046193,0.8351366195046193,0.8351366195046193,170.62
main,v040,LOSO-dep-f1,primary,LOSO,deployed,1,A,IPPO|wcnc2027_ablation/ippo_seed13,IPPO,13,R,wcnc2027_ablation 2026-09-14,8,-397.3510056299444,396.9380810299444,0.0,0.0379246,0.375,206.93559357490324,206.92611242490324,0.0,0.0,0.0,0.0,0.0019821605550049554,2,0.19028741328047574,0,0.0,0.0,0.0,170.62
main,v040,LOSO-dep-f1,primary,LOSO,deployed,1,A,IPPO|wcnc2027_ablation/ippo_seed13,IPPO,13,R,wcnc2027_ablation 2026-09-14,9,-448.8174718583474,81.0556368840802,367.76183497426723,0.0,0.0,207.60739037379037,207.60739037379037,0.036669970267591674,0.036669970267591674,0.0,0.013875123885034688,0.0,0,0.0,37,1.156237474257852,4.4323206012247525,0.42086760009618995,170.62
main,v040,LOSO-dep-f1,primary,LOSO,deployed,1,A,IPPO|wcnc2027_ablation/ippo_seed23,IPPO,23,R,wcnc2027_ablation 2026-09-14,all,-5312.366559791207,4294.893363595276,983.4110179959303,4.4371782,29.625,1967.595173865193,1966.4858793151927,0.006144697720515362,0.0037661050545094153,0.0023785926660059467,0.003865213082259663,0.088800792864222,233,2.216848364717542,62,11.060944350574614,310.49764509228896,0.6224796877034591,171.11
main,v040,LOSO-dep-f1,primary,LOSO,deployed,1,A,IPPO|wcnc2027_ablation/ippo_seed23,IPPO,23,R,wcnc2027_ablation 2026-09-14,0,-857.3860213411738,771.9237647708967,71.10819717027715,1.4790594000000001,12.875,173.6389761478279,173.2692112978279,0.002973240832507433,0.0,0.002973240832507433,0.002973240832507433,0.29137760158572845,77,7.326065411298315,3,0.9086446848796385,1.0556608156296767,0.8900910796697462,171.11
main,v040,LOSO-dep-f1,primary,LOSO,deployed,1,A,IPPO|wcnc2027_ablation/ippo_seed23,IPPO,23,R,wcnc2027_ablation 2026-09-14,1,-542.7534631946164,464.13049560947786,76.05409858513858,0.5688690000000001,2.0,192.4884188780568,192.3462016280568,0.002973240832507433,0.0,0.002973240832507433,0.002973240832507433,0.11793855302279485,30,2.8543111992071357,3,1.0558381718389798,1.2767170803826429,0.9450455398348732,171.11
main,v040,LOSO-dep-f1,primary,LOSO,deployed,1,A,IPPO|wcnc2027_ablation/ippo_seed23,IPPO,23,R,wcnc2027_ablation 2026-09-14,2,-285.5121521023768,285.5121521023768,0.0,0.0,0.0,207.3428522449135,207.3428522449135,0.0,0.0,0.0,0.0,0.0,0,0.0,0,0.0,0.0,0.0,171.11
main,v040,LOSO-dep-f1,primary,LOSO,deployed,1,A,IPPO|wcnc2027_ablation/ippo_seed23,IPPO,23,R,wcnc2027_ablation 2026-09-14,3,-165.00653143345153,138.00653143345153,27.0,0.0,0.0,207.57497972587112,207.57497972587112,0.0009910802775024777,0.0009910802775024777,0.0,0.0009910802775024777,0.0,0,0.0,1,2.9416993938337894,2.9416993938337894,1.0,171.11
main,v040,LOSO-dep-f1,primary,LOSO,deployed,1,A,IPPO|wcnc2027_ablation/ippo_seed23,IPPO,23,R,wcnc2027_ablation 2026-09-14,4,-685.0966764637786,563.316360908363,120.16229575541573,0.4930198,1.125,187.81654881136646,187.69329386136644,0.004955401387512388,0.0,0.004955401387512388,0.004955401387512388,0.14469772051536176,26,2.4737363726461843,5,0.9233462979546424,1.0556608156296767,0.9010819717027717,171.11
main,v040,LOSO-dep-f1,primary,LOSO,deployed,1,A,IPPO|wcnc2027_ablation/ippo_seed23,IPPO,23,R,wcnc2027_ablation 2026-09-14,5,-441.53998834627225,386.97536534627227,54.0,0.18962299999999999,0.375,203.1149832114432,203.0675774614432,0.0019821605550049554,0.0,0.0019821605550049554,0.0019821605550049554,0.036669970267591674,10,0.9514370664023787,2,1.0556608156296767,1.0556608156296767,1.0,171.11
main,v040,LOSO-dep-f1,primary,LOSO,deployed,1,A,IPPO|wcnc2027_ablation/ippo_seed23,IPPO,23,R,wcnc2027_ablation 2026-09-14,6,-791.5461990470717,654.0819100619333,130.05409858513858,0.9101904000000001,6.5,189.85675260999756,189.62920500999758,0.004955401387512388,0.0,0.004955401387512388,0.004955401387512388,0.1466798810703667,48,4.566897918731417,5,124.35767464141448,310.49764509228896,0.9670273239009239,171.11
main,v040,LOSO-dep-f1,primary,LOSO,deployed,1,A,IPPO|wcnc2027_ablation/ippo_seed23,IPPO,23,R,wcnc2027_ablation 2026-09-14,7,-698.0666240124385,554.2005636867457,137.27049292569288,0.7205674,5.875,191.3259677008826,191.14582585088257,0.005946481665014866,0.0,0.005946481665014866,0.005946481665014866,0.14767096134786917,38,3.615460852329039,6,0.9410314826651649,1.4705057984678933,0.8626138495871828,171.11
main,v040,LOSO-dep-f1,primary,LOSO,deployed,1,A,IPPO|wcnc2027_ablation/ippo_seed23,IPPO,23,R,wcnc2027_ablation 2026-09-14,8,-396.64143199167916,395.69058279167916,0.0,0.0758492,0.875,206.82830416104332,206.80934186104332,0.0,0.0,0.0,0.0,0.002973240832507433,4,0.3805748265609515,0,0.0,0.0,0.0,171.11
main,v040,LOSO-dep-f1,primary,LOSO,deployed,1,A,IPPO|wcnc2027_ablation/ippo_seed23,IPPO,23,R,wcnc2027_ablation 2026-09-14,9,-448.8174718583474,81.0556368840802,367.76183497426723,0.0,0.0,207.60739037379037,207.60739037379037,0.036669970267591674,0.036669970267591674,0.0,0.013875123885034688,0.0,0,0.0,37,1.156237474257852,4.4323206012247525,0.42086760009618995,171.11
main,v040,LOSO-dep-f1,primary,LOSO,deployed,1,A,IPPO|ippo_nr_seed42,IPPO,42,T,"June 2026, current reward",all,-5131.201193087329,4332.28438200223,770.0864264850986,3.8303846000000004,25.0,1973.6983104091553,1972.7407142591553,0.005252725470763132,0.0037661050545094153,0.0014866204162537165,0.002973240832507433,0.08057482656095144,201,1.9123885034687813,53,6.946391760283963,308.34426986401934,0.5770362437846556,170.83
main,v040,LOSO-dep-f1,primary,LOSO,deployed,1,A,IPPO|ippo_nr_seed42,IPPO,42,T,"June 2026, current reward",0,-867.2500941509536,790.3567065806764,71.10819717027715,0.9101904,4.875,175.74806207781816,175.52051447781815,0.002973240832507433,0.0,0.002973240832507433,0.002973240832507433,0.26461843409316155,47,4.47175421209118,3,0.9086446848796385,1.0556608156296767,0.8900910796697462,170.83
main,v040,LOSO-dep-f1,primary,LOSO,deployed,1,A,IPPO|ippo_nr_seed42,IPPO,42,T,"June 2026, current reward",1,-539.2513717610982,460.7534041759596,76.05409858513858,0.5688690000000001,1.875,192.08926895681043,191.94705170681044,0.002973240832507433,0.0,0.002973240832507433,0.002973240832507433,0.12388503468780972,30,2.8543111992071357,3,1.0558381718389798,1.2767170803826429,0.9450455398348732,170.83
main,v040,LOSO-dep-f1,primary,LOSO,deployed,1,A,IPPO|ippo_nr_seed42,IPPO,42,T,"June 2026, current reward",2,-285.5121521023768,285.5121521023768,0.0,0.0,0.0,207.3428522449135,207.3428522449135,0.0,0.0,0.0,0.0,0.0,0,0.0,0,0.0,0.0,0.0,170.83
main,v040,LOSO-dep-f1,primary,LOSO,deployed,1,A,IPPO|ippo_nr_seed42,IPPO,42,T,"June 2026, current reward",3,-165.00653143345153,138.00653143345153,27.0,0.0,0.0,207.57497972587112,207.57497972587112,0.0009910802775024777,0.0009910802775024777,0.0,0.0009910802775024777,0.0,0,0.0,1,2.9416993938337894,2.9416993938337894,1.0,170.83
main,v040,LOSO-dep-f1,primary,LOSO,deployed,1,A,IPPO|ippo_nr_seed42,IPPO,42,T,"June 2026, current reward",4,-647.4660811432336,569.668962758095,76.05409858513858,0.4930198,1.25,188.5366531383064,188.41339818830642,0.002973240832507433,0.0,0.002973240832507433,0.002973240832507433,0.1337958374628345,26,2.4737363726461843,3,0.9821527502546576,1.0556608156296767,0.9450455398348732,170.83
main,v040,LOSO-dep-f1,primary,LOSO,deployed,1,A,IPPO|ippo_nr_seed42,IPPO,42,T,"June 2026, current reward",5,-405.99454927597264,405.91870007597265,0.0,0.0758492,0.0,204.73658595286383,204.71762365286384,0.0,0.0,0.0,0.0,0.019821605550049554,4,0.3805748265609515,0,0.0,0.0,0.0,170.83
main,v040,LOSO-dep-f1,primary,LOSO,deployed,1,A,IPPO|ippo_nr_seed42,IPPO,42,T,"June 2026, current reward",6,-728.1984408969538,639.4511750969538,81.0,0.8722658000000001,6.875,190.1745190977015,189.9564526477015,0.002973240832507433,0.0,0.002973240832507433,0.002973240832507433,0.13875123885034688,46,4.376610505450942,3,103.48519716509288,308.34426986401934,1.0,170.83
main,v040,LOSO-dep-f1,primary,LOSO,deployed,1,A,IPPO|ippo_nr_seed42,IPPO,42,T,"June 2026, current reward",7,-649.6101658149095,569.2434766446324,71.10819717027715,0.7584919999999999,8.5,193.27314071151955,193.08351771151956,0.002973240832507433,0.0,0.002973240832507433,0.002973240832507433,0.11793855302279485,40,3.8057482656095147,3,1.0469263458257105,1.4705057984678933,0.8900910796697462,170.83
main,v040,LOSO-dep-f1,primary,LOSO,deployed,1,A,IPPO|ippo_nr_seed42,IPPO,42,T,"June 2026, current reward",8,-394.0943346500318,392.3176362500318,0.0,0.1516984,1.625,206.61485812956036,206.57693352956036,0.0,0.0,0.0,0.0,0.006937561942517344,8,0.761149653121903,0,0.0,0.0,0.0,170.83
main,v040,LOSO-dep-f1,primary,LOSO,deployed,1,A,IPPO|ippo_nr_seed42,IPPO,42,T,"June 2026, current reward",9,-448.8174718583474,81.0556368840802,367.76183497426723,0.0,0.0,207.60739037379037,207.60739037379037,0.036669970267591674,0.036669970267591674,0.0,0.013875123885034688,0.0,0,0.0,37,1.156237474257852,4.4323206012247525,0.42086760009618995,170.83
main,v040,LOSO-dep-f1,primary,LOSO,deployed,1,A,IPPO|ippo_nr_seed64,IPPO,64,T,"June 2026, current reward",all,-5195.358157164095,4286.386868002439,866.279864961655,4.8164242,37.875,1967.4501968190536,1966.2460907690536,0.005748265609514371,0.0037661050545094153,0.0019821605550049554,0.003468780971258672,0.08780971258671952,253,2.4071357779980183,58,1.113389693032394,4.4323206012247525,0.5911960149966429,170.94
main,v040,LOSO-dep-f1,primary,LOSO,deployed,1,A,IPPO|ippo_nr_seed64,IPPO,64,T,"June 2026, current reward",0,-860.2043511038194,768.5796733975402,79.08524130627927,1.2894364,11.25,173.3434788188885,173.02111971888854,0.003964321110009911,0.0,0.003964321110009911,0.003964321110009911,0.2993062438057483,67,6.374628344895937,4,0.7729588814597464,1.0556608156296767,0.7590436775523273,170.94
main,v040,LOSO-dep-f1,primary,LOSO,deployed,1,A,IPPO|ippo_nr_seed64,IPPO,64,T,"June 2026, current reward",1,-544.2899135332345,465.129021348096,76.05409858513858,0.6067936,2.5,192.63215326686014,192.48045486686013,0.002973240832507433,0.0,0.002973240832507433,0.002973240832507433,0.11793855302279485,32,3.044598612487612,3,1.0558381718389798,1.2767170803826429,0.9450455398348732,170.94
main,v040,LOSO-dep-f1,primary,LOSO,deployed,1,A,IPPO|ippo_nr_seed64,IPPO,64,T,"June 2026, current reward",2,-308.6988868686965,285.0310144835579,22.05409858513858,0.11377380000000001,1.5,207.29509018456136,207.26664673456136,0.0009910802775024777,0.0,0.0009910802775024777,0.0009910802775024777,0.002973240832507433,6,0.5708622398414271,1,0.8351366195046193,0.8351366195046193,0.8351366195046193,170.94
main,v040,LOSO-dep-f1,primary,LOSO,deployed,1,A,IPPO|ippo_nr_seed64,IPPO,64,T,"June 2026, current reward",3,-165.00653143345153,138.00653143345153,27.0,0.0,0.0,207.57497972587112,207.57497972587112,0.0009910802775024777,0.0009910802775024777,0.0,0.0009910802775024777,0.0,0,0.0,1,2.9416993938337894,2.9416993938337894,1.0,170.94
main,v040,LOSO-dep-f1,primary,LOSO,deployed,1,A,IPPO|ippo_nr_seed64,IPPO,64,T,"June 2026, current reward",4,-667.5964966027723,562.8927320324951,98.10819717027715,0.7205674,5.875,188.40444463499912,188.2243027849991,0.003964321110009911,0.0,0.003964321110009911,0.003964321110009911,0.13181367690782952,38,3.615460852329039,4,0.9453987175671481,1.0556608156296767,0.9175683097523097,170.94
main,v040,LOSO-dep-f1,primary,LOSO,deployed,1,A,IPPO|ippo_nr_seed64,IPPO,64,T,"June 2026, current reward",5,-416.7230799365958,366.49058455145723,49.054098585138576,0.30339679999999997,0.875,201.2662771706296,201.1904279706296,0.0019821605550049554,0.0,0.0019821605550049554,0.0019821605550049554,0.05550049554013875,16,1.522299306243806,2,0.945398717567148,1.0556608156296767,0.9175683097523096,170.94
main,v040,LOSO-dep-f1,primary,LOSO,deployed,1,A,IPPO|ippo_nr_seed64,IPPO,64,T,"June 2026, current reward",6,-719.9445679501987,683.8223021501988,27.0,0.8722658,8.25,192.35260477183286,192.13453832183285,0.0009910802775024777,0.0,0.0009910802775024777,0.0009910802775024777,0.11000991080277503,46,4.376610505450942,1,1.0556608156296767,1.0556608156296767,1.0,170.94
main,v040,LOSO-dep-f1,primary,LOSO,deployed,1,A,IPPO|ippo_nr_seed64,IPPO,64,T,"June 2026, current reward",7,-679.2324501419066,553.6754361864907,120.16229575541573,0.6447182,4.75,191.26909043297695,191.10791088297697,0.004955401387512388,0.0,0.004955401387512388,0.004955401387512388,0.14866204162537167,34,3.2348860257680876,5,1.0063152945222855,1.4705057984678933,0.9010819717027715,170.94
main,v040,LOSO-dep-f1,primary,LOSO,deployed,1,A,IPPO|ippo_nr_seed64,IPPO,64,T,"June 2026, current reward",8,-384.8444077350722,381.7039355350722,0.0,0.26547220000000005,2.875,205.7046874386436,205.6383193886436,0.0,0.0,0.0,0.0,0.011892963330029732,14,1.33201189296333,0,0.0,0.0,0.0,170.94
main,v040,LOSO-dep-f1,primary,LOSO,deployed,1,A,IPPO|ippo_nr_seed64,IPPO,64,T,"June 2026, current reward",9,-448.8174718583474,81.0556368840802,367.76183497426723,0.0,0.0,207.60739037379037,207.60739037379037,0.036669970267591674,0.036669970267591674,0.0,0.013875123885034688,0.0,0,0.0,37,1.156237474257852,4.4323206012247525,0.42086760009618995,170.94
main,v040,LOSO-dep-f1,primary,LOSO,deployed,1,A,IPPO|wcnc2027_ablation/ippo_seed77,IPPO,77,R,wcnc2027_ablation 2026-09-14,all,-5246.970295937819,4306.598316712166,912.302820825653,3.9441584,24.125,1971.3820749135928,1970.3960353135928,0.005847373637264618,0.0037661050545094153,0.0020812685827552033,0.00356788899900892,0.08374628344895936,207,1.9694747274529236,59,11.57716297764385,310.49764509228896,0.6088723287899189,171.08
main,v040,LOSO-dep-f1,primary,LOSO,deployed,1,A,IPPO|wcnc2027_ablation/ippo_seed77,IPPO,77,R,wcnc2027_ablation 2026-09-14,0,-870.6016320974189,796.4357921271418,71.10819717027715,0.6826428,2.375,176.791844328599,176.621183628599,0.002973240832507433,0.0,0.002973240832507433,0.002973240832507433,0.25074331020812685,35,3.3300297324083252,3,0.9086446848796385,1.0556608156296767,0.8900910796697462,171.08
main,v040,LOSO-dep-f1,primary,LOSO,deployed,1,A,IPPO|wcnc2027_ablation/ippo_seed77,IPPO,77,R,wcnc2027_ablation 2026-09-14,1,-544.6528207685595,465.329003983421,76.05409858513858,0.6447182,2.625,192.4714144019166,192.31023485191662,0.002973240832507433,0.0,0.002973240832507433,0.002973240832507433,0.12091179385530228,34,3.2348860257680876,3,1.0558381718389798,1.2767170803826429,0.9450455398348732,171.08
main,v040,LOSO-dep-f1,primary,LOSO,deployed,1,A,IPPO|wcnc2027_ablation/ippo_seed77,IPPO,77,R,wcnc2027_ablation 2026-09-14,2,-285.5121521023768,285.5121521023768,0.0,0.0,0.0,207.3428522449135,207.3428522449135,0.0,0.0,0.0,0.0,0.0,0,0.0,0,0.0,0.0,0.0,171.08
main,v040,LOSO-dep-f1,primary,LOSO,deployed,1,A,IPPO|wcnc2027_ablation/ippo_seed77,IPPO,77,R,wcnc2027_ablation 2026-09-14,3,-165.00653143345153,138.00653143345153,27.0,0.0,0.0,207.57497972587112,207.57497972587112,0.0009910802775024777,0.0009910802775024777,0.0,0.0009910802775024777,0.0,0,0.0,1,2.9416993938337894,2.9416993938337894,1.0,171.08
main,v040,LOSO-dep-f1,primary,LOSO,deployed,1,A,IPPO|wcnc2027_ablation/ippo_seed77,IPPO,77,R,wcnc2027_ablation 2026-09-14,4,-681.1914627264434,558.7482225710278,120.16229575541573,0.5309444,1.75,187.46170092323737,187.32896482323738,0.004955401387512388,0.0,0.004955401387512388,0.004955401387512388,0.14767096134786917,28,2.66402378592666,5,0.9233462979546424,1.0556608156296767,0.9010819717027717,171.08
main,v040,LOSO-dep-f1,primary,LOSO,deployed,1,A,IPPO|wcnc2027_ablation/ippo_seed77,IPPO,77,R,wcnc2027_ablation 2026-09-14,5,-425.9037615250247,375.2962661398861,49.054098585138576,0.3033968,1.25,202.13655283017812,202.06070363017812,0.0019821605550049554,0.0,0.0019821605550049554,0.0019821605550049554,0.04658077304261645,16,1.522299306243806,2,0.945398717567148,1.0556608156296767,0.9175683097523096,171.08
main,v040,LOSO-dep-f1,primary,LOSO,deployed,1,A,IPPO|wcnc2027_ablation/ippo_seed77,IPPO,77,R,wcnc2027_ablation 2026-09-14,6,-776.7558799478854,639.0415909627468,130.05409858513858,0.9101904000000001,6.75,189.84963946964984,189.62209186964984,0.004955401387512388,0.0,0.004955401387512388,0.004955401387512388,0.1466798810703667,48,4.566897918731417,5,124.35767464141448,310.49764509228896,0.9670273239009239,171.08
main,v040,LOSO-dep-f1,primary,LOSO,deployed,1,A,IPPO|wcnc2027_ablation/ippo_seed77,IPPO,77,R,wcnc2027_ablation 2026-09-14,7,-646.4481270478357,565.0926640775585,71.10819717027715,0.8722658000000001,9.375,192.8968129199664,192.67874646996637,0.002973240832507433,0.0,0.002973240832507433,0.002973240832507433,0.12487611496531219,46,4.376610505450942,3,1.0469263458257105,1.4705057984678933,0.8900910796697462,171.08
main,v040,LOSO-dep-f1,primary,LOSO,deployed,1,A,IPPO|wcnc2027_ablation/ippo_seed77,IPPO,77,R,wcnc2027_ablation 2026-09-14,8,-402.0804564304751,402.0804564304751,0.0,0.0,0.0,207.24888769547053,207.24888769547053,0.0,0.0,0.0,0.0,0.0,0,0.0,0,0.0,0.0,0.0,171.08
main,v040,LOSO-dep-f1,primary,LOSO,deployed,1,A,IPPO|wcnc2027_ablation/ippo_seed77,IPPO,77,R,wcnc2027_ablation 2026-09-14,9,-448.8174718583474,81.0556368840802,367.76183497426723,0.0,0.0,207.60739037379037,207.60739037379037,0.036669970267591674,0.036669970267591674,0.0,0.013875123885034688,0.0,0,0.0,37,1.156237474257852,4.4323206012247525,0.42086760009618995,171.08
main,v040,LOSO-dep-f1,primary,LOSO,deployed,1,A,IPPO|wcnc2027_ablation/ippo_seed99,IPPO,99,R,wcnc2027_ablation 2026-09-14,all,-25019.453377352074,4574.613324196229,20416.501176555845,4.5888766,23.75,2394.540428826942,2393.393209676942,0.07799801783944499,0.07076313181367691,0.07423191278493559,0.07571853320118929,0.1550049554013875,241,2.2929633300297327,787,2118.85158499838,11675.851348207061,0.9642483006221242,170.88
main,v040,LOSO-dep-f1,primary,LOSO,deployed,1,A,IPPO|wcnc2027_ablation/ippo_seed99,IPPO,99,R,wcnc2027_ablation 2026-09-14,0,-886.8087856317043,786.5354502762885,93.16229575541573,0.9860396,6.125,175.58352810603833,175.33701820603835,0.003964321110009911,0.0,0.003964321110009911,0.003964321110009911,0.26858275520317143,51,4.852329038652131,4,0.8902676685358837,1.0556608156296767,0.8763524646284644,170.88
main,v040,LOSO-dep-f1,primary,LOSO,deployed,1,A,IPPO|wcnc2027_ablation/ippo_seed99,IPPO,99,R,wcnc2027_ablation 2026-09-14,1,-548.9044519846318,469.61855979949314,76.05409858513858,0.6067936,2.625,192.95879002622365,192.80709162622367,0.002973240832507433,0.0,0.002973240832507433,0.002973240832507433,0.1159563924677899,32,3.044598612487612,3,1.0558381718389798,1.2767170803826429,0.9450455398348732,170.88
main,v040,LOSO-dep-f1,primary,LOSO,deployed,1,A,IPPO|wcnc2027_ablation/ippo_seed99,IPPO,99,R,wcnc2027_ablation 2026-09-14,2,-285.5121521023768,285.5121521023768,0.0,0.0,0.0,207.3428522449135,207.3428522449135,0.0,0.0,0.0,0.0,0.0,0,0.0,0,0.0,0.0,0.0,170.88
main,v040,LOSO-dep-f1,primary,LOSO,deployed,1,A,IPPO|wcnc2027_ablation/ippo_seed99,IPPO,99,R,wcnc2027_ablation 2026-09-14,3,-19956.190505859562,397.3474319293697,19558.198355730194,0.6447182,0.0,629.3905803032137,629.2294007532137,0.7234886025768087,0.6709613478691774,0.7224975222993062,0.7234886025768087,0.7324083250743311,34,3.2348860257680876,730,2283.366516415392,11675.851348207061,0.9930684180698719,170.88
main,v040,LOSO-dep-f1,primary,LOSO,deployed,1,A,IPPO|wcnc2027_ablation/ippo_seed99,IPPO,99,R,wcnc2027_ablation 2026-09-14,4,-679.0445055874837,555.563340832068,120.16229575541573,0.5688690000000001,2.75,187.38299326880346,187.24077601880344,0.004955401387512388,0.0,0.004955401387512388,0.004955401387512388,0.14568880079286423,30,2.8543111992071357,5,0.9233462979546424,1.0556608156296767,0.9010819717027717,170.88
main,v040,LOSO-dep-f1,primary,LOSO,deployed,1,A,IPPO|wcnc2027_ablation/ippo_seed99,IPPO,99,R,wcnc2027_ablation 2026-09-14,5,-404.64706462996674,376.91951702996676,27.0,0.22754760000000002,0.5,202.2614609583229,202.20457405832292,0.0009910802775024777,0.0,0.0009910802775024777,0.0009910802775024777,0.04162537165510406,12,1.1417244796828543,1,1.0556608156296767,1.0556608156296767,1.0,170.88
main,v040,LOSO-dep-f1,primary,LOSO,deployed,1,A,IPPO|wcnc2027_ablation/ippo_seed99,IPPO,99,R,wcnc2027_ablation 2026-09-14,6,-777.5747125922996,640.2733482071611,130.05409858513858,0.8722658000000001,6.375,190.01890112913125,189.80083467913124,0.004955401387512388,0.0,0.004955401387512388,0.004955401387512388,0.14469772051536176,46,4.376610505450942,5,124.35767464141448,310.49764509228896,0.9670273239009239,170.88
main,v040,LOSO-dep-f1,primary,LOSO,deployed,1,A,IPPO|wcnc2027_ablation/ippo_seed99,IPPO,99,R,wcnc2027_ablation 2026-09-14,7,-635.3134249899166,585.4355096196393,44.10819717027716,0.6447182,5.125,195.14454499570337,194.98336544570338,0.0019821605550049554,0.0,0.0019821605550049554,0.0019821605550049554,0.0981169474727453,34,3.2348860257680876,2,0.8351366195046193,0.8351366195046193,0.8351366195046193,170.88
main,v040,LOSO-dep-f1,primary,LOSO,deployed,1,A,IPPO|wcnc2027_ablation/ippo_seed99,IPPO,99,R,wcnc2027_ablation 2026-09-14,8,-396.64030211578535,396.35237751578535,0.0,0.0379246,0.25,206.84938742080124,206.83990627080124,0.0,0.0,0.0,0.0,0.002973240832507433,2,0.19028741328047574,0,0.0,0.0,0.0,170.88
main,v040,LOSO-dep-f1,primary,LOSO,deployed,1,A,IPPO|wcnc2027_ablation/ippo_seed99,IPPO,99,R,wcnc2027_ablation 2026-09-14,9,-448.8174718583474,81.0556368840802,367.76183497426723,0.0,0.0,207.60739037379037,207.60739037379037,0.036669970267591674,0.036669970267591674,0.0,0.013875123885034688,0.0,0,0.0,37,1.156237474257852,4.4323206012247525,0.42086760009618995,170.88
main,v040,LOSO-dep-f1,primary,LOSO,deployed,1,A,IPPO|ppo_single_site_ensemble_seed1_20260517T110907,IPPO,1,P,"May 2026, pre-781c90c reward",all,-5147.954233376524,4355.727045291425,770.0864264850987,3.6407616000000003,18.5,1977.1956851547134,1976.2854947547135,0.005252725470763132,0.0037661050545094153,0.0014866204162537165,0.002973240832507433,0.07621407333994054,191,1.8172447968285435,53,6.938564496456825,308.34426986401934,0.5770362437846556,171.1
main,v040,LOSO-dep-f1,primary,LOSO,deployed,1,A,IPPO|ppo_single_site_ensemble_seed1_20260517T110907,IPPO,1,P,"May 2026, pre-781c90c reward",0,-879.1335532113881,805.5927132411108,71.10819717027715,0.6826428,1.75,177.57889805061131,177.40823735061133,0.002973240832507433,0.0,0.002973240832507433,0.002973240832507433,0.244796828543112,35,3.3300297324083252,3,0.9086446848796385,1.0556608156296767,0.8900910796697462,171.1
main,v040,LOSO-dep-f1,primary,LOSO,deployed,1,A,IPPO|ppo_single_site_ensemble_seed1_20260517T110907,IPPO,1,P,"May 2026, pre-781c90c reward",1,-558.4136246328644,479.1277324477258,76.05409858513858,0.6067936,2.625,194.00839045391666,193.85669205391662,0.002973240832507433,0.0,0.002973240832507433,0.002973240832507433,0.10307234886025768,32,3.044598612487612,3,1.0558381718389798,1.2767170803826429,0.9450455398348732,171.1
main,v040,LOSO-dep-f1,primary,LOSO,deployed,1,A,IPPO|ppo_single_site_ensemble_seed1_20260517T110907,IPPO,1,P,"May 2026, pre-781c90c reward",2,-285.5121521023768,285.5121521023768,0.0,0.0,0.0,207.3428522449135,207.3428522449135,0.0,0.0,0.0,0.0,0.0,0,0.0,0,0.0,0.0,0.0,171.1
main,v040,LOSO-dep-f1,primary,LOSO,deployed,1,A,IPPO|ppo_single_site_ensemble_seed1_20260517T110907,IPPO,1,P,"May 2026, pre-781c90c reward",3,-165.00653143345153,138.00653143345153,27.0,0.0,0.0,207.57497972587112,207.57497972587112,0.0009910802775024777,0.0009910802775024777,0.0,0.0009910802775024777,0.0,0,0.0,1,2.9416993938337894,2.9416993938337894,1.0,171.1
main,v040,LOSO-dep-f1,primary,LOSO,deployed,1,A,IPPO|ppo_single_site_ensemble_seed1_20260517T110907,IPPO,1,P,"May 2026, pre-781c90c reward",4,-651.0430337875216,572.5450662023832,76.05409858513858,0.5688690000000001,1.875,188.97934198957262,188.8371247395726,0.002973240832507433,0.0,0.002973240832507433,0.002973240832507433,0.1288404360753221,30,2.8543111992071357,3,0.9821527502546576,1.0556608156296767,0.9450455398348732,171.1
main,v040,LOSO-dep-f1,primary,LOSO,deployed,1,A,IPPO|ppo_single_site_ensemble_seed1_20260517T110907,IPPO,1,P,"May 2026, pre-781c90c reward",5,-414.97421465608363,387.28459165608365,27.0,0.18962299999999999,0.5,203.11293909532958,203.06553334532958,0.0009910802775024777,0.0,0.0009910802775024777,0.0009910802775024777,0.03468780971258672,10,0.9514370664023787,1,1.0556608156296767,1.0556608156296767,1.0,171.1
main,v040,LOSO-dep-f1,primary,LOSO,deployed,1,A,IPPO|ppo_single_site_ensemble_seed1_20260517T110907,IPPO,1,P,"May 2026, pre-781c90c reward",6,-725.7074101567191,636.797219756719,81.0,0.9101904000000001,7.0,189.8626388311157,189.6350912311157,0.002973240832507433,0.0,0.002973240832507433,0.002973240832507433,0.14172447968285432,48,4.566897918731417,3,103.48519716509288,308.34426986401934,1.0,171.1
main,v040,LOSO-dep-f1,primary,LOSO,deployed,1,A,IPPO|ppo_single_site_ensemble_seed1_20260517T110907,IPPO,1,P,"May 2026, pre-781c90c reward",7,-634.3168141608344,584.9768233905572,44.10819717027716,0.6067936,4.625,195.12892334192549,194.9772249419255,0.0019821605550049554,0.0,0.0019821605550049554,0.0019821605550049554,0.09712586719524281,32,3.044598612487612,2,0.8351366195046193,0.8351366195046193,0.8351366195046193,171.1
main,v040,LOSO-dep-f1,primary,LOSO,deployed,1,A,IPPO|ppo_single_site_ensemble_seed1_20260517T110907,IPPO,1,P,"May 2026, pre-781c90c reward",8,-385.0294273769375,384.8285781769375,0.0,0.0758492,0.125,205.99933104766708,205.9803687476671,0.0,0.0,0.0,0.0,0.011892963330029732,4,0.3805748265609515,0,0.0,0.0,0.0,171.1
main,v040,LOSO-dep-f1,primary,LOSO,deployed,1,A,IPPO|ppo_single_site_ensemble_seed1_20260517T110907,IPPO,1,P,"May 2026, pre-781c90c reward",9,-448.8174718583474,81.0556368840802,367.76183497426723,0.0,0.0,207.60739037379037,207.60739037379037,0.036669970267591674,0.036669970267591674,0.0,0.013875123885034688,0.0,0,0.0,37,1.156237474257852,4.4323206012247525,0.42086760009618995,171.1
main,v040,LOSO-dep-f1,primary,LOSO,deployed,1,A,IPPO|ppo_single_site_ensemble_seed7_20260517T091403,IPPO,7,P,"May 2026, pre-781c90c reward",all,-5219.122655091837,4326.380623651323,863.2487222405143,3.8683091999999997,25.625,1973.4936150406675,1972.5265377406677,0.005649157581764123,0.0037661050545094153,0.0018830525272547076,0.0033696729435084244,0.08126858275520317,203,1.9314172447968287,57,11.942929355491483,310.49764509228896,0.5980408908614141,170.88
main,v040,LOSO-dep-f1,primary,LOSO,deployed,1,A,IPPO|ppo_single_site_ensemble_seed7_20260517T091403,IPPO,7,P,"May 2026, pre-781c90c reward",0,-869.6310150377645,795.0522504674874,71.10819717027715,0.7205674000000001,2.75,176.65226231456904,176.472120464569,0.002973240832507433,0.0,0.002973240832507433,0.002973240832507433,0.2556987115956392,37,3.520317145688801,3,0.9086446848796385,1.0556608156296767,0.8900910796697462,170.88
main,v040,LOSO-dep-f1,primary,LOSO,deployed,1,A,IPPO|ppo_single_site_ensemble_seed7_20260517T091403,IPPO,7,P,"May 2026, pre-781c90c reward",1,-539.2876969721034,452.4484079869648,76.05409858513858,0.9101904000000001,9.875,191.13119556286173,190.90364796286175,0.002973240832507433,0.0,0.002973240832507433,0.002973240832507433,0.13181367690782952,48,4.566897918731417,3,1.0558381718389798,1.2767170803826429,0.9450455398348732,170.88
main,v040,LOSO-dep-f1,primary,LOSO,deployed,1,A,IPPO|ppo_single_site_ensemble_seed7_20260517T091403,IPPO,7,P,"May 2026, pre-781c90c reward",2,-285.5121521023768,285.5121521023768,0.0,0.0,0.0,207.3428522449135,207.3428522449135,0.0,0.0,0.0,0.0,0.0,0,0.0,0,0.0,0.0,0.0,170.88
main,v040,LOSO-dep-f1,primary,LOSO,deployed,1,A,IPPO|ppo_single_site_ensemble_seed7_20260517T091403,IPPO,7,P,"May 2026, pre-781c90c reward",3,-165.00653143345153,138.00653143345153,27.0,0.0,0.0,207.57497972587112,207.57497972587112,0.0009910802775024777,0.0009910802775024777,0.0,0.0009910802775024777,0.0,0,0.0,1,2.9416993938337894,2.9416993938337894,1.0,170.88
main,v040,LOSO-dep-f1,primary,LOSO,deployed,1,A,IPPO|ppo_single_site_ensemble_seed7_20260517T091403,IPPO,7,P,"May 2026, pre-781c90c reward",4,-704.3094872070229,560.7250730664687,142.2163943405543,0.4930198,0.875,187.47726533673986,187.35401038673984,0.005946481665014866,0.0,0.005946481665014866,0.005946481665014866,0.14866204162537167,26,2.4737363726461843,6,0.9086446848796386,1.0556608156296767,0.8900910796697463,170.88
main,v040,LOSO-dep-f1,primary,LOSO,deployed,1,A,IPPO|ppo_single_site_ensemble_seed7_20260517T091403,IPPO,7,P,"May 2026, pre-781c90c reward",5,-416.4444792834557,388.87985628345575,27.0,0.18962299999999999,0.375,203.32499824309485,203.27759249309486,0.0009910802775024777,0.0,0.0009910802775024777,0.0009910802775024777,0.03369672943508424,10,0.9514370664023787,1,1.0556608156296767,1.0556608156296767,1.0,170.88
main,v040,LOSO-dep-f1,primary,LOSO,deployed,1,A,IPPO|ppo_single_site_ensemble_seed7_20260517T091403,IPPO,7,P,"May 2026, pre-781c90c reward",6,-774.1834690010664,635.9312554159278,130.05409858513858,0.948115,7.25,189.7242291833243,189.4872004333243,0.004955401387512388,0.0,0.004955401387512388,0.004955401387512388,0.14767096134786917,50,4.757185332011893,5,124.35767464141448,310.49764509228896,0.9670273239009239,170.88
main,v040,LOSO-dep-f1,primary,LOSO,deployed,1,A,IPPO|ppo_single_site_ensemble_seed7_20260517T091403,IPPO,7,P,"May 2026, pre-781c90c reward",7,-613.8498957657736,586.689003580635,22.05409858513858,0.6067936,4.5,195.4095543600322,195.2578559600322,0.0009910802775024777,0.0,0.0009910802775024777,0.0009910802775024777,0.09514370664023786,32,3.044598612487612,1,0.8351366195046193,0.8351366195046193,0.8351366195046193,170.88
main,v040,LOSO-dep-f1,primary,LOSO,deployed,1,A,IPPO|ppo_single_site_ensemble_seed7_20260517T091403,IPPO,7,P,"May 2026, pre-781c90c reward",8,-402.0804564304751,402.0804564304751,0.0,0.0,0.0,207.24888769547053,207.24888769547053,0.0,0.0,0.0,0.0,0.0,0,0.0,0,0.0,0.0,0.0,170.88
main,v040,LOSO-dep-f1,primary,LOSO,deployed,1,A,IPPO|ppo_single_site_ensemble_seed7_20260517T091403,IPPO,7,P,"May 2026, pre-781c90c reward",9,-448.8174718583474,81.0556368840802,367.76183497426723,0.0,0.0,207.60739037379037,207.60739037379037,0.036669970267591674,0.036669970267591674,0.0,0.013875123885034688,0.0,0,0.0,37,1.156237474257852,4.4323206012247525,0.42086760009618995,170.88
main,v040,LOSO-dep-f1,primary,LOSO,deployed,1,A,IPPO|ippo_nr_seed77,IPPO,77,T,"June 2026, current reward",all,-5249.439993064183,4281.183820053392,934.3569194107916,4.3992536,29.5,1970.8060280053583,1969.7062146053581,0.005946481665014866,0.0037661050545094153,0.002477700693756194,0.0036669970267591673,0.08721506442021804,231,2.1978196233894947,60,7404.339632223829,154055.13372924557,0.6126434003018307,170.79
main,v040,LOSO-dep-f1,primary,LOSO,deployed,1,A,IPPO|ippo_nr_seed77,IPPO,77,T,"June 2026, current reward",0,-878.5065551919104,774.7556722364945,93.16229575541573,1.2135872,9.375,174.1651834925556,173.8617866925556,0.003964321110009911,0.0,0.003964321110009911,0.003964321110009911,0.28344895936570863,63,5.994053518334986,4,0.8902676685358837,1.0556608156296767,0.8763524646284644,170.79
main,v040,LOSO-dep-f1,primary,LOSO,deployed,1,A,IPPO|ippo_nr_seed77,IPPO,77,T,"June 2026, current reward",1,-533.2238027714127,453.8129105862741,76.05409858513858,0.6067936,2.75,191.18599875944506,191.03430035944507,0.002973240832507433,0.0,0.002973240832507433,0.002973240832507433,0.13478691774033696,32,3.044598612487612,3,1.0558381718389798,1.2767170803826429,0.9450455398348732,170.79
main,v040,LOSO-dep-f1,primary,LOSO,deployed,1,A,IPPO|ippo_nr_seed77,IPPO,77,T,"June 2026, current reward",2,-285.5121521023768,285.5121521023768,0.0,0.0,0.0,207.3428522449135,207.3428522449135,0.0,0.0,0.0,0.0,0.0,0,0.0,0,0.0,0.0,0.0,170.79
main,v040,LOSO-dep-f1,primary,LOSO,deployed,1,A,IPPO|ippo_nr_seed77,IPPO,77,T,"June 2026, current reward",3,-165.00653143345153,138.00653143345153,27.0,0.0,0.0,207.57497972587112,207.57497972587112,0.0009910802775024777,0.0009910802775024777,0.0,0.0009910802775024777,0.0,0,0.0,1,2.9416993938337894,2.9416993938337894,1.0,170.79
main,v040,LOSO-dep-f1,primary,LOSO,deployed,1,A,IPPO|ippo_nr_seed77,IPPO,77,T,"June 2026, current reward",4,-681.4910865255148,557.346997170099,120.16229575541573,0.6067936,3.375,187.40734958752705,187.255651187527,0.004955401387512388,0.0,0.004955401387512388,0.004955401387512388,0.1466798810703667,32,3.044598612487612,5,0.9233462979546424,1.0556608156296767,0.9010819717027717,170.79
main,v040,LOSO-dep-f1,primary,LOSO,deployed,1,A,IPPO|ippo_nr_seed77,IPPO,77,T,"June 2026, current reward",5,-425.2696893836872,374.78719399854856,49.054098585138576,0.3033968,1.125,202.24523591804092,202.16938671804093,0.0019821605550049554,0.0,0.0019821605550049554,0.0019821605550049554,0.048562933597621406,16,1.522299306243806,2,0.945398717567148,1.0556608156296767,0.9175683097523096,170.79
main,v040,LOSO-dep-f1,primary,LOSO,deployed,1,A,IPPO|ippo_nr_seed77,IPPO,77,T,"June 2026, current reward",6,-771.3312764790346,632.666138293896,130.05409858513858,0.9860396,7.625,189.26949429468422,189.02298439468422,0.004955401387512388,0.0,0.004955401387512388,0.004955401387512388,0.15163528245787908,52,4.947472745292369,5,124.35767464141448,310.49764509228896,0.9670273239009239,170.79
main,v040,LOSO-dep-f1,primary,LOSO,deployed,1,A,IPPO|ippo_nr_seed77,IPPO,77,T,"June 2026, current reward",7,-630.7350905741437,580.9821752038665,44.10819717027716,0.6447182,5.0,194.7327308276417,194.57155127764167,0.0019821605550049554,0.0,0.0019821605550049554,0.0019821605550049554,0.10406342913776016,34,3.2348860257680876,2,0.8351366195046193,0.8351366195046193,0.8351366195046193,170.79
main,v040,LOSO-dep-f1,primary,LOSO,deployed,1,A,IPPO|ippo_nr_seed77,IPPO,77,T,"June 2026, current reward",8,-402.0804564304751,402.0804564304751,0.0,0.0,0.0,207.24888769547053,207.24888769547053,0.0,0.0,0.0,0.0,0.0,0,0.0,0,0.0,0.0,0.0,170.79
main,v040,LOSO-dep-f1,primary,LOSO,deployed,1,A,IPPO|ippo_nr_seed77,IPPO,77,T,"June 2026, current reward",9,-476.2833521721765,81.23359259790925,394.76183497426723,0.0379246,0.25,209.63331545920866,209.62383430920866,0.03766105054509415,0.036669970267591674,0.003964321110009911,0.014866204162537165,0.002973240832507433,2,0.19028741328047574,38,11674.230038775664,154055.13372924557,0.4361079264094481,170.79
main,v040,LOSO-dep-f1,primary,LOSO,deployed,1,A,IPPO|ippo_nr_seed99,IPPO,99,T,"June 2026, current reward",all,-5323.269516664897,4323.391186083829,978.4651165810687,3.413214,18.0,1972.6133895965486,1971.7600860965485,0.006144697720515362,0.0037661050545094153,0.0023785926660059467,0.003865213082259663,0.08513379583746283,179,1.7030723488602577,62,11.05738750870163,310.49764509228896,0.6198206009212754,168.48
main,v040,LOSO-dep-f1,primary,LOSO,deployed,1,A,IPPO|ippo_nr_seed99,IPPO,99,T,"June 2026, current reward",0,-918.2131852684124,801.302921927858,115.21639434055432,0.5688690000000001,1.125,177.3506343701685,177.20841712016852,0.004955401387512388,0.0,0.004955401387512388,0.004955401387512388,0.25173439048562934,29,2.759167492566898,5,0.8792414587296309,1.0556608156296767,0.8681092956036954,168.48
main,v040,LOSO-dep-f1,primary,LOSO,deployed,1,A,IPPO|ippo_nr_seed99,IPPO,99,T,"June 2026, current reward",1,-552.9847034529014,473.9867358677628,76.05409858513858,0.5688690000000001,2.375,193.43786011138212,193.29564286138213,0.002973240832507433,0.0,0.002973240832507433,0.002973240832507433,0.11000991080277503,30,2.8543111992071357,3,1.0558381718389798,1.2767170803826429,0.9450455398348732,168.48
main,v040,LOSO-dep-f1,primary,LOSO,deployed,1,A,IPPO|ippo_nr_seed99,IPPO,99,T,"June 2026, current reward",2,-285.5121521023768,285.5121521023768,0.0,0.0,0.0,207.3428522449135,207.3428522449135,0.0,0.0,0.0,0.0,0.0,0,0.0,0,0.0,0.0,0.0,168.48
main,v040,LOSO-dep-f1,primary,LOSO,deployed,1,A,IPPO|ippo_nr_seed99,IPPO,99,T,"June 2026, current reward",3,-165.00653143345153,138.00653143345153,27.0,0.0,0.0,207.57497972587112,207.57497972587112,0.0009910802775024777,0.0009910802775024777,0.0,0.0009910802775024777,0.0,0,0.0,1,2.9416993938337894,2.9416993938337894,1.0,168.48
main,v040,LOSO-dep-f1,primary,LOSO,deployed,1,A,IPPO|ippo_nr_seed99,IPPO,99,T,"June 2026, current reward",4,-681.5058279555966,558.024663200181,120.16229575541573,0.5688690000000001,2.75,187.44365962265013,187.30144237265011,0.004955401387512388,0.0,0.004955401387512388,0.004955401387512388,0.14866204162537167,30,2.8543111992071357,5,0.9233462979546424,1.0556608156296767,0.9010819717027717,168.48
main,v040,LOSO-dep-f1,primary,LOSO,deployed,1,A,IPPO|ippo_nr_seed99,IPPO,99,T,"June 2026, current reward",5,-410.80272561493405,410.72687641493405,0.0,0.0758492,0.0,205.05739232538394,205.03843002538395,0.0,0.0,0.0,0.0,0.017839444995044598,4,0.3805748265609515,0,0.0,0.0,0.0,168.48
main,v040,LOSO-dep-f1,primary,LOSO,deployed,1,A,IPPO|ippo_nr_seed99,IPPO,99,T,"June 2026, current reward",6,-749.9257131961876,633.6405227961877,108.0,0.9101904000000001,7.375,189.54645238924218,189.3189047892422,0.003964321110009911,0.0,0.003964321110009911,0.003964321110009911,0.14469772051536176,48,4.566897918731417,4,155.2383091468919,310.49764509228896,1.0,168.48
main,v040,LOSO-dep-f1,primary,LOSO,deployed,1,A,IPPO|ippo_nr_seed99,IPPO,99,T,"June 2026, current reward",7,-716.842805355626,548.177594229933,164.27049292569288,0.6447182,3.75,190.67056370096853,190.50938415096854,0.006937561942517344,0.0,0.006937561942517344,0.006937561942517344,0.1734390485629336,34,3.2348860257680876,7,0.9574071016600953,1.4705057984678933,0.8822404425032995,168.48
main,v040,LOSO-dep-f1,primary,LOSO,deployed,1,A,IPPO|ippo_nr_seed99,IPPO,99,T,"June 2026, current reward",8,-393.6584004270636,392.9575512270636,0.0,0.0758492,0.625,206.5816047321781,206.5626424321781,0.0,0.0,0.0,0.0,0.004955401387512388,4,0.3805748265609515,0,0.0,0.0,0.0,168.48
main,v040,LOSO-dep-f1,primary,LOSO,deployed,1,A,IPPO|ippo_nr_seed99,IPPO,99,T,"June 2026, current reward",9,-448.8174718583474,81.0556368840802,367.76183497426723,0.0,0.0,207.60739037379037,207.60739037379037,0.036669970267591674,0.036669970267591674,0.0,0.013875123885034688,0.0,0,0.0,37,1.156237474257852,4.4323206012247525,0.42086760009618995,168.48
