tag,twin,world,tier,protocol,config,fold,experiment,ckpt_id,family,seed,cohorts,source,cluster,reward,energy_penalty,qos_penalty,switch_penalty,cooldown_penalty,energy_wh,energy_wh_steady,qos_violation_rate,delay_violation_rate,loss_violation_rate,qscore_below_tau_rate,usr_share,switches,switches_per_cluster_day,n_budget_violations,severity_mean,severity_max,q_shortfall_mean,seconds
main,v040,pinned,reference,-,deployed,-1,B,IPPO|wcnc2027_ablation/ippo_seed1,IPPO,1,R,wcnc2027_ablation 2026-09-14,all,-5777.110554812833,4328.05984708435,1422.4815493284823,3.9441584,22.625,1975.021889349075,1974.0358497490752,0.0056491575817641,0.0037661050545094,0.0023785926660059,0.0056491575817641,0.0806739345887016,207,1.969474727452924,57,12363.943226012678,165732.1278404318,0.931860555162855,3.65
main,v040,pinned,reference,-,deployed,-1,B,IPPO|wcnc2027_ablation/ippo_seed1,IPPO,1,R,wcnc2027_ablation 2026-09-14,0,-852.8641089882377,804.2053889193006,44.11230346893716,0.7964165999999999,3.75,177.47203251905634,177.27292836905633,0.0019821605550049,0.0,0.0019821605550049,0.0019821605550049,0.2358771060455897,41,3.900891972249752,2,0.8352050578156194,0.8358279434388656,0.8352050578156194,3.65
main,v040,pinned,reference,-,deployed,-1,B,IPPO|wcnc2027_ablation/ippo_seed1,IPPO,1,R,wcnc2027_ablation 2026-09-14,1,-552.1936163921114,474.98574552317416,71.11230346893717,0.7205674,5.375,193.5669062022265,193.3867643522265,0.0029732408325074,0.0,0.0029732408325074,0.0029732408325074,0.1030723488602576,38,3.615460852329039,3,0.8937515486526134,1.010844530326601,0.8901367052104131,3.65
main,v040,pinned,reference,-,deployed,-1,B,IPPO|wcnc2027_ablation/ippo_seed1,IPPO,1,R,wcnc2027_ablation 2026-09-14,2,-285.2892341327753,285.2892341327753,0.0,0.0,0.0,207.17130757865647,207.17130757865647,0.0,0.0,0.0,0.0,0.0,0,0.0,0,0.0,0.0,0.0,3.65
main,v040,pinned,reference,-,deployed,-1,B,IPPO|wcnc2027_ablation/ippo_seed1,IPPO,1,R,wcnc2027_ablation 2026-09-14,3,-164.9083368012709,137.9083368012709,27.0,0.0,0.0,207.4735519990071,207.4735519990071,0.0009910802775024,0.0009910802775024,0.0,0.0009910802775024,0.0,0,0.0,1,11.34826484067744,11.34826484067744,1.0,3.65
main,v040,pinned,reference,-,deployed,-1,B,IPPO|wcnc2027_ablation/ippo_seed1,IPPO,1,R,wcnc2027_ablation 2026-09-14,4,-674.1562121942386,562.3637471531983,110.29944524104025,0.4930198,1.0,187.61478884863712,187.4915338986371,0.0049554013875123,0.0,0.0049554013875123,0.0049554013875123,0.1427155599603567,26,2.4737363726461843,5,0.8353296349402684,0.8358279434388649,0.8353296349402684,3.65
main,v040,pinned,reference,-,deployed,-1,B,IPPO|wcnc2027_ablation/ippo_seed1,IPPO,1,R,wcnc2027_ablation 2026-09-14,5,-439.6050762046835,372.2769107699751,66.14976863470835,0.3033967999999999,0.875,201.80831978589032,201.73247058589035,0.0029732408325074,0.0,0.0029732408325074,0.0029732408325074,0.0525272547076313,16,1.522299306243806,3,0.8349974292745374,0.8358279434388652,0.8349974292745374,3.65
main,v040,pinned,reference,-,deployed,-1,B,IPPO|wcnc2027_ablation/ippo_seed1,IPPO,1,R,wcnc2027_ablation 2026-09-14,6,-733.3699260180545,633.3099669833459,93.14976863470837,0.9101904,6.0,189.3862064575272,189.1586588575272,0.0039643211100099,0.0,0.0039643211100099,0.0039643211100099,0.1575817641228939,48,4.566897918731417,4,63.31415191603328,250.75161537630956,0.8762480719559028,3.65
main,v040,pinned,reference,-,deployed,-1,B,IPPO|wcnc2027_ablation/ippo_seed1,IPPO,1,R,wcnc2027_ablation 2026-09-14,7,-624.2012951603499,574.656900354018,44.14967660633194,0.6447182,4.75,193.85592115169152,193.69474160169156,0.0019821605550049,0.0,0.0019821605550049,0.0019821605550049,0.1119920713577799,34,3.234886025768088,2,0.8358279434388656,0.8358279434388656,0.8358279434388656,3.65
main,v040,pinned,reference,-,deployed,-1,B,IPPO|wcnc2027_ablation/ippo_seed1,IPPO,1,R,wcnc2027_ablation 2026-09-14,8,-401.8972026202573,401.8972026202573,0.0,0.0,0.0,207.0648652729552,207.0648652729552,0.0,0.0,0.0,0.0,0.0,0,0.0,0,0.0,0.0,0.0,3.65
main,v040,pinned,reference,-,deployed,-1,B,IPPO|wcnc2027_ablation/ippo_seed1,IPPO,1,R,wcnc2027_ablation 2026-09-14,9,-1048.6255463008529,81.16641382703396,966.508283273819,0.0758492,0.875,209.6079895334272,209.5890272334272,0.0366699702675916,0.0366699702675916,0.0049554013875123,0.0366699702675916,0.0029732408325074,4,0.3805748265609515,37,19039.660920246133,165732.1278404318,0.9707281831295664,3.65
main,v040,pinned,reference,-,deployed,-1,B,IPPO|wcnc2027_ablation/ippo_seed7,IPPO,7,R,wcnc2027_ablation 2026-09-14,all,-5848.010539532997,4390.899354881947,1421.0420262510506,3.9441584,32.125,1975.5970330634964,1974.6109934634965,0.0056491575817641,0.0037661050545094,0.0018830525272547,0.0056491575817641,0.0780971258671952,207,1.969474727452924,57,7.963583115871048,98.0408510239876,0.9310187288017836,3.64
main,v040,pinned,reference,-,deployed,-1,B,IPPO|wcnc2027_ablation/ippo_seed7,IPPO,7,R,wcnc2027_ablation 2026-09-14,0,-870.0019071277738,800.8821225556707,66.18714177210313,0.6826428,2.25,177.05637538661296,176.88571468661297,0.0029732408325074,0.0,0.0029732408325074,0.0029732408325074,0.2477700693756194,35,3.330029732408325,3,0.8354126863567014,0.8358279434388656,0.8354126863567014,3.64
main,v040,pinned,reference,-,deployed,-1,B,IPPO|wcnc2027_ablation/ippo_seed7,IPPO,7,R,wcnc2027_ablation 2026-09-14,1,-544.793781876205,458.53251420726775,71.11230346893717,1.0239642,14.125,191.8077986949729,191.55180764497288,0.0029732408325074,0.0,0.0029732408325074,0.0029732408325074,0.1228939544103072,54,5.137760158572845,3,0.8937515486526134,1.010844530326601,0.8901367052104131,3.64
main,v040,pinned,reference,-,deployed,-1,B,IPPO|wcnc2027_ablation/ippo_seed7,IPPO,7,R,wcnc2027_ablation 2026-09-14,2,-285.2892341327753,285.2892341327753,0.0,0.0,0.0,207.17130757865647,207.17130757865647,0.0,0.0,0.0,0.0,0.0,0,0.0,0,0.0,0.0,0.0,3.64
main,v040,pinned,reference,-,deployed,-1,B,IPPO|wcnc2027_ablation/ippo_seed7,IPPO,7,R,wcnc2027_ablation 2026-09-14,3,-164.9083368012709,137.9083368012709,27.0,0.0,0.0,207.4735519990071,207.4735519990071,0.0009910802775024,0.0009910802775024,0.0,0.0009910802775024,0.0,0,0.0,1,11.34826484067744,11.34826484067744,1.0,3.64
main,v040,pinned,reference,-,deployed,-1,B,IPPO|wcnc2027_ablation/ippo_seed7,IPPO,7,R,wcnc2027_ablation 2026-09-14,4,-650.5262995526689,560.8086728147946,88.2246069378743,0.4930198,1.0,187.4101624737185,187.28690752371847,0.0039643211100099,0.0,0.0039643211100099,0.0039643211100099,0.1446977205153617,26,2.4737363726461843,4,0.8352050578156192,0.8358279434388649,0.8352050578156192,3.64
main,v040,pinned,reference,-,deployed,-1,B,IPPO|wcnc2027_ablation/ippo_seed7,IPPO,7,R,wcnc2027_ablation 2026-09-14,5,-445.02424715145503,399.4343960825179,44.11230346893716,0.2275476,1.25,203.99820501828896,203.94131811828896,0.0019821605550049,0.0,0.0019821605550049,0.0019821605550049,0.0297324083250743,12,1.1417244796828545,2,0.8352050578156194,0.8358279434388652,0.8352050578156194,3.64
main,v040,pinned,reference,-,deployed,-1,B,IPPO|wcnc2027_ablation/ippo_seed7,IPPO,7,R,wcnc2027_ablation 2026-09-14,6,-739.8301086292347,708.9962268634636,22.03746516577119,0.7964166,8.0,194.53254877917743,194.33344462917745,0.0009910802775024,0.0,0.0009910802775024,0.0009910802775024,0.087215064420218,42,3.9960356788899913,1,0.8345821721923731,0.8345821721923731,0.8345821721923731,3.64
main,v040,pinned,reference,-,deployed,-1,B,IPPO|wcnc2027_ablation/ippo_seed7,IPPO,7,R,wcnc2027_ablation 2026-09-14,7,-699.6975720265848,556.1401862481498,137.33681837843503,0.7205674,5.5,191.51908694365807,191.33894509365808,0.0059464816650148,0.0,0.0059464816650148,0.0059464816650148,0.1486620416253716,38,3.615460852329039,6,0.8831247126351521,1.1208543298630769,0.8629823243246393,3.64
main,v040,pinned,reference,-,deployed,-1,B,IPPO|wcnc2027_ablation/ippo_seed7,IPPO,7,R,wcnc2027_ablation 2026-09-14,8,-401.8972026202573,401.8972026202573,0.0,0.0,0.0,207.0648652729552,207.0648652729552,0.0,0.0,0.0,0.0,0.0,0,0.0,0,0.0,0.0,0.0,3.64
main,v040,pinned,reference,-,deployed,-1,B,IPPO|wcnc2027_ablation/ippo_seed7,IPPO,7,R,wcnc2027_ablation 2026-09-14,9,-1046.0418496147718,81.01046255577924,965.0313870589926,0.0,0.0,207.5631309164488,207.5631309164488,0.0366699702675916,0.0366699702675916,0.0,0.0366699702675916,0.0,0,0.0,37,11.520105926055331,98.0408510239876,0.9693976459990924,3.64
main,v040,pinned,reference,-,deployed,-1,B,IPPO|ppo_single_site_ensemble_seed77_20260517T110907,IPPO,77,P,"May 2026, pre-781c90c reward",all,-5864.595921473702,4319.851828569678,1517.7999345040243,3.9441584,23.0,1978.9685007214607,1977.9824611214608,0.0059464816650148,0.0038652130822596,0.0033696729435084,0.0059464816650148,0.0827552031714568,207,1.969474727452924,60,28861.72372042634,165732.1278404318,0.943222185835569,3.65
main,v040,pinned,reference,-,deployed,-1,B,IPPO|ppo_single_site_ensemble_seed77_20260517T110907,IPPO,77,P,"May 2026, pre-781c90c reward",0,-852.744215519248,805.1613446503109,44.11230346893719,0.7205674,2.75,177.55152919281778,177.3713873428178,0.0019821605550049,0.0,0.0019821605550049,0.0019821605550049,0.240832507433102,37,3.520317145688801,2,0.8352050578156196,0.8358279434388656,0.8352050578156196,3.65
main,v040,pinned,reference,-,deployed,-1,B,IPPO|ppo_single_site_ensemble_seed77_20260517T110907,IPPO,77,P,"May 2026, pre-781c90c reward",1,-545.1552911975351,470.3111941285979,71.11230346893717,0.6067936,3.125,192.92696251388156,192.77526411388155,0.0029732408325074,0.0,0.0029732408325074,0.0029732408325074,0.1119920713577799,32,3.044598612487612,3,0.8937515486526134,1.010844530326601,0.8901367052104131,3.65
main,v040,pinned,reference,-,deployed,-1,B,IPPO|ppo_single_site_ensemble_seed77_20260517T110907,IPPO,77,P,"May 2026, pre-781c90c reward",2,-285.28923413277505,285.28923413277505,0.0,0.0,0.0,207.17130757865647,207.17130757865647,0.0,0.0,0.0,0.0,0.0,0,0.0,0,0.0,0.0,0.0,3.65
main,v040,pinned,reference,-,deployed,-1,B,IPPO|ppo_single_site_ensemble_seed77_20260517T110907,IPPO,77,P,"May 2026, pre-781c90c reward",3,-164.9083368012709,137.9083368012709,27.0,0.0,0.0,207.4735519990072,207.4735519990072,0.0009910802775024,0.0009910802775024,0.0,0.0009910802775024,0.0,0,0.0,1,11.348264840677444,11.348264840677444,1.0,3.65
main,v040,pinned,reference,-,deployed,-1,B,IPPO|ppo_single_site_ensemble_seed77_20260517T110907,IPPO,77,P,"May 2026, pre-781c90c reward",4,-653.231083941753,563.9263818038787,88.22460693787434,0.4550952,0.625,187.79895008020816,187.6851762802081,0.0039643211100099,0.0,0.0039643211100099,0.0039643211100099,0.1417244796828543,24,2.283448959365709,4,0.8352050578156195,0.8358279434388652,0.8352050578156195,3.65
main,v040,pinned,reference,-,deployed,-1,B,IPPO|ppo_single_site_ensemble_seed77_20260517T110907,IPPO,77,P,"May 2026, pre-781c90c reward",5,-411.2764930624188,364.9099435934816,44.11230346893719,0.3792459999999999,1.875,200.86836342802923,200.77355192802924,0.0019821605550049,0.0,0.0019821605550049,0.0019821605550049,0.0574826560951437,20,1.9028741328047571,2,0.8352050578156197,0.835827943438866,0.8352050578156197,3.65
main,v040,pinned,reference,-,deployed,-1,B,IPPO|ppo_single_site_ensemble_seed77_20260517T110907,IPPO,77,P,"May 2026, pre-781c90c reward",6,-768.9321344253503,642.4480245906419,120.14976863470837,0.8343412,5.5,190.21396509491493,190.00537979491492,0.0049554013875123,0.0,0.0049554013875123,0.0049554013875123,0.1417244796828543,44,4.186323092170466,5,101.19601583497816,252.7234715107576,0.9009984575647224,3.65
main,v040,pinned,reference,-,deployed,-1,B,IPPO|ppo_single_site_ensemble_seed77_20260517T110907,IPPO,77,P,"May 2026, pre-781c90c reward",7,-645.877020714994,566.3059275086621,71.14967660633197,0.7964166000000001,7.625,192.93517081366392,192.73606666366396,0.0029732408325074,0.0,0.0029732408325074,0.0029732408325074,0.1228939544103072,42,3.9960356788899913,3,0.930836738913603,1.1208543298630769,0.8905519622925774,3.65
main,v040,pinned,reference,-,deployed,-1,B,IPPO|ppo_single_site_ensemble_seed77_20260517T110907,IPPO,77,P,"May 2026, pre-781c90c reward",8,-401.8972026202574,401.8972026202574,0.0,0.0,0.0,207.06486527295525,207.06486527295525,0.0,0.0,0.0,0.0,0.0,0,0.0,0,0.0,0.0,0.0,3.65
main,v040,pinned,reference,-,deployed,-1,B,IPPO|ppo_single_site_ensemble_seed77_20260517T110907,IPPO,77,P,"May 2026, pre-781c90c reward",9,-1135.2849090581,81.69423873980139,1051.9389719182982,0.1516984,1.5,214.9638347473264,214.9259101473264,0.0396432111000991,0.0376610505450941,0.0148662041625371,0.0396432111000991,0.0109018830525272,8,0.761149653121903,40,43279.34848690599,165732.1278404318,0.9766158099319152,3.65
main,v040,pinned,reference,-,deployed,-1,B,IPPO|ppo_single_site_ensemble_seed99_20260517T091403,IPPO,99,P,"May 2026, pre-781c90c reward",all,-5730.124502636791,4330.205716654677,1376.9297227821137,3.4890632000000004,19.5,1973.177519129974,1972.3052533299744,0.0054509415262636,0.0037661050545094,0.0016848364717542,0.0054509415262636,0.0795837462834489,183,1.741129831516353,55,12.761537973372093,250.7516153763096,0.93450286229219,3.65
main,v040,pinned,reference,-,deployed,-1,B,IPPO|ppo_single_site_ensemble_seed99_20260517T091403,IPPO,99,P,"May 2026, pre-781c90c reward",0,-913.3739912555076,801.3433038770725,110.3368183784351,0.5688690000000001,1.125,177.3941854878002,177.2519682378002,0.0049554013875123,0.0,0.0049554013875123,0.0049554013875123,0.2517343904856293,29,2.759167492566898,5,0.8355787891895673,0.8358279434388656,0.8355787891895673,3.65
main,v040,pinned,reference,-,deployed,-1,B,IPPO|ppo_single_site_ensemble_seed99_20260517T091403,IPPO,99,P,"May 2026, pre-781c90c reward",1,-535.496281740439,459.95133547150186,71.11230346893717,0.6826428,3.75,191.93742554692452,191.76676484692456,0.0029732408325074,0.0,0.0029732408325074,0.0029732408325074,0.1228939544103072,36,3.4251734390485638,3,0.8937515486526134,1.010844530326601,0.8901367052104131,3.65
main,v040,pinned,reference,-,deployed,-1,B,IPPO|ppo_single_site_ensemble_seed99_20260517T091403,IPPO,99,P,"May 2026, pre-781c90c reward",2,-285.28923413277505,285.28923413277505,0.0,0.0,0.0,207.17130757865647,207.17130757865647,0.0,0.0,0.0,0.0,0.0,0,0.0,0,0.0,0.0,0.0,3.65
main,v040,pinned,reference,-,deployed,-1,B,IPPO|ppo_single_site_ensemble_seed99_20260517T091403,IPPO,99,P,"May 2026, pre-781c90c reward",3,-164.9083368012709,137.9083368012709,27.0,0.0,0.0,207.4735519990072,207.4735519990072,0.0009910802775024,0.0009910802775024,0.0,0.0009910802775024,0.0,0,0.0,1,11.348264840677444,11.348264840677444,1.0,3.65
main,v040,pinned,reference,-,deployed,-1,B,IPPO|ppo_single_site_ensemble_seed99_20260517T091403,IPPO,99,P,"May 2026, pre-781c90c reward",4,-652.7109077540331,562.4932810161588,88.22460693787434,0.4930198,1.5,187.8434548934586,187.7201999434586,0.0039643211100099,0.0,0.0039643211100099,0.0039643211100099,0.1397423191278493,26,2.4737363726461843,4,0.8352050578156195,0.8358279434388652,0.8352050578156195,3.65
main,v040,pinned,reference,-,deployed,-1,B,IPPO|ppo_single_site_ensemble_seed99_20260517T091403,IPPO,99,P,"May 2026, pre-781c90c reward",5,-382.095924382816,381.406301382816,0.0,0.189623,0.5,202.56793516969844,202.52052941969845,0.0,0.0,0.0,0.0,0.0356788899900891,10,0.9514370664023788,0,0.0,0.0,0.0,3.65
main,v040,pinned,reference,-,deployed,-1,B,IPPO|ppo_single_site_ensemble_seed99_20260517T091403,IPPO,99,P,"May 2026, pre-781c90c reward",6,-717.3341551601009,639.0119590285585,71.07493033154239,0.8722658,6.375,189.99065956189676,189.77259311189675,0.0029732408325074,0.0,0.0029732408325074,0.0029732408325074,0.1397423191278493,46,4.376610505450942,3,84.14025990689812,250.7516153763096,0.8897214481282486,3.65
main,v040,pinned,reference,-,deployed,-1,B,IPPO|ppo_single_site_ensemble_seed99_20260517T091403,IPPO,99,P,"May 2026, pre-781c90c reward",7,-637.0252624467823,586.7687922404505,44.149676606331965,0.6067936,5.5,194.66245579170047,194.5107573917005,0.0019821605550049,0.0,0.0019821605550049,0.0019821605550049,0.1020812685827552,32,3.044598612487612,2,0.835827943438866,0.835827943438866,0.835827943438866,3.65
main,v040,pinned,reference,-,deployed,-1,B,IPPO|ppo_single_site_ensemble_seed99_20260517T091403,IPPO,99,P,"May 2026, pre-781c90c reward",8,-395.848559348294,395.022710148294,0.0,0.0758492,0.75,206.57341218438265,206.55444988438265,0.0,0.0,0.0,0.0,0.0039643211100099,4,0.3805748265609515,0,0.0,0.0,0.0,3.65
main,v040,pinned,reference,-,deployed,-1,B,IPPO|ppo_single_site_ensemble_seed99_20260517T091403,IPPO,99,P,"May 2026, pre-781c90c reward",9,-1046.0418496147722,81.01046255577924,965.0313870589928,0.0,0.0,207.5631309164488,207.5631309164488,0.0366699702675916,0.0366699702675916,0.0,0.0366699702675916,0.0,0,0.0,37,11.520105926055331,98.0408510239876,0.9693976459990926,3.65
main,v040,pinned,reference,-,deployed,-1,B,IPPO|wcnc2027_ablation/ippo_seed77,IPPO,77,R,wcnc2027_ablation 2026-09-14,all,-5811.061561499445,4306.060556033567,1476.5189224658775,3.982083,24.5,1971.8028853026349,1970.807364552635,0.0058473736372646,0.0037661050545094,0.0023785926660059,0.0058473736372646,0.0839444995044598,209,1.9885034687809715,59,7330.041019138888,165732.12784043176,0.93419148161914,3.68
main,v040,pinned,reference,-,deployed,-1,B,IPPO|wcnc2027_ablation/ippo_seed77,IPPO,77,R,wcnc2027_ablation 2026-09-14,0,-865.51492595477,796.2701413826669,66.18714177210316,0.6826428,2.375,176.80248758129153,176.63182688129152,0.0029732408325074,0.0,0.0029732408325074,0.0029732408325074,0.2507433102081268,35,3.330029732408325,3,0.8354126863567016,0.8358279434388656,0.8354126863567016,3.68
main,v040,pinned,reference,-,deployed,-1,B,IPPO|wcnc2027_ablation/ippo_seed77,IPPO,77,R,wcnc2027_ablation 2026-09-14,1,-539.5453293004668,465.1633076315298,71.11230346893714,0.6447182,2.625,192.3209734085496,192.1597938585496,0.0029732408325074,0.0,0.0029732408325074,0.0029732408325074,0.1209117938553022,34,3.234886025768088,3,0.8937515486526131,1.010844530326601,0.8901367052104128,3.68
main,v040,pinned,reference,-,deployed,-1,B,IPPO|wcnc2027_ablation/ippo_seed77,IPPO,77,R,wcnc2027_ablation 2026-09-14,2,-285.28923413277505,285.28923413277505,0.0,0.0,0.0,207.17130757865647,207.17130757865647,0.0,0.0,0.0,0.0,0.0,0,0.0,0,0.0,0.0,0.0,3.68
main,v040,pinned,reference,-,deployed,-1,B,IPPO|wcnc2027_ablation/ippo_seed77,IPPO,77,R,wcnc2027_ablation 2026-09-14,3,-164.9083368012709,137.9083368012709,27.0,0.0,0.0,207.4735519990071,207.4735519990071,0.0009910802775024,0.0009910802775024,0.0,0.0009910802775024,0.0,0,0.0,1,11.348264840677446,11.348264840677446,1.0,3.68
main,v040,pinned,reference,-,deployed,-1,B,IPPO|wcnc2027_ablation/ippo_seed77,IPPO,77,R,wcnc2027_ablation 2026-09-14,4,-671.3427773605038,558.7623877194635,110.2994452410403,0.5309444,1.75,187.39189543441816,187.25915933441811,0.0049554013875123,0.0,0.0049554013875123,0.0049554013875123,0.1476709613478691,28,2.66402378592666,5,0.8353296349402688,0.8358279434388656,0.8353296349402688,3.68
main,v040,pinned,reference,-,deployed,-1,B,IPPO|wcnc2027_ablation/ippo_seed77,IPPO,77,R,wcnc2027_ablation 2026-09-14,5,-420.40707125288753,374.7413709839505,44.11230346893714,0.3033968,1.25,201.9351328740384,201.8592836740384,0.0019821605550049,0.0,0.0019821605550049,0.0019821605550049,0.0465807730426164,16,1.522299306243806,2,0.8352050578156189,0.8358279434388652,0.8352050578156189,3.68
main,v040,pinned,reference,-,deployed,-1,B,IPPO|wcnc2027_ablation/ippo_seed77,IPPO,77,R,wcnc2027_ablation 2026-09-14,6,-767.5703716963137,639.7604126616054,120.14976863470837,0.9101904,6.75,189.89680275620435,189.6692551562044,0.0049554013875123,0.0,0.0049554013875123,0.0049554013875123,0.1466798810703667,48,4.566897918731417,5,101.19601583497816,252.72347151075763,0.9009984575647224,3.68
main,v040,pinned,reference,-,deployed,-1,B,IPPO|wcnc2027_ablation/ippo_seed77,IPPO,77,R,wcnc2027_ablation 2026-09-14,7,-646.5529075967179,565.1559651903859,71.14967660633197,0.8722658000000001,9.375,192.82795543780156,192.60988898780155,0.0029732408325074,0.0,0.0029732408325074,0.0029732408325074,0.1248761149653121,46,4.376610505450942,3,0.9308367389136027,1.1208543298630764,0.8905519622925774,3.68
main,v040,pinned,reference,-,deployed,-1,B,IPPO|wcnc2027_ablation/ippo_seed77,IPPO,77,R,wcnc2027_ablation 2026-09-14,8,-401.8972026202573,401.8972026202573,0.0,0.0,0.0,207.0648652729552,207.0648652729552,0.0,0.0,0.0,0.0,0.0,0,0.0,0,0.0,0.0,0.0,3.68
main,v040,pinned,reference,-,deployed,-1,B,IPPO|wcnc2027_ablation/ippo_seed77,IPPO,77,R,wcnc2027_ablation 2026-09-14,9,-1048.0334047834815,81.11219690966207,966.5082832738194,0.0379246,0.375,208.91791295971268,208.90843180971268,0.0366699702675916,0.0366699702675916,0.0029732408325074,0.0366699702675916,0.0019821605550049,2,0.1902874132804757,37,11674.088235782883,165732.12784043176,0.9707281831295672,3.68
main,v040,pinned,reference,-,deployed,-1,B,IPPO|wcnc2027_ablation/ippo_seed99,IPPO,99,R,wcnc2027_ablation 2026-09-14,all,-25341.128895259037,4565.443340465239,20747.34667819379,4.5888766,23.75,2393.5782014995434,2392.4309823495432,0.0779980178394449,0.0669970267591675,0.0742319127849355,0.0779980178394449,0.1550049554013875,241,2.2929633300297327,787,2027.7337132018856,11920.848749695422,0.9787525064885128,3.67
main,v040,pinned,reference,-,deployed,-1,B,IPPO|wcnc2027_ablation/ippo_seed99,IPPO,99,R,wcnc2027_ablation 2026-09-14,0,-881.9538422204654,786.5808225451963,88.26198007526912,0.9860396,6.125,175.6380853593239,175.39157545932392,0.0039643211100099,0.0,0.0039643211100099,0.0039643211100099,0.2685827552031714,51,4.852329038652131,4,0.8355165006272427,0.8358279434388656,0.8355165006272427,3.67
main,v040,pinned,reference,-,deployed,-1,B,IPPO|wcnc2027_ablation/ippo_seed99,IPPO,99,R,wcnc2027_ablation 2026-09-14,1,-543.9329050286073,469.5888079596701,71.11230346893714,0.6067936,2.625,192.82528488935623,192.67358648935624,0.0029732408325074,0.0,0.0029732408325074,0.0029732408325074,0.1159563924677899,32,3.044598612487612,3,0.8937515486526131,1.010844530326601,0.8901367052104128,3.67
main,v040,pinned,reference,-,deployed,-1,B,IPPO|wcnc2027_ablation/ippo_seed99,IPPO,99,R,wcnc2027_ablation 2026-09-14,2,-285.28923413277505,285.28923413277505,0.0,0.0,0.0,207.17130757865647,207.17130757865647,0.0,0.0,0.0,0.0,0.0,0,0.0,0,0.0,0.0,0.0,3.67
main,v040,pinned,reference,-,deployed,-1,B,IPPO|wcnc2027_ablation/ippo_seed99,IPPO,99,R,wcnc2027_ablation 2026-09-14,3,-19715.46009361181,388.5107234690754,19326.30465194274,0.6447182,0.0,629.2465505701782,629.0853710201782,0.7234886025768087,0.6333002973240832,0.7224975222993062,0.7234886025768087,0.7324083250743311,34,3.234886025768088,730,2184.769180937757,11920.848749695422,0.9824796644722712,3.67
main,v040,pinned,reference,-,deployed,-1,B,IPPO|wcnc2027_ablation/ippo_seed99,IPPO,99,R,wcnc2027_ablation 2026-09-14,4,-669.1124308706208,555.4941166295804,110.2994452410403,0.5688690000000001,2.75,187.29494655500417,187.1527293050042,0.0049554013875123,0.0,0.0049554013875123,0.0049554013875123,0.1456888007928642,30,2.854311199207136,5,0.8353296349402688,0.8358279434388656,0.8353296349402688,3.67
main,v040,pinned,reference,-,deployed,-1,B,IPPO|wcnc2027_ablation/ippo_seed99,IPPO,99,R,wcnc2027_ablation 2026-09-14,5,-399.1023777829008,376.3373650171297,22.037465165771184,0.2275476,0.5,202.05381713599223,201.99693023599224,0.0009910802775024,0.0,0.0009910802775024,0.0009910802775024,0.041625371655104,12,1.1417244796828545,1,0.8345821721923727,0.8345821721923727,0.8345821721923727,3.67
main,v040,pinned,reference,-,deployed,-1,B,IPPO|wcnc2027_ablation/ippo_seed99,IPPO,99,R,wcnc2027_ablation 2026-09-14,6,-768.1774373421192,640.7804029074109,120.14976863470837,0.8722658000000001,6.375,190.03530691524648,189.81724046524647,0.0049554013875123,0.0,0.0049554013875123,0.0049554013875123,0.1446977205153617,46,4.376610505450942,5,101.19601583497816,252.72347151075763,0.9009984575647224,3.67
main,v040,pinned,reference,-,deployed,-1,B,IPPO|wcnc2027_ablation/ippo_seed99,IPPO,99,R,wcnc2027_ablation 2026-09-14,7,-635.5054110697431,585.5860162634112,44.149676606331965,0.6447182,5.125,195.0695862980441,194.9084067480441,0.0019821605550049,0.0,0.0019821605550049,0.0019821605550049,0.0981169474727453,34,3.234886025768088,2,0.835827943438866,0.835827943438866,0.835827943438866,3.67
main,v040,pinned,reference,-,deployed,-1,B,IPPO|wcnc2027_ablation/ippo_seed99,IPPO,99,R,wcnc2027_ablation 2026-09-14,8,-396.5533135852103,396.2653889852103,0.0,0.0379246,0.25,206.6801852812931,206.6707041312931,0.0,0.0,0.0,0.0,0.0029732408325074,2,0.1902874132804757,0,0.0,0.0,0.0,3.67
main,v040,pinned,reference,-,deployed,-1,B,IPPO|wcnc2027_ablation/ippo_seed99,IPPO,99,R,wcnc2027_ablation 2026-09-14,9,-1046.0418496147722,81.01046255577924,965.031387058993,0.0,0.0,207.5631309164488,207.5631309164488,0.0366699702675916,0.0366699702675916,0.0,0.0366699702675916,0.0,0,0.0,37,11.520105926055331,98.0408510239876,0.9693976459990932,3.67
main,v040,pinned,reference,-,deployed,-1,B,IPPO|ppo_single_site_ensemble_seed42_20260517T091403,IPPO,42,P,"May 2026, pre-781c90c reward",all,-5880.004575935089,4328.333179277226,1526.3789366578626,3.79246,21.5,1973.875546291828,1972.927431291828,0.0061446977205153,0.0037661050545094,0.0023785926660059,0.0061446977205153,0.0814667988107036,198,1.8838453914767097,62,7.384106671317425,98.0408510239876,0.9206338369128292,3.69
main,v040,pinned,reference,-,deployed,-1,B,IPPO|ppo_single_site_ensemble_seed42_20260517T091403,IPPO,42,P,"May 2026, pre-781c90c reward",0,-910.7934500060112,799.6756872275761,110.33681837843508,0.5309444000000001,0.25,177.16314810244165,177.03041200244166,0.0049554013875123,0.0,0.0049554013875123,0.0049554013875123,0.2586719524281466,27,2.5688800792864224,5,0.8355787891895672,0.8358279434388656,0.8355787891895672,3.69
main,v040,pinned,reference,-,deployed,-1,B,IPPO|ppo_single_site_ensemble_seed42_20260517T091403,IPPO,42,P,"May 2026, pre-781c90c reward",1,-551.0767194893526,475.3196978204154,71.11230346893717,0.6447182,4.0,193.35853002010865,193.19735047010863,0.0029732408325074,0.0,0.0029732408325074,0.0029732408325074,0.1110009910802775,34,3.234886025768088,3,0.8937515486526134,1.010844530326601,0.8901367052104131,3.69
main,v040,pinned,reference,-,deployed,-1,B,IPPO|ppo_single_site_ensemble_seed42_20260517T091403,IPPO,42,P,"May 2026, pre-781c90c reward",2,-353.6243152679588,286.48632429585564,66.18714177210312,0.0758492,0.875,207.701694380989,207.682732080989,0.0029732408325074,0.0,0.0029732408325074,0.0029732408325074,0.0029732408325074,4,0.3805748265609515,3,0.8354126863567014,0.8358279434388652,0.8354126863567014,3.69
main,v040,pinned,reference,-,deployed,-1,B,IPPO|ppo_single_site_ensemble_seed42_20260517T091403,IPPO,42,P,"May 2026, pre-781c90c reward",3,-164.9083368012709,137.9083368012709,27.0,0.0,0.0,207.47355199900716,207.47355199900716,0.0009910802775024,0.0009910802775024,0.0,0.0009910802775024,0.0,0,0.0,1,11.348264840677444,11.348264840677444,1.0,3.69
main,v040,pinned,reference,-,deployed,-1,B,IPPO|ppo_single_site_ensemble_seed42_20260517T091403,IPPO,42,P,"May 2026, pre-781c90c reward",4,-653.4080647350698,564.1033625971954,88.2246069378744,0.4550952,0.625,187.79588628162253,187.6821124816225,0.0039643211100099,0.0,0.0039643211100099,0.0039643211100099,0.1407333994053518,24,2.283448959365709,4,0.8352050578156198,0.835827943438866,0.8352050578156198,3.69
main,v040,pinned,reference,-,deployed,-1,B,IPPO|ppo_single_site_ensemble_seed42_20260517T091403,IPPO,42,P,"May 2026, pre-781c90c reward",5,-436.917232566354,369.5890671316456,66.14976863470835,0.3033968,0.875,201.5503061756201,201.4744569756201,0.0029732408325074,0.0,0.0029732408325074,0.0029732408325074,0.0555004955401387,16,1.522299306243806,3,0.8349974292745374,0.8358279434388652,0.8349974292745374,3.69
main,v040,pinned,reference,-,deployed,-1,B,IPPO|ppo_single_site_ensemble_seed42_20260517T091403,IPPO,42,P,"May 2026, pre-781c90c reward",6,-719.7050033687751,642.4933459340667,66.14976863470838,1.0618888000000002,10.0,190.46685263785685,190.2013804378568,0.0029732408325074,0.0,0.0029732408325074,0.0029732408325074,0.1367690782953419,55,5.232903865213083,3,0.8349974292745376,0.8358279434388656,0.8349974292745376,3.69
main,v040,pinned,reference,-,deployed,-1,B,IPPO|ppo_single_site_ensemble_seed42_20260517T091403,IPPO,42,P,"May 2026, pre-781c90c reward",7,-632.1058680348613,584.8002470285293,44.14967660633194,0.5309444000000001,2.625,194.87355137557455,194.74081527557456,0.0019821605550049,0.0,0.0019821605550049,0.0019821605550049,0.1000991080277502,28,2.66402378592666,2,0.8358279434388656,0.8358279434388656,0.8358279434388656,3.69
main,v040,pinned,reference,-,deployed,-1,B,IPPO|ppo_single_site_ensemble_seed42_20260517T091403,IPPO,42,P,"May 2026, pre-781c90c reward",8,-411.4237360506626,386.9466478848914,22.03746516577119,0.189623,2.25,205.92889440215868,205.88148865215868,0.0009910802775024,0.0,0.0009910802775024,0.0009910802775024,0.0089197224975222,10,0.9514370664023788,1,0.8345821721923731,0.8345821721923731,0.8345821721923731,3.69
main,v040,pinned,reference,-,deployed,-1,B,IPPO|ppo_single_site_ensemble_seed42_20260517T091403,IPPO,42,P,"May 2026, pre-781c90c reward",9,-1046.0418496147722,81.01046255577924,965.031387058993,0.0,0.0,207.5631309164488,207.5631309164488,0.0366699702675916,0.0366699702675916,0.0,0.0366699702675916,0.0,0,0.0,37,11.520105926055331,98.0408510239876,0.9693976459990926,3.69
main,v040,pinned,reference,-,deployed,-1,B,IPPO|ppo_single_site_ensemble_seed64_20260517T110907,IPPO,64,P,"May 2026, pre-781c90c reward",all,-5883.890665592871,4329.04867072587,1525.1590626670015,4.0579322,25.625,1969.9151644778344,1968.900681427834,0.0061446977205153,0.0037661050545094,0.0023785926660059,0.0061446977205153,0.086025768087215,213,2.0265609514370664,62,11.413651949378885,250.75161537630947,0.9199779906811836,3.68
main,v040,pinned,reference,-,deployed,-1,B,IPPO|ppo_single_site_ensemble_seed64_20260517T110907,IPPO,64,P,"May 2026, pre-781c90c reward",0,-922.6340137803672,770.0665461297083,143.26680505065886,1.1756626,8.125,173.61441083472926,173.32049518472928,0.0069375619425173,0.0,0.0069375619425173,0.0069375619425173,0.3082259663032705,61,5.8037661050545095,7,0.7822228811936137,0.8358279434388656,0.7822228811936137,3.68
main,v040,pinned,reference,-,deployed,-1,B,IPPO|ppo_single_site_ensemble_seed64_20260517T110907,IPPO,64,P,"May 2026, pre-781c90c reward",1,-550.6652556761414,477.1470078072042,71.11230346893717,0.5309444000000001,1.875,193.6355178987345,193.50278179873447,0.0029732408325074,0.0,0.0029732408325074,0.0029732408325074,0.1070366699702675,28,2.66402378592666,3,0.8937515486526134,1.010844530326601,0.8901367052104131,3.68
main,v040,pinned,reference,-,deployed,-1,B,IPPO|ppo_single_site_ensemble_seed64_20260517T110907,IPPO,64,P,"May 2026, pre-781c90c reward",2,-285.28923413277505,285.28923413277505,0.0,0.0,0.0,207.1713075786564,207.1713075786564,0.0,0.0,0.0,0.0,0.0,0,0.0,0,0.0,0.0,0.0,3.68
main,v040,pinned,reference,-,deployed,-1,B,IPPO|ppo_single_site_ensemble_seed64_20260517T110907,IPPO,64,P,"May 2026, pre-781c90c reward",3,-164.9083368012709,137.9083368012709,27.0,0.0,0.0,207.47355199900716,207.47355199900716,0.0009910802775024,0.0009910802775024,0.0,0.0009910802775024,0.0,0,0.0,1,11.348264840677444,11.348264840677444,1.0,3.68
main,v040,pinned,reference,-,deployed,-1,B,IPPO|ppo_single_site_ensemble_seed64_20260517T110907,IPPO,64,P,"May 2026, pre-781c90c reward",4,-675.2834890370035,563.3660239959631,110.2994452410404,0.4930198,1.125,187.74126297230143,187.61800802230147,0.0049554013875123,0.0,0.0049554013875123,0.0049554013875123,0.1427155599603567,26,2.4737363726461843,5,0.835329634940269,0.835827943438866,0.835329634940269,3.68
main,v040,pinned,reference,-,deployed,-1,B,IPPO|ppo_single_site_ensemble_seed64_20260517T110907,IPPO,64,P,"May 2026, pre-781c90c reward",5,-415.0959787805036,369.9682031115665,44.11230346893716,0.2654722,0.75,201.4535881807915,201.38722013079152,0.0019821605550049,0.0,0.0019821605550049,0.0019821605550049,0.0495540138751238,14,1.33201189296333,2,0.8352050578156194,0.8358279434388652,0.8352050578156194,3.68
main,v040,pinned,reference,-,deployed,-1,B,IPPO|ppo_single_site_ensemble_seed64_20260517T110907,IPPO,64,P,"May 2026, pre-781c90c reward",6,-761.0511877786796,686.2941661097423,71.11230346893717,0.6447182,3.0,192.1467480453464,191.98556849534637,0.0029732408325074,0.0,0.0029732408325074,0.0029732408325074,0.1228939544103072,34,3.234886025768088,3,84.14067516398023,250.75161537630947,0.8901367052104131,3.68
main,v040,pinned,reference,-,deployed,-1,B,IPPO|ppo_single_site_ensemble_seed64_20260517T110907,IPPO,64,P,"May 2026, pre-781c90c reward",7,-667.738649106361,565.505642196863,93.22451490949793,0.758492,8.25,192.72575431797736,192.5361313179773,0.0039643211100099,0.0,0.0039643211100099,0.0039643211100099,0.1248761149653121,40,3.8057482656095143,4,0.9070845400449185,1.1208543298630764,0.8768709575791491,3.68
main,v040,pinned,reference,-,deployed,-1,B,IPPO|ppo_single_site_ensemble_seed64_20260517T110907,IPPO,64,P,"May 2026, pre-781c90c reward",8,-395.1826708849967,392.4930478849967,0.0,0.189623,2.5,206.3898917338413,206.3424859838413,0.0,0.0,0.0,0.0,0.0049554013875123,10,0.9514370664023788,0,0.0,0.0,0.0,3.68
main,v040,pinned,reference,-,deployed,-1,B,IPPO|ppo_single_site_ensemble_seed64_20260517T110907,IPPO,64,P,"May 2026, pre-781c90c reward",9,-1046.0418496147722,81.01046255577924,965.031387058993,0.0,0.0,207.5631309164488,207.5631309164488,0.0366699702675916,0.0366699702675916,0.0,0.0366699702675916,0.0,0,0.0,37,11.520105926055331,98.0408510239876,0.9693976459990926,3.68
main,v040,pinned,reference,-,deployed,-1,B,IPPO|wcnc2027_ablation/ippo_seed13,IPPO,13,R,wcnc2027_ablation 2026-09-14,all,-5730.714488021969,4377.257318005627,1327.8922576163422,3.5649124,22.0,1976.5704541272,1975.6792260271995,0.0052527254707631,0.0037661050545094,0.0014866204162537,0.0052527254707631,0.0758176412289395,187,1.779187314172448,53,8.496196056357794,98.0408510239876,0.9351523632807184,3.69
main,v040,pinned,reference,-,deployed,-1,B,IPPO|wcnc2027_ablation/ippo_seed13,IPPO,13,R,wcnc2027_ablation 2026-09-14,0,-913.0906539976456,800.2341174192106,110.33681837843504,0.6447182,1.875,177.06276038659448,176.90158083659443,0.0049554013875123,0.0,0.0049554013875123,0.0049554013875123,0.2537165510406343,33,3.139742319127849,5,0.8355787891895667,0.8358279434388652,0.8355787891895667,3.69
main,v040,pinned,reference,-,deployed,-1,B,IPPO|wcnc2027_ablation/ippo_seed13,IPPO,13,R,wcnc2027_ablation 2026-09-14,1,-540.1732222215641,465.8291251526269,71.11230346893717,0.6067936,2.625,192.43838350694585,192.28668510694587,0.0029732408325074,0.0,0.0029732408325074,0.0029732408325074,0.1179385530227948,32,3.044598612487612,3,0.8937515486526135,1.0108445303266016,0.8901367052104131,3.69
main,v040,pinned,reference,-,deployed,-1,B,IPPO|wcnc2027_ablation/ippo_seed13,IPPO,13,R,wcnc2027_ablation 2026-09-14,2,-285.28923413277505,285.28923413277505,0.0,0.0,0.0,207.1713075786564,207.1713075786564,0.0,0.0,0.0,0.0,0.0,0,0.0,0,0.0,0.0,0.0,3.69
main,v040,pinned,reference,-,deployed,-1,B,IPPO|wcnc2027_ablation/ippo_seed13,IPPO,13,R,wcnc2027_ablation 2026-09-14,3,-164.9083368012709,137.9083368012709,27.0,0.0,0.0,207.47355199900716,207.47355199900716,0.0009910802775024,0.0009910802775024,0.0,0.0009910802775024,0.0,0,0.0,1,11.348264840677446,11.348264840677446,1.0,3.69
main,v040,pinned,reference,-,deployed,-1,B,IPPO|wcnc2027_ablation/ippo_seed13,IPPO,13,R,wcnc2027_ablation 2026-09-14,4,-649.9740999215344,556.5668501836602,88.2246069378743,0.6826428,4.5,187.5538735479236,187.3832128479236,0.0039643211100099,0.0,0.0039643211100099,0.0039643211100099,0.1397423191278493,36,3.4251734390485638,4,0.8352050578156192,0.8358279434388652,0.8352050578156192,3.69
main,v040,pinned,reference,-,deployed,-1,B,IPPO|wcnc2027_ablation/ippo_seed13,IPPO,13,R,wcnc2027_ablation 2026-09-14,5,-408.1009137889239,405.8733661889239,0.0,0.2275476,2.0,204.46800800522416,204.41112110522417,0.0,0.0,0.0,0.0,0.0218037661050545,12,1.1417244796828545,0,0.0,0.0,0.0,3.69
main,v040,pinned,reference,-,deployed,-1,B,IPPO|wcnc2027_ablation/ippo_seed13,IPPO,13,R,wcnc2027_ablation 2026-09-14,6,-699.0821311168846,669.6611739511134,22.0374651657712,0.7584919999999999,6.625,191.82036539584607,191.63074239584608,0.0009910802775024,0.0,0.0009910802775024,0.0009910802775024,0.1159563924677899,40,3.8057482656095143,1,0.8345821721923734,0.8345821721923734,0.8345821721923734,3.69
main,v040,pinned,reference,-,deployed,-1,B,IPPO|wcnc2027_ablation/ippo_seed13,IPPO,13,R,wcnc2027_ablation 2026-09-14,7,-626.8913210690602,578.1348508627282,44.149676606331965,0.6067936,4.0,194.2675785412349,194.11588014123487,0.0019821605550049,0.0,0.0019821605550049,0.0019821605550049,0.1070366699702675,32,3.044598612487612,2,0.835827943438866,0.835827943438866,0.835827943438866,3.69
main,v040,pinned,reference,-,deployed,-1,B,IPPO|wcnc2027_ablation/ippo_seed13,IPPO,13,R,wcnc2027_ablation 2026-09-14,8,-397.1627253575384,396.7498007575384,0.0,0.0379246,0.375,206.75149424931817,206.74201309931817,0.0,0.0,0.0,0.0,0.0019821605550049,2,0.1902874132804757,0,0.0,0.0,0.0,3.69
main,v040,pinned,reference,-,deployed,-1,B,IPPO|wcnc2027_ablation/ippo_seed13,IPPO,13,R,wcnc2027_ablation 2026-09-14,9,-1046.0418496147718,81.01046255577924,965.0313870589926,0.0,0.0,207.56313091644884,207.56313091644884,0.0366699702675916,0.0366699702675916,0.0,0.0366699702675916,0.0,0,0.0,37,11.520105926055336,98.0408510239876,0.9693976459990924,3.69
main,v040,pinned,reference,-,deployed,-1,B,IPPO|wcnc2027_ablation/ippo_seed23,IPPO,23,R,wcnc2027_ablation 2026-09-14,all,-5871.134786122521,4295.843439899368,1541.2291680231538,4.4371782,29.625,1966.9207906491797,1965.8114960991795,0.0061446977205153,0.0037661050545094,0.0023785926660059,0.0061446977205153,0.088800792864222,233,2.216848364717542,62,15.482347783077213,252.7234715107577,0.9286178322705124,3.69
main,v040,pinned,reference,-,deployed,-1,B,IPPO|wcnc2027_ablation/ippo_seed23,IPPO,23,R,wcnc2027_ablation 2026-09-14,0,-853.3333457714758,772.7921445993727,66.1871417721031,1.4790594,12.875,173.81831531843693,173.4485504684369,0.0029732408325074,0.0,0.0029732408325074,0.0029732408325074,0.2913776015857284,77,7.326065411298315,3,0.8354126863567012,0.8358279434388652,0.8354126863567012,3.69
main,v040,pinned,reference,-,deployed,-1,B,IPPO|wcnc2027_ablation/ippo_seed23,IPPO,23,R,wcnc2027_ablation 2026-09-14,1,-537.4964513496631,463.8152788807258,71.11230346893717,0.5688690000000001,2.0,192.32218447137117,192.1799672213712,0.0029732408325074,0.0,0.0029732408325074,0.0029732408325074,0.1179385530227948,30,2.854311199207136,3,0.8937515486526135,1.0108445303266016,0.8901367052104131,3.69
main,v040,pinned,reference,-,deployed,-1,B,IPPO|wcnc2027_ablation/ippo_seed23,IPPO,23,R,wcnc2027_ablation 2026-09-14,2,-285.28923413277505,285.28923413277505,0.0,0.0,0.0,207.1713075786564,207.1713075786564,0.0,0.0,0.0,0.0,0.0,0,0.0,0,0.0,0.0,0.0,3.69
main,v040,pinned,reference,-,deployed,-1,B,IPPO|wcnc2027_ablation/ippo_seed23,IPPO,23,R,wcnc2027_ablation 2026-09-14,3,-164.9083368012709,137.9083368012709,27.0,0.0,0.0,207.47355199900716,207.47355199900716,0.0009910802775024,0.0009910802775024,0.0,0.0009910802775024,0.0,0,0.0,1,11.348264840677446,11.348264840677446,1.0,3.69
main,v040,pinned,reference,-,deployed,-1,B,IPPO|wcnc2027_ablation/ippo_seed23,IPPO,23,R,wcnc2027_ablation 2026-09-14,4,-675.2084337750921,563.2909687340518,110.29944524104026,0.4930198,1.125,187.7389928806464,187.6157379306464,0.0049554013875123,0.0,0.0049554013875123,0.0049554013875123,0.1446977205153617,26,2.4737363726461843,5,0.8353296349402684,0.8358279434388652,0.8353296349402684,3.69
main,v040,pinned,reference,-,deployed,-1,B,IPPO|wcnc2027_ablation/ippo_seed23,IPPO,23,R,wcnc2027_ablation 2026-09-14,5,-431.2594183607115,386.6198650291691,44.0749303315424,0.1896229999999999,0.375,202.9356686780019,202.8882629280019,0.0019821605550049,0.0,0.0019821605550049,0.0019821605550049,0.0366699702675916,10,0.9514370664023788,2,0.8345821721923734,0.8345821721923734,0.8345821721923734,3.69
main,v040,pinned,reference,-,deployed,-1,B,IPPO|wcnc2027_ablation/ippo_seed23,IPPO,23,R,wcnc2027_ablation 2026-09-14,6,-782.0698865864256,654.5099275517173,120.14976863470837,0.9101904,6.5,189.8691833008118,189.64163570081183,0.0049554013875123,0.0,0.0049554013875123,0.0049554013875123,0.1466798810703667,48,4.566897918731417,5,101.19601583497816,252.7234715107577,0.9009984575647224,3.69
main,v040,pinned,reference,-,deployed,-1,B,IPPO|wcnc2027_ablation/ippo_seed23,IPPO,23,R,wcnc2027_ablation 2026-09-14,7,-699.0698586097136,555.1000996938837,137.37419151582992,0.7205674,5.875,191.38373435339136,191.20359250339132,0.0059464816650148,0.0,0.0059464816650148,0.0059464816650148,0.1476709613478691,38,3.615460852329039,6,0.8833323411762343,1.1208543298630762,0.8631899528657216,3.69
main,v040,pinned,reference,-,deployed,-1,B,IPPO|wcnc2027_ablation/ippo_seed23,IPPO,23,R,wcnc2027_ablation 2026-09-14,8,-396.4579711206221,395.5071219206221,0.0,0.0758492,0.875,206.64472115240767,206.62575885240767,0.0,0.0,0.0,0.0,0.0029732408325074,4,0.3805748265609515,0,0.0,0.0,0.0,3.69
main,v040,pinned,reference,-,deployed,-1,B,IPPO|wcnc2027_ablation/ippo_seed23,IPPO,23,R,wcnc2027_ablation 2026-09-14,9,-1046.0418496147718,81.01046255577924,965.0313870589926,0.0,0.0,207.56313091644884,207.56313091644884,0.0366699702675916,0.0366699702675916,0.0,0.0366699702675916,0.0,0,0.0,37,11.520105926055336,98.0408510239876,0.9693976459990924,3.69
main,v040,pinned,reference,-,deployed,-1,B,IPPO|ppo_single_site_ensemble_seed1_20260517T110907,IPPO,1,P,"May 2026, pre-781c90c reward",all,-5708.994804591906,4354.11136995352,1332.7426730383868,3.6407616,18.5,1976.0723405906167,1975.162150190617,0.0052527254707631,0.0037661050545094,0.0014866204162537,0.0052527254707631,0.0762140733399405,191,1.8172447968285437,53,13.21154126183662,250.75161537630956,0.9382029390178532,3.67
main,v040,pinned,reference,-,deployed,-1,B,IPPO|ppo_single_site_ensemble_seed1_20260517T110907,IPPO,1,P,"May 2026, pre-781c90c reward",0,-874.095895480413,805.4761109083097,66.18714177210316,0.6826428,1.75,177.5911331575996,177.4204724575996,0.0029732408325074,0.0,0.0029732408325074,0.0029732408325074,0.244796828543112,35,3.330029732408325,3,0.8354126863567019,0.835827943438866,0.8354126863567019,3.67
main,v040,pinned,reference,-,deployed,-1,B,IPPO|ppo_single_site_ensemble_seed1_20260517T110907,IPPO,1,P,"May 2026, pre-781c90c reward",1,-553.2805251476836,478.9364280787465,71.11230346893717,0.6067936,2.625,193.83595111327756,193.68425271327757,0.0029732408325074,0.0,0.0029732408325074,0.0029732408325074,0.1030723488602576,32,3.044598612487612,3,0.8937515486526131,1.010844530326601,0.8901367052104128,3.67
main,v040,pinned,reference,-,deployed,-1,B,IPPO|ppo_single_site_ensemble_seed1_20260517T110907,IPPO,1,P,"May 2026, pre-781c90c reward",2,-285.28923413277505,285.28923413277505,0.0,0.0,0.0,207.17130757865644,207.17130757865644,0.0,0.0,0.0,0.0,0.0,0,0.0,0,0.0,0.0,0.0,3.67
main,v040,pinned,reference,-,deployed,-1,B,IPPO|ppo_single_site_ensemble_seed1_20260517T110907,IPPO,1,P,"May 2026, pre-781c90c reward",3,-164.9083368012709,137.9083368012709,27.0,0.0,0.0,207.47355199900704,207.47355199900704,0.0009910802775024,0.0009910802775024,0.0,0.0009910802775024,0.0,0,0.0,1,11.348264840677444,11.348264840677444,1.0,3.67
main,v040,pinned,reference,-,deployed,-1,B,IPPO|ppo_single_site_ensemble_seed1_20260517T110907,IPPO,1,P,"May 2026, pre-781c90c reward",4,-640.6690656426804,572.0754280079719,66.14976863470838,0.5688690000000001,1.875,188.83179524883388,188.6895779988339,0.0029732408325074,0.0,0.0029732408325074,0.0029732408325074,0.1288404360753221,30,2.854311199207136,3,0.8349974292745376,0.8358279434388656,0.8349974292745376,3.67
main,v040,pinned,reference,-,deployed,-1,B,IPPO|ppo_single_site_ensemble_seed1_20260517T110907,IPPO,1,P,"May 2026, pre-781c90c reward",5,-409.56540102987407,386.8383128641029,22.03746516577119,0.1896229999999999,0.5,202.9208901562713,202.8734844062713,0.0009910802775024,0.0,0.0009910802775024,0.0009910802775024,0.0346878097125867,10,0.9514370664023788,1,0.8345821721923731,0.8345821721923731,0.8345821721923731,3.67
main,v040,pinned,reference,-,deployed,-1,B,IPPO|ppo_single_site_ensemble_seed1_20260517T110907,IPPO,1,P,"May 2026, pre-781c90c reward",6,-715.9595801562155,636.9744594246731,71.07493033154239,0.9101904,7.0,189.83388803035848,189.60634043035844,0.0029732408325074,0.0,0.0029732408325074,0.0029732408325074,0.1417244796828543,48,4.566897918731417,3,84.1402599068981,250.75161537630956,0.8897214481282486,3.67
main,v040,pinned,reference,-,deployed,-1,B,IPPO|ppo_single_site_ensemble_seed1_20260517T110907,IPPO,1,P,"May 2026, pre-781c90c reward",7,-634.3960474476673,585.0145772413352,44.14967660633194,0.6067936,4.625,195.03769458181608,194.88599618181607,0.0019821605550049,0.0,0.0019821605550049,0.0019821605550049,0.0971258671952428,32,3.044598612487612,2,0.8358279434388656,0.8358279434388656,0.8358279434388656,3.67
main,v040,pinned,reference,-,deployed,-1,B,IPPO|ppo_single_site_ensemble_seed1_20260517T110907,IPPO,1,P,"May 2026, pre-781c90c reward",8,-384.7888691385556,384.58801993855553,0.0,0.0758492,0.125,205.81299780834783,205.79403550834783,0.0,0.0,0.0,0.0,0.0118929633300297,4,0.3805748265609515,0,0.0,0.0,0.0,3.67
main,v040,pinned,reference,-,deployed,-1,B,IPPO|ppo_single_site_ensemble_seed1_20260517T110907,IPPO,1,P,"May 2026, pre-781c90c reward",9,-1046.0418496147718,81.01046255577924,965.0313870589926,0.0,0.0,207.5631309164488,207.5631309164488,0.0366699702675916,0.0366699702675916,0.0,0.0366699702675916,0.0,0,0.0,37,11.520105926055331,98.0408510239876,0.9693976459990924,3.67
main,v040,pinned,reference,-,deployed,-1,B,IPPO|ppo_single_site_ensemble_seed7_20260517T091403,IPPO,7,P,"May 2026, pre-781c90c reward",all,-5780.620812784426,4325.160315636542,1425.967187947885,3.8683092,25.625,1972.475998604165,1971.5089213041647,0.0056491575817641,0.0037661050545094,0.0018830525272547,0.0056491575817641,0.0812685827552031,203,1.9314172447968287,57,16.76215161786693,252.7234715107577,0.9338989403204002,3.67
main,v040,pinned,reference,-,deployed,-1,B,IPPO|ppo_single_site_ensemble_seed7_20260517T091403,IPPO,7,P,"May 2026, pre-781c90c reward",0,-864.4961258230799,794.8384166509767,66.18714177210316,0.7205674000000001,2.75,176.66063743744547,176.48049558744543,0.0029732408325074,0.0,0.0029732408325074,0.0029732408325074,0.2556987115956392,37,3.520317145688801,3,0.8354126863567019,0.835827943438866,0.8354126863567019,3.67
main,v040,pinned,reference,-,deployed,-1,B,IPPO|ppo_single_site_ensemble_seed7_20260517T091403,IPPO,7,P,"May 2026, pre-781c90c reward",1,-534.143291027083,452.24579715814593,71.11230346893717,0.9101904,9.875,190.9915376019669,190.76399000196693,0.0029732408325074,0.0,0.0029732408325074,0.0029732408325074,0.1318136769078295,48,4.566897918731417,3,0.8937515486526131,1.010844530326601,0.8901367052104128,3.67
main,v040,pinned,reference,-,deployed,-1,B,IPPO|ppo_single_site_ensemble_seed7_20260517T091403,IPPO,7,P,"May 2026, pre-781c90c reward",2,-285.28923413277505,285.28923413277505,0.0,0.0,0.0,207.17130757865644,207.17130757865644,0.0,0.0,0.0,0.0,0.0,0,0.0,0,0.0,0.0,0.0,3.67
main,v040,pinned,reference,-,deployed,-1,B,IPPO|ppo_single_site_ensemble_seed7_20260517T091403,IPPO,7,P,"May 2026, pre-781c90c reward",3,-164.9083368012709,137.9083368012709,27.0,0.0,0.0,207.47355199900704,207.47355199900704,0.0009910802775024,0.0009910802775024,0.0,0.0009910802775024,0.0,0,0.0,1,11.348264840677444,11.348264840677444,1.0,3.67
main,v040,pinned,reference,-,deployed,-1,B,IPPO|ppo_single_site_ensemble_seed7_20260517T091403,IPPO,7,P,"May 2026, pre-781c90c reward",4,-694.4297310748758,560.6874277306696,132.37428354420626,0.4930198,0.875,187.40112986812755,187.27787491812757,0.0059464816650148,0.0,0.0059464816650148,0.0059464816650148,0.1486620416253716,26,2.4737363726461843,6,0.8354126863567016,0.8358279434388656,0.8354126863567016,3.67
main,v040,pinned,reference,-,deployed,-1,B,IPPO|ppo_single_site_ensemble_seed7_20260517T091403,IPPO,7,P,"May 2026, pre-781c90c reward",5,-411.1193373554547,388.5172491896835,22.03746516577119,0.1896229999999999,0.375,203.1443275085593,203.0969217585593,0.0009910802775024,0.0,0.0009910802775024,0.0009910802775024,0.0336967294350842,10,0.9514370664023788,1,0.8345821721923731,0.8345821721923731,0.8345821721923731,3.67
main,v040,pinned,reference,-,deployed,-1,B,IPPO|ppo_single_site_ensemble_seed7_20260517T091403,IPPO,7,P,"May 2026, pre-781c90c reward",6,-764.4764027049812,636.1285190702729,120.14976863470837,0.948115,7.25,189.6983845904093,189.4613558404093,0.0049554013875123,0.0,0.0049554013875123,0.0049554013875123,0.1476709613478691,50,4.757185332011893,5,101.19601583497816,252.7234715107577,0.9009984575647224,3.67
main,v040,pinned,reference,-,deployed,-1,B,IPPO|ppo_single_site_ensemble_seed7_20260517T091403,IPPO,7,P,"May 2026, pre-781c90c reward",7,-613.8193016298767,586.6376697267108,22.07483830316597,0.6067936,4.5,195.30712583058897,195.15542743058893,0.0009910802775024,0.0,0.0009910802775024,0.0009910802775024,0.0951437066402378,32,3.044598612487612,1,0.8358279434388656,0.8358279434388656,0.8358279434388656,3.67
main,v040,pinned,reference,-,deployed,-1,B,IPPO|ppo_single_site_ensemble_seed7_20260517T091403,IPPO,7,P,"May 2026, pre-781c90c reward",8,-401.8972026202573,401.8972026202573,0.0,0.0,0.0,207.0648652729552,207.0648652729552,0.0,0.0,0.0,0.0,0.0,0,0.0,0,0.0,0.0,0.0,3.67
main,v040,pinned,reference,-,deployed,-1,B,IPPO|ppo_single_site_ensemble_seed7_20260517T091403,IPPO,7,P,"May 2026, pre-781c90c reward",9,-1046.0418496147718,81.01046255577924,965.0313870589926,0.0,0.0,207.5631309164488,207.5631309164488,0.0366699702675916,0.0366699702675916,0.0,0.0366699702675916,0.0,0,0.0,37,11.520105926055331,98.0408510239876,0.9693976459990924,3.67
main,v040,pinned,reference,-,deployed,-1,B,IPPO|wcnc2027_ablation/ippo_seed42,IPPO,42,R,wcnc2027_ablation 2026-09-14,all,-5742.219859392808,4285.902476616548,1420.967279976261,4.4751028,30.875,1968.763190620245,1967.6444149202453,0.0056491575817641,0.0037661050545094,0.0018830525272547,0.0056491575817641,0.0841427155599603,234,2.226362735381566,57,12.377620407772833,252.7234715107576,0.930975017529977,3.71
main,v040,pinned,reference,-,deployed,-1,B,IPPO|wcnc2027_ablation/ippo_seed42,IPPO,42,R,wcnc2027_ablation 2026-09-14,0,-844.960800621626,791.498683752689,44.11230346893716,1.0998134,8.25,175.9465207506205,175.67156740062052,0.0019821605550049,0.0,0.0019821605550049,0.0019821605550049,0.2556987115956392,57,5.423191278493558,2,0.8352050578156194,0.8358279434388652,0.8352050578156194,3.71
main,v040,pinned,reference,-,deployed,-1,B,IPPO|wcnc2027_ablation/ippo_seed42,IPPO,42,R,wcnc2027_ablation 2026-09-14,1,-540.5895173939255,464.5066465249884,71.11230346893717,0.7205674,4.25,192.2191166160617,192.0389747660617,0.0029732408325074,0.0,0.0029732408325074,0.0029732408325074,0.1199207135777998,38,3.615460852329039,3,0.8937515486526131,1.010844530326601,0.8901367052104128,3.71
main,v040,pinned,reference,-,deployed,-1,B,IPPO|wcnc2027_ablation/ippo_seed42,IPPO,42,R,wcnc2027_ablation 2026-09-14,2,-285.28923413277505,285.28923413277505,0.0,0.0,0.0,207.1713075786564,207.1713075786564,0.0,0.0,0.0,0.0,0.0,0,0.0,0,0.0,0.0,0.0,3.71
main,v040,pinned,reference,-,deployed,-1,B,IPPO|wcnc2027_ablation/ippo_seed42,IPPO,42,R,wcnc2027_ablation 2026-09-14,3,-164.9083368012709,137.9083368012709,27.0,0.0,0.0,207.4735519990071,207.4735519990071,0.0009910802775024,0.0009910802775024,0.0,0.0009910802775024,0.0,0,0.0,1,11.348264840677444,11.348264840677444,1.0,3.71
main,v040,pinned,reference,-,deployed,-1,B,IPPO|wcnc2027_ablation/ippo_seed42,IPPO,42,R,wcnc2027_ablation 2026-09-14,4,-649.0402191292624,559.7355169913878,88.22460693787438,0.4550952,0.625,187.5119047630169,187.3981309630169,0.0039643211100099,0.0,0.0039643211100099,0.0039643211100099,0.1427155599603567,24,2.283448959365709,4,0.8352050578156198,0.8358279434388663,0.8352050578156198,3.71
main,v040,pinned,reference,-,deployed,-1,B,IPPO|wcnc2027_ablation/ippo_seed42,IPPO,42,R,wcnc2027_ablation 2026-09-14,5,-437.8369604706638,370.2587950359555,66.14976863470838,0.3033967999999999,1.125,201.43505688343865,201.35920768343863,0.0029732408325074,0.0,0.0029732408325074,0.0029732408325074,0.0515361744301288,16,1.522299306243806,3,0.8349974292745376,0.8358279434388656,0.8349974292745376,3.71
main,v040,pinned,reference,-,deployed,-1,B,IPPO|wcnc2027_ablation/ippo_seed42,IPPO,42,R,wcnc2027_ablation 2026-09-14,6,-746.6747503707229,641.1751683360146,93.14976863470834,1.0998134,11.25,190.4164939868376,190.1415406368376,0.0039643211100099,0.0,0.0039643211100099,0.0039643211100099,0.1367690782953419,57,5.423191278493558,4,63.8071159496453,252.7234715107576,0.8762480719559027,3.71
main,v040,pinned,reference,-,deployed,-1,B,IPPO|wcnc2027_ablation/ippo_seed42,IPPO,42,R,wcnc2027_ablation 2026-09-14,7,-620.1244646015023,572.1938435951704,44.14967660633192,0.5309444,3.25,193.4981004695794,193.36536436957945,0.0019821605550049,0.0,0.0019821605550049,0.0019821605550049,0.1149653121902874,28,2.66402378592666,2,0.8358279434388652,0.8358279434388652,0.8358279434388652,3.71
main,v040,pinned,reference,-,deployed,-1,B,IPPO|wcnc2027_ablation/ippo_seed42,IPPO,42,R,wcnc2027_ablation 2026-09-14,8,-406.7537262562881,382.3257888905169,22.0374651657712,0.2654722,2.125,205.52800665657816,205.46163860657816,0.0009910802775024,0.0,0.0009910802775024,0.0009910802775024,0.0198216055500495,14,1.33201189296333,1,0.8345821721923734,0.8345821721923734,0.8345821721923734,3.71
main,v040,pinned,reference,-,deployed,-1,B,IPPO|wcnc2027_ablation/ippo_seed42,IPPO,42,R,wcnc2027_ablation 2026-09-14,9,-1046.0418496147715,81.01046255577924,965.0313870589922,0.0,0.0,207.5631309164488,207.5631309164488,0.0366699702675916,0.0366699702675916,0.0,0.0366699702675916,0.0,0,0.0,37,11.520105926055331,98.0408510239876,0.9693976459990924,3.71
main,v040,pinned,reference,-,deployed,-1,B,IPPO|wcnc2027_ablation/ippo_seed64,IPPO,64,R,wcnc2027_ablation 2026-09-14,all,-5763.317766514849,4453.423197704839,1283.74258101001,3.5269878,22.625,1982.577985656034,1981.696238706034,0.0050545094152626,0.0037661050545094,0.0012884043607532,0.0050545094152626,0.0685827552031714,185,1.7601585728444005,51,8.79660264902128,98.0408510239876,0.939047438568634,3.71
main,v040,pinned,reference,-,deployed,-1,B,IPPO|wcnc2027_ablation/ippo_seed64,IPPO,64,R,wcnc2027_ablation 2026-09-14,0,-851.3567053652534,802.1979852963163,44.11230346893716,0.7964166,4.25,177.26498659139833,177.06588244139834,0.0019821605550049,0.0,0.0019821605550049,0.0019821605550049,0.2368681863230921,41,3.900891972249752,2,0.8352050578156194,0.8358279434388652,0.8352050578156194,3.71
main,v040,pinned,reference,-,deployed,-1,B,IPPO|wcnc2027_ablation/ippo_seed64,IPPO,64,R,wcnc2027_ablation 2026-09-14,1,-552.8203340974239,478.1012370284869,71.11230346893717,0.6067936,3.0,193.72035248233917,193.56865408233912,0.0029732408325074,0.0,0.0029732408325074,0.0029732408325074,0.1060455896927651,32,3.044598612487612,3,0.8937515486526131,1.010844530326601,0.8901367052104128,3.71
main,v040,pinned,reference,-,deployed,-1,B,IPPO|wcnc2027_ablation/ippo_seed64,IPPO,64,R,wcnc2027_ablation 2026-09-14,2,-285.28923413277505,285.28923413277505,0.0,0.0,0.0,207.1713075786564,207.1713075786564,0.0,0.0,0.0,0.0,0.0,0,0.0,0,0.0,0.0,0.0,3.71
main,v040,pinned,reference,-,deployed,-1,B,IPPO|wcnc2027_ablation/ippo_seed64,IPPO,64,R,wcnc2027_ablation 2026-09-14,3,-164.9083368012709,137.9083368012709,27.0,0.0,0.0,207.4735519990071,207.4735519990071,0.0009910802775024,0.0009910802775024,0.0,0.0009910802775024,0.0,0,0.0,1,11.348264840677444,11.348264840677444,1.0,3.71
main,v040,pinned,reference,-,deployed,-1,B,IPPO|wcnc2027_ablation/ippo_seed64,IPPO,64,R,wcnc2027_ablation 2026-09-14,4,-676.5920947434884,563.2237805024479,110.29944524104036,0.5688690000000001,2.5,187.9596602722592,187.8174430222592,0.0049554013875123,0.0,0.0049554013875123,0.0049554013875123,0.1377601585728444,30,2.854311199207136,5,0.8353296349402692,0.8358279434388663,0.8353296349402692,3.71
main,v040,pinned,reference,-,deployed,-1,B,IPPO|wcnc2027_ablation/ippo_seed64,IPPO,64,R,wcnc2027_ablation 2026-09-14,5,-426.7091322202015,426.6712076202015,0.0,0.0379246,0.0,206.2695111979525,206.2600300479525,0.0,0.0,0.0,0.0,0.0059464816650148,2,0.1902874132804757,0,0.0,0.0,0.0,3.71
main,v040,pinned,reference,-,deployed,-1,B,IPPO|wcnc2027_ablation/ippo_seed64,IPPO,64,R,wcnc2027_ablation 2026-09-14,6,-734.4342888474887,703.5624824817174,22.03746516577119,0.8343412,8.0,193.9928771542141,193.78429185421413,0.0009910802775024,0.0,0.0009910802775024,0.0009910802775024,0.0941526263627353,44,4.186323092170466,1,0.8345821721923731,0.8345821721923731,0.8345821721923731,3.71
main,v040,pinned,reference,-,deployed,-1,B,IPPO|wcnc2027_ablation/ippo_seed64,IPPO,64,R,wcnc2027_ablation 2026-09-14,7,-632.983227481379,585.052606475047,44.14967660633192,0.5309444,3.25,194.972207553302,194.839471453302,0.0019821605550049,0.0,0.0019821605550049,0.0019821605550049,0.0981169474727453,28,2.66402378592666,2,0.8358279434388652,0.8358279434388652,0.8358279434388652,3.71
main,v040,pinned,reference,-,deployed,-1,B,IPPO|wcnc2027_ablation/ippo_seed64,IPPO,64,R,wcnc2027_ablation 2026-09-14,8,-392.1825632107953,390.40586481079526,0.0,0.1516984,1.625,206.19039991045636,206.15247531045637,0.0,0.0,0.0,0.0,0.0069375619425173,8,0.761149653121903,0,0.0,0.0,0.0,3.71
main,v040,pinned,reference,-,deployed,-1,B,IPPO|wcnc2027_ablation/ippo_seed64,IPPO,64,R,wcnc2027_ablation 2026-09-14,9,-1046.0418496147715,81.01046255577924,965.0313870589922,0.0,0.0,207.5631309164488,207.5631309164488,0.0366699702675916,0.0366699702675916,0.0,0.0366699702675916,0.0,0,0.0,37,11.520105926055331,98.0408510239876,0.9693976459990924,3.71
main,v040,pinned,reference,-,deployed,-1,B,IPPO|ppo_single_site_ensemble_seed13_20260517T091403,IPPO,13,P,"May 2026, pre-781c90c reward",all,-5641.102509897597,4347.990057328148,1261.6303695694492,3.982083,27.5,1975.0072387865844,1974.011718036584,0.0049554013875123,0.0037661050545094,0.0011892963330029,0.0049554013875123,0.0769078295341922,209,1.9885034687809715,50,8.955793227707998,98.0408510239876,0.9410869130462994,3.74
main,v040,pinned,reference,-,deployed,-1,B,IPPO|ppo_single_site_ensemble_seed13_20260517T091403,IPPO,13,P,"May 2026, pre-781c90c reward",0,-845.670748516903,795.1482546479658,44.11230346893717,0.9101904,5.5,176.72225364184663,176.49470604184663,0.0019821605550049,0.0,0.0019821605550049,0.0019821605550049,0.242814667988107,47,4.47175421209118,2,0.8352050578156196,0.835827943438866,0.8352050578156196,3.74
main,v040,pinned,reference,-,deployed,-1,B,IPPO|ppo_single_site_ensemble_seed13_20260517T091403,IPPO,13,P,"May 2026, pre-781c90c reward",1,-539.2130514028047,461.59225593386753,71.11230346893717,0.758492,5.75,191.88422605554712,191.6946030555471,0.0029732408325074,0.0,0.0029732408325074,0.0029732408325074,0.1278493557978196,40,3.8057482656095143,3,0.8937515486526135,1.0108445303266014,0.8901367052104131,3.74
main,v040,pinned,reference,-,deployed,-1,B,IPPO|ppo_single_site_ensemble_seed13_20260517T091403,IPPO,13,P,"May 2026, pre-781c90c reward",2,-285.28923413277505,285.28923413277505,0.0,0.0,0.0,207.1713075786564,207.1713075786564,0.0,0.0,0.0,0.0,0.0,0,0.0,0,0.0,0.0,0.0,3.74
main,v040,pinned,reference,-,deployed,-1,B,IPPO|ppo_single_site_ensemble_seed13_20260517T091403,IPPO,13,P,"May 2026, pre-781c90c reward",3,-164.9083368012709,137.9083368012709,27.0,0.0,0.0,207.4735519990071,207.4735519990071,0.0009910802775024,0.0009910802775024,0.0,0.0009910802775024,0.0,0,0.0,1,11.348264840677444,11.348264840677444,1.0,3.74
main,v040,pinned,reference,-,deployed,-1,B,IPPO|ppo_single_site_ensemble_seed13_20260517T091403,IPPO,13,P,"May 2026, pre-781c90c reward",4,-633.2780077108947,566.0481438761863,66.14976863470834,0.4550952,0.625,188.05890512964905,187.94513132964903,0.0029732408325074,0.0,0.0029732408325074,0.0029732408325074,0.1377601585728444,24,2.283448959365709,3,0.8349974292745371,0.8358279434388652,0.8349974292745371,3.74
main,v040,pinned,reference,-,deployed,-1,B,IPPO|ppo_single_site_ensemble_seed13_20260517T091403,IPPO,13,P,"May 2026, pre-781c90c reward",5,-429.7548153304626,406.6153540272967,22.07483830316596,0.1896229999999999,0.875,204.83592734590297,204.78852159590292,0.0009910802775024,0.0,0.0009910802775024,0.0009910802775024,0.0247770069375619,10,0.9514370664023788,1,0.8358279434388652,0.8358279434388652,0.8358279434388652,3.74
main,v040,pinned,reference,-,deployed,-1,B,IPPO|ppo_single_site_ensemble_seed13_20260517T091403,IPPO,13,P,"May 2026, pre-781c90c reward",6,-700.7019175563693,644.5650984248268,44.07493033154238,1.0618888,11.0,190.9071362108013,190.6416640108013,0.0019821605550049,0.0,0.0019821605550049,0.0019821605550049,0.1219028741328047,56,5.32804757185332,2,0.8345821721923731,0.8345821721923731,0.8345821721923731,3.74
main,v040,pinned,reference,-,deployed,-1,B,IPPO|ppo_single_site_ensemble_seed13_20260517T091403,IPPO,13,P,"May 2026, pre-781c90c reward",7,-599.7493385038088,573.4806312006426,22.07483830316597,0.5688690000000001,3.625,193.6940057179936,193.5517884679936,0.0009910802775024,0.0,0.0009910802775024,0.0009910802775024,0.110009910802775,30,2.854311199207136,1,0.8358279434388656,0.8358279434388656,0.8358279434388656,3.74
main,v040,pinned,reference,-,deployed,-1,B,IPPO|ppo_single_site_ensemble_seed13_20260517T091403,IPPO,13,P,"May 2026, pre-781c90c reward",8,-396.495210327536,396.332285727536,0.0,0.0379246,0.125,206.6967941907314,206.6873130407314,0.0,0.0,0.0,0.0,0.0039643211100099,2,0.1902874132804757,0,0.0,0.0,0.0,3.74
main,v040,pinned,reference,-,deployed,-1,B,IPPO|ppo_single_site_ensemble_seed13_20260517T091403,IPPO,13,P,"May 2026, pre-781c90c reward",9,-1046.0418496147713,81.01046255577923,965.031387058992,0.0,0.0,207.5631309164488,207.5631309164488,0.0366699702675916,0.0366699702675916,0.0,0.0366699702675916,0.0,0,0.0,37,11.520105926055336,98.0408510239876,0.9693976459990918,3.74
main,v040,pinned,reference,-,deployed,-1,B,IPPO|ppo_single_site_ensemble_seed23_20260517T110907,IPPO,23,P,"May 2026, pre-781c90c reward",all,-5819.775219348036,4311.3488602343805,1475.0046531136554,4.171706,29.25,1969.287332963798,1968.244406463798,0.0058473736372646,0.0037661050545094,0.0020812685827552,0.0058473736372646,0.0849355797819623,219,2.083647175421209,59,16.227086080007975,252.72347151075755,0.9333359622111048,3.74
main,v040,pinned,reference,-,deployed,-1,B,IPPO|ppo_single_site_ensemble_seed23_20260517T110907,IPPO,23,P,"May 2026, pre-781c90c reward",0,-865.2805771351304,793.6340941630272,66.18714177210316,0.8343412,4.625,176.48965815528982,176.2810728552898,0.0029732408325074,0.0,0.0029732408325074,0.0029732408325074,0.2556987115956392,43,4.0911793855302285,3,0.8354126863567016,0.835827943438866,0.8354126863567016,3.74
main,v040,pinned,reference,-,deployed,-1,B,IPPO|ppo_single_site_ensemble_seed23_20260517T110907,IPPO,23,P,"May 2026, pre-781c90c reward",1,-534.5647662824767,461.2585938135395,71.11230346893717,0.5688690000000001,1.625,191.87312595855408,191.7309087085541,0.0029732408325074,0.0,0.0029732408325074,0.0029732408325074,0.1268582755203171,30,2.854311199207136,3,0.8937515486526135,1.0108445303266014,0.8901367052104131,3.74
main,v040,pinned,reference,-,deployed,-1,B,IPPO|ppo_single_site_ensemble_seed23_20260517T110907,IPPO,23,P,"May 2026, pre-781c90c reward",2,-285.28923413277505,285.28923413277505,0.0,0.0,0.0,207.1713075786564,207.1713075786564,0.0,0.0,0.0,0.0,0.0,0,0.0,0,0.0,0.0,0.0,3.74
main,v040,pinned,reference,-,deployed,-1,B,IPPO|ppo_single_site_ensemble_seed23_20260517T110907,IPPO,23,P,"May 2026, pre-781c90c reward",3,-164.9083368012709,137.9083368012709,27.0,0.0,0.0,207.4735519990071,207.4735519990071,0.0009910802775024,0.0009910802775024,0.0,0.0009910802775024,0.0,0,0.0,1,11.348264840677444,11.348264840677444,1.0,3.74
main,v040,pinned,reference,-,deployed,-1,B,IPPO|ppo_single_site_ensemble_seed23_20260517T110907,IPPO,23,P,"May 2026, pre-781c90c reward",4,-673.1663812936364,561.3739162525961,110.29944524104026,0.4930198,1.0,187.4946050043909,187.3713500543909,0.0049554013875123,0.0,0.0049554013875123,0.0049554013875123,0.1446977205153617,26,2.4737363726461843,5,0.8353296349402684,0.8358279434388652,0.8353296349402684,3.74
main,v040,pinned,reference,-,deployed,-1,B,IPPO|ppo_single_site_ensemble_seed23_20260517T110907,IPPO,23,P,"May 2026, pre-781c90c reward",5,-421.98981183079536,377.31233389925296,44.07493033154238,0.2275476,0.375,202.10906173173063,202.05217483173064,0.0019821605550049,0.0,0.0019821605550049,0.0019821605550049,0.0455896927651139,12,1.1417244796828545,2,0.8345821721923731,0.8345821721923731,0.8345821721923731,3.74
main,v040,pinned,reference,-,deployed,-1,B,IPPO|ppo_single_site_ensemble_seed23_20260517T110907,IPPO,23,P,"May 2026, pre-781c90c reward",6,-780.0885609737362,652.2406773390279,120.14976863470837,0.948115,6.75,189.55862709916337,189.32159834916337,0.0049554013875123,0.0,0.0049554013875123,0.0049554013875123,0.151635282457879,50,4.757185332011893,5,101.19601583497816,252.72347151075755,0.9009984575647224,3.74
main,v040,pinned,reference,-,deployed,-1,B,IPPO|ppo_single_site_ensemble_seed23_20260517T110907,IPPO,23,P,"May 2026, pre-781c90c reward",7,-652.5971419351488,566.298501128817,71.14967660633194,1.0239642,14.125,192.9808523361744,192.7248612861744,0.0029732408325074,0.0,0.0029732408325074,0.0029732408325074,0.1209117938553022,54,5.137760158572845,3,0.9308367389136024,1.1208543298630764,0.890551962292577,3.74
main,v040,pinned,reference,-,deployed,-1,B,IPPO|ppo_single_site_ensemble_seed23_20260517T110907,IPPO,23,P,"May 2026, pre-781c90c reward",8,-395.8485593482939,395.0227101482939,0.0,0.0758492,0.75,206.5734121843826,206.5544498843826,0.0,0.0,0.0,0.0,0.0039643211100099,4,0.3805748265609515,0,0.0,0.0,0.0,3.74
main,v040,pinned,reference,-,deployed,-1,B,IPPO|ppo_single_site_ensemble_seed23_20260517T110907,IPPO,23,P,"May 2026, pre-781c90c reward",9,-1046.0418496147713,81.01046255577923,965.031387058992,0.0,0.0,207.5631309164488,207.5631309164488,0.0366699702675916,0.0366699702675916,0.0,0.0366699702675916,0.0,0,0.0,37,11.520105926055336,98.0408510239876,0.9693976459990918,3.74
main,v040,pinned,reference,-,deployed,-1,B,MAPPO|wcnc2027_ablation/mappo_seed1/mappo_best.pt,MAPPO,1,R,wcnc2027_ablation 2026-09-14,all,-5579.372568665656,4249.256031039933,1271.4433198257234,5.423217800000001,53.25,1968.607545924125,1967.2517414741244,0.0049554013875123,0.0037661050545094,0.0011892963330029,0.0049554013875123,0.076412289395441,286,2.721110009910803,50,13.99922171135793,252.72347151075763,0.9476288798838154,0.8
main,v040,pinned,reference,-,deployed,-1,B,MAPPO|wcnc2027_ablation/mappo_seed1/mappo_best.pt,MAPPO,1,R,wcnc2027_ablation 2026-09-14,0,-813.0253730870152,802.175559687015,0.0,1.0998134,9.75,178.067222932095,177.792269582095,0.0,0.0,0.0,0.0,0.2120911793855302,58,5.518334985133796,0,0.0,0.0,0.0,0.8
main,v040,pinned,reference,-,deployed,-1,B,MAPPO|wcnc2027_ablation/mappo_seed1/mappo_best.pt,MAPPO,1,R,wcnc2027_ablation 2026-09-14,1,-524.1247456451074,466.6284907419414,49.07483830316597,0.7964166,7.625,192.9154519647792,192.71634781477923,0.0019821605550049,0.0,0.0019821605550049,0.0019821605550049,0.1020812685827552,42,3.9960356788899913,2,0.9233362368827336,1.0108445303266014,0.9179139717194328,0.8
main,v040,pinned,reference,-,deployed,-1,B,MAPPO|wcnc2027_ablation/mappo_seed1/mappo_best.pt,MAPPO,1,R,wcnc2027_ablation 2026-09-14,2,-304.0106479082611,280.3594089424899,22.0374651657712,0.1137738,1.5,206.81631502604532,206.7878715760453,0.0009910802775024,0.0,0.0009910802775024,0.0009910802775024,0.0029732408325074,6,0.5708622398414271,1,0.8345821721923734,0.8345821721923734,0.8345821721923734,0.8
main,v040,pinned,reference,-,deployed,-1,B,MAPPO|wcnc2027_ablation/mappo_seed1/mappo_best.pt,MAPPO,1,R,wcnc2027_ablation 2026-09-14,3,-164.9083368012709,137.9083368012709,27.0,0.0,0.0,207.4735519990072,207.4735519990072,0.0009910802775024,0.0009910802775024,0.0,0.0009910802775024,0.0,0,0.0,1,11.348264840677446,11.348264840677446,1.0,0.8
main,v040,pinned,reference,-,deployed,-1,B,MAPPO|wcnc2027_ablation/mappo_seed1/mappo_best.pt,MAPPO,1,R,wcnc2027_ablation 2026-09-14,4,-623.9815999473709,550.1983393126625,66.14976863470838,0.758492,6.875,187.23944612926024,187.04982312926023,0.0029732408325074,0.0,0.0029732408325074,0.0029732408325074,0.1387512388503468,40,3.8057482656095143,3,0.8349974292745376,0.835827943438866,0.8349974292745376,0.8
main,v040,pinned,reference,-,deployed,-1,B,MAPPO|wcnc2027_ablation/mappo_seed1/mappo_best.pt,MAPPO,1,R,wcnc2027_ablation 2026-09-14,5,-363.90233455833663,361.4360131583367,0.0,0.3413214,2.125,200.71594573055063,200.63061538055064,0.0,0.0,0.0,0.0,0.0505450941526263,18,1.7125867195242817,0,0.0,0.0,0.0,0.8
main,v040,pinned,reference,-,deployed,-1,B,MAPPO|wcnc2027_ablation/mappo_seed1/mappo_best.pt,MAPPO,1,R,wcnc2027_ablation 2026-09-14,6,-747.0490995871787,639.5110414898652,93.11239549731356,1.1756626,13.25,190.640811268564,190.346895618564,0.0039643211100099,0.0,0.0039643211100099,0.0039643211100099,0.1199207135777998,62,5.898909811694748,4,63.806804506833686,252.72347151075763,0.8759366291442797,0.8
main,v040,pinned,reference,-,deployed,-1,B,MAPPO|wcnc2027_ablation/mappo_seed1/mappo_best.pt,MAPPO,1,R,wcnc2027_ablation 2026-09-14,7,-601.8902731968818,568.2076303968819,27.0,0.6826428,6.0,193.20951297027185,193.03885227027183,0.0009910802775024,0.0,0.0009910802775024,0.0009910802775024,0.1129831516352824,36,3.4251734390485638,1,1.1208543298630764,1.1208543298630764,1.0,0.8
main,v040,pinned,reference,-,deployed,-1,B,MAPPO|wcnc2027_ablation/mappo_seed1/mappo_best.pt,MAPPO,1,R,wcnc2027_ablation 2026-09-14,8,-390.4383083194616,361.8207479536904,22.03746516577119,0.4550952,6.125,203.9661569871025,203.85238318710245,0.0009910802775024,0.0,0.0009910802775024,0.0009910802775024,0.0247770069375619,24,2.283448959365709,1,0.8345821721923731,0.8345821721923731,0.8345821721923731,0.8
main,v040,pinned,reference,-,deployed,-1,B,MAPPO|wcnc2027_ablation/mappo_seed1/mappo_best.pt,MAPPO,1,R,wcnc2027_ablation 2026-09-14,9,-1046.0418496147722,81.01046255577924,965.031387058993,0.0,0.0,207.5631309164488,207.5631309164488,0.0366699702675916,0.0366699702675916,0.0,0.0366699702675916,0.0,0,0.0,37,11.520105926055331,98.0408510239876,0.9693976459990926,0.8
main,v040,pinned,reference,-,deployed,-1,B,Centralized PPO|wcnc2027_ablation/central_seed1/ppo_multi_site.zip,Centralized PPO,1,R,wcnc2027_ablation 2026-09-14,all,-20316.76671776184,5756.51893973114,14517.990487830702,2.8822902,39.375,2201.4992153479943,2200.7786427979945,0.0620416253716551,0.0152626362735381,0.0582755203171456,0.0620416253716551,0.1322101090188305,150,1.427155599603568,626,37.37268432715384,2688.986588123172,0.8730559365192069,0.79
main,v040,pinned,reference,-,deployed,-1,B,Centralized PPO|wcnc2027_ablation/central_seed1/ppo_multi_site.zip,Centralized PPO,1,R,wcnc2027_ablation 2026-09-14,0,-1629.7265209267246,821.2634143334697,775.8014043932551,2.1617022,30.5,185.07544173887305,184.53501618887304,0.0346878097125867,0.0029732408325074,0.0346878097125867,0.0346878097125867,0.3508424182358771,113,10.751238850346878,35,7.9815248814041215,250.7516153763096,0.8388584803745286,0.79
main,v040,pinned,reference,-,deployed,-1,B,Centralized PPO|wcnc2027_ablation/central_seed1/ppo_multi_site.zip,Centralized PPO,1,R,wcnc2027_ablation 2026-09-14,1,-868.6909379595985,868.6909379595985,0.0,0.0,0.0,206.98809577356093,206.98809577356093,0.0,0.0,0.0,0.0,0.0,0,0.0,0,0.0,0.0,0.0,0.79
main,v040,pinned,reference,-,deployed,-1,B,Centralized PPO|wcnc2027_ablation/central_seed1/ppo_multi_site.zip,Centralized PPO,1,R,wcnc2027_ablation 2026-09-14,2,-285.28923413277505,285.28923413277505,0.0,0.0,0.0,207.1713075786564,207.1713075786564,0.0,0.0,0.0,0.0,0.0,0,0.0,0,0.0,0.0,0.0,0.79
main,v040,pinned,reference,-,deployed,-1,B,Centralized PPO|wcnc2027_ablation/central_seed1/ppo_multi_site.zip,Centralized PPO,1,R,wcnc2027_ablation 2026-09-14,3,-164.9083368012709,137.9083368012709,27.0,0.0,0.0,207.4735519990072,207.4735519990072,0.0009910802775024,0.0009910802775024,0.0,0.0009910802775024,0.0,0,0.0,1,11.348264840677446,11.348264840677446,1.0,0.79
main,v040,pinned,reference,-,deployed,-1,B,Centralized PPO|wcnc2027_ablation/central_seed1/ppo_multi_site.zip,Centralized PPO,1,R,wcnc2027_ablation 2026-09-14,4,-974.5612599907676,952.1984970876016,22.074838303165983,0.0379246,0.25,206.8503598338638,206.8408786838638,0.0009910802775024,0.0,0.0009910802775024,0.0009910802775024,0.0029732408325074,2,0.1902874132804757,1,0.835827943438866,0.835827943438866,0.835827943438866,0.79
main,v040,pinned,reference,-,deployed,-1,B,Centralized PPO|wcnc2027_ablation/central_seed1/ppo_multi_site.zip,Centralized PPO,1,R,wcnc2027_ablation 2026-09-14,5,-443.2354064658647,443.2354064658647,0.0,0.0,0.0,207.06756236764485,207.06756236764485,0.0,0.0,0.0,0.0,0.0,0,0.0,0,0.0,0.0,0.0,0.79
main,v040,pinned,reference,-,deployed,-1,B,Centralized PPO|wcnc2027_ablation/central_seed1/ppo_multi_site.zip,Centralized PPO,1,R,wcnc2027_ablation 2026-09-14,6,-953.9903917224424,952.9145425224424,0.0,0.0758492,1.0,206.74227549942825,206.72331319942825,0.0,0.0,0.0,0.0,0.0019821605550049,3,0.2854311199207135,0,0.0,0.0,0.0,0.79
main,v040,pinned,reference,-,deployed,-1,B,Centralized PPO|wcnc2027_ablation/central_seed1/ppo_multi_site.zip,Centralized PPO,1,R,wcnc2027_ablation 2026-09-14,7,-13548.42557752737,812.11090525208,12728.08285807529,0.6068142,7.625,359.50262436755565,359.3509208175557,0.5470763131813677,0.1119920713577799,0.5470763131813677,0.5470763131813677,0.9663032705649156,32,3.044598612487612,552,41.08246196721196,2688.986588123172,0.8686040373233871,0.79
main,v040,pinned,reference,-,deployed,-1,B,Centralized PPO|wcnc2027_ablation/central_seed1/ppo_multi_site.zip,Centralized PPO,1,R,wcnc2027_ablation 2026-09-14,8,-401.89720262025736,401.89720262025736,0.0,0.0,0.0,207.0648652729552,207.0648652729552,0.0,0.0,0.0,0.0,0.0,0,0.0,0,0.0,0.0,0.0,0.79
main,v040,pinned,reference,-,deployed,-1,B,Centralized PPO|wcnc2027_ablation/central_seed1/ppo_multi_site.zip,Centralized PPO,1,R,wcnc2027_ablation 2026-09-14,9,-1046.0418496147722,81.01046255577924,965.031387058993,0.0,0.0,207.5631309164488,207.5631309164488,0.0366699702675916,0.0366699702675916,0.0,0.0366699702675916,0.0,0,0.0,37,11.520105926055331,98.0408510239876,0.9693976459990926,0.79
main,v040,pinned,reference,-,deployed,-1,B,Shared-PPO|wcnc2027_ablation/shared_ppo_seed1/mappo_best.pt,Shared-PPO,1,R,wcnc2027_ablation 2026-09-14 (supplementary ablation),all,-5871.7197897683,4164.587356053684,1651.3791207146155,5.878313,49.875,1955.538284866012,1954.068706616012,0.0066402378592666,0.0037661050545094,0.0028741328047571,0.0066402378592666,0.1001982160555005,310,2.949454905847374,67,14.38921235284332,252.72347151075763,0.9215816520968236,0.79
main,v040,pinned,reference,-,deployed,-1,B,Shared-PPO|wcnc2027_ablation/shared_ppo_seed1/mappo_best.pt,Shared-PPO,1,R,wcnc2027_ablation 2026-09-14 (supplementary ablation),0,-837.7045893962618,779.2382265273247,44.11230346893716,1.4790594,12.875,174.35214750382104,173.98238265382102,0.0019821605550049,0.0,0.0019821605550049,0.0019821605550049,0.2784935579781962,78,7.421209117938553,2,0.8352050578156194,0.8358279434388656,0.8352050578156194,0.79
main,v040,pinned,reference,-,deployed,-1,B,Shared-PPO|wcnc2027_ablation/shared_ppo_seed1/mappo_best.pt,Shared-PPO,1,R,wcnc2027_ablation 2026-09-14 (supplementary ablation),1,-524.9361131239837,450.25494065504654,71.11230346893717,0.5688690000000001,3.0,190.6114141124389,190.46919686243888,0.0029732408325074,0.0,0.0029732408325074,0.0029732408325074,0.1397423191278493,30,2.854311199207136,3,0.8937515486526134,1.0108445303266014,0.8901367052104131,0.79
main,v040,pinned,reference,-,deployed,-1,B,Shared-PPO|wcnc2027_ablation/shared_ppo_seed1/mappo_best.pt,Shared-PPO,1,R,wcnc2027_ablation 2026-09-14 (supplementary ablation),2,-305.5662722804118,280.3012595146406,22.0374651657712,0.2275476,3.0,206.73677221034717,206.67988531034712,0.0009910802775024,0.0,0.0009910802775024,0.0009910802775024,0.0069375619425173,12,1.1417244796828545,1,0.8345821721923734,0.8345821721923734,0.8345821721923734,0.79
main,v040,pinned,reference,-,deployed,-1,B,Shared-PPO|wcnc2027_ablation/shared_ppo_seed1/mappo_best.pt,Shared-PPO,1,R,wcnc2027_ablation 2026-09-14 (supplementary ablation),3,-165.31659439301183,137.77866979301186,27.0,0.0379246,0.5,207.459401676256,207.449920526256,0.0009910802775024,0.0009910802775024,0.0,0.0009910802775024,0.0009910802775024,2,0.1902874132804757,1,11.348264840677446,11.348264840677446,1.0,0.79
main,v040,pinned,reference,-,deployed,-1,B,Shared-PPO|wcnc2027_ablation/shared_ppo_seed1/mappo_best.pt,Shared-PPO,1,R,wcnc2027_ablation 2026-09-14 (supplementary ablation),4,-678.2236893174496,540.6667629732433,132.37428354420632,0.6826428,4.5,185.7602377124693,185.5895770124693,0.0059464816650148,0.0,0.0059464816650148,0.0059464816650148,0.1674925668979187,36,3.4251734390485638,6,0.8354126863567016,0.835827943438866,0.8354126863567016,0.79
main,v040,pinned,reference,-,deployed,-1,B,Shared-PPO|wcnc2027_ablation/shared_ppo_seed1/mappo_best.pt,Shared-PPO,1,R,wcnc2027_ablation 2026-09-14 (supplementary ablation),5,-424.60060609275865,354.65811539544507,66.1123954973136,0.4550952,3.375,199.6273973465189,199.5136235465189,0.0029732408325074,0.0,0.0029732408325074,0.0029732408325074,0.0693756194251734,24,2.283448959365709,3,0.8345821721923734,0.8345821721923734,0.8345821721923734,0.79
main,v040,pinned,reference,-,deployed,-1,B,Shared-PPO|wcnc2027_ablation/shared_ppo_seed1/mappo_best.pt,Shared-PPO,1,R,wcnc2027_ablation 2026-09-14 (supplementary ablation),6,-824.3617184093721,626.3491454025607,186.3369104068115,1.1756626,10.5,188.74656844732291,188.45265279732297,0.0079286422200198,0.0,0.0079286422200198,0.0079286422200198,0.1575817641228939,62,5.898909811694748,8,63.56078965424511,252.72347151075763,0.8764037933617145,0.79
main,v040,pinned,reference,-,deployed,-1,B,Shared-PPO|wcnc2027_ablation/shared_ppo_seed1/mappo_best.pt,Shared-PPO,1,R,wcnc2027_ablation 2026-09-14 (supplementary ablation),7,-655.6611098991307,555.7534007270276,93.1871417721032,0.7205674,6.0,191.3925822446869,191.2124403946869,0.0039643211100099,0.0,0.0039643211100099,0.0039643211100099,0.1437066402378592,38,3.615460852329039,4,0.9067730972332956,1.1208543298630764,0.8765595147675265,0.79
main,v040,pinned,reference,-,deployed,-1,B,Shared-PPO|wcnc2027_ablation/shared_ppo_seed1/mappo_best.pt,Shared-PPO,1,R,wcnc2027_ablation 2026-09-14 (supplementary ablation),8,-409.30724724114697,358.5763725096046,44.07493033154238,0.5309444000000001,6.125,203.28863269570195,203.1558965957019,0.0019821605550049,0.0,0.0019821605550049,0.0019821605550049,0.0376610505450941,28,2.66402378592666,2,0.8345821721923731,0.8345821721923731,0.8345821721923731,0.79
main,v040,pinned,reference,-,deployed,-1,B,Shared-PPO|wcnc2027_ablation/shared_ppo_seed1/mappo_best.pt,Shared-PPO,1,R,wcnc2027_ablation 2026-09-14 (supplementary ablation),9,-1046.0418496147722,81.01046255577924,965.031387058993,0.0,0.0,207.5631309164488,207.5631309164488,0.0366699702675916,0.0366699702675916,0.0,0.0366699702675916,0.0,0,0.0,37,11.520105926055331,98.0408510239876,0.9693976459990926,0.79
main,v040,pinned,reference,-,deployed,-1,B,MAPPO|wcnc2027_ablation/mappo_seed7/mappo_best.pt,MAPPO,7,R,wcnc2027_ablation 2026-09-14,all,-5622.810827490621,4223.415826692793,1337.6304615978263,5.7645392,56.0,1964.997187527171,1963.556052727171,0.0052527254707631,0.0037661050545094,0.0014866204162537,0.0052527254707631,0.0815659068384539,304,2.892368681863231,53,13.25410044579182,252.72347151075763,0.9412770198728464,0.79
main,v040,pinned,reference,-,deployed,-1,B,MAPPO|wcnc2027_ablation/mappo_seed7/mappo_best.pt,MAPPO,7,R,wcnc2027_ablation 2026-09-14,0,-816.60549088719,801.7781298871898,0.0,1.327361,13.5,178.01292890758066,177.68108865758063,0.0,0.0,0.0,0.0,0.2140733399405351,70,6.6600594648166505,0,0.0,0.0,0.0,0.79
main,v040,pinned,reference,-,deployed,-1,B,MAPPO|wcnc2027_ablation/mappo_seed7/mappo_best.pt,MAPPO,7,R,wcnc2027_ablation 2026-09-14,1,-544.488664830297,463.1290955613598,71.11230346893717,0.8722658000000001,9.375,192.4990153069462,192.28094885694625,0.0029732408325074,0.0,0.0029732408325074,0.0029732408325074,0.1070366699702675,46,4.376610505450942,3,0.8937515486526134,1.0108445303266014,0.8901367052104131,0.79
main,v040,pinned,reference,-,deployed,-1,B,MAPPO|wcnc2027_ablation/mappo_seed7/mappo_best.pt,MAPPO,7,R,wcnc2027_ablation 2026-09-14,2,-304.11433787860227,279.9251743128311,22.0374651657712,0.1516984,2.0,206.7520806586259,206.7141560586259,0.0009910802775024,0.0,0.0009910802775024,0.0009910802775024,0.0039643211100099,8,0.761149653121903,1,0.8345821721923734,0.8345821721923734,0.8345821721923734,0.79
main,v040,pinned,reference,-,deployed,-1,B,MAPPO|wcnc2027_ablation/mappo_seed7/mappo_best.pt,MAPPO,7,R,wcnc2027_ablation 2026-09-14,3,-164.9083368012709,137.9083368012709,27.0,0.0,0.0,207.4735519990072,207.4735519990072,0.0009910802775024,0.0009910802775024,0.0,0.0009910802775024,0.0,0,0.0,1,11.348264840677446,11.348264840677446,1.0,0.79
main,v040,pinned,reference,-,deployed,-1,B,MAPPO|wcnc2027_ablation/mappo_seed7/mappo_best.pt,MAPPO,7,R,wcnc2027_ablation 2026-09-14,4,-639.7154095303149,545.5202351924406,88.22460693787437,0.7205674,5.25,186.5561649018704,186.3760230518704,0.0039643211100099,0.0,0.0039643211100099,0.0039643211100099,0.1476709613478691,38,3.615460852329039,4,0.8352050578156196,0.835827943438866,0.8352050578156196,0.79
main,v040,pinned,reference,-,deployed,-1,B,MAPPO|wcnc2027_ablation/mappo_seed7/mappo_best.pt,MAPPO,7,R,wcnc2027_ablation 2026-09-14,5,-361.7511757521868,358.7469297521868,0.0,0.379246,2.625,200.3552255713739,200.26041407137387,0.0,0.0,0.0,0.0,0.0555004955401387,20,1.9028741328047571,0,0.0,0.0,0.0,0.79
main,v040,pinned,reference,-,deployed,-1,B,MAPPO|wcnc2027_ablation/mappo_seed7/mappo_best.pt,MAPPO,7,R,wcnc2027_ablation 2026-09-14,6,-714.6581063129638,631.4454379814215,71.07493033154239,1.137738,11.0,189.50445246019376,189.22001796019376,0.0029732408325074,0.0,0.0029732408325074,0.0029732408325074,0.1357779980178394,60,5.708622398414271,3,84.79754528504746,252.72347151075763,0.8897214481282486,0.79
main,v040,pinned,reference,-,deployed,-1,B,MAPPO|wcnc2027_ablation/mappo_seed7/mappo_best.pt,MAPPO,7,R,wcnc2027_ablation 2026-09-14,7,-621.2484277433067,565.6159466401406,49.07483830316599,0.6826428,5.875,192.80056528448455,192.6299045844846,0.0019821605550049,0.0,0.0019821605550049,0.0019821605550049,0.1199207135777998,36,3.4251734390485638,2,0.9783411366509712,1.1208543298630764,0.9179139717194332,0.79
main,v040,pinned,reference,-,deployed,-1,B,MAPPO|wcnc2027_ablation/mappo_seed7/mappo_best.pt,MAPPO,7,R,wcnc2027_ablation 2026-09-14,8,-409.2790281397163,358.3360780081739,44.07493033154238,0.4930198,6.375,203.4800715206397,203.3568165706397,0.0019821605550049,0.0,0.0019821605550049,0.0019821605550049,0.0317145688800792,26,2.4737363726461843,2,0.8345821721923731,0.8345821721923731,0.8345821721923731,0.79
main,v040,pinned,reference,-,deployed,-1,B,MAPPO|wcnc2027_ablation/mappo_seed7/mappo_best.pt,MAPPO,7,R,wcnc2027_ablation 2026-09-14,9,-1046.0418496147722,81.01046255577924,965.031387058993,0.0,0.0,207.5631309164488,207.5631309164488,0.0366699702675916,0.0366699702675916,0.0,0.0366699702675916,0.0,0,0.0,37,11.520105926055331,98.0408510239876,0.9693976459990926,0.79
main,v040,pinned,reference,-,deployed,-1,B,Centralized PPO|wcnc2027_ablation/central_seed7/ppo_multi_site.zip,Centralized PPO,7,R,wcnc2027_ablation 2026-09-14,all,-11568.362887050083,5786.716369814649,5772.740552235436,0.5309650000000001,8.375,2097.629793591723,2097.497052341723,0.0254707631318136,0.0052527254707631,0.0217046580773042,0.0254707631318136,0.097621407333994,29,0.2759167492566898,257,20.94084791021757,1757.6010780337683,0.8487341831693171,0.79
main,v040,pinned,reference,-,deployed,-1,B,Centralized PPO|wcnc2027_ablation/central_seed7/ppo_multi_site.zip,Centralized PPO,7,R,wcnc2027_ablation 2026-09-14,0,-5688.64088288378,899.0257527073379,4780.709165176443,0.530965,8.375,233.67051052851605,233.53776927851607,0.2170465807730426,0.0148662041625371,0.2170465807730426,0.2170465807730426,0.9762140733399404,29,2.759167492566898,219,22.576281866763424,1757.6010780337683,0.8276574071805849,0.79
main,v040,pinned,reference,-,deployed,-1,B,Centralized PPO|wcnc2027_ablation/central_seed7/ppo_multi_site.zip,Centralized PPO,7,R,wcnc2027_ablation 2026-09-14,1,-868.6909379595985,868.6909379595985,0.0,0.0,0.0,206.98809577356093,206.98809577356093,0.0,0.0,0.0,0.0,0.0,0,0.0,0,0.0,0.0,0.0,0.79
main,v040,pinned,reference,-,deployed,-1,B,Centralized PPO|wcnc2027_ablation/central_seed7/ppo_multi_site.zip,Centralized PPO,7,R,wcnc2027_ablation 2026-09-14,2,-285.28923413277505,285.28923413277505,0.0,0.0,0.0,207.1713075786564,207.1713075786564,0.0,0.0,0.0,0.0,0.0,0,0.0,0,0.0,0.0,0.0,0.79
main,v040,pinned,reference,-,deployed,-1,B,Centralized PPO|wcnc2027_ablation/central_seed7/ppo_multi_site.zip,Centralized PPO,7,R,wcnc2027_ablation 2026-09-14,3,-164.9083368012709,137.9083368012709,27.0,0.0,0.0,207.4735519990072,207.4735519990072,0.0009910802775024,0.0009910802775024,0.0,0.0009910802775024,0.0,0,0.0,1,11.348264840677446,11.348264840677446,1.0,0.79
main,v040,pinned,reference,-,deployed,-1,B,Centralized PPO|wcnc2027_ablation/central_seed7/ppo_multi_site.zip,Centralized PPO,7,R,wcnc2027_ablation 2026-09-14,4,-955.9099470016704,955.9099470016704,0.0,0.0,0.0,206.8900205483648,206.8900205483648,0.0,0.0,0.0,0.0,0.0,0,0.0,0,0.0,0.0,0.0,0.79
main,v040,pinned,reference,-,deployed,-1,B,Centralized PPO|wcnc2027_ablation/central_seed7/ppo_multi_site.zip,Centralized PPO,7,R,wcnc2027_ablation 2026-09-14,5,-443.2354064658647,443.2354064658647,0.0,0.0,0.0,207.06756236764485,207.06756236764485,0.0,0.0,0.0,0.0,0.0,0,0.0,0,0.0,0.0,0.0,0.79
main,v040,pinned,reference,-,deployed,-1,B,Centralized PPO|wcnc2027_ablation/central_seed7/ppo_multi_site.zip,Centralized PPO,7,R,wcnc2027_ablation 2026-09-14,6,-956.035584728772,956.035584728772,0.0,0.0,0.0,206.86103641368877,206.86103641368877,0.0,0.0,0.0,0.0,0.0,0,0.0,0,0.0,0.0,0.0,0.79
main,v040,pinned,reference,-,deployed,-1,B,Centralized PPO|wcnc2027_ablation/central_seed7/ppo_multi_site.zip,Centralized PPO,7,R,wcnc2027_ablation 2026-09-14,7,-757.7135048413221,757.7135048413221,0.0,0.0,0.0,206.87971219287988,206.87971219287988,0.0,0.0,0.0,0.0,0.0,0,0.0,0,0.0,0.0,0.0,0.79
main,v040,pinned,reference,-,deployed,-1,B,Centralized PPO|wcnc2027_ablation/central_seed7/ppo_multi_site.zip,Centralized PPO,7,R,wcnc2027_ablation 2026-09-14,8,-401.89720262025736,401.89720262025736,0.0,0.0,0.0,207.0648652729552,207.0648652729552,0.0,0.0,0.0,0.0,0.0,0,0.0,0,0.0,0.0,0.0,0.79
main,v040,pinned,reference,-,deployed,-1,B,Centralized PPO|wcnc2027_ablation/central_seed7/ppo_multi_site.zip,Centralized PPO,7,R,wcnc2027_ablation 2026-09-14,9,-1046.0418496147722,81.01046255577924,965.031387058993,0.0,0.0,207.5631309164488,207.5631309164488,0.0366699702675916,0.0366699702675916,0.0,0.0366699702675916,0.0,0,0.0,37,11.520105926055331,98.0408510239876,0.9693976459990926,0.79
main,v040,pinned,reference,-,deployed,-1,B,Shared-PPO|wcnc2027_ablation/shared_ppo_seed7/mappo_best.pt,Shared-PPO,7,R,wcnc2027_ablation 2026-09-14 (supplementary ablation),all,-5626.958921531197,4270.426224202307,1293.5181581288894,5.764539200000001,57.25,1970.851062889396,1969.409928089396,0.0050545094152626,0.0037661050545094,0.0012884043607532,0.0050545094152626,0.0741328047571853,304,2.892368681863231,51,13.741115951202652,252.72347151075763,0.9454367046594044,0.79
main,v040,pinned,reference,-,deployed,-1,B,Shared-PPO|wcnc2027_ablation/shared_ppo_seed7/mappo_best.pt,Shared-PPO,7,R,wcnc2027_ablation 2026-09-14 (supplementary ablation),0,-824.4138953995154,810.7873835995154,0.0,1.2515118,12.375,179.14929102743784,178.83641307743784,0.0,0.0,0.0,0.0,0.199207135777998,66,6.279484638255699,0,0.0,0.0,0.0,0.79
main,v040,pinned,reference,-,deployed,-1,B,Shared-PPO|wcnc2027_ablation/shared_ppo_seed7/mappo_best.pt,Shared-PPO,7,R,wcnc2027_ablation 2026-09-14 (supplementary ablation),1,-531.1241252083086,472.7149457051426,49.07483830316597,0.8343412000000001,8.5,193.48800195661264,193.27941665661268,0.0019821605550049,0.0,0.0019821605550049,0.0019821605550049,0.0971258671952428,44,4.186323092170466,2,0.9233362368827336,1.0108445303266014,0.9179139717194328,0.79
main,v040,pinned,reference,-,deployed,-1,B,Shared-PPO|wcnc2027_ablation/shared_ppo_seed7/mappo_best.pt,Shared-PPO,7,R,wcnc2027_ablation 2026-09-14 (supplementary ablation),2,-302.668987812109,278.6048242463378,22.0374651657712,0.1516984,1.875,206.62829210693428,206.59036750693423,0.0009910802775024,0.0,0.0009910802775024,0.0009910802775024,0.0049554013875123,8,0.761149653121903,1,0.8345821721923734,0.8345821721923734,0.8345821721923734,0.79
main,v040,pinned,reference,-,deployed,-1,B,Shared-PPO|wcnc2027_ablation/shared_ppo_seed7/mappo_best.pt,Shared-PPO,7,R,wcnc2027_ablation 2026-09-14 (supplementary ablation),3,-164.9083368012709,137.9083368012709,27.0,0.0,0.0,207.4735519990072,207.4735519990072,0.0009910802775024,0.0009910802775024,0.0,0.0009910802775024,0.0,0,0.0,1,11.348264840677446,11.348264840677446,1.0,0.79
main,v040,pinned,reference,-,deployed,-1,B,Shared-PPO|wcnc2027_ablation/shared_ppo_seed7/mappo_best.pt,Shared-PPO,7,R,wcnc2027_ablation 2026-09-14 (supplementary ablation),4,-648.4274270704826,551.6184789326084,88.22460693787437,0.8343412,7.75,187.34618775176284,187.13760245176283,0.0039643211100099,0.0,0.0039643211100099,0.0039643211100099,0.1387512388503468,44,4.186323092170466,4,0.8352050578156196,0.835827943438866,0.8352050578156196,0.79
main,v040,pinned,reference,-,deployed,-1,B,Shared-PPO|wcnc2027_ablation/shared_ppo_seed7/mappo_best.pt,Shared-PPO,7,R,wcnc2027_ablation 2026-09-14 (supplementary ablation),5,-363.4175351294896,360.2882891294896,0.0,0.379246,2.75,200.600473188098,200.50566168809803,0.0,0.0,0.0,0.0,0.0515361744301288,20,1.9028741328047571,0,0.0,0.0,0.0,0.79
main,v040,pinned,reference,-,deployed,-1,B,Shared-PPO|wcnc2027_ablation/shared_ppo_seed7/mappo_best.pt,Shared-PPO,7,R,wcnc2027_ablation 2026-09-14 (supplementary ablation),6,-750.6574777293606,644.782344232047,93.11239549731356,1.137738,11.625,190.9676305148217,190.6831960148217,0.0039643211100099,0.0,0.0039643211100099,0.0039643211100099,0.1169474727452923,60,5.708622398414271,4,63.806804506833686,252.72347151075763,0.8759366291442797,0.79
main,v040,pinned,reference,-,deployed,-1,B,Shared-PPO|wcnc2027_ablation/shared_ppo_seed7/mappo_best.pt,Shared-PPO,7,R,wcnc2027_ablation 2026-09-14 (supplementary ablation),7,-603.6598690674225,569.0643016674225,27.0,0.7205674000000001,6.875,193.61025094751653,193.43010909751652,0.0009910802775024,0.0,0.0009910802775024,0.0009910802775024,0.1070366699702675,38,3.615460852329039,1,1.1208543298630764,1.1208543298630764,1.0,0.79
main,v040,pinned,reference,-,deployed,-1,B,Shared-PPO|wcnc2027_ablation/shared_ppo_seed7/mappo_best.pt,Shared-PPO,7,R,wcnc2027_ablation 2026-09-14 (supplementary ablation),8,-391.63941769846525,363.646857332694,22.03746516577119,0.4550952,5.5,204.02425248075627,203.91047868075628,0.0009910802775024,0.0,0.0009910802775024,0.0009910802775024,0.0257680872150644,24,2.283448959365709,1,0.8345821721923731,0.8345821721923731,0.8345821721923731,0.79
main,v040,pinned,reference,-,deployed,-1,B,Shared-PPO|wcnc2027_ablation/shared_ppo_seed7/mappo_best.pt,Shared-PPO,7,R,wcnc2027_ablation 2026-09-14 (supplementary ablation),9,-1046.0418496147722,81.01046255577924,965.031387058993,0.0,0.0,207.5631309164488,207.5631309164488,0.0366699702675916,0.0366699702675916,0.0,0.0366699702675916,0.0,0,0.0,37,11.520105926055331,98.0408510239876,0.9693976459990926,0.79
main,v040,pinned,reference,-,deployed,-1,B,MAPPO|wcnc2027_ablation/mappo_seed13/mappo_best.pt,MAPPO,13,R,wcnc2027_ablation 2026-09-14,all,-5639.967789290812,4262.299876658757,1315.592996432055,5.5749162000000005,56.5,1970.217452798312,1968.823723748312,0.0051536174430128,0.0037661050545094,0.0013875123885034,0.0051536174430128,0.074826560951437,294,2.797224975222993,52,13.492937335668737,252.72347151075763,0.9433288438667018,0.79
main,v040,pinned,reference,-,deployed,-1,B,MAPPO|wcnc2027_ablation/mappo_seed13/mappo_best.pt,MAPPO,13,R,wcnc2027_ablation 2026-09-14,0,-820.5704053675216,808.0197427675216,0.0,1.1756626,11.375,178.88688954628316,178.59297389628315,0.0,0.0,0.0,0.0,0.2031714568880079,62,5.898909811694748,0,0.0,0.0,0.0,0.79
main,v040,pinned,reference,-,deployed,-1,B,MAPPO|wcnc2027_ablation/mappo_seed13/mappo_best.pt,MAPPO,13,R,wcnc2027_ablation 2026-09-14,1,-548.903724434915,466.2562305659778,71.11230346893717,0.9101904,10.625,192.92404895748464,192.6965013574846,0.0029732408325074,0.0,0.0029732408325074,0.0029732408325074,0.1020812685827552,48,4.566897918731417,3,0.8937515486526134,1.0108445303266014,0.8901367052104131,0.79
main,v040,pinned,reference,-,deployed,-1,B,MAPPO|wcnc2027_ablation/mappo_seed13/mappo_best.pt,MAPPO,13,R,wcnc2027_ablation 2026-09-14,2,-304.0106479082611,280.3594089424899,22.0374651657712,0.1137738,1.5,206.81631502604532,206.7878715760453,0.0009910802775024,0.0,0.0009910802775024,0.0009910802775024,0.0029732408325074,6,0.5708622398414271,1,0.8345821721923734,0.8345821721923734,0.8345821721923734,0.79
main,v040,pinned,reference,-,deployed,-1,B,MAPPO|wcnc2027_ablation/mappo_seed13/mappo_best.pt,MAPPO,13,R,wcnc2027_ablation 2026-09-14,3,-164.9083368012709,137.9083368012709,27.0,0.0,0.0,207.4735519990072,207.4735519990072,0.0009910802775024,0.0009910802775024,0.0,0.0009910802775024,0.0,0,0.0,1,11.348264840677446,11.348264840677446,1.0,0.79
main,v040,pinned,reference,-,deployed,-1,B,MAPPO|wcnc2027_ablation/mappo_seed13/mappo_best.pt,MAPPO,13,R,wcnc2027_ablation 2026-09-14,4,-650.8998337131105,552.8029609752361,88.22460693787437,0.8722658,9.0,187.67268755771457,187.45462110771456,0.0039643211100099,0.0,0.0039643211100099,0.0039643211100099,0.1347869177403369,46,4.376610505450942,4,0.8352050578156196,0.835827943438866,0.8352050578156196,0.79
main,v040,pinned,reference,-,deployed,-1,B,MAPPO|wcnc2027_ablation/mappo_seed13/mappo_best.pt,MAPPO,13,R,wcnc2027_ablation 2026-09-14,5,-367.2559739739397,363.08880337393975,0.0,0.4171706,3.75,200.8430493345301,200.73875668453005,0.0,0.0,0.0,0.0,0.0495540138751238,22,2.093161546085233,0,0.0,0.0,0.0,0.79
main,v040,pinned,reference,-,deployed,-1,B,MAPPO|wcnc2027_ablation/mappo_seed13/mappo_best.pt,MAPPO,13,R,wcnc2027_ablation 2026-09-14,6,-722.625428094826,639.9886089632837,71.07493033154239,1.0618888000000002,10.5,190.50160062138093,190.2361284213809,0.0029732408325074,0.0,0.0029732408325074,0.0029732408325074,0.1219028741328047,56,5.32804757185332,3,84.79754528504746,252.72347151075763,0.8897214481282486,0.79
main,v040,pinned,reference,-,deployed,-1,B,MAPPO|wcnc2027_ablation/mappo_seed13/mappo_best.pt,MAPPO,13,R,wcnc2027_ablation 2026-09-14,7,-625.5493369830924,570.0797804799265,49.07483830316599,0.6447182,5.75,193.65780042259468,193.4966208725947,0.0019821605550049,0.0,0.0019821605550049,0.0019821605550049,0.1070366699702675,34,3.234886025768088,2,0.9783411366509712,1.1208543298630764,0.9179139717194332,0.79
main,v040,pinned,reference,-,deployed,-1,B,MAPPO|wcnc2027_ablation/mappo_seed13/mappo_best.pt,MAPPO,13,R,wcnc2027_ablation 2026-09-14,8,-389.2022523991026,362.7855412333314,22.03746516577119,0.3792459999999999,4.0,203.878378416823,203.78356691682296,0.0009910802775024,0.0,0.0009910802775024,0.0009910802775024,0.0267591674925668,20,1.9028741328047571,1,0.8345821721923731,0.8345821721923731,0.8345821721923731,0.79
main,v040,pinned,reference,-,deployed,-1,B,MAPPO|wcnc2027_ablation/mappo_seed13/mappo_best.pt,MAPPO,13,R,wcnc2027_ablation 2026-09-14,9,-1046.0418496147722,81.01046255577924,965.031387058993,0.0,0.0,207.5631309164488,207.5631309164488,0.0366699702675916,0.0366699702675916,0.0,0.0366699702675916,0.0,0,0.0,37,11.520105926055331,98.0408510239876,0.9693976459990926,0.79
main,v040,pinned,reference,-,deployed,-1,B,Centralized PPO|wcnc2027_ablation/central_seed13/ppo_multi_site.zip,Centralized PPO,13,R,wcnc2027_ablation 2026-09-14,all,-11179.335499376451,5739.840144092513,5419.842124483938,1.4032308000000002,18.25,2089.127738897684,2088.7769311976845,0.0238850346878097,0.0052527254707631,0.0201189296333003,0.0238850346878097,0.0924677898909811,74,0.7040634291377602,241,22.275662373447577,1757.6010780337683,0.8496323823629237,0.79
main,v040,pinned,reference,-,deployed,-1,B,Centralized PPO|wcnc2027_ablation/central_seed13/ppo_multi_site.zip,Centralized PPO,13,R,wcnc2027_ablation 2026-09-14,0,-5299.613495210148,852.1495269852027,4427.810737424946,1.4032308,18.25,225.1684558344776,224.81764813447757,0.2011892963330029,0.0148662041625371,0.2011892963330029,0.2011892963330029,0.9246778989098116,74,7.040634291377602,203,24.28986427535045,1757.6010780337683,0.8270625184605822,0.79
main,v040,pinned,reference,-,deployed,-1,B,Centralized PPO|wcnc2027_ablation/central_seed13/ppo_multi_site.zip,Centralized PPO,13,R,wcnc2027_ablation 2026-09-14,1,-868.6909379595985,868.6909379595985,0.0,0.0,0.0,206.98809577356093,206.98809577356093,0.0,0.0,0.0,0.0,0.0,0,0.0,0,0.0,0.0,0.0,0.79
main,v040,pinned,reference,-,deployed,-1,B,Centralized PPO|wcnc2027_ablation/central_seed13/ppo_multi_site.zip,Centralized PPO,13,R,wcnc2027_ablation 2026-09-14,2,-285.28923413277505,285.28923413277505,0.0,0.0,0.0,207.1713075786564,207.1713075786564,0.0,0.0,0.0,0.0,0.0,0,0.0,0,0.0,0.0,0.0,0.79
main,v040,pinned,reference,-,deployed,-1,B,Centralized PPO|wcnc2027_ablation/central_seed13/ppo_multi_site.zip,Centralized PPO,13,R,wcnc2027_ablation 2026-09-14,3,-164.9083368012709,137.9083368012709,27.0,0.0,0.0,207.4735519990072,207.4735519990072,0.0009910802775024,0.0009910802775024,0.0,0.0009910802775024,0.0,0,0.0,1,11.348264840677446,11.348264840677446,1.0,0.79
main,v040,pinned,reference,-,deployed,-1,B,Centralized PPO|wcnc2027_ablation/central_seed13/ppo_multi_site.zip,Centralized PPO,13,R,wcnc2027_ablation 2026-09-14,4,-955.9099470016704,955.9099470016704,0.0,0.0,0.0,206.8900205483648,206.8900205483648,0.0,0.0,0.0,0.0,0.0,0,0.0,0,0.0,0.0,0.0,0.79
main,v040,pinned,reference,-,deployed,-1,B,Centralized PPO|wcnc2027_ablation/central_seed13/ppo_multi_site.zip,Centralized PPO,13,R,wcnc2027_ablation 2026-09-14,5,-443.2354064658647,443.2354064658647,0.0,0.0,0.0,207.06756236764485,207.06756236764485,0.0,0.0,0.0,0.0,0.0,0,0.0,0,0.0,0.0,0.0,0.79
main,v040,pinned,reference,-,deployed,-1,B,Centralized PPO|wcnc2027_ablation/central_seed13/ppo_multi_site.zip,Centralized PPO,13,R,wcnc2027_ablation 2026-09-14,6,-956.035584728772,956.035584728772,0.0,0.0,0.0,206.86103641368877,206.86103641368877,0.0,0.0,0.0,0.0,0.0,0,0.0,0,0.0,0.0,0.0,0.79
main,v040,pinned,reference,-,deployed,-1,B,Centralized PPO|wcnc2027_ablation/central_seed13/ppo_multi_site.zip,Centralized PPO,13,R,wcnc2027_ablation 2026-09-14,7,-757.7135048413221,757.7135048413221,0.0,0.0,0.0,206.87971219287988,206.87971219287988,0.0,0.0,0.0,0.0,0.0,0,0.0,0,0.0,0.0,0.0,0.79
main,v040,pinned,reference,-,deployed,-1,B,Centralized PPO|wcnc2027_ablation/central_seed13/ppo_multi_site.zip,Centralized PPO,13,R,wcnc2027_ablation 2026-09-14,8,-401.89720262025736,401.89720262025736,0.0,0.0,0.0,207.0648652729552,207.0648652729552,0.0,0.0,0.0,0.0,0.0,0,0.0,0,0.0,0.0,0.0,0.79
main,v040,pinned,reference,-,deployed,-1,B,Centralized PPO|wcnc2027_ablation/central_seed13/ppo_multi_site.zip,Centralized PPO,13,R,wcnc2027_ablation 2026-09-14,9,-1046.0418496147722,81.01046255577924,965.031387058993,0.0,0.0,207.5631309164488,207.5631309164488,0.0366699702675916,0.0366699702675916,0.0,0.0366699702675916,0.0,0,0.0,37,11.520105926055331,98.0408510239876,0.9693976459990926,0.79
main,v040,pinned,reference,-,deployed,-1,B,Shared-PPO|wcnc2027_ablation/shared_ppo_seed13/mappo_best.pt,Shared-PPO,13,R,wcnc2027_ablation 2026-09-14 (supplementary ablation),all,-5617.315181659224,4398.6725385650425,1173.368389494181,4.399253600000001,40.875,1984.1988422101367,1983.0990288101368,0.0045589692765113,0.0037661050545094,0.0007928642220019,0.0045589692765113,0.0612487611496531,232,2.2073339940535184,46,9.66190424745415,98.0408510239876,0.9502669489088266,0.79
main,v040,pinned,reference,-,deployed,-1,B,Shared-PPO|wcnc2027_ablation/shared_ppo_seed13/mappo_best.pt,Shared-PPO,13,R,wcnc2027_ablation 2026-09-14 (supplementary ablation),0,-842.2695063828585,834.5601651828586,0.0,0.8343411999999999,6.875,181.7629840597136,181.5543987597136,0.0,0.0,0.0,0.0,0.174430128840436,44,4.186323092170466,0,0.0,0.0,0.0,0.79
main,v040,pinned,reference,-,deployed,-1,B,Shared-PPO|wcnc2027_ablation/shared_ppo_seed13/mappo_best.pt,Shared-PPO,13,R,wcnc2027_ablation 2026-09-14 (supplementary ablation),1,-543.9695960687063,486.2612657655402,49.07483830316597,0.7584919999999999,7.875,194.97704136028807,194.7874183602881,0.0019821605550049,0.0,0.0019821605550049,0.0019821605550049,0.0822596630327056,40,3.8057482656095143,2,0.9233362368827336,1.0108445303266014,0.9179139717194328,0.79
main,v040,pinned,reference,-,deployed,-1,B,Shared-PPO|wcnc2027_ablation/shared_ppo_seed13/mappo_best.pt,Shared-PPO,13,R,wcnc2027_ablation 2026-09-14 (supplementary ablation),2,-304.7502654024638,281.6369510366926,22.0374651657712,0.0758492,1.0,206.92312675905995,206.90416445905996,0.0009910802775024,0.0,0.0009910802775024,0.0009910802775024,0.0019821605550049,4,0.3805748265609515,1,0.8345821721923734,0.8345821721923734,0.8345821721923734,0.79
main,v040,pinned,reference,-,deployed,-1,B,Shared-PPO|wcnc2027_ablation/shared_ppo_seed13/mappo_best.pt,Shared-PPO,13,R,wcnc2027_ablation 2026-09-14 (supplementary ablation),3,-164.9083368012709,137.9083368012709,27.0,0.0,0.0,207.4735519990072,207.4735519990072,0.0009910802775024,0.0009910802775024,0.0,0.0009910802775024,0.0,0,0.0,1,11.348264840677446,11.348264840677446,1.0,0.79
main,v040,pinned,reference,-,deployed,-1,B,Shared-PPO|wcnc2027_ablation/shared_ppo_seed13/mappo_best.pt,Shared-PPO,13,R,wcnc2027_ablation 2026-09-14 (supplementary ablation),4,-642.7628766700388,569.8925406353305,66.14976863470838,0.7205674,6.0,189.12485872271876,188.94471687271877,0.0029732408325074,0.0,0.0029732408325074,0.0029732408325074,0.1219028741328047,38,3.615460852329039,3,0.8349974292745376,0.835827943438866,0.8349974292745376,0.79
main,v040,pinned,reference,-,deployed,-1,B,Shared-PPO|wcnc2027_ablation/shared_ppo_seed13/mappo_best.pt,Shared-PPO,13,R,wcnc2027_ablation 2026-09-14 (supplementary ablation),5,-374.7880759305965,373.5605283305965,0.0,0.2275476,1.0,201.95724523845607,201.90035833845607,0.0,0.0,0.0,0.0,0.0396432111000991,12,1.1417244796828545,0,0.0,0.0,0.0,0.79
main,v040,pinned,reference,-,deployed,-1,B,Shared-PPO|wcnc2027_ablation/shared_ppo_seed13/mappo_best.pt,Shared-PPO,13,R,wcnc2027_ablation 2026-09-14 (supplementary ablation),6,-699.0504890253999,664.6519842596286,22.03746516577119,0.9860396,11.375,193.06965056937415,192.8231406693741,0.0009910802775024,0.0,0.0009910802775024,0.0009910802775024,0.0971258671952428,52,4.947472745292369,1,0.8345821721923731,0.8345821721923731,0.8345821721923731,0.79
main,v040,pinned,reference,-,deployed,-1,B,Shared-PPO|wcnc2027_ablation/shared_ppo_seed13/mappo_best.pt,Shared-PPO,13,R,wcnc2027_ablation 2026-09-14 (supplementary ablation),7,-597.0005831505268,593.0946387505269,0.0,0.5309444000000001,3.375,196.11893548015877,195.98619938015875,0.0,0.0,0.0,0.0,0.0812685827552031,28,2.66402378592666,0,0.0,0.0,0.0,0.79
main,v040,pinned,reference,-,deployed,-1,B,Shared-PPO|wcnc2027_ablation/shared_ppo_seed13/mappo_best.pt,Shared-PPO,13,R,wcnc2027_ablation 2026-09-14 (supplementary ablation),8,-401.7736026125893,376.0956652468181,22.03746516577119,0.2654722,3.375,205.2283171049116,205.1619490549116,0.0009910802775024,0.0,0.0009910802775024,0.0009910802775024,0.0138751238850346,14,1.33201189296333,1,0.8345821721923731,0.8345821721923731,0.8345821721923731,0.79
main,v040,pinned,reference,-,deployed,-1,B,Shared-PPO|wcnc2027_ablation/shared_ppo_seed13/mappo_best.pt,Shared-PPO,13,R,wcnc2027_ablation 2026-09-14 (supplementary ablation),9,-1046.0418496147722,81.01046255577924,965.031387058993,0.0,0.0,207.5631309164488,207.5631309164488,0.0366699702675916,0.0366699702675916,0.0,0.0366699702675916,0.0,0,0.0,37,11.520105926055331,98.0408510239876,0.9693976459990926,0.79
main,v040,pinned,reference,-,deployed,-1,B,MAPPO|wcnc2027_ablation/mappo_seed23/mappo_best.pt,MAPPO,23,R,wcnc2027_ablation 2026-09-14,all,-5625.840685439192,4240.042975344531,1315.5556232946606,5.9920868,64.25,1967.82438413646,1966.3263624364597,0.0051536174430128,0.0037661050545094,0.0013875123885034,0.0051536174430128,0.077205153617443,316,3.006541129831517,52,13.49291337852938,252.72347151075763,0.9433048867273462,0.79
main,v040,pinned,reference,-,deployed,-1,B,MAPPO|wcnc2027_ablation/mappo_seed23/mappo_best.pt,MAPPO,23,R,wcnc2027_ablation 2026-09-14,0,-814.2871248389582,801.3235376389583,0.0,1.2135872,11.75,178.0183906085927,177.71499380859268,0.0,0.0,0.0,0.0,0.2130822596630327,64,6.089197224975224,0,0.0,0.0,0.0,0.79
main,v040,pinned,reference,-,deployed,-1,B,MAPPO|wcnc2027_ablation/mappo_seed23/mappo_best.pt,MAPPO,23,R,wcnc2027_ablation 2026-09-14,1,-545.0301944980512,462.8827006291141,71.11230346893717,0.9101904,10.125,192.48896497166749,192.26141737166748,0.0029732408325074,0.0,0.0029732408325074,0.0029732408325074,0.1070366699702675,48,4.566897918731417,3,0.8937515486526134,1.0108445303266014,0.8901367052104131,0.79
main,v040,pinned,reference,-,deployed,-1,B,MAPPO|wcnc2027_ablation/mappo_seed23/mappo_best.pt,MAPPO,23,R,wcnc2027_ablation 2026-09-14,2,-303.9760135852526,279.7868500194814,22.0374651657712,0.1516984,2.0,206.75170115394647,206.71377655394645,0.0009910802775024,0.0,0.0009910802775024,0.0009910802775024,0.0039643211100099,8,0.761149653121903,1,0.8345821721923734,0.8345821721923734,0.8345821721923734,0.79
main,v040,pinned,reference,-,deployed,-1,B,MAPPO|wcnc2027_ablation/mappo_seed23/mappo_best.pt,MAPPO,23,R,wcnc2027_ablation 2026-09-14,3,-164.9083368012709,137.9083368012709,27.0,0.0,0.0,207.4735519990072,207.4735519990072,0.0009910802775024,0.0009910802775024,0.0,0.0009910802775024,0.0,0,0.0,1,11.348264840677446,11.348264840677446,1.0,0.79
main,v040,pinned,reference,-,deployed,-1,B,MAPPO|wcnc2027_ablation/mappo_seed23/mappo_best.pt,MAPPO,23,R,wcnc2027_ablation 2026-09-14,4,-649.6798315046196,550.2950341667453,88.22460693787437,0.9101904,10.25,187.36108430365917,187.13353670365916,0.0039643211100099,0.0,0.0039643211100099,0.0039643211100099,0.1377601585728444,48,4.566897918731417,4,0.8352050578156196,0.835827943438866,0.8352050578156196,0.79
main,v040,pinned,reference,-,deployed,-1,B,MAPPO|wcnc2027_ablation/mappo_seed23/mappo_best.pt,MAPPO,23,R,wcnc2027_ablation 2026-09-14,5,-364.744683620044,361.365437620044,0.0,0.3792459999999999,3.0,200.723716157204,200.628904657204,0.0,0.0,0.0,0.0,0.0505450941526263,20,1.9028741328047571,0,0.0,0.0,0.0,0.79
main,v040,pinned,reference,-,deployed,-1,B,MAPPO|wcnc2027_ablation/mappo_seed23/mappo_best.pt,MAPPO,23,R,wcnc2027_ablation 2026-09-14,6,-746.6564066692256,637.1674993719121,93.11239549731356,1.2515118,15.125,190.36135772900911,190.04847977900909,0.0039643211100099,0.0,0.0039643211100099,0.0039643211100099,0.1219028741328047,66,6.279484638255699,4,63.806804506833686,252.72347151075763,0.8759366291442797,0.79
main,v040,pinned,reference,-,deployed,-1,B,MAPPO|wcnc2027_ablation/mappo_seed23/mappo_best.pt,MAPPO,23,R,wcnc2027_ablation 2026-09-14,7,-599.2926039973581,565.0720365973581,27.0,0.7205674,6.5,193.1039663641739,192.92382451417396,0.0009910802775024,0.0,0.0009910802775024,0.0009910802775024,0.1119920713577799,38,3.615460852329039,1,1.1208543298630764,1.1208543298630764,1.0,0.79
main,v040,pinned,reference,-,deployed,-1,B,MAPPO|wcnc2027_ablation/mappo_seed23/mappo_best.pt,MAPPO,23,R,wcnc2027_ablation 2026-09-14,8,-391.223640309639,363.2310799438678,22.03746516577119,0.4550952,5.5,203.9785199327509,203.86474613275092,0.0009910802775024,0.0,0.0009910802775024,0.0009910802775024,0.0257680872150644,24,2.283448959365709,1,0.8345821721923731,0.8345821721923731,0.8345821721923731,0.79
main,v040,pinned,reference,-,deployed,-1,B,MAPPO|wcnc2027_ablation/mappo_seed23/mappo_best.pt,MAPPO,23,R,wcnc2027_ablation 2026-09-14,9,-1046.0418496147722,81.01046255577924,965.031387058993,0.0,0.0,207.5631309164488,207.5631309164488,0.0366699702675916,0.0366699702675916,0.0,0.0366699702675916,0.0,0,0.0,37,11.520105926055331,98.0408510239876,0.9693976459990926,0.79
main,v040,pinned,reference,-,deployed,-1,B,Centralized PPO|wcnc2027_ablation/central_seed23/ppo_multi_site.zip,Centralized PPO,23,R,wcnc2027_ablation 2026-09-14,all,-18575.363956326943,5187.330102306328,13139.619751220616,13.5391028,234.875,2137.626141509546,2134.2413658095466,0.0563924677898909,0.0124876114965312,0.0526263627353815,0.0563924677898909,0.1505450941526263,712,6.774231912784936,569,108.07594986798163,2688.986588123172,0.8697492531470777,0.81
main,v040,pinned,reference,-,deployed,-1,B,Centralized PPO|wcnc2027_ablation/central_seed23/ppo_multi_site.zip,Centralized PPO,23,R,wcnc2027_ablation 2026-09-14,0,-5170.731823943328,898.8726966818265,4121.501734261501,7.357393,143.0,213.68536483416625,211.84601658416625,0.1873141724479682,0.0029732408325074,0.1873141724479682,0.1873141724479682,0.686818632309217,388,36.91575817641229,189,7.438033243721851,250.7516153763096,0.8268962494288361,0.81
main,v040,pinned,reference,-,deployed,-1,B,Centralized PPO|wcnc2027_ablation/central_seed23/ppo_multi_site.zip,Centralized PPO,23,R,wcnc2027_ablation 2026-09-14,1,-1799.41723136763,466.0380054158246,1329.5224323518053,0.6067936,3.25,203.9196108386908,203.7679124386908,0.0594648166501486,0.0049554013875123,0.0594648166501486,0.0594648166501486,0.2715559960356788,31,2.949454905847374,60,17.48795642851507,250.7516153763096,0.8386235735287807,0.81
main,v040,pinned,reference,-,deployed,-1,B,Centralized PPO|wcnc2027_ablation/central_seed23/ppo_multi_site.zip,Centralized PPO,23,R,wcnc2027_ablation 2026-09-14,2,-285.28923413277505,285.28923413277505,0.0,0.0,0.0,207.1713075786564,207.1713075786564,0.0,0.0,0.0,0.0,0.0,0,0.0,0,0.0,0.0,0.0,0.81
main,v040,pinned,reference,-,deployed,-1,B,Centralized PPO|wcnc2027_ablation/central_seed23/ppo_multi_site.zip,Centralized PPO,23,R,wcnc2027_ablation 2026-09-14,3,-164.9083368012709,137.9083368012709,27.0,0.0,0.0,207.47355199900704,207.47355199900704,0.0009910802775024,0.0009910802775024,0.0,0.0009910802775024,0.0,0,0.0,1,11.348264840677446,11.348264840677446,1.0,0.81
main,v040,pinned,reference,-,deployed,-1,B,Centralized PPO|wcnc2027_ablation/central_seed23/ppo_multi_site.zip,Centralized PPO,23,R,wcnc2027_ablation 2026-09-14,4,-1188.739272929547,958.8881036322332,228.11239549731363,0.1137738,1.625,209.84316687384336,209.81472342384336,0.0089197224975222,0.0029732408325074,0.0089197224975222,0.0089197224975222,0.0059464816650148,6,0.5708622398414271,9,391.329922256055,1757.6010780337692,0.9448607240641248,0.81
main,v040,pinned,reference,-,deployed,-1,B,Centralized PPO|wcnc2027_ablation/central_seed23/ppo_multi_site.zip,Centralized PPO,23,R,wcnc2027_ablation 2026-09-14,5,-579.9023662314219,444.7394416314218,135.0,0.0379246,0.125,209.7390235639745,209.7295424139745,0.0049554013875123,0.0039643211100099,0.0049554013875123,0.0049554013875123,0.0039643211100099,2,0.1902874132804757,5,1184.885493919149,1757.601078033768,1.0,0.81
main,v040,pinned,reference,-,deployed,-1,B,Centralized PPO|wcnc2027_ablation/central_seed23/ppo_multi_site.zip,Centralized PPO,23,R,wcnc2027_ablation 2026-09-14,6,-7132.902128792485,756.2648718446471,6284.376963747838,5.3852932,86.875,264.2194285195327,262.8731052195327,0.263627353815659,0.0723488602576808,0.263627353815659,0.263627353815659,0.5322101090188305,283,26.925668979187314,266,184.7902412399585,2688.986588123172,0.8875159102440899,0.81
main,v040,pinned,reference,-,deployed,-1,B,Centralized PPO|wcnc2027_ablation/central_seed23/ppo_multi_site.zip,Centralized PPO,23,R,wcnc2027_ablation 2026-09-14,7,-757.7135048413222,757.7135048413222,0.0,0.0,0.0,206.87971219287988,206.87971219287988,0.0,0.0,0.0,0.0,0.0,0,0.0,0,0.0,0.0,0.0,0.81
main,v040,pinned,reference,-,deployed,-1,B,Centralized PPO|wcnc2027_ablation/central_seed23/ppo_multi_site.zip,Centralized PPO,23,R,wcnc2027_ablation 2026-09-14,8,-449.7182076723925,400.60544476922655,49.07483830316597,0.0379246,0.0,207.1318441923464,207.1223630423464,0.0019821605550049,0.0,0.0019821605550049,0.0019821605550049,0.0049554013875123,2,0.1902874132804757,2,0.978341136650971,1.1208543298630764,0.9179139717194328,0.81
main,v040,pinned,reference,-,deployed,-1,B,Centralized PPO|wcnc2027_ablation/central_seed23/ppo_multi_site.zip,Centralized PPO,23,R,wcnc2027_ablation 2026-09-14,9,-1046.0418496147722,81.01046255577924,965.031387058993,0.0,0.0,207.5631309164488,207.5631309164488,0.0366699702675916,0.0366699702675916,0.0,0.0366699702675916,0.0,0,0.0,37,11.520105926055336,98.0408510239876,0.9693976459990926,0.81
main,v040,pinned,reference,-,deployed,-1,B,Shared-PPO|wcnc2027_ablation/shared_ppo_seed23/mappo_best.pt,Shared-PPO,23,R,wcnc2027_ablation 2026-09-14 (supplementary ablation),all,-5701.063005453556,4189.965758089478,1447.855160564077,5.992086800000001,57.25,1959.790073682053,1958.2920519820527,0.0057482656095143,0.0037661050545094,0.0019821605550049,0.0057482656095143,0.0890981169474727,316,3.006541129831517,58,12.183473797571985,252.7234715107577,0.9321006669908488,0.8
main,v040,pinned,reference,-,deployed,-1,B,Shared-PPO|wcnc2027_ablation/shared_ppo_seed23/mappo_best.pt,Shared-PPO,23,R,wcnc2027_ablation 2026-09-14 (supplementary ablation),0,-806.6025583679484,791.7372727679484,0.0,1.3652856,13.5,176.5175950722102,176.1762736722102,0.0,0.0,0.0,0.0,0.2358771060455897,72,6.850346878097127,0,0.0,0.0,0.0,0.8
main,v040,pinned,reference,-,deployed,-1,B,Shared-PPO|wcnc2027_ablation/shared_ppo_seed23/mappo_best.pt,Shared-PPO,23,R,wcnc2027_ablation 2026-09-14 (supplementary ablation),1,-533.8667871601755,455.4580670912383,71.11230346893717,0.7964166,6.5,191.2813217248312,191.0822175748312,0.0029732408325074,0.0,0.0029732408325074,0.0029732408325074,0.1268582755203171,42,3.9960356788899913,3,0.8937515486526134,1.010844530326601,0.8901367052104131,0.8
main,v040,pinned,reference,-,deployed,-1,B,Shared-PPO|wcnc2027_ablation/shared_ppo_seed23/mappo_best.pt,Shared-PPO,23,R,wcnc2027_ablation 2026-09-14 (supplementary ablation),2,-302.9962865037219,277.8562737379506,22.037465165771213,0.2275476,2.875,206.51802761314943,206.46114071314943,0.0009910802775024,0.0,0.0009910802775024,0.0009910802775024,0.0069375619425173,12,1.1417244796828545,1,0.8345821721923737,0.8345821721923737,0.8345821721923737,0.8
main,v040,pinned,reference,-,deployed,-1,B,Shared-PPO|wcnc2027_ablation/shared_ppo_seed23/mappo_best.pt,Shared-PPO,23,R,wcnc2027_ablation 2026-09-14 (supplementary ablation),3,-164.9083368012709,137.9083368012709,27.0,0.0,0.0,207.47355199900704,207.47355199900704,0.0009910802775024,0.0009910802775024,0.0,0.0009910802775024,0.0,0,0.0,1,11.348264840677446,11.348264840677446,1.0,0.8
main,v040,pinned,reference,-,deployed,-1,B,Shared-PPO|wcnc2027_ablation/shared_ppo_seed23/mappo_best.pt,Shared-PPO,23,R,wcnc2027_ablation 2026-09-14 (supplementary ablation),4,-662.6557405198078,545.3857278787674,110.29944524104032,0.7205674,6.25,186.20741649882035,186.0272746488204,0.0049554013875123,0.0,0.0049554013875123,0.0049554013875123,0.1546085232903865,38,3.615460852329039,5,0.8353296349402688,0.8358279434388656,0.8353296349402688,0.8
main,v040,pinned,reference,-,deployed,-1,B,Shared-PPO|wcnc2027_ablation/shared_ppo_seed23/mappo_best.pt,Shared-PPO,23,R,wcnc2027_ablation 2026-09-14 (supplementary ablation),5,-405.0771599959694,355.759209864427,44.07493033154238,0.4930198,4.75,199.96015986626173,199.83690491626172,0.0019821605550049,0.0,0.0019821605550049,0.0019821605550049,0.0614469772051536,26,2.4737363726461843,2,0.8345821721923731,0.8345821721923731,0.8345821721923731,0.8
main,v040,pinned,reference,-,deployed,-1,B,Shared-PPO|wcnc2027_ablation/shared_ppo_seed23/mappo_best.pt,Shared-PPO,23,R,wcnc2027_ablation 2026-09-14 (supplementary ablation),6,-732.3351353145879,627.4600018172742,93.1123954973136,1.137738,10.625,188.9654049013178,188.68097040131784,0.0039643211100099,0.0,0.0039643211100099,0.0039643211100099,0.1417244796828543,60,5.708622398414271,4,63.8068045068337,252.7234715107577,0.87593662914428,0.8
main,v040,pinned,reference,-,deployed,-1,B,Shared-PPO|wcnc2027_ablation/shared_ppo_seed23/mappo_best.pt,Shared-PPO,23,R,wcnc2027_ablation 2026-09-14 (supplementary ablation),7,-636.7303145304629,558.2724436615258,71.11230346893718,0.7205674,6.625,191.86038846558785,191.68024661558783,0.0029732408325074,0.0,0.0029732408325074,0.0029732408325074,0.130822596630327,38,3.615460852329039,3,0.9304214818314384,1.1208543298630762,0.8901367052104131,0.8
main,v040,pinned,reference,-,deployed,-1,B,Shared-PPO|wcnc2027_ablation/shared_ppo_seed23/mappo_best.pt,Shared-PPO,23,R,wcnc2027_ablation 2026-09-14 (supplementary ablation),8,-409.8488366448384,359.117961913296,44.0749303315424,0.5309444000000001,6.125,203.44307662441827,203.31034052441825,0.0019821605550049,0.0,0.0019821605550049,0.0019821605550049,0.0327056491575817,28,2.66402378592666,2,0.8345821721923734,0.8345821721923734,0.8345821721923734,0.8
main,v040,pinned,reference,-,deployed,-1,B,Shared-PPO|wcnc2027_ablation/shared_ppo_seed23/mappo_best.pt,Shared-PPO,23,R,wcnc2027_ablation 2026-09-14 (supplementary ablation),9,-1046.0418496147722,81.01046255577924,965.031387058993,0.0,0.0,207.5631309164488,207.5631309164488,0.0366699702675916,0.0366699702675916,0.0,0.0366699702675916,0.0,0,0.0,37,11.520105926055336,98.0408510239876,0.9693976459990926,0.8
main,v040,pinned,reference,-,deployed,-1,B,MAPPO|wcnc2027_ablation/mappo_seed42/mappo_best.pt,MAPPO,42,R,wcnc2027_ablation 2026-09-14,all,-5654.440879365018,4303.3291392019,1298.480692963118,5.0060472,47.625,1975.5193285823923,1974.2678167823924,0.0050545094152626,0.0038652130822596,0.0012884043607532,0.0050545094152626,0.0700693756194251,264,2.51179385530228,51,2309.7454814774424,58674.89034776059,0.9486801914791622,0.8
main,v040,pinned,reference,-,deployed,-1,B,MAPPO|wcnc2027_ablation/mappo_seed42/mappo_best.pt,MAPPO,42,R,wcnc2027_ablation 2026-09-14,0,-835.6551524060991,827.1199620060991,0.0,0.9101904,7.625,181.0095491530956,180.7820015530956,0.0,0.0,0.0,0.0,0.1813676907829534,48,4.566897918731417,0,0.0,0.0,0.0,0.8
main,v040,pinned,reference,-,deployed,-1,B,MAPPO|wcnc2027_ablation/mappo_seed42/mappo_best.pt,MAPPO,42,R,wcnc2027_ablation 2026-09-14,1,-529.8990335092908,470.9898540061249,49.07483830316597,0.8343412000000001,9.0,193.39847993124323,193.1898946312432,0.0019821605550049,0.0,0.0019821605550049,0.0019821605550049,0.0971258671952428,44,4.186323092170466,2,0.9233362368827333,1.010844530326601,0.9179139717194328,0.8
main,v040,pinned,reference,-,deployed,-1,B,MAPPO|wcnc2027_ablation/mappo_seed42/mappo_best.pt,MAPPO,42,R,wcnc2027_ablation 2026-09-14,2,-331.8074462524146,281.15620728664334,49.03746516577121,0.1137738,1.5,206.87090440773744,206.84246095773744,0.0019821605550049,0.0,0.0019821605550049,0.0019821605550049,0.0029732408325074,6,0.5708622398414271,2,0.9777182510277252,1.1208543298630764,0.9172910860961868,0.8
main,v040,pinned,reference,-,deployed,-1,B,MAPPO|wcnc2027_ablation/mappo_seed42/mappo_best.pt,MAPPO,42,R,wcnc2027_ablation 2026-09-14,3,-164.9083368012709,137.9083368012709,27.0,0.0,0.0,207.47355199900704,207.47355199900704,0.0009910802775024,0.0009910802775024,0.0,0.0009910802775024,0.0,0,0.0,1,11.348264840677446,11.348264840677446,1.0,0.8
main,v040,pinned,reference,-,deployed,-1,B,MAPPO|wcnc2027_ablation/mappo_seed42/mappo_best.pt,MAPPO,42,R,wcnc2027_ablation 2026-09-14,4,-650.0299794218796,554.6718804840052,88.22460693787437,0.7584919999999999,6.375,187.70992276639905,187.52029976639903,0.0039643211100099,0.0,0.0039643211100099,0.0039643211100099,0.1347869177403369,40,3.8057482656095143,4,0.8352050578156196,0.8358279434388656,0.8352050578156196,0.8
main,v040,pinned,reference,-,deployed,-1,B,MAPPO|wcnc2027_ablation/mappo_seed42/mappo_best.pt,MAPPO,42,R,wcnc2027_ablation 2026-09-14,5,-369.29413892139087,367.1157421213909,0.0,0.3033968,1.875,201.2983697300267,201.2225205300267,0.0,0.0,0.0,0.0,0.0455896927651139,16,1.522299306243806,0,0.0,0.0,0.0,0.8
main,v040,pinned,reference,-,deployed,-1,B,MAPPO|wcnc2027_ablation/mappo_seed42/mappo_best.pt,MAPPO,42,R,wcnc2027_ablation 2026-09-14,6,-703.7205393470505,647.496644815508,44.0749303315424,1.0239642,11.125,191.39287976132115,191.13688871132115,0.0019821605550049,0.0,0.0019821605550049,0.0019821605550049,0.1119920713577799,54,5.137760158572845,2,0.8345821721923734,0.8345821721923734,0.8345821721923734,0.8
main,v040,pinned,reference,-,deployed,-1,B,MAPPO|wcnc2027_ablation/mappo_seed42/mappo_best.pt,MAPPO,42,R,wcnc2027_ablation 2026-09-14,7,-577.3443912154842,571.8246730154842,0.0,0.6447182,4.875,193.90174364557575,193.74056409557576,0.0,0.0,0.0,0.0,0.1040634291377601,34,3.234886025768088,0,0.0,0.0,0.0,0.8
main,v040,pinned,reference,-,deployed,-1,B,MAPPO|wcnc2027_ablation/mappo_seed42/mappo_best.pt,MAPPO,42,R,wcnc2027_ablation 2026-09-14,8,-391.11601229859264,363.9493011328214,22.0374651657712,0.3792459999999999,4.75,204.2164847718708,204.1216732718708,0.0009910802775024,0.0,0.0009910802775024,0.0009910802775024,0.0218037661050545,20,1.9028741328047571,1,0.8345821721923734,0.8345821721923734,0.8345821721923734,0.8
main,v040,pinned,reference,-,deployed,-1,B,MAPPO|wcnc2027_ablation/mappo_seed42/mappo_best.pt,MAPPO,42,R,wcnc2027_ablation 2026-09-14,9,-1100.665849191545,81.09653753255213,1019.031387058993,0.0379246,0.5,208.24744241611572,208.23796126611572,0.0386521308225966,0.0376610505450941,0.0019821605550049,0.0386521308225966,0.0009910802775024,2,0.1902874132804757,39,3019.8980670457754,58674.89034776059,0.9709669974863188,0.8
main,v040,pinned,reference,-,deployed,-1,B,Centralized PPO|wcnc2027_ablation/central_seed42/ppo_multi_site.zip,Centralized PPO,42,R,wcnc2027_ablation 2026-09-14,all,-7369.532818375774,5945.1972571118185,1415.8270692639562,0.758492,7.75,2062.6394408171363,2062.449817817136,0.0057482656095143,0.0038652130822596,0.0019821605550049,0.0057482656095143,0.0142715559960356,39,0.3710604558969276,58,7.824820020254368,98.0408510239876,0.9136937179677908,0.8
main,v040,pinned,reference,-,deployed,-1,B,Centralized PPO|wcnc2027_ablation/central_seed42/ppo_multi_site.zip,Centralized PPO,42,R,wcnc2027_ablation 2026-09-14,0,-1321.3628235601147,1321.3628235601147,0.0,0.0,0.0,206.76482886375945,206.76482886375945,0.0,0.0,0.0,0.0,0.0,0,0.0,0,0.0,0.0,0.0,0.8
main,v040,pinned,reference,-,deployed,-1,B,Centralized PPO|wcnc2027_ablation/central_seed42/ppo_multi_site.zip,Centralized PPO,42,R,wcnc2027_ablation 2026-09-14,1,-868.6909379595984,868.6909379595984,0.0,0.0,0.0,206.98809577356093,206.98809577356093,0.0,0.0,0.0,0.0,0.0,0,0.0,0,0.0,0.0,0.0,0.8
main,v040,pinned,reference,-,deployed,-1,B,Centralized PPO|wcnc2027_ablation/central_seed42/ppo_multi_site.zip,Centralized PPO,42,R,wcnc2027_ablation 2026-09-14,2,-285.28923413277505,285.28923413277505,0.0,0.0,0.0,207.1713075786564,207.1713075786564,0.0,0.0,0.0,0.0,0.0,0,0.0,0,0.0,0.0,0.0,0.8
main,v040,pinned,reference,-,deployed,-1,B,Centralized PPO|wcnc2027_ablation/central_seed42/ppo_multi_site.zip,Centralized PPO,42,R,wcnc2027_ablation 2026-09-14,3,-164.9083368012709,137.9083368012709,27.0,0.0,0.0,207.47355199900704,207.47355199900704,0.0009910802775024,0.0009910802775024,0.0,0.0009910802775024,0.0,0,0.0,1,11.348264840677446,11.348264840677446,1.0,0.8
main,v040,pinned,reference,-,deployed,-1,B,Centralized PPO|wcnc2027_ablation/central_seed42/ppo_multi_site.zip,Centralized PPO,42,R,wcnc2027_ablation 2026-09-14,4,-1124.357937651027,692.0537634460634,423.7956822049633,0.7584919999999999,7.75,198.80534943853505,198.61572643853503,0.0198216055500495,0.0009910802775024,0.0198216055500495,0.0198216055500495,0.1427155599603567,39,3.7106045589692767,20,0.812368853501426,1.1208543298630764,0.806326137008272,0.8
main,v040,pinned,reference,-,deployed,-1,B,Centralized PPO|wcnc2027_ablation/central_seed42/ppo_multi_site.zip,Centralized PPO,42,R,wcnc2027_ablation 2026-09-14,5,-443.2354064658647,443.2354064658647,0.0,0.0,0.0,207.06756236764485,207.06756236764485,0.0,0.0,0.0,0.0,0.0,0,0.0,0,0.0,0.0,0.0,0.8
main,v040,pinned,reference,-,deployed,-1,B,Centralized PPO|wcnc2027_ablation/central_seed42/ppo_multi_site.zip,Centralized PPO,42,R,wcnc2027_ablation 2026-09-14,6,-956.0355847287716,956.0355847287716,0.0,0.0,0.0,206.86103641368868,206.86103641368868,0.0,0.0,0.0,0.0,0.0,0,0.0,0,0.0,0.0,0.0,0.8
main,v040,pinned,reference,-,deployed,-1,B,Centralized PPO|wcnc2027_ablation/central_seed42/ppo_multi_site.zip,Centralized PPO,42,R,wcnc2027_ablation 2026-09-14,7,-757.7135048413222,757.7135048413222,0.0,0.0,0.0,206.87971219287988,206.87971219287988,0.0,0.0,0.0,0.0,0.0,0,0.0,0,0.0,0.0,0.0,0.8
main,v040,pinned,reference,-,deployed,-1,B,Centralized PPO|wcnc2027_ablation/central_seed42/ppo_multi_site.zip,Centralized PPO,42,R,wcnc2027_ablation 2026-09-14,8,-401.89720262025736,401.89720262025736,0.0,0.0,0.0,207.0648652729552,207.0648652729552,0.0,0.0,0.0,0.0,0.0,0,0.0,0,0.0,0.0,0.0,0.8
main,v040,pinned,reference,-,deployed,-1,B,Centralized PPO|wcnc2027_ablation/central_seed42/ppo_multi_site.zip,Centralized PPO,42,R,wcnc2027_ablation 2026-09-14,9,-1046.0418496147722,81.01046255577924,965.031387058993,0.0,0.0,207.5631309164488,207.5631309164488,0.0366699702675916,0.0366699702675916,0.0,0.0366699702675916,0.0,0,0.0,37,11.520105926055336,98.0408510239876,0.9693976459990926,0.8
main,v040,pinned,reference,-,deployed,-1,B,Shared-PPO|wcnc2027_ablation/shared_ppo_seed42/mappo_best.pt,Shared-PPO,42,R,wcnc2027_ablation 2026-09-14 (supplementary ablation),all,-5700.428477740056,4164.142618272813,1469.9299988672433,6.1058606,60.25,1957.7611500106952,1956.2346848606956,0.0058473736372646,0.0037661050545094,0.0020812685827552,0.0058473736372646,0.0900891972249752,322,3.0636273538156598,59,11.991140816993456,252.7234715107577,0.9304689259136966,0.8
main,v040,pinned,reference,-,deployed,-1,B,Shared-PPO|wcnc2027_ablation/shared_ppo_seed42/mappo_best.pt,Shared-PPO,42,R,wcnc2027_ablation 2026-09-14 (supplementary ablation),0,-821.3587516318368,785.0436277286708,22.07483830316596,1.3652856,12.875,175.66576682894106,175.3244454289411,0.0009910802775024,0.0,0.0009910802775024,0.0009910802775024,0.244796828543112,72,6.850346878097127,1,0.8358279434388652,0.8358279434388652,0.8358279434388652,0.8
main,v040,pinned,reference,-,deployed,-1,B,Shared-PPO|wcnc2027_ablation/shared_ppo_seed42/mappo_best.pt,Shared-PPO,42,R,wcnc2027_ablation 2026-09-14 (supplementary ablation),1,-533.1532666078217,453.3316219388845,71.11230346893717,0.8343412,7.875,191.18976228932436,190.9811769893243,0.0029732408325074,0.0,0.0029732408325074,0.0029732408325074,0.1258671952428146,44,4.186323092170466,3,0.8937515486526134,1.010844530326601,0.8901367052104131,0.8
main,v040,pinned,reference,-,deployed,-1,B,Shared-PPO|wcnc2027_ablation/shared_ppo_seed42/mappo_best.pt,Shared-PPO,42,R,wcnc2027_ablation 2026-09-14 (supplementary ablation),2,-304.19962230652425,279.472534140753,22.037465165771213,0.189623,2.5,206.70567102758108,206.65826527758108,0.0009910802775024,0.0,0.0009910802775024,0.0009910802775024,0.0049554013875123,10,0.9514370664023788,1,0.8345821721923737,0.8345821721923737,0.8345821721923737,0.8
main,v040,pinned,reference,-,deployed,-1,B,Shared-PPO|wcnc2027_ablation/shared_ppo_seed42/mappo_best.pt,Shared-PPO,42,R,wcnc2027_ablation 2026-09-14 (supplementary ablation),3,-164.9083368012709,137.9083368012709,27.0,0.0,0.0,207.47355199900704,207.47355199900704,0.0009910802775024,0.0009910802775024,0.0,0.0009910802775024,0.0,0,0.0,1,11.348264840677446,11.348264840677446,1.0,0.8
main,v040,pinned,reference,-,deployed,-1,B,Shared-PPO|wcnc2027_ablation/shared_ppo_seed42/mappo_best.pt,Shared-PPO,42,R,wcnc2027_ablation 2026-09-14 (supplementary ablation),4,-656.5465972704701,539.5265846294297,110.29944524104032,0.7205674,6.0,185.84260323665023,185.66246138665025,0.0049554013875123,0.0,0.0049554013875123,0.0049554013875123,0.155599603567889,38,3.615460852329039,5,0.8353296349402688,0.8358279434388656,0.8353296349402688,0.8
main,v040,pinned,reference,-,deployed,-1,B,Shared-PPO|wcnc2027_ablation/shared_ppo_seed42/mappo_best.pt,Shared-PPO,42,R,wcnc2027_ablation 2026-09-14 (supplementary ablation),5,-403.2493442032537,355.0943186717114,44.07493033154238,0.4550952,3.625,199.85308647981915,199.7393126798192,0.0019821605550049,0.0,0.0019821605550049,0.0019821605550049,0.0614469772051536,24,2.283448959365709,2,0.8345821721923731,0.8345821721923731,0.8345821721923731,0.8
main,v040,pinned,reference,-,deployed,-1,B,Shared-PPO|wcnc2027_ablation/shared_ppo_seed42/mappo_best.pt,Shared-PPO,42,R,wcnc2027_ablation 2026-09-14 (supplementary ablation),6,-731.296277960786,625.2582198634724,93.1123954973136,1.1756626,11.75,188.84413754334287,188.5502218933429,0.0039643211100099,0.0,0.0039643211100099,0.0039643211100099,0.1417244796828543,62,5.898909811694748,4,63.8068045068337,252.7234715107577,0.87593662914428,0.8
main,v040,pinned,reference,-,deployed,-1,B,Shared-PPO|wcnc2027_ablation/shared_ppo_seed42/mappo_best.pt,Shared-PPO,42,R,wcnc2027_ablation 2026-09-14 (supplementary ablation),7,-633.8568658484222,553.698145779485,71.11230346893718,0.7964166,8.25,191.6527177347553,191.4536135847553,0.0029732408325074,0.0,0.0029732408325074,0.0029732408325074,0.1298315163528245,42,3.9960356788899913,3,0.9304214818314384,1.1208543298630762,0.8901367052104131,0.8
main,v040,pinned,reference,-,deployed,-1,B,Shared-PPO|wcnc2027_ablation/shared_ppo_seed42/mappo_best.pt,Shared-PPO,42,R,wcnc2027_ablation 2026-09-14 (supplementary ablation),8,-405.817565494898,353.7987661633556,44.0749303315424,0.5688690000000001,7.375,202.9707219548253,202.82850470482532,0.0019821605550049,0.0,0.0019821605550049,0.0019821605550049,0.0366699702675916,30,2.854311199207136,2,0.8345821721923734,0.8345821721923734,0.8345821721923734,0.8
main,v040,pinned,reference,-,deployed,-1,B,Shared-PPO|wcnc2027_ablation/shared_ppo_seed42/mappo_best.pt,Shared-PPO,42,R,wcnc2027_ablation 2026-09-14 (supplementary ablation),9,-1046.0418496147722,81.01046255577924,965.031387058993,0.0,0.0,207.5631309164488,207.5631309164488,0.0366699702675916,0.0366699702675916,0.0,0.0366699702675916,0.0,0,0.0,37,11.520105926055336,98.0408510239876,0.9693976459990926,0.8
main,v040,pinned,reference,-,deployed,-1,B,MAPPO|wcnc2027_ablation/mappo_seed64/mappo_best.pt,MAPPO,64,R,wcnc2027_ablation 2026-09-14,all,-5627.012230936113,4164.947283869349,1381.7427650667637,6.447182,73.875,1959.1279939740632,1957.5161984740632,0.0054509415262636,0.0037661050545094,0.0016848364717542,0.0054509415262636,0.0865213082259663,340,3.234886025768088,55,12.802504249865416,252.7234715107577,0.9374198576162206,0.8
main,v040,pinned,reference,-,deployed,-1,B,MAPPO|wcnc2027_ablation/mappo_seed64/mappo_best.pt,MAPPO,64,R,wcnc2027_ablation 2026-09-14,0,-801.5734282216342,785.2460672216341,0.0,1.327361,15.0,176.22095416544022,175.88911391544022,0.0,0.0,0.0,0.0,0.2299306243805748,70,6.6600594648166505,0,0.0,0.0,0.0,0.8
main,v040,pinned,reference,-,deployed,-1,B,MAPPO|wcnc2027_ablation/mappo_seed64/mappo_best.pt,MAPPO,64,R,wcnc2027_ablation 2026-09-14,1,-535.3704045676606,453.34791069872335,71.11230346893717,0.9101904,10.0,191.27738386694017,191.04983626694013,0.0029732408325074,0.0,0.0029732408325074,0.0029732408325074,0.1209117938553022,48,4.566897918731417,3,0.8937515486526134,1.010844530326601,0.8901367052104131,0.8
main,v040,pinned,reference,-,deployed,-1,B,MAPPO|wcnc2027_ablation/mappo_seed64/mappo_best.pt,MAPPO,64,R,wcnc2027_ablation 2026-09-14,2,-302.66898781210904,278.6048242463378,22.037465165771213,0.1516984,1.875,206.62829210693428,206.59036750693429,0.0009910802775024,0.0,0.0009910802775024,0.0009910802775024,0.0049554013875123,8,0.761149653121903,1,0.8345821721923737,0.8345821721923737,0.8345821721923737,0.8
main,v040,pinned,reference,-,deployed,-1,B,MAPPO|wcnc2027_ablation/mappo_seed64/mappo_best.pt,MAPPO,64,R,wcnc2027_ablation 2026-09-14,3,-164.9083368012709,137.9083368012709,27.0,0.0,0.0,207.47355199900704,207.47355199900704,0.0009910802775024,0.0009910802775024,0.0,0.0009910802775024,0.0,0,0.0,1,11.348264840677446,11.348264840677446,1.0,0.8
main,v040,pinned,reference,-,deployed,-1,B,MAPPO|wcnc2027_ablation/mappo_seed64/mappo_best.pt,MAPPO,64,R,wcnc2027_ablation 2026-09-14,4,-657.6902231735378,538.9693613324973,110.29944524104032,0.7964166,7.625,185.787705583541,185.588601433541,0.0049554013875123,0.0,0.0049554013875123,0.0049554013875123,0.1565906838453915,42,3.9960356788899913,5,0.8353296349402688,0.8358279434388656,0.8353296349402688,0.8
main,v040,pinned,reference,-,deployed,-1,B,MAPPO|wcnc2027_ablation/mappo_seed64/mappo_best.pt,MAPPO,64,R,wcnc2027_ablation 2026-09-14,5,-363.153033315486,357.535013515486,0.0,0.4930198,5.125,200.30572341745528,200.1824684674553,0.0,0.0,0.0,0.0,0.0545094152626362,26,2.4737363726461843,0,0.0,0.0,0.0,0.8
main,v040,pinned,reference,-,deployed,-1,B,MAPPO|wcnc2027_ablation/mappo_seed64/mappo_best.pt,MAPPO,64,R,wcnc2027_ablation 2026-09-14,6,-730.4776444477075,619.6249633503937,93.1123954973136,1.3652856,16.375,188.43160479080632,188.0902833908063,0.0039643211100099,0.0,0.0039643211100099,0.0039643211100099,0.1446977205153617,72,6.850346878097127,4,63.8068045068337,252.7234715107577,0.87593662914428,0.8
main,v040,pinned,reference,-,deployed,-1,B,MAPPO|wcnc2027_ablation/mappo_seed64/mappo_best.pt,MAPPO,64,R,wcnc2027_ablation 2026-09-14,7,-637.7893632426837,555.4297939737465,71.11230346893718,0.8722658000000001,10.375,191.97549821870663,191.75743176870668,0.0029732408325074,0.0,0.0029732408325074,0.0029732408325074,0.1238850346878097,46,4.376610505450942,3,0.9304214818314384,1.1208543298630762,0.8901367052104131,0.8
main,v040,pinned,reference,-,deployed,-1,B,MAPPO|wcnc2027_ablation/mappo_seed64/mappo_best.pt,MAPPO,64,R,wcnc2027_ablation 2026-09-14,8,-387.3389597392511,357.2705501734799,22.0374651657712,0.5309444,7.5,203.46414890878336,203.3314128087833,0.0009910802775024,0.0,0.0009910802775024,0.0009910802775024,0.0297324083250743,28,2.66402378592666,1,0.8345821721923734,0.8345821721923734,0.8345821721923734,0.8
main,v040,pinned,reference,-,deployed,-1,B,MAPPO|wcnc2027_ablation/mappo_seed64/mappo_best.pt,MAPPO,64,R,wcnc2027_ablation 2026-09-14,9,-1046.0418496147722,81.01046255577924,965.031387058993,0.0,0.0,207.5631309164488,207.5631309164488,0.0366699702675916,0.0366699702675916,0.0,0.0366699702675916,0.0,0,0.0,37,11.520105926055336,98.0408510239876,0.9693976459990926,0.8
main,v040,pinned,reference,-,deployed,-1,B,Centralized PPO|wcnc2027_ablation/central_seed64/ppo_multi_site.zip,Centralized PPO,64,R,wcnc2027_ablation 2026-09-14,all,-8207.590539094766,5433.001863253436,2758.7191442413314,1.7445316000000002,14.125,2046.76462519314,2046.32849229314,0.0117938553022794,0.0041625371655104,0.00802775024777,0.0117938553022794,0.0515361744301288,89,0.846778989098117,119,4.245260904706876,98.0408510239876,0.8727504605718015,0.79
main,v040,pinned,reference,-,deployed,-1,B,Centralized PPO|wcnc2027_ablation/central_seed64/ppo_multi_site.zip,Centralized PPO,64,R,wcnc2027_ablation 2026-09-14,0,-1297.9954872018989,1005.7550032386968,291.823313363202,0.4171706,0.0,191.30988335517435,191.2055907051744,0.0128840436075322,0.0,0.0128840436075322,0.0128840436075322,0.1774033696729435,21,1.9980178394449952,13,0.8575613929720365,1.1208543298630764,0.8482649060594921,0.79
main,v040,pinned,reference,-,deployed,-1,B,Centralized PPO|wcnc2027_ablation/central_seed64/ppo_multi_site.zip,Centralized PPO,64,R,wcnc2027_ablation 2026-09-14,1,-868.6909379595984,868.6909379595984,0.0,0.0,0.0,206.98809577356093,206.98809577356093,0.0,0.0,0.0,0.0,0.0,0,0.0,0,0.0,0.0,0.0,0.79
main,v040,pinned,reference,-,deployed,-1,B,Centralized PPO|wcnc2027_ablation/central_seed64/ppo_multi_site.zip,Centralized PPO,64,R,wcnc2027_ablation 2026-09-14,2,-285.28923413277505,285.28923413277505,0.0,0.0,0.0,207.1713075786564,207.1713075786564,0.0,0.0,0.0,0.0,0.0,0,0.0,0,0.0,0.0,0.0,0.79
main,v040,pinned,reference,-,deployed,-1,B,Centralized PPO|wcnc2027_ablation/central_seed64/ppo_multi_site.zip,Centralized PPO,64,R,wcnc2027_ablation 2026-09-14,3,-164.9083368012709,137.9083368012709,27.0,0.0,0.0,207.47355199900704,207.47355199900704,0.0009910802775024,0.0009910802775024,0.0,0.0009910802775024,0.0,0,0.0,1,11.348264840677446,11.348264840677446,1.0,0.79
main,v040,pinned,reference,-,deployed,-1,B,Centralized PPO|wcnc2027_ablation/central_seed64/ppo_multi_site.zip,Centralized PPO,64,R,wcnc2027_ablation 2026-09-14,4,-2031.1208303249184,568.8339590089477,1452.7896055159704,0.8722658000000001,8.625,200.7331206452666,200.5150541952666,0.066402378592666,0.0039643211100099,0.066402378592666,0.066402378592666,0.3141724479682854,45,4.281466798810704,67,0.8299960821390743,1.1208543298630764,0.8227808982666519,0.79
main,v040,pinned,reference,-,deployed,-1,B,Centralized PPO|wcnc2027_ablation/central_seed64/ppo_multi_site.zip,Centralized PPO,64,R,wcnc2027_ablation 2026-09-14,5,-443.2354064658647,443.2354064658647,0.0,0.0,0.0,207.06756236764485,207.06756236764485,0.0,0.0,0.0,0.0,0.0,0,0.0,0,0.0,0.0,0.0,0.79
main,v040,pinned,reference,-,deployed,-1,B,Centralized PPO|wcnc2027_ablation/central_seed64/ppo_multi_site.zip,Centralized PPO,64,R,wcnc2027_ablation 2026-09-14,6,-910.69774913209,882.6678156289239,22.074838303165983,0.4550952,5.5,204.513395091546,204.399621291546,0.0009910802775024,0.0,0.0009910802775024,0.0009910802775024,0.0237859266600594,23,2.188305252725471,1,0.835827943438866,0.835827943438866,0.835827943438866,0.79
main,v040,pinned,reference,-,deployed,-1,B,Centralized PPO|wcnc2027_ablation/central_seed64/ppo_multi_site.zip,Centralized PPO,64,R,wcnc2027_ablation 2026-09-14,7,-757.7135048413222,757.7135048413222,0.0,0.0,0.0,206.87971219287988,206.87971219287988,0.0,0.0,0.0,0.0,0.0,0,0.0,0,0.0,0.0,0.0,0.79
main,v040,pinned,reference,-,deployed,-1,B,Centralized PPO|wcnc2027_ablation/central_seed64/ppo_multi_site.zip,Centralized PPO,64,R,wcnc2027_ablation 2026-09-14,8,-401.89720262025736,401.89720262025736,0.0,0.0,0.0,207.0648652729552,207.0648652729552,0.0,0.0,0.0,0.0,0.0,0,0.0,0,0.0,0.0,0.0,0.79
main,v040,pinned,reference,-,deployed,-1,B,Centralized PPO|wcnc2027_ablation/central_seed64/ppo_multi_site.zip,Centralized PPO,64,R,wcnc2027_ablation 2026-09-14,9,-1046.0418496147722,81.01046255577924,965.031387058993,0.0,0.0,207.5631309164488,207.5631309164488,0.0366699702675916,0.0366699702675916,0.0,0.0366699702675916,0.0,0,0.0,37,11.520105926055336,98.0408510239876,0.9693976459990926,0.79
main,v040,pinned,reference,-,deployed,-1,B,Shared-PPO|wcnc2027_ablation/shared_ppo_seed64/mappo_best.pt,Shared-PPO,64,R,wcnc2027_ablation 2026-09-14 (supplementary ablation),all,-5720.367666519165,4135.858004548757,1492.0048371704092,7.129824800000001,85.375,1955.3751871863583,1953.5927309863584,0.0059464816650148,0.0037661050545094,0.0021803766105054,0.0059464816650148,0.0911793855302279,376,3.577403369672944,60,11.805218935767549,252.7234715107577,0.9288915762057828,0.8
main,v040,pinned,reference,-,deployed,-1,B,Shared-PPO|wcnc2027_ablation/shared_ppo_seed64/mappo_best.pt,Shared-PPO,64,R,wcnc2027_ablation 2026-09-14 (supplementary ablation),0,-797.0134626318563,773.6439310318563,0.0,1.7445316000000002,21.625,174.793715595587,174.35758269558704,0.0,0.0,0.0,0.0,0.2477700693756194,92,8.753221010901884,0,0.0,0.0,0.0,0.8
main,v040,pinned,reference,-,deployed,-1,B,Shared-PPO|wcnc2027_ablation/shared_ppo_seed64/mappo_best.pt,Shared-PPO,64,R,wcnc2027_ablation 2026-09-14 (supplementary ablation),1,-534.8318078036075,450.7334647346703,71.11230346893717,0.9860396,12.0,191.0091843309617,190.76267443096168,0.0029732408325074,0.0,0.0029732408325074,0.0029732408325074,0.1219028741328047,52,4.947472745292369,3,0.8937515486526134,1.010844530326601,0.8901367052104131,0.8
main,v040,pinned,reference,-,deployed,-1,B,Shared-PPO|wcnc2027_ablation/shared_ppo_seed64/mappo_best.pt,Shared-PPO,64,R,wcnc2027_ablation 2026-09-14 (supplementary ablation),2,-302.7726777824502,278.17058961667897,22.037465165771213,0.189623,2.375,206.56405773951485,206.51665198951488,0.0009910802775024,0.0,0.0009910802775024,0.0009910802775024,0.0059464816650148,10,0.9514370664023788,1,0.8345821721923737,0.8345821721923737,0.8345821721923737,0.8
main,v040,pinned,reference,-,deployed,-1,B,Shared-PPO|wcnc2027_ablation/shared_ppo_seed64/mappo_best.pt,Shared-PPO,64,R,wcnc2027_ablation 2026-09-14 (supplementary ablation),3,-164.9083368012709,137.9083368012709,27.0,0.0,0.0,207.47355199900704,207.47355199900704,0.0009910802775024,0.0009910802775024,0.0,0.0009910802775024,0.0,0,0.0,1,11.348264840677446,11.348264840677446,1.0,0.8
main,v040,pinned,reference,-,deployed,-1,B,Shared-PPO|wcnc2027_ablation/shared_ppo_seed64/mappo_best.pt,Shared-PPO,64,R,wcnc2027_ablation 2026-09-14 (supplementary ablation),4,-659.0560467431835,540.0851849021433,110.29944524104032,0.7964166,7.875,185.9573166576161,185.7582125076161,0.0049554013875123,0.0,0.0049554013875123,0.0049554013875123,0.153617443012884,42,3.9960356788899913,5,0.8353296349402688,0.8358279434388656,0.8353296349402688,0.8
main,v040,pinned,reference,-,deployed,-1,B,Shared-PPO|wcnc2027_ablation/shared_ppo_seed64/mappo_best.pt,Shared-PPO,64,R,wcnc2027_ablation 2026-09-14 (supplementary ablation),5,-405.01853959217794,353.6247402606356,44.07493033154238,0.5688690000000001,6.75,199.7497021198256,199.6074848698256,0.0019821605550049,0.0,0.0019821605550049,0.0019821605550049,0.062438057482656,30,2.854311199207136,2,0.8345821721923731,0.8345821721923731,0.8345821721923731,0.8
main,v040,pinned,reference,-,deployed,-1,B,Shared-PPO|wcnc2027_ablation/shared_ppo_seed64/mappo_best.pt,Shared-PPO,64,R,wcnc2027_ablation 2026-09-14 (supplementary ablation),6,-725.390925538893,614.9132444415793,93.1123954973136,1.3652856,16.0,187.8743995436388,187.5330781436388,0.0039643211100099,0.0,0.0039643211100099,0.0039643211100099,0.1496531219028741,72,6.850346878097127,4,63.8068045068337,252.7234715107577,0.87593662914428,0.8
main,v040,pinned,reference,-,deployed,-1,B,Shared-PPO|wcnc2027_ablation/shared_ppo_seed64/mappo_best.pt,Shared-PPO,64,R,wcnc2027_ablation 2026-09-14 (supplementary ablation),7,-677.8895371037681,551.505291228499,115.26198007526912,0.8722658000000001,10.25,191.3373835094706,191.11931705947063,0.0049554013875123,0.0,0.0049554013875123,0.0049554013875123,0.1347869177403369,46,4.376610505450942,5,0.8925840664744094,1.1208543298630762,0.8684132005017942,0.8
main,v040,pinned,reference,-,deployed,-1,B,Shared-PPO|wcnc2027_ablation/shared_ppo_seed64/mappo_best.pt,Shared-PPO,64,R,wcnc2027_ablation 2026-09-14 (supplementary ablation),8,-407.44448290718606,354.2627589756437,44.0749303315424,0.6067936,8.5,203.05274477428756,202.90104637428755,0.0019821605550049,0.0,0.0019821605550049,0.0019821605550049,0.0356788899900891,32,3.044598612487612,2,0.8345821721923734,0.8345821721923734,0.8345821721923734,0.8
main,v040,pinned,reference,-,deployed,-1,B,Shared-PPO|wcnc2027_ablation/shared_ppo_seed64/mappo_best.pt,Shared-PPO,64,R,wcnc2027_ablation 2026-09-14 (supplementary ablation),9,-1046.0418496147722,81.01046255577924,965.031387058993,0.0,0.0,207.5631309164488,207.5631309164488,0.0366699702675916,0.0366699702675916,0.0,0.0366699702675916,0.0,0,0.0,37,11.520105926055336,98.0408510239876,0.9693976459990926,0.8
main,v040,pinned,reference,-,deployed,-1,B,MAPPO|wcnc2027_ablation/mappo_seed77/mappo_best.pt,MAPPO,77,R,wcnc2027_ablation 2026-09-14,all,-5629.12267933633,4237.370425504274,1315.592996432055,6.4092574,69.75,1967.4028050707848,1965.800490720785,0.0051536174430128,0.0037661050545094,0.0013875123885034,0.0051536174430128,0.0779980178394449,338,3.21585728444004,52,13.492937335668737,252.7234715107577,0.943328843866702,0.8
main,v040,pinned,reference,-,deployed,-1,B,MAPPO|wcnc2027_ablation/mappo_seed77/mappo_best.pt,MAPPO,77,R,wcnc2027_ablation 2026-09-14,0,-820.3227057737222,801.8057217737222,0.0,1.516984,17.0,178.16739597894497,177.788149978945,0.0,0.0,0.0,0.0,0.2111000991080277,80,7.611496531219029,0,0.0,0.0,0.0,0.8
main,v040,pinned,reference,-,deployed,-1,B,MAPPO|wcnc2027_ablation/mappo_seed77/mappo_best.pt,MAPPO,77,R,wcnc2027_ablation 2026-09-14,1,-547.0800456351371,463.6446271662,71.11230346893717,0.948115,11.375,192.5817678111118,192.3447390611118,0.0029732408325074,0.0,0.0029732408325074,0.0029732408325074,0.1060455896927651,50,4.757185332011893,3,0.8937515486526134,1.010844530326601,0.8901367052104131,0.8
main,v040,pinned,reference,-,deployed,-1,B,MAPPO|wcnc2027_ablation/mappo_seed77/mappo_best.pt,MAPPO,77,R,wcnc2027_ablation 2026-09-14,2,-302.66898781210904,278.6048242463378,22.037465165771213,0.1516984,1.875,206.62829210693428,206.59036750693429,0.0009910802775024,0.0,0.0009910802775024,0.0009910802775024,0.0049554013875123,8,0.761149653121903,1,0.8345821721923737,0.8345821721923737,0.8345821721923737,0.8
main,v040,pinned,reference,-,deployed,-1,B,MAPPO|wcnc2027_ablation/mappo_seed77/mappo_best.pt,MAPPO,77,R,wcnc2027_ablation 2026-09-14,3,-164.9083368012709,137.9083368012709,27.0,0.0,0.0,207.47355199900704,207.47355199900704,0.0009910802775024,0.0009910802775024,0.0,0.0009910802775024,0.0,0,0.0,1,11.348264840677446,11.348264840677446,1.0,0.8
main,v040,pinned,reference,-,deployed,-1,B,MAPPO|wcnc2027_ablation/mappo_seed77/mappo_best.pt,MAPPO,77,R,wcnc2027_ablation 2026-09-14,4,-645.1461054106785,547.2992326728041,88.22460693787437,0.8722658000000001,8.75,186.9941288148169,186.77606236481688,0.0039643211100099,0.0,0.0039643211100099,0.0039643211100099,0.1417244796828543,46,4.376610505450942,4,0.8352050578156196,0.8358279434388656,0.8352050578156196,0.8
main,v040,pinned,reference,-,deployed,-1,B,MAPPO|wcnc2027_ablation/mappo_seed77/mappo_best.pt,MAPPO,77,R,wcnc2027_ablation 2026-09-14,5,-366.60238892180166,361.3972937218017,0.0,0.4550952,4.75,200.7302043665416,200.6164305665416,0.0,0.0,0.0,0.0,0.0505450941526263,24,2.283448959365709,0,0.0,0.0,0.0,0.8
main,v040,pinned,reference,-,deployed,-1,B,MAPPO|wcnc2027_ablation/mappo_seed77/mappo_best.pt,MAPPO,77,R,wcnc2027_ablation 2026-09-14,6,-723.4151648556857,638.0016473241433,71.0749303315424,1.2135872,13.125,190.24971651310784,189.94631971310784,0.0029732408325074,0.0,0.0029732408325074,0.0029732408325074,0.1248761149653121,64,6.089197224975224,3,84.79754528504748,252.7234715107577,0.8897214481282489,0.8
main,v040,pinned,reference,-,deployed,-1,B,MAPPO|wcnc2027_ablation/mappo_seed77/mappo_best.pt,MAPPO,77,R,wcnc2027_ablation 2026-09-14,7,-623.0643108928821,565.568055989716,49.07483830316597,0.7964166,7.625,193.18370000963975,192.9845958596398,0.0019821605550049,0.0,0.0019821605550049,0.0019821605550049,0.1129831516352824,42,3.9960356788899913,2,0.9783411366509708,1.1208543298630762,0.9179139717194328,0.8
main,v040,pinned,reference,-,deployed,-1,B,MAPPO|wcnc2027_ablation/mappo_seed77/mappo_best.pt,MAPPO,77,R,wcnc2027_ablation 2026-09-14,8,-389.87278361827066,362.1302232524994,22.0374651657712,0.4550952,5.25,203.8309165542324,203.7171427542324,0.0009910802775024,0.0,0.0009910802775024,0.0009910802775024,0.0277502477700693,24,2.283448959365709,1,0.8345821721923734,0.8345821721923734,0.8345821721923734,0.8
main,v040,pinned,reference,-,deployed,-1,B,MAPPO|wcnc2027_ablation/mappo_seed77/mappo_best.pt,MAPPO,77,R,wcnc2027_ablation 2026-09-14,9,-1046.0418496147722,81.01046255577924,965.031387058993,0.0,0.0,207.5631309164488,207.5631309164488,0.0366699702675916,0.0366699702675916,0.0,0.0366699702675916,0.0,0,0.0,37,11.520105926055336,98.0408510239876,0.9693976459990926,0.8
main,v040,pinned,reference,-,deployed,-1,B,Centralized PPO|wcnc2027_ablation/central_seed77/ppo_multi_site.zip,Centralized PPO,77,R,wcnc2027_ablation 2026-09-14,all,-27822.84150789405,5307.467846446612,22505.60239024744,1.8962712,7.875,2285.322715314765,2284.8486475147647,0.0970267591674925,0.0228939544103072,0.0932606541129831,0.0970267591674925,0.231615460852329,98,0.9324083250743312,979,46.489360978970986,2688.986588123172,0.8662785968759766,0.8
main,v040,pinned,reference,-,deployed,-1,B,Centralized PPO|wcnc2027_ablation/central_seed77/ppo_multi_site.zip,Centralized PPO,77,R,wcnc2027_ablation 2026-09-14,0,-5640.553888611239,859.8447028347979,4780.709165176441,2.06e-05,0.0,230.7680525810706,230.7680474310706,0.2170465807730426,0.0148662041625371,0.2170465807730426,0.2170465807730426,1.0,0,0.0,219,22.576281866763424,1757.601078033768,0.8276574071805847,0.8
main,v040,pinned,reference,-,deployed,-1,B,Centralized PPO|wcnc2027_ablation/central_seed77/ppo_multi_site.zip,Centralized PPO,77,R,wcnc2027_ablation 2026-09-14,1,-1697.5301357651024,476.8146803169427,1219.2603602481597,0.4550952,1.0,203.92307048835823,203.80929668835824,0.0545094152626362,0.0049554013875123,0.0545094152626362,0.0545094152626362,0.2457879088206144,23,2.188305252725471,55,19.001854241953623,250.7516153763096,0.8389456728776725,0.8
main,v040,pinned,reference,-,deployed,-1,B,Centralized PPO|wcnc2027_ablation/central_seed77/ppo_multi_site.zip,Centralized PPO,77,R,wcnc2027_ablation 2026-09-14,2,-285.28923413277505,285.28923413277505,0.0,0.0,0.0,207.1713075786564,207.1713075786564,0.0,0.0,0.0,0.0,0.0,0,0.0,0,0.0,0.0,0.0,0.8
main,v040,pinned,reference,-,deployed,-1,B,Centralized PPO|wcnc2027_ablation/central_seed77/ppo_multi_site.zip,Centralized PPO,77,R,wcnc2027_ablation 2026-09-14,3,-164.9083368012709,137.9083368012709,27.0,0.0,0.0,207.47355199900704,207.47355199900704,0.0009910802775024,0.0009910802775024,0.0,0.0009910802775024,0.0,0,0.0,1,11.348264840677446,11.348264840677446,1.0,0.8
main,v040,pinned,reference,-,deployed,-1,B,Centralized PPO|wcnc2027_ablation/central_seed77/ppo_multi_site.zip,Centralized PPO,77,R,wcnc2027_ablation 2026-09-14,4,-1465.5463819379706,632.6356154213495,830.254822116621,0.5309444000000001,2.125,199.7220748647528,199.5893387647528,0.0386521308225966,0.0029732408325074,0.0386521308225966,0.0386521308225966,0.2130822596630327,27,2.5688800792864224,39,0.8189159929951264,1.1208543298630764,0.809619506082582,0.8
main,v040,pinned,reference,-,deployed,-1,B,Centralized PPO|wcnc2027_ablation/central_seed77/ppo_multi_site.zip,Centralized PPO,77,R,wcnc2027_ablation 2026-09-14,5,-443.2354064658647,443.2354064658647,0.0,0.0,0.0,207.06756236764485,207.06756236764485,0.0,0.0,0.0,0.0,0.0,0,0.0,0,0.0,0.0,0.0,0.8
main,v040,pinned,reference,-,deployed,-1,B,Centralized PPO|wcnc2027_ablation/central_seed77/ppo_multi_site.zip,Centralized PPO,77,R,wcnc2027_ablation 2026-09-14,6,-3112.2177809654795,992.7794042385216,2116.3962061269576,0.4171706,2.625,236.13562278060127,236.03133013060133,0.0862239841427155,0.0346878097125867,0.0862239841427155,0.0862239841427155,0.0812685827552031,22,2.093161546085233,87,188.40141962133964,2314.533510123149,0.910879772462436,0.8
main,v040,pinned,reference,-,deployed,-1,B,Centralized PPO|wcnc2027_ablation/central_seed77/ppo_multi_site.zip,Centralized PPO,77,R,wcnc2027_ablation 2026-09-14,7,-13510.60750853618,995.5769432159128,12512.950449520264,0.4551158,1.625,377.974767865906,377.8609889159059,0.5341922695738355,0.132804757185332,0.5341922695738355,0.5341922695738355,0.7750247770069376,25,2.3785926660059467,539,42.043027036244304,2688.986588123172,0.8738373809227127,0.8
main,v040,pinned,reference,-,deployed,-1,B,Centralized PPO|wcnc2027_ablation/central_seed77/ppo_multi_site.zip,Centralized PPO,77,R,wcnc2027_ablation 2026-09-14,8,-456.91098506339847,402.3730604633984,54.0,0.0379246,0.5,207.52357387231885,207.51409272231885,0.0019821605550049,0.0009910802775024,0.0019821605550049,0.0019821605550049,0.0009910802775024,1,0.0951437066402378,2,1.065849430094839,1.1208543298630764,1.0,0.8
main,v040,pinned,reference,-,deployed,-1,B,Centralized PPO|wcnc2027_ablation/central_seed77/ppo_multi_site.zip,Centralized PPO,77,R,wcnc2027_ablation 2026-09-14,9,-1046.0418496147722,81.01046255577924,965.031387058993,0.0,0.0,207.5631309164488,207.5631309164488,0.0366699702675916,0.0366699702675916,0.0,0.0366699702675916,0.0,0,0.0,37,11.520105926055336,98.0408510239876,0.9693976459990926,0.8
main,v040,pinned,reference,-,deployed,-1,B,MAPPO|mappo_seed77_20260517T110908/mappo_best.pt,MAPPO,77,P,"May 2026, pre-781c90c reward",all,-5622.092317579753,4308.888245119802,1249.4058546599515,5.4232178,58.375,1975.621694054914,1974.2658896049145,0.0048562933597621,0.0037661050545094,0.0010901883052527,0.0048562933597621,0.0688800792864222,286,2.721110009910803,49,14.267887824402123,252.7234715107577,0.9499359555509878,0.81
main,v040,pinned,reference,-,deployed,-1,B,MAPPO|mappo_seed77_20260517T110908/mappo_best.pt,MAPPO,77,P,"May 2026, pre-781c90c reward",0,-828.6814197578115,817.4945309578113,0.0,1.0618888000000002,10.125,180.08763524595386,179.82216304595386,0.0,0.0,0.0,0.0,0.1892963330029732,56,5.32804757185332,0,0.0,0.0,0.0,0.81
main,v040,pinned,reference,-,deployed,-1,B,MAPPO|mappo_seed77_20260517T110908/mappo_best.pt,MAPPO,77,P,"May 2026, pre-781c90c reward",1,-533.7729147387909,473.825810635625,49.07483830316597,0.8722658000000001,10.0,193.83184963300485,193.61378318300487,0.0019821605550049,0.0,0.0019821605550049,0.0019821605550049,0.0921704658077304,46,4.376610505450942,2,0.9233362368827333,1.010844530326601,0.9179139717194328,0.81
main,v040,pinned,reference,-,deployed,-1,B,MAPPO|mappo_seed77_20260517T110908/mappo_best.pt,MAPPO,77,P,"May 2026, pre-781c90c reward",2,-303.44323962932026,280.45492526354906,22.0374651657712,0.0758492,0.875,206.79971771204777,206.78075541204777,0.0009910802775024,0.0,0.0009910802775024,0.0009910802775024,0.0029732408325074,4,0.3805748265609515,1,0.8345821721923734,0.8345821721923734,0.8345821721923734,0.81
main,v040,pinned,reference,-,deployed,-1,B,MAPPO|mappo_seed77_20260517T110908/mappo_best.pt,MAPPO,77,P,"May 2026, pre-781c90c reward",3,-164.9083368012709,137.9083368012709,27.0,0.0,0.0,207.47355199900716,207.47355199900716,0.0009910802775024,0.0009910802775024,0.0,0.0009910802775024,0.0,0,0.0,1,11.348264840677446,11.348264840677446,1.0,0.81
main,v040,pinned,reference,-,deployed,-1,B,MAPPO|mappo_seed77_20260517T110908/mappo_best.pt,MAPPO,77,P,"May 2026, pre-781c90c reward",4,-630.675358974654,554.8162491399455,66.14976863470838,0.8343412,8.875,187.9082693651461,187.6996840651461,0.0029732408325074,0.0,0.0029732408325074,0.0029732408325074,0.1318136769078295,44,4.186323092170466,3,0.8349974292745376,0.8358279434388656,0.8349974292745376,0.81
main,v040,pinned,reference,-,deployed,-1,B,MAPPO|mappo_seed77_20260517T110908/mappo_best.pt,MAPPO,77,P,"May 2026, pre-781c90c reward",5,-371.900105354429,368.808783954429,0.0,0.3413214,2.75,201.4419035816596,201.3565732316596,0.0,0.0,0.0,0.0,0.043607532210109,18,1.7125867195242817,0,0.0,0.0,0.0,0.81
main,v040,pinned,reference,-,deployed,-1,B,MAPPO|mappo_seed77_20260517T110908/mappo_best.pt,MAPPO,77,P,"May 2026, pre-781c90c reward",6,-738.2523479753154,651.088830443773,71.07493033154239,1.2135872,14.875,191.61709146674056,191.31369466674056,0.0029732408325074,0.0,0.0029732408325074,0.0029732408325074,0.1110009910802775,64,6.089197224975224,3,84.79754528504748,252.7234715107577,0.8897214481282486,0.81
main,v040,pinned,reference,-,deployed,-1,B,MAPPO|mappo_seed77_20260517T110908/mappo_best.pt,MAPPO,77,P,"May 2026, pre-781c90c reward",7,-607.3646382943682,574.0949200943683,27.0,0.6447182,5.625,194.2119752673931,194.0507957173931,0.0009910802775024,0.0,0.0009910802775024,0.0009910802775024,0.1000991080277502,34,3.234886025768088,1,1.1208543298630769,1.1208543298630769,1.0,0.81
main,v040,pinned,reference,-,deployed,-1,B,MAPPO|mappo_seed77_20260517T110908/mappo_best.pt,MAPPO,77,P,"May 2026, pre-781c90c reward",8,-397.0521064390216,369.3853952732504,22.0374651657712,0.379246,5.25,204.68656886751245,204.59175736751249,0.0009910802775024,0.0,0.0009910802775024,0.0009910802775024,0.0178394449950445,20,1.9028741328047571,1,0.8345821721923734,0.8345821721923734,0.8345821721923734,0.81
main,v040,pinned,reference,-,deployed,-1,B,MAPPO|mappo_seed77_20260517T110908/mappo_best.pt,MAPPO,77,P,"May 2026, pre-781c90c reward",9,-1046.0418496147722,81.01046255577924,965.0313870589928,0.0,0.0,207.5631309164488,207.5631309164488,0.0366699702675916,0.0366699702675916,0.0,0.0366699702675916,0.0,0,0.0,37,11.520105926055331,98.0408510239876,0.9693976459990926,0.81
main,v040,pinned,reference,-,deployed,-1,B,MAPPO|mappo_seed99_20260517T003433/mappo_best.pt,MAPPO,99,P,"May 2026, pre-781c90c reward",all,-5601.241523329916,4293.212061104192,1244.443319825723,5.4611424,58.125,1974.49433559609,1973.1290499960896,0.0048562933597621,0.0037661050545094,0.0010901883052527,0.0048562933597621,0.0694747274529236,288,2.74013875123885,49,9.127298246064058,98.0408510239876,0.9465600815140972,0.81
main,v040,pinned,reference,-,deployed,-1,B,MAPPO|mappo_seed99_20260517T003433/mappo_best.pt,MAPPO,99,P,"May 2026, pre-781c90c reward",0,-829.818473806382,819.8324342063821,0.0,0.9860396,9.0,180.32808834571543,180.08157844571548,0.0,0.0,0.0,0.0,0.1863230921704658,52,4.947472745292369,0,0.0,0.0,0.0,0.81
main,v040,pinned,reference,-,deployed,-1,B,MAPPO|mappo_seed99_20260517T003433/mappo_best.pt,MAPPO,99,P,"May 2026, pre-781c90c reward",1,-530.1097841990456,471.2006046958796,49.07483830316597,0.8343412000000001,9.0,193.5281337097078,193.31954840970772,0.0019821605550049,0.0,0.0019821605550049,0.0019821605550049,0.0941526263627353,44,4.186323092170466,2,0.9233362368827333,1.010844530326601,0.9179139717194328,0.81
main,v040,pinned,reference,-,deployed,-1,B,MAPPO|mappo_seed99_20260517T003433/mappo_best.pt,MAPPO,99,P,"May 2026, pre-781c90c reward",2,-331.7728119294061,280.5836483636349,49.0374651657712,0.1516984,2.0,206.8062905356385,206.7683659356385,0.0019821605550049,0.0,0.0019821605550049,0.0019821605550049,0.0039643211100099,8,0.761149653121903,2,0.9777182510277248,1.1208543298630762,0.9172910860961868,0.81
main,v040,pinned,reference,-,deployed,-1,B,MAPPO|mappo_seed99_20260517T003433/mappo_best.pt,MAPPO,99,P,"May 2026, pre-781c90c reward",3,-164.9083368012709,137.9083368012709,27.0,0.0,0.0,207.47355199900716,207.47355199900716,0.0009910802775024,0.0009910802775024,0.0,0.0009910802775024,0.0,0,0.0,1,11.348264840677446,11.348264840677446,1.0,0.81
main,v040,pinned,reference,-,deployed,-1,B,MAPPO|mappo_seed99_20260517T003433/mappo_best.pt,MAPPO,99,P,"May 2026, pre-781c90c reward",4,-631.0374366005192,554.3904021658109,66.14976863470838,0.8722658000000001,9.625,187.83755594625345,187.61948949625344,0.0029732408325074,0.0,0.0029732408325074,0.0029732408325074,0.132804757185332,46,4.376610505450942,3,0.8349974292745376,0.8358279434388656,0.8349974292745376,0.81
main,v040,pinned,reference,-,deployed,-1,B,MAPPO|mappo_seed99_20260517T003433/mappo_best.pt,MAPPO,99,P,"May 2026, pre-781c90c reward",5,-371.1760135033903,367.5467675033903,0.0,0.379246,3.25,201.46205334479345,201.36724184479343,0.0,0.0,0.0,0.0,0.0426164519326065,20,1.9028741328047571,0,0.0,0.0,0.0,0.81
main,v040,pinned,reference,-,deployed,-1,B,MAPPO|mappo_seed99_20260517T003433/mappo_best.pt,MAPPO,99,P,"May 2026, pre-781c90c reward",6,-726.809357097544,645.2712990002303,66.11239549731357,1.1756626,14.25,191.2977773641421,191.0038617141421,0.0029732408325074,0.0,0.0029732408325074,0.0029732408325074,0.1119920713577799,62,5.898909811694748,3,0.8345821721923731,0.8345821721923731,0.8345821721923731,0.81
main,v040,pinned,reference,-,deployed,-1,B,MAPPO|mappo_seed99_20260517T003433/mappo_best.pt,MAPPO,99,P,"May 2026, pre-781c90c reward",7,-576.3977049381986,570.6279867381985,0.0,0.6447182,5.125,193.8538888209488,193.6927092709488,0.0,0.0,0.0,0.0,0.1020812685827552,34,3.234886025768088,0,0.0,0.0,0.0,0.81
main,v040,pinned,reference,-,deployed,-1,B,MAPPO|mappo_seed99_20260517T003433/mappo_best.pt,MAPPO,99,P,"May 2026, pre-781c90c reward",8,-393.1697548393871,364.840119073616,22.0374651657712,0.4171706,5.875,204.34386461343445,204.23957196343449,0.0009910802775024,0.0,0.0009910802775024,0.0009910802775024,0.020812685827552,22,2.093161546085233,1,0.8345821721923734,0.8345821721923734,0.8345821721923734,0.81
main,v040,pinned,reference,-,deployed,-1,B,MAPPO|mappo_seed99_20260517T003433/mappo_best.pt,MAPPO,99,P,"May 2026, pre-781c90c reward",9,-1046.0418496147722,81.01046255577924,965.0313870589928,0.0,0.0,207.5631309164488,207.5631309164488,0.0366699702675916,0.0366699702675916,0.0,0.0366699702675916,0.0,0,0.0,37,11.520105926055331,98.0408510239876,0.9693976459990926,0.81
main,v040,pinned,reference,-,deployed,-1,B,Centralized PPO|ppo_multi_site_seed7_20260517T004954/ppo_multi_site.zip,Centralized PPO,7,P,"May 2026, pre-781c90c reward",all,-12781.039650613237,5870.384242555113,6849.490682258123,4.6647258,56.5,2104.2466733949173,2103.0804919449174,0.0294350842418235,0.006838453914767,0.0256689791873141,0.0294350842418235,0.0511397423191278,245,2.331020812685828,297,40.410205786048095,1757.601078033768,0.8687419396473763,0.81
main,v040,pinned,reference,-,deployed,-1,B,Centralized PPO|ppo_multi_site_seed7_20260517T004954/ppo_multi_site.zip,Centralized PPO,7,P,"May 2026, pre-781c90c reward",0,-2131.1954046500327,1332.149297535092,779.8325199149405,1.2135872,18.0,212.6131620391752,212.3097652391752,0.0356788899900891,0.0019821605550049,0.0356788899900891,0.0356788899900891,0.0475718533201189,64,6.089197224975224,36,7.769683213788797,250.75161537630956,0.8220671480693892,0.81
main,v040,pinned,reference,-,deployed,-1,B,Centralized PPO|ppo_multi_site_seed7_20260517T004954/ppo_multi_site.zip,Centralized PPO,7,P,"May 2026, pre-781c90c reward",1,-868.6909379595984,868.6909379595984,0.0,0.0,0.0,206.9880957735609,206.9880957735609,0.0,0.0,0.0,0.0,0.0,0,0.0,0,0.0,0.0,0.0,0.81
main,v040,pinned,reference,-,deployed,-1,B,Centralized PPO|ppo_multi_site_seed7_20260517T004954/ppo_multi_site.zip,Centralized PPO,7,P,"May 2026, pre-781c90c reward",2,-285.28923413277505,285.28923413277505,0.0,0.0,0.0,207.1713075786564,207.1713075786564,0.0,0.0,0.0,0.0,0.0,0,0.0,0,0.0,0.0,0.0,0.81
main,v040,pinned,reference,-,deployed,-1,B,Centralized PPO|ppo_multi_site_seed7_20260517T004954/ppo_multi_site.zip,Centralized PPO,7,P,"May 2026, pre-781c90c reward",3,-164.9083368012709,137.9083368012709,27.0,0.0,0.0,207.47355199900716,207.47355199900716,0.0009910802775024,0.0009910802775024,0.0,0.0009910802775024,0.0,0,0.0,1,11.348264840677446,11.348264840677446,1.0,0.81
main,v040,pinned,reference,-,deployed,-1,B,Centralized PPO|ppo_multi_site_seed7_20260517T004954/ppo_multi_site.zip,Centralized PPO,7,P,"May 2026, pre-781c90c reward",4,-4560.228236981118,600.7804675005232,3938.8998410805953,2.0479284,18.5,226.06787543035563,225.5558933303556,0.1724479682854311,0.0218037661050545,0.1724479682854311,0.1724479682854311,0.4122893954410307,108,10.27552031714569,174,47.52578616735079,1757.601078033768,0.8545785136169723,0.81
main,v040,pinned,reference,-,deployed,-1,B,Centralized PPO|ppo_multi_site_seed7_20260517T004954/ppo_multi_site.zip,Centralized PPO,7,P,"May 2026, pre-781c90c reward",5,-443.2354064658647,443.2354064658647,0.0,0.0,0.0,207.06756236764485,207.06756236764485,0.0,0.0,0.0,0.0,0.0,0,0.0,0,0.0,0.0,0.0,0.81
main,v040,pinned,reference,-,deployed,-1,B,Centralized PPO|ppo_multi_site_seed7_20260517T004954/ppo_multi_site.zip,Centralized PPO,7,P,"May 2026, pre-781c90c reward",6,-956.035584728772,956.035584728772,0.0,0.0,0.0,206.86103641368868,206.86103641368868,0.0,0.0,0.0,0.0,0.0,0,0.0,0,0.0,0.0,0.0,0.81
main,v040,pinned,reference,-,deployed,-1,B,Centralized PPO|ppo_multi_site_seed7_20260517T004954/ppo_multi_site.zip,Centralized PPO,7,P,"May 2026, pre-781c90c reward",7,-1923.5174566587748,763.3873122551802,1138.726934203595,1.4032102000000002,20.0,215.3760856034246,215.02528305342463,0.0485629335976214,0.0069375619425173,0.0485629335976214,0.0485629335976214,0.0515361744301288,73,6.945490584737364,49,61.5315009293087,1757.601078033768,0.8746441729276156,0.81
main,v040,pinned,reference,-,deployed,-1,B,Centralized PPO|ppo_multi_site_seed7_20260517T004954/ppo_multi_site.zip,Centralized PPO,7,P,"May 2026, pre-781c90c reward",8,-401.8972026202573,401.8972026202573,0.0,0.0,0.0,207.0648652729552,207.0648652729552,0.0,0.0,0.0,0.0,0.0,0,0.0,0,0.0,0.0,0.0,0.81
main,v040,pinned,reference,-,deployed,-1,B,Centralized PPO|ppo_multi_site_seed7_20260517T004954/ppo_multi_site.zip,Centralized PPO,7,P,"May 2026, pre-781c90c reward",9,-1046.0418496147722,81.01046255577924,965.0313870589928,0.0,0.0,207.5631309164488,207.5631309164488,0.0366699702675916,0.0366699702675916,0.0,0.0366699702675916,0.0,0,0.0,37,11.520105926055331,98.0408510239876,0.9693976459990926,0.81
main,v040,pinned,reference,-,deployed,-1,B,Centralized PPO|ppo_multi_site_seed13_20260517T004954/ppo_multi_site.zip,Centralized PPO,13,P,"May 2026, pre-781c90c reward",all,-12718.787759182032,6109.4540640229125,6605.472655559119,0.9860396,2.875,2121.2049200313195,2120.95841013132,0.0285431119920713,0.0066402378592666,0.0247770069375619,0.0285431119920713,0.0574826560951437,51,0.485232903865213,288,21.422776852477263,1757.601078033768,0.8645222980971202,0.8
main,v040,pinned,reference,-,deployed,-1,B,Centralized PPO|ppo_multi_site_seed13_20260517T004954/ppo_multi_site.zip,Centralized PPO,13,P,"May 2026, pre-781c90c reward",0,-1321.362823560115,1321.362823560115,0.0,0.0,0.0,206.76482886375948,206.76482886375948,0.0,0.0,0.0,0.0,0.0,0,0.0,0,0.0,0.0,0.0,0.81
main,v040,pinned,reference,-,deployed,-1,B,Centralized PPO|ppo_multi_site_seed13_20260517T004954/ppo_multi_site.zip,Centralized PPO,13,P,"May 2026, pre-781c90c reward",1,-868.6909379595984,868.6909379595984,0.0,0.0,0.0,206.9880957735609,206.9880957735609,0.0,0.0,0.0,0.0,0.0,0,0.0,0,0.0,0.0,0.0,0.81
main,v040,pinned,reference,-,deployed,-1,B,Centralized PPO|ppo_multi_site_seed13_20260517T004954/ppo_multi_site.zip,Centralized PPO,13,P,"May 2026, pre-781c90c reward",2,-285.28923413277505,285.28923413277505,0.0,0.0,0.0,207.1713075786564,207.1713075786564,0.0,0.0,0.0,0.0,0.0,0,0.0,0,0.0,0.0,0.0,0.81
main,v040,pinned,reference,-,deployed,-1,B,Centralized PPO|ppo_multi_site_seed13_20260517T004954/ppo_multi_site.zip,Centralized PPO,13,P,"May 2026, pre-781c90c reward",3,-164.9083368012709,137.9083368012709,27.0,0.0,0.0,207.47355199900716,207.47355199900716,0.0009910802775024,0.0009910802775024,0.0,0.0009910802775024,0.0,0,0.0,1,11.348264840677446,11.348264840677446,1.0,0.81
main,v040,pinned,reference,-,deployed,-1,B,Centralized PPO|ppo_multi_site_seed13_20260517T004954/ppo_multi_site.zip,Centralized PPO,13,P,"May 2026, pre-781c90c reward",4,-1252.2579957251735,960.8397676519908,290.3044542731829,0.1137738,1.0,209.9008884981801,209.8724450481801,0.0128840436075322,0.0009910802775024,0.0128840436075322,0.0128840436075322,0.0109018830525272,6,0.5708622398414271,13,155.18848945249076,1757.601078033768,0.8443703955722638,0.81
main,v040,pinned,reference,-,deployed,-1,B,Centralized PPO|ppo_multi_site_seed13_20260517T004954/ppo_multi_site.zip,Centralized PPO,13,P,"May 2026, pre-781c90c reward",5,-443.2354064658647,443.2354064658647,0.0,0.0,0.0,207.06756236764485,207.06756236764485,0.0,0.0,0.0,0.0,0.0,0,0.0,0,0.0,0.0,0.0,0.81
main,v040,pinned,reference,-,deployed,-1,B,Centralized PPO|ppo_multi_site_seed13_20260517T004954/ppo_multi_site.zip,Centralized PPO,13,P,"May 2026, pre-781c90c reward",6,-956.035584728772,956.035584728772,0.0,0.0,0.0,206.86103641368868,206.86103641368868,0.0,0.0,0.0,0.0,0.0,0,0.0,0,0.0,0.0,0.0,0.81
main,v040,pinned,reference,-,deployed,-1,B,Centralized PPO|ppo_multi_site_seed13_20260517T004954/ppo_multi_site.zip,Centralized PPO,13,P,"May 2026, pre-781c90c reward",7,-5979.068387573431,653.184307546489,5323.136814226943,0.8722657999999999,1.875,254.3496523474184,254.13158589741835,0.2348860257680872,0.0277502477700693,0.2348860257680872,0.2348860257680872,0.5639246778989098,45,4.281466798810704,237,15.673912179436066,1757.601078033768,0.8486830962344503,0.81
main,v040,pinned,reference,-,deployed,-1,B,Centralized PPO|ppo_multi_site_seed13_20260517T004954/ppo_multi_site.zip,Centralized PPO,13,P,"May 2026, pre-781c90c reward",8,-401.8972026202573,401.8972026202573,0.0,0.0,0.0,207.0648652729552,207.0648652729552,0.0,0.0,0.0,0.0,0.0,0,0.0,0,0.0,0.0,0.0,0.81
main,v040,pinned,reference,-,deployed,-1,B,Centralized PPO|ppo_multi_site_seed13_20260517T004954/ppo_multi_site.zip,Centralized PPO,13,P,"May 2026, pre-781c90c reward",9,-1046.0418496147722,81.01046255577924,965.0313870589928,0.0,0.0,207.5631309164488,207.5631309164488,0.0366699702675916,0.0366699702675916,0.0,0.0366699702675916,0.0,0,0.0,37,11.520105926055331,98.0408510239876,0.9693976459990926,0.81
main,v040,pinned,reference,-,deployed,-1,B,Centralized PPO|ppo_multi_site_seed42_20260517T004954/ppo_multi_site.zip,Centralized PPO,42,P,"May 2026, pre-781c90c reward",all,-11203.796849020411,5427.264846125658,5728.545653294756,4.3613496000000005,43.625,2074.1289069121253,2073.038569512125,0.0249752229930624,0.0049554013875123,0.021209117938553,0.0249752229930624,0.0837462834489593,227,2.1597621407334,252,12.405502217562429,1757.601078033768,0.8577441340336978,0.81
main,v040,pinned,reference,-,deployed,-1,B,Centralized PPO|ppo_multi_site_seed42_20260517T004954/ppo_multi_site.zip,Centralized PPO,42,P,"May 2026, pre-781c90c reward",0,-3520.3640062250365,1336.1163232670738,2159.324733957962,2.047949,22.875,225.68389141880616,225.17190416880615,0.0971258671952428,0.0019821605550049,0.0971258671952428,0.0971258671952428,0.1704658077304261,108,10.27552031714569,98,3.3855271397785143,250.75161537630956,0.8344641952237968,0.81
main,v040,pinned,reference,-,deployed,-1,B,Centralized PPO|ppo_multi_site_seed42_20260517T004954/ppo_multi_site.zip,Centralized PPO,42,P,"May 2026, pre-781c90c reward",1,-1122.4103256820608,492.746613770407,616.3897477116541,1.0239642,12.25,197.69504593926595,197.439054889266,0.0277502477700693,0.0009910802775024,0.0277502477700693,0.0277502477700693,0.1546085232903865,53,5.042616451932607,28,9.753885172512785,250.7516153763096,0.8337973187043499,0.81
main,v040,pinned,reference,-,deployed,-1,B,Centralized PPO|ppo_multi_site_seed42_20260517T004954/ppo_multi_site.zip,Centralized PPO,42,P,"May 2026, pre-781c90c reward",2,-285.28923413277505,285.28923413277505,0.0,0.0,0.0,207.1713075786564,207.1713075786564,0.0,0.0,0.0,0.0,0.0,0,0.0,0,0.0,0.0,0.0,0.81
main,v040,pinned,reference,-,deployed,-1,B,Centralized PPO|ppo_multi_site_seed42_20260517T004954/ppo_multi_site.zip,Centralized PPO,42,P,"May 2026, pre-781c90c reward",3,-164.9083368012709,137.9083368012709,27.0,0.0,0.0,207.47355199900716,207.47355199900716,0.0009910802775024,0.0009910802775024,0.0,0.0009910802775024,0.0,0,0.0,1,11.348264840677446,11.348264840677446,1.0,0.81
main,v040,pinned,reference,-,deployed,-1,B,Centralized PPO|ppo_multi_site_seed42_20260517T004954/ppo_multi_site.zip,Centralized PPO,42,P,"May 2026, pre-781c90c reward",4,-955.9099470016704,955.9099470016704,0.0,0.0,0.0,206.8900205483648,206.8900205483648,0.0,0.0,0.0,0.0,0.0,0,0.0,0,0.0,0.0,0.0,0.81
main,v040,pinned,reference,-,deployed,-1,B,Centralized PPO|ppo_multi_site_seed42_20260517T004954/ppo_multi_site.zip,Centralized PPO,42,P,"May 2026, pre-781c90c reward",5,-443.2354064658647,443.2354064658647,0.0,0.0,0.0,207.06756236764485,207.06756236764485,0.0,0.0,0.0,0.0,0.0,0,0.0,0,0.0,0.0,0.0,0.81
main,v040,pinned,reference,-,deployed,-1,B,Centralized PPO|ppo_multi_site_seed42_20260517T004954/ppo_multi_site.zip,Centralized PPO,42,P,"May 2026, pre-781c90c reward",6,-1037.4779977669143,710.5606977190628,323.63635564785176,0.5309444000000001,2.75,197.8530644042148,197.7203283042148,0.0138751238850346,0.0019821605550049,0.0138751238850346,0.0138751238850346,0.1665014866204162,27,2.5688800792864224,14,18.86807562086278,252.7234715107577,0.8705627515425042,0.81
main,v040,pinned,reference,-,deployed,-1,B,Centralized PPO|ppo_multi_site_seed42_20260517T004954/ppo_multi_site.zip,Centralized PPO,42,P,"May 2026, pre-781c90c reward",7,-2226.262542709791,582.5906217914971,1637.163428918294,0.7584919999999999,5.75,209.66646646676116,209.47684346676115,0.0733399405351833,0.0069375619425173,0.0733399405351833,0.0733399405351833,0.3458870168483647,39,3.7106045589692767,74,24.588525290544265,1757.601078033768,0.8374610040172495,0.81
main,v040,pinned,reference,-,deployed,-1,B,Centralized PPO|ppo_multi_site_seed42_20260517T004954/ppo_multi_site.zip,Centralized PPO,42,P,"May 2026, pre-781c90c reward",8,-401.8972026202573,401.8972026202573,0.0,0.0,0.0,207.0648652729552,207.0648652729552,0.0,0.0,0.0,0.0,0.0,0,0.0,0,0.0,0.0,0.0,0.81
main,v040,pinned,reference,-,deployed,-1,B,Centralized PPO|ppo_multi_site_seed42_20260517T004954/ppo_multi_site.zip,Centralized PPO,42,P,"May 2026, pre-781c90c reward",9,-1046.0418496147722,81.01046255577924,965.0313870589928,0.0,0.0,207.5631309164488,207.5631309164488,0.0366699702675916,0.0366699702675916,0.0,0.0366699702675916,0.0,0,0.0,37,11.520105926055331,98.0408510239876,0.9693976459990926,0.81
main,v040,pinned,reference,-,deployed,-1,B,Centralized PPO|ppo_multi_site_seed99_20260517T004954/ppo_multi_site.zip,Centralized PPO,99,P,"May 2026, pre-781c90c reward",all,-21133.539210535368,5180.922927870419,15933.82106786495,2.9202148,15.875,2220.2941270699066,2219.564073369906,0.0661050545094152,0.0263627353815659,0.0623389494549058,0.0661050545094152,0.1788899900891972,152,1.4461843409316155,667,265.59396413297367,2688.986588123172,0.8962929069397776,0.81
main,v040,pinned,reference,-,deployed,-1,B,Centralized PPO|ppo_multi_site_seed99_20260517T004954/ppo_multi_site.zip,Centralized PPO,99,P,"May 2026, pre-781c90c reward",0,-1952.2276611173545,792.8690589855073,1149.6295427318469,1.4790594,8.25,185.90784904049696,185.53808419049696,0.0515361744301288,0.0039643211100099,0.0515361744301288,0.0515361744301288,0.4915758176412289,77,7.326065411298315,52,39.42762002225759,1757.601078033768,0.8369420145716967,0.81
main,v040,pinned,reference,-,deployed,-1,B,Centralized PPO|ppo_multi_site_seed99_20260517T004954/ppo_multi_site.zip,Centralized PPO,99,P,"May 2026, pre-781c90c reward",1,-868.6909379595984,868.6909379595984,0.0,0.0,0.0,206.9880957735609,206.9880957735609,0.0,0.0,0.0,0.0,0.0,0,0.0,0,0.0,0.0,0.0,0.81
main,v040,pinned,reference,-,deployed,-1,B,Centralized PPO|ppo_multi_site_seed99_20260517T004954/ppo_multi_site.zip,Centralized PPO,99,P,"May 2026, pre-781c90c reward",2,-285.28923413277505,285.28923413277505,0.0,0.0,0.0,207.1713075786564,207.1713075786564,0.0,0.0,0.0,0.0,0.0,0,0.0,0,0.0,0.0,0.0,0.81
main,v040,pinned,reference,-,deployed,-1,B,Centralized PPO|ppo_multi_site_seed99_20260517T004954/ppo_multi_site.zip,Centralized PPO,99,P,"May 2026, pre-781c90c reward",3,-164.9083368012709,137.9083368012709,27.0,0.0,0.0,207.47355199900716,207.47355199900716,0.0009910802775024,0.0009910802775024,0.0,0.0009910802775024,0.0,0,0.0,1,11.348264840677446,11.348264840677446,1.0,0.81
main,v040,pinned,reference,-,deployed,-1,B,Centralized PPO|ppo_multi_site_seed99_20260517T004954/ppo_multi_site.zip,Centralized PPO,99,P,"May 2026, pre-781c90c reward",4,-1289.1884103121529,560.4193384619035,726.2872782502493,0.6067936,1.875,194.1919622837675,194.0402638837675,0.0336967294350842,0.0019821605550049,0.0336967294350842,0.0336967294350842,0.244796828543112,31,2.949454905847374,34,8.1612366367014,250.75161537630956,0.8120463512257344,0.81
main,v040,pinned,reference,-,deployed,-1,B,Centralized PPO|ppo_multi_site_seed99_20260517T004954/ppo_multi_site.zip,Centralized PPO,99,P,"May 2026, pre-781c90c reward",5,-443.2354064658647,443.2354064658647,0.0,0.0,0.0,207.06756236764485,207.06756236764485,0.0,0.0,0.0,0.0,0.0,0,0.0,0,0.0,0.0,0.0,0.81
main,v040,pinned,reference,-,deployed,-1,B,Centralized PPO|ppo_multi_site_seed99_20260517T004954/ppo_multi_site.zip,Centralized PPO,99,P,"May 2026, pre-781c90c reward",6,-11706.394046904656,822.3539958807975,10878.87285982386,0.4171912,4.75,346.22811441202055,346.12381661202056,0.4578790882061447,0.1506442021803766,0.4578790882061447,0.4578790882061447,0.983151635282458,22,2.093161546085233,462,169.6968957951591,2688.986588123172,0.8849114617477533,0.81
main,v040,pinned,reference,-,deployed,-1,B,Centralized PPO|ppo_multi_site_seed99_20260517T004954/ppo_multi_site.zip,Centralized PPO,99,P,"May 2026, pre-781c90c reward",7,-757.7135048413222,757.7135048413222,0.0,0.0,0.0,206.87971219287996,206.87971219287996,0.0,0.0,0.0,0.0,0.0,0,0.0,0,0.0,0.0,0.0,0.81
main,v040,pinned,reference,-,deployed,-1,B,Centralized PPO|ppo_multi_site_seed99_20260517T004954/ppo_multi_site.zip,Centralized PPO,99,P,"May 2026, pre-781c90c reward",8,-2619.849822385599,431.43265178559926,2187.0,0.4171706,1.0,250.82284050542324,250.71854785542325,0.0802775024777007,0.0693756194251734,0.0802775024777007,0.0802775024777007,0.0693756194251734,22,2.093161546085233,81,1185.011083313827,2688.986588123172,1.0,0.81
main,v040,pinned,reference,-,deployed,-1,B,Centralized PPO|ppo_multi_site_seed99_20260517T004954/ppo_multi_site.zip,Centralized PPO,99,P,"May 2026, pre-781c90c reward",9,-1046.0418496147722,81.01046255577924,965.0313870589928,0.0,0.0,207.5631309164488,207.5631309164488,0.0366699702675916,0.0366699702675916,0.0,0.0366699702675916,0.0,0,0.0,37,11.520105926055331,98.0408510239876,0.9693976459990926,0.81
main,v040,pinned,reference,-,deployed,-1,B,MAPPO|mappo_seed7_20260516T092249/mappo_best.pt,MAPPO,7,L,"May 2026, pre-781c90c reward",all,-5620.750926211397,4225.4963976135705,1337.630461597826,5.499067,52.125,1966.0827958199527,1964.7080290699528,0.0052527254707631,0.0037661050545094,0.0014866204162537,0.0052527254707631,0.0792864222001982,290,2.759167492566898,53,13.254100445791822,252.7234715107577,0.9412770198728464,0.81
main,v040,pinned,reference,-,deployed,-1,B,MAPPO|mappo_seed7_20260516T092249/mappo_best.pt,MAPPO,7,L,"May 2026, pre-781c90c reward",0,-815.5679589421644,804.5552209421644,0.0,1.137738,9.875,178.41468247897734,178.13024797897737,0.0,0.0,0.0,0.0,0.2081268582755203,60,5.708622398414271,0,0.0,0.0,0.0,0.81
main,v040,pinned,reference,-,deployed,-1,B,MAPPO|mappo_seed7_20260516T092249/mappo_best.pt,MAPPO,7,L,"May 2026, pre-781c90c reward",1,-546.7260861309119,464.9915168619747,71.11230346893717,0.8722658000000001,9.75,192.7508922665256,192.5328258165256,0.0029732408325074,0.0,0.0029732408325074,0.0029732408325074,0.1040634291377601,46,4.376610505450942,3,0.8937515486526131,1.010844530326601,0.8901367052104128,0.81
main,v040,pinned,reference,-,deployed,-1,B,MAPPO|mappo_seed7_20260516T092249/mappo_best.pt,MAPPO,7,L,"May 2026, pre-781c90c reward",2,-302.7036221351175,279.1773831693463,22.0374651657712,0.1137738,1.375,206.69290597903316,206.66446252903316,0.0009910802775024,0.0,0.0009910802775024,0.0009910802775024,0.0039643211100099,6,0.5708622398414271,1,0.8345821721923734,0.8345821721923734,0.8345821721923734,0.81
main,v040,pinned,reference,-,deployed,-1,B,MAPPO|mappo_seed7_20260516T092249/mappo_best.pt,MAPPO,7,L,"May 2026, pre-781c90c reward",3,-164.9083368012709,137.9083368012709,27.0,0.0,0.0,207.47355199900716,207.47355199900716,0.0009910802775024,0.0009910802775024,0.0,0.0009910802775024,0.0,0,0.0,1,11.348264840677446,11.348264840677446,1.0,0.81
main,v040,pinned,reference,-,deployed,-1,B,MAPPO|mappo_seed7_20260516T092249/mappo_best.pt,MAPPO,7,L,"May 2026, pre-781c90c reward",4,-639.4016529703271,544.4185540324528,88.22460693787434,0.758492,6.0,186.55098061103865,186.36135761103867,0.0039643211100099,0.0,0.0039643211100099,0.0039643211100099,0.1466798810703667,40,3.8057482656095143,4,0.8352050578156196,0.8358279434388656,0.8352050578156196,0.81
main,v040,pinned,reference,-,deployed,-1,B,MAPPO|mappo_seed7_20260516T092249/mappo_best.pt,MAPPO,7,L,"May 2026, pre-781c90c reward",5,-362.9769048460301,359.84765884603013,0.0,0.379246,2.75,200.52772934040453,200.4329178404045,0.0,0.0,0.0,0.0,0.0525272547076313,20,1.9028741328047571,0,0.0,0.0,0.0,0.81
main,v040,pinned,reference,-,deployed,-1,B,MAPPO|mappo_seed7_20260516T092249/mappo_best.pt,MAPPO,7,L,"May 2026, pre-781c90c reward",6,-736.6147936678176,631.6525847705041,93.11239549731356,1.0998134,10.75,189.6488710020056,189.3739176520056,0.0039643211100099,0.0,0.0039643211100099,0.0039643211100099,0.1318136769078295,58,5.518334985133796,4,63.8068045068337,252.7234715107577,0.8759366291442797,0.81
main,v040,pinned,reference,-,deployed,-1,B,MAPPO|mappo_seed7_20260516T092249/mappo_best.pt,MAPPO,7,L,"May 2026, pre-781c90c reward",7,-617.6538198139574,561.7713387107915,49.07483830316597,0.6826428,6.125,192.66328180576943,192.49262110576944,0.0019821605550049,0.0,0.0019821605550049,0.0019821605550049,0.1179385530227948,36,3.4251734390485638,2,0.9783411366509712,1.1208543298630769,0.9179139717194328,0.81
main,v040,pinned,reference,-,deployed,-1,B,MAPPO|mappo_seed7_20260516T092249/mappo_best.pt,MAPPO,7,L,"May 2026, pre-781c90c reward",8,-388.1559012890277,360.16334092325656,22.0374651657712,0.4550952,5.5,203.7967694207429,203.68299562074293,0.0009910802775024,0.0,0.0009910802775024,0.0009910802775024,0.0277502477700693,24,2.283448959365709,1,0.8345821721923734,0.8345821721923734,0.8345821721923734,0.81
main,v040,pinned,reference,-,deployed,-1,B,MAPPO|mappo_seed7_20260516T092249/mappo_best.pt,MAPPO,7,L,"May 2026, pre-781c90c reward",9,-1046.0418496147722,81.01046255577924,965.0313870589928,0.0,0.0,207.5631309164488,207.5631309164488,0.0366699702675916,0.0366699702675916,0.0,0.0366699702675916,0.0,0,0.0,37,11.520105926055331,98.0408510239876,0.9693976459990926,0.81
main,v040,pinned,reference,-,deployed,-1,B,Shared-PPO|wcnc2027_ablation/shared_ppo_seed77/mappo_best.pt,Shared-PPO,77,R,wcnc2027_ablation 2026-09-14 (supplementary ablation),all,-5706.6110940573335,4197.503815446844,1452.92981481049,5.8024638,50.375,1961.5995025980333,1960.1488866480336,0.0057482656095143,0.0037661050545094,0.0019821605550049,0.0057482656095143,0.0871159563924677,306,2.911397423191279,58,12.18847396087216,252.72347151075763,0.9350171349485576,0.81
main,v040,pinned,reference,-,deployed,-1,B,Shared-PPO|wcnc2027_ablation/shared_ppo_seed77/mappo_best.pt,Shared-PPO,77,R,wcnc2027_ablation 2026-09-14 (supplementary ablation),0,-829.4710315384548,794.7317568352887,22.074838303165983,1.2894364,11.375,176.9682169415471,176.64585784154707,0.0009910802775024,0.0,0.0009910802775024,0.0009910802775024,0.2289395441030723,68,6.469772051536175,1,0.835827943438866,0.835827943438866,0.835827943438866,0.81
main,v040,pinned,reference,-,deployed,-1,B,Shared-PPO|wcnc2027_ablation/shared_ppo_seed77/mappo_best.pt,Shared-PPO,77,R,wcnc2027_ablation 2026-09-14 (supplementary ablation),1,-536.2722678588145,456.8256231898773,71.11230346893716,0.8343412000000001,7.5,191.6363256734388,191.42774037343884,0.0029732408325074,0.0,0.0029732408325074,0.0029732408325074,0.1219028741328047,44,4.186323092170466,3,0.8937515486526134,1.0108445303266014,0.8901367052104129,0.81
main,v040,pinned,reference,-,deployed,-1,B,Shared-PPO|wcnc2027_ablation/shared_ppo_seed77/mappo_best.pt,Shared-PPO,77,R,wcnc2027_ablation 2026-09-14 (supplementary ablation),2,-351.58169116112947,278.0297646921923,71.11230346893714,0.189623,2.25,206.5584430419912,206.5110372919912,0.0029732408325074,0.0,0.0029732408325074,0.0029732408325074,0.0069375619425173,10,0.9514370664023788,3,0.9304214818314384,1.1208543298630769,0.8901367052104128,0.81
main,v040,pinned,reference,-,deployed,-1,B,Shared-PPO|wcnc2027_ablation/shared_ppo_seed77/mappo_best.pt,Shared-PPO,77,R,wcnc2027_ablation 2026-09-14 (supplementary ablation),3,-164.9083368012709,137.9083368012709,27.0,0.0,0.0,207.4735519990072,207.4735519990072,0.0009910802775024,0.0009910802775024,0.0,0.0009910802775024,0.0,0,0.0,1,11.348264840677444,11.348264840677444,1.0,0.81
main,v040,pinned,reference,-,deployed,-1,B,Shared-PPO|wcnc2027_ablation/shared_ppo_seed77/mappo_best.pt,Shared-PPO,77,R,wcnc2027_ablation 2026-09-14 (supplementary ablation),4,-638.0748344435949,545.2925847057206,88.22460693787434,0.6826428,3.875,186.5524069580407,186.3817462580407,0.0039643211100099,0.0,0.0039643211100099,0.0039643211100099,0.1496531219028741,36,3.4251734390485638,4,0.8352050578156196,0.8358279434388656,0.8352050578156196,0.81
main,v040,pinned,reference,-,deployed,-1,B,Shared-PPO|wcnc2027_ablation/shared_ppo_seed77/mappo_best.pt,Shared-PPO,77,R,wcnc2027_ablation 2026-09-14 (supplementary ablation),5,-382.8679292242576,356.3000711210916,22.07483830316597,0.4930198,4.0,200.00799259630415,199.88473764630416,0.0009910802775024,0.0,0.0009910802775024,0.0009910802775024,0.0614469772051536,26,2.4737363726461843,1,0.8358279434388656,0.8358279434388656,0.8358279434388656,0.81
main,v040,pinned,reference,-,deployed,-1,B,Shared-PPO|wcnc2027_ablation/shared_ppo_seed77/mappo_best.pt,Shared-PPO,77,R,wcnc2027_ablation 2026-09-14 (supplementary ablation),6,-735.3156523894842,629.1146696921705,93.11239549731364,1.2135872,11.875,189.15050915744564,188.84711235744564,0.0039643211100099,0.0,0.0039643211100099,0.0039643211100099,0.1407333994053518,64,6.089197224975224,4,63.806804506833686,252.72347151075763,0.8759366291442804,0.81
main,v040,pinned,reference,-,deployed,-1,B,Shared-PPO|wcnc2027_ablation/shared_ppo_seed77/mappo_best.pt,Shared-PPO,77,R,wcnc2027_ablation 2026-09-14 (supplementary ablation),7,-636.6963433320858,559.3640239257539,71.14967660633192,0.6826428,5.5,192.25679930160985,192.08613860160983,0.0029732408325074,0.0,0.0029732408325074,0.0029732408325074,0.1278493557978196,36,3.4251734390485638,3,0.9308367389136024,1.1208543298630769,0.8905519622925769,0.81
main,v040,pinned,reference,-,deployed,-1,B,Shared-PPO|wcnc2027_ablation/shared_ppo_seed77/mappo_best.pt,Shared-PPO,77,R,wcnc2027_ablation 2026-09-14 (supplementary ablation),8,-385.3811576934693,358.9265219276981,22.03746516577119,0.4171706,4.0,203.4321260122001,203.3278333622001,0.0009910802775024,0.0,0.0009910802775024,0.0009910802775024,0.0336967294350842,22,2.093161546085233,1,0.8345821721923731,0.8345821721923731,0.8345821721923731,0.81
main,v040,pinned,reference,-,deployed,-1,B,Shared-PPO|wcnc2027_ablation/shared_ppo_seed77/mappo_best.pt,Shared-PPO,77,R,wcnc2027_ablation 2026-09-14 (supplementary ablation),9,-1046.041849614772,81.01046255577924,965.0313870589928,0.0,0.0,207.5631309164488,207.5631309164488,0.0366699702675916,0.0366699702675916,0.0,0.0366699702675916,0.0,0,0.0,37,11.520105926055336,98.0408510239876,0.9693976459990926,0.81
main,v040,pinned,reference,-,deployed,-1,B,MAPPO|wcnc2027_ablation/mappo_seed99/mappo_best.pt,MAPPO,99,R,wcnc2027_ablation 2026-09-14,all,-5610.925547346105,4218.14810691405,1342.5929964320549,5.309444000000001,44.875,1964.7629967173532,1963.4356357173533,0.0052527254707631,0.0037661050545094,0.0014866204162537,0.0052527254707631,0.0815659068384539,280,2.66402378592666,53,13.259501807257308,252.72347151075763,0.9443981109635564,0.8
main,v040,pinned,reference,-,deployed,-1,B,MAPPO|wcnc2027_ablation/mappo_seed99/mappo_best.pt,MAPPO,99,R,wcnc2027_ablation 2026-09-14,0,-809.7035220566283,799.6037086566282,0.0,1.0998134,9.0,177.6966251442114,177.42167179421142,0.0,0.0,0.0,0.0,0.2180376610505451,58,5.518334985133796,0,0.0,0.0,0.0,0.8
main,v040,pinned,reference,-,deployed,-1,B,MAPPO|wcnc2027_ablation/mappo_seed99/mappo_best.pt,MAPPO,99,R,wcnc2027_ablation 2026-09-14,1,-517.3165427060401,460.6952878028742,49.07483830316596,0.7964166,6.75,192.19589065135352,191.99678650135357,0.0019821605550049,0.0,0.0019821605550049,0.0019821605550049,0.110009910802775,42,3.9960356788899913,2,0.9233362368827334,1.0108445303266014,0.9179139717194328,0.8
main,v040,pinned,reference,-,deployed,-1,B,MAPPO|wcnc2027_ablation/mappo_seed99/mappo_best.pt,MAPPO,99,R,wcnc2027_ablation 2026-09-14,2,-331.7728119294061,280.5836483636349,49.0374651657712,0.1516984,2.0,206.8062905356386,206.7683659356386,0.0019821605550049,0.0,0.0019821605550049,0.0019821605550049,0.0039643211100099,8,0.761149653121903,2,0.9777182510277252,1.1208543298630769,0.9172910860961868,0.8
main,v040,pinned,reference,-,deployed,-1,B,MAPPO|wcnc2027_ablation/mappo_seed99/mappo_best.pt,MAPPO,99,R,wcnc2027_ablation 2026-09-14,3,-164.9083368012709,137.9083368012709,27.0,0.0,0.0,207.4735519990072,207.4735519990072,0.0009910802775024,0.0009910802775024,0.0,0.0009910802775024,0.0,0,0.0,1,11.348264840677444,11.348264840677444,1.0,0.8
main,v040,pinned,reference,-,deployed,-1,B,MAPPO|wcnc2027_ablation/mappo_seed99/mappo_best.pt,MAPPO,99,R,wcnc2027_ablation 2026-09-14,4,-637.6669286210054,543.7217542831311,88.22460693787434,0.7205674,5.0,186.41922182820133,186.2390799782013,0.0039643211100099,0.0,0.0039643211100099,0.0039643211100099,0.1496531219028741,38,3.615460852329039,4,0.8352050578156196,0.8358279434388656,0.8352050578156196,0.8
main,v040,pinned,reference,-,deployed,-1,B,MAPPO|wcnc2027_ablation/mappo_seed99/mappo_best.pt,MAPPO,99,R,wcnc2027_ablation 2026-09-14,5,-364.051892610089,362.248495810089,0.0,0.3033968,1.5,200.74891176926377,200.67306256926375,0.0,0.0,0.0,0.0,0.0505450941526263,16,1.522299306243806,0,0.0,0.0,0.0,0.8
main,v040,pinned,reference,-,deployed,-1,B,MAPPO|wcnc2027_ablation/mappo_seed99/mappo_best.pt,MAPPO,99,R,wcnc2027_ablation 2026-09-14,6,-737.1650486549408,632.1649151576272,93.11239549731364,1.137738,10.75,189.6808200833763,189.3963855833763,0.0039643211100099,0.0,0.0039643211100099,0.0039643211100099,0.132804757185332,60,5.708622398414271,4,63.806804506833686,252.72347151075763,0.8759366291442804,0.8
main,v040,pinned,reference,-,deployed,-1,B,MAPPO|wcnc2027_ablation/mappo_seed99/mappo_best.pt,MAPPO,99,R,wcnc2027_ablation 2026-09-14,7,-615.9375670067985,560.9300859036325,49.07483830316596,0.6826428,5.25,192.54087079387256,192.37021009387257,0.0019821605550049,0.0,0.0019821605550049,0.0019821605550049,0.1209117938553022,36,3.4251734390485638,2,0.9783411366509712,1.1208543298630769,0.9179139717194328,0.8
main,v040,pinned,reference,-,deployed,-1,B,MAPPO|wcnc2027_ablation/mappo_seed99/mappo_best.pt,MAPPO,99,R,wcnc2027_ablation 2026-09-14,8,-386.3610473451543,359.28141157938296,22.03746516577119,0.4171706,4.625,203.6376829959799,203.5333903459799,0.0009910802775024,0.0,0.0009910802775024,0.0009910802775024,0.0297324083250743,22,2.093161546085233,1,0.8345821721923731,0.8345821721923731,0.8345821721923731,0.8
main,v040,pinned,reference,-,deployed,-1,B,MAPPO|wcnc2027_ablation/mappo_seed99/mappo_best.pt,MAPPO,99,R,wcnc2027_ablation 2026-09-14,9,-1046.041849614772,81.01046255577924,965.0313870589928,0.0,0.0,207.5631309164488,207.5631309164488,0.0366699702675916,0.0366699702675916,0.0,0.0366699702675916,0.0,0,0.0,37,11.520105926055336,98.0408510239876,0.9693976459990926,0.8
main,v040,pinned,reference,-,deployed,-1,B,Centralized PPO|wcnc2027_ablation/central_seed99/ppo_multi_site.zip,Centralized PPO,99,R,wcnc2027_ablation 2026-09-14,all,-15161.238590906589,5683.6066867839645,9446.475670322625,3.9062338,27.25,2132.128482565674,2131.151924115674,0.0402378592666006,0.0111000991080277,0.0364717542120911,0.0402378592666006,0.1179385530227948,205,1.950445986124876,406,115.23937492700531,2688.986588123172,0.8755727151332205,0.8
main,v040,pinned,reference,-,deployed,-1,B,Centralized PPO|wcnc2027_ablation/central_seed99/ppo_multi_site.zip,Centralized PPO,99,R,wcnc2027_ablation 2026-09-14,0,-3968.186345633204,836.2938246160934,3114.24629101711,1.89623,15.75,208.5077126447129,208.03365514471292,0.1417244796828543,0.0079286422200198,0.1417244796828543,0.1417244796828543,0.7789890981169475,99,9.419226957383549,143,20.099370706918567,1757.601078033768,0.8259315363676246,0.8
main,v040,pinned,reference,-,deployed,-1,B,Centralized PPO|wcnc2027_ablation/central_seed99/ppo_multi_site.zip,Centralized PPO,99,R,wcnc2027_ablation 2026-09-14,1,-868.6909379595984,868.6909379595984,0.0,0.0,0.0,206.98809577356093,206.98809577356093,0.0,0.0,0.0,0.0,0.0,0,0.0,0,0.0,0.0,0.0,0.8
main,v040,pinned,reference,-,deployed,-1,B,Centralized PPO|wcnc2027_ablation/central_seed99/ppo_multi_site.zip,Centralized PPO,99,R,wcnc2027_ablation 2026-09-14,2,-285.2892341327752,285.2892341327752,0.0,0.0,0.0,207.17130757865647,207.17130757865647,0.0,0.0,0.0,0.0,0.0,0,0.0,0,0.0,0.0,0.0,0.8
main,v040,pinned,reference,-,deployed,-1,B,Centralized PPO|wcnc2027_ablation/central_seed99/ppo_multi_site.zip,Centralized PPO,99,R,wcnc2027_ablation 2026-09-14,3,-164.9083368012709,137.9083368012709,27.0,0.0,0.0,207.4735519990072,207.4735519990072,0.0009910802775024,0.0009910802775024,0.0,0.0009910802775024,0.0,0,0.0,1,11.348264840677444,11.348264840677444,1.0,0.8
main,v040,pinned,reference,-,deployed,-1,B,Centralized PPO|wcnc2027_ablation/central_seed99/ppo_multi_site.zip,Centralized PPO,99,R,wcnc2027_ablation 2026-09-14,4,-1712.1559727624776,966.916628436308,743.2997213261697,0.1896229999999999,1.75,218.0085888147218,217.9611830647218,0.0287413280475718,0.0168483647175421,0.0287413280475718,0.0287413280475718,0.0237859266600594,10,0.9514370664023788,29,402.0677979326327,1757.601078033768,0.9543674957772064,0.8
main,v040,pinned,reference,-,deployed,-1,B,Centralized PPO|wcnc2027_ablation/central_seed99/ppo_multi_site.zip,Centralized PPO,99,R,wcnc2027_ablation 2026-09-14,5,-443.2354064658647,443.2354064658647,0.0,0.0,0.0,207.06756236764485,207.06756236764485,0.0,0.0,0.0,0.0,0.0,0,0.0,0,0.0,0.0,0.0,0.8
main,v040,pinned,reference,-,deployed,-1,B,Centralized PPO|wcnc2027_ablation/central_seed99/ppo_multi_site.zip,Centralized PPO,99,R,wcnc2027_ablation 2026-09-14,6,-956.035584728772,956.035584728772,0.0,0.0,0.0,206.86103641368877,206.86103641368877,0.0,0.0,0.0,0.0,0.0,0,0.0,0,0.0,0.0,0.0,0.8
main,v040,pinned,reference,-,deployed,-1,B,Centralized PPO|wcnc2027_ablation/central_seed99/ppo_multi_site.zip,Centralized PPO,99,R,wcnc2027_ablation 2026-09-14,7,-2586.630277121907,696.0835425613717,1879.893524360535,1.4032102000000002,9.25,219.84086564112908,219.49006309112903,0.0822596630327056,0.0069375619425173,0.0822596630327056,0.0822596630327056,0.1892963330029732,74,7.040634291377602,83,44.76338632114404,1757.601078033768,0.8549773190202953,0.8
main,v040,pinned,reference,-,deployed,-1,B,Centralized PPO|wcnc2027_ablation/central_seed99/ppo_multi_site.zip,Centralized PPO,99,R,wcnc2027_ablation 2026-09-14,8,-3130.064645685949,412.142728526131,2717.004746559817,0.4171706,0.5,242.6466304161035,242.5423377661035,0.1119920713577799,0.041625371655104,0.1119920713577799,0.1119920713577799,0.1873141724479682,22,2.093161546085233,113,248.6730692076883,2688.986588123172,0.901476326418825,0.8
main,v040,pinned,reference,-,deployed,-1,B,Centralized PPO|wcnc2027_ablation/central_seed99/ppo_multi_site.zip,Centralized PPO,99,R,wcnc2027_ablation 2026-09-14,9,-1046.041849614772,81.01046255577924,965.0313870589928,0.0,0.0,207.5631309164488,207.5631309164488,0.0366699702675916,0.0366699702675916,0.0,0.0366699702675916,0.0,0,0.0,37,11.520105926055336,98.0408510239876,0.9693976459990926,0.8
main,v040,pinned,reference,-,deployed,-1,B,Shared-PPO|wcnc2027_ablation/shared_ppo_seed99/mappo_best.pt,Shared-PPO,99,R,wcnc2027_ablation 2026-09-14 (supplementary ablation),all,-5708.18181706094,4174.075618262634,1452.8176953983057,6.7885034,74.5,1959.693017546338,1957.9958916963385,0.0057482656095143,0.0037661050545094,0.0019821605550049,0.0057482656095143,0.0875123885034687,358,3.4061446977205154,58,12.188409524428376,252.72347151075763,0.9349526985047736,0.8
main,v040,pinned,reference,-,deployed,-1,B,Shared-PPO|wcnc2027_ablation/shared_ppo_seed99/mappo_best.pt,Shared-PPO,99,R,wcnc2027_ablation 2026-09-14 (supplementary ablation),0,-807.8148261358435,787.4719929358436,0.0,1.5928332,18.75,176.44676807784683,176.04855977784683,0.0,0.0,0.0,0.0,0.2309217046580773,84,7.992071357779981,0,0.0,0.0,0.0,0.8
main,v040,pinned,reference,-,deployed,-1,B,Shared-PPO|wcnc2027_ablation/shared_ppo_seed99/mappo_best.pt,Shared-PPO,99,R,wcnc2027_ablation 2026-09-14 (supplementary ablation),1,-537.3395104962733,454.7790920273361,71.11230346893716,0.948115,10.5,191.456937130314,191.21990838031397,0.0029732408325074,0.0,0.0029732408325074,0.0029732408325074,0.1199207135777998,50,4.757185332011893,3,0.8937515486526134,1.0108445303266014,0.8901367052104129,0.8
main,v040,pinned,reference,-,deployed,-1,B,Shared-PPO|wcnc2027_ablation/shared_ppo_seed99/mappo_best.pt,Shared-PPO,99,R,wcnc2027_ablation 2026-09-14 (supplementary ablation),2,-329.7049463938831,277.689933628112,49.0374651657712,0.2275476,2.75,206.50697355748608,206.45008665748605,0.0019821605550049,0.0,0.0019821605550049,0.0019821605550049,0.0079286422200198,12,1.1417244796828545,2,0.9777182510277252,1.1208543298630769,0.9172910860961868,0.8
main,v040,pinned,reference,-,deployed,-1,B,Shared-PPO|wcnc2027_ablation/shared_ppo_seed99/mappo_best.pt,Shared-PPO,99,R,wcnc2027_ablation 2026-09-14 (supplementary ablation),3,-164.9083368012709,137.9083368012709,27.0,0.0,0.0,207.4735519990072,207.4735519990072,0.0009910802775024,0.0009910802775024,0.0,0.0009910802775024,0.0,0,0.0,1,11.348264840677444,11.348264840677444,1.0,0.8
main,v040,pinned,reference,-,deployed,-1,B,Shared-PPO|wcnc2027_ablation/shared_ppo_seed99/mappo_best.pt,Shared-PPO,99,R,wcnc2027_ablation 2026-09-14 (supplementary ablation),4,-638.9649026407602,543.1938791028858,88.22460693787434,0.7964166,6.75,186.41115178779884,186.2120476377989,0.0039643211100099,0.0,0.0039643211100099,0.0039643211100099,0.1486620416253716,42,3.9960356788899913,4,0.8352050578156196,0.8358279434388656,0.8352050578156196,0.8
main,v040,pinned,reference,-,deployed,-1,B,Shared-PPO|wcnc2027_ablation/shared_ppo_seed99/mappo_best.pt,Shared-PPO,99,R,wcnc2027_ablation 2026-09-14 (supplementary ablation),5,-404.9349628611508,354.75379039221366,44.11230346893717,0.5688690000000001,5.5,199.86872749450663,199.72651024450664,0.0019821605550049,0.0,0.0019821605550049,0.0019821605550049,0.062438057482656,30,2.854311199207136,2,0.8352050578156195,0.8358279434388656,0.8352050578156195,0.8
main,v040,pinned,reference,-,deployed,-1,B,Shared-PPO|wcnc2027_ablation/shared_ppo_seed99/mappo_best.pt,Shared-PPO,99,R,wcnc2027_ablation 2026-09-14 (supplementary ablation),6,-735.0028207468333,625.1880642495197,93.11239549731364,1.327361,15.375,188.8399591037081,188.50811885370808,0.0039643211100099,0.0,0.0039643211100099,0.0039643211100099,0.1407333994053518,70,6.6600594648166505,4,63.806804506833686,252.72347151075763,0.8759366291442804,0.8
main,v040,pinned,reference,-,deployed,-1,B,Shared-PPO|wcnc2027_ablation/shared_ppo_seed99/mappo_best.pt,Shared-PPO,99,R,wcnc2027_ablation 2026-09-14 (supplementary ablation),7,-635.9743548741494,556.1906348052121,71.11230346893717,0.7964166,7.875,191.8954280946824,191.6963239446824,0.0029732408325074,0.0,0.0029732408325074,0.0029732408325074,0.130822596630327,42,3.9960356788899913,3,0.9304214818314386,1.1208543298630769,0.8901367052104129,0.8
main,v040,pinned,reference,-,deployed,-1,B,Shared-PPO|wcnc2027_ablation/shared_ppo_seed99/mappo_best.pt,Shared-PPO,99,R,wcnc2027_ablation 2026-09-14 (supplementary ablation),8,-407.4953064960037,355.8894317644613,44.07493033154238,0.5309444,7.0,203.2303893845394,203.09765328453935,0.0019821605550049,0.0,0.0019821605550049,0.0019821605550049,0.0336967294350842,28,2.66402378592666,2,0.8345821721923731,0.8345821721923731,0.8345821721923731,0.8
main,v040,pinned,reference,-,deployed,-1,B,Shared-PPO|wcnc2027_ablation/shared_ppo_seed99/mappo_best.pt,Shared-PPO,99,R,wcnc2027_ablation 2026-09-14 (supplementary ablation),9,-1046.041849614772,81.01046255577924,965.0313870589928,0.0,0.0,207.5631309164488,207.5631309164488,0.0366699702675916,0.0366699702675916,0.0,0.0366699702675916,0.0,0,0.0,37,11.520105926055336,98.0408510239876,0.9693976459990926,0.8
main,v040,pinned,reference,-,deployed,-1,B,MAPPO|mappo_seed1_20260517T110908/mappo_best.pt,MAPPO,1,P,"May 2026, pre-781c90c reward",all,-5608.271964274167,4301.655426648444,1244.443319825723,5.4232178,56.75,1975.5534235472824,1974.1976190972823,0.0048562933597621,0.0037661050545094,0.0010901883052527,0.0048562933597621,0.0684836471754212,286,2.721110009910803,49,14.26204553547007,252.72347151075763,0.9465600815140972,0.8
main,v040,pinned,reference,-,deployed,-1,B,MAPPO|mappo_seed1_20260517T110908/mappo_best.pt,MAPPO,1,P,"May 2026, pre-781c90c reward",0,-832.4844795507363,820.5096661507364,0.0,1.0998134000000002,10.875,180.4260543802748,180.15110103027476,0.0,0.0,0.0,0.0,0.1853320118929633,58,5.518334985133796,0,0.0,0.0,0.0,0.8
main,v040,pinned,reference,-,deployed,-1,B,MAPPO|mappo_seed1_20260517T110908/mappo_best.pt,MAPPO,1,P,"May 2026, pre-781c90c reward",1,-530.6858531358755,473.7275228327096,49.07483830316596,0.758492,7.125,193.72054196637103,193.53091896637105,0.0019821605550049,0.0,0.0019821605550049,0.0019821605550049,0.0931615460852329,40,3.8057482656095143,2,0.9233362368827334,1.0108445303266014,0.9179139717194328,0.8
main,v040,pinned,reference,-,deployed,-1,B,MAPPO|mappo_seed1_20260517T110908/mappo_best.pt,MAPPO,1,P,"May 2026, pre-781c90c reward",2,-304.01064790826115,280.35940894248995,22.0374651657712,0.1137738,1.5,206.8163150260454,206.7878715760454,0.0009910802775024,0.0,0.0009910802775024,0.0009910802775024,0.0029732408325074,6,0.5708622398414271,1,0.8345821721923734,0.8345821721923734,0.8345821721923734,0.8
main,v040,pinned,reference,-,deployed,-1,B,MAPPO|mappo_seed1_20260517T110908/mappo_best.pt,MAPPO,1,P,"May 2026, pre-781c90c reward",3,-164.9083368012709,137.9083368012709,27.0,0.0,0.0,207.4735519990072,207.4735519990072,0.0009910802775024,0.0009910802775024,0.0,0.0009910802775024,0.0,0,0.0,1,11.348264840677444,11.348264840677444,1.0,0.8
main,v040,pinned,reference,-,deployed,-1,B,MAPPO|mappo_seed1_20260517T110908/mappo_best.pt,MAPPO,1,P,"May 2026, pre-781c90c reward",4,-637.6157705943101,560.7187361596018,66.14976863470838,0.8722658000000001,9.875,188.5622942092913,188.34422775929133,0.0029732408325074,0.0,0.0029732408325074,0.0029732408325074,0.1258671952428146,46,4.376610505450942,3,0.8349974292745376,0.8358279434388656,0.8349974292745376,0.8
main,v040,pinned,reference,-,deployed,-1,B,MAPPO|mappo_seed1_20260517T110908/mappo_best.pt,MAPPO,1,P,"May 2026, pre-781c90c reward",5,-366.6364973692095,363.7951759692095,0.0,0.3413214,2.5,201.05702671527317,200.97169636527315,0.0,0.0,0.0,0.0,0.0465807730426164,18,1.7125867195242817,0,0.0,0.0,0.0,0.8
main,v040,pinned,reference,-,deployed,-1,B,MAPPO|mappo_seed1_20260517T110908/mappo_best.pt,MAPPO,1,P,"May 2026, pre-781c90c reward",6,-727.0820515186451,641.0814585871028,71.07493033154242,1.1756626,13.75,191.0795451542172,190.7856295042172,0.0029732408325074,0.0,0.0029732408325074,0.0029732408325074,0.1129831516352824,62,5.898909811694748,3,84.79754528504746,252.72347151075763,0.8897214481282493,0.8
main,v040,pinned,reference,-,deployed,-1,B,MAPPO|mappo_seed1_20260517T110908/mappo_best.pt,MAPPO,1,P,"May 2026, pre-781c90c reward",7,-602.55744530367,574.7502619378988,22.0374651657712,0.6447182,5.125,194.27400040490272,194.1128208549027,0.0009910802775024,0.0,0.0009910802775024,0.0009910802775024,0.0991080277502477,34,3.234886025768088,1,0.8345821721923734,0.8345821721923734,0.8345821721923734,0.8
main,v040,pinned,reference,-,deployed,-1,B,MAPPO|mappo_seed1_20260517T110908/mappo_best.pt,MAPPO,1,P,"May 2026, pre-781c90c reward",8,-396.24903247741577,367.7943967116445,22.03746516577119,0.4171706,6.0,204.58096277545087,204.47667012545088,0.0009910802775024,0.0,0.0009910802775024,0.0009910802775024,0.018830525272547,22,2.093161546085233,1,0.8345821721923731,0.8345821721923731,0.8345821721923731,0.8
main,v040,pinned,reference,-,deployed,-1,B,MAPPO|mappo_seed1_20260517T110908/mappo_best.pt,MAPPO,1,P,"May 2026, pre-781c90c reward",9,-1046.041849614772,81.01046255577924,965.0313870589928,0.0,0.0,207.5631309164488,207.5631309164488,0.0366699702675916,0.0366699702675916,0.0,0.0366699702675916,0.0,0,0.0,37,11.520105926055336,98.0408510239876,0.9693976459990926,0.8
main,v040,pinned,reference,-,deployed,-1,B,MAPPO|mappo_seed7_20260517T003433/mappo_best.pt,MAPPO,7,P,"May 2026, pre-781c90c reward",all,-5692.5121071958365,4231.395734563303,1403.7802302325344,5.4611424,51.875,1965.723667387086,1964.3583817870856,0.0055500495540138,0.0037661050545094,0.0017839444995044,0.0055500495540138,0.0812685827552031,288,2.74013875123885,56,12.588791355621254,252.72347151075763,0.9355834703765088,0.8
main,v040,pinned,reference,-,deployed,-1,B,MAPPO|mappo_seed7_20260517T003433/mappo_best.pt,MAPPO,7,P,"May 2026, pre-781c90c reward",0,-812.5223387364036,802.1725253364036,0.0,1.0998134000000002,9.25,177.9142437701775,177.63929042017753,0.0,0.0,0.0,0.0,0.2170465807730426,58,5.518334985133796,0,0.0,0.0,0.0,0.8
main,v040,pinned,reference,-,deployed,-1,B,MAPPO|mappo_seed7_20260517T003433/mappo_best.pt,MAPPO,7,P,"May 2026, pre-781c90c reward",1,-538.8012311189336,460.8433602499964,71.11230346893716,0.7205674,6.125,192.11383121126812,191.9336893612681,0.0029732408325074,0.0,0.0029732408325074,0.0029732408325074,0.1149653121902874,38,3.615460852329039,3,0.8937515486526134,1.0108445303266014,0.8901367052104129,0.8
main,v040,pinned,reference,-,deployed,-1,B,MAPPO|mappo_seed7_20260517T003433/mappo_best.pt,MAPPO,7,P,"May 2026, pre-781c90c reward",2,-304.853955372805,281.2027164070338,22.0374651657712,0.1137738,1.5,206.85889239164055,206.83044894164055,0.0009910802775024,0.0,0.0009910802775024,0.0009910802775024,0.0029732408325074,6,0.5708622398414271,1,0.8345821721923734,0.8345821721923734,0.8345821721923734,0.8
main,v040,pinned,reference,-,deployed,-1,B,MAPPO|mappo_seed7_20260517T003433/mappo_best.pt,MAPPO,7,P,"May 2026, pre-781c90c reward",3,-164.9083368012709,137.9083368012709,27.0,0.0,0.0,207.4735519990072,207.4735519990072,0.0009910802775024,0.0009910802775024,0.0,0.0009910802775024,0.0,0,0.0,1,11.348264840677444,11.348264840677444,1.0,0.8
main,v040,pinned,reference,-,deployed,-1,B,MAPPO|mappo_seed7_20260517T003433/mappo_best.pt,MAPPO,7,P,"May 2026, pre-781c90c reward",4,-665.7206593766108,546.4997975355705,110.2994452410403,0.7964166,8.125,186.6535835174897,186.4544793674897,0.0049554013875123,0.0,0.0049554013875123,0.0049554013875123,0.1466798810703667,42,3.9960356788899913,5,0.8353296349402688,0.8358279434388656,0.8353296349402688,0.8
main,v040,pinned,reference,-,deployed,-1,B,MAPPO|mappo_seed7_20260517T003433/mappo_best.pt,MAPPO,7,P,"May 2026, pre-781c90c reward",5,-384.58668995518735,359.5449787894161,22.0374651657712,0.379246,2.625,200.42007978802337,200.32526828802335,0.0009910802775024,0.0,0.0009910802775024,0.0009910802775024,0.0555004955401387,20,1.9028741328047571,1,0.8345821721923734,0.8345821721923734,0.8345821721923734,0.8
main,v040,pinned,reference,-,deployed,-1,B,MAPPO|mappo_seed7_20260517T003433/mappo_best.pt,MAPPO,7,P,"May 2026, pre-781c90c reward",6,-741.6493235083519,635.7741900110384,93.11239549731364,1.137738,11.625,190.07524461776055,189.79081011776051,0.0039643211100099,0.0,0.0039643211100099,0.0039643211100099,0.1288404360753221,60,5.708622398414271,4,63.806804506833686,252.72347151075763,0.8759366291442804,0.8
main,v040,pinned,reference,-,deployed,-1,B,MAPPO|mappo_seed7_20260517T003433/mappo_best.pt,MAPPO,7,P,"May 2026, pre-781c90c reward",7,-624.3074405481062,567.8870348449402,49.07483830316596,0.7205674,6.625,193.1098292801305,192.92968743013049,0.0019821605550049,0.0,0.0019821605550049,0.0019821605550049,0.1159563924677899,38,3.615460852329039,2,0.9783411366509712,1.1208543298630769,0.9179139717194328,0.8
main,v040,pinned,reference,-,deployed,-1,B,MAPPO|mappo_seed7_20260517T003433/mappo_best.pt,MAPPO,7,P,"May 2026, pre-781c90c reward",8,-409.12028216339513,358.5523320318528,44.07493033154238,0.4930198,6.0,203.54127989513952,203.4180249451395,0.0019821605550049,0.0,0.0019821605550049,0.0019821605550049,0.0307234886025768,26,2.4737363726461843,2,0.8345821721923731,0.8345821721923731,0.8345821721923731,0.8
main,v040,pinned,reference,-,deployed,-1,B,MAPPO|mappo_seed7_20260517T003433/mappo_best.pt,MAPPO,7,P,"May 2026, pre-781c90c reward",9,-1046.041849614772,81.01046255577924,965.0313870589928,0.0,0.0,207.5631309164488,207.5631309164488,0.0366699702675916,0.0366699702675916,0.0,0.0366699702675916,0.0,0,0.0,37,11.520105926055336,98.0408510239876,0.9693976459990926,0.8
main,v040,pinned,reference,-,deployed,-1,B,MAPPO|mappo_seed13_20260517T003433/mappo_best.pt,MAPPO,13,P,"May 2026, pre-781c90c reward",all,-5848.028385298792,4092.084614246782,1678.4164938520098,6.9022772,70.625,1949.1166480460545,1947.3910787460543,0.0067393458870168,0.0037661050545094,0.0029732408325074,0.0067393458870168,0.1016848364717542,364,3.463230921704658,68,14.19410776090606,252.72347151075763,0.9227531832607891,0.81
main,v040,pinned,reference,-,deployed,-1,B,MAPPO|mappo_seed13_20260517T003433/mappo_best.pt,MAPPO,13,P,"May 2026, pre-781c90c reward",0,-825.2052485561319,763.7009610871947,44.11230346893719,1.516984,15.875,173.1901087988602,172.81086279886017,0.0019821605550049,0.0,0.0019821605550049,0.0019821605550049,0.2735381565906838,80,7.611496531219029,2,0.8352050578156197,0.835827943438866,0.8352050578156197,0.81
main,v040,pinned,reference,-,deployed,-1,B,MAPPO|mappo_seed13_20260517T003433/mappo_best.pt,MAPPO,13,P,"May 2026, pre-781c90c reward",1,-523.2898201540031,444.6311000850659,71.11230346893716,0.7964166,6.75,189.99457987241192,189.7954757224119,0.0029732408325074,0.0,0.0029732408325074,0.0029732408325074,0.1397423191278493,42,3.9960356788899913,3,0.8937515486526134,1.0108445303266014,0.8901367052104129,0.81
main,v040,pinned,reference,-,deployed,-1,B,MAPPO|mappo_seed13_20260517T003433/mappo_best.pt,MAPPO,13,P,"May 2026, pre-781c90c reward",2,-373.65276324939634,277.0751492772933,93.1871417721031,0.2654722,3.125,206.4316597359588,206.3652916859588,0.0039643211100099,0.0,0.0039643211100099,0.0039643211100099,0.0099108027750247,14,1.33201189296333,4,0.906773097233295,1.1208543298630769,0.8765595147675258,0.81
main,v040,pinned,reference,-,deployed,-1,B,MAPPO|mappo_seed13_20260517T003433/mappo_best.pt,MAPPO,13,P,"May 2026, pre-781c90c reward",3,-164.9083368012709,137.9083368012709,27.0,0.0,0.0,207.4735519990072,207.4735519990072,0.0009910802775024,0.0009910802775024,0.0,0.0009910802775024,0.0,0,0.0,1,11.348264840677444,11.348264840677444,1.0,0.81
main,v040,pinned,reference,-,deployed,-1,B,MAPPO|mappo_seed13_20260517T003433/mappo_best.pt,MAPPO,13,P,"May 2026, pre-781c90c reward",4,-650.4735881261785,535.1165000851381,110.2994452410403,0.6826428,4.375,185.27317088834783,185.10251018834788,0.0049554013875123,0.0,0.0049554013875123,0.0049554013875123,0.1645193260654113,36,3.4251734390485638,5,0.8353296349402688,0.8358279434388656,0.8353296349402688,0.81
main,v040,pinned,reference,-,deployed,-1,B,MAPPO|mappo_seed13_20260517T003433/mappo_best.pt,MAPPO,13,P,"May 2026, pre-781c90c reward",5,-420.11154809998857,347.4799858652802,66.14976863470838,0.6067936,5.875,198.96776445600395,198.816066056004,0.0029732408325074,0.0,0.0029732408325074,0.0029732408325074,0.0763131813676907,32,3.044598612487612,3,0.8349974292745376,0.8358279434388656,0.8349974292745376,0.81
main,v040,pinned,reference,-,deployed,-1,B,MAPPO|mappo_seed13_20260517T003433/mappo_best.pt,MAPPO,13,P,"May 2026, pre-781c90c reward",6,-747.8860699445457,609.4196150472321,120.11239549731364,1.4790594,16.875,187.135860496126,186.766095646126,0.0049554013875123,0.0,0.0049554013875123,0.0049554013875123,0.1635282457879088,78,7.421209117938553,5,101.19576668072888,252.72347151075763,0.9007493033154242,0.81
main,v040,pinned,reference,-,deployed,-1,B,MAPPO|mappo_seed13_20260517T003433/mappo_best.pt,MAPPO,13,P,"May 2026, pre-781c90c reward",7,-673.4752894754083,545.6022698001393,115.26198007526908,0.9860396,11.625,190.65561737321536,190.40910747321536,0.0049554013875123,0.0,0.0049554013875123,0.0049554013875123,0.1437066402378592,52,4.947472745292369,5,0.8925840664744091,1.1208543298630769,0.8684132005017938,0.81
main,v040,pinned,reference,-,deployed,-1,B,MAPPO|mappo_seed13_20260517T003433/mappo_best.pt,MAPPO,13,P,"May 2026, pre-781c90c reward",8,-422.9838712770967,350.14023364238835,66.14976863470835,0.5688690000000001,6.125,202.43120350967436,202.28898625967437,0.0029732408325074,0.0,0.0029732408325074,0.0029732408325074,0.0455896927651139,30,2.854311199207136,3,0.8349974292745372,0.8358279434388656,0.8349974292745372,0.81
main,v040,pinned,reference,-,deployed,-1,B,MAPPO|mappo_seed13_20260517T003433/mappo_best.pt,MAPPO,13,P,"May 2026, pre-781c90c reward",9,-1046.041849614772,81.01046255577924,965.0313870589928,0.0,0.0,207.5631309164488,207.5631309164488,0.0366699702675916,0.0366699702675916,0.0,0.0366699702675916,0.0,0,0.0,37,11.520105926055336,98.0408510239876,0.9693976459990926,0.81
main,v040,pinned,reference,-,deployed,-1,B,MAPPO|mappo_seed23_20260517T110908/mappo_best.pt,MAPPO,23,P,"May 2026, pre-781c90c reward",all,-5636.95577212677,4161.108869763173,1386.6679267635973,7.0539756,82.125,1958.7820768699787,1957.0185829699788,0.0054509415262636,0.0037661050545094,0.0016848364717542,0.0054509415262636,0.086818632309217,372,3.539345887016849,55,12.8076865478004,252.72347151075763,0.9404048040991496,0.81
main,v040,pinned,reference,-,deployed,-1,B,MAPPO|mappo_seed23_20260517T110908/mappo_best.pt,MAPPO,23,P,"May 2026, pre-781c90c reward",0,-800.0016036220666,778.4199966220666,0.0,1.706607,19.875,175.29483131550495,174.86817956550493,0.0,0.0,0.0,0.0,0.242814667988107,90,8.562933597621408,0,0.0,0.0,0.0,0.81
main,v040,pinned,reference,-,deployed,-1,B,MAPPO|mappo_seed23_20260517T110908/mappo_best.pt,MAPPO,23,P,"May 2026, pre-781c90c reward",1,-538.6130774806027,455.30265901166536,71.11230346893716,0.948115,11.25,191.6114128921071,191.3743841421071,0.0029732408325074,0.0,0.0029732408325074,0.0029732408325074,0.1149653121902874,50,4.757185332011893,3,0.8937515486526134,1.0108445303266014,0.8901367052104129,0.81
main,v040,pinned,reference,-,deployed,-1,B,MAPPO|mappo_seed23_20260517T110908/mappo_best.pt,MAPPO,23,P,"May 2026, pre-781c90c reward",2,-329.7261686620599,278.1240804962887,49.0374651657712,0.189623,2.375,206.57606975561177,206.52866400561177,0.0019821605550049,0.0,0.0019821605550049,0.0019821605550049,0.0059464816650148,10,0.9514370664023788,2,0.9777182510277252,1.1208543298630769,0.9172910860961868,0.81
main,v040,pinned,reference,-,deployed,-1,B,MAPPO|mappo_seed23_20260517T110908/mappo_best.pt,MAPPO,23,P,"May 2026, pre-781c90c reward",3,-164.9083368012709,137.9083368012709,27.0,0.0,0.0,207.4735519990072,207.4735519990072,0.0009910802775024,0.0009910802775024,0.0,0.0009910802775024,0.0,0,0.0,1,11.348264840677444,11.348264840677444,1.0,0.81
main,v040,pinned,reference,-,deployed,-1,B,MAPPO|mappo_seed23_20260517T110908/mappo_best.pt,MAPPO,23,P,"May 2026, pre-781c90c reward",4,-638.7965208065112,540.699648068637,88.22460693787434,0.8722658,9.0,186.1448797063,185.9268132563,0.0039643211100099,0.0,0.0039643211100099,0.0039643211100099,0.1506442021803766,46,4.376610505450942,4,0.8352050578156196,0.8358279434388656,0.8352050578156196,0.81
main,v040,pinned,reference,-,deployed,-1,B,MAPPO|mappo_seed23_20260517T110908/mappo_best.pt,MAPPO,23,P,"May 2026, pre-781c90c reward",5,-384.30606035183655,356.6505753860654,22.0374651657712,0.4930198,5.125,200.1662922226934,200.04303727269345,0.0009910802775024,0.0,0.0009910802775024,0.0009910802775024,0.0564915758176412,26,2.4737363726461843,1,0.8345821721923734,0.8345821721923734,0.8345821721923734,0.81
main,v040,pinned,reference,-,deployed,-1,B,MAPPO|mappo_seed23_20260517T110908/mappo_best.pt,MAPPO,23,P,"May 2026, pre-781c90c reward",6,-733.1148367933306,620.811306496017,93.11239549731364,1.4411348,17.75,188.65389314791577,188.2936094479157,0.0039643211100099,0.0,0.0039643211100099,0.0039643211100099,0.1407333994053518,76,7.230921704658078,4,63.806804506833686,252.72347151075763,0.8759366291442804,0.81
main,v040,pinned,reference,-,deployed,-1,B,MAPPO|mappo_seed23_20260517T110908/mappo_best.pt,MAPPO,23,P,"May 2026, pre-781c90c reward",7,-614.6739769446629,555.889797441497,49.07483830316596,0.8343412000000001,8.875,191.9913624748364,191.78277717483635,0.0019821605550049,0.0,0.0019821605550049,0.0019821605550049,0.1238850346878097,44,4.186323092170466,2,0.9783411366509712,1.1208543298630769,0.9179139717194328,0.81
main,v040,pinned,reference,-,deployed,-1,B,MAPPO|mappo_seed23_20260517T110908/mappo_best.pt,MAPPO,23,P,"May 2026, pre-781c90c reward",8,-386.7733410496568,356.2920068838856,22.03746516577119,0.5688690000000001,7.875,203.30665243955343,203.16443518955344,0.0009910802775024,0.0,0.0009910802775024,0.0009910802775024,0.0327056491575817,30,2.854311199207136,1,0.8345821721923731,0.8345821721923731,0.8345821721923731,0.81
main,v040,pinned,reference,-,deployed,-1,B,MAPPO|mappo_seed23_20260517T110908/mappo_best.pt,MAPPO,23,P,"May 2026, pre-781c90c reward",9,-1046.041849614772,81.01046255577924,965.0313870589928,0.0,0.0,207.5631309164488,207.5631309164488,0.0366699702675916,0.0366699702675916,0.0,0.0366699702675916,0.0,0,0.0,37,11.520105926055336,98.0408510239876,0.9693976459990926,0.81
main,v040,pinned,reference,-,deployed,-1,B,MAPPO|mappo_seed64_20260517T110908/mappo_best.pt,MAPPO,64,P,"May 2026, pre-781c90c reward",all,-5535.706798091951,4270.621756328833,1217.4806929631177,4.8543488,42.75,1970.895565607229,1969.681978407229,0.0047571853320118,0.0037661050545094,0.0009910802775024,0.0047571853320118,0.0739345887016848,256,2.4356788899900894,48,9.294125114552548,98.0408510239876,0.9454727034466096,0.81
main,v040,pinned,reference,-,deployed,-1,B,MAPPO|mappo_seed64_20260517T110908/mappo_best.pt,MAPPO,64,P,"May 2026, pre-781c90c reward",0,-824.9961979504176,817.5860075504177,0.0,0.9101904,6.5,179.8280322140234,179.60048461402343,0.0,0.0,0.0,0.0,0.1942517343904856,48,4.566897918731417,0,0.0,0.0,0.0,0.81
main,v040,pinned,reference,-,deployed,-1,B,MAPPO|mappo_seed64_20260517T110908/mappo_best.pt,MAPPO,64,P,"May 2026, pre-781c90c reward",1,-526.1143586194378,469.1560283162718,49.07483830316596,0.7584919999999999,7.125,193.1679544306336,192.9783314306336,0.0019821605550049,0.0,0.0019821605550049,0.0019821605550049,0.0991080277502477,40,3.8057482656095143,2,0.9233362368827334,1.0108445303266014,0.9179139717194328,0.81
main,v040,pinned,reference,-,deployed,-1,B,MAPPO|mappo_seed64_20260517T110908/mappo_best.pt,MAPPO,64,P,"May 2026, pre-781c90c reward",2,-304.75026540246387,281.63695103669266,22.0374651657712,0.0758492,1.0,206.92312675906,206.90416445906,0.0009910802775024,0.0,0.0009910802775024,0.0009910802775024,0.0019821605550049,4,0.3805748265609515,1,0.8345821721923734,0.8345821721923734,0.8345821721923734,0.81
main,v040,pinned,reference,-,deployed,-1,B,MAPPO|mappo_seed64_20260517T110908/mappo_best.pt,MAPPO,64,P,"May 2026, pre-781c90c reward",3,-164.9083368012709,137.9083368012709,27.0,0.0,0.0,207.4735519990072,207.4735519990072,0.0009910802775024,0.0009910802775024,0.0,0.0009910802775024,0.0,0,0.0,1,11.348264840677444,11.348264840677444,1.0,0.81
main,v040,pinned,reference,-,deployed,-1,B,MAPPO|mappo_seed64_20260517T110908/mappo_best.pt,MAPPO,64,P,"May 2026, pre-781c90c reward",4,-620.1777550664465,546.8944944317382,66.14976863470838,0.758492,6.375,186.85768860491336,186.66806560491332,0.0029732408325074,0.0,0.0029732408325074,0.0029732408325074,0.1427155599603567,40,3.8057482656095143,3,0.8349974292745376,0.8358279434388656,0.8349974292745376,0.81
main,v040,pinned,reference,-,deployed,-1,B,MAPPO|mappo_seed64_20260517T110908/mappo_best.pt,MAPPO,64,P,"May 2026, pre-781c90c reward",5,-365.6282741239174,363.6998773239174,0.0,0.3033968,1.625,200.94508684707228,200.86923764707228,0.0,0.0,0.0,0.0,0.0485629335976214,16,1.522299306243806,0,0.0,0.0,0.0,0.81
main,v040,pinned,reference,-,deployed,-1,B,MAPPO|mappo_seed64_20260517T110908/mappo_best.pt,MAPPO,64,P,"May 2026, pre-781c90c reward",6,-693.6610953985594,637.937200867017,44.074930331542426,1.0239642,10.625,190.40740752509507,190.1514164750951,0.0019821605550049,0.0,0.0019821605550049,0.0019821605550049,0.1219028741328047,54,5.137760158572845,2,0.8345821721923737,0.8345821721923737,0.8345821721923737,0.81
main,v040,pinned,reference,-,deployed,-1,B,MAPPO|mappo_seed64_20260517T110908/mappo_best.pt,MAPPO,64,P,"May 2026, pre-781c90c reward",7,-593.6114540210006,566.0168975178346,22.07483830316596,0.6447182,4.875,193.1931101579116,193.0319306079116,0.0009910802775024,0.0,0.0009910802775024,0.0009910802775024,0.1110009910802775,34,3.234886025768088,1,0.8358279434388652,0.8358279434388652,0.8358279434388652,0.81
main,v040,pinned,reference,-,deployed,-1,B,MAPPO|mappo_seed64_20260517T110908/mappo_best.pt,MAPPO,64,P,"May 2026, pre-781c90c reward",8,-395.81721109366464,368.7754999278934,22.03746516577119,0.379246,4.625,204.53647615306383,204.44166465306387,0.0009910802775024,0.0,0.0009910802775024,0.0009910802775024,0.0198216055500495,20,1.9028741328047571,1,0.8345821721923731,0.8345821721923731,0.8345821721923731,0.81
main,v040,pinned,reference,-,deployed,-1,B,MAPPO|mappo_seed64_20260517T110908/mappo_best.pt,MAPPO,64,P,"May 2026, pre-781c90c reward",9,-1046.041849614772,81.01046255577924,965.0313870589928,0.0,0.0,207.5631309164488,207.5631309164488,0.0366699702675916,0.0366699702675916,0.0,0.0366699702675916,0.0,0,0.0,37,11.520105926055336,98.0408510239876,0.9693976459990926,0.81
main,v040,pinned,reference,-,deployed,-1,B,"Hysteresis (fixed, t_up=81, b=50 Mbps)|-",Hysteresis (fixed),0,baseline,baseline,all,-6262.135125110266,4583.7406978301215,1674.6456496801452,2.1237776,1.625,1994.794716547284,1994.2637721472845,0.006838453914767,0.0037661050545094,0.0030723488602576,0.006838453914767,0.0747274529236868,111,1.0560951437066404,69,6.718517271289172,98.0408510239876,0.9090075602319542,1.94
main,v040,pinned,reference,-,deployed,-1,B,"Hysteresis (fixed, t_up=81, b=50 Mbps)|-",Hysteresis (fixed),0,baseline,baseline,0,-1008.0505596409472,853.021342593575,154.44912184737225,0.4550952,0.125,182.8970098903298,182.7832360903298,0.0069375619425173,0.0,0.0069375619425173,0.0069375619425173,0.2249752229930624,23,2.188305252725471,7,0.8354720087970107,0.8358279434388656,0.8354720087970107,1.94
main,v040,pinned,reference,-,deployed,-1,B,"Hysteresis (fixed, t_up=81, b=50 Mbps)|-",Hysteresis (fixed),0,baseline,baseline,1,-606.799240165551,491.1953872276767,115.22460693787434,0.379246,0.0,194.43363425316795,194.33882275316796,0.0049554013875123,0.0,0.0049554013875123,0.0049554013875123,0.1258671952428146,20,1.9028741328047571,5,0.8703329523178158,1.0108445303266014,0.8681640462524957,1.94
main,v040,pinned,reference,-,deployed,-1,B,"Hysteresis (fixed, t_up=81, b=50 Mbps)|-",Hysteresis (fixed),0,baseline,baseline,2,-285.28923413277505,285.28923413277505,0.0,0.0,0.0,207.1713075786564,207.1713075786564,0.0,0.0,0.0,0.0,0.0,0,0.0,0,0.0,0.0,0.0,1.94
main,v040,pinned,reference,-,deployed,-1,B,"Hysteresis (fixed, t_up=81, b=50 Mbps)|-",Hysteresis (fixed),0,baseline,baseline,3,-164.9083368012709,137.9083368012709,27.0,0.0,0.0,207.47355199900716,207.47355199900716,0.0009910802775024,0.0009910802775024,0.0,0.0009910802775024,0.0,0,0.0,1,11.348264840677446,11.348264840677446,1.0,1.94
main,v040,pinned,reference,-,deployed,-1,B,"Hysteresis (fixed, t_up=81, b=50 Mbps)|-",Hysteresis (fixed),0,baseline,baseline,4,-776.8247627660292,583.4783219495991,192.30427021643004,0.4171706,0.625,190.50450257609813,190.4002099260981,0.0089197224975222,0.0,0.0089197224975222,0.0089197224975222,0.1486620416253716,22,2.093161546085233,9,0.8256662967123051,1.1208543298630764,0.8122380378386299,1.94
main,v040,pinned,reference,-,deployed,-1,B,"Hysteresis (fixed, t_up=81, b=50 Mbps)|-",Hysteresis (fixed),0,baseline,baseline,5,-438.4106785125169,416.2973641467457,22.0374651657712,0.0758492,0.0,205.06503960058663,205.04607730058663,0.0009910802775024,0.0,0.0009910802775024,0.0009910802775024,0.018830525272547,4,0.3805748265609515,1,0.8345821721923734,0.8345821721923734,0.8345821721923734,1.94
main,v040,pinned,reference,-,deployed,-1,B,"Hysteresis (fixed, t_up=81, b=50 Mbps)|-",Hysteresis (fixed),0,baseline,baseline,6,-855.5446570013094,721.8402782571031,132.37428354420626,0.4550952,0.875,195.916569748201,195.802795948201,0.0059464816650148,0.0,0.0059464816650148,0.0059464816650148,0.1238850346878097,24,2.283448959365709,6,0.8354126863567015,0.8358279434388656,0.8354126863567015,1.94
main,v040,pinned,reference,-,deployed,-1,B,"Hysteresis (fixed, t_up=81, b=50 Mbps)|-",Hysteresis (fixed),0,baseline,baseline,7,-678.3686038548373,611.8027675453394,66.22451490949791,0.3413214,0.0,196.7051047118332,196.6197743618332,0.0029732408325074,0.0,0.0029732408325074,0.0029732408325074,0.1050545094152626,18,1.7125867195242817,3,0.8358279434388655,0.8358279434388656,0.8358279434388655,1.94
main,v040,pinned,reference,-,deployed,-1,B,"Hysteresis (fixed, t_up=81, b=50 Mbps)|-",Hysteresis (fixed),0,baseline,baseline,8,-401.8972026202573,401.8972026202573,0.0,0.0,0.0,207.0648652729552,207.0648652729552,0.0,0.0,0.0,0.0,0.0,0,0.0,0,0.0,0.0,0.0,1.94
main,v040,pinned,reference,-,deployed,-1,B,"Hysteresis (fixed, t_up=81, b=50 Mbps)|-",Hysteresis (fixed),0,baseline,baseline,9,-1046.0418496147722,81.01046255577924,965.031387058993,0.0,0.0,207.5631309164488,207.5631309164488,0.0366699702675916,0.0366699702675916,0.0,0.0366699702675916,0.0,0,0.0,37,11.520105926055331,98.0408510239876,0.9693976459990932,1.94
main,v040,pinned,reference,-,deployed,-1,B,Always-DPDK|-,Always-DPDK,0,baseline,baseline,all,-7201.084827726419,6209.053440667425,992.0313870589932,0.0,0.0,2070.724111926966,2070.724111926966,0.0037661050545094,0.0037661050545094,0.0,0.0037661050545094,0.0,0,0.0,38,11.5155837922296,98.0408510239876,0.97020297110438,1.94
main,v040,pinned,reference,-,deployed,-1,B,Always-DPDK|-,Always-DPDK,0,baseline,baseline,0,-1321.362823560115,1321.362823560115,0.0,0.0,0.0,206.7648288637595,206.7648288637595,0.0,0.0,0.0,0.0,0.0,0,0.0,0,0.0,0.0,0.0,1.94
main,v040,pinned,reference,-,deployed,-1,B,Always-DPDK|-,Always-DPDK,0,baseline,baseline,1,-868.6909379595983,868.6909379595983,0.0,0.0,0.0,206.98809577356093,206.98809577356093,0.0,0.0,0.0,0.0,0.0,0,0.0,0,0.0,0.0,0.0,1.94
main,v040,pinned,reference,-,deployed,-1,B,Always-DPDK|-,Always-DPDK,0,baseline,baseline,2,-285.28923413277505,285.28923413277505,0.0,0.0,0.0,207.1713075786564,207.1713075786564,0.0,0.0,0.0,0.0,0.0,0,0.0,0,0.0,0.0,0.0,1.94
main,v040,pinned,reference,-,deployed,-1,B,Always-DPDK|-,Always-DPDK,0,baseline,baseline,3,-164.9083368012709,137.9083368012709,27.0,0.0,0.0,207.47355199900716,207.47355199900716,0.0009910802775024,0.0009910802775024,0.0,0.0009910802775024,0.0,0,0.0,1,11.348264840677446,11.348264840677446,1.0,1.94
main,v040,pinned,reference,-,deployed,-1,B,Always-DPDK|-,Always-DPDK,0,baseline,baseline,4,-955.9099470016704,955.9099470016704,0.0,0.0,0.0,206.8900205483648,206.8900205483648,0.0,0.0,0.0,0.0,0.0,0,0.0,0,0.0,0.0,0.0,1.94
main,v040,pinned,reference,-,deployed,-1,B,Always-DPDK|-,Always-DPDK,0,baseline,baseline,5,-443.2354064658647,443.2354064658647,0.0,0.0,0.0,207.06756236764485,207.06756236764485,0.0,0.0,0.0,0.0,0.0,0,0.0,0,0.0,0.0,0.0,1.94
main,v040,pinned,reference,-,deployed,-1,B,Always-DPDK|-,Always-DPDK,0,baseline,baseline,6,-956.035584728772,956.035584728772,0.0,0.0,0.0,206.86103641368877,206.86103641368877,0.0,0.0,0.0,0.0,0.0,0,0.0,0,0.0,0.0,0.0,1.94
main,v040,pinned,reference,-,deployed,-1,B,Always-DPDK|-,Always-DPDK,0,baseline,baseline,7,-757.7135048413221,757.7135048413221,0.0,0.0,0.0,206.87971219287988,206.87971219287988,0.0,0.0,0.0,0.0,0.0,0,0.0,0,0.0,0.0,0.0,1.94
main,v040,pinned,reference,-,deployed,-1,B,Always-DPDK|-,Always-DPDK,0,baseline,baseline,8,-401.8972026202573,401.8972026202573,0.0,0.0,0.0,207.0648652729552,207.0648652729552,0.0,0.0,0.0,0.0,0.0,0,0.0,0,0.0,0.0,0.0,1.94
main,v040,pinned,reference,-,deployed,-1,B,Always-DPDK|-,Always-DPDK,0,baseline,baseline,9,-1046.0418496147722,81.01046255577924,965.031387058993,0.0,0.0,207.5631309164488,207.5631309164488,0.0366699702675916,0.0366699702675916,0.0,0.0366699702675916,0.0,0,0.0,37,11.520105926055331,98.0408510239876,0.9693976459990932,1.94
main,v040,pinned,reference,-,deployed,-1,B,Always-USR|-,Always-USR (supplementary),0,baseline,baseline,all,-185290.4194098094,6994.091538289209,178296.3276655202,0.000206,0.0,5269.795548168881,5269.795496668881,0.7025768087215064,0.4490584737363726,0.7025768087215064,0.7025768087215064,1.0,0,0.0,7089,2929.927955765838,165732.1278404318,0.9383708452791656,1.94
main,v040,pinned,reference,-,deployed,-1,B,Always-USR|-,Always-USR (supplementary),0,baseline,baseline,0,-5640.553888611241,859.8447028347979,4780.709165176443,2.06e-05,0.0,230.76805258107052,230.76804743107056,0.2170465807730426,0.0148662041625371,0.2170465807730426,0.2170465807730426,1.0,0,0.0,219,22.576281866763424,1757.601078033768,0.8276574071805849,1.94
main,v040,pinned,reference,-,deployed,-1,B,Always-USR|-,Always-USR (supplementary),0,baseline,baseline,1,-18316.05476958851,776.9967194882677,17539.058029500247,2.06e-05,0.0,484.01541762819886,484.01541247819887,0.707631318136769,0.3627353815659068,0.707631318136769,0.707631318136769,1.0,0,0.0,714,353.91329370326315,3311.7660410036906,0.9188169014705998,1.94
main,v040,pinned,reference,-,deployed,-1,B,Always-USR|-,Always-USR (supplementary),0,baseline,baseline,2,-23766.44591347214,677.0609062265985,23089.384986645546,2.06e-05,0.0,664.0013984333343,664.0013932833344,0.8870168483647175,0.6769078295341923,0.8870168483647175,0.8870168483647175,1.0,0,0.0,895,823.7533125171235,9436.329146143084,0.9599398505268356,1.94
main,v040,pinned,reference,-,deployed,-1,B,Always-USR|-,Always-USR (supplementary),0,baseline,baseline,3,-26580.845139706536,450.5404671637963,26130.30465194274,2.06e-05,0.0,801.1257900849827,801.1257849349827,0.9732408325074332,0.8999008919722498,0.9732408325074332,0.9732408325074332,1.0,0,0.0,982,3143.1188344075945,108322.8621288874,0.986975717988552,1.94
main,v040,pinned,reference,-,deployed,-1,B,Always-USR|-,Always-USR (supplementary),0,baseline,baseline,4,-14755.587581948712,817.6637019258407,13937.923859422872,2.06e-05,0.0,384.7842814706824,384.7842763206824,0.5906838453914767,0.1902874132804757,0.5906838453914767,0.5906838453914767,1.0,0,0.0,596,96.70500733441092,3311.7660410036906,0.8795259429207422,1.94
main,v040,pinned,reference,-,deployed,-1,B,Always-USR|-,Always-USR (supplementary),0,baseline,baseline,5,-21553.559602074325,731.0723647688445,20822.487216705485,2.06e-05,0.0,578.0430589340664,578.0430537840664,0.8136769078295342,0.5470763131813677,0.8136769078295342,0.8136769078295342,1.0,0,0.0,821,468.23056277492896,3321.3115594457518,0.9454115800530036,1.94
main,v040,pinned,reference,-,deployed,-1,B,Always-USR|-,Always-USR (supplementary),0,baseline,baseline,6,-11793.96649135106,826.8690039893233,10967.097466761736,2.06e-05,0.0,349.1250066840896,349.1250015340896,0.4618434093161546,0.153617443012884,0.4618434093161546,0.4618434093161546,1.0,0,0.0,466,168.24743922230633,2688.986588123172,0.8844847973363188,1.94
main,v040,pinned,reference,-,deployed,-1,B,Always-USR|-,Always-USR (supplementary),0,baseline,baseline,7,-14005.934402103308,828.7765930964799,13177.157788406828,2.06e-05,0.0,373.843440714936,373.843435564936,0.5639246778989098,0.1377601585728444,0.5639246778989098,0.5639246778989098,1.0,0,0.0,569,42.958552394584274,2688.986588123172,0.8719483180086015,1.94
main,v040,pinned,reference,-,deployed,-1,B,Always-USR|-,Always-USR (supplementary),0,baseline,baseline,8,-21620.255652139585,733.2919379136231,20886.963693625963,2.06e-05,0.0,580.4731801719865,580.4731750219865,0.8146679881070367,0.5450941526263627,0.8146679881070367,0.8146679881070367,1.0,0,0.0,822,472.6076153815296,11802.762781421125,0.9469977166920504,1.94
main,v040,pinned,reference,-,deployed,-1,B,Always-USR|-,Always-USR (supplementary),0,baseline,baseline,9,-27257.215968813973,291.97514088163746,26965.24080733233,2.06e-05,0.0,823.615921465534,823.6159163155342,0.99603567888999,0.9623389494549058,0.99603567888999,0.99603567888999,1.0,0,0.0,1005,15677.05016085247,165732.1278404318,0.9943695126810062,1.94
main,v040,pinned,reference,-,deployed,-1,B,MAPPO|mappo_seed13_20260516T092252/mappo_best.pt,MAPPO,13,L,"May 2026, pre-781c90c reward",all,-5605.680478873313,4268.706894675487,1283.6304615978263,4.9681226,48.375,1970.4255249068624,1969.1834942568623,0.0050545094152626,0.0037661050545094,0.0012884043607532,0.0050545094152626,0.0754212091179385,262,2.492765113974232,51,8.796529368359723,98.0408510239876,0.938974157907076,0.64
main,v040,pinned,reference,-,deployed,-1,B,MAPPO|mappo_seed13_20260516T092252/mappo_best.pt,MAPPO,13,L,"May 2026, pre-781c90c reward",0,-822.9561299410005,811.0192411410005,0.0,1.0618888000000002,10.875,178.98907390211016,178.72360170211016,0.0,0.0,0.0,0.0,0.2051536174430129,56,5.32804757185332,0,0.0,0.0,0.0,0.64
main,v040,pinned,reference,-,deployed,-1,B,MAPPO|mappo_seed13_20260516T092252/mappo_best.pt,MAPPO,13,L,"May 2026, pre-781c90c reward",1,-545.1837750348309,463.4492057658937,71.11230346893717,0.8722658000000001,9.75,192.5301010017256,192.3120345517256,0.0029732408325074,0.0,0.0029732408325074,0.0029732408325074,0.1090188305252725,46,4.376610505450942,3,0.8937515486526131,1.010844530326601,0.8901367052104128,0.64
main,v040,pinned,reference,-,deployed,-1,B,MAPPO|mappo_seed13_20260516T092252/mappo_best.pt,MAPPO,13,L,"May 2026, pre-781c90c reward",2,-304.7502654024638,281.6369510366926,22.0374651657712,0.0758492,1.0,206.92312675906,206.90416445906,0.0009910802775024,0.0,0.0009910802775024,0.0009910802775024,0.0019821605550049,4,0.3805748265609515,1,0.8345821721923734,0.8345821721923734,0.8345821721923734,0.64
main,v040,pinned,reference,-,deployed,-1,B,MAPPO|mappo_seed13_20260516T092252/mappo_best.pt,MAPPO,13,L,"May 2026, pre-781c90c reward",3,-164.9083368012709,137.9083368012709,27.0,0.0,0.0,207.4735519990071,207.4735519990071,0.0009910802775024,0.0009910802775024,0.0,0.0009910802775024,0.0,0,0.0,1,11.348264840677446,11.348264840677446,1.0,0.64
main,v040,pinned,reference,-,deployed,-1,B,MAPPO|mappo_seed13_20260516T092252/mappo_best.pt,MAPPO,13,L,"May 2026, pre-781c90c reward",4,-644.0793058394593,548.221206901585,88.22460693787431,0.7584919999999999,6.875,186.9701174918184,186.7804944918184,0.0039643211100099,0.0,0.0039643211100099,0.0039643211100099,0.1437066402378592,40,3.8057482656095143,4,0.8352050578156194,0.8358279434388656,0.8352050578156194,0.64
main,v040,pinned,reference,-,deployed,-1,B,MAPPO|mappo_seed13_20260516T092252/mappo_best.pt,MAPPO,13,L,"May 2026, pre-781c90c reward",5,-366.84266768690577,364.6642708869058,0.0,0.3033968,1.875,201.06847211230684,200.99262291230684,0.0,0.0,0.0,0.0,0.0475718533201189,16,1.522299306243806,0,0.0,0.0,0.0,0.64
main,v040,pinned,reference,-,deployed,-1,B,MAPPO|mappo_seed13_20260516T092252/mappo_best.pt,MAPPO,13,L,"May 2026, pre-781c90c reward",6,-722.2872892322603,644.0259295349467,66.1123954973136,1.0239642,11.125,190.93925818980475,190.68326713980477,0.0029732408325074,0.0,0.0029732408325074,0.0029732408325074,0.1179385530227948,54,5.137760158572845,3,0.8345821721923734,0.8345821721923734,0.8345821721923734,0.64
main,v040,pinned,reference,-,deployed,-1,B,MAPPO|mappo_seed13_20260516T092252/mappo_best.pt,MAPPO,13,L,"May 2026, pre-781c90c reward",7,-596.5143630490511,570.6585803458851,22.07483830316597,0.5309444000000001,3.25,193.6710910192741,193.5383549192741,0.0009910802775024,0.0,0.0009910802775024,0.0009910802775024,0.1070366699702675,28,2.66402378592666,1,0.8358279434388656,0.8358279434388656,0.8358279434388656,0.64
main,v040,pinned,reference,-,deployed,-1,B,MAPPO|mappo_seed13_20260516T092252/mappo_best.pt,MAPPO,13,L,"May 2026, pre-781c90c reward",8,-392.1164962712991,366.1127097055278,22.0374651657712,0.3413214,3.625,204.29760151530667,204.21227116530667,0.0009910802775024,0.0,0.0009910802775024,0.0009910802775024,0.0218037661050545,18,1.7125867195242817,1,0.8345821721923734,0.8345821721923734,0.8345821721923734,0.64
main,v040,pinned,reference,-,deployed,-1,B,MAPPO|mappo_seed13_20260516T092252/mappo_best.pt,MAPPO,13,L,"May 2026, pre-781c90c reward",9,-1046.0418496147722,81.01046255577924,965.031387058993,0.0,0.0,207.5631309164488,207.5631309164488,0.0366699702675916,0.0366699702675916,0.0,0.0366699702675916,0.0,0,0.0,37,11.520105926055331,98.0408510239876,0.9693976459990932,0.64
main,v040,pinned,reference,-,deployed,-1,B,MAPPO|mappo_seed42_20260516T081859/mappo_best.pt,MAPPO,42,L,"May 2026, pre-781c90c reward",all,-5553.010824570414,4235.059233338359,1261.592996432055,5.2335948,51.125,1966.778156051004,1965.4697573510043,0.0049554013875123,0.0037661050545094,0.0011892963330029,0.0049554013875123,0.0790882061446977,276,2.625966303270565,50,8.95576831228307,98.0408510239876,0.94106199762137,0.63
main,v040,pinned,reference,-,deployed,-1,B,MAPPO|mappo_seed42_20260516T081859/mappo_best.pt,MAPPO,42,L,"May 2026, pre-781c90c reward",0,-818.1499991396123,807.2131103396123,0.0,1.0618888000000002,9.875,178.58191713870625,178.31644493870624,0.0,0.0,0.0,0.0,0.2101090188305252,56,5.32804757185332,0,0.0,0.0,0.0,0.63
main,v040,pinned,reference,-,deployed,-1,B,MAPPO|mappo_seed42_20260516T081859/mappo_best.pt,MAPPO,42,L,"May 2026, pre-781c90c reward",1,-539.8253905776505,458.3408213087133,71.11230346893717,0.8722658000000001,9.5,191.93738941482772,191.7193229648277,0.0029732408325074,0.0,0.0029732408325074,0.0029732408325074,0.1129831516352824,46,4.376610505450942,3,0.8937515486526131,1.010844530326601,0.8901367052104128,0.63
main,v040,pinned,reference,-,deployed,-1,B,MAPPO|mappo_seed42_20260516T081859/mappo_best.pt,MAPPO,42,L,"May 2026, pre-781c90c reward",2,-304.7502654024638,281.6369510366926,22.0374651657712,0.0758492,1.0,206.92312675906,206.90416445906,0.0009910802775024,0.0,0.0009910802775024,0.0009910802775024,0.0019821605550049,4,0.3805748265609515,1,0.8345821721923734,0.8345821721923734,0.8345821721923734,0.63
main,v040,pinned,reference,-,deployed,-1,B,MAPPO|mappo_seed42_20260516T081859/mappo_best.pt,MAPPO,42,L,"May 2026, pre-781c90c reward",3,-164.9083368012709,137.9083368012709,27.0,0.0,0.0,207.4735519990071,207.4735519990071,0.0009910802775024,0.0009910802775024,0.0,0.0009910802775024,0.0,0,0.0,1,11.348264840677446,11.348264840677446,1.0,0.63
main,v040,pinned,reference,-,deployed,-1,B,MAPPO|mappo_seed42_20260516T081859/mappo_best.pt,MAPPO,42,L,"May 2026, pre-781c90c reward",4,-641.1580325088174,545.4249335709432,88.22460693787431,0.7584919999999999,6.75,186.67575139262368,186.4861283926237,0.0039643211100099,0.0,0.0039643211100099,0.0039643211100099,0.1456888007928642,40,3.8057482656095143,4,0.8352050578156194,0.8358279434388656,0.8352050578156194,0.63
main,v040,pinned,reference,-,deployed,-1,B,MAPPO|mappo_seed42_20260516T081859/mappo_best.pt,MAPPO,42,L,"May 2026, pre-781c90c reward",5,-365.9587321643676,362.8294861643676,0.0,0.379246,2.75,200.8179937573073,200.7231822573073,0.0,0.0,0.0,0.0,0.0505450941526263,20,1.9028741328047571,0,0.0,0.0,0.0,0.63
main,v040,pinned,reference,-,deployed,-1,B,MAPPO|mappo_seed42_20260516T081859/mappo_best.pt,MAPPO,42,L,"May 2026, pre-781c90c reward",6,-712.1673802265119,633.4177981918036,66.14976863470838,1.0998134,11.5,189.80246250873145,189.5275091587314,0.0029732408325074,0.0,0.0029732408325074,0.0029732408325074,0.130822596630327,58,5.518334985133796,3,0.8349974292745376,0.8358279434388656,0.8349974292745376,0.63
main,v040,pinned,reference,-,deployed,-1,B,MAPPO|mappo_seed42_20260516T081859/mappo_best.pt,MAPPO,42,L,"May 2026, pre-781c90c reward",7,-571.096456364883,566.402587364883,0.0,0.5688690000000001,4.125,193.1683249078941,193.0261076578941,0.0,0.0,0.0,0.0,0.1129831516352824,30,2.854311199207136,0,0.0,0.0,0.0,0.63
main,v040,pinned,reference,-,deployed,-1,B,MAPPO|mappo_seed42_20260516T081859/mappo_best.pt,MAPPO,42,L,"May 2026, pre-781c90c reward",8,-388.9543817700651,360.87474600429385,22.0374651657712,0.4171706,5.625,203.83450725639784,203.73021460639785,0.0009910802775024,0.0,0.0009910802775024,0.0009910802775024,0.0257680872150644,22,2.093161546085233,1,0.8345821721923734,0.8345821721923734,0.8345821721923734,0.63
main,v040,pinned,reference,-,deployed,-1,B,MAPPO|mappo_seed42_20260516T081859/mappo_best.pt,MAPPO,42,L,"May 2026, pre-781c90c reward",9,-1046.0418496147722,81.01046255577924,965.031387058993,0.0,0.0,207.5631309164488,207.5631309164488,0.0366699702675916,0.0366699702675916,0.0,0.0366699702675916,0.0,0,0.0,37,11.520105926055331,98.0408510239876,0.9693976459990932,0.63
main,v040,pinned,reference,-,deployed,-1,B,MAPPO|mappo_seed42_20260517T003433/mappo_best.pt,MAPPO,42,L,"May 2026, pre-781c90c reward",all,-5531.970745635114,4292.426863575162,1195.4058546599522,4.5130274,39.625,1973.3089764011183,1972.1807195511185,0.0046580773042616,0.0037661050545094,0.0008919722497522,0.0046580773042616,0.0719524281466798,238,2.264420218037661,47,9.474088884150708,98.0408510239876,0.9478055706808172,0.63
main,v040,pinned,reference,-,deployed,-1,B,MAPPO|mappo_seed42_20260517T003433/mappo_best.pt,MAPPO,42,L,"May 2026, pre-781c90c reward",0,-830.6909175265382,822.2807271265383,0.0,0.9101904,7.5,180.3970974199597,180.16954981995968,0.0,0.0,0.0,0.0,0.1892963330029732,48,4.566897918731417,0,0.0,0.0,0.0,0.63
main,v040,pinned,reference,-,deployed,-1,B,MAPPO|mappo_seed42_20260517T003433/mappo_best.pt,MAPPO,42,L,"May 2026, pre-781c90c reward",1,-527.2241124712745,470.2657821681085,49.07483830316597,0.7584919999999999,7.125,193.29192412461128,193.10230112461127,0.0019821605550049,0.0,0.0019821605550049,0.0019821605550049,0.0981169474727453,40,3.8057482656095143,2,0.9233362368827333,1.010844530326601,0.9179139717194328,0.63
main,v040,pinned,reference,-,deployed,-1,B,MAPPO|mappo_seed42_20260517T003433/mappo_best.pt,MAPPO,42,L,"May 2026, pre-781c90c reward",2,-305.70286188868465,283.12747212291345,22.0374651657712,0.0379246,0.5,207.03052447315724,207.02104332315724,0.0009910802775024,0.0,0.0009910802775024,0.0009910802775024,0.0009910802775024,2,0.1902874132804757,1,0.8345821721923734,0.8345821721923734,0.8345821721923734,0.63
main,v040,pinned,reference,-,deployed,-1,B,MAPPO|mappo_seed42_20260517T003433/mappo_best.pt,MAPPO,42,L,"May 2026, pre-781c90c reward",3,-164.9083368012709,137.9083368012709,27.0,0.0,0.0,207.4735519990071,207.4735519990071,0.0009910802775024,0.0009910802775024,0.0,0.0009910802775024,0.0,0,0.0,1,11.348264840677446,11.348264840677446,1.0,0.63
main,v040,pinned,reference,-,deployed,-1,B,MAPPO|mappo_seed42_20260517T003433/mappo_best.pt,MAPPO,42,L,"May 2026, pre-781c90c reward",4,-622.1542751754212,550.7347883407127,66.14976863470835,0.6447182,4.625,187.12175513950876,186.96057558950872,0.0029732408325074,0.0,0.0029732408325074,0.0029732408325074,0.1417244796828543,34,3.234886025768088,3,0.8349974292745372,0.8358279434388656,0.8349974292745372,0.63
main,v040,pinned,reference,-,deployed,-1,B,MAPPO|mappo_seed42_20260517T003433/mappo_best.pt,MAPPO,42,L,"May 2026, pre-781c90c reward",5,-368.2472598530401,368.0576368530401,0.0,0.189623,0.0,201.4038296646733,201.3564239146733,0.0,0.0,0.0,0.0,0.0445986124876114,10,0.9514370664023788,0,0.0,0.0,0.0,0.63
main,v040,pinned,reference,-,deployed,-1,B,MAPPO|mappo_seed42_20260517T003433/mappo_best.pt,MAPPO,42,L,"May 2026, pre-781c90c reward",6,-697.6681843162926,640.6563651847501,44.0749303315424,1.0618888,11.875,190.753731502874,190.48825930287404,0.0019821605550049,0.0,0.0019821605550049,0.0019821605550049,0.1189296333002973,56,5.32804757185332,2,0.8345821721923734,0.8345821721923734,0.8345821721923734,0.63
main,v040,pinned,reference,-,deployed,-1,B,MAPPO|mappo_seed42_20260517T003433/mappo_best.pt,MAPPO,42,L,"May 2026, pre-781c90c reward",7,-572.5081061395128,568.3142371395129,0.0,0.5688690000000001,3.625,193.46285663590376,193.32063938590375,0.0,0.0,0.0,0.0,0.1090188305252725,30,2.854311199207136,0,0.0,0.0,0.0,0.63
main,v040,pinned,reference,-,deployed,-1,B,MAPPO|mappo_seed42_20260517T003433/mappo_best.pt,MAPPO,42,L,"May 2026, pre-781c90c reward",8,-396.8248418483071,370.0710552825359,22.0374651657712,0.3413214,4.375,204.81057452497436,204.72524417497436,0.0009910802775024,0.0,0.0009910802775024,0.0009910802775024,0.0168483647175421,18,1.7125867195242817,1,0.8345821721923734,0.8345821721923734,0.8345821721923734,0.63
main,v040,pinned,reference,-,deployed,-1,B,MAPPO|mappo_seed42_20260517T003433/mappo_best.pt,MAPPO,42,L,"May 2026, pre-781c90c reward",9,-1046.0418496147722,81.01046255577924,965.031387058993,0.0,0.0,207.5631309164488,207.5631309164488,0.0366699702675916,0.0366699702675916,0.0,0.0366699702675916,0.0,0,0.0,37,11.520105926055331,98.0408510239876,0.9693976459990932,0.63
main,v040,pinned,reference,-,deployed,-1,B,MAPPO|mappo_seed42_20260526T143428/mappo_best.pt,MAPPO,42,L,"May 2026, pre-781c90c reward",all,-5635.457129436768,4237.595554266838,1349.8176033699297,5.0439718,43.0,1965.844308217861,1964.583315267861,0.0053518334985133,0.0037661050545094,0.0015857284440039,0.0053518334985133,0.0811694747274529,266,2.5308225966303275,54,8.354245108248442,98.0408510239876,0.9332207428209442,0.63
main,v040,pinned,reference,-,deployed,-1,B,MAPPO|mappo_seed42_20260526T143428/mappo_best.pt,MAPPO,42,L,"May 2026, pre-781c90c reward",0,-842.5118188390675,810.4621671359016,22.07483830316597,1.0998134,8.875,178.5025336004555,178.2275802504555,0.0009910802775024,0.0,0.0009910802775024,0.0009910802775024,0.2130822596630327,58,5.518334985133796,1,0.8358279434388656,0.8358279434388656,0.8358279434388656,0.63
main,v040,pinned,reference,-,deployed,-1,B,MAPPO|mappo_seed42_20260526T143428/mappo_best.pt,MAPPO,42,L,"May 2026, pre-781c90c reward",1,-539.1195382299036,460.4608181609664,71.11230346893717,0.7964166000000001,6.75,192.0222174600017,191.82311331000176,0.0029732408325074,0.0,0.0029732408325074,0.0029732408325074,0.1159563924677899,42,3.9960356788899913,3,0.8937515486526131,1.010844530326601,0.8901367052104128,0.63
main,v040,pinned,reference,-,deployed,-1,B,MAPPO|mappo_seed42_20260526T143428/mappo_best.pt,MAPPO,42,L,"May 2026, pre-781c90c reward",2,-304.7502654024638,281.6369510366926,22.0374651657712,0.0758492,1.0,206.92312675906,206.90416445906,0.0009910802775024,0.0,0.0009910802775024,0.0009910802775024,0.0019821605550049,4,0.3805748265609515,1,0.8345821721923734,0.8345821721923734,0.8345821721923734,0.63
main,v040,pinned,reference,-,deployed,-1,B,MAPPO|mappo_seed42_20260526T143428/mappo_best.pt,MAPPO,42,L,"May 2026, pre-781c90c reward",3,-164.9083368012709,137.9083368012709,27.0,0.0,0.0,207.4735519990071,207.4735519990071,0.0009910802775024,0.0009910802775024,0.0,0.0009910802775024,0.0,0,0.0,1,11.348264840677446,11.348264840677446,1.0,0.63
main,v040,pinned,reference,-,deployed,-1,B,MAPPO|mappo_seed42_20260526T143428/mappo_best.pt,MAPPO,42,L,"May 2026, pre-781c90c reward",4,-659.4787464293056,542.3337337882652,110.29944524104027,0.7205674,6.125,186.1572398399352,185.97709798993515,0.0049554013875123,0.0,0.0049554013875123,0.0049554013875123,0.1526263627353815,38,3.615460852329039,5,0.8353296349402687,0.8358279434388656,0.8353296349402687,0.63
main,v040,pinned,reference,-,deployed,-1,B,MAPPO|mappo_seed42_20260526T143428/mappo_best.pt,MAPPO,42,L,"May 2026, pre-781c90c reward",5,-385.14133155891057,359.5996203931394,22.0374651657712,0.3792460000000001,3.125,200.45840974624213,200.3635982462421,0.0009910802775024,0.0,0.0009910802775024,0.0009910802775024,0.0535183349851337,20,1.9028741328047571,1,0.8345821721923734,0.8345821721923734,0.8345821721923734,0.63
main,v040,pinned,reference,-,deployed,-1,B,MAPPO|mappo_seed42_20260526T143428/mappo_best.pt,MAPPO,42,L,"May 2026, pre-781c90c reward",6,-711.6613243479187,636.187889250605,66.1123954973136,0.9860396,8.375,189.8528075909861,189.60629769098608,0.0029732408325074,0.0,0.0029732408325074,0.0029732408325074,0.132804757185332,52,4.947472745292369,3,0.8345821721923734,0.8345821721923734,0.8345821721923734,0.63
main,v040,pinned,reference,-,deployed,-1,B,MAPPO|mappo_seed42_20260526T143428/mappo_best.pt,MAPPO,42,L,"May 2026, pre-781c90c reward",7,-593.3674333880566,566.3487260848906,22.07483830316597,0.5688690000000001,4.375,193.11595964729,192.97374239729,0.0009910802775024,0.0,0.0009910802775024,0.0009910802775024,0.1139742319127849,30,2.854311199207136,1,0.8358279434388656,0.8358279434388656,0.8358279434388656,0.63
main,v040,pinned,reference,-,deployed,-1,B,MAPPO|mappo_seed42_20260526T143428/mappo_best.pt,MAPPO,42,L,"May 2026, pre-781c90c reward",8,-388.4764848250985,361.64684905932734,22.0374651657712,0.4171706,4.375,203.7753306584347,203.67103800843472,0.0009910802775024,0.0,0.0009910802775024,0.0009910802775024,0.0277502477700693,22,2.093161546085233,1,0.8345821721923734,0.8345821721923734,0.8345821721923734,0.63
main,v040,pinned,reference,-,deployed,-1,B,MAPPO|mappo_seed42_20260526T143428/mappo_best.pt,MAPPO,42,L,"May 2026, pre-781c90c reward",9,-1046.0418496147722,81.01046255577924,965.031387058993,0.0,0.0,207.5631309164488,207.5631309164488,0.0366699702675916,0.0366699702675916,0.0,0.0366699702675916,0.0,0,0.0,37,11.520105926055331,98.0408510239876,0.9693976459990932,0.63
main,v040,pinned,reference,-,deployed,-1,B,MAPPO|mappo_seed99_20260516T092254/mappo_best.pt,MAPPO,99,L,"May 2026, pre-781c90c reward",all,-5656.794113680152,4245.674340951263,1347.5181581288894,5.7266146,57.875,1969.6743773039143,1968.2427236539145,0.0052527254707631,0.0037661050545094,0.0016848364717542,0.0052527254707631,0.0770069375619425,302,2.873339940535184,53,6513.374678026023,157766.01901188266,0.947495696936408,0.63
main,v040,pinned,reference,-,deployed,-1,B,MAPPO|mappo_seed99_20260516T092254/mappo_best.pt,MAPPO,99,L,"May 2026, pre-781c90c reward",0,-817.8014212445146,805.2507586445147,0.0,1.1756626,11.375,178.47891162362737,178.1849959736274,0.0,0.0,0.0,0.0,0.2081268582755203,62,5.898909811694748,0,0.0,0.0,0.0,0.63
main,v040,pinned,reference,-,deployed,-1,B,MAPPO|mappo_seed99_20260516T092254/mappo_best.pt,MAPPO,99,L,"May 2026, pre-781c90c reward",1,-522.0428371878504,463.0957330846843,49.07483830316597,0.8722658000000001,9.0,192.50976364502543,192.29169719502545,0.0019821605550049,0.0,0.0019821605550049,0.0019821605550049,0.1060455896927651,46,4.376610505450942,2,0.9233362368827333,1.010844530326601,0.9179139717194328,0.63
main,v040,pinned,reference,-,deployed,-1,B,MAPPO|mappo_seed99_20260516T092254/mappo_best.pt,MAPPO,99,L,"May 2026, pre-781c90c reward",2,-331.0331944352034,279.30610626943223,49.0374651657712,0.189623,2.5,206.699478802624,206.652073052624,0.0019821605550049,0.0,0.0019821605550049,0.0019821605550049,0.0049554013875123,10,0.9514370664023788,2,0.9777182510277248,1.1208543298630764,0.9172910860961868,0.63
main,v040,pinned,reference,-,deployed,-1,B,MAPPO|mappo_seed99_20260516T092254/mappo_best.pt,MAPPO,99,L,"May 2026, pre-781c90c reward",3,-164.9083368012709,137.9083368012709,27.0,0.0,0.0,207.4735519990071,207.4735519990071,0.0009910802775024,0.0009910802775024,0.0,0.0009910802775024,0.0,0,0.0,1,11.348264840677446,11.348264840677446,1.0,0.63
main,v040,pinned,reference,-,deployed,-1,B,MAPPO|mappo_seed99_20260516T092254/mappo_best.pt,MAPPO,99,L,"May 2026, pre-781c90c reward",4,-644.6302422824156,547.1962941445413,88.22460693787431,0.8343412,8.375,186.95614097504952,186.74755567504957,0.0039643211100099,0.0,0.0039643211100099,0.0039643211100099,0.1417244796828543,44,4.186323092170466,4,0.8352050578156194,0.8358279434388656,0.8352050578156194,0.63
main,v040,pinned,reference,-,deployed,-1,B,MAPPO|mappo_seed99_20260516T092254/mappo_best.pt,MAPPO,99,L,"May 2026, pre-781c90c reward",5,-363.2160903715508,360.8747689715508,0.0,0.3413214,2.0,200.64187797673267,200.55654762673268,0.0,0.0,0.0,0.0,0.0515361744301288,18,1.7125867195242817,0,0.0,0.0,0.0,0.63
main,v040,pinned,reference,-,deployed,-1,B,MAPPO|mappo_seed99_20260516T092254/mappo_best.pt,MAPPO,99,L,"May 2026, pre-781c90c reward",6,-745.9359811285607,638.5229230312472,93.1123954973136,1.1756626,13.125,190.4902104410663,190.1962947910663,0.0039643211100099,0.0,0.0039643211100099,0.0039643211100099,0.1219028741328047,62,5.898909811694748,4,63.806804506833686,252.72347151075763,0.87593662914428,0.63
main,v040,pinned,reference,-,deployed,-1,B,MAPPO|mappo_seed99_20260516T092254/mappo_best.pt,MAPPO,99,L,"May 2026, pre-781c90c reward",7,-601.4753090359106,568.5805908359105,27.0,0.6447182,5.25,193.45668624474263,193.29550669474264,0.0009910802775024,0.0,0.0009910802775024,0.0009910802775024,0.1090188305252725,34,3.234886025768088,1,1.1208543298630764,1.1208543298630764,1.0,0.63
main,v040,pinned,reference,-,deployed,-1,B,MAPPO|mappo_seed99_20260516T092254/mappo_best.pt,MAPPO,99,L,"May 2026, pre-781c90c reward",8,-392.18136260309535,363.8138022373241,22.0374651657712,0.4550952,5.875,204.0506227516881,203.9368489516881,0.0009910802775024,0.0,0.0009910802775024,0.0009910802775024,0.0247770069375619,24,2.283448959365709,1,0.8345821721923734,0.8345821721923734,0.8345821721923734,0.63
main,v040,pinned,reference,-,deployed,-1,B,MAPPO|mappo_seed99_20260516T092254/mappo_best.pt,MAPPO,99,L,"May 2026, pre-781c90c reward",9,-1073.5693385897798,81.12502693078672,992.031387058993,0.0379246,0.375,208.9171328443512,208.9076516943512,0.0376610505450941,0.0366699702675916,0.0029732408325074,0.0376610505450941,0.0019821605550049,2,0.1902874132804757,38,9077.189054915842,157766.01901188266,0.97020297110438,0.63
main,v040,pinned,reference,-,deployed,-1,B,Centralized PPO|central_nr_seed1/ppo_multi_site.zip,Centralized PPO,1,L,"June 2026, current reward",all,-27441.53839203379,5491.521578240136,21896.74676499365,4.0200488000000005,49.25,2261.614780174269,2260.609767974269,0.0942517343904856,0.020812685827552,0.0904856293359762,0.0942517343904856,0.2438057482656095,210,1.9980178394449952,951,49.44679935134614,2688.986588123172,0.8674990103397706,0.63
main,v040,pinned,reference,-,deployed,-1,B,Centralized PPO|central_nr_seed1/ppo_multi_site.zip,Centralized PPO,1,L,"June 2026, current reward",0,-4300.526330223136,821.8075410423454,3470.3465027807906,0.8722863999999999,7.5,211.85246559443945,211.6343939944394,0.1575817641228939,0.0128840436075322,0.1575817641228939,0.1575817641228939,0.8800792864222002,46,4.376610505450942,159,29.212355430826182,1757.601078033768,0.8275359544613818,0.63
main,v040,pinned,reference,-,deployed,-1,B,Centralized PPO|central_nr_seed1/ppo_multi_site.zip,Centralized PPO,1,L,"June 2026, current reward",1,-913.9912902806556,869.3036890743236,44.14967660633194,0.0379246,0.5,207.23820757568188,207.22872642568188,0.0019821605550049,0.0,0.0019821605550049,0.0019821605550049,0.0009910802775024,1,0.0951437066402378,2,0.8358279434388656,0.8358279434388656,0.8358279434388656,0.63
main,v040,pinned,reference,-,deployed,-1,B,Centralized PPO|central_nr_seed1/ppo_multi_site.zip,Centralized PPO,1,L,"June 2026, current reward",2,-285.28923413277505,285.28923413277505,0.0,0.0,0.0,207.1713075786564,207.1713075786564,0.0,0.0,0.0,0.0,0.0,0,0.0,0,0.0,0.0,0.0,0.63
main,v040,pinned,reference,-,deployed,-1,B,Centralized PPO|central_nr_seed1/ppo_multi_site.zip,Centralized PPO,1,L,"June 2026, current reward",3,-164.9083368012709,137.9083368012709,27.0,0.0,0.0,207.4735519990071,207.4735519990071,0.0009910802775024,0.0009910802775024,0.0,0.0009910802775024,0.0,0,0.0,1,11.348264840677446,11.348264840677446,1.0,0.63
main,v040,pinned,reference,-,deployed,-1,B,Centralized PPO|central_nr_seed1/ppo_multi_site.zip,Centralized PPO,1,L,"June 2026, current reward",4,-955.9099470016704,955.9099470016704,0.0,0.0,0.0,206.8900205483648,206.8900205483648,0.0,0.0,0.0,0.0,0.0,0,0.0,0,0.0,0.0,0.0,0.63
main,v040,pinned,reference,-,deployed,-1,B,Centralized PPO|central_nr_seed1/ppo_multi_site.zip,Centralized PPO,1,L,"June 2026, current reward",5,-443.2354064658647,443.2354064658647,0.0,0.0,0.0,207.06756236764485,207.06756236764485,0.0,0.0,0.0,0.0,0.0,0,0.0,0,0.0,0.0,0.0,0.63
main,v040,pinned,reference,-,deployed,-1,B,Centralized PPO|central_nr_seed1/ppo_multi_site.zip,Centralized PPO,1,L,"June 2026, current reward",6,-5008.015121769267,674.8313123312395,4306.173805638027,2.0100038,25.0,233.53122128131852,233.0287203313185,0.1853320118929633,0.0287413280475718,0.1853320118929633,0.1853320118929633,0.5946481665014867,105,9.990089197224975,187,93.58334822441284,1757.601078033768,0.8675889136609674,0.63
main,v040,pinned,reference,-,deployed,-1,B,Centralized PPO|central_nr_seed1/ppo_multi_site.zip,Centralized PPO,1,L,"June 2026, current reward",7,-13921.72367312412,820.3284462146098,13084.04539290951,1.099834,16.25,365.7624470397516,365.48748853975167,0.5599603567888999,0.1288404360753221,0.5599603567888999,0.5599603567888999,0.9623389494549058,58,5.518334985133796,565,43.25626851623365,2688.986588123172,0.8719200821775525,0.63
main,v040,pinned,reference,-,deployed,-1,B,Centralized PPO|central_nr_seed1/ppo_multi_site.zip,Centralized PPO,1,L,"June 2026, current reward",8,-401.8972026202573,401.8972026202573,0.0,0.0,0.0,207.0648652729552,207.0648652729552,0.0,0.0,0.0,0.0,0.0,0,0.0,0,0.0,0.0,0.0,0.63
main,v040,pinned,reference,-,deployed,-1,B,Centralized PPO|central_nr_seed1/ppo_multi_site.zip,Centralized PPO,1,L,"June 2026, current reward",9,-1046.0418496147722,81.01046255577924,965.031387058993,0.0,0.0,207.5631309164488,207.5631309164488,0.0366699702675916,0.0366699702675916,0.0,0.0366699702675916,0.0,0,0.0,37,11.520105926055331,98.0408510239876,0.9693976459990932,0.63
main,v040,pinned,reference,-,deployed,-1,B,Centralized PPO|central_nr_seed7/ppo_multi_site.zip,Centralized PPO,7,L,"June 2026, current reward",all,-7522.750669234216,6213.942821733223,1305.7052999009925,0.2275476,2.875,2073.7425300123464,2073.685643112346,0.0051536174430128,0.0038652130822596,0.0013875123885034,0.0051536174430128,0.0010901883052527,12,0.1141724479682854,52,13.446146087995537,250.75161537630956,0.9369905768596104,0.63
main,v040,pinned,reference,-,deployed,-1,B,Centralized PPO|central_nr_seed7/ppo_multi_site.zip,Centralized PPO,7,L,"June 2026, current reward",0,-1321.3628235601147,1321.3628235601147,0.0,0.0,0.0,206.76482886375948,206.76482886375948,0.0,0.0,0.0,0.0,0.0,0,0.0,0,0.0,0.0,0.0,0.63
main,v040,pinned,reference,-,deployed,-1,B,Centralized PPO|central_nr_seed7/ppo_multi_site.zip,Centralized PPO,7,L,"June 2026, current reward",1,-868.6909379595984,868.6909379595984,0.0,0.0,0.0,206.98809577356093,206.98809577356093,0.0,0.0,0.0,0.0,0.0,0,0.0,0,0.0,0.0,0.0,0.63
main,v040,pinned,reference,-,deployed,-1,B,Centralized PPO|central_nr_seed7/ppo_multi_site.zip,Centralized PPO,7,L,"June 2026, current reward",2,-285.28923413277505,285.28923413277505,0.0,0.0,0.0,207.1713075786564,207.1713075786564,0.0,0.0,0.0,0.0,0.0,0,0.0,0,0.0,0.0,0.0,0.63
main,v040,pinned,reference,-,deployed,-1,B,Centralized PPO|central_nr_seed7/ppo_multi_site.zip,Centralized PPO,7,L,"June 2026, current reward",3,-164.9083368012709,137.9083368012709,27.0,0.0,0.0,207.4735519990071,207.4735519990071,0.0009910802775024,0.0009910802775024,0.0,0.0009910802775024,0.0,0,0.0,1,11.348264840677446,11.348264840677446,1.0,0.63
main,v040,pinned,reference,-,deployed,-1,B,Centralized PPO|central_nr_seed7/ppo_multi_site.zip,Centralized PPO,7,L,"June 2026, current reward",4,-1000.9746036522072,956.3243755832698,44.11230346893716,0.0379246,0.5,207.1504240048484,207.1409428548484,0.0019821605550049,0.0,0.0019821605550049,0.0019821605550049,0.0009910802775024,2,0.1902874132804757,2,0.8352050578156194,0.8358279434388656,0.8352050578156194,0.63
main,v040,pinned,reference,-,deployed,-1,B,Centralized PPO|central_nr_seed7/ppo_multi_site.zip,Centralized PPO,7,L,"June 2026, current reward",5,-443.2354064658647,443.2354064658647,0.0,0.0,0.0,207.06756236764485,207.06756236764485,0.0,0.0,0.0,0.0,0.0,0,0.0,0,0.0,0.0,0.0,0.63
main,v040,pinned,reference,-,deployed,-1,B,Centralized PPO|central_nr_seed7/ppo_multi_site.zip,Centralized PPO,7,L,"June 2026, current reward",6,-956.035584728772,956.035584728772,0.0,0.0,0.0,206.8610364136887,206.8610364136887,0.0,0.0,0.0,0.0,0.0,0,0.0,0,0.0,0.0,0.0,0.63
main,v040,pinned,reference,-,deployed,-1,B,Centralized PPO|central_nr_seed7/ppo_multi_site.zip,Centralized PPO,7,L,"June 2026, current reward",7,-1034.3146896985832,762.1884573255211,269.5616093730622,0.189623,2.375,209.63772682177648,209.5903210717765,0.0118929633300297,0.0009910802775024,0.0118929633300297,0.0118929633300297,0.0099108027750247,10,0.9514370664023788,12,21.66141686295096,250.75161537630956,0.8487822482585062,0.63
main,v040,pinned,reference,-,deployed,-1,B,Centralized PPO|central_nr_seed7/ppo_multi_site.zip,Centralized PPO,7,L,"June 2026, current reward",8,-401.8972026202573,401.8972026202573,0.0,0.0,0.0,207.0648652729552,207.0648652729552,0.0,0.0,0.0,0.0,0.0,0,0.0,0,0.0,0.0,0.0,0.63
main,v040,pinned,reference,-,deployed,-1,B,Centralized PPO|central_nr_seed7/ppo_multi_site.zip,Centralized PPO,7,L,"June 2026, current reward",9,-1046.0418496147722,81.01046255577924,965.031387058993,0.0,0.0,207.5631309164488,207.5631309164488,0.0366699702675916,0.0366699702675916,0.0,0.0366699702675916,0.0,0,0.0,37,11.520105926055331,98.0408510239876,0.9693976459990932,0.63
main,v040,pinned,reference,-,deployed,-1,B,Centralized PPO|central_nr_seed13/ppo_multi_site.zip,Centralized PPO,13,L,"June 2026, current reward",all,-7967.978345043853,5699.784398433535,2260.3665856103185,1.3273609999999998,6.5,2057.396936532955,2057.0650962829545,0.0094152626362735,0.0040634291377601,0.0056491575817641,0.0094152626362735,0.03201189296333,69,0.6564915758176413,95,10.39327561817927,252.72347151075763,0.8931110826702874,0.63
main,v040,pinned,reference,-,deployed,-1,B,Centralized PPO|central_nr_seed13/ppo_multi_site.zip,Centralized PPO,13,L,"June 2026, current reward",0,-1321.3628235601147,1321.3628235601147,0.0,0.0,0.0,206.76482886375948,206.76482886375948,0.0,0.0,0.0,0.0,0.0,0,0.0,0,0.0,0.0,0.0,0.63
main,v040,pinned,reference,-,deployed,-1,B,Centralized PPO|central_nr_seed13/ppo_multi_site.zip,Centralized PPO,13,L,"June 2026, current reward",1,-1082.8699775515147,486.7439977338876,593.0950354176271,0.5309444000000001,2.5,197.3498518295046,197.2171157295046,0.0267591674925668,0.0,0.0267591674925668,0.0267591674925668,0.176412289395441,27,2.5688800792864224,27,10.07607797608541,250.4417274498689,0.8322160931081816,0.63
main,v040,pinned,reference,-,deployed,-1,B,Centralized PPO|central_nr_seed13/ppo_multi_site.zip,Centralized PPO,13,L,"June 2026, current reward",2,-285.28923413277505,285.28923413277505,0.0,0.0,0.0,207.1713075786564,207.1713075786564,0.0,0.0,0.0,0.0,0.0,0,0.0,0,0.0,0.0,0.0,0.63
main,v040,pinned,reference,-,deployed,-1,B,Centralized PPO|central_nr_seed13/ppo_multi_site.zip,Centralized PPO,13,L,"June 2026, current reward",3,-164.9083368012709,137.9083368012709,27.0,0.0,0.0,207.4735519990071,207.4735519990071,0.0009910802775024,0.0009910802775024,0.0,0.0009910802775024,0.0,0,0.0,1,11.348264840677446,11.348264840677446,1.0,0.63
main,v040,pinned,reference,-,deployed,-1,B,Centralized PPO|central_nr_seed13/ppo_multi_site.zip,Centralized PPO,13,L,"June 2026, current reward",4,-1287.8333073978347,961.0014008493828,324.56643434845193,0.2654722,2.0,209.7447873216205,209.67841927162047,0.0148662041625371,0.0,0.0148662041625371,0.0148662041625371,0.0198216055500495,14,1.33201189296333,15,0.8293156983207651,1.1208543298630762,0.82125874299656,0.63
main,v040,pinned,reference,-,deployed,-1,B,Centralized PPO|central_nr_seed13/ppo_multi_site.zip,Centralized PPO,13,L,"June 2026, current reward",5,-443.2354064658647,443.2354064658647,0.0,0.0,0.0,207.06756236764485,207.06756236764485,0.0,0.0,0.0,0.0,0.0,0,0.0,0,0.0,0.0,0.0,0.63
main,v040,pinned,reference,-,deployed,-1,B,Centralized PPO|central_nr_seed13/ppo_multi_site.zip,Centralized PPO,13,L,"June 2026, current reward",6,-1011.157946815626,956.620022215626,54.0,0.0379246,0.5,207.46260441601763,207.45312326601768,0.0019821605550049,0.0009910802775024,0.0019821605550049,0.0019821605550049,0.0009910802775024,2,0.1902874132804757,2,126.92216292031036,252.72347151075763,1.0,0.63
main,v040,pinned,reference,-,deployed,-1,B,Centralized PPO|central_nr_seed13/ppo_multi_site.zip,Centralized PPO,13,L,"June 2026, current reward",7,-923.382260083823,624.7155114985765,296.67372878524657,0.4930198,1.5,199.7344459673401,199.6111910173401,0.0128840436075322,0.0019821605550049,0.0128840436075322,0.0128840436075322,0.1228939544103072,26,2.4737363726461843,13,0.8792948425052078,1.1208543298630764,0.8607018686801192,0.63
main,v040,pinned,reference,-,deployed,-1,B,Centralized PPO|central_nr_seed13/ppo_multi_site.zip,Centralized PPO,13,L,"June 2026, current reward",8,-401.8972026202573,401.8972026202573,0.0,0.0,0.0,207.0648652729552,207.0648652729552,0.0,0.0,0.0,0.0,0.0,0,0.0,0,0.0,0.0,0.0,0.63
main,v040,pinned,reference,-,deployed,-1,B,Centralized PPO|central_nr_seed13/ppo_multi_site.zip,Centralized PPO,13,L,"June 2026, current reward",9,-1046.0418496147722,81.01046255577924,965.031387058993,0.0,0.0,207.5631309164488,207.5631309164488,0.0366699702675916,0.0366699702675916,0.0,0.0366699702675916,0.0,0,0.0,37,11.520105926055331,98.0408510239876,0.9693976459990932,0.63
main,v040,pinned,reference,-,deployed,-1,B,Centralized PPO|central_nr_seed42/ppo_multi_site.zip,Centralized PPO,42,L,"June 2026, current reward",all,-11520.275892777545,5747.535319942108,5772.740552235437,2.06e-05,0.0,2094.727335644277,2094.7273304942773,0.0254707631318136,0.0052527254707631,0.0217046580773042,0.0254707631318136,0.1,0,0.0,257,20.940847910217567,1757.601078033768,0.8487341831693173,0.63
main,v040,pinned,reference,-,deployed,-1,B,Centralized PPO|central_nr_seed42/ppo_multi_site.zip,Centralized PPO,42,L,"June 2026, current reward",0,-5640.553888611241,859.844702834798,4780.709165176443,2.06e-05,0.0,230.7680525810706,230.7680474310706,0.2170465807730426,0.0148662041625371,0.2170465807730426,0.2170465807730426,1.0,0,0.0,219,22.57628186676342,1757.601078033768,0.8276574071805849,0.63
main,v040,pinned,reference,-,deployed,-1,B,Centralized PPO|central_nr_seed42/ppo_multi_site.zip,Centralized PPO,42,L,"June 2026, current reward",1,-868.6909379595984,868.6909379595984,0.0,0.0,0.0,206.98809577356093,206.98809577356093,0.0,0.0,0.0,0.0,0.0,0,0.0,0,0.0,0.0,0.0,0.63
main,v040,pinned,reference,-,deployed,-1,B,Centralized PPO|central_nr_seed42/ppo_multi_site.zip,Centralized PPO,42,L,"June 2026, current reward",2,-285.28923413277505,285.28923413277505,0.0,0.0,0.0,207.1713075786564,207.1713075786564,0.0,0.0,0.0,0.0,0.0,0,0.0,0,0.0,0.0,0.0,0.63
main,v040,pinned,reference,-,deployed,-1,B,Centralized PPO|central_nr_seed42/ppo_multi_site.zip,Centralized PPO,42,L,"June 2026, current reward",3,-164.9083368012709,137.9083368012709,27.0,0.0,0.0,207.4735519990071,207.4735519990071,0.0009910802775024,0.0009910802775024,0.0,0.0009910802775024,0.0,0,0.0,1,11.348264840677446,11.348264840677446,1.0,0.63
main,v040,pinned,reference,-,deployed,-1,B,Centralized PPO|central_nr_seed42/ppo_multi_site.zip,Centralized PPO,42,L,"June 2026, current reward",4,-955.9099470016704,955.9099470016704,0.0,0.0,0.0,206.8900205483648,206.8900205483648,0.0,0.0,0.0,0.0,0.0,0,0.0,0,0.0,0.0,0.0,0.63
main,v040,pinned,reference,-,deployed,-1,B,Centralized PPO|central_nr_seed42/ppo_multi_site.zip,Centralized PPO,42,L,"June 2026, current reward",5,-443.2354064658647,443.2354064658647,0.0,0.0,0.0,207.06756236764485,207.06756236764485,0.0,0.0,0.0,0.0,0.0,0,0.0,0,0.0,0.0,0.0,0.63
main,v040,pinned,reference,-,deployed,-1,B,Centralized PPO|central_nr_seed42/ppo_multi_site.zip,Centralized PPO,42,L,"June 2026, current reward",6,-956.035584728772,956.035584728772,0.0,0.0,0.0,206.8610364136887,206.8610364136887,0.0,0.0,0.0,0.0,0.0,0,0.0,0,0.0,0.0,0.0,0.63
main,v040,pinned,reference,-,deployed,-1,B,Centralized PPO|central_nr_seed42/ppo_multi_site.zip,Centralized PPO,42,L,"June 2026, current reward",7,-757.7135048413222,757.7135048413222,0.0,0.0,0.0,206.87971219287988,206.87971219287988,0.0,0.0,0.0,0.0,0.0,0,0.0,0,0.0,0.0,0.0,0.63
main,v040,pinned,reference,-,deployed,-1,B,Centralized PPO|central_nr_seed42/ppo_multi_site.zip,Centralized PPO,42,L,"June 2026, current reward",8,-401.8972026202573,401.8972026202573,0.0,0.0,0.0,207.0648652729552,207.0648652729552,0.0,0.0,0.0,0.0,0.0,0,0.0,0,0.0,0.0,0.0,0.63
main,v040,pinned,reference,-,deployed,-1,B,Centralized PPO|central_nr_seed42/ppo_multi_site.zip,Centralized PPO,42,L,"June 2026, current reward",9,-1046.0418496147722,81.01046255577924,965.031387058993,0.0,0.0,207.5631309164488,207.5631309164488,0.0366699702675916,0.0366699702675916,0.0,0.0366699702675916,0.0,0,0.0,37,11.520105926055331,98.0408510239876,0.9693976459990932,0.63
main,v040,pinned,reference,-,deployed,-1,B,Centralized PPO|central_nr_seed23/ppo_multi_site.zip,Centralized PPO,23,L,"Aug 2026, current reward",all,-27425.163740184813,5043.193504216015,22293.1817119688,6.788524,82.0,2251.870614639982,2250.173483639981,0.096432111000991,0.0222001982160555,0.0926660059464816,0.096432111000991,0.2676907829534192,354,3.36808721506442,973,96.0689548977601,2688.986588123172,0.8637266773541897,0.63
main,v040,pinned,reference,-,deployed,-1,B,Centralized PPO|central_nr_seed23/ppo_multi_site.zip,Centralized PPO,23,L,"Aug 2026, current reward",0,-5658.8222704722775,846.3151768958348,4780.709165176443,2.0479284,29.75,223.495102241172,222.983120141172,0.2170465807730426,0.0109018830525272,0.2170465807730426,0.2170465807730426,0.9464816650148662,107,10.180376610505451,219,22.57628186676342,1757.601078033768,0.8276574071805849,0.63
main,v040,pinned,reference,-,deployed,-1,B,Centralized PPO|central_nr_seed23/ppo_multi_site.zip,Centralized PPO,23,L,"Aug 2026, current reward",1,-735.5248586565317,594.9450204780967,137.33681837843503,0.4930198,2.75,199.9066861602423,199.7834312102423,0.0059464816650148,0.0,0.0059464816650148,0.0059464816650148,0.0743310208126858,25,2.3785926660059467,6,0.8647897460457394,1.010844530326601,0.8629823243246393,0.63
main,v040,pinned,reference,-,deployed,-1,B,Centralized PPO|central_nr_seed23/ppo_multi_site.zip,Centralized PPO,23,L,"Aug 2026, current reward",2,-285.28923413277505,285.28923413277505,0.0,0.0,0.0,207.1713075786564,207.1713075786564,0.0,0.0,0.0,0.0,0.0,0,0.0,0,0.0,0.0,0.0,0.63
main,v040,pinned,reference,-,deployed,-1,B,Centralized PPO|central_nr_seed23/ppo_multi_site.zip,Centralized PPO,23,L,"Aug 2026, current reward",3,-164.9083368012709,137.9083368012709,27.0,0.0,0.0,207.4735519990071,207.4735519990071,0.0009910802775024,0.0009910802775024,0.0,0.0009910802775024,0.0,0,0.0,1,11.348264840677446,11.348264840677446,1.0,0.63
main,v040,pinned,reference,-,deployed,-1,B,Centralized PPO|central_nr_seed23/ppo_multi_site.zip,Centralized PPO,23,L,"Aug 2026, current reward",4,-1026.2223466087414,603.5991054572441,406.89842775149725,1.0998134,14.625,193.7483673076329,193.4734139576329,0.0178394449950445,0.0019821605550049,0.0178394449950445,0.0178394449950445,0.1754212091179385,57,5.423191278493558,18,0.8669438658208923,1.1208543298630762,0.8535156069472172,0.63
main,v040,pinned,reference,-,deployed,-1,B,Centralized PPO|central_nr_seed23/ppo_multi_site.zip,Centralized PPO,23,L,"Aug 2026, current reward",5,-1475.3474789193858,373.4987838020471,1100.1435999173386,0.4550952,1.25,210.5067382383924,210.39296443839237,0.0495540138751238,0.0019821605550049,0.0495540138751238,0.0495540138751238,0.1585728444003964,23,2.188305252725471,50,28.59205057461745,1388.568512410705,0.8334290666115589,0.63
main,v040,pinned,reference,-,deployed,-1,B,Centralized PPO|central_nr_seed23/ppo_multi_site.zip,Centralized PPO,23,L,"Aug 2026, current reward",6,-11944.346340422187,1101.725183301492,10829.798021520695,0.9481356,11.875,361.1121954962901,360.8751615962901,0.4558969276511397,0.151635282457879,0.4558969276511397,0.4558969276511397,0.8166501486620417,51,4.852329038652131,460,170.43045472845694,2688.986588123172,0.8847679725739634,0.63
main,v040,pinned,reference,-,deployed,-1,B,Centralized PPO|central_nr_seed23/ppo_multi_site.zip,Centralized PPO,23,L,"Aug 2026, current reward",7,-4686.76382193661,617.004998171217,4046.264292165393,1.7445316000000002,21.75,233.8286694291844,233.3925365291844,0.1803766105054509,0.0178394449950445,0.1803766105054509,0.1803766105054509,0.5054509415262636,91,8.658077304261646,182,45.301592146772194,2688.986588123172,0.8410740461841378,0.63
main,v040,pinned,reference,-,deployed,-1,B,Centralized PPO|central_nr_seed23/ppo_multi_site.zip,Centralized PPO,23,L,"Aug 2026, current reward",8,-401.8972026202573,401.8972026202573,0.0,0.0,0.0,207.0648652729552,207.0648652729552,0.0,0.0,0.0,0.0,0.0,0,0.0,0,0.0,0.0,0.0,0.63
main,v040,pinned,reference,-,deployed,-1,B,Centralized PPO|central_nr_seed23/ppo_multi_site.zip,Centralized PPO,23,L,"Aug 2026, current reward",9,-1046.0418496147722,81.01046255577924,965.031387058993,0.0,0.0,207.5631309164488,207.5631309164488,0.0366699702675916,0.0366699702675916,0.0,0.0366699702675916,0.0,0,0.0,37,11.520105926055331,98.0408510239876,0.9693976459990932,0.63
main,v040,pinned,reference,-,deployed,-1,B,Centralized PPO|central_nr_seed64/ppo_multi_site.zip,Centralized PPO,64,L,"Aug 2026, current reward",all,-24040.16814605056,5527.000210184621,18443.605737065933,4.4371988,65.125,2235.983955093967,2234.874655393967,0.0791873141724479,0.0201189296333003,0.0754212091179385,0.0791873141724479,0.1840436075322101,233,2.216848364717542,799,74.16801039713305,3311.7660410036906,0.8694453791016242,0.65
main,v040,pinned,reference,-,deployed,-1,B,Centralized PPO|central_nr_seed64/ppo_multi_site.zip,Centralized PPO,64,L,"Aug 2026, current reward",0,-5640.553888611241,859.844702834798,4780.709165176443,2.06e-05,0.0,230.7680525810706,230.7680474310706,0.2170465807730426,0.0148662041625371,0.2170465807730426,0.2170465807730426,1.0,0,0.0,219,22.576281866763424,1757.601078033768,0.8276574071805849,0.65
main,v040,pinned,reference,-,deployed,-1,B,Centralized PPO|central_nr_seed64/ppo_multi_site.zip,Centralized PPO,64,L,"Aug 2026, current reward",1,-3816.1191106150654,503.4485228244073,3293.7940759906583,1.2515118,17.625,225.2347759995069,224.9218980495069,0.1456888007928642,0.0128840436075322,0.1456888007928642,0.1456888007928642,0.3835480673934588,65,6.184340931615461,147,19.5540403435667,252.72347151075763,0.8468920807235054,0.65
main,v040,pinned,reference,-,deployed,-1,B,Centralized PPO|central_nr_seed64/ppo_multi_site.zip,Centralized PPO,64,L,"Aug 2026, current reward",2,-285.28923413277505,285.28923413277505,0.0,0.0,0.0,207.1713075786564,207.1713075786564,0.0,0.0,0.0,0.0,0.0,0,0.0,0,0.0,0.0,0.0,0.65
main,v040,pinned,reference,-,deployed,-1,B,Centralized PPO|central_nr_seed64/ppo_multi_site.zip,Centralized PPO,64,L,"Aug 2026, current reward",3,-164.9083368012709,137.9083368012709,27.0,0.0,0.0,207.4735519990071,207.4735519990071,0.0009910802775024,0.0009910802775024,0.0,0.0009910802775024,0.0,0,0.0,1,11.348264840677446,11.348264840677446,1.0,0.65
main,v040,pinned,reference,-,deployed,-1,B,Centralized PPO|central_nr_seed64/ppo_multi_site.zip,Centralized PPO,64,L,"Aug 2026, current reward",4,-10528.374027619217,1100.6172523793743,9377.071108839838,3.1856664,47.5,329.8999597721087,329.1035431721087,0.3914767096134787,0.1357779980178394,0.3914767096134787,0.3914767096134787,0.4568880079286422,168,15.984142715559962,395,129.12404674399764,3311.7660410036906,0.891314017623615,0.65
main,v040,pinned,reference,-,deployed,-1,B,Centralized PPO|central_nr_seed64/ppo_multi_site.zip,Centralized PPO,64,L,"Aug 2026, current reward",5,-443.2354064658647,443.2354064658647,0.0,0.0,0.0,207.06756236764485,207.06756236764485,0.0,0.0,0.0,0.0,0.0,0,0.0,0,0.0,0.0,0.0,0.65
main,v040,pinned,reference,-,deployed,-1,B,Centralized PPO|central_nr_seed64/ppo_multi_site.zip,Centralized PPO,64,L,"Aug 2026, current reward",6,-956.0355847287718,956.0355847287718,0.0,0.0,0.0,206.86103641368868,206.86103641368868,0.0,0.0,0.0,0.0,0.0,0,0.0,0,0.0,0.0,0.0,0.65
main,v040,pinned,reference,-,deployed,-1,B,Centralized PPO|central_nr_seed64/ppo_multi_site.zip,Centralized PPO,64,L,"Aug 2026, current reward",7,-757.7135048413222,757.7135048413222,0.0,0.0,0.0,206.87971219287988,206.87971219287988,0.0,0.0,0.0,0.0,0.0,0,0.0,0,0.0,0.0,0.0,0.65
main,v040,pinned,reference,-,deployed,-1,B,Centralized PPO|central_nr_seed64/ppo_multi_site.zip,Centralized PPO,64,L,"Aug 2026, current reward",8,-401.8972026202573,401.8972026202573,0.0,0.0,0.0,207.0648652729552,207.0648652729552,0.0,0.0,0.0,0.0,0.0,0,0.0,0,0.0,0.0,0.0,0.65
main,v040,pinned,reference,-,deployed,-1,B,Centralized PPO|central_nr_seed64/ppo_multi_site.zip,Centralized PPO,64,L,"Aug 2026, current reward",9,-1046.0418496147718,81.01046255577924,965.0313870589926,0.0,0.0,207.5631309164488,207.5631309164488,0.0366699702675916,0.0366699702675916,0.0,0.0366699702675916,0.0,0,0.0,37,11.520105926055331,98.0408510239876,0.9693976459990924,0.65
main,v040,pinned,reference,-,deployed,-1,B,Centralized PPO|central_nr_seed77/ppo_multi_site.zip,Centralized PPO,77,L,"Aug 2026, current reward",all,-23281.84343756237,5148.34192232074,18113.94932024163,2.427195,17.125,2207.7415044013514,2207.1347056513514,0.0789890981169474,0.0162537165510406,0.075222993062438,0.0789890981169474,0.210406342913776,126,1.198810703666997,797,38.64354920491958,1757.601078033768,0.8575888465178433,0.65
main,v040,pinned,reference,-,deployed,-1,B,Centralized PPO|central_nr_seed77/ppo_multi_site.zip,Centralized PPO,77,L,"Aug 2026, current reward",0,-5640.553888611241,859.844702834798,4780.709165176443,2.06e-05,0.0,230.7680525810706,230.7680474310706,0.2170465807730426,0.0148662041625371,0.2170465807730426,0.2170465807730426,1.0,0,0.0,219,22.576281866763424,1757.601078033768,0.8276574071805849,0.65
main,v040,pinned,reference,-,deployed,-1,B,Centralized PPO|central_nr_seed77/ppo_multi_site.zip,Centralized PPO,77,L,"Aug 2026, current reward",1,-1860.3449532202176,483.065499199475,1373.634735820743,0.6447182,3.0,205.61277576085087,205.45159621085088,0.0614469772051536,0.0049554013875123,0.0614469772051536,0.0614469772051536,0.2556987115956392,33,3.139742319127849,62,16.950770900427987,250.75161537630956,0.8385132988283562,0.65
main,v040,pinned,reference,-,deployed,-1,B,Centralized PPO|central_nr_seed77/ppo_multi_site.zip,Centralized PPO,77,L,"Aug 2026, current reward",2,-285.28923413277505,285.28923413277505,0.0,0.0,0.0,207.1713075786564,207.1713075786564,0.0,0.0,0.0,0.0,0.0,0,0.0,0,0.0,0.0,0.0,0.65
main,v040,pinned,reference,-,deployed,-1,B,Centralized PPO|central_nr_seed77/ppo_multi_site.zip,Centralized PPO,77,L,"Aug 2026, current reward",3,-164.9083368012709,137.9083368012709,27.0,0.0,0.0,207.4735519990071,207.4735519990071,0.0009910802775024,0.0009910802775024,0.0,0.0009910802775024,0.0,0,0.0,1,11.348264840677446,11.348264840677446,1.0,0.65
main,v040,pinned,reference,-,deployed,-1,B,Centralized PPO|central_nr_seed77/ppo_multi_site.zip,Centralized PPO,77,L,"Aug 2026, current reward",4,-10689.045738304616,729.1055442439645,9952.628305260652,1.0618888,6.25,310.3982450909345,310.1327728909346,0.4311199207135778,0.0941526263627353,0.4311199207135778,0.4311199207135778,0.8067393458870169,55,5.232903865213083,435,36.70811455411319,1757.601078033768,0.862653509981659,0.65
main,v040,pinned,reference,-,deployed,-1,B,Centralized PPO|central_nr_seed77/ppo_multi_site.zip,Centralized PPO,77,L,"Aug 2026, current reward",5,-443.2354064658647,443.2354064658647,0.0,0.0,0.0,207.06756236764485,207.06756236764485,0.0,0.0,0.0,0.0,0.0,0,0.0,0,0.0,0.0,0.0,0.65
main,v040,pinned,reference,-,deployed,-1,B,Centralized PPO|central_nr_seed77/ppo_multi_site.zip,Centralized PPO,77,L,"Aug 2026, current reward",6,-1992.8133229500347,969.272028625234,1014.9457269248009,0.7205674000000001,7.875,217.74230064090293,217.5621587909029,0.0426164519326065,0.0109018830525272,0.0426164519326065,0.0426164519326065,0.041625371655104,38,3.615460852329039,43,195.30542270998177,1757.601078033768,0.8867796332750394,0.65
main,v040,pinned,reference,-,deployed,-1,B,Centralized PPO|central_nr_seed77/ppo_multi_site.zip,Centralized PPO,77,L,"Aug 2026, current reward",7,-757.7135048413222,757.7135048413222,0.0,0.0,0.0,206.87971219287988,206.87971219287988,0.0,0.0,0.0,0.0,0.0,0,0.0,0,0.0,0.0,0.0,0.65
main,v040,pinned,reference,-,deployed,-1,B,Centralized PPO|central_nr_seed77/ppo_multi_site.zip,Centralized PPO,77,L,"Aug 2026, current reward",8,-401.8972026202573,401.8972026202573,0.0,0.0,0.0,207.0648652729552,207.0648652729552,0.0,0.0,0.0,0.0,0.0,0,0.0,0,0.0,0.0,0.0,0.65
main,v040,pinned,reference,-,deployed,-1,B,Centralized PPO|central_nr_seed77/ppo_multi_site.zip,Centralized PPO,77,L,"Aug 2026, current reward",9,-1046.0418496147718,81.01046255577924,965.0313870589926,0.0,0.0,207.5631309164488,207.5631309164488,0.0366699702675916,0.0366699702675916,0.0,0.0366699702675916,0.0,0,0.0,37,11.520105926055331,98.0408510239876,0.9693976459990924,0.65
main,v040,pinned,reference,-,deployed,-1,B,Centralized PPO|ppo_multi_site_seed42_20260515T234034/ppo_multi_site.zip,Centralized PPO,42,L,"May 2026, pre-781c90c reward",all,-16058.535636711498,5618.559630072741,10423.833981438758,1.5170252,14.625,2140.2455948426486,2139.8663385426485,0.0450941526263627,0.0115956392467789,0.0413280475718533,0.0450941526263627,0.1475718533201189,80,0.761149653121903,455,88.13234068601555,2314.533510123148,0.8636508411310445,0.65
main,v040,pinned,reference,-,deployed,-1,B,Centralized PPO|ppo_multi_site_seed42_20260515T234034/ppo_multi_site.zip,Centralized PPO,42,L,"May 2026, pre-781c90c reward",0,-5640.553888611241,859.844702834798,4780.709165176443,2.06e-05,0.0,230.7680525810706,230.7680474310706,0.2170465807730426,0.0148662041625371,0.2170465807730426,0.2170465807730426,1.0,0,0.0,219,22.576281866763424,1757.601078033768,0.8276574071805849,0.65
main,v040,pinned,reference,-,deployed,-1,B,Centralized PPO|ppo_multi_site_seed42_20260515T234034/ppo_multi_site.zip,Centralized PPO,42,L,"May 2026, pre-781c90c reward",1,-868.6909379595984,868.6909379595984,0.0,0.0,0.0,206.98809577356093,206.98809577356093,0.0,0.0,0.0,0.0,0.0,0,0.0,0,0.0,0.0,0.0,0.65
main,v040,pinned,reference,-,deployed,-1,B,Centralized PPO|ppo_multi_site_seed42_20260515T234034/ppo_multi_site.zip,Centralized PPO,42,L,"May 2026, pre-781c90c reward",2,-285.28923413277505,285.28923413277505,0.0,0.0,0.0,207.1713075786564,207.1713075786564,0.0,0.0,0.0,0.0,0.0,0,0.0,0,0.0,0.0,0.0,0.65
main,v040,pinned,reference,-,deployed,-1,B,Centralized PPO|ppo_multi_site_seed42_20260515T234034/ppo_multi_site.zip,Centralized PPO,42,L,"May 2026, pre-781c90c reward",3,-164.9083368012709,137.9083368012709,27.0,0.0,0.0,207.4735519990071,207.4735519990071,0.0009910802775024,0.0009910802775024,0.0,0.0009910802775024,0.0,0,0.0,1,11.348264840677446,11.348264840677446,1.0,0.65
main,v040,pinned,reference,-,deployed,-1,B,Centralized PPO|ppo_multi_site_seed42_20260515T234034/ppo_multi_site.zip,Centralized PPO,42,L,"May 2026, pre-781c90c reward",4,-3329.18077977838,994.4228069023196,2331.4278570760607,0.4551158,2.875,243.5378829434871,243.42410399348708,0.0921704658077304,0.0535183349851337,0.0921704658077304,0.0921704658077304,0.0842418235877106,25,2.3785926660059467,93,353.47069298506307,2314.533510123148,0.9356372247584444,0.65
main,v040,pinned,reference,-,deployed,-1,B,Centralized PPO|ppo_multi_site_seed42_20260515T234034/ppo_multi_site.zip,Centralized PPO,42,L,"May 2026, pre-781c90c reward",5,-443.2354064658647,443.2354064658647,0.0,0.0,0.0,207.06756236764485,207.06756236764485,0.0,0.0,0.0,0.0,0.0,0,0.0,0,0.0,0.0,0.0,0.65
main,v040,pinned,reference,-,deployed,-1,B,Centralized PPO|ppo_multi_site_seed42_20260515T234034/ppo_multi_site.zip,Centralized PPO,42,L,"May 2026, pre-781c90c reward",6,-956.0355847287718,956.0355847287718,0.0,0.0,0.0,206.86103641368868,206.86103641368868,0.0,0.0,0.0,0.0,0.0,0,0.0,0,0.0,0.0,0.0,0.65
main,v040,pinned,reference,-,deployed,-1,B,Centralized PPO|ppo_multi_site_seed42_20260515T234034/ppo_multi_site.zip,Centralized PPO,42,L,"May 2026, pre-781c90c reward",7,-2922.702415998567,590.2249550713052,2319.665572127262,1.0618888,11.75,215.75010899612877,215.48463679612877,0.1040634291377601,0.0099108027750247,0.1040634291377601,0.1040634291377601,0.3914767096134787,55,5.232903865213083,105,17.57754906286,1757.601078033768,0.8364017689292893,0.65
main,v040,pinned,reference,-,deployed,-1,B,Centralized PPO|ppo_multi_site_seed42_20260515T234034/ppo_multi_site.zip,Centralized PPO,42,L,"May 2026, pre-781c90c reward",8,-401.8972026202573,401.8972026202573,0.0,0.0,0.0,207.0648652729552,207.0648652729552,0.0,0.0,0.0,0.0,0.0,0,0.0,0,0.0,0.0,0.0,0.65
main,v040,pinned,reference,-,deployed,-1,B,Centralized PPO|ppo_multi_site_seed42_20260515T234034/ppo_multi_site.zip,Centralized PPO,42,L,"May 2026, pre-781c90c reward",9,-1046.0418496147718,81.01046255577924,965.0313870589926,0.0,0.0,207.5631309164488,207.5631309164488,0.0366699702675916,0.0366699702675916,0.0,0.0366699702675916,0.0,0,0.0,37,11.520105926055331,98.0408510239876,0.9693976459990924,0.65
main,v040,pinned,reference,-,deployed,-1,B,Centralized PPO|ppo_multi_site_seed7_20260516T092256/ppo_multi_site.zip,Centralized PPO,7,L,"May 2026, pre-781c90c reward",all,-7688.946251618462,6085.321354498476,1600.1543297199878,0.7205674,2.75,2070.408740906606,2070.228599056605,0.0063429137760158,0.0041625371655104,0.0025768087215064,0.0063429137760158,0.009217046580773,36,0.3425173439048563,64,71.06247360838245,1388.568512410705,0.9334137133958268,0.65
main,v040,pinned,reference,-,deployed,-1,B,Centralized PPO|ppo_multi_site_seed7_20260516T092256/ppo_multi_site.zip,Centralized PPO,7,L,"May 2026, pre-781c90c reward",0,-1321.362823560115,1321.362823560115,0.0,0.0,0.0,206.7648288637595,206.7648288637595,0.0,0.0,0.0,0.0,0.0,0,0.0,0,0.0,0.0,0.0,0.65
main,v040,pinned,reference,-,deployed,-1,B,Centralized PPO|ppo_multi_site_seed7_20260516T092256/ppo_multi_site.zip,Centralized PPO,7,L,"May 2026, pre-781c90c reward",1,-848.6548477342544,776.4020720653173,71.11230346893717,0.2654722,0.875,204.61207339454523,204.54570534454524,0.0029732408325074,0.0,0.0029732408325074,0.0029732408325074,0.0297324083250743,14,1.33201189296333,3,0.8937515486526134,1.010844530326601,0.8901367052104131,0.65
main,v040,pinned,reference,-,deployed,-1,B,Centralized PPO|ppo_multi_site_seed7_20260516T092256/ppo_multi_site.zip,Centralized PPO,7,L,"May 2026, pre-781c90c reward",2,-285.28923413277505,285.28923413277505,0.0,0.0,0.0,207.1713075786564,207.1713075786564,0.0,0.0,0.0,0.0,0.0,0,0.0,0,0.0,0.0,0.0,0.65
main,v040,pinned,reference,-,deployed,-1,B,Centralized PPO|ppo_multi_site_seed7_20260516T092256/ppo_multi_site.zip,Centralized PPO,7,L,"May 2026, pre-781c90c reward",3,-164.9083368012709,137.9083368012709,27.0,0.0,0.0,207.4735519990071,207.4735519990071,0.0009910802775024,0.0009910802775024,0.0,0.0009910802775024,0.0,0,0.0,1,11.348264840677446,11.348264840677446,1.0,0.65
main,v040,pinned,reference,-,deployed,-1,B,Centralized PPO|ppo_multi_site_seed7_20260516T092256/ppo_multi_site.zip,Centralized PPO,7,L,"May 2026, pre-781c90c reward",4,-955.9099470016704,955.9099470016704,0.0,0.0,0.0,206.8900205483648,206.8900205483648,0.0,0.0,0.0,0.0,0.0,0,0.0,0,0.0,0.0,0.0,0.65
main,v040,pinned,reference,-,deployed,-1,B,Centralized PPO|ppo_multi_site_seed7_20260516T092256/ppo_multi_site.zip,Centralized PPO,7,L,"May 2026, pre-781c90c reward",5,-845.9341836618064,410.5817636355195,433.97317402628687,0.379246,1.0,207.52593301910173,207.4311215191017,0.018830525272547,0.0019821605550049,0.018830525272547,0.018830525272547,0.0594648166501486,19,1.8077304261645195,19,0.8804387082701118,1.1208543298630764,0.8613564456601525,0.65
main,v040,pinned,reference,-,deployed,-1,B,Centralized PPO|ppo_multi_site_seed7_20260516T092256/ppo_multi_site.zip,Centralized PPO,7,L,"May 2026, pre-781c90c reward",6,-956.0355847287718,956.0355847287718,0.0,0.0,0.0,206.86103641368868,206.86103641368868,0.0,0.0,0.0,0.0,0.0,0,0.0,0,0.0,0.0,0.0,0.65
main,v040,pinned,reference,-,deployed,-1,B,Centralized PPO|ppo_multi_site_seed7_20260516T092256/ppo_multi_site.zip,Centralized PPO,7,L,"May 2026, pre-781c90c reward",7,-780.7411248011654,758.1657350353942,22.0374651657712,0.0379246,0.5,207.13454029256872,207.12505914256872,0.0009910802775024,0.0,0.0009910802775024,0.0009910802775024,0.0009910802775024,1,0.0951437066402378,1,0.8345821721923734,0.8345821721923734,0.8345821721923734,0.65
main,v040,pinned,reference,-,deployed,-1,B,Centralized PPO|ppo_multi_site_seed7_20260516T092256/ppo_multi_site.zip,Centralized PPO,7,L,"May 2026, pre-781c90c reward",8,-484.06831958186166,402.6553949818616,81.0,0.0379246,0.375,208.41231788046463,208.40283673046463,0.0029732408325074,0.0019821605550049,0.0029732408325074,0.0029732408325074,0.0019821605550049,2,0.1902874132804757,3,1363.3873181854897,1388.568512410705,1.0,0.65
main,v040,pinned,reference,-,deployed,-1,B,Centralized PPO|ppo_multi_site_seed7_20260516T092256/ppo_multi_site.zip,Centralized PPO,7,L,"May 2026, pre-781c90c reward",9,-1046.0418496147718,81.01046255577924,965.0313870589926,0.0,0.0,207.5631309164488,207.5631309164488,0.0366699702675916,0.0366699702675916,0.0,0.0366699702675916,0.0,0,0.0,37,11.520105926055331,98.0408510239876,0.9693976459990924,0.65
main,v040,pinned,reference,-,deployed,-1,B,Centralized PPO|ppo_multi_site_seed13_20260516T092257/ppo_multi_site.zip,Centralized PPO,13,L,"May 2026, pre-781c90c reward",all,-17407.56258291673,5662.5471651586,11733.520865558126,1.7445522000000002,9.75,2182.459361729304,2182.023223679304,0.0488602576808721,0.0185332011892963,0.0450941526263627,0.0488602576808721,0.1098116947472745,92,0.8753221010901883,493,133.91766482746246,2688.986588123172,0.893341505446797,0.65
main,v040,pinned,reference,-,deployed,-1,B,Centralized PPO|ppo_multi_site_seed13_20260516T092257/ppo_multi_site.zip,Centralized PPO,13,L,"May 2026, pre-781c90c reward",0,-1321.362823560115,1321.362823560115,0.0,0.0,0.0,206.7648288637595,206.7648288637595,0.0,0.0,0.0,0.0,0.0,0,0.0,0,0.0,0.0,0.0,0.65
main,v040,pinned,reference,-,deployed,-1,B,Centralized PPO|ppo_multi_site_seed13_20260516T092257/ppo_multi_site.zip,Centralized PPO,13,L,"May 2026, pre-781c90c reward",1,-2208.884532983914,891.0325716842024,1317.0485644997116,0.3033968,0.5,226.56785392245985,226.49200472245985,0.0525272547076313,0.0277502477700693,0.0525272547076313,0.0525272547076313,0.0455896927651139,16,1.522299306243806,53,167.59658077658193,1757.601078033768,0.9283324305029632,0.65
main,v040,pinned,reference,-,deployed,-1,B,Centralized PPO|ppo_multi_site_seed13_20260516T092257/ppo_multi_site.zip,Centralized PPO,13,L,"May 2026, pre-781c90c reward",2,-285.28923413277505,285.28923413277505,0.0,0.0,0.0,207.1713075786564,207.1713075786564,0.0,0.0,0.0,0.0,0.0,0,0.0,0,0.0,0.0,0.0,0.65
main,v040,pinned,reference,-,deployed,-1,B,Centralized PPO|ppo_multi_site_seed13_20260516T092257/ppo_multi_site.zip,Centralized PPO,13,L,"May 2026, pre-781c90c reward",3,-164.9083368012709,137.9083368012709,27.0,0.0,0.0,207.4735519990071,207.4735519990071,0.0009910802775024,0.0009910802775024,0.0,0.0009910802775024,0.0,0,0.0,1,11.348264840677446,11.348264840677446,1.0,0.65
main,v040,pinned,reference,-,deployed,-1,B,Centralized PPO|ppo_multi_site_seed13_20260516T092257/ppo_multi_site.zip,Centralized PPO,13,L,"May 2026, pre-781c90c reward",4,-921.4732917238956,560.0127826664252,356.6037154574704,0.6067936,4.25,190.812550161264,190.660851761264,0.0158572844400396,0.0019821605550049,0.0158572844400396,0.0158572844400396,0.1942517343904856,32,3.044598612487612,16,32.0694297248582,250.75161537630956,0.8429244072030633,0.65
main,v040,pinned,reference,-,deployed,-1,B,Centralized PPO|ppo_multi_site_seed13_20260516T092257/ppo_multi_site.zip,Centralized PPO,13,L,"May 2026, pre-781c90c reward",5,-443.2354064658647,443.2354064658647,0.0,0.0,0.0,207.06756236764485,207.06756236764485,0.0,0.0,0.0,0.0,0.0,0,0.0,0,0.0,0.0,0.0,0.65
main,v040,pinned,reference,-,deployed,-1,B,Centralized PPO|ppo_multi_site_seed13_20260516T092257/ppo_multi_site.zip,Centralized PPO,13,L,"May 2026, pre-781c90c reward",6,-9584.9195245843,779.4989021743692,8800.575034409929,0.720588,4.125,311.8685304242375,311.68838342423754,0.3716551040634291,0.1129831516352824,0.3716551040634291,0.3716551040634291,0.8503468780971258,38,3.615460852329039,375,147.24513220106422,2688.986588123172,0.8822733363919939,0.65
main,v040,pinned,reference,-,deployed,-1,B,Centralized PPO|ppo_multi_site_seed13_20260516T092257/ppo_multi_site.zip,Centralized PPO,13,L,"May 2026, pre-781c90c reward",7,-1029.550380429564,761.299442497542,267.262164132022,0.1137738,0.875,210.10518022287076,210.07673677287076,0.0109018830525272,0.0049554013875123,0.0109018830525272,0.0109018830525272,0.0079286422200198,6,0.5708622398414271,11,88.28748578896317,462.4086654618488,0.909885345854612,0.65
main,v040,pinned,reference,-,deployed,-1,B,Centralized PPO|ppo_multi_site_seed13_20260516T092257/ppo_multi_site.zip,Centralized PPO,13,L,"May 2026, pre-781c90c reward",8,-401.8972026202573,401.8972026202573,0.0,0.0,0.0,207.0648652729552,207.0648652729552,0.0,0.0,0.0,0.0,0.0,0,0.0,0,0.0,0.0,0.0,0.65
main,v040,pinned,reference,-,deployed,-1,B,Centralized PPO|ppo_multi_site_seed13_20260516T092257/ppo_multi_site.zip,Centralized PPO,13,L,"May 2026, pre-781c90c reward",9,-1046.0418496147718,81.01046255577924,965.0313870589926,0.0,0.0,207.5631309164488,207.5631309164488,0.0366699702675916,0.0366699702675916,0.0,0.0366699702675916,0.0,0,0.0,37,11.520105926055331,98.0408510239876,0.9693976459990924,0.65
main,v040,pinned,reference,-,deployed,-1,B,Centralized PPO|ppo_multi_site_seed99_20260516T092259/ppo_multi_site.zip,Centralized PPO,99,L,"May 2026, pre-781c90c reward",all,-7918.769097485189,5723.081097131381,2188.137337753807,1.1756626,6.375,2052.718112616968,2052.4241969669683,0.0090188305252725,0.0044598612487611,0.0052527254707631,0.0090188305252725,0.0461843409316154,61,0.580376610505451,91,24.619133402903486,1757.601078033768,0.901515508334728,0.65
main,v040,pinned,reference,-,deployed,-1,B,Centralized PPO|ppo_multi_site_seed99_20260516T092259/ppo_multi_site.zip,Centralized PPO,99,L,"May 2026, pre-781c90c reward",0,-1321.362823560115,1321.362823560115,0.0,0.0,0.0,206.7648288637595,206.7648288637595,0.0,0.0,0.0,0.0,0.0,0,0.0,0,0.0,0.0,0.0,0.65
main,v040,pinned,reference,-,deployed,-1,B,Centralized PPO|ppo_multi_site_seed99_20260516T092259/ppo_multi_site.zip,Centralized PPO,99,L,"May 2026, pre-781c90c reward",1,-868.6909379595984,868.6909379595984,0.0,0.0,0.0,206.98809577356093,206.98809577356093,0.0,0.0,0.0,0.0,0.0,0,0.0,0,0.0,0.0,0.0,0.65
main,v040,pinned,reference,-,deployed,-1,B,Centralized PPO|ppo_multi_site_seed99_20260516T092259/ppo_multi_site.zip,Centralized PPO,99,L,"May 2026, pre-781c90c reward",2,-285.28923413277505,285.28923413277505,0.0,0.0,0.0,207.1713075786564,207.1713075786564,0.0,0.0,0.0,0.0,0.0,0,0.0,0,0.0,0.0,0.0,0.65
main,v040,pinned,reference,-,deployed,-1,B,Centralized PPO|ppo_multi_site_seed99_20260516T092259/ppo_multi_site.zip,Centralized PPO,99,L,"May 2026, pre-781c90c reward",3,-164.9083368012709,137.9083368012709,27.0,0.0,0.0,207.4735519990071,207.4735519990071,0.0009910802775024,0.0009910802775024,0.0,0.0009910802775024,0.0,0,0.0,1,11.348264840677446,11.348264840677446,1.0,0.65
main,v040,pinned,reference,-,deployed,-1,B,Centralized PPO|ppo_multi_site_seed99_20260516T092259/ppo_multi_site.zip,Centralized PPO,99,L,"May 2026, pre-781c90c reward",4,-955.9099470016704,955.9099470016704,0.0,0.0,0.0,206.8900205483648,206.8900205483648,0.0,0.0,0.0,0.0,0.0,0,0.0,0,0.0,0.0,0.0,0.65
main,v040,pinned,reference,-,deployed,-1,B,Centralized PPO|ppo_multi_site_seed99_20260516T092259/ppo_multi_site.zip,Centralized PPO,99,L,"May 2026, pre-781c90c reward",5,-443.2354064658647,443.2354064658647,0.0,0.0,0.0,207.06756236764485,207.06756236764485,0.0,0.0,0.0,0.0,0.0,0,0.0,0,0.0,0.0,0.0,0.65
main,v040,pinned,reference,-,deployed,-1,B,Centralized PPO|ppo_multi_site_seed99_20260516T092259/ppo_multi_site.zip,Centralized PPO,99,L,"May 2026, pre-781c90c reward",6,-959.6559351348488,659.1633373496022,296.67372878524657,0.5688690000000001,3.25,194.6474774000524,194.50526015005244,0.0128840436075322,0.0019821605550049,0.0128840436075322,0.0128840436075322,0.1942517343904856,30,2.854311199207136,13,0.879294842505208,1.1208543298630764,0.8607018686801192,0.65
main,v040,pinned,reference,-,deployed,-1,B,Centralized PPO|ppo_multi_site_seed99_20260516T092259/ppo_multi_site.zip,Centralized PPO,99,L,"May 2026, pre-781c90c reward",7,-1471.7774241940165,568.6134086844486,899.4322219095679,0.6067936,3.125,201.0872718965181,200.9355734965181,0.0396432111000991,0.0049554013875123,0.0396432111000991,0.0396432111000991,0.267591674925669,31,2.949454905847374,40,44.78295306517313,1757.601078033768,0.8495268515913066,0.65
main,v040,pinned,reference,-,deployed,-1,B,Centralized PPO|ppo_multi_site_seed99_20260516T092259/ppo_multi_site.zip,Centralized PPO,99,L,"May 2026, pre-781c90c reward",8,-401.8972026202573,401.8972026202573,0.0,0.0,0.0,207.0648652729552,207.0648652729552,0.0,0.0,0.0,0.0,0.0,0,0.0,0,0.0,0.0,0.0,0.65
main,v040,pinned,reference,-,deployed,-1,B,Centralized PPO|ppo_multi_site_seed99_20260516T092259/ppo_multi_site.zip,Centralized PPO,99,L,"May 2026, pre-781c90c reward",9,-1046.0418496147718,81.01046255577924,965.0313870589926,0.0,0.0,207.5631309164488,207.5631309164488,0.0366699702675916,0.0366699702675916,0.0,0.0366699702675916,0.0,0,0.0,37,11.520105926055331,98.0408510239876,0.9693976459990924,0.65
main,v040,pinned,reference,-,deployed,-1,B,Centralized PPO|ppo_multi_site_seed7_20260517T003435/best_model.zip,Centralized PPO,7,L,"May 2026, pre-781c90c reward; run has no final save (best_model.zip only)",all,-30435.965901771426,5470.495907058762,24916.072211712664,3.1477830000000004,46.25,2304.9311486710167,2304.144202921017,0.1077304261645193,0.0260654112983151,0.1039643211100099,0.1077304261645193,0.2586719524281466,166,1.5793855302279487,1087,65.83179279610574,3311.7660410036906,0.8640623186664417,0.65
main,v040,pinned,reference,-,deployed,-1,B,Centralized PPO|ppo_multi_site_seed7_20260517T003435/best_model.zip,Centralized PPO,7,L,"May 2026, pre-781c90c reward; run has no final save (best_model.zip only)",0,-5640.553888611241,859.844702834798,4780.709165176443,2.06e-05,0.0,230.7680525810706,230.7680474310706,0.2170465807730426,0.0148662041625371,0.2170465807730426,0.2170465807730426,1.0,0,0.0,219,22.576281866763424,1757.601078033768,0.8276574071805849,0.65
main,v040,pinned,reference,-,deployed,-1,B,Centralized PPO|ppo_multi_site_seed7_20260517T003435/best_model.zip,Centralized PPO,7,L,"May 2026, pre-781c90c reward; run has no final save (best_model.zip only)",1,-868.6909379595984,868.6909379595984,0.0,0.0,0.0,206.98809577356093,206.98809577356093,0.0,0.0,0.0,0.0,0.0,0,0.0,0,0.0,0.0,0.0,0.65
main,v040,pinned,reference,-,deployed,-1,B,Centralized PPO|ppo_multi_site_seed7_20260517T003435/best_model.zip,Centralized PPO,7,L,"May 2026, pre-781c90c reward; run has no final save (best_model.zip only)",2,-1453.9825336616943,295.4127703075611,1153.2508943541332,0.5688690000000001,4.75,217.9187510852752,217.77653383527516,0.0505450941526263,0.0049554013875123,0.0505450941526263,0.0505450941526263,0.1110009910802775,30,2.854311199207136,51,40.24688964710147,1757.601078033768,0.8537587544798255,0.65
main,v040,pinned,reference,-,deployed,-1,B,Centralized PPO|ppo_multi_site_seed7_20260517T003435/best_model.zip,Centralized PPO,7,L,"May 2026, pre-781c90c reward; run has no final save (best_model.zip only)",3,-164.9083368012709,137.9083368012709,27.0,0.0,0.0,207.4735519990071,207.4735519990071,0.0009910802775024,0.0009910802775024,0.0,0.0009910802775024,0.0,0,0.0,1,11.348264840677446,11.348264840677446,1.0,0.65
main,v040,pinned,reference,-,deployed,-1,B,Centralized PPO|ppo_multi_site_seed7_20260517T003435/best_model.zip,Centralized PPO,7,L,"May 2026, pre-781c90c reward; run has no final save (best_model.zip only)",4,-14755.587581948712,817.6637019258408,13937.923859422872,2.06e-05,0.0,384.7842814706824,384.7842763206824,0.5906838453914767,0.1902874132804757,0.5906838453914767,0.5906838453914767,1.0,0,0.0,596,96.70500733441094,3311.7660410036906,0.8795259429207422,0.65
main,v040,pinned,reference,-,deployed,-1,B,Centralized PPO|ppo_multi_site_seed7_20260517T003435/best_model.zip,Centralized PPO,7,L,"May 2026, pre-781c90c reward; run has no final save (best_model.zip only)",5,-443.2354064658647,443.2354064658647,0.0,0.0,0.0,207.06756236764485,207.06756236764485,0.0,0.0,0.0,0.0,0.0,0,0.0,0,0.0,0.0,0.0,0.65
main,v040,pinned,reference,-,deployed,-1,B,Centralized PPO|ppo_multi_site_seed7_20260517T003435/best_model.zip,Centralized PPO,7,L,"May 2026, pre-781c90c reward; run has no final save (best_model.zip only)",6,-956.0355847287718,956.0355847287718,0.0,0.0,0.0,206.86103641368868,206.86103641368868,0.0,0.0,0.0,0.0,0.0,0,0.0,0,0.0,0.0,0.0,0.65
main,v040,pinned,reference,-,deployed,-1,B,Centralized PPO|ppo_multi_site_seed7_20260517T003435/best_model.zip,Centralized PPO,7,L,"May 2026, pre-781c90c reward; run has no final save (best_model.zip only)",7,-4705.032579359243,608.7968008590199,4052.156905700223,2.5788728,41.5,228.4418207906832,227.7971025906832,0.1813676907829534,0.0128840436075322,0.1813676907829534,0.1813676907829534,0.4757185332011893,136,12.93954410307235,183,35.45674925207612,2688.986588123172,0.838097797031006,0.65
main,v040,pinned,reference,-,deployed,-1,B,Centralized PPO|ppo_multi_site_seed7_20260517T003435/best_model.zip,Centralized PPO,7,L,"May 2026, pre-781c90c reward; run has no final save (best_model.zip only)",8,-401.8972026202573,401.8972026202573,0.0,0.0,0.0,207.0648652729552,207.0648652729552,0.0,0.0,0.0,0.0,0.0,0,0.0,0,0.0,0.0,0.0,0.65
main,v040,pinned,reference,-,deployed,-1,B,Centralized PPO|ppo_multi_site_seed7_20260517T003435/best_model.zip,Centralized PPO,7,L,"May 2026, pre-781c90c reward; run has no final save (best_model.zip only)",9,-1046.0418496147718,81.01046255577924,965.0313870589926,0.0,0.0,207.5631309164488,207.5631309164488,0.0366699702675916,0.0366699702675916,0.0,0.0366699702675916,0.0,0,0.0,37,11.520105926055331,98.0408510239876,0.9693976459990924,0.65
main,v040,pinned,reference,-,deployed,-1,B,Centralized PPO|ppo_multi_site_seed13_20260517T003435/best_model.zip,Centralized PPO,13,L,"May 2026, pre-781c90c reward; run has no final save (best_model.zip only)",all,-29644.00727534866,5184.52198064231,24384.782603106352,4.7026916,70.0,2292.4742463763987,2291.298573476399,0.1038652130822596,0.0273538156590683,0.1000991080277502,0.1038652130822596,0.2418235877106045,247,2.350049554013875,1048,81.15702569665878,2688.986588123172,0.8755974110402783,0.65
main,v040,pinned,reference,-,deployed,-1,B,Centralized PPO|ppo_multi_site_seed13_20260517T003435/best_model.zip,Centralized PPO,13,L,"May 2026, pre-781c90c reward; run has no final save (best_model.zip only)",0,-969.6465476822092,828.3391619037741,137.33681837843508,0.7205674,3.25,180.92414037509397,180.74399852509396,0.0059464816650148,0.0,0.0059464816650148,0.0059464816650148,0.2715559960356788,38,3.615460852329039,6,0.8831247126351521,1.1208543298630764,0.8629823243246393,0.65
main,v040,pinned,reference,-,deployed,-1,B,Centralized PPO|ppo_multi_site_seed13_20260517T003435/best_model.zip,Centralized PPO,13,L,"May 2026, pre-781c90c reward; run has no final save (best_model.zip only)",1,-868.6909379595984,868.6909379595984,0.0,0.0,0.0,206.98809577356093,206.98809577356093,0.0,0.0,0.0,0.0,0.0,0,0.0,0,0.0,0.0,0.0,0.65
main,v040,pinned,reference,-,deployed,-1,B,Centralized PPO|ppo_multi_site_seed13_20260517T003435/best_model.zip,Centralized PPO,13,L,"May 2026, pre-781c90c reward; run has no final save (best_model.zip only)",2,-285.28923413277505,285.28923413277505,0.0,0.0,0.0,207.1713075786564,207.1713075786564,0.0,0.0,0.0,0.0,0.0,0,0.0,0,0.0,0.0,0.0,0.65
main,v040,pinned,reference,-,deployed,-1,B,Centralized PPO|ppo_multi_site_seed13_20260517T003435/best_model.zip,Centralized PPO,13,L,"May 2026, pre-781c90c reward; run has no final save (best_model.zip only)",3,-164.9083368012709,137.9083368012709,27.0,0.0,0.0,207.4735519990071,207.4735519990071,0.0009910802775024,0.0009910802775024,0.0,0.0009910802775024,0.0,0,0.0,1,11.348264840677446,11.348264840677446,1.0,0.65
main,v040,pinned,reference,-,deployed,-1,B,Centralized PPO|ppo_multi_site_seed13_20260517T003435/best_model.zip,Centralized PPO,13,L,"May 2026, pre-781c90c reward; run has no final save (best_model.zip only)",4,-2046.0227699236648,556.9519860327846,1473.60719669088,1.2135872,14.25,199.56912214630748,199.2657253463075,0.0673934588701684,0.0049554013875123,0.0673934588701684,0.0673934588701684,0.3240832507433102,63,5.994053518334986,68,52.492585345252174,1757.601078033768,0.8223564689661177,0.65
main,v040,pinned,reference,-,deployed,-1,B,Centralized PPO|ppo_multi_site_seed13_20260517T003435/best_model.zip,Centralized PPO,13,L,"May 2026, pre-781c90c reward; run has no final save (best_model.zip only)",5,-443.2354064658647,443.2354064658647,0.0,0.0,0.0,207.06756236764485,207.06756236764485,0.0,0.0,0.0,0.0,0.0,0,0.0,0,0.0,0.0,0.0,0.65
main,v040,pinned,reference,-,deployed,-1,B,Centralized PPO|ppo_multi_site_seed13_20260517T003435/best_model.zip,Centralized PPO,13,L,"May 2026, pre-781c90c reward; run has no final save (best_model.zip only)",6,-9412.34058804494,752.4226590737258,8604.649412571214,2.7685164,52.5,294.8090292317878,294.1169001317878,0.3637264618434093,0.0931615460852329,0.3637264618434093,0.3637264618434093,0.8225966303270565,146,13.890981169474728,367,154.21460458234952,2688.986588123172,0.8815303735305372,0.65
main,v040,pinned,reference,-,deployed,-1,B,Centralized PPO|ppo_multi_site_seed13_20260517T003435/best_model.zip,Centralized PPO,13,L,"May 2026, pre-781c90c reward; run has no final save (best_model.zip only)",7,-14005.934402103308,828.7765930964799,13177.157788406828,2.06e-05,0.0,373.8434407149361,373.843435564936,0.5639246778989098,0.1377601585728444,0.5639246778989098,0.5639246778989098,1.0,0,0.0,569,42.958552394584274,2688.986588123172,0.8719483180086015,0.65
main,v040,pinned,reference,-,deployed,-1,B,Centralized PPO|ppo_multi_site_seed13_20260517T003435/best_model.zip,Centralized PPO,13,L,"May 2026, pre-781c90c reward; run has no final save (best_model.zip only)",8,-401.8972026202573,401.8972026202573,0.0,0.0,0.0,207.0648652729552,207.0648652729552,0.0,0.0,0.0,0.0,0.0,0,0.0,0,0.0,0.0,0.0,0.65
main,v040,pinned,reference,-,deployed,-1,B,Centralized PPO|ppo_multi_site_seed13_20260517T003435/best_model.zip,Centralized PPO,13,L,"May 2026, pre-781c90c reward; run has no final save (best_model.zip only)",9,-1046.0418496147718,81.01046255577924,965.0313870589926,0.0,0.0,207.5631309164488,207.5631309164488,0.0366699702675916,0.0366699702675916,0.0,0.0366699702675916,0.0,0,0.0,37,11.520105926055331,98.0408510239876,0.9693976459990924,0.65
main,v040,pinned,reference,-,deployed,-1,B,Centralized PPO|ppo_multi_site_seed42_20260517T003436/best_model.zip,Centralized PPO,42,L,"May 2026, pre-781c90c reward; run has no final save (best_model.zip only)",all,-46728.30651717232,5793.298275629669,40853.53583174264,5.3474098,76.125,2568.839890569904,2567.5030381199044,0.1699702675916749,0.0604558969276511,0.1662041625371655,0.1699702675916749,0.2726461843409316,281,2.673538156590684,1715,157.40152924964278,3311.7660410036906,0.894043456399274,0.65
main,v040,pinned,reference,-,deployed,-1,B,Centralized PPO|ppo_multi_site_seed42_20260517T003436/best_model.zip,Centralized PPO,42,L,"May 2026, pre-781c90c reward; run has no final save (best_model.zip only)",0,-1787.593487794812,796.6059164979117,982.7782300969004,0.8343412,7.375,185.16529580598396,184.95671050598392,0.0445986124876114,0.0049554013875123,0.0445986124876114,0.0445986124876114,0.4301288404360753,43,4.0911793855302285,45,50.97193312539703,1757.601078033768,0.8279838741458521,0.65
main,v040,pinned,reference,-,deployed,-1,B,Centralized PPO|ppo_multi_site_seed42_20260517T003436/best_model.zip,Centralized PPO,42,L,"May 2026, pre-781c90c reward; run has no final save (best_model.zip only)",1,-16694.803747393427,735.0415191562649,15938.90816883716,1.4790594,19.375,430.7896758088897,430.41991095888966,0.6481665014866204,0.2794846382556987,0.6481665014866204,0.6481665014866204,0.9018830525272548,77,7.326065411298315,654,289.98894790664934,3311.7660410036906,0.9123806406135148,0.65
main,v040,pinned,reference,-,deployed,-1,B,Centralized PPO|ppo_multi_site_seed42_20260517T003436/best_model.zip,Centralized PPO,42,L,"May 2026, pre-781c90c reward; run has no final save (best_model.zip only)",2,-285.28923413277505,285.28923413277505,0.0,0.0,0.0,207.1713075786564,207.1713075786564,0.0,0.0,0.0,0.0,0.0,0,0.0,0,0.0,0.0,0.0,0.65
main,v040,pinned,reference,-,deployed,-1,B,Centralized PPO|ppo_multi_site_seed42_20260517T003436/best_model.zip,Centralized PPO,42,L,"May 2026, pre-781c90c reward; run has no final save (best_model.zip only)",3,-164.9083368012709,137.9083368012709,27.0,0.0,0.0,207.4735519990071,207.4735519990071,0.0009910802775024,0.0009910802775024,0.0,0.0009910802775024,0.0,0,0.0,1,11.348264840677446,11.348264840677446,1.0,0.65
main,v040,pinned,reference,-,deployed,-1,B,Centralized PPO|ppo_multi_site_seed42_20260517T003436/best_model.zip,Centralized PPO,42,L,"May 2026, pre-781c90c reward; run has no final save (best_model.zip only)",4,-10305.05492941254,1114.922205280594,9139.90213233195,2.7305918,47.5,327.28985223660425,326.6072042866042,0.3785926660059465,0.1357779980178394,0.3785926660059465,0.3785926660059465,0.3647175421209118,145,13.79583746283449,382,130.30795955796603,3311.7660410036906,0.8975481790865575,0.65
main,v040,pinned,reference,-,deployed,-1,B,Centralized PPO|ppo_multi_site_seed42_20260517T003436/best_model.zip,Centralized PPO,42,L,"May 2026, pre-781c90c reward; run has no final save (best_model.zip only)",5,-443.2354064658647,443.2354064658647,0.0,0.0,0.0,207.06756236764485,207.06756236764485,0.0,0.0,0.0,0.0,0.0,0,0.0,0,0.0,0.0,0.0,0.65
main,v040,pinned,reference,-,deployed,-1,B,Centralized PPO|ppo_multi_site_seed42_20260517T003436/best_model.zip,Centralized PPO,42,L,"May 2026, pre-781c90c reward; run has no final save (best_model.zip only)",6,-1570.4168585281927,967.9680996205432,600.6832867076496,0.2654722,1.5,215.1445561399214,215.0781880899214,0.0257680872150644,0.0089197224975222,0.0257680872150644,0.0257680872150644,0.0277502477700693,14,1.33201189296333,26,128.37034099370004,2314.533510123148,0.8701067778303199,0.65
main,v040,pinned,reference,-,deployed,-1,B,Centralized PPO|ppo_multi_site_seed42_20260517T003436/best_model.zip,Centralized PPO,42,L,"May 2026, pre-781c90c reward; run has no final save (best_model.zip only)",7,-14005.934402103308,828.7765930964799,13177.157788406828,2.06e-05,0.0,373.8434407149361,373.843435564936,0.5639246778989098,0.1377601585728444,0.5639246778989098,0.5639246778989098,1.0,0,0.0,569,42.958552394584274,2688.986588123172,0.8719483180086015,0.65
main,v040,pinned,reference,-,deployed,-1,B,Centralized PPO|ppo_multi_site_seed42_20260517T003436/best_model.zip,Centralized PPO,42,L,"May 2026, pre-781c90c reward; run has no final save (best_model.zip only)",8,-425.0282649253511,402.5405020221851,22.07483830316597,0.0379246,0.375,207.3315170018119,207.3220358518119,0.0009910802775024,0.0,0.0009910802775024,0.0009910802775024,0.0019821605550049,2,0.1902874132804757,1,0.8358279434388656,0.8358279434388656,0.8358279434388656,0.65
main,v040,pinned,reference,-,deployed,-1,B,Centralized PPO|ppo_multi_site_seed42_20260517T003436/best_model.zip,Centralized PPO,42,L,"May 2026, pre-781c90c reward; run has no final save (best_model.zip only)",9,-1046.0418496147718,81.01046255577924,965.0313870589926,0.0,0.0,207.5631309164488,207.5631309164488,0.0366699702675916,0.0366699702675916,0.0,0.0366699702675916,0.0,0,0.0,37,11.520105926055331,98.0408510239876,0.9693976459990924,0.65
main,v040,pinned,reference,-,deployed,-1,B,Centralized PPO|ppo_multi_site_seed99_20260517T003436/best_model.zip,Centralized PPO,99,L,"May 2026, pre-781c90c reward; run has no final save (best_model.zip only)",all,-43692.47940779073,5281.204110897427,38273.76467309331,8.760623800000001,128.75,2476.4816145685936,2474.2914586185934,0.1583746283448959,0.0551040634291377,0.1546085232903865,0.1583746283448959,0.3280475718533201,459,4.367096134786918,1598,200.3769139623394,3311.7660410036906,0.8983680574278955,0.65
main,v040,pinned,reference,-,deployed,-1,B,Centralized PPO|ppo_multi_site_seed99_20260517T003436/best_model.zip,Centralized PPO,99,L,"May 2026, pre-781c90c reward; run has no final save (best_model.zip only)",0,-5640.553888611241,859.844702834798,4780.709165176443,2.06e-05,0.0,230.7680525810706,230.7680474310706,0.2170465807730426,0.0148662041625371,0.2170465807730426,0.2170465807730426,1.0,0,0.0,219,22.576281866763424,1757.601078033768,0.8276574071805849,0.65
main,v040,pinned,reference,-,deployed,-1,B,Centralized PPO|ppo_multi_site_seed99_20260517T003436/best_model.zip,Centralized PPO,99,L,"May 2026, pre-781c90c reward; run has no final save (best_model.zip only)",1,-9415.145968824188,596.8016752809303,8773.837023943259,2.8822696000000003,41.625,301.31679707076034,300.5962296707603,0.3607532210109019,0.1189296333002973,0.3607532210109019,0.3607532210109019,0.5421209117938554,151,14.366699702675918,364,249.04926565210013,3311.7660410036906,0.9034649289325328,0.65
main,v040,pinned,reference,-,deployed,-1,B,Centralized PPO|ppo_multi_site_seed99_20260517T003436/best_model.zip,Centralized PPO,99,L,"May 2026, pre-781c90c reward; run has no final save (best_model.zip only)",2,-285.28923413277505,285.28923413277505,0.0,0.0,0.0,207.1713075786564,207.1713075786564,0.0,0.0,0.0,0.0,0.0,0,0.0,0,0.0,0.0,0.0,0.65
main,v040,pinned,reference,-,deployed,-1,B,Centralized PPO|ppo_multi_site_seed99_20260517T003436/best_model.zip,Centralized PPO,99,L,"May 2026, pre-781c90c reward; run has no final save (best_model.zip only)",3,-164.9083368012709,137.9083368012709,27.0,0.0,0.0,207.4735519990071,207.4735519990071,0.0009910802775024,0.0009910802775024,0.0,0.0009910802775024,0.0,0,0.0,1,11.348264840677446,11.348264840677446,1.0,0.65
main,v040,pinned,reference,-,deployed,-1,B,Centralized PPO|ppo_multi_site_seed99_20260517T003436/best_model.zip,Centralized PPO,99,L,"May 2026, pre-781c90c reward; run has no final save (best_model.zip only)",4,-1157.4634483004045,955.0327077529116,202.19196674749287,0.1137738,0.125,208.9986091213892,208.9701656713892,0.0089197224975222,0.0029732408325074,0.0089197224975222,0.0089197224975222,0.018830525272547,6,0.5708622398414271,9,0.8891439127228509,1.1208543298630764,0.8488591361018255,0.65
main,v040,pinned,reference,-,deployed,-1,B,Centralized PPO|ppo_multi_site_seed99_20260517T003436/best_model.zip,Centralized PPO,99,L,"May 2026, pre-781c90c reward; run has no final save (best_model.zip only)",5,-11712.228906506278,565.4104963872863,11074.968307318992,4.4751028,67.375,351.9040825013881,350.78530680138806,0.4321110009910803,0.2170465807730426,0.4321110009910803,0.4321110009910803,0.4073339940535183,235,22.358771060455897,436,330.14142016738424,2314.533510123148,0.946710115238455,0.65
main,v040,pinned,reference,-,deployed,-1,B,Centralized PPO|ppo_multi_site_seed99_20260517T003436/best_model.zip,Centralized PPO,99,L,"May 2026, pre-781c90c reward; run has no final save (best_model.zip only)",6,-11793.96649135106,826.8690039893232,10967.097466761734,2.06e-05,0.0,349.1250066840896,349.1250015340896,0.4618434093161546,0.153617443012884,0.4618434093161546,0.4618434093161546,1.0,0,0.0,466,168.24743922230633,2688.986588123172,0.8844847973363188,0.65
main,v040,pinned,reference,-,deployed,-1,B,Centralized PPO|ppo_multi_site_seed99_20260517T003436/best_model.zip,Centralized PPO,99,L,"May 2026, pre-781c90c reward; run has no final save (best_model.zip only)",7,-2074.984081028488,571.1402885420949,1482.929356086393,1.2894364,19.625,205.09621084282844,204.77385174282844,0.0654112983151635,0.0059464816650148,0.0654112983151635,0.0654112983151635,0.3121902874132805,67,6.374628344895937,66,27.478935389988067,1757.601078033768,0.8489542202456531,0.65
main,v040,pinned,reference,-,deployed,-1,B,Centralized PPO|ppo_multi_site_seed99_20260517T003436/best_model.zip,Centralized PPO,99,L,"May 2026, pre-781c90c reward; run has no final save (best_model.zip only)",8,-401.8972026202573,401.8972026202573,0.0,0.0,0.0,207.0648652729552,207.0648652729552,0.0,0.0,0.0,0.0,0.0,0,0.0,0,0.0,0.0,0.0,0.65
main,v040,pinned,reference,-,deployed,-1,B,Centralized PPO|ppo_multi_site_seed99_20260517T003436/best_model.zip,Centralized PPO,99,L,"May 2026, pre-781c90c reward; run has no final save (best_model.zip only)",9,-1046.0418496147718,81.01046255577924,965.0313870589926,0.0,0.0,207.5631309164488,207.5631309164488,0.0366699702675916,0.0366699702675916,0.0,0.0366699702675916,0.0,0,0.0,37,11.520105926055331,98.0408510239876,0.9693976459990924,0.65
main,v040,pinned,reference,-,deployed,-1,B,IPPO|ippo_nr_seed1,IPPO,1,T,"June 2026, current reward",all,-6064.789864641358,4368.2834517966385,1673.8923496447187,3.4890631999999995,19.125,1984.1456069660594,1983.2733411660595,0.006541129831516353,0.0048562933597621405,0.0027750247770069376,0.006541129831516353,0.077601585728444,183,1.741129831516353,66,355.93202037954154,3311.7660410036906,0.9454001765882417,2.97
main,v040,pinned,reference,-,deployed,-1,B,IPPO|ippo_nr_seed1,IPPO,1,T,"June 2026, current reward",0,-917.7647471245302,806.1090597460951,110.33681837843508,0.5688690000000001,0.75,177.6770844817113,177.5348672317113,0.004955401387512388,0.0,0.004955401387512388,0.004955401387512388,0.24777006937561943,29,2.759167492566898,5,0.8355787891895672,0.8358279434388656,0.8355787891895672,2.97
main,v040,pinned,reference,-,deployed,-1,B,IPPO|ippo_nr_seed1,IPPO,1,T,"June 2026, current reward",1,-545.8239792257607,471.3548821568235,71.11230346893717,0.6067936,2.75,192.99280858550674,192.84111018550672,0.002973240832507433,0.0,0.002973240832507433,0.002973240832507433,0.11496531219028741,32,3.044598612487612,3,0.8937515486526131,1.010844530326601,0.8901367052104128,2.97
main,v040,pinned,reference,-,deployed,-1,B,IPPO|ippo_nr_seed1,IPPO,1,T,"June 2026, current reward",2,-285.28923413277505,285.28923413277505,0.0,0.0,0.0,207.1713075786564,207.1713075786564,0.0,0.0,0.0,0.0,0.0,0,0.0,0,0.0,0.0,0.0,2.97
main,v040,pinned,reference,-,deployed,-1,B,IPPO|ippo_nr_seed1,IPPO,1,T,"June 2026, current reward",3,-492.89753574688586,141.8596111468859,351.0,0.0379246,0.0,214.83020755434288,214.82072640434288,0.01288404360753221,0.011892963330029732,0.011892963330029732,0.01288404360753221,0.010901883052527254,2,0.19028741328047574,13,1773.2099909617318,3311.7660410036906,1.0,2.97
main,v040,pinned,reference,-,deployed,-1,B,IPPO|ippo_nr_seed1,IPPO,1,T,"June 2026, current reward",4,-630.719559762628,561.2129975279197,66.14976863470835,0.6067936,2.75,188.03810033647918,187.88640193647916,0.002973240832507433,0.0,0.002973240832507433,0.002973240832507433,0.13478691774033696,32,3.044598612487612,3,0.8349974292745372,0.8358279434388656,0.8349974292745372,2.97
main,v040,pinned,reference,-,deployed,-1,B,IPPO|ippo_nr_seed1,IPPO,1,T,"June 2026, current reward",5,-443.88588164669625,398.95895517775915,44.11230346893715,0.18962299999999999,0.625,204.09865885441553,204.05125310441554,0.0019821605550049554,0.0,0.0019821605550049554,0.0019821605550049554,0.030723488602576808,10,0.9514370664023787,2,0.8352050578156192,0.8358279434388652,0.8352050578156192,2.97
main,v040,pinned,reference,-,deployed,-1,B,IPPO|ippo_nr_seed1,IPPO,1,T,"June 2026, current reward",6,-697.6736966893138,648.6281989577715,44.074930331542404,0.7205674,4.25,191.1100681464861,190.92992629648606,0.0019821605550049554,0.0,0.0019821605550049554,0.0019821605550049554,0.12487611496531219,38,3.615460852329039,2,0.8345821721923734,0.8345821721923734,0.8345821721923734,2.97
main,v040,pinned,reference,-,deployed,-1,B,IPPO|ippo_nr_seed1,IPPO,1,T,"June 2026, current reward",7,-602.7961780777387,571.9628477745727,22.07483830316597,0.7584919999999999,8.0,193.5993752390574,193.40975223905738,0.0009910802775024777,0.0,0.0009910802775024777,0.0009910802775024777,0.11199207135777998,40,3.8057482656095147,1,0.8358279434388656,0.8358279434388656,0.8358279434388656,2.97
main,v040,pinned,reference,-,deployed,-1,B,IPPO|ippo_nr_seed1,IPPO,1,T,"June 2026, current reward",8,-401.8972026202573,401.8972026202573,0.0,0.0,0.0,207.0648652729552,207.0648652729552,0.0,0.0,0.0,0.0,0.0,0,0.0,0,0.0,0.0,0.0,2.97
main,v040,pinned,reference,-,deployed,-1,B,IPPO|ippo_nr_seed1,IPPO,1,T,"June 2026, current reward",9,-1046.0418496147718,81.01046255577924,965.0313870589926,0.0,0.0,207.5631309164488,207.5631309164488,0.036669970267591674,0.036669970267591674,0.0,0.036669970267591674,0.0,0,0.0,37,11.520105926055335,98.0408510239876,0.9693976459990923,2.97
main,v040,pinned,reference,-,deployed,-1,B,IPPO|ippo_nr_seed7,IPPO,7,T,"June 2026, current reward",all,-5806.65261323037,4333.018976179319,1448.0420262510506,3.7166107999999998,21.875,1973.34836921124,1972.41921651124,0.005748265609514371,0.0037661050545094153,0.0019821605550049554,0.005748265609514371,0.08097125867195243,195,1.8553022794846383,58,16.487559830376792,252.72347151075763,0.932208061063822,2.97
main,v040,pinned,reference,-,deployed,-1,B,IPPO|ippo_nr_seed7,IPPO,7,T,"June 2026, current reward",0,-870.1832894292453,801.0635048571421,66.18714177210313,0.6826428,2.25,177.10727257839537,176.93661187839535,0.002973240832507433,0.0,0.002973240832507433,0.002973240832507433,0.24975222993062438,35,3.3300297324083252,3,0.8354126863567015,0.8358279434388656,0.8354126863567015,2.97
main,v040,pinned,reference,-,deployed,-1,B,IPPO|ippo_nr_seed7,IPPO,7,T,"June 2026, current reward",1,-549.7573975447954,475.7012250758582,71.11230346893717,0.5688690000000001,2.375,193.41671330954273,193.27449605954274,0.002973240832507433,0.0,0.002973240832507433,0.002973240832507433,0.11000991080277503,30,2.8543111992071357,3,0.8937515486526131,1.010844530326601,0.8901367052104128,2.97
main,v040,pinned,reference,-,deployed,-1,B,IPPO|ippo_nr_seed7,IPPO,7,T,"June 2026, current reward",2,-285.28923413277505,285.28923413277505,0.0,0.0,0.0,207.1713075786564,207.1713075786564,0.0,0.0,0.0,0.0,0.0,0,0.0,0,0.0,0.0,0.0,2.97
main,v040,pinned,reference,-,deployed,-1,B,IPPO|ippo_nr_seed7,IPPO,7,T,"June 2026, current reward",3,-210.07512875108355,138.4249006821464,71.11230346893717,0.0379246,0.5,207.7239189451863,207.7144377951863,0.002973240832507433,0.0009910802775024777,0.0019821605550049554,0.002973240832507433,0.0009910802775024777,2,0.19028741328047574,3,4.339558318769561,11.348264840677446,0.8901367052104131,2.97
main,v040,pinned,reference,-,deployed,-1,B,IPPO|ippo_nr_seed7,IPPO,7,T,"June 2026, current reward",4,-672.9537046479192,560.2483150068788,110.29944524104027,0.5309444,1.875,187.35247536581176,187.21973926581177,0.004955401387512388,0.0,0.004955401387512388,0.004955401387512388,0.14568880079286423,28,2.66402378592666,5,0.8353296349402687,0.8358279434388656,0.8353296349402687,2.97
main,v040,pinned,reference,-,deployed,-1,B,IPPO|ippo_nr_seed7,IPPO,7,T,"June 2026, current reward",5,-428.9624433975115,406.11090669434554,22.074838303165958,0.1516984,0.625,204.78202097331553,204.74409637331553,0.0009910802775024777,0.0,0.0009910802775024777,0.0009910802775024777,0.023785926660059464,8,0.761149653121903,1,0.8358279434388652,0.8358279434388652,0.8358279434388652,2.97
main,v040,pinned,reference,-,deployed,-1,B,IPPO|ippo_nr_seed7,IPPO,7,T,"June 2026, current reward",6,-737.1302613704488,628.3684422389064,98.0749303315424,1.0618888,9.625,188.8681930249238,188.6027208249238,0.003964321110009911,0.0,0.003964321110009911,0.003964321110009911,0.15361744301288405,56,5.32804757185332,4,126.28606280786298,252.72347151075763,0.9172910860961867,2.97
main,v040,pinned,reference,-,deployed,-1,B,IPPO|ippo_nr_seed7,IPPO,7,T,"June 2026, current reward",7,-621.4123319455898,572.2808617392578,44.14967660633194,0.6067936,4.375,193.5669476200496,193.4152492200496,0.0019821605550049554,0.0,0.0019821605550049554,0.0019821605550049554,0.11496531219028741,32,3.044598612487612,2,0.8358279434388656,0.8358279434388656,0.8358279434388656,2.97
main,v040,pinned,reference,-,deployed,-1,B,IPPO|ippo_nr_seed7,IPPO,7,T,"June 2026, current reward",8,-384.8469723962297,384.5211231962297,0.0,0.0758492,0.25,205.79638889890956,205.77742659890956,0.0,0.0,0.0,0.0,0.010901883052527254,4,0.3805748265609515,0,0.0,0.0,0.0,2.97
main,v040,pinned,reference,-,deployed,-1,B,IPPO|ippo_nr_seed7,IPPO,7,T,"June 2026, current reward",9,-1046.0418496147718,81.01046255577924,965.0313870589926,0.0,0.0,207.5631309164488,207.5631309164488,0.036669970267591674,0.036669970267591674,0.0,0.036669970267591674,0.0,0,0.0,37,11.520105926055335,98.0408510239876,0.9693976459990923,2.97
main,v040,pinned,reference,-,deployed,-1,B,IPPO|ippo_nr_seed77,IPPO,77,T,"June 2026, current reward",all,-5811.3178357652505,4280.301717611034,1497.1168645542166,4.3992536,29.5,1969.853896716732,1968.7540833167318,0.005946481665014866,0.0037661050545094153,0.002477700693756194,0.005946481665014866,0.08721506442021804,231,2.1978196233894947,60,7562.9261388281675,157766.0190118827,0.9317315914190092,3.04
main,v040,pinned,reference,-,deployed,-1,B,IPPO|ippo_nr_seed77,IPPO,77,T,"June 2026, current reward",0,-873.7609065463846,774.9103392711155,88.26198007526911,1.2135872,9.375,174.24351659885153,173.94011979885153,0.003964321110009911,0.0,0.003964321110009911,0.003964321110009911,0.28344895936570863,63,5.994053518334986,4,0.8355165006272425,0.8358279434388656,0.8355165006272425,3.04
main,v040,pinned,reference,-,deployed,-1,B,IPPO|ippo_nr_seed77,IPPO,77,T,"June 2026, current reward",1,-528.0036223250459,453.53452525610874,71.11230346893717,0.6067936,2.75,191.03367036431064,190.88197196431065,0.002973240832507433,0.0,0.002973240832507433,0.002973240832507433,0.13478691774033696,32,3.044598612487612,3,0.8937515486526134,1.010844530326601,0.8901367052104131,3.04
main,v040,pinned,reference,-,deployed,-1,B,IPPO|ippo_nr_seed77,IPPO,77,T,"June 2026, current reward",2,-285.28923413277505,285.28923413277505,0.0,0.0,0.0,207.1713075786564,207.1713075786564,0.0,0.0,0.0,0.0,0.0,0,0.0,0,0.0,0.0,0.0,3.04
main,v040,pinned,reference,-,deployed,-1,B,IPPO|ippo_nr_seed77,IPPO,77,T,"June 2026, current reward",3,-164.90833680127093,137.90833680127093,27.0,0.0,0.0,207.47355199900713,207.47355199900713,0.0009910802775024777,0.0009910802775024777,0.0,0.0009910802775024777,0.0,0,0.0,1,11.348264840677446,11.348264840677446,1.0,3.04
main,v040,pinned,reference,-,deployed,-1,B,IPPO|ippo_nr_seed77,IPPO,77,T,"June 2026, current reward",4,-671.5721670467403,557.2909282057,110.2994452410403,0.6067936,3.375,187.32167960841795,187.16998120841794,0.004955401387512388,0.0,0.004955401387512388,0.004955401387512388,0.1466798810703667,32,3.044598612487612,5,0.8353296349402688,0.8358279434388656,0.8353296349402688,3.04
main,v040,pinned,reference,-,deployed,-1,B,IPPO|ippo_nr_seed77,IPPO,77,T,"June 2026, current reward",5,-419.71731829474624,374.1766180258091,44.11230346893716,0.3033968,1.125,202.0415074792167,201.96565827921668,0.0019821605550049554,0.0,0.0019821605550049554,0.0019821605550049554,0.048562933597621406,16,1.522299306243806,2,0.8352050578156194,0.8358279434388652,0.8352050578156194,3.04
main,v040,pinned,reference,-,deployed,-1,B,IPPO|ippo_nr_seed77,IPPO,77,T,"June 2026, current reward",6,-761.7325665480108,632.9717583133024,120.14976863470838,0.9860396,7.625,189.26258553008648,189.01607563008648,0.004955401387512388,0.0,0.004955401387512388,0.004955401387512388,0.15163528245787908,52,4.947472745292369,5,101.19601583497816,252.72347151075763,0.9009984575647225,3.04
main,v040,pinned,reference,-,deployed,-1,B,IPPO|ippo_nr_seed77,IPPO,77,T,"June 2026, current reward",7,-630.9291794184985,581.1347846121665,44.14967660633194,0.6447182,5.0,194.6568234498792,194.4956438998792,0.0019821605550049554,0.0,0.0019821605550049554,0.0019821605550049554,0.10406342913776016,34,3.2348860257680876,2,0.8358279434388656,0.8358279434388656,0.8358279434388656,3.04
main,v040,pinned,reference,-,deployed,-1,B,IPPO|ippo_nr_seed77,IPPO,77,T,"June 2026, current reward",8,-401.8972026202573,401.8972026202573,0.0,0.0,0.0,207.06486527295516,207.06486527295516,0.0,0.0,0.0,0.0,0.0,0,0.0,0,0.0,0.0,0.0,3.04
main,v040,pinned,reference,-,deployed,-1,B,IPPO|ippo_nr_seed77,IPPO,77,T,"June 2026, current reward",9,-1073.5073020315217,81.18799037252884,992.0313870589928,0.0379246,0.25,209.58438883535055,209.57490768535055,0.03766105054509415,0.036669970267591674,0.003964321110009911,0.03766105054509415,0.002973240832507433,2,0.19028741328047574,38,11927.492051338126,157766.0190118827,0.9702029711043797,3.04
main,v040,pinned,reference,-,deployed,-1,B,IPPO|ippo_nr_seed99,IPPO,99,T,"June 2026, current reward",all,-5886.442708332133,4323.762953171585,1541.2665411605485,3.413214,18.0,1971.8178083202938,1970.9645048202933,0.006144697720515362,0.0037661050545094153,0.0023785926660059467,0.006144697720515362,0.08513379583746283,179,1.7030723488602577,62,15.482367876161831,252.72347151075763,0.9286379253551338,3.03
main,v040,pinned,reference,-,deployed,-1,B,IPPO|ippo_nr_seed99,IPPO,99,T,"June 2026, current reward",0,-913.3739912555077,801.3433038770725,110.33681837843508,0.5688690000000001,1.125,177.3941854878002,177.25196823780018,0.004955401387512388,0.0,0.004955401387512388,0.004955401387512388,0.25173439048562934,29,2.759167492566898,5,0.8355787891895672,0.8358279434388656,0.8355787891895672,3.03
main,v040,pinned,reference,-,deployed,-1,B,IPPO|ippo_nr_seed99,IPPO,99,T,"June 2026, current reward",1,-548.021972769106,473.9658003001689,71.11230346893717,0.5688690000000001,2.375,193.3008224851089,193.1586052351089,0.002973240832507433,0.0,0.002973240832507433,0.002973240832507433,0.11000991080277503,30,2.8543111992071357,3,0.8937515486526134,1.010844530326601,0.8901367052104131,3.03
main,v040,pinned,reference,-,deployed,-1,B,IPPO|ippo_nr_seed99,IPPO,99,T,"June 2026, current reward",2,-285.28923413277505,285.28923413277505,0.0,0.0,0.0,207.1713075786564,207.1713075786564,0.0,0.0,0.0,0.0,0.0,0,0.0,0,0.0,0.0,0.0,3.03
main,v040,pinned,reference,-,deployed,-1,B,IPPO|ippo_nr_seed99,IPPO,99,T,"June 2026, current reward",3,-164.90833680127093,137.90833680127093,27.0,0.0,0.0,207.47355199900713,207.47355199900713,0.0009910802775024777,0.0009910802775024777,0.0,0.0009910802775024777,0.0,0,0.0,1,11.348264840677446,11.348264840677446,1.0,3.03
main,v040,pinned,reference,-,deployed,-1,B,IPPO|ippo_nr_seed99,IPPO,99,T,"June 2026, current reward",4,-671.7279551681067,558.1096409270665,110.2994452410403,0.5688690000000001,2.75,187.38276232499106,187.24054507499108,0.004955401387512388,0.0,0.004955401387512388,0.004955401387512388,0.14866204162537167,30,2.8543111992071357,5,0.8353296349402688,0.8358279434388656,0.8353296349402688,3.03
main,v040,pinned,reference,-,deployed,-1,B,IPPO|ippo_nr_seed99,IPPO,99,T,"June 2026, current reward",5,-410.55745128580577,410.4816020858058,0.0,0.0758492,0.0,204.872917922655,204.853955622655,0.0,0.0,0.0,0.0,0.017839444995044598,4,0.3805748265609515,0,0.0,0.0,0.0,3.03
main,v040,pinned,reference,-,deployed,-1,B,IPPO|ippo_nr_seed99,IPPO,99,T,"June 2026, current reward",6,-740.1762066783906,633.8160859468481,98.0749303315424,0.9101904000000001,7.375,189.51696967252087,189.28942207252086,0.003964321110009911,0.0,0.003964321110009911,0.003964321110009911,0.14469772051536176,48,4.566897918731417,4,126.28606280786298,252.72347151075763,0.9172910860961867,3.03
main,v040,pinned,reference,-,deployed,-1,B,IPPO|ippo_nr_seed99,IPPO,99,T,"June 2026, current reward",7,-712.7727687950962,548.9663939134953,159.41165668160104,0.6447182,3.75,190.72948688201274,190.5683073320127,0.006937561942517344,0.0,0.006937561942517344,0.006937561942517344,0.1734390485629336,34,3.2348860257680876,7,0.876368031321397,1.1208543298630764,0.859103127055243,3.03
main,v040,pinned,reference,-,deployed,-1,B,IPPO|ippo_nr_seed99,IPPO,99,T,"June 2026, current reward",8,-393.57294183130193,392.87209263130194,0.0,0.0758492,0.625,206.41267305109238,206.39371075109239,0.0,0.0,0.0,0.0,0.004955401387512388,4,0.3805748265609515,0,0.0,0.0,0.0,3.03
main,v040,pinned,reference,-,deployed,-1,B,IPPO|ippo_nr_seed99,IPPO,99,T,"June 2026, current reward",9,-1046.0418496147722,81.01046255577924,965.0313870589928,0.0,0.0,207.5631309164488,207.5631309164488,0.036669970267591674,0.036669970267591674,0.0,0.036669970267591674,0.0,0,0.0,37,11.520105926055331,98.0408510239876,0.9693976459990926,3.03
main,v040,pinned,reference,-,deployed,-1,B,IPPO|ippo_nr_seed13,IPPO,13,T,"June 2026, current reward",all,-5762.551429228126,4374.252386349179,1354.8548844789475,3.9441584,29.5,1975.4292168507272,1974.4431772507273,0.005351833498513379,0.0037661050545094153,0.0015857284440039642,0.005351833498513379,0.07690782953419227,207,1.9694747274529236,54,13.018900309749524,252.72347151075775,0.9363301756042886,3.09
main,v040,pinned,reference,-,deployed,-1,B,IPPO|ippo_nr_seed13,IPPO,13,T,"June 2026, current reward",0,-854.8242618222332,807.904315553296,44.11230346893717,0.6826428,2.125,177.93585940580354,177.76519870580356,0.0019821605550049554,0.0,0.0019821605550049554,0.0019821605550049554,0.2348860257680872,35,3.3300297324083252,2,0.8352050578156195,0.8358279434388656,0.8352050578156195,3.09
main,v040,pinned,reference,-,deployed,-1,B,IPPO|ippo_nr_seed13,IPPO,13,T,"June 2026, current reward",1,-537.5730791722083,462.15313290327106,71.11230346893717,0.6826428,3.625,191.98641417629923,191.81575347629925,0.002973240832507433,0.0,0.002973240832507433,0.002973240832507433,0.12487611496531219,36,3.4251734390485633,3,0.8937515486526134,1.010844530326601,0.8901367052104131,3.09
main,v040,pinned,reference,-,deployed,-1,B,IPPO|ippo_nr_seed13,IPPO,13,T,"June 2026, current reward",2,-285.28923413277505,285.28923413277505,0.0,0.0,0.0,207.1713075786564,207.1713075786564,0.0,0.0,0.0,0.0,0.0,0,0.0,0,0.0,0.0,0.0,3.09
main,v040,pinned,reference,-,deployed,-1,B,IPPO|ippo_nr_seed13,IPPO,13,T,"June 2026, current reward",3,-164.90833680127093,137.90833680127093,27.0,0.0,0.0,207.4735519990071,207.4735519990071,0.0009910802775024777,0.0009910802775024777,0.0,0.0009910802775024777,0.0,0,0.0,1,11.348264840677446,11.348264840677446,1.0,3.09
main,v040,pinned,reference,-,deployed,-1,B,IPPO|ippo_nr_seed13,IPPO,13,T,"June 2026, current reward",4,-675.2701632775832,563.3526982365429,110.29944524104027,0.4930198,1.125,187.7381978956493,187.61494294564932,0.004955401387512388,0.0,0.004955401387512388,0.004955401387512388,0.14172447968285432,26,2.4737363726461843,5,0.8353296349402687,0.8358279434388656,0.8353296349402687,3.09
main,v040,pinned,reference,-,deployed,-1,B,IPPO|ippo_nr_seed13,IPPO,13,T,"June 2026, current reward",5,-410.6357904889084,410.1470166889084,0.0,0.1137738,0.375,204.83543247201223,204.80698902201223,0.0,0.0,0.0,0.0,0.019821605550049554,6,0.5708622398414271,0,0.0,0.0,0.0,3.09
main,v040,pinned,reference,-,deployed,-1,B,IPPO|ippo_nr_seed13,IPPO,13,T,"June 2026, current reward",6,-744.859531439089,657.1580893075466,71.0749303315424,1.2515117999999998,15.375,190.66225070526687,190.34937275526687,0.002973240832507433,0.0,0.002973240832507433,0.002973240832507433,0.12487611496531219,66,6.279484638255699,3,84.79754528504749,252.72347151075775,0.8897214481282489,3.09
main,v040,pinned,reference,-,deployed,-1,B,IPPO|ippo_nr_seed13,IPPO,13,T,"June 2026, current reward",7,-641.2519798590292,567.4318975495313,66.22451490949791,0.7205674,6.875,192.9982064286287,192.8180645786287,0.002973240832507433,0.0,0.002973240832507433,0.002973240832507433,0.12289395441030723,38,3.615460852329039,3,0.8358279434388655,0.8358279434388656,0.8358279434388655,3.09
main,v040,pinned,reference,-,deployed,-1,B,IPPO|ippo_nr_seed13,IPPO,13,T,"June 2026, current reward",8,-401.8972026202573,401.8972026202573,0.0,0.0,0.0,207.0648652729552,207.0648652729552,0.0,0.0,0.0,0.0,0.0,0,0.0,0,0.0,0.0,0.0,3.09
main,v040,pinned,reference,-,deployed,-1,B,IPPO|ippo_nr_seed13,IPPO,13,T,"June 2026, current reward",9,-1046.0418496147718,81.01046255577924,965.0313870589926,0.0,0.0,207.5631309164488,207.5631309164488,0.036669970267591674,0.036669970267591674,0.0,0.036669970267591674,0.0,0,0.0,37,11.520105926055331,98.0408510239876,0.9693976459990923,3.09
main,v040,pinned,reference,-,deployed,-1,B,IPPO|ippo_nr_seed23,IPPO,23,T,"June 2026, current reward",all,-5717.731895921973,4374.291921408796,1305.8174193131763,4.2475552,33.375,1975.083272619569,1974.0213838195689,0.005153617443012884,0.0037661050545094153,0.0013875123885034688,0.005153617443012884,0.07770069375619425,223,2.1217046580773045,52,8.643510827760078,98.0408510239876,0.937062448277677,3.08
main,v040,pinned,reference,-,deployed,-1,B,IPPO|ippo_nr_seed23,IPPO,23,T,"June 2026, current reward",0,-879.2851691876386,782.4233757123695,88.26198007526911,1.0998134,7.5,175.03535097268954,174.76039762268954,0.003964321110009911,0.0,0.003964321110009911,0.003964321110009911,0.27849355797819625,57,5.423191278493558,4,0.8355165006272425,0.8358279434388656,0.8355165006272425,3.08
main,v040,pinned,reference,-,deployed,-1,B,IPPO|ippo_nr_seed23,IPPO,23,T,"June 2026, current reward",1,-538.592346164093,464.24824909515576,71.11230346893717,0.6067936,2.625,192.43460248747726,192.28290408747725,0.002973240832507433,0.0,0.002973240832507433,0.002973240832507433,0.1159563924677899,32,3.044598612487612,3,0.8937515486526134,1.010844530326601,0.8901367052104131,3.08
main,v040,pinned,reference,-,deployed,-1,B,IPPO|ippo_nr_seed23,IPPO,23,T,"June 2026, current reward",2,-285.28923413277505,285.28923413277505,0.0,0.0,0.0,207.1713075786564,207.1713075786564,0.0,0.0,0.0,0.0,0.0,0,0.0,0,0.0,0.0,0.0,3.08
main,v040,pinned,reference,-,deployed,-1,B,IPPO|ippo_nr_seed23,IPPO,23,T,"June 2026, current reward",3,-164.90833680127093,137.90833680127093,27.0,0.0,0.0,207.4735519990071,207.4735519990071,0.0009910802775024777,0.0009910802775024777,0.0,0.0009910802775024777,0.0,0,0.0,1,11.348264840677446,11.348264840677446,1.0,3.08
main,v040,pinned,reference,-,deployed,-1,B,IPPO|ippo_nr_seed23,IPPO,23,T,"June 2026, current reward",4,-675.9040791416679,564.1116141006277,110.29944524104027,0.4930198,1.0,187.7544382896855,187.6311833396855,0.004955401387512388,0.0,0.004955401387512388,0.004955401387512388,0.14469772051536176,26,2.4737363726461843,5,0.8353296349402687,0.8358279434388656,0.8353296349402687,3.08
main,v040,pinned,reference,-,deployed,-1,B,IPPO|ippo_nr_seed23,IPPO,23,T,"June 2026, current reward",5,-390.77804074992025,388.5125685499202,0.0,0.2654722,2.0,203.1193013494525,203.05293329945252,0.0,0.0,0.0,0.0,0.03270564915758176,14,1.33201189296333,0,0.0,0.0,0.0,3.08
main,v040,pinned,reference,-,deployed,-1,B,IPPO|ippo_nr_seed23,IPPO,23,T,"June 2026, current reward",6,-730.5696400470392,699.3228336812681,22.037465165771202,0.8343412,8.375,193.74027352972445,193.53168822972447,0.0009910802775024777,0.0,0.0009910802775024777,0.0009910802775024777,0.09514370664023786,44,4.186323092170466,1,0.8345821721923734,0.8345821721923734,0.8345821721923734,3.08
main,v040,pinned,reference,-,deployed,-1,B,IPPO|ippo_nr_seed23,IPPO,23,T,"June 2026, current reward",7,-610.7413626180553,577.3321831148894,22.07483830316597,0.8343412000000001,10.5,194.25471884832746,194.04613354832748,0.0009910802775024777,0.0,0.0009910802775024777,0.0009910802775024777,0.10604558969276512,44,4.186323092170466,1,0.8358279434388656,0.8358279434388656,0.8358279434388656,3.08
main,v040,pinned,reference,-,deployed,-1,B,IPPO|ippo_nr_seed23,IPPO,23,T,"June 2026, current reward",8,-395.6218374647405,394.1330636647405,0.0,0.11377380000000001,1.375,206.53659664809976,206.50815319809976,0.0,0.0,0.0,0.0,0.003964321110009911,6,0.5708622398414271,0,0.0,0.0,0.0,3.08
main,v040,pinned,reference,-,deployed,-1,B,IPPO|ippo_nr_seed23,IPPO,23,T,"June 2026, current reward",9,-1046.0418496147718,81.01046255577924,965.0313870589926,0.0,0.0,207.5631309164488,207.5631309164488,0.036669970267591674,0.036669970267591674,0.0,0.036669970267591674,0.0,0,0.0,37,11.520105926055331,98.0408510239876,0.9693976459990923,3.08
main,v040,pinned,reference,-,deployed,-1,B,IPPO|ippo_nr_seed42,IPPO,42,T,"June 2026, current reward",all,-5698.174694736378,4331.639102263762,1337.705207872616,3.8303846000000004,25.0,1972.7048002846832,1971.7472041346832,0.005252725470763132,0.0037661050545094153,0.0014866204162537165,0.005252725470763132,0.08067393458870169,201,1.9123885034687813,53,13.216942623302101,250.75161537630953,0.9413240301085634,3.12
main,v040,pinned,reference,-,deployed,-1,B,IPPO|ippo_nr_seed42,IPPO,42,T,"June 2026, current reward",0,-862.3673427196238,790.3950105475207,66.18714177210313,0.9101904,4.875,175.7969171171663,175.5693695171663,0.002973240832507433,0.0,0.002973240832507433,0.002973240832507433,0.26461843409316155,47,4.47175421209118,3,0.8354126863567015,0.8358279434388656,0.8354126863567015,3.12
main,v040,pinned,reference,-,deployed,-1,B,IPPO|ippo_nr_seed42,IPPO,42,T,"June 2026, current reward",1,-534.0677830180775,460.51161054914036,71.11230346893717,0.5688690000000001,1.875,191.93512417178704,191.79290692178702,0.002973240832507433,0.0,0.002973240832507433,0.002973240832507433,0.12388503468780972,30,2.8543111992071357,3,0.8937515486526134,1.010844530326601,0.8901367052104131,3.12
main,v040,pinned,reference,-,deployed,-1,B,IPPO|ippo_nr_seed42,IPPO,42,T,"June 2026, current reward",2,-285.28923413277505,285.28923413277505,0.0,0.0,0.0,207.1713075786564,207.1713075786564,0.0,0.0,0.0,0.0,0.0,0,0.0,0,0.0,0.0,0.0,3.12
main,v040,pinned,reference,-,deployed,-1,B,IPPO|ippo_nr_seed42,IPPO,42,T,"June 2026, current reward",3,-164.90833680127093,137.90833680127093,27.0,0.0,0.0,207.47355199900713,207.47355199900713,0.0009910802775024777,0.0009910802775024777,0.0,0.0009910802775024777,0.0,0,0.0,1,11.348264840677446,11.348264840677446,1.0,3.12
main,v040,pinned,reference,-,deployed,-1,B,IPPO|ippo_nr_seed42,IPPO,42,T,"June 2026, current reward",4,-637.4559478637163,569.563159429008,66.14976863470838,0.4930198,1.25,188.42871161694504,188.30545666694502,0.002973240832507433,0.0,0.002973240832507433,0.002973240832507433,0.1337958374628345,26,2.4737363726461843,3,0.8349974292745376,0.8358279434388656,0.8349974292745376,3.12
main,v040,pinned,reference,-,deployed,-1,B,IPPO|ippo_nr_seed42,IPPO,42,T,"June 2026, current reward",5,-405.7423280220934,405.6664788220934,0.0,0.0758492,0.0,204.5516783690934,204.5327160690934,0.0,0.0,0.0,0.0,0.019821605550049554,4,0.3805748265609515,0,0.0,0.0,0.0,3.12
main,v040,pinned,reference,-,deployed,-1,B,IPPO|ippo_nr_seed42,IPPO,42,T,"June 2026, current reward",6,-718.4872965682466,639.6651004367043,71.07493033154239,0.8722658000000001,6.875,190.14524143346142,189.92717498346144,0.002973240832507433,0.0,0.002973240832507433,0.002973240832507433,0.13875123885034688,46,4.376610505450942,3,84.1402599068981,250.75161537630953,0.8897214481282486,3.12
main,v040,pinned,reference,-,deployed,-1,B,IPPO|ippo_nr_seed42,IPPO,42,T,"June 2026, current reward",7,-649.879492937099,569.471324330767,71.14967660633197,0.7584919999999999,8.5,193.20094895923785,193.01132595923787,0.002973240832507433,0.0,0.002973240832507433,0.002973240832507433,0.11892963330029732,40,3.8057482656095147,3,0.9308367389136029,1.1208543298630764,0.8905519622925774,3.12
main,v040,pinned,reference,-,deployed,-1,B,IPPO|ippo_nr_seed42,IPPO,42,T,"June 2026, current reward",8,-393.93508305870307,392.1583846587031,0.0,0.1516984,1.625,206.43818812287992,206.40026352287992,0.0,0.0,0.0,0.0,0.006937561942517344,8,0.761149653121903,0,0.0,0.0,0.0,3.12
main,v040,pinned,reference,-,deployed,-1,B,IPPO|ippo_nr_seed42,IPPO,42,T,"June 2026, current reward",9,-1046.0418496147722,81.01046255577924,965.031387058993,0.0,0.0,207.5631309164488,207.5631309164488,0.036669970267591674,0.036669970267591674,0.0,0.036669970267591674,0.0,0,0.0,37,11.520105926055335,98.0408510239876,0.9693976459990926,3.12
main,v040,pinned,reference,-,deployed,-1,B,IPPO|ippo_nr_seed64,IPPO,64,T,"June 2026, current reward",all,-5761.415009088347,4285.751112530843,1431.9345477575037,4.8543488,38.875,1966.5703835018455,1965.3567963018454,0.005748265609514371,0.0037661050545094153,0.0019821605550049554,0.005748265609514371,0.08771060455896927,255,2.4261645193260657,58,7.834264166463186,98.0408510239876,0.9229508895158066,3.12
main,v040,pinned,reference,-,deployed,-1,B,IPPO|ippo_nr_seed64,IPPO,64,T,"June 2026, current reward",0,-858.3681198684737,768.7490201899179,77.07966327855571,1.2894364,11.25,173.4327960155034,173.1104369155034,0.003964321110009911,0.0,0.003964321110009911,0.003964321110009911,0.2993062438057483,67,6.374628344895937,4,0.7423305273212976,0.8358279434388656,0.7423305273212977,3.12
main,v040,pinned,reference,-,deployed,-1,B,IPPO|ippo_nr_seed64,IPPO,64,T,"June 2026, current reward",1,-539.1744333107424,464.9553362418053,71.11230346893717,0.6067936,2.5,192.48263918384887,192.33094078384886,0.002973240832507433,0.0,0.002973240832507433,0.002973240832507433,0.11793855302279485,32,3.044598612487612,3,0.8937515486526134,1.010844530326601,0.8901367052104131,3.12
main,v040,pinned,reference,-,deployed,-1,B,IPPO|ippo_nr_seed64,IPPO,64,T,"June 2026, current reward",2,-308.5352486236543,284.84663652048835,22.074838303165958,0.11377380000000001,1.5,207.13326544097367,207.10482199097368,0.0009910802775024777,0.0,0.0009910802775024777,0.0009910802775024777,0.002973240832507433,6,0.5708622398414271,1,0.8358279434388652,0.8358279434388652,0.8358279434388652,3.12
main,v040,pinned,reference,-,deployed,-1,B,IPPO|ippo_nr_seed64,IPPO,64,T,"June 2026, current reward",3,-164.90833680127093,137.90833680127093,27.0,0.0,0.0,207.47355199900713,207.47355199900713,0.0009910802775024777,0.0009910802775024777,0.0,0.0009910802775024777,0.0,0,0.0,1,11.348264840677446,11.348264840677446,1.0,3.12
main,v040,pinned,reference,-,deployed,-1,B,IPPO|ippo_nr_seed64,IPPO,64,T,"June 2026, current reward",4,-658.6373596098769,562.7792606720025,88.22460693787434,0.7584919999999999,6.875,188.32846607486815,188.13884307486816,0.003964321110009911,0.0,0.003964321110009911,0.003964321110009911,0.13082259663032705,40,3.8057482656095147,4,0.8352050578156196,0.8358279434388656,0.8352050578156196,3.12
main,v040,pinned,reference,-,deployed,-1,B,IPPO|ippo_nr_seed64,IPPO,64,T,"June 2026, current reward",5,-411.1111614893654,365.8204612204282,44.11230346893716,0.30339679999999997,0.875,201.05226560822192,200.9764164082219,0.0019821605550049554,0.0,0.0019821605550049554,0.0019821605550049554,0.05550049554013875,16,1.522299306243806,2,0.8352050578156194,0.8358279434388656,0.8352050578156194,3.12
main,v040,pinned,reference,-,deployed,-1,B,IPPO|ippo_nr_seed64,IPPO,64,T,"June 2026, current reward",6,-714.7487762487799,683.5890452830088,22.03746516577119,0.8722658,8.25,192.25050460375758,192.03243815375754,0.0009910802775024777,0.0,0.0009910802775024777,0.0009910802775024777,0.11000991080277503,46,4.376610505450942,1,0.8345821721923731,0.8345821721923731,0.8345821721923731,3.12
main,v040,pinned,reference,-,deployed,-1,B,IPPO|ippo_nr_seed64,IPPO,64,T,"June 2026, current reward",7,-675.0783673300131,554.4216690547439,115.26198007526915,0.6447182,4.75,191.31002778973698,191.14884823973694,0.004955401387512388,0.0,0.004955401387512388,0.004955401387512388,0.14866204162537167,34,3.2348860257680876,5,0.8925840664744096,1.1208543298630764,0.8684132005017944,3.12
main,v040,pinned,reference,-,deployed,-1,B,IPPO|ippo_nr_seed64,IPPO,64,T,"June 2026, current reward",8,-384.81135619139815,381.67088399139817,0.0,0.26547220000000005,2.875,205.54373586947906,205.47736781947904,0.0,0.0,0.0,0.0,0.011892963330029732,14,1.33201189296333,0,0.0,0.0,0.0,3.12
main,v040,pinned,reference,-,deployed,-1,B,IPPO|ippo_nr_seed64,IPPO,64,T,"June 2026, current reward",9,-1046.0418496147722,81.01046255577924,965.031387058993,0.0,0.0,207.5631309164488,207.5631309164488,0.036669970267591674,0.036669970267591674,0.0,0.036669970267591674,0.0,0,0.0,37,11.520105926055335,98.0408510239876,0.9693976459990926,3.12
main,v040,pinned,reference,-,deployed,-1,B,MAPPO|mappo_seed42_20260526T143637/mappo_best.pt,MAPPO,42,P+T,"May 2026, pre-781c90c reward",all,-5633.068104826563,4220.956782628737,1337.630461597827,6.1058606,68.375,1966.7447283015138,1965.2182631515138,0.005252725470763132,0.0037661050545094153,0.0014866204162537165,0.005252725470763132,0.07730426164519326,322,3.0636273538156593,53,8.50688125369947,98.0408510239876,0.941277019872847,0.81
main,v040,pinned,reference,-,deployed,-1,B,MAPPO|mappo_seed42_20260526T143637/mappo_best.pt,MAPPO,42,P+T,"May 2026, pre-781c90c reward",0,-819.5007140282154,806.2379760282154,0.0,1.1377380000000001,12.125,178.84417671254016,178.55974221254013,0.0,0.0,0.0,0.0,0.20118929633300298,60,5.708622398414271,0,0.0,0.0,0.0,0.81
main,v040,pinned,reference,-,deployed,-1,B,MAPPO|mappo_seed42_20260526T143637/mappo_best.pt,MAPPO,42,P+T,"May 2026, pre-781c90c reward",1,-520.2865004837893,460.71439638062327,49.07483830316597,0.8722658000000001,9.625,192.24440358750138,192.0263371375014,0.0019821605550049554,0.0,0.0019821605550049554,0.0019821605550049554,0.10802775024777007,46,4.376610505450942,2,0.9233362368827333,1.010844530326601,0.9179139717194328,0.81
main,v040,pinned,reference,-,deployed,-1,B,MAPPO|mappo_seed42_20260526T143637/mappo_best.pt,MAPPO,42,P+T,"May 2026, pre-781c90c reward",2,-329.7261686620598,278.1240804962886,49.0374651657712,0.189623,2.375,206.57606975561174,206.52866400561174,0.0019821605550049554,0.0,0.0019821605550049554,0.0019821605550049554,0.005946481665014866,10,0.9514370664023787,2,0.9777182510277249,1.1208543298630764,0.9172910860961867,0.81
main,v040,pinned,reference,-,deployed,-1,B,MAPPO|mappo_seed42_20260526T143637/mappo_best.pt,MAPPO,42,P+T,"May 2026, pre-781c90c reward",3,-164.90833680127093,137.90833680127093,27.0,0.0,0.0,207.4735519990071,207.4735519990071,0.0009910802775024777,0.0009910802775024777,0.0,0.0009910802775024777,0.0,0,0.0,1,11.348264840677446,11.348264840677446,1.0,0.81
main,v040,pinned,reference,-,deployed,-1,B,MAPPO|mappo_seed42_20260526T143637/mappo_best.pt,MAPPO,42,P+T,"May 2026, pre-781c90c reward",4,-645.910276610808,546.2754792729336,88.22460693787437,0.9101904000000001,10.5,186.8816628290898,186.65411522908977,0.003964321110009911,0.0,0.003964321110009911,0.003964321110009911,0.14271555996035679,48,4.566897918731417,4,0.8352050578156196,0.835827943438866,0.8352050578156196,0.81
main,v040,pinned,reference,-,deployed,-1,B,MAPPO|mappo_seed42_20260526T143637/mappo_best.pt,MAPPO,42,P+T,"May 2026, pre-781c90c reward",5,-363.4195762215395,359.3774056215395,0.0,0.4171706,3.625,200.64513780207017,200.54084515207018,0.0,0.0,0.0,0.0,0.05054509415262636,22,2.093161546085233,0,0.0,0.0,0.0,0.81
main,v040,pinned,reference,-,deployed,-1,B,MAPPO|mappo_seed42_20260526T143637/mappo_best.pt,MAPPO,42,P+T,"May 2026, pre-781c90c reward",6,-734.8352552107474,627.1198112102679,88.18723380047959,1.4032102,18.125,189.5558423716271,189.20503982162714,0.003964321110009911,0.0,0.003964321110009911,0.003964321110009911,0.1288404360753221,74,7.040634291377602,4,0.8348936150039965,0.8358279434388656,0.8348936150039965,0.81
main,v040,pinned,reference,-,deployed,-1,B,MAPPO|mappo_seed42_20260526T143637/mappo_best.pt,MAPPO,42,P+T,"May 2026, pre-781c90c reward",7,-621.4350811117515,564.7641239459803,49.0374651657712,0.7584920000000002,6.875,193.1667352333316,192.97711223333158,0.0019821605550049554,0.0,0.0019821605550049554,0.0019821605550049554,0.11000991080277503,40,3.8057482656095147,2,0.9777182510277249,1.1208543298630764,0.9172910860961867,0.81
main,v040,pinned,reference,-,deployed,-1,B,MAPPO|mappo_seed42_20260526T143637/mappo_best.pt,MAPPO,42,P+T,"May 2026, pre-781c90c reward",8,-387.00434608160924,359.42471031583796,22.03746516577119,0.41717060000000006,5.125,203.794017094286,203.689724444286,0.0009910802775024777,0.0,0.0009910802775024777,0.0009910802775024777,0.02576808721506442,22,2.093161546085233,1,0.8345821721923731,0.8345821721923731,0.8345821721923731,0.81
main,v040,pinned,reference,-,deployed,-1,B,MAPPO|mappo_seed42_20260526T143637/mappo_best.pt,MAPPO,42,P+T,"May 2026, pre-781c90c reward",9,-1046.0418496147727,81.01046255577924,965.0313870589932,0.0,0.0,207.5631309164488,207.5631309164488,0.036669970267591674,0.036669970267591674,0.0,0.036669970267591674,0.0,0,0.0,37,11.520105926055333,98.0408510239876,0.9693976459990931,0.81
main,v040,pinned,reference,-,deployed,-1,B,MAPPO|mappo_nr_seed23/mappo_best.pt,MAPPO,23,T,"June 2026, current reward",all,-5877.078855026832,4154.389180187345,1652.1933420394857,6.371332800000001,64.125,1966.9985174178819,1965.4056842178818,0.006442021803766105,0.004063429137760159,0.004063429137760159,0.006442021803766105,0.09177403369672943,336,3.1968285431119923,65,32734.230112811165,157766.0190118827,0.9472786369433261,0.81
main,v040,pinned,reference,-,deployed,-1,B,MAPPO|mappo_nr_seed23/mappo_best.pt,MAPPO,23,T,"June 2026, current reward",0,-817.8486917932931,778.2568694901271,22.07483830316597,1.516984,16.0,175.15955972875867,174.7803137287587,0.0009910802775024777,0.0,0.0009910802775024777,0.0009910802775024777,0.24677898909811694,80,7.6114965312190295,1,0.8358279434388656,0.8358279434388656,0.8358279434388656,0.81
main,v040,pinned,reference,-,deployed,-1,B,MAPPO|mappo_nr_seed23/mappo_best.pt,MAPPO,23,T,"June 2026, current reward",1,-529.7438790953904,449.5472344264533,71.11230346893717,0.8343412,8.25,190.74894063186503,190.540355331865,0.002973240832507433,0.0,0.002973240832507433,0.002973240832507433,0.1278493557978196,44,4.186323092170466,3,0.8937515486526134,1.010844530326601,0.8901367052104131,0.81
main,v040,pinned,reference,-,deployed,-1,B,MAPPO|mappo_nr_seed23/mappo_best.pt,MAPPO,23,T,"June 2026, current reward",2,-302.66898781210904,278.60482424633784,22.037465165771202,0.1516984,1.875,206.62829210693428,206.59036750693429,0.0009910802775024777,0.0,0.0009910802775024777,0.0009910802775024777,0.004955401387512388,8,0.761149653121903,1,0.8345821721923734,0.8345821721923734,0.8345821721923734,0.81
main,v040,pinned,reference,-,deployed,-1,B,MAPPO|mappo_nr_seed23/mappo_best.pt,MAPPO,23,T,"June 2026, current reward",3,-164.90833680127093,137.90833680127093,27.0,0.0,0.0,207.4735519990071,207.4735519990071,0.0009910802775024777,0.0009910802775024777,0.0,0.0009910802775024777,0.0,0,0.0,1,11.348264840677446,11.348264840677446,1.0,0.81
main,v040,pinned,reference,-,deployed,-1,B,MAPPO|mappo_nr_seed23/mappo_best.pt,MAPPO,23,T,"June 2026, current reward",4,-656.2038691299934,539.0588564889532,110.29944524104036,0.7205674,6.125,185.76889270199933,185.58875085199935,0.004955401387512388,0.0,0.004955401387512388,0.004955401387512388,0.1565906838453915,38,3.615460852329039,5,0.8353296349402688,0.835827943438866,0.8353296349402688,0.81
main,v040,pinned,reference,-,deployed,-1,B,MAPPO|mappo_nr_seed23/mappo_best.pt,MAPPO,23,T,"June 2026, current reward",5,-382.248348682023,355.6307883162517,22.037465165771202,0.45509520000000003,4.125,199.99396095538498,199.880187155385,0.0009910802775024777,0.0,0.0009910802775024777,0.0009910802775024777,0.05946481665014866,24,2.2834489593657086,1,0.8345821721923734,0.8345821721923734,0.8345821721923734,0.81
main,v040,pinned,reference,-,deployed,-1,B,MAPPO|mappo_nr_seed23/mappo_best.pt,MAPPO,23,T,"June 2026, current reward",6,-729.1512664513514,622.5752837540376,93.1123954973136,1.2135872,12.25,188.6027846706559,188.29938787065592,0.003964321110009911,0.0,0.003964321110009911,0.003964321110009911,0.14370664023785926,64,6.089197224975224,4,63.806804506833686,252.72347151075763,0.87593662914428,0.81
main,v040,pinned,reference,-,deployed,-1,B,MAPPO|mappo_nr_seed23/mappo_best.pt,MAPPO,23,T,"June 2026, current reward",7,-611.8073972914669,556.0499161883009,49.07483830316597,0.6826428,6.0,191.85667754157564,191.68601684157562,0.0019821605550049554,0.0,0.0019821605550049554,0.0019821605550049554,0.1288404360753221,36,3.4251734390485633,2,0.978341136650971,1.1208543298630764,0.9179139717194328,0.81
main,v040,pinned,reference,-,deployed,-1,B,MAPPO|mappo_nr_seed23/mappo_best.pt,MAPPO,23,T,"June 2026, current reward",8,-406.19690488267213,354.71603015112976,44.07493033154238,0.5309444,6.875,203.1069803375272,202.97424423752722,0.0019821605550049554,0.0,0.0019821605550049554,0.0019821605550049554,0.03468780971258672,28,2.66402378592666,2,0.8345821721923731,0.8345821721923731,0.8345821721923731,0.81
main,v040,pinned,reference,-,deployed,-1,B,MAPPO|mappo_nr_seed23/mappo_best.pt,MAPPO,23,T,"June 2026, current reward",9,-1276.3011730872606,82.04104032448261,1191.3696605627779,0.2654722,2.625,217.65887674417377,217.59250869417377,0.044598612487611496,0.03964321110009911,0.02180376610505451,0.044598612487611496,0.014866204162537165,14,1.33201189296333,45,47276.5642912918,157766.0190118827,0.982496044861317,0.81
main,v040,pinned,reference,-,deployed,-1,B,MAPPO|mappo_nr_seed64/mappo_best.pt,MAPPO,64,T,"June 2026, current reward",all,-5597.98653874555,4232.8015915540545,1293.480784991495,5.9541622,65.75,1967.845402171273,1966.356861621273,0.005054509415262636,0.0037661050545094153,0.001288404360753221,0.005054509415262636,0.07631318136769079,314,2.9875123885034687,51,13.741091524315468,252.72347151075763,0.9454122777722188,0.81
main,v040,pinned,reference,-,deployed,-1,B,MAPPO|mappo_nr_seed64/mappo_best.pt,MAPPO,64,T,"June 2026, current reward",0,-818.1346683031189,805.1219303031188,0.0,1.1377380000000001,11.875,178.56846252036212,178.28402802036214,0.0,0.0,0.0,0.0,0.20614469772051536,60,5.708622398414271,0,0.0,0.0,0.0,0.81
main,v040,pinned,reference,-,deployed,-1,B,MAPPO|mappo_nr_seed64/mappo_best.pt,MAPPO,64,T,"June 2026, current reward",1,-544.9202910991164,461.6098726301792,71.11230346893717,0.948115,11.25,192.39937738805344,192.16234863805346,0.002973240832507433,0.0,0.002973240832507433,0.002973240832507433,0.10703666997026759,50,4.757185332011893,3,0.8937515486526134,1.010844530326601,0.8901367052104131,0.81
main,v040,pinned,reference,-,deployed,-1,B,MAPPO|mappo_nr_seed64/mappo_best.pt,MAPPO,64,T,"June 2026, current reward",2,-303.97601358525264,279.78685001948145,22.037465165771202,0.1516984,2.0,206.7517011539465,206.7137765539465,0.0009910802775024777,0.0,0.0009910802775024777,0.0009910802775024777,0.003964321110009911,8,0.761149653121903,1,0.8345821721923734,0.8345821721923734,0.8345821721923734,0.81
main,v040,pinned,reference,-,deployed,-1,B,MAPPO|mappo_nr_seed64/mappo_best.pt,MAPPO,64,T,"June 2026, current reward",3,-164.90833680127093,137.90833680127093,27.0,0.0,0.0,207.4735519990071,207.4735519990071,0.0009910802775024777,0.0009910802775024777,0.0,0.0009910802775024777,0.0,0,0.0,1,11.348264840677446,11.348264840677446,1.0,0.81
main,v040,pinned,reference,-,deployed,-1,B,MAPPO|mappo_nr_seed64/mappo_best.pt,MAPPO,64,T,"June 2026, current reward",4,-622.9129686369505,547.1788588022421,66.14976863470838,0.8343412,8.75,186.97109938819705,186.76251408819707,0.002973240832507433,0.0,0.002973240832507433,0.002973240832507433,0.14073339940535184,44,4.186323092170466,3,0.8349974292745376,0.835827943438866,0.8349974292745376,0.81
main,v040,pinned,reference,-,deployed,-1,B,MAPPO|mappo_nr_seed64/mappo_best.pt,MAPPO,64,T,"June 2026, current reward",5,-365.4191295184262,361.37695891842617,0.0,0.4171706,3.625,200.91633489161205,200.81204224161206,0.0,0.0,0.0,0.0,0.04757185332011893,22,2.093161546085233,0,0.0,0.0,0.0,0.81
main,v040,pinned,reference,-,deployed,-1,B,MAPPO|mappo_nr_seed64/mappo_best.pt,MAPPO,64,T,"June 2026, current reward",6,-743.3632072313376,633.3363753340238,93.1123954973136,1.2894364,15.625,190.21040656683275,189.88804746683275,0.003964321110009911,0.0,0.003964321110009911,0.003964321110009911,0.12190287413280476,68,6.469772051536175,4,63.806804506833686,252.72347151075763,0.87593662914428,0.81
main,v040,pinned,reference,-,deployed,-1,B,MAPPO|mappo_nr_seed64/mappo_best.pt,MAPPO,64,T,"June 2026, current reward",7,-598.6089281119182,563.850436111918,27.0,0.758492,7.0,193.0138930046469,192.8242700046469,0.0009910802775024777,0.0,0.0009910802775024777,0.0009910802775024777,0.11199207135777998,40,3.8057482656095147,1,1.1208543298630764,1.1208543298630764,1.0,0.81
main,v040,pinned,reference,-,deployed,-1,B,MAPPO|mappo_nr_seed64/mappo_best.pt,MAPPO,64,T,"June 2026, current reward",8,-389.7011458433865,361.6215100776153,22.03746516577119,0.41717060000000006,5.625,203.9774443421664,203.8731516921664,0.0009910802775024777,0.0,0.0009910802775024777,0.0009910802775024777,0.023785926660059464,22,2.093161546085233,1,0.8345821721923731,0.8345821721923731,0.8345821721923731,0.81
main,v040,pinned,reference,-,deployed,-1,B,MAPPO|mappo_nr_seed64/mappo_best.pt,MAPPO,64,T,"June 2026, current reward",9,-1046.0418496147727,81.01046255577924,965.0313870589932,0.0,0.0,207.5631309164488,207.5631309164488,0.036669970267591674,0.036669970267591674,0.0,0.036669970267591674,0.0,0,0.0,37,11.520105926055333,98.0408510239876,0.9693976459990931,0.81
main,v040,pinned,reference,-,deployed,-1,B,MAPPO|mappo_nr_seed99/mappo_best.pt,MAPPO,99,T,"June 2026, current reward",all,-5638.285116898305,4271.574022769417,1293.5181581288898,6.0679359999999996,67.125,1971.9339784953797,1970.4169944953796,0.005054509415262636,0.0037661050545094153,0.001288404360753221,0.005054509415262636,0.07215064420218038,320,3.044598612487612,51,13.741115951202655,252.72347151075763,0.9454367046594049,0.81
main,v040,pinned,reference,-,deployed,-1,B,MAPPO|mappo_nr_seed99/mappo_best.pt,MAPPO,99,T,"June 2026, current reward",0,-824.3111185298458,811.6354559298459,0.0,1.1756626000000001,11.5,179.44298770141026,179.14907205141026,0.0,0.0,0.0,0.0,0.19425173439048563,62,5.898909811694748,0,0.0,0.0,0.0,0.81
main,v040,pinned,reference,-,deployed,-1,B,MAPPO|mappo_nr_seed99/mappo_best.pt,MAPPO,99,T,"June 2026, current reward",1,-531.1699332371622,470.93490453399636,49.07483830316597,0.9101904000000001,10.25,193.41449716818875,193.18694956818877,0.0019821605550049554,0.0,0.0019821605550049554,0.0019821605550049554,0.09712586719524281,48,4.566897918731417,2,0.9233362368827333,1.010844530326601,0.9179139717194328,0.81
main,v040,pinned,reference,-,deployed,-1,B,MAPPO|mappo_nr_seed99/mappo_best.pt,MAPPO,99,T,"June 2026, current reward",2,-302.66898781210904,278.60482424633784,22.037465165771202,0.1516984,1.875,206.62829210693428,206.59036750693429,0.0009910802775024777,0.0,0.0009910802775024777,0.0009910802775024777,0.004955401387512388,8,0.761149653121903,1,0.8345821721923734,0.8345821721923734,0.8345821721923734,0.81
main,v040,pinned,reference,-,deployed,-1,B,MAPPO|mappo_nr_seed99/mappo_best.pt,MAPPO,99,T,"June 2026, current reward",3,-164.90833680127093,137.90833680127093,27.0,0.0,0.0,207.4735519990071,207.4735519990071,0.0009910802775024777,0.0009910802775024777,0.0,0.0009910802775024777,0.0,0,0.0,1,11.348264840677446,11.348264840677446,1.0,0.81
main,v040,pinned,reference,-,deployed,-1,B,MAPPO|mappo_nr_seed99/mappo_best.pt,MAPPO,99,T,"June 2026, current reward",4,-651.6589576359619,551.7362356980875,88.22460693787437,0.9481149999999999,10.75,187.58942217401747,187.35239342401746,0.003964321110009911,0.0,0.003964321110009911,0.003964321110009911,0.13478691774033696,50,4.757185332011893,4,0.8352050578156196,0.835827943438866,0.8352050578156196,0.81
main,v040,pinned,reference,-,deployed,-1,B,MAPPO|mappo_nr_seed99/mappo_best.pt,MAPPO,99,T,"June 2026, current reward",5,-364.5054980945234,360.33832749452336,0.0,0.4171706,3.75,200.60956752087583,200.50527487087584,0.0,0.0,0.0,0.0,0.05153617443012884,22,2.093161546085233,0,0.0,0.0,0.0,0.81
main,v040,pinned,reference,-,deployed,-1,B,MAPPO|mappo_nr_seed99/mappo_best.pt,MAPPO,99,T,"June 2026, current reward",6,-753.3027205896192,643.8138132923054,93.1123954973136,1.2515117999999998,15.125,191.15493606209577,190.84205811209574,0.003964321110009911,0.0,0.003964321110009911,0.003964321110009911,0.11298315163528246,66,6.279484638255699,4,63.806804506833686,252.72347151075763,0.87593662914428,0.81
main,v040,pinned,reference,-,deployed,-1,B,MAPPO|mappo_nr_seed99/mappo_best.pt,MAPPO,99,T,"June 2026, current reward",7,-604.8392896454176,569.7057976454175,27.0,0.758492,7.375,193.74084138441077,193.55121838441076,0.0009910802775024777,0.0,0.0009910802775024777,0.0009910802775024777,0.10406342913776016,40,3.8057482656095147,1,1.1208543298630764,1.1208543298630764,1.0,0.81
main,v040,pinned,reference,-,deployed,-1,B,MAPPO|mappo_nr_seed99/mappo_best.pt,MAPPO,99,T,"June 2026, current reward",8,-394.8784249376236,365.8858645718524,22.03746516577119,0.45509520000000003,6.5,204.31675146199092,204.20297766199093,0.0009910802775024777,0.0,0.0009910802775024777,0.0009910802775024777,0.02180376610505451,24,2.2834489593657086,1,0.8345821721923731,0.8345821721923731,0.8345821721923731,0.81
main,v040,pinned,reference,-,deployed,-1,B,MAPPO|mappo_nr_seed99/mappo_best.pt,MAPPO,99,T,"June 2026, current reward",9,-1046.0418496147727,81.01046255577924,965.0313870589932,0.0,0.0,207.5631309164488,207.5631309164488,0.036669970267591674,0.036669970267591674,0.0,0.036669970267591674,0.0,0,0.0,37,11.520105926055333,98.0408510239876,0.9693976459990931,0.81
main,v040,pinned,reference,-,deployed,-1,B,MAPPO|mappo_pool_off_seed1_20260526T162327/mappo_best.pt,MAPPO,1,T,search-only (scenario-variant sweep dir); traced to Table I,all,-5613.003840931782,4222.215633733955,1337.630461597827,5.1577456,48.0,1965.130352015517,1963.8409156155171,0.005252725470763132,0.0037661050545094153,0.0014866204162537165,0.005252725470763132,0.08097125867195243,272,2.58790882061447,53,13.254100445791822,252.72347151075763,0.941277019872847,0.81
main,v040,pinned,reference,-,deployed,-1,B,MAPPO|mappo_pool_off_seed1_20260526T162327/mappo_best.pt,MAPPO,1,T,search-only (scenario-variant sweep dir); traced to Table I,0,-812.5534393803046,799.8777767803045,0.0,1.1756626,11.5,177.81976399451617,177.5258483445162,0.0,0.0,0.0,0.0,0.21605550049554015,62,5.898909811694748,0,0.0,0.0,0.0,0.81
main,v040,pinned,reference,-,deployed,-1,B,MAPPO|mappo_pool_off_seed1_20260526T162327/mappo_best.pt,MAPPO,1,T,search-only (scenario-variant sweep dir); traced to Table I,1,-540.6870004032867,462.06620493434946,71.11230346893717,0.7584919999999999,6.75,192.37331742155664,192.1836944215566,0.002973240832507433,0.0,0.002973240832507433,0.002973240832507433,0.10901883052527254,40,3.8057482656095147,3,0.8937515486526134,1.010844530326601,0.8901367052104131,0.81
main,v040,pinned,reference,-,deployed,-1,B,MAPPO|mappo_pool_off_seed1_20260526T162327/mappo_best.pt,MAPPO,1,T,search-only (scenario-variant sweep dir); traced to Table I,2,-304.01064790826115,280.35940894248995,22.037465165771202,0.11377380000000001,1.5,206.81631502604534,206.78787157604535,0.0009910802775024777,0.0,0.0009910802775024777,0.0009910802775024777,0.002973240832507433,6,0.5708622398414271,1,0.8345821721923734,0.8345821721923734,0.8345821721923734,0.81
main,v040,pinned,reference,-,deployed,-1,B,MAPPO|mappo_pool_off_seed1_20260526T162327/mappo_best.pt,MAPPO,1,T,search-only (scenario-variant sweep dir); traced to Table I,3,-164.90833680127093,137.90833680127093,27.0,0.0,0.0,207.4735519990071,207.4735519990071,0.0009910802775024777,0.0009910802775024777,0.0,0.0009910802775024777,0.0,0,0.0,1,11.348264840677446,11.348264840677446,1.0,0.81
main,v040,pinned,reference,-,deployed,-1,B,MAPPO|mappo_pool_off_seed1_20260526T162327/mappo_best.pt,MAPPO,1,T,search-only (scenario-variant sweep dir); traced to Table I,4,-639.8150908394838,544.3699165016094,88.22460693787437,0.7205674000000001,6.5,186.44511020598893,186.26496835598894,0.003964321110009911,0.0,0.003964321110009911,0.003964321110009911,0.14866204162537167,38,3.615460852329039,4,0.8352050578156196,0.835827943438866,0.8352050578156196,0.81
main,v040,pinned,reference,-,deployed,-1,B,MAPPO|mappo_pool_off_seed1_20260526T162327/mappo_best.pt,MAPPO,1,T,search-only (scenario-variant sweep dir); traced to Table I,5,-386.8862042899291,361.7194931241579,22.037465165771202,0.379246,2.75,200.6262625559999,200.5314510559999,0.0009910802775024777,0.0,0.0009910802775024777,0.0009910802775024777,0.05252725470763132,20,1.9028741328047574,1,0.8345821721923734,0.8345821721923734,0.8345821721923734,0.81
main,v040,pinned,reference,-,deployed,-1,B,MAPPO|mappo_pool_off_seed1_20260526T162327/mappo_best.pt,MAPPO,1,T,search-only (scenario-variant sweep dir); traced to Table I,6,-712.931892142946,631.0829976114036,71.0749303315424,1.0239642,9.75,189.47520618011856,189.21921513011858,0.002973240832507433,0.0,0.002973240832507433,0.002973240832507433,0.13577799801783944,54,5.137760158572845,3,84.79754528504746,252.72347151075763,0.8897214481282489,0.81
main,v040,pinned,reference,-,deployed,-1,B,MAPPO|mappo_pool_off_seed1_20260526T162327/mappo_best.pt,MAPPO,1,T,search-only (scenario-variant sweep dir); traced to Table I,7,-618.7594184345537,565.1157111313878,49.07483830316597,0.5688690000000001,4.0,193.00437545695732,192.86215820695733,0.0019821605550049554,0.0,0.0019821605550049554,0.0019821605550049554,0.11496531219028741,30,2.8543111992071357,2,0.978341136650971,1.1208543298630764,0.9179139717194328,0.81
main,v040,pinned,reference,-,deployed,-1,B,MAPPO|mappo_pool_off_seed1_20260526T162327/mappo_best.pt,MAPPO,1,T,search-only (scenario-variant sweep dir); traced to Table I,8,-386.409961116973,358.70532535120185,22.03746516577119,0.41717060000000006,5.25,203.53331825887838,203.4290256088784,0.0009910802775024777,0.0,0.0009910802775024777,0.0009910802775024777,0.02973240832507433,22,2.093161546085233,1,0.8345821721923731,0.8345821721923731,0.8345821721923731,0.81
main,v040,pinned,reference,-,deployed,-1,B,MAPPO|mappo_pool_off_seed1_20260526T162327/mappo_best.pt,MAPPO,1,T,search-only (scenario-variant sweep dir); traced to Table I,9,-1046.0418496147727,81.01046255577924,965.0313870589932,0.0,0.0,207.5631309164488,207.5631309164488,0.036669970267591674,0.036669970267591674,0.0,0.036669970267591674,0.0,0,0.0,37,11.520105926055333,98.0408510239876,0.9693976459990931,0.81
main,v040,pinned,reference,-,deployed,-1,B,MAPPO|mappo_pool_off_seed7_20260526T162327/mappo_best.pt,MAPPO,7,T,search-only (scenario-variant sweep dir); traced to Table I,all,-5740.4713428757805,4174.969162008537,1496.9299988672437,6.447182,62.125,1959.8171970802937,1958.205401580294,0.005946481665014866,0.0037661050545094153,0.002180376610505451,0.005946481665014866,0.08840436075322101,340,3.2348860257680876,60,11.809969375541282,252.72347151075763,0.9316277771484686,0.8
main,v040,pinned,reference,-,deployed,-1,B,MAPPO|mappo_pool_off_seed7_20260526T162327/mappo_best.pt,MAPPO,7,T,search-only (scenario-variant sweep dir); traced to Table I,0,-825.6154537818255,792.0385522160543,22.037465165771202,1.2894364,10.25,176.61101793807237,176.28865883807237,0.0009910802775024777,0.0,0.0009910802775024777,0.0009910802775024777,0.23389494549058473,68,6.469772051536175,1,0.8345821721923734,0.8345821721923734,0.8345821721923734,0.8
main,v040,pinned,reference,-,deployed,-1,B,MAPPO|mappo_pool_off_seed7_20260526T162327/mappo_best.pt,MAPPO,7,T,search-only (scenario-variant sweep dir); traced to Table I,1,-516.4685432607237,456.57058995755756,49.07483830316597,0.948115,9.875,191.62749658972433,191.3904678397243,0.0019821605550049554,0.0,0.0019821605550049554,0.0019821605550049554,0.11793855302279485,50,4.757185332011893,2,0.9233362368827333,1.010844530326601,0.9179139717194328,0.8
main,v040,pinned,reference,-,deployed,-1,B,MAPPO|mappo_pool_off_seed7_20260526T162327/mappo_best.pt,MAPPO,7,T,search-only (scenario-variant sweep dir); traced to Table I,2,-329.79731604700885,277.49437868123766,49.0374651657712,0.26547220000000005,3.0,206.483293910579,206.416925860579,0.0019821605550049554,0.0,0.0019821605550049554,0.0019821605550049554,0.010901883052527254,14,1.33201189296333,2,0.9777182510277249,1.1208543298630764,0.9172910860961867,0.8
main,v040,pinned,reference,-,deployed,-1,B,MAPPO|mappo_pool_off_seed7_20260526T162327/mappo_best.pt,MAPPO,7,T,search-only (scenario-variant sweep dir); traced to Table I,3,-164.90833680127093,137.90833680127093,27.0,0.0,0.0,207.4735519990071,207.4735519990071,0.0009910802775024777,0.0009910802775024777,0.0,0.0009910802775024777,0.0,0,0.0,1,11.348264840677446,11.348264840677446,1.0,0.8
main,v040,pinned,reference,-,deployed,-1,B,MAPPO|mappo_pool_off_seed7_20260526T162327/mappo_best.pt,MAPPO,7,T,search-only (scenario-variant sweep dir); traced to Table I,4,-637.1524811380049,542.0443822001306,88.22460693787437,0.758492,6.125,186.16463740218416,185.97501440218417,0.003964321110009911,0.0,0.003964321110009911,0.003964321110009911,0.15262636273538158,40,3.8057482656095147,4,0.8352050578156196,0.835827943438866,0.8352050578156196,0.8
main,v040,pinned,reference,-,deployed,-1,B,MAPPO|mappo_pool_off_seed7_20260526T162327/mappo_best.pt,MAPPO,7,T,search-only (scenario-variant sweep dir); traced to Table I,5,-426.9298631112231,354.96122547651476,66.14976863470835,0.5688690000000001,5.25,200.01873667541776,199.87651942541777,0.002973240832507433,0.0,0.002973240832507433,0.002973240832507433,0.062438057482656094,30,2.8543111992071357,3,0.8349974292745374,0.8358279434388652,0.8349974292745374,0.8
main,v040,pinned,reference,-,deployed,-1,B,MAPPO|mappo_pool_off_seed7_20260526T162327/mappo_best.pt,MAPPO,7,T,search-only (scenario-variant sweep dir); traced to Table I,6,-749.1015878786294,618.7499176781498,115.18723380047959,1.2894364,13.875,188.3364141911474,188.01405509114738,0.004955401387512388,0.0,0.004955401387512388,0.004955401387512388,0.1466798810703667,68,6.469772051536175,5,51.21260919415473,252.72347151075763,0.8679148920031972,0.8
main,v040,pinned,reference,-,deployed,-1,B,MAPPO|mappo_pool_off_seed7_20260526T162327/mappo_best.pt,MAPPO,7,T,search-only (scenario-variant sweep dir); traced to Table I,7,-638.0804838401426,558.2967637712054,71.11230346893717,0.7964166,7.875,192.30706125936373,192.10795710936372,0.002973240832507433,0.0,0.002973240832507433,0.002973240832507433,0.12388503468780972,42,3.9960356788899905,3,0.9304214818314384,1.1208543298630764,0.8901367052104131,0.8
main,v040,pinned,reference,-,deployed,-1,B,MAPPO|mappo_pool_off_seed7_20260526T162327/mappo_best.pt,MAPPO,7,T,search-only (scenario-variant sweep dir); traced to Table I,8,-406.37542740217856,355.89455267063613,44.07493033154238,0.5309444,5.875,203.2318561983493,203.09912009834932,0.0019821605550049554,0.0,0.0019821605550049554,0.0019821605550049554,0.035678889990089196,28,2.66402378592666,2,0.8345821721923731,0.8345821721923731,0.8345821721923731,0.8
main,v040,pinned,reference,-,deployed,-1,B,MAPPO|mappo_pool_off_seed7_20260526T162327/mappo_best.pt,MAPPO,7,T,search-only (scenario-variant sweep dir); traced to Table I,9,-1046.0418496147727,81.01046255577924,965.0313870589932,0.0,0.0,207.5631309164488,207.5631309164488,0.036669970267591674,0.036669970267591674,0.0,0.036669970267591674,0.0,0,0.0,37,11.520105926055333,98.0408510239876,0.9693976459990931,0.8
main,v040,pinned,reference,-,deployed,-1,B,MAPPO|mappo_pool_off_seed13_20260526T162327/mappo_best.pt,MAPPO,13,T,search-only (scenario-variant sweep dir); traced to Table I,all,-5618.149746448726,4204.608763581961,1354.7427650667642,5.423217800000001,53.375,1963.2243700953206,1961.8685656453208,0.005351833498513379,0.0037661050545094153,0.0015857284440039642,0.005351833498513379,0.08285431119920714,286,2.721110009910803,54,13.018831100235829,252.72347151075763,0.9362609660905951,0.8
main,v040,pinned,reference,-,deployed,-1,B,MAPPO|mappo_pool_off_seed13_20260526T162327/mappo_best.pt,MAPPO,13,T,search-only (scenario-variant sweep dir); traced to Table I,0,-807.6999660441703,794.1113788441703,0.0,1.2135872,12.375,177.1534783075263,176.85008150752634,0.0,0.0,0.0,0.0,0.22299306243805747,64,6.089197224975224,0,0.0,0.0,0.0,0.8
main,v040,pinned,reference,-,deployed,-1,B,MAPPO|mappo_pool_off_seed13_20260526T162327/mappo_best.pt,MAPPO,13,T,search-only (scenario-variant sweep dir); traced to Table I,1,-542.372681937986,459.72518806904895,71.11230346893717,0.9101904000000001,10.625,192.0979090889027,191.87036148890272,0.002973240832507433,0.0,0.002973240832507433,0.002973240832507433,0.1110009910802775,48,4.566897918731417,3,0.8937515486526134,1.010844530326601,0.8901367052104131,0.8
main,v040,pinned,reference,-,deployed,-1,B,MAPPO|mappo_pool_off_seed13_20260526T162327/mappo_best.pt,MAPPO,13,T,search-only (scenario-variant sweep dir); traced to Table I,2,-304.7502654024638,281.6369510366926,22.037465165771202,0.0758492,1.0,206.92312675905998,206.90416445905998,0.0009910802775024777,0.0,0.0009910802775024777,0.0009910802775024777,0.0019821605550049554,4,0.3805748265609515,1,0.8345821721923734,0.8345821721923734,0.8345821721923734,0.8
main,v040,pinned,reference,-,deployed,-1,B,MAPPO|mappo_pool_off_seed13_20260526T162327/mappo_best.pt,MAPPO,13,T,search-only (scenario-variant sweep dir); traced to Table I,3,-164.90833680127093,137.90833680127093,27.0,0.0,0.0,207.4735519990071,207.4735519990071,0.0009910802775024777,0.0009910802775024777,0.0,0.0009910802775024777,0.0,0,0.0,1,11.348264840677446,11.348264840677446,1.0,0.8
main,v040,pinned,reference,-,deployed,-1,B,MAPPO|mappo_pool_off_seed13_20260526T162327/mappo_best.pt,MAPPO,13,T,search-only (scenario-variant sweep dir); traced to Table I,4,-659.216001920569,541.4080646795287,110.29944524104036,0.758492,6.75,186.09160847727276,185.90198547727277,0.004955401387512388,0.0,0.004955401387512388,0.004955401387512388,0.15262636273538158,40,3.8057482656095147,5,0.8353296349402688,0.835827943438866,0.8353296349402688,0.8
main,v040,pinned,reference,-,deployed,-1,B,MAPPO|mappo_pool_off_seed13_20260526T162327/mappo_best.pt,MAPPO,13,T,search-only (scenario-variant sweep dir); traced to Table I,5,-381.8267782531938,356.6600670874226,22.037465165771202,0.379246,2.75,200.09705576600507,200.00224426600505,0.0009910802775024777,0.0,0.0009910802775024777,0.0009910802775024777,0.05847373637264618,20,1.9028741328047574,1,0.8345821721923734,0.8345821721923734,0.8345821721923734,0.8
main,v040,pinned,reference,-,deployed,-1,B,MAPPO|mappo_pool_off_seed13_20260526T162327/mappo_best.pt,MAPPO,13,T,search-only (scenario-variant sweep dir); traced to Table I,6,-733.4924040075839,629.0681197102704,93.1123954973136,1.0618888,10.25,189.40299085510838,189.13751865510838,0.003964321110009911,0.0,0.003964321110009911,0.003964321110009911,0.1337958374628345,56,5.32804757185332,4,63.806804506833686,252.72347151075763,0.87593662914428,0.8
main,v040,pinned,reference,-,deployed,-1,B,MAPPO|mappo_pool_off_seed13_20260526T162327/mappo_best.pt,MAPPO,13,T,search-only (scenario-variant sweep dir); traced to Table I,7,-591.4288841632996,564.1222522601337,22.07483830316597,0.6067936,4.625,192.80880066207567,192.65710226207565,0.0009910802775024777,0.0,0.0009910802775024777,0.0009910802775024777,0.11892963330029732,32,3.044598612487612,1,0.8358279434388656,0.8358279434388656,0.8358279434388656,0.8
main,v040,pinned,reference,-,deployed,-1,B,MAPPO|mappo_pool_off_seed13_20260526T162327/mappo_best.pt,MAPPO,13,T,search-only (scenario-variant sweep dir); traced to Table I,8,-386.41257830341544,358.95794253764427,22.03746516577119,0.41717060000000006,5.0,203.61271726391396,203.50842461391397,0.0009910802775024777,0.0,0.0009910802775024777,0.0009910802775024777,0.028741328047571853,22,2.093161546085233,1,0.8345821721923731,0.8345821721923731,0.8345821721923731,0.8
main,v040,pinned,reference,-,deployed,-1,B,MAPPO|mappo_pool_off_seed13_20260526T162327/mappo_best.pt,MAPPO,13,T,search-only (scenario-variant sweep dir); traced to Table I,9,-1046.0418496147727,81.01046255577924,965.0313870589932,0.0,0.0,207.5631309164488,207.5631309164488,0.036669970267591674,0.036669970267591674,0.0,0.036669970267591674,0.0,0,0.0,37,11.520105926055333,98.0408510239876,0.9693976459990931,0.8
main,v040,pinned,reference,-,deployed,-1,B,MAPPO|mappo_pool_off_seed77_20260526T162327/mappo_best.pt,MAPPO,77,T,search-only (scenario-variant sweep dir); traced to Table I,all,-5542.147168400434,4254.2858876715445,1239.5181581288898,4.968122599999999,43.375,1969.2870818765919,1968.045051226592,0.0048562933597621405,0.0037661050545094153,0.0010901883052527254,0.0048562933597621405,0.07591674925668979,262,2.492765113974232,49,9.121481381034991,98.0408510239876,0.9432096313801972,0.8
main,v040,pinned,reference,-,deployed,-1,B,MAPPO|mappo_pool_off_seed77_20260526T162327/mappo_best.pt,MAPPO,77,T,search-only (scenario-variant sweep dir); traced to Table I,0,-824.5026408732926,815.2666012732926,0.0,0.9860396,8.25,179.6620068076685,179.4154969076685,0.0,0.0,0.0,0.0,0.1962338949454906,52,4.947472745292369,0,0.0,0.0,0.0,0.8
main,v040,pinned,reference,-,deployed,-1,B,MAPPO|mappo_pool_off_seed77_20260526T162327/mappo_best.pt,MAPPO,77,T,search-only (scenario-variant sweep dir); traced to Table I,1,-522.8746394398805,465.62838453671463,49.07483830316597,0.7964166,7.375,192.787588882387,192.588484732387,0.0019821605550049554,0.0,0.0019821605550049554,0.0019821605550049554,0.10307234886025768,42,3.9960356788899905,2,0.9233362368827333,1.010844530326601,0.9179139717194328,0.8
main,v040,pinned,reference,-,deployed,-1,B,MAPPO|mappo_pool_off_seed77_20260526T162327/mappo_best.pt,MAPPO,77,T,search-only (scenario-variant sweep dir); traced to Table I,2,-304.7156310794553,281.0643921136841,22.037465165771202,0.11377380000000001,1.5,206.85851288696108,206.83006943696108,0.0009910802775024777,0.0,0.0009910802775024777,0.0009910802775024777,0.002973240832507433,6,0.5708622398414271,1,0.8345821721923734,0.8345821721923734,0.8345821721923734,0.8
main,v040,pinned,reference,-,deployed,-1,B,MAPPO|mappo_pool_off_seed77_20260526T162327/mappo_best.pt,MAPPO,77,T,search-only (scenario-variant sweep dir); traced to Table I,3,-164.90833680127093,137.90833680127093,27.0,0.0,0.0,207.4735519990071,207.4735519990071,0.0009910802775024777,0.0009910802775024777,0.0,0.0009910802775024777,0.0,0,0.0,1,11.348264840677446,11.348264840677446,1.0,0.8
main,v040,pinned,reference,-,deployed,-1,B,MAPPO|mappo_pool_off_seed77_20260526T162327/mappo_best.pt,MAPPO,77,T,search-only (scenario-variant sweep dir); traced to Table I,4,-621.8315178266521,549.3361817919438,66.14976863470838,0.7205674000000001,5.625,187.08330665121736,186.90316480121734,0.002973240832507433,0.0,0.002973240832507433,0.002973240832507433,0.14073339940535184,38,3.615460852329039,3,0.8349974292745376,0.835827943438866,0.8349974292745376,0.8
main,v040,pinned,reference,-,deployed,-1,B,MAPPO|mappo_pool_off_seed77_20260526T162327/mappo_best.pt,MAPPO,77,T,search-only (scenario-variant sweep dir); traced to Table I,5,-366.0898714745316,364.28647467453163,0.0,0.3033968,1.5,200.99575214386812,200.91990294386812,0.0,0.0,0.0,0.0,0.048562933597621406,16,1.522299306243806,0,0.0,0.0,0.0,0.8
main,v040,pinned,reference,-,deployed,-1,B,MAPPO|mappo_pool_off_seed77_20260526T162327/mappo_best.pt,MAPPO,77,T,search-only (scenario-variant sweep dir); traced to Table I,6,-708.6093501574128,631.0600658600991,66.1123954973136,1.0618888000000002,10.375,189.65725031141227,189.39177811141226,0.002973240832507433,0.0,0.002973240832507433,0.002973240832507433,0.13082259663032705,56,5.32804757185332,3,0.8345821721923734,0.8345821721923734,0.8345821721923734,0.8
main,v040,pinned,reference,-,deployed,-1,B,MAPPO|mappo_pool_off_seed77_20260526T162327/mappo_best.pt,MAPPO,77,T,search-only (scenario-variant sweep dir); traced to Table I,7,-590.2760847939716,563.7194528908055,22.07483830316597,0.6067936,3.875,192.866087338619,192.714388938619,0.0009910802775024777,0.0,0.0009910802775024777,0.0009910802775024777,0.1159563924677899,32,3.044598612487612,1,0.8358279434388656,0.8358279434388656,0.8358279434388656,0.8
main,v040,pinned,reference,-,deployed,-1,B,MAPPO|mappo_pool_off_seed77_20260526T162327/mappo_best.pt,MAPPO,77,T,search-only (scenario-variant sweep dir); traced to Table I,8,-392.2972463391945,365.00553517342325,22.03746516577119,0.37924599999999997,4.875,204.33989393900276,204.24508243900277,0.0009910802775024777,0.0,0.0009910802775024777,0.0009910802775024777,0.02081268582755203,20,1.9028741328047574,1,0.8345821721923731,0.8345821721923731,0.8345821721923731,0.8
main,v040,pinned,reference,-,deployed,-1,B,MAPPO|mappo_pool_off_seed77_20260526T162327/mappo_best.pt,MAPPO,77,T,search-only (scenario-variant sweep dir); traced to Table I,9,-1046.0418496147727,81.01046255577924,965.0313870589932,0.0,0.0,207.5631309164488,207.5631309164488,0.036669970267591674,0.036669970267591674,0.0,0.036669970267591674,0.0,0,0.0,37,11.520105926055333,98.0408510239876,0.9693976459990931,0.8
